latitude,longitude,confidence,frp,acq_date,satellite,province,regency
3.592715412227882,116.5715329712825,1,1.8300000429153442,2026-08-17,SNPP,North Kalimantan,Malinau
3.592715412227882,116.57491206442322,1,1.8300000429153442,2026-08-17,SNPP,North Kalimantan,Malinau
3.592715412227882,116.57829115756395,1,1.8300000429153442,2026-08-17,SNPP,North Kalimantan,Malinau
3.589342960006908,116.57110236499491,1,1.8300000429153442,2026-08-17,SNPP,North Kalimantan,Malinau
3.589342960006908,116.5744814456535,1,1.8300000429153442,2026-08-17,SNPP,North Kalimantan,Malinau
3.589342960006908,116.57786052631215,1,1.8300000429153442,2026-08-17,SNPP,North Kalimantan,Malinau
3.5691082466810626,116.52122119074392,1,7.170000076293945,2026-08-17,SNPP,North Kalimantan,Malinau
3.5691082466810626,116.52460019675766,1,7.170000076293945,2026-08-17,SNPP,North Kalimantan,Malinau
3.565735794460089,116.52079360720217,1,7.170000076293945,2026-08-17,SNPP,North Kalimantan,Malinau
3.565735794460089,116.52417260081639,1,7.170000076293945,2026-08-17,SNPP,North Kalimantan,Malinau
3.5623633422391148,116.52036643048719,1,7.170000076293945,2026-08-17,SNPP,North Kalimantan,Malinau
3.5623633422391148,116.52374541171369,1,7.170000076293945,2026-08-17,SNPP,North Kalimantan,Malinau
4.250343595317847,117.06571825050032,1,3.190000057220459,2026-08-17,SNPP,North Kalimantan,Nunukan
4.250343595317847,117.06910000341881,1,3.190000057220459,2026-08-17,SNPP,North Kalimantan,Nunukan
4.250343595317847,117.07248175633737,1,3.190000057220459,2026-08-17,SNPP,North Kalimantan,Nunukan
4.246971143096872,117.06520635881864,1,3.190000057220459,2026-08-17,SNPP,North Kalimantan,Nunukan
4.246971143096872,117.06858809694981,1,3.190000057220459,2026-08-17,SNPP,North Kalimantan,Nunukan
4.246971143096872,117.07196983508099,1,3.190000057220459,2026-08-17,SNPP,North Kalimantan,Nunukan
3.9839198698608866,117.23613999414702,1,45.18000030517578,2026-08-17,SNPP,North Kalimantan,Nunukan
3.9839198698608866,117.2395206153409,1,45.18000030517578,2026-08-17,SNPP,North Kalimantan,Nunukan
3.9839198698608866,117.24290123653478,1,45.18000030517578,2026-08-17,SNPP,North Kalimantan,Nunukan
3.9839198698608866,117.28684931205518,1,5.739999771118164,2026-08-17,SNPP,North Kalimantan,Nunukan
3.9839198698608866,117.29022993324904,1,5.739999771118164,2026-08-17,SNPP,North Kalimantan,Nunukan
3.9839198698608866,117.29361055444292,1,5.739999771118164,2026-08-17,SNPP,North Kalimantan,Nunukan
3.9839198698608866,117.2969911756368,1,5.739999771118164,2026-08-17,SNPP,North Kalimantan,Nunukan
3.980547417639912,117.23565961073682,1,45.18000030517578,2026-08-17,SNPP,North Kalimantan,Nunukan
3.980547417639912,117.23904021807834,1,45.18000030517578,2026-08-17,SNPP,North Kalimantan,Nunukan
3.980547417639912,117.2424208254199,1,45.18000030517578,2026-08-17,SNPP,North Kalimantan,Nunukan
3.980547417639912,117.28636872085997,1,5.739999771118164,2026-08-17,SNPP,North Kalimantan,Nunukan
3.980547417639912,117.2897493282015,1,5.739999771118164,2026-08-17,SNPP,North Kalimantan,Nunukan
3.980547417639912,117.29312993554305,1,5.739999771118164,2026-08-17,SNPP,North Kalimantan,Nunukan
3.980547417639912,117.2965105428846,1,5.739999771118164,2026-08-17,SNPP,North Kalimantan,Nunukan
3.977174965418938,117.28588853994394,1,5.739999771118164,2026-08-17,SNPP,North Kalimantan,Nunukan
3.977174965418938,117.28926913344498,1,5.739999771118164,2026-08-17,SNPP,North Kalimantan,Nunukan
3.977174965418938,117.292649726946,1,5.739999771118164,2026-08-17,SNPP,North Kalimantan,Nunukan
3.977174965418938,117.29603032044704,1,5.739999771118164,2026-08-17,SNPP,North Kalimantan,Nunukan
3.9400779909882226,116.94935030639388,1,1.8700000047683716,2026-08-17,SNPP,North Kalimantan,Nunukan
3.9400779909882226,116.95273074842974,1,1.8700000047683716,2026-08-17,SNPP,North Kalimantan,Nunukan
3.9400779909882226,116.95611119046558,1,1.8700000047683716,2026-08-17,SNPP,North Kalimantan,Nunukan
3.9367055387672485,116.94887639064252,1,1.8700000047683716,2026-08-17,SNPP,North Kalimantan,Nunukan
3.9367055387672485,116.95225681897976,1,1.8700000047683716,2026-08-17,SNPP,North Kalimantan,Nunukan
3.9367055387672485,116.95563724731699,1,1.8700000047683716,2026-08-17,SNPP,North Kalimantan,Nunukan
3.9333330865462734,116.9484028839036,1,1.8700000047683716,2026-08-17,SNPP,North Kalimantan,Nunukan
3.9333330865462734,116.95178329855405,1,1.8700000047683716,2026-08-17,SNPP,North Kalimantan,Nunukan
3.9333330865462734,116.95516371320446,1,1.8700000047683716,2026-08-17,SNPP,North Kalimantan,Nunukan
3.90635346877848,116.88716435856186,1,1.7999999523162842,2026-08-17,SNPP,North Kalimantan,Nunukan
3.90635346877848,116.8905446641435,1,1.7999999523162842,2026-08-17,SNPP,North Kalimantan,Nunukan
3.90635346877848,116.89392496972512,1,1.7999999523162842,2026-08-17,SNPP,North Kalimantan,Nunukan
3.902981016557506,116.88669476343097,1,1.7999999523162842,2026-08-17,SNPP,North Kalimantan,Nunukan
3.902981016557506,116.8900750554322,1,1.7999999523162842,2026-08-17,SNPP,North Kalimantan,Nunukan
3.902981016557506,116.89345534743342,1,1.7999999523162842,2026-08-17,SNPP,North Kalimantan,Nunukan
3.899608564336532,116.88622557702935,1,1.7999999523162842,2026-08-17,SNPP,North Kalimantan,Nunukan
3.899608564336532,116.88960585546201,1,1.7999999523162842,2026-08-17,SNPP,North Kalimantan,Nunukan
3.899608564336532,116.89298613389464,1,1.7999999523162842,2026-08-17,SNPP,North Kalimantan,Nunukan
3.532011272250347,116.53343449737287,1,3.759999990463257,2026-08-17,SNPP,North Kalimantan,Malinau
3.532011272250347,116.53681336764072,1,3.759999990463257,2026-08-17,SNPP,North Kalimantan,Malinau
3.528638820029373,116.5330113271693,1,3.759999990463257,2026-08-17,SNPP,North Kalimantan,Malinau
3.528638820029373,116.53639018516736,1,3.759999990463257,2026-08-17,SNPP,North Kalimantan,Malinau
3.1070822924076005,116.4394098907384,1,3.200000047683716,2026-08-17,SNPP,North Kalimantan,Malinau
3.1070822924076005,116.44278730783664,1,3.200000047683716,2026-08-17,SNPP,North Kalimantan,Malinau
3.1070822924076005,116.44616472493487,1,3.200000047683716,2026-08-17,SNPP,North Kalimantan,Malinau
3.1037098401866268,116.43903806248139,1,3.200000047683716,2026-08-17,SNPP,North Kalimantan,Malinau
3.1037098401866268,116.44241546879447,1,3.200000047683716,2026-08-17,SNPP,North Kalimantan,Malinau
3.1037098401866268,116.44579287510754,1,3.200000047683716,2026-08-17,SNPP,North Kalimantan,Malinau
3.1003373879656526,116.43866664000498,1,3.200000047683716,2026-08-17,SNPP,North Kalimantan,Malinau
3.1003373879656526,116.44204403554463,1,3.200000047683716,2026-08-17,SNPP,North Kalimantan,Malinau
3.1003373879656526,116.44542143108431,1,3.200000047683716,2026-08-17,SNPP,North Kalimantan,Malinau
2.995791369115453,116.41384550585529,1,4.809999942779541,2026-08-17,SNPP,North Kalimantan,Malinau
2.995791369115453,116.41722257325638,1,4.809999942779541,2026-08-17,SNPP,North Kalimantan,Malinau
2.995791369115453,116.42059964065744,1,4.809999942779541,2026-08-17,SNPP,North Kalimantan,Malinau
2.992418916894479,116.41348710657404,1,4.809999942779541,2026-08-17,SNPP,North Kalimantan,Malinau
2.992418916894479,116.41686416357827,1,7.730000019073486,2026-08-17,SNPP,North Kalimantan,Malinau
2.992418916894479,116.42024122058248,1,7.730000019073486,2026-08-17,SNPP,North Kalimantan,Malinau
2.989046464673505,116.41312911281696,1,4.809999942779541,2026-08-17,SNPP,North Kalimantan,Malinau
2.989046464673505,116.4165061594361,1,7.730000019073486,2026-08-17,SNPP,North Kalimantan,Malinau
2.989046464673505,116.41988320605522,1,7.730000019073486,2026-08-17,SNPP,North Kalimantan,Malinau
2.9856740124525305,116.41614856082369,1,7.730000019073486,2026-08-17,SNPP,North Kalimantan,Malinau
2.9856740124525305,116.41952559706947,1,7.730000019073486,2026-08-17,SNPP,North Kalimantan,Malinau
2.631566529250242,117.44430021252747,1,5.510000228881836,2026-08-17,SNPP,North Kalimantan,Bulungan
2.631566529250242,117.44767622500376,1,6.679999828338623,2026-08-17,SNPP,North Kalimantan,Bulungan
2.631566529250242,117.45105223748004,1,6.679999828338623,2026-08-17,SNPP,North Kalimantan,Bulungan
2.631566529250242,117.45442824995634,1,6.679999828338623,2026-08-17,SNPP,North Kalimantan,Bulungan
2.628194077029268,117.44398269111079,1,5.510000228881836,2026-08-17,SNPP,North Kalimantan,Bulungan
2.628194077029268,117.44735869445972,1,6.679999828338623,2026-08-17,SNPP,North Kalimantan,Bulungan
2.628194077029268,117.45073469780863,1,6.679999828338623,2026-08-17,SNPP,North Kalimantan,Bulungan
2.628194077029268,117.45411070115757,1,6.679999828338623,2026-08-17,SNPP,North Kalimantan,Bulungan
2.624821624808294,117.44704157253219,1,3.9200000762939453,2026-08-17,SNPP,North Kalimantan,Bulungan
2.624821624808294,117.4504175667655,1,7.119999885559082,2026-08-17,SNPP,North Kalimantan,Bulungan
2.624821624808294,117.45379356099882,1,7.119999885559082,2026-08-17,SNPP,North Kalimantan,Bulungan
2.624821624808294,117.4571695552321,1,7.119999885559082,2026-08-17,SNPP,North Kalimantan,Bulungan
2.6214491725873197,117.44672485921568,1,3.9200000762939453,2026-08-17,SNPP,North Kalimantan,Bulungan
2.6214491725873197,117.45010084434512,1,7.119999885559082,2026-08-17,SNPP,North Kalimantan,Bulungan
2.6214491725873197,117.45347682947457,1,7.119999885559082,2026-08-17,SNPP,North Kalimantan,Bulungan
2.6214491725873197,117.45685281460402,1,7.119999885559082,2026-08-17,SNPP,North Kalimantan,Bulungan
2.5978420070405006,117.42088785452914,1,12.6899995803833,2026-08-17,SNPP,East Kalimantan,Bulungan
2.5978420070405006,117.42426377626039,1,12.6899995803833,2026-08-17,SNPP,East Kalimantan,Bulungan
2.594469554819526,117.42057447297282,1,12.6899995803833,2026-08-17,SNPP,East Kalimantan,Berau
2.594469554819526,117.42395038569416,1,12.6899995803833,2026-08-17,SNPP,East Kalimantan,Berau
2.591097102598552,117.42026149989606,1,12.6899995803833,2026-08-17,SNPP,East Kalimantan,Berau
2.591097102598552,117.42363740361921,1,12.6899995803833,2026-08-17,SNPP,East Kalimantan,Berau
2.591097102598552,117.47090005574339,1,3.259999990463257,2026-08-17,SNPP,North Kalimantan,Bulungan
2.591097102598552,117.47427595946657,1,3.259999990463257,2026-08-17,SNPP,North Kalimantan,Bulungan
2.591097102598552,117.48777957435918,1,42.84000015258789,2026-08-17,SNPP,North Kalimantan,Bulungan
2.591097102598552,117.49115547808233,1,42.84000015258789,2026-08-17,SNPP,North Kalimantan,Bulungan
2.591097102598552,117.49453138180552,1,42.84000015258789,2026-08-17,SNPP,North Kalimantan,Bulungan
2.5877246503775777,117.47058735634444,1,3.259999990463257,2026-08-17,SNPP,North Kalimantan,Bulungan
2.5877246503775777,117.4739632510812,1,3.259999990463257,2026-08-17,SNPP,North Kalimantan,Bulungan
2.5877246503775777,117.48746683002811,1,42.84000015258789,2026-08-17,SNPP,North Kalimantan,Bulungan
2.5877246503775777,117.49084272476487,1,42.84000015258789,2026-08-17,SNPP,North Kalimantan,Bulungan
2.5877246503775777,117.49421861950161,1,42.84000015258789,2026-08-17,SNPP,North Kalimantan,Bulungan
2.584352198156604,117.48715449440063,1,42.84000015258789,2026-08-17,SNPP,North Kalimantan,Bulungan
2.584352198156604,117.4905303801627,1,42.84000015258789,2026-08-17,SNPP,North Kalimantan,Bulungan
2.584352198156604,117.49390626592478,1,42.84000015258789,2026-08-17,SNPP,North Kalimantan,Bulungan
2.584352198156604,117.50065803744887,1,2.7100000381469727,2026-08-17,SNPP,North Kalimantan,Bulungan
2.584352198156604,117.50403392321091,1,2.7100000381469727,2026-08-17,SNPP,North Kalimantan,Bulungan
2.5809797459356294,117.5003460746678,1,2.7100000381469727,2026-08-17,SNPP,North Kalimantan,Bulungan
2.5809797459356294,117.50372195146693,1,2.7100000381469727,2026-08-17,SNPP,North Kalimantan,Bulungan
2.5776072937146552,117.42914129581995,1,3.5399999618530273,2026-08-17,SNPP,East Kalimantan,Berau
2.5776072937146552,117.43251716366788,1,3.5399999618530273,2026-08-17,SNPP,East Kalimantan,Berau
2.5776072937146552,117.43589303151577,1,3.5399999618530273,2026-08-17,SNPP,East Kalimantan,Berau
2.5776072937146552,117.50003452062647,1,2.7100000381469727,2026-08-17,SNPP,North Kalimantan,Bulungan
2.5776072937146552,117.50341038847439,1,2.7100000381469727,2026-08-17,SNPP,North Kalimantan,Bulungan
2.574234841493681,117.42883033824131,1,3.5399999618530273,2026-08-17,SNPP,East Kalimantan,Berau
2.574234841493681,117.43220619714981,1,3.5399999618530273,2026-08-17,SNPP,East Kalimantan,Berau
2.574234841493681,117.43558205605825,1,3.5399999618530273,2026-08-17,SNPP,East Kalimantan,Berau
2.570862389272707,117.42851978914497,1,3.5399999618530273,2026-08-17,SNPP,East Kalimantan,Berau
2.570862389272707,117.43189563912576,1,3.5399999618530273,2026-08-17,SNPP,East Kalimantan,Berau
2.570862389272707,117.43527148910654,1,3.5399999618530273,2026-08-17,SNPP,East Kalimantan,Berau
2.570862389272707,117.50616433870286,1,46.68000030517578,2026-08-17,SNPP,North Kalimantan,Bulungan
2.570862389272707,117.50954018868366,1,46.68000030517578,2026-08-17,SNPP,North Kalimantan,Bulungan
2.570862389272707,117.51291603866443,1,27.309999465942383,2026-08-17,SNPP,North Kalimantan,Bulungan
2.567489937051733,117.50585399301633,1,46.68000030517578,2026-08-17,SNPP,North Kalimantan,Bulungan
2.567489937051733,117.50922983408115,1,27.309999465942383,2026-08-17,SNPP,North Kalimantan,Bulungan
2.567489937051733,117.51260567514595,1,27.309999465942383,2026-08-17,SNPP,North Kalimantan,Bulungan
2.567489937051733,117.51598151621077,1,27.309999465942383,2026-08-17,SNPP,North Kalimantan,Bulungan
2.5641174848307586,117.50554405607139,1,46.68000030517578,2026-08-17,SNPP,North Kalimantan,Bulungan
2.5641174848307586,117.508919888232,1,27.309999465942383,2026-08-17,SNPP,North Kalimantan,Bulungan
2.5641174848307586,117.51229572039257,1,27.309999465942383,2026-08-17,SNPP,North Kalimantan,Bulungan
2.5641174848307586,117.51567155255319,1,27.309999465942383,2026-08-17,SNPP,North Kalimantan,Bulungan
2.5607450326097845,117.50523452786267,1,4.239999771118164,2026-08-17,SNPP,North Kalimantan,Bulungan
2.5607450326097845,117.50861035113078,1,27.309999465942383,2026-08-17,SNPP,North Kalimantan,Bulungan
2.5607450326097845,117.5119861743989,1,27.309999465942383,2026-08-17,SNPP,North Kalimantan,Bulungan
2.5607450326097845,117.51536199766703,1,27.309999465942383,2026-08-17,SNPP,North Kalimantan,Bulungan
2.5573725803888103,117.5049254083848,1,4.239999771118164,2026-08-17,SNPP,North Kalimantan,Bulungan
2.5573725803888103,117.5083012227722,1,4.239999771118164,2026-08-17,SNPP,North Kalimantan,Bulungan
2.5573725803888103,117.51167703715957,1,4.239999771118164,2026-08-17,SNPP,North Kalimantan,Bulungan
2.5573725803888103,117.51505285154695,1,2.3399999141693115,2026-08-17,SNPP,North Kalimantan,Bulungan
2.554000128167836,117.43372478174611,1,5.090000152587891,2026-08-17,SNPP,East Kalimantan,Berau
2.554000128167836,117.43710058726452,1,5.090000152587891,2026-08-17,SNPP,East Kalimantan,Berau
2.554000128167836,117.44047639278293,1,5.090000152587891,2026-08-17,SNPP,East Kalimantan,Berau
2.550627675946862,117.41991347907152,1,13.8100004196167,2026-08-17,SNPP,East Kalimantan,Berau
2.550627675946862,117.42328927573267,1,13.8100004196167,2026-08-17,SNPP,East Kalimantan,Berau
2.550627675946862,117.4334166657161,1,5.090000152587891,2026-08-17,SNPP,East Kalimantan,Berau
2.550627675946862,117.43679246237724,1,5.090000152587891,2026-08-17,SNPP,East Kalimantan,Berau
2.550627675946862,117.44016825903839,1,5.090000152587891,2026-08-17,SNPP,East Kalimantan,Berau
2.5472552237258874,117.4196058068917,1,13.8100004196167,2026-08-17,SNPP,East Kalimantan,Berau
2.5472552237258874,117.42298159470735,1,13.8100004196167,2026-08-17,SNPP,East Kalimantan,Berau
2.5472552237258874,117.43310895815426,1,5.090000152587891,2026-08-17,SNPP,East Kalimantan,Berau
2.5472552237258874,117.4364847459699,1,5.090000152587891,2026-08-17,SNPP,East Kalimantan,Berau
2.5472552237258874,117.43986053378555,1,5.090000152587891,2026-08-17,SNPP,East Kalimantan,Berau
2.5438827715049133,117.41929854312777,1,13.8100004196167,2026-08-17,SNPP,East Kalimantan,Berau
2.5438827715049133,117.42267432210964,1,13.8100004196167,2026-08-17,SNPP,East Kalimantan,Berau
2.5371378670629654,117.42206100217577,1,8.579999923706055,2026-08-17,SNPP,East Kalimantan,Berau
2.5371378670629654,117.4254367635253,1,8.579999923706055,2026-08-17,SNPP,East Kalimantan,Berau
2.533765414841991,117.42175495482891,1,8.579999923706055,2026-08-17,SNPP,East Kalimantan,Berau
2.533765414841991,117.42513070737992,1,8.579999923706055,2026-08-17,SNPP,East Kalimantan,Berau
2.5303929626210167,117.4214493158884,1,8.579999923706055,2026-08-17,SNPP,East Kalimantan,Berau
2.5303929626210167,117.42482505965262,1,8.579999923706055,2026-08-17,SNPP,East Kalimantan,Berau
2.5101582492951717,117.46350804525102,1,2.2799999713897705,2026-08-17,SNPP,East Kalimantan,Berau
2.5101582492951717,117.466883736541,1,2.2799999713897705,2026-08-17,SNPP,East Kalimantan,Berau
2.5101582492951717,117.47025942783102,1,2.2799999713897705,2026-08-17,SNPP,East Kalimantan,Berau
2.5067857970741976,117.46320515184652,1,2.2799999713897705,2026-08-17,SNPP,East Kalimantan,Berau
2.5067857970741976,117.46658083443191,1,2.2799999713897705,2026-08-17,SNPP,East Kalimantan,Berau
2.5067857970741976,117.46995651701728,1,2.2799999713897705,2026-08-17,SNPP,East Kalimantan,Berau
2.5034133448532234,117.46290266695873,1,2.2799999713897705,2026-08-17,SNPP,East Kalimantan,Berau
2.5034133448532234,117.46627834085123,1,2.2799999713897705,2026-08-17,SNPP,East Kalimantan,Berau
2.5034133448532234,117.46965401474372,1,2.2799999713897705,2026-08-17,SNPP,East Kalimantan,Berau
2.4089846826659467,117.47822697355011,1,0.6299999952316284,2026-08-17,SNPP,East Kalimantan,Berau
2.4089846826659467,117.48160240880793,1,0.6299999952316284,2026-08-17,SNPP,East Kalimantan,Berau
2.4089846826659467,117.48497784406578,1,0.6299999952316284,2026-08-17,SNPP,East Kalimantan,Berau
2.4056122304449725,117.47793627492305,1,0.6299999952316284,2026-08-17,SNPP,East Kalimantan,Berau
2.4056122304449725,117.48131170182842,1,0.6299999952316284,2026-08-17,SNPP,East Kalimantan,Berau
2.4056122304449725,117.48468712873377,1,0.6299999952316284,2026-08-17,SNPP,East Kalimantan,Berau
2.402239778223998,117.47764598474039,1,0.6299999952316284,2026-08-17,SNPP,East Kalimantan,Berau
2.402239778223998,117.48102140330498,1,0.6299999952316284,2026-08-17,SNPP,East Kalimantan,Berau
2.402239778223998,117.48439682186961,1,0.6299999952316284,2026-08-17,SNPP,East Kalimantan,Berau
2.341535638246463,117.10796139243993,1,3.4200000762939453,2026-08-17,SNPP,East Kalimantan,Berau
2.341535638246463,117.11133666287783,1,3.4200000762939453,2026-08-17,SNPP,East Kalimantan,Berau
2.341535638246463,117.11471193331568,1,3.4200000762939453,2026-08-17,SNPP,East Kalimantan,Berau
2.338163186025489,117.10767973847277,1,3.4200000762939453,2026-08-17,SNPP,East Kalimantan,Berau
2.338163186025489,117.11105500079285,1,3.4200000762939453,2026-08-17,SNPP,East Kalimantan,Berau
2.338163186025489,117.11443026311292,1,3.4200000762939453,2026-08-17,SNPP,East Kalimantan,Berau
2.334790733804515,117.10739849158338,1,3.4200000762939453,2026-08-17,SNPP,East Kalimantan,Berau
2.334790733804515,117.1107737457974,1,3.4200000762939453,2026-08-17,SNPP,East Kalimantan,Berau
2.334790733804515,117.11414900001138,1,3.4200000762939453,2026-08-17,SNPP,East Kalimantan,Berau
2.334790733804515,117.11752425422543,1,6.010000228881836,2026-08-17,SNPP,East Kalimantan,Berau
2.334790733804515,117.12089950843941,1,6.010000228881836,2026-08-17,SNPP,East Kalimantan,Berau
2.334790733804515,117.12427476265344,1,6.010000228881836,2026-08-17,SNPP,East Kalimantan,Berau
2.3314182815835403,117.11724339012595,1,6.010000228881836,2026-08-17,SNPP,East Kalimantan,Berau
2.3314182815835403,117.12061863624564,1,6.010000228881836,2026-08-17,SNPP,East Kalimantan,Berau
2.3314182815835403,117.12399388236531,1,6.010000228881836,2026-08-17,SNPP,East Kalimantan,Berau
2.3314182815835403,117.15774634356215,1,2.509999990463257,2026-08-17,SNPP,East Kalimantan,Berau
2.3314182815835403,117.16112158968185,1,2.509999990463257,2026-08-17,SNPP,East Kalimantan,Berau
2.328045829362566,117.11696293312974,1,6.010000228881836,2026-08-17,SNPP,East Kalimantan,Berau
2.328045829362566,117.12033817116682,1,6.010000228881836,2026-08-17,SNPP,East Kalimantan,Berau
2.328045829362566,117.12371340920393,1,6.010000228881836,2026-08-17,SNPP,East Kalimantan,Berau
2.328045829362566,117.15746578957477,1,2.509999990463257,2026-08-17,SNPP,East Kalimantan,Berau
2.328045829362566,117.16084102761188,1,2.509999990463257,2026-08-17,SNPP,East Kalimantan,Berau
2.3246733771415924,117.11668288323192,1,6.010000228881836,2026-08-17,SNPP,East Kalimantan,Berau
2.3246733771415924,117.12005811319814,1,6.010000228881836,2026-08-17,SNPP,East Kalimantan,Berau
2.3246733771415924,117.12343334316438,1,6.010000228881836,2026-08-17,SNPP,East Kalimantan,Berau
2.3246733771415924,117.15718564282659,1,2.509999990463257,2026-08-17,SNPP,East Kalimantan,Berau
2.3246733771415924,117.16056087279281,1,2.509999990463257,2026-08-17,SNPP,East Kalimantan,Berau
2.3246733771415924,117.16393610275905,1,2.4800000190734863,2026-08-17,SNPP,East Kalimantan,Berau
2.3246733771415924,117.16731133272528,1,2.4800000190734863,2026-08-17,SNPP,East Kalimantan,Berau
2.3246733771415924,117.17068656269147,1,2.4800000190734863,2026-08-17,SNPP,East Kalimantan,Berau
2.321300924920618,116.98139436414397,1,10.920000076293945,2026-08-17,SNPP,East Kalimantan,Berau
2.321300924920618,116.98476958605104,1,10.920000076293945,2026-08-17,SNPP,East Kalimantan,Berau
2.321300924920618,116.98814480795815,1,10.920000076293945,2026-08-17,SNPP,East Kalimantan,Berau
2.321300924920618,117.11302801852051,1,5.46999979019165,2026-08-17,SNPP,East Kalimantan,Berau
2.321300924920618,117.11640324042762,1,5.46999979019165,2026-08-17,SNPP,East Kalimantan,Berau
2.321300924920618,117.16365634712687,1,2.4800000190734863,2026-08-17,SNPP,East Kalimantan,Berau
2.321300924920618,117.16703156903398,1,2.4800000190734863,2026-08-17,SNPP,East Kalimantan,Berau
2.321300924920618,117.17040679094107,1,2.4800000190734863,2026-08-17,SNPP,East Kalimantan,Berau
2.3179284726996436,116.98111545032428,1,10.920000076293945,2026-08-17,SNPP,East Kalimantan,Berau
2.3179284726996436,116.98449066418398,1,10.920000076293945,2026-08-17,SNPP,East Kalimantan,Berau
2.3179284726996436,116.98786587804368,1,10.920000076293945,2026-08-17,SNPP,East Kalimantan,Berau
2.3179284726996436,117.11274879085227,1,5.46999979019165,2026-08-17,SNPP,East Kalimantan,Berau
2.3179284726996436,117.11612400471196,1,5.46999979019165,2026-08-17,SNPP,East Kalimantan,Berau
2.3145560204786695,116.98083694311917,1,12.819999694824219,2026-08-17,SNPP,East Kalimantan,Berau
2.3145560204786695,116.98421214894317,1,12.819999694824219,2026-08-17,SNPP,East Kalimantan,Berau
2.3145560204786695,116.98758735476721,1,10.920000076293945,2026-08-17,SNPP,East Kalimantan,Berau
2.3145560204786695,117.10234435278402,1,6.170000076293945,2026-08-17,SNPP,East Kalimantan,Berau
2.3145560204786695,117.10571955860806,1,6.170000076293945,2026-08-17,SNPP,East Kalimantan,Berau
2.3145560204786695,117.10909476443209,1,6.170000076293945,2026-08-17,SNPP,East Kalimantan,Berau
2.3145560204786695,117.1124699702561,1,5.46999979019165,2026-08-17,SNPP,East Kalimantan,Berau
2.3145560204786695,117.11584517608011,1,5.46999979019165,2026-08-17,SNPP,East Kalimantan,Berau
2.3111835682576958,116.98055884252376,1,12.819999694824219,2026-08-17,SNPP,East Kalimantan,Berau
2.3111835682576958,116.98393404032382,1,12.819999694824219,2026-08-17,SNPP,East Kalimantan,Berau
2.3111835682576958,116.98730923812393,1,10.920000076293945,2026-08-17,SNPP,East Kalimantan,Berau
2.3111835682576958,117.10206596332691,1,6.170000076293945,2026-08-17,SNPP,East Kalimantan,Berau
2.3111835682576958,117.10544116112699,1,6.170000076293945,2026-08-17,SNPP,East Kalimantan,Berau
2.3111835682576958,117.10881635892709,1,6.170000076293945,2026-08-17,SNPP,East Kalimantan,Berau
2.307811116036721,116.98028114853322,1,12.819999694824219,2026-08-17,SNPP,East Kalimantan,Berau
2.307811116036721,116.98365633832108,1,12.819999694824219,2026-08-17,SNPP,East Kalimantan,Berau
2.307811116036721,117.17266696644255,1,6.349999904632568,2026-08-17,SNPP,East Kalimantan,Berau
2.307811116036721,117.17604215623047,1,6.349999904632568,2026-08-17,SNPP,East Kalimantan,Berau
2.304438663815747,117.15551331408808,1,6.710000038146973,2026-08-17,SNPP,East Kalimantan,Berau
2.304438663815747,117.15888849587549,1,6.710000038146973,2026-08-17,SNPP,East Kalimantan,Berau
2.304438663815747,117.17238922302512,1,9.100000381469727,2026-08-17,SNPP,East Kalimantan,Berau
2.304438663815747,117.17576440481254,1,9.100000381469727,2026-08-17,SNPP,East Kalimantan,Berau
2.304438663815747,117.17913958659994,1,9.100000381469727,2026-08-17,SNPP,East Kalimantan,Berau
2.301066211594773,117.15523601787827,1,6.710000038146973,2026-08-17,SNPP,East Kalimantan,Berau
2.301066211594773,117.15861119167694,1,6.710000038146973,2026-08-17,SNPP,East Kalimantan,Berau
2.301066211594773,117.1721118868716,1,9.100000381469727,2026-08-17,SNPP,East Kalimantan,Berau
2.301066211594773,117.17548706067028,1,9.100000381469727,2026-08-17,SNPP,East Kalimantan,Berau
2.301066211594773,117.17886223446894,1,9.100000381469727,2026-08-17,SNPP,East Kalimantan,Berau
2.2976937593737987,117.15495912886894,1,6.710000038146973,2026-08-17,SNPP,East Kalimantan,Berau
2.2976937593737987,117.15833429469059,1,6.710000038146973,2026-08-17,SNPP,East Kalimantan,Berau
2.2976937593737987,117.17183495797723,1,9.100000381469727,2026-08-17,SNPP,East Kalimantan,Berau
2.2976937593737987,117.17521012379889,1,9.100000381469727,2026-08-17,SNPP,East Kalimantan,Berau
2.2976937593737987,117.17858528962054,1,9.100000381469727,2026-08-17,SNPP,East Kalimantan,Berau
2.2976937593737987,117.19883628455051,1,3.880000114440918,2026-08-17,SNPP,East Kalimantan,Berau
2.2976937593737987,117.20221145037215,1,3.880000114440918,2026-08-17,SNPP,East Kalimantan,Berau
2.2943213071528246,117.1985596991882,1,3.880000114440918,2026-08-17,SNPP,East Kalimantan,Berau
2.2943213071528246,117.20193485704455,1,3.880000114440918,2026-08-17,SNPP,East Kalimantan,Berau
2.2943213071528246,117.20531001490095,1,2.140000104904175,2026-08-17,SNPP,East Kalimantan,Berau
2.2909488549318504,117.19828352116924,1,3.880000114440918,2026-08-17,SNPP,East Kalimantan,Berau
2.2909488549318504,117.20165867107205,1,3.880000114440918,2026-08-17,SNPP,East Kalimantan,Berau
2.2909488549318504,117.20503382097492,1,2.140000104904175,2026-08-17,SNPP,East Kalimantan,Berau
2.2875764027108763,117.19800775048887,1,2.140000104904175,2026-08-17,SNPP,East Kalimantan,Berau
2.2875764027108763,117.20138289244986,1,2.140000104904175,2026-08-17,SNPP,East Kalimantan,Berau
2.2875764027108763,117.20475803441087,1,2.140000104904175,2026-08-17,SNPP,East Kalimantan,Berau
2.280831498268928,117.14683053943612,1,2.509999990463257,2026-08-17,SNPP,East Kalimantan,Berau
2.280831498268928,117.15020566554868,1,2.509999990463257,2026-08-17,SNPP,East Kalimantan,Berau
2.280831498268928,117.15358079166126,1,2.509999990463257,2026-08-17,SNPP,East Kalimantan,Berau
2.277459046047954,117.14655610934214,1,2.509999990463257,2026-08-17,SNPP,East Kalimantan,Berau
2.277459046047954,117.14993122754808,1,2.509999990463257,2026-08-17,SNPP,East Kalimantan,Berau
2.277459046047954,117.15330634575403,1,2.509999990463257,2026-08-17,SNPP,East Kalimantan,Berau
2.277459046047954,117.17018193678375,1,1.590000033378601,2026-08-17,SNPP,East Kalimantan,Berau
2.277459046047954,117.17355705498971,1,1.590000033378601,2026-08-17,SNPP,East Kalimantan,Berau
2.274086593826979,117.169907858569,1,1.590000033378601,2026-08-17,SNPP,East Kalimantan,Berau
2.274086593826979,117.17328296888007,1,1.590000033378601,2026-08-17,SNPP,East Kalimantan,Berau
2.270714141606005,117.17300929000304,1,2.0,2026-08-17,SNPP,East Kalimantan,Berau
2.270714141606005,117.1763843924309,1,2.0,2026-08-17,SNPP,East Kalimantan,Berau
2.270714141606005,117.17975949485879,1,2.0,2026-08-17,SNPP,East Kalimantan,Berau
2.2673416893850313,117.17273601835386,1,2.0,2026-08-17,SNPP,East Kalimantan,Berau
2.2673416893850313,117.17611111291028,1,2.0,2026-08-17,SNPP,East Kalimantan,Berau
2.2673416893850313,117.17948620746674,1,2.0,2026-08-17,SNPP,East Kalimantan,Berau
2.263969237164057,117.17246315392777,1,2.0,2026-08-17,SNPP,East Kalimantan,Berau
2.263969237164057,117.1758382406245,1,2.0,2026-08-17,SNPP,East Kalimantan,Berau
2.263969237164057,117.17921332732125,1,2.0,2026-08-17,SNPP,East Kalimantan,Berau
2.2605967849430826,117.14856514477866,1,5.210000038146973,2026-08-17,SNPP,East Kalimantan,Berau
2.2605967849430826,117.15194022362745,1,5.210000038146973,2026-08-17,SNPP,East Kalimantan,Berau
2.2605967849430826,117.15531530247621,1,5.210000038146973,2026-08-17,SNPP,East Kalimantan,Berau
2.2572243327221084,117.14829314963833,1,5.210000038146973,2026-08-17,SNPP,East Kalimantan,Berau
2.2572243327221084,117.15166822065085,1,5.210000038146973,2026-08-17,SNPP,East Kalimantan,Berau
2.2572243327221084,117.15504329166339,1,5.210000038146973,2026-08-17,SNPP,East Kalimantan,Berau
2.243734523838212,117.25183547362754,1,2.819999933242798,2026-08-17,SNPP,East Kalimantan,Berau
2.243734523838212,117.25521051341237,1,2.819999933242798,2026-08-17,SNPP,East Kalimantan,Berau
2.243734523838212,117.25858555319716,1,2.819999933242798,2026-08-17,SNPP,East Kalimantan,Berau
2.2403620716172377,117.25156527296855,1,2.819999933242798,2026-08-17,SNPP,East Kalimantan,Berau
2.2403620716172377,117.25494030497578,1,2.819999933242798,2026-08-17,SNPP,East Kalimantan,Berau
2.2403620716172377,117.25831533698299,1,2.819999933242798,2026-08-17,SNPP,East Kalimantan,Berau
2.2369896193962635,117.25129547977649,1,2.819999933242798,2026-08-17,SNPP,East Kalimantan,Berau
2.2369896193962635,117.25467050401785,1,2.819999933242798,2026-08-17,SNPP,East Kalimantan,Berau
2.2369896193962635,117.25804552825917,1,2.819999933242798,2026-08-17,SNPP,East Kalimantan,Berau
2.2369896193962635,117.4875471766711,1,16.600000381469727,2026-08-17,SNPP,East Kalimantan,Berau
2.2369896193962635,117.49092220091244,1,16.600000381469727,2026-08-17,SNPP,East Kalimantan,Berau
2.2369896193962635,117.49429722515382,1,16.600000381469727,2026-08-17,SNPP,East Kalimantan,Berau
2.2369896193962635,117.49767224939518,1,19.360000610351562,2026-08-17,SNPP,East Kalimantan,Berau
2.2369896193962635,117.54829761301545,1,3.069999933242798,2026-08-17,SNPP,East Kalimantan,Berau
2.2369896193962635,117.55167263725679,1,3.069999933242798,2026-08-17,SNPP,East Kalimantan,Berau
2.2336171671752894,117.25102609404664,2,15.850000381469727,2026-08-17,SNPP,East Kalimantan,Berau
2.2336171671752894,117.25440111053385,2,15.850000381469727,2026-08-17,SNPP,East Kalimantan,Berau
2.2336171671752894,117.48727724815122,1,16.600000381469727,2026-08-17,SNPP,East Kalimantan,Berau
2.2336171671752894,117.49065226463841,1,16.600000381469727,2026-08-17,SNPP,East Kalimantan,Berau
2.2336171671752894,117.49402728112562,1,16.600000381469727,2026-08-17,SNPP,East Kalimantan,Berau
2.2336171671752894,117.49740229761285,1,19.360000610351562,2026-08-17,SNPP,East Kalimantan,Berau
2.2336171671752894,117.54802754492097,1,3.069999933242798,2026-08-17,SNPP,East Kalimantan,Berau
2.2336171671752894,117.55140256140817,1,3.069999933242798,2026-08-17,SNPP,East Kalimantan,Berau
2.230244714954315,117.23388207205036,1,5.119999885559082,2026-08-17,SNPP,East Kalimantan,Berau
2.230244714954315,117.23725708079517,1,5.119999885559082,2026-08-17,SNPP,East Kalimantan,Berau
2.230244714954315,117.25075711577433,2,15.850000381469727,2026-08-17,SNPP,East Kalimantan,Berau
2.230244714954315,117.25413212451913,2,15.850000381469727,2026-08-17,SNPP,East Kalimantan,Berau
2.230244714954315,117.48700772790988,1,16.600000381469727,2026-08-17,SNPP,East Kalimantan,Berau
2.230244714954315,117.49038273665467,1,16.600000381469727,2026-08-17,SNPP,East Kalimantan,Berau
2.230244714954315,117.49375774539946,1,16.600000381469727,2026-08-17,SNPP,East Kalimantan,Berau
2.230244714954315,117.49713275414427,1,19.360000610351562,2026-08-17,SNPP,East Kalimantan,Berau
2.230244714954315,117.52413282410258,1,4.03000020980835,2026-08-17,SNPP,East Kalimantan,Berau
2.230244714954315,117.52750783284739,1,4.03000020980835,2026-08-17,SNPP,East Kalimantan,Berau
2.230244714954315,117.54775788531617,1,3.069999933242798,2026-08-17,SNPP,East Kalimantan,Berau
2.230244714954315,117.55113289406093,1,3.069999933242798,2026-08-17,SNPP,East Kalimantan,Berau
2.226872262733341,117.2336135398844,1,5.119999885559082,2026-08-17,SNPP,East Kalimantan,Berau
2.226872262733341,117.23698854089852,1,5.119999885559082,2026-08-17,SNPP,East Kalimantan,Berau
2.226872262733341,117.25048854495492,2,15.850000381469727,2026-08-17,SNPP,East Kalimantan,Berau
2.226872262733341,117.25386354596904,2,15.850000381469727,2026-08-17,SNPP,East Kalimantan,Berau
2.226872262733341,117.4867386159424,1,16.600000381469727,2026-08-17,SNPP,East Kalimantan,Berau
2.226872262733341,117.4901136169565,1,16.600000381469727,2026-08-17,SNPP,East Kalimantan,Berau
2.226872262733341,117.49348861797063,1,16.600000381469727,2026-08-17,SNPP,East Kalimantan,Berau
2.226872262733341,117.52386362709757,1,4.03000020980835,2026-08-17,SNPP,East Kalimantan,Berau
2.226872262733341,117.52723862811168,1,4.03000020980835,2026-08-17,SNPP,East Kalimantan,Berau
2.2201273582913927,117.01370363450184,1,3.259999990463257,2026-08-17,SNPP,East Kalimantan,Berau
2.2201273582913927,117.01707862008976,1,3.259999990463257,2026-08-17,SNPP,East Kalimantan,Berau
2.2201273582913927,117.02045360567769,1,3.259999990463257,2026-08-17,SNPP,East Kalimantan,Berau
2.2167549060704186,117.01343682469832,1,3.259999990463257,2026-08-17,SNPP,East Kalimantan,Berau
2.2167549060704186,117.01681180259075,1,3.259999990463257,2026-08-17,SNPP,East Kalimantan,Berau
2.2167549060704186,117.02018678048316,1,3.259999990463257,2026-08-17,SNPP,East Kalimantan,Berau
2.1998926449655474,116.94123514338116,1,5.25,2026-08-17,SNPP,East Kalimantan,Berau
2.1998926449655474,116.94461008297198,1,5.25,2026-08-17,SNPP,East Kalimantan,Berau
2.1998926449655474,116.9479850225628,1,3.9200000762939453,2026-08-17,SNPP,East Kalimantan,Berau
2.1965201927445737,116.94097093331631,1,5.25,2026-08-17,SNPP,East Kalimantan,Berau
2.1965201927445737,116.94434586528199,1,5.25,2026-08-17,SNPP,East Kalimantan,Berau
2.1965201927445737,116.94772079724768,1,3.9200000762939453,2026-08-17,SNPP,East Kalimantan,Berau
2.1965201927445737,117.21096549057073,1,2.2799999713897705,2026-08-17,SNPP,East Kalimantan,Berau
2.1965201927445737,117.21434042253641,1,2.2799999713897705,2026-08-17,SNPP,East Kalimantan,Berau
2.1965201927445737,117.28521399381569,1,1.3300000429153442,2026-08-17,SNPP,East Kalimantan,Berau
2.1965201927445737,117.28858892578137,1,1.3300000429153442,2026-08-17,SNPP,East Kalimantan,Berau
2.1965201927445737,117.29196385774706,1,1.3300000429153442,2026-08-17,SNPP,East Kalimantan,Berau
2.1931477405235995,116.9407071295909,1,5.25,2026-08-17,SNPP,East Kalimantan,Berau
2.1931477405235995,116.94408205394319,1,5.25,2026-08-17,SNPP,East Kalimantan,Berau
2.1931477405235995,116.94745697829546,1,3.9200000762939453,2026-08-17,SNPP,East Kalimantan,Berau
2.1931477405235995,117.21070107777246,1,2.2799999713897705,2026-08-17,SNPP,East Kalimantan,Berau
2.1931477405235995,117.21407600212476,1,2.2799999713897705,2026-08-17,SNPP,East Kalimantan,Berau
2.1931477405235995,117.28494941352243,1,1.3300000429153442,2026-08-17,SNPP,East Kalimantan,Berau
2.1931477405235995,117.28832433787467,1,1.3300000429153442,2026-08-17,SNPP,East Kalimantan,Berau
2.1931477405235995,117.29169926222694,1,1.3300000429153442,2026-08-17,SNPP,East Kalimantan,Berau
2.189775288302625,116.92019423169685,1,10.039999961853027,2026-08-17,SNPP,East Kalimantan,Berau
2.189775288302625,116.92356914844743,1,10.039999961853027,2026-08-17,SNPP,East Kalimantan,Berau
2.189775288302625,116.92694406519801,1,10.039999961853027,2026-08-17,SNPP,East Kalimantan,Berau
2.189775288302625,117.28468524076014,1,1.3300000429153442,2026-08-17,SNPP,East Kalimantan,Berau
2.189775288302625,117.2880601575107,1,1.3300000429153442,2026-08-17,SNPP,East Kalimantan,Berau
2.189775288302625,117.2914350742613,1,1.3300000429153442,2026-08-17,SNPP,East Kalimantan,Berau
2.1864028360816508,116.91993128617635,1,10.039999961853027,2026-08-17,SNPP,East Kalimantan,Berau
2.1864028360816508,116.92330619533696,1,10.039999961853027,2026-08-17,SNPP,East Kalimantan,Berau
2.1864028360816508,116.92668110449759,1,10.039999961853027,2026-08-17,SNPP,East Kalimantan,Berau
2.1864028360816508,117.21354838315106,1,2.619999885559082,2026-08-17,SNPP,East Kalimantan,Berau
2.1864028360816508,117.21692329231169,1,2.619999885559082,2026-08-17,SNPP,East Kalimantan,Berau
2.1864028360816508,117.2202982014723,1,2.619999885559082,2026-08-17,SNPP,East Kalimantan,Berau
2.1864028360816508,117.24054765643609,0,1.6399999856948853,2026-08-17,SNPP,East Kalimantan,Berau
2.1864028360816508,117.24392256559672,0,1.6399999856948853,2026-08-17,SNPP,East Kalimantan,Berau
2.1864028360816508,117.24729747475733,0,1.6399999856948853,2026-08-17,SNPP,East Kalimantan,Berau
2.1830303838606766,116.91966874691117,1,10.039999961853027,2026-08-17,SNPP,East Kalimantan,Berau
2.1830303838606766,116.92304364849358,1,10.039999961853027,2026-08-17,SNPP,East Kalimantan,Berau
2.1830303838606766,116.92641855007598,1,10.039999961853027,2026-08-17,SNPP,East Kalimantan,Berau
2.1830303838606766,117.21328518457985,1,2.619999885559082,2026-08-17,SNPP,East Kalimantan,Berau
2.1830303838606766,117.21666008616225,1,2.619999885559082,2026-08-17,SNPP,East Kalimantan,Berau
2.1830303838606766,117.22003498774463,1,2.619999885559082,2026-08-17,SNPP,East Kalimantan,Berau
2.1830303838606766,117.24028439723905,0,1.6399999856948853,2026-08-17,SNPP,East Kalimantan,Berau
2.1830303838606766,117.24365929882143,0,1.6399999856948853,2026-08-17,SNPP,East Kalimantan,Berau
2.1830303838606766,117.24703420040383,0,1.6399999856948853,2026-08-17,SNPP,East Kalimantan,Berau
2.179657931639703,117.24002154540682,0,1.6399999856948853,2026-08-17,SNPP,East Kalimantan,Berau
2.179657931639703,117.24339643942271,0,1.6399999856948853,2026-08-17,SNPP,East Kalimantan,Berau
2.179657931639703,117.24677133343863,0,1.6399999856948853,2026-08-17,SNPP,East Kalimantan,Berau
2.1762854794187283,116.93601931943434,1,47.400001525878906,2026-08-17,SNPP,East Kalimantan,Berau
2.1762854794187283,116.93939420589544,1,47.400001525878906,2026-08-17,SNPP,East Kalimantan,Berau
2.1762854794187283,117.28363262492942,1,5.579999923706055,2026-08-17,SNPP,East Kalimantan,Berau
2.1762854794187283,117.28700751139053,1,5.579999923706055,2026-08-17,SNPP,East Kalimantan,Berau
2.1762854794187283,117.29038239785166,1,5.579999923706055,2026-08-17,SNPP,East Kalimantan,Berau
2.172913027197754,116.93575796119272,1,6.900000095367432,2026-08-17,SNPP,East Kalimantan,Berau
2.172913027197754,116.93913284011077,1,6.900000095367432,2026-08-17,SNPP,East Kalimantan,Berau
2.172913027197754,117.27999561083544,1,5.579999923706055,2026-08-17,SNPP,East Kalimantan,Berau
2.172913027197754,117.28337048975351,1,5.579999923706055,2026-08-17,SNPP,East Kalimantan,Berau
2.172913027197754,117.28674536867156,1,5.579999923706055,2026-08-17,SNPP,East Kalimantan,Berau
2.172913027197754,117.29012024758964,1,5.579999923706055,2026-08-17,SNPP,East Kalimantan,Berau
2.16954057497678,116.9354970092469,1,6.900000095367432,2026-08-17,SNPP,East Kalimantan,Berau
2.16954057497678,116.93887188063363,1,6.900000095367432,2026-08-17,SNPP,East Kalimantan,Berau
2.16954057497678,117.27973389069446,1,5.579999923706055,2026-08-17,SNPP,East Kalimantan,Berau
2.16954057497678,117.28310876208121,1,5.579999923706055,2026-08-17,SNPP,East Kalimantan,Berau
2.16954057497678,117.28648363346794,1,5.579999923706055,2026-08-17,SNPP,East Kalimantan,Berau
2.16954057497678,117.28985850485466,1,5.579999923706055,2026-08-17,SNPP,East Kalimantan,Berau
2.166168122755806,116.93523646359237,1,6.900000095367432,2026-08-17,SNPP,East Kalimantan,Berau
2.166168122755806,116.93861132745951,1,6.900000095367432,2026-08-17,SNPP,East Kalimantan,Berau
2.166168122755806,117.13097856788657,1,14.199999809265137,2026-08-17,SNPP,East Kalimantan,Berau
2.166168122755806,117.13435343175371,1,14.199999809265137,2026-08-17,SNPP,East Kalimantan,Berau
2.1627956705348317,117.13071799306215,1,14.199999809265137,2026-08-17,SNPP,East Kalimantan,Berau
2.1627956705348317,117.13409284942139,1,14.199999809265137,2026-08-17,SNPP,East Kalimantan,Berau
2.1627956705348317,117.13746770578068,1,4.920000076293945,2026-08-17,SNPP,East Kalimantan,Berau
2.1594232183138575,117.12708297633694,1,4.920000076293945,2026-08-17,SNPP,East Kalimantan,Berau
2.1594232183138575,117.13045782520007,1,14.199999809265137,2026-08-17,SNPP,East Kalimantan,Berau
2.1594232183138575,117.13383267406317,1,14.199999809265137,2026-08-17,SNPP,East Kalimantan,Berau
2.1594232183138575,117.1372075229263,1,4.920000076293945,2026-08-17,SNPP,East Kalimantan,Berau
2.1560507660928834,117.12682322291711,1,4.920000076293945,2026-08-17,SNPP,East Kalimantan,Berau
2.1560507660928834,117.13019806429581,1,4.920000076293945,2026-08-17,SNPP,East Kalimantan,Berau
2.1560507660928834,117.13357290567448,1,4.920000076293945,2026-08-17,SNPP,East Kalimantan,Berau
2.1560507660928834,117.1369477470532,1,4.920000076293945,2026-08-17,SNPP,East Kalimantan,Berau
2.152678313871909,117.13331354425085,1,4.170000076293945,2026-08-17,SNPP,East Kalimantan,Berau
2.152678313871909,117.13668837815686,1,4.170000076293945,2026-08-17,SNPP,East Kalimantan,Berau
2.149305861650935,117.13305458978776,1,4.170000076293945,2026-08-17,SNPP,East Kalimantan,Berau
2.149305861650935,117.1364294162328,1,4.170000076293945,2026-08-17,SNPP,East Kalimantan,Berau
2.149305861650935,117.1398042426778,1,75.62000274658203,2026-08-17,SNPP,East Kalimantan,Berau
2.149305861650935,117.14317906912287,1,75.62000274658203,2026-08-17,SNPP,East Kalimantan,Berau
2.145933409429961,117.13279604228072,1,4.170000076293945,2026-08-17,SNPP,East Kalimantan,Berau
2.145933409429961,117.13617086127651,1,4.170000076293945,2026-08-17,SNPP,East Kalimantan,Berau
2.145933409429961,117.13954568027228,1,75.62000274658203,2026-08-17,SNPP,East Kalimantan,Berau
2.145933409429961,117.14292049926806,1,75.62000274658203,2026-08-17,SNPP,East Kalimantan,Berau
2.145933409429961,117.14629531826385,1,75.62000274658203,2026-08-17,SNPP,East Kalimantan,Berau
2.1425609572089863,117.13253790172524,1,4.679999828338623,2026-08-17,SNPP,East Kalimantan,Berau
2.1425609572089863,117.13591271328352,1,7.480000019073486,2026-08-17,SNPP,East Kalimantan,Berau
2.1425609572089863,117.13928752484175,1,7.480000019073486,2026-08-17,SNPP,East Kalimantan,Berau
2.1425609572089863,117.14266233640002,1,7.480000019073486,2026-08-17,SNPP,East Kalimantan,Berau
2.1425609572089863,117.14603714795831,1,75.62000274658203,2026-08-17,SNPP,East Kalimantan,Berau
2.1391885049880126,117.13228016811682,1,4.679999828338623,2026-08-17,SNPP,East Kalimantan,Berau
2.1391885049880126,117.13565497224931,1,7.480000019073486,2026-08-17,SNPP,East Kalimantan,Berau
2.1391885049880126,117.13902977638176,1,7.480000019073486,2026-08-17,SNPP,East Kalimantan,Berau
2.1391885049880126,117.14240458051424,1,7.480000019073486,2026-08-17,SNPP,East Kalimantan,Berau
2.1391885049880126,117.1457793846467,1,75.62000274658203,2026-08-17,SNPP,East Kalimantan,Berau
2.1358160527670385,117.13202284145103,1,4.679999828338623,2026-08-17,SNPP,East Kalimantan,Berau
2.1358160527670385,117.13539763816945,1,7.480000019073486,2026-08-17,SNPP,East Kalimantan,Berau
2.1358160527670385,117.13877243488783,1,7.480000019073486,2026-08-17,SNPP,East Kalimantan,Berau
2.1358160527670385,117.14214723160622,1,7.480000019073486,2026-08-17,SNPP,East Kalimantan,Berau
2.122326243883142,117.17824434463579,1,6.889999866485596,2026-08-17,SNPP,East Kalimantan,Berau
2.122326243883142,117.18161911181515,1,6.889999866485596,2026-08-17,SNPP,East Kalimantan,Berau
2.122326243883142,117.18499387899452,1,6.889999866485596,2026-08-17,SNPP,East Kalimantan,Berau
2.1189537916621672,117.17798894963994,1,6.889999866485596,2026-08-17,SNPP,East Kalimantan,Berau
2.1189537916621672,117.18136370946382,1,6.889999866485596,2026-08-17,SNPP,East Kalimantan,Berau
2.1189537916621672,117.18473846928777,1,6.889999866485596,2026-08-17,SNPP,East Kalimantan,Berau
2.115581339441193,117.17773396172414,1,6.889999866485596,2026-08-17,SNPP,East Kalimantan,Berau
2.115581339441193,117.18110871420431,1,6.889999866485596,2026-08-17,SNPP,East Kalimantan,Berau
2.115581339441193,117.1844834666845,1,6.889999866485596,2026-08-17,SNPP,East Kalimantan,Berau
2.1020915305572965,117.07885110732029,1,3.2699999809265137,2026-08-17,SNPP,East Kalimantan,Berau
2.1020915305572965,117.08222583054281,1,3.2699999809265137,2026-08-17,SNPP,East Kalimantan,Berau
2.1020915305572965,117.0856005537653,1,3.2699999809265137,2026-08-17,SNPP,East Kalimantan,Berau
2.0987190783363223,117.0785983660067,1,3.2699999809265137,2026-08-17,SNPP,East Kalimantan,Berau
2.0987190783363223,117.08197308194413,1,35.9900016784668,2026-08-17,SNPP,East Kalimantan,Berau
2.0987190783363223,117.08534779788152,1,35.9900016784668,2026-08-17,SNPP,East Kalimantan,Berau
2.095346626115348,117.07834603140678,1,49.0,2026-08-17,SNPP,East Kalimantan,Berau
2.095346626115348,117.0817207400708,1,35.9900016784668,2026-08-17,SNPP,East Kalimantan,Berau
2.095346626115348,117.0850954487348,1,35.9900016784668,2026-08-17,SNPP,East Kalimantan,Berau
2.091974173894374,117.07809410351611,1,49.0,2026-08-17,SNPP,East Kalimantan,Berau
2.091974173894374,117.08146880491847,1,35.9900016784668,2026-08-17,SNPP,East Kalimantan,Berau
2.091974173894374,117.08484350632082,1,35.9900016784668,2026-08-17,SNPP,East Kalimantan,Berau
2.0886017216734,117.07784258233033,1,49.0,2026-08-17,SNPP,East Kalimantan,Berau
2.0886017216734,117.08121727648279,1,49.0,2026-08-17,SNPP,East Kalimantan,Berau
2.0683670083475545,117.461052198258,1,0.36000001430511475,2026-08-17,SNPP,East Kalimantan,Berau
2.0683670083475545,117.464426849157,1,0.36000001430511475,2026-08-17,SNPP,East Kalimantan,Berau
2.064994556126581,117.4608027067464,1,0.36000001430511475,2026-08-17,SNPP,East Kalimantan,Berau
2.064994556126581,117.46417735047751,1,0.36000001430511475,2026-08-17,SNPP,East Kalimantan,Berau
2.0616221039056066,117.46055362324131,1,0.36000001430511475,2026-08-17,SNPP,East Kalimantan,Berau
2.0616221039056066,117.46392825981624,1,0.36000001430511475,2026-08-17,SNPP,East Kalimantan,Berau
2.0413873905797613,117.30046177755086,1,1.149999976158142,2026-08-17,SNPP,East Kalimantan,Berau
2.0413873905797613,117.30383637143501,1,1.149999976158142,2026-08-17,SNPP,East Kalimantan,Berau
2.0413873905797613,117.30721096531916,1,1.149999976158142,2026-08-17,SNPP,East Kalimantan,Berau
2.0380149383587876,117.30021588245368,1,1.149999976158142,2026-08-17,SNPP,East Kalimantan,Berau
2.0380149383587876,117.30359046926372,1,1.149999976158142,2026-08-17,SNPP,East Kalimantan,Berau
2.0380149383587876,117.30696505607375,1,1.149999976158142,2026-08-17,SNPP,East Kalimantan,Berau
2.034642486137813,117.29997039477774,1,1.149999976158142,2026-08-17,SNPP,East Kalimantan,Berau
2.034642486137813,117.30334497452539,1,1.149999976158142,2026-08-17,SNPP,East Kalimantan,Berau
2.034642486137813,117.30671955427303,1,1.149999976158142,2026-08-17,SNPP,East Kalimantan,Berau
2.031270033916839,117.29635074182181,1,1.5199999809265137,2026-08-17,SNPP,East Kalimantan,Berau
2.031270033916839,117.29972531451878,1,1.5199999809265137,2026-08-17,SNPP,East Kalimantan,Berau
2.031270033916839,117.30309988721578,1,1.149999976158142,2026-08-17,SNPP,East Kalimantan,Berau
2.031270033916839,117.30647445991275,1,1.149999976158142,2026-08-17,SNPP,East Kalimantan,Berau
2.0278975816958646,117.27248411640824,1,4.449999809265137,2026-08-17,SNPP,East Kalimantan,Berau
2.0278975816958646,117.27585868206626,1,4.449999809265137,2026-08-17,SNPP,East Kalimantan,Berau
2.0278975816958646,117.2961060760145,1,1.5199999809265137,2026-08-17,SNPP,East Kalimantan,Berau
2.0278975816958646,117.29948064167252,1,1.5199999809265137,2026-08-17,SNPP,East Kalimantan,Berau
2.0278975816958646,117.30285520733057,1,1.25,2026-08-17,SNPP,East Kalimantan,Berau
2.0278975816958646,117.30622977298859,1,1.25,2026-08-17,SNPP,East Kalimantan,Berau
2.0245251294748905,117.23849432088014,1,13.359999656677246,2026-08-17,SNPP,East Kalimantan,Berau
2.0245251294748905,117.24186887951095,1,13.359999656677246,2026-08-17,SNPP,East Kalimantan,Berau
2.0245251294748905,117.24524343814174,1,13.359999656677246,2026-08-17,SNPP,East Kalimantan,Berau
2.0245251294748905,117.27223990718826,1,4.449999809265137,2026-08-17,SNPP,East Kalimantan,Berau
2.0245251294748905,117.27561446581907,1,4.449999809265137,2026-08-17,SNPP,East Kalimantan,Berau
2.0245251294748905,117.29586181760398,1,1.5199999809265137,2026-08-17,SNPP,East Kalimantan,Berau
2.0245251294748905,117.29923637623475,1,1.5199999809265137,2026-08-17,SNPP,East Kalimantan,Berau
2.0211526772539163,117.23825058912566,1,13.359999656677246,2026-08-17,SNPP,East Kalimantan,Berau
2.0211526772539163,117.24162514074096,1,13.359999656677246,2026-08-17,SNPP,East Kalimantan,Berau
2.0211526772539163,117.24499969235627,1,13.359999656677246,2026-08-17,SNPP,East Kalimantan,Berau
2.0211526772539163,117.24837424397157,1,14.430000305175781,2026-08-17,SNPP,East Kalimantan,Berau
2.0211526772539163,117.27199610527876,1,4.449999809265137,2026-08-17,SNPP,East Kalimantan,Berau
2.0211526772539163,117.27537065689405,1,4.449999809265137,2026-08-17,SNPP,East Kalimantan,Berau
2.017780225032942,117.24138180917176,1,14.430000305175781,2026-08-17,SNPP,East Kalimantan,Berau
2.017780225032942,117.24475635378332,1,14.430000305175781,2026-08-17,SNPP,East Kalimantan,Berau
2.017780225032942,117.24813089839482,1,14.430000305175781,2026-08-17,SNPP,East Kalimantan,Berau
2.017780225032942,117.51471992270545,1,7.190000057220459,2026-08-17,SNPP,East Kalimantan,Berau
2.017780225032942,117.51809446731696,1,7.190000057220459,2026-08-17,SNPP,East Kalimantan,Berau
2.014407772811968,117.51447643197567,1,7.190000057220459,2026-08-17,SNPP,East Kalimantan,Berau
2.014407772811968,117.51785096959512,1,7.190000057220459,2026-08-17,SNPP,East Kalimantan,Berau
2.0110353205909934,117.51423334938758,1,7.190000057220459,2026-08-17,SNPP,East Kalimantan,Berau
2.0110353205909934,117.51760788002667,1,7.190000057220459,2026-08-17,SNPP,East Kalimantan,Berau
2.0009179639280714,117.28741439594747,1,10.569999694824219,2026-08-17,SNPP,East Kalimantan,Berau
2.0009179639280714,117.29078890571589,1,10.569999694824219,2026-08-17,SNPP,East Kalimantan,Berau
2.0009179639280714,117.2941634154843,1,10.569999694824219,2026-08-17,SNPP,East Kalimantan,Berau
1.997545511707097,117.28717341042598,1,10.569999694824219,2026-08-17,SNPP,East Kalimantan,Berau
1.997545511707097,117.29054791326092,1,10.569999694824219,2026-08-17,SNPP,East Kalimantan,Berau
1.997545511707097,117.29392241609588,1,10.569999694824219,2026-08-17,SNPP,East Kalimantan,Berau
1.994173059486123,117.28693283223988,1,10.569999694824219,2026-08-17,SNPP,East Kalimantan,Berau
1.994173059486123,117.29030732815309,1,10.569999694824219,2026-08-17,SNPP,East Kalimantan,Berau
1.994173059486123,117.29368182406631,1,10.569999694824219,2026-08-17,SNPP,East Kalimantan,Berau
1.9671934417183297,117.2883973112888,1,0.5899999737739563,2026-08-17,SNPP,East Kalimantan,Berau
1.9671934417183297,117.29177175224997,1,0.5899999737739563,2026-08-17,SNPP,East Kalimantan,Berau
1.9671934417183297,117.29514619321108,1,0.5899999737739563,2026-08-17,SNPP,East Kalimantan,Berau
1.963820989497355,117.28816039211843,1,0.5899999737739563,2026-08-17,SNPP,East Kalimantan,Berau
1.963820989497355,117.29153482626332,1,0.5899999737739563,2026-08-17,SNPP,East Kalimantan,Berau
1.963820989497355,117.29490926040818,1,0.5899999737739563,2026-08-17,SNPP,East Kalimantan,Berau
1.9604485372763811,117.28792388025379,1,0.5899999737739563,2026-08-17,SNPP,East Kalimantan,Berau
1.9604485372763811,117.29129830759412,1,0.5899999737739563,2026-08-17,SNPP,East Kalimantan,Berau
1.9604485372763811,117.29467273493442,1,0.5899999737739563,2026-08-17,SNPP,East Kalimantan,Berau
1.957076085055407,117.2876877756908,1,0.5899999737739563,2026-08-17,SNPP,East Kalimantan,Berau
1.957076085055407,117.29106219623827,1,0.5899999737739563,2026-08-17,SNPP,East Kalimantan,Berau
1.957076085055407,117.29781103733323,1,8.550000190734863,2026-08-17,SNPP,East Kalimantan,Berau
1.957076085055407,117.3011854578807,1,8.550000190734863,2026-08-17,SNPP,East Kalimantan,Berau
1.953703632834433,117.28745207842532,1,0.5899999737739563,2026-08-17,SNPP,East Kalimantan,Berau
1.953703632834433,117.29082649219167,1,0.5899999737739563,2026-08-17,SNPP,East Kalimantan,Berau
1.953703632834433,117.2975753197244,1,8.550000190734863,2026-08-17,SNPP,East Kalimantan,Berau
1.953703632834433,117.30094973349074,1,8.550000190734863,2026-08-17,SNPP,East Kalimantan,Berau
1.953703632834433,117.30432414725712,1,8.550000190734863,2026-08-17,SNPP,East Kalimantan,Berau
1.9503311806134584,117.28721678845329,1,6.039999961853027,2026-08-17,SNPP,East Kalimantan,Berau
1.9503311806134584,117.29059119545025,1,6.039999961853027,2026-08-17,SNPP,East Kalimantan,Berau
1.9503311806134584,117.29396560244722,1,6.039999961853027,2026-08-17,SNPP,East Kalimantan,Berau
1.9503311806134584,117.29734000944418,1,8.550000190734863,2026-08-17,SNPP,East Kalimantan,Berau
1.9503311806134584,117.30071441644112,1,8.550000190734863,2026-08-17,SNPP,East Kalimantan,Berau
1.9503311806134584,117.3040888234381,1,8.550000190734863,2026-08-17,SNPP,East Kalimantan,Berau
1.9469587283924845,117.27010990457426,1,5.460000038146973,2026-08-17,SNPP,East Kalimantan,Berau
1.9469587283924845,117.27348430481354,1,5.460000038146973,2026-08-17,SNPP,East Kalimantan,Berau
1.9469587283924845,117.27685870505279,1,5.460000038146973,2026-08-17,SNPP,East Kalimantan,Berau
1.9469587283924845,117.28698190577066,1,6.039999961853027,2026-08-17,SNPP,East Kalimantan,Berau
1.9469587283924845,117.29035630600994,1,6.039999961853027,2026-08-17,SNPP,East Kalimantan,Berau
1.9469587283924845,117.29373070624919,1,6.039999961853027,2026-08-17,SNPP,East Kalimantan,Berau
1.9469587283924845,117.29710510648849,1,8.550000190734863,2026-08-17,SNPP,East Kalimantan,Berau
1.9469587283924845,117.30047950672774,1,8.550000190734863,2026-08-17,SNPP,East Kalimantan,Berau
1.9469587283924845,117.30385390696705,1,8.550000190734863,2026-08-17,SNPP,East Kalimantan,Berau
1.9435862761715104,117.26987546290673,1,5.460000038146973,2026-08-17,SNPP,East Kalimantan,Berau
1.9435862761715104,117.27324985640006,1,5.460000038146973,2026-08-17,SNPP,East Kalimantan,Berau
1.9435862761715104,117.27662424989335,1,5.460000038146973,2026-08-17,SNPP,East Kalimantan,Berau
1.9435862761715104,117.29687061085323,1,3.0399999618530273,2026-08-17,SNPP,East Kalimantan,Berau
1.9435862761715104,117.30024500434652,1,3.0399999618530273,2026-08-17,SNPP,East Kalimantan,Berau
1.9435862761715104,117.30361939783985,1,3.0399999618530273,2026-08-17,SNPP,East Kalimantan,Berau
1.940213823950536,117.26964142846182,1,5.460000038146973,2026-08-17,SNPP,East Kalimantan,Berau
1.940213823950536,117.27301581522089,1,5.460000038146973,2026-08-17,SNPP,East Kalimantan,Berau
1.940213823950536,117.27639020197996,1,5.460000038146973,2026-08-17,SNPP,East Kalimantan,Berau
3.5455010811342436,116.95073834055091,1,2.8499999046325684,2026-08-17,SNPP,North Kalimantan,Tana Tidung
3.5455010811342436,116.9541172600157,1,2.8499999046325684,2026-08-17,SNPP,North Kalimantan,Tana Tidung
3.5455010811342436,116.95749617948053,1,2.8499999046325684,2026-08-17,SNPP,North Kalimantan,Tana Tidung
3.5421286289132694,116.95031202807218,1,2.8499999046325684,2026-08-17,SNPP,North Kalimantan,Tana Tidung
3.5421286289132694,116.95369093522004,1,2.8499999046325684,2026-08-17,SNPP,North Kalimantan,Tana Tidung
3.5421286289132694,116.95706984236791,1,2.8499999046325684,2026-08-17,SNPP,North Kalimantan,Tana Tidung
2.972184203568634,117.18805404679891,1,3.8499999046325684,2026-08-17,SNPP,North Kalimantan,Bulungan
2.972184203568634,117.19143104166898,1,3.8499999046325684,2026-08-17,SNPP,North Kalimantan,Bulungan
2.9688117513476597,117.18769611371766,1,6.949999809265137,2026-08-17,SNPP,North Kalimantan,Bulungan
2.9688117513476597,117.19107309827322,1,6.949999809265137,2026-08-17,SNPP,North Kalimantan,Bulungan
2.9688117513476597,117.19445008282882,1,6.949999809265137,2026-08-17,SNPP,North Kalimantan,Bulungan
2.9654392991266856,117.1873385888226,1,6.949999809265137,2026-08-17,SNPP,North Kalimantan,Bulungan
2.9654392991266856,117.19071556307539,1,6.949999809265137,2026-08-17,SNPP,North Kalimantan,Bulungan
2.9654392991266856,117.19409253732823,1,6.949999809265137,2026-08-17,SNPP,North Kalimantan,Bulungan
2.962066846905711,117.18698147210753,1,6.949999809265137,2026-08-17,SNPP,North Kalimantan,Bulungan
2.962066846905711,117.19035843606935,1,6.949999809265137,2026-08-17,SNPP,North Kalimantan,Bulungan
2.962066846905711,117.19373540003119,1,6.949999809265137,2026-08-17,SNPP,North Kalimantan,Bulungan
2.803561592519925,117.4475297717924,1,13.039999961853027,2026-08-17,SNPP,North Kalimantan,Bulungan
2.803561592519925,117.45090626534243,1,13.039999961853027,2026-08-17,SNPP,North Kalimantan,Bulungan
2.800189140298951,117.44719144296837,1,13.039999961853027,2026-08-17,SNPP,North Kalimantan,Bulungan
2.800189140298951,117.4505679267918,1,13.039999961853027,2026-08-17,SNPP,North Kalimantan,Bulungan
2.7900717836360283,117.19632126071362,1,2.9800000190734863,2026-08-17,SNPP,North Kalimantan,Bulungan
2.7900717836360283,117.1996977154278,1,2.9800000190734863,2026-08-17,SNPP,North Kalimantan,Bulungan
2.7900717836360283,117.20307417014195,1,2.9800000190734863,2026-08-17,SNPP,North Kalimantan,Bulungan
2.7866993314150545,117.19598528353606,1,2.9800000190734863,2026-08-17,SNPP,North Kalimantan,Bulungan
2.7866993314150545,117.19936172857066,1,2.9800000190734863,2026-08-17,SNPP,North Kalimantan,Bulungan
2.7866993314150545,117.20273817360523,1,2.9800000190734863,2026-08-17,SNPP,North Kalimantan,Bulungan
2.78332687919408,117.19564971431343,1,2.9800000190734863,2026-08-17,SNPP,North Kalimantan,Bulungan
2.78332687919408,117.1990261496802,1,2.9800000190734863,2026-08-17,SNPP,North Kalimantan,Bulungan
2.78332687919408,117.20240258504693,1,2.9800000190734863,2026-08-17,SNPP,North Kalimantan,Bulungan
2.766464618089209,116.88672675176716,1,55.0099983215332,2026-08-17,SNPP,North Kalimantan,Bulungan
2.766464618089209,116.89010313897106,1,55.0099983215332,2026-08-17,SNPP,North Kalimantan,Bulungan
2.766464618089209,116.89347952617491,1,55.0099983215332,2026-08-17,SNPP,North Kalimantan,Bulungan
2.766464618089209,117.18384882570855,1,1.6799999475479126,2026-08-17,SNPP,North Kalimantan,Bulungan
2.766464618089209,117.1872252129124,1,1.6799999475479126,2026-08-17,SNPP,North Kalimantan,Bulungan
2.763092165868235,116.88301812590096,0,55.0099983215332,2026-08-17,SNPP,North Kalimantan,Bulungan
2.763092165868235,116.88639450350755,1,55.0099983215332,2026-08-17,SNPP,North Kalimantan,Bulungan
2.763092165868235,116.88977088111412,1,55.0099983215332,2026-08-17,SNPP,North Kalimantan,Bulungan
2.763092165868235,116.89314725872067,1,55.0099983215332,2026-08-17,SNPP,North Kalimantan,Bulungan
2.763092165868235,117.18351573288516,1,1.6799999475479126,2026-08-17,SNPP,North Kalimantan,Bulungan
2.763092165868235,117.18689211049173,1,2.950000047683716,2026-08-17,SNPP,North Kalimantan,Bulungan
2.763092165868235,117.19026848809828,1,2.950000047683716,2026-08-17,SNPP,North Kalimantan,Bulungan
2.763092165868235,117.19364486570484,1,2.950000047683716,2026-08-17,SNPP,North Kalimantan,Bulungan
2.763092165868235,117.51102436072185,1,3.5999999046325684,2026-08-17,SNPP,North Kalimantan,Bulungan
2.763092165868235,117.5144007383284,1,3.5999999046325684,2026-08-17,SNPP,North Kalimantan,Bulungan
2.763092165868235,117.51777711593496,1,3.5999999046325684,2026-08-17,SNPP,North Kalimantan,Bulungan
2.759719713647261,116.88268629407172,0,55.0099983215332,2026-08-17,SNPP,North Kalimantan,Bulungan
2.759719713647261,116.88606266209274,1,55.0099983215332,2026-08-17,SNPP,North Kalimantan,Bulungan
2.759719713647261,116.88943903011375,1,55.0099983215332,2026-08-17,SNPP,North Kalimantan,Bulungan
2.759719713647261,116.89281539813473,1,55.0099983215332,2026-08-17,SNPP,North Kalimantan,Bulungan
2.759719713647261,117.18655941596177,1,2.950000047683716,2026-08-17,SNPP,North Kalimantan,Bulungan
2.759719713647261,117.18993578398279,1,2.950000047683716,2026-08-17,SNPP,North Kalimantan,Bulungan
2.759719713647261,117.19331215200377,1,2.950000047683716,2026-08-17,SNPP,North Kalimantan,Bulungan
2.759719713647261,117.51069074597785,1,3.5999999046325684,2026-08-17,SNPP,North Kalimantan,Bulungan
2.759719713647261,117.51406711399883,1,3.5999999046325684,2026-08-17,SNPP,North Kalimantan,Bulungan
2.759719713647261,117.51744348201984,1,3.5999999046325684,2026-08-17,SNPP,North Kalimantan,Bulungan
2.7563472614262867,116.88235486906977,0,55.0099983215332,2026-08-17,SNPP,North Kalimantan,Bulungan
2.7563472614262867,116.88573122751698,0,55.0099983215332,2026-08-17,SNPP,North Kalimantan,Bulungan
2.7563472614262867,116.88910758596415,0,55.0099983215332,2026-08-17,SNPP,North Kalimantan,Bulungan
2.705760478111674,117.127272311929,1,3.180000066757202,2026-08-17,SNPP,North Kalimantan,Bulungan
2.705760478111674,117.13064852817912,1,3.180000066757202,2026-08-17,SNPP,North Kalimantan,Bulungan
2.7023880258907,117.1269467008363,1,3.180000066757202,2026-08-17,SNPP,North Kalimantan,Bulungan
2.7023880258907,117.13032290770063,1,3.180000066757202,2026-08-17,SNPP,North Kalimantan,Bulungan
2.6990155736697257,117.12662149734342,1,3.180000066757202,2026-08-17,SNPP,North Kalimantan,Bulungan
2.6990155736697257,117.1299976948337,1,3.180000066757202,2026-08-17,SNPP,North Kalimantan,Bulungan
1.4478357996883064,109.15011716671313,1,7.639999866485596,2026-08-17,SNPP,West Kalimantan,Sambas
1.4478357996883064,109.1534906959565,1,7.639999866485596,2026-08-17,SNPP,West Kalimantan,Sambas
1.4478357996883064,109.15686422519985,1,7.639999866485596,2026-08-17,SNPP,West Kalimantan,Sambas
1.4444633474673323,109.14995497454623,1,7.639999866485596,2026-08-17,SNPP,West Kalimantan,Sambas
1.4444633474673323,109.15332849877669,1,7.639999866485596,2026-08-17,SNPP,West Kalimantan,Sambas
1.4444633474673323,109.15670202300714,1,7.639999866485596,2026-08-17,SNPP,West Kalimantan,Sambas
1.4410908952463581,109.14979316101528,1,7.639999866485596,2026-08-17,SNPP,West Kalimantan,Sambas
1.4410908952463581,109.15316668024454,1,7.639999866485596,2026-08-17,SNPP,West Kalimantan,Sambas
1.4410908952463581,109.15654019947378,1,7.639999866485596,2026-08-17,SNPP,West Kalimantan,Sambas
1.397249016373694,109.1443505844386,1,22.469999313354492,2026-08-17,SNPP,West Kalimantan,Sambas
1.397249016373694,109.147724039717,1,16.459999084472656,2026-08-17,SNPP,West Kalimantan,Sambas
1.397249016373694,109.1510974949954,1,22.469999313354492,2026-08-17,SNPP,West Kalimantan,Sambas
1.397249016373694,109.1544709502738,1,22.469999313354492,2026-08-17,SNPP,West Kalimantan,Sambas
1.397249016373694,109.15784440555221,1,22.469999313354492,2026-08-17,SNPP,West Kalimantan,Sambas
1.3938765641527195,109.14419407635677,1,22.469999313354492,2026-08-17,SNPP,West Kalimantan,Sambas
1.3938765641527195,109.14756752679779,1,14.039999961853027,2026-08-17,SNPP,West Kalimantan,Sambas
1.3938765641527195,109.15094097723882,1,14.039999961853027,2026-08-17,SNPP,West Kalimantan,Sambas
1.3938765641527195,109.15431442767982,1,27.200000762939453,2026-08-17,SNPP,West Kalimantan,Sambas
1.3938765641527195,109.15768787812085,1,27.200000762939453,2026-08-17,SNPP,West Kalimantan,Sambas
1.3938765641527195,109.16106132856186,1,27.200000762939453,2026-08-17,SNPP,West Kalimantan,Sambas
1.3938765641527195,109.16443477900287,1,27.479999542236328,2026-08-17,SNPP,West Kalimantan,Sambas
1.3905041119317456,109.14403794685781,1,22.469999313354492,2026-08-17,SNPP,West Kalimantan,Sambas
1.3905041119317456,109.14741139247315,1,14.039999961853027,2026-08-17,SNPP,West Kalimantan,Sambas
1.3905041119317456,109.15078483808848,1,14.039999961853027,2026-08-17,SNPP,West Kalimantan,Sambas
1.3905041119317456,109.15415828370384,1,27.200000762939453,2026-08-17,SNPP,West Kalimantan,Sambas
1.3905041119317456,109.15753172931916,1,27.200000762939453,2026-08-17,SNPP,West Kalimantan,Sambas
1.3905041119317456,109.1609051749345,1,27.200000762939453,2026-08-17,SNPP,West Kalimantan,Sambas
1.3905041119317456,109.16427862054982,1,27.479999542236328,2026-08-17,SNPP,West Kalimantan,Sambas
1.3905041119317456,109.16765206616518,1,27.200000762939453,2026-08-17,SNPP,West Kalimantan,Sambas
1.3871316597107712,109.14725563674034,1,14.039999961853027,2026-08-17,SNPP,West Kalimantan,Sambas
1.3871316597107712,109.15062907754172,1,14.039999961853027,2026-08-17,SNPP,West Kalimantan,Sambas
1.3871316597107712,109.15400251834306,1,27.200000762939453,2026-08-17,SNPP,West Kalimantan,Sambas
1.3871316597107712,109.15737595914442,1,27.200000762939453,2026-08-17,SNPP,West Kalimantan,Sambas
1.3871316597107712,109.16074939994579,1,27.200000762939453,2026-08-17,SNPP,West Kalimantan,Sambas
1.3871316597107712,109.16412284074713,1,27.479999542236328,2026-08-17,SNPP,West Kalimantan,Sambas
1.3871316597107712,109.16749628154851,1,27.200000762939453,2026-08-17,SNPP,West Kalimantan,Sambas
1.383759207489797,109.14710025959671,1,22.469999313354492,2026-08-17,SNPP,West Kalimantan,Sambas
1.383759207489797,109.15047369559579,1,14.039999961853027,2026-08-17,SNPP,West Kalimantan,Sambas
1.383759207489797,109.15384713159487,1,14.039999961853027,2026-08-17,SNPP,West Kalimantan,Sambas
1.383759207489797,109.15722056759395,1,14.039999961853027,2026-08-17,SNPP,West Kalimantan,Sambas
1.383759207489797,109.16059400359303,1,27.200000762939453,2026-08-17,SNPP,West Kalimantan,Sambas
1.383759207489797,109.16396743959211,1,27.200000762939453,2026-08-17,SNPP,West Kalimantan,Sambas
1.383759207489797,109.1673408755912,1,27.200000762939453,2026-08-17,SNPP,West Kalimantan,Sambas
1.380386755268823,109.15031869224805,1,14.039999961853027,2026-08-17,SNPP,West Kalimantan,Sambas
1.380386755268823,109.15369212345655,1,14.039999961853027,2026-08-17,SNPP,West Kalimantan,Sambas
1.380386755268823,109.15706555466504,1,14.039999961853027,2026-08-17,SNPP,West Kalimantan,Sambas
1.380386755268823,109.16043898587354,1,8.760000228881836,2026-08-17,SNPP,West Kalimantan,Sambas
1.380386755268823,109.16381241708204,1,8.760000228881836,2026-08-17,SNPP,West Kalimantan,Sambas
1.380386755268823,109.16718584829056,1,8.760000228881836,2026-08-17,SNPP,West Kalimantan,Sambas
1.343289780838107,109.13177174571582,1,10.1899995803833,2026-08-17,SNPP,West Kalimantan,Sambas
1.343289780838107,109.13514512500022,1,10.1899995803833,2026-08-17,SNPP,West Kalimantan,Sambas
1.343289780838107,109.1385185042846,1,10.1899995803833,2026-08-17,SNPP,West Kalimantan,Sambas
1.343289780838107,109.14189188356899,1,10.1899995803833,2026-08-17,SNPP,West Kalimantan,Sambas
1.3399173286171329,109.1316213085892,1,10.1899995803833,2026-08-17,SNPP,West Kalimantan,Sambas
1.3399173286171329,109.13499468322341,1,10.1899995803833,2026-08-17,SNPP,West Kalimantan,Sambas
1.3399173286171329,109.13836805785762,1,10.1899995803833,2026-08-17,SNPP,West Kalimantan,Sambas
1.3399173286171329,109.14174143249183,1,10.1899995803833,2026-08-17,SNPP,West Kalimantan,Sambas
1.3365448763961585,109.13147124996779,1,10.1899995803833,2026-08-17,SNPP,West Kalimantan,Sambas
1.3365448763961585,109.13484461996354,1,10.1899995803833,2026-08-17,SNPP,West Kalimantan,Sambas
1.3365448763961585,109.13821798995927,1,10.1899995803833,2026-08-17,SNPP,West Kalimantan,Sambas
1.3365448763961585,109.14159135995503,1,10.1899995803833,2026-08-17,SNPP,West Kalimantan,Sambas
2.651801242576087,117.77706853577378,1,2.4100000858306885,2026-08-17,SNPP,North Kalimantan,Bulungan
2.651801242576087,117.78044460326088,1,2.4100000858306885,2026-08-17,SNPP,North Kalimantan,Bulungan
2.651801242576087,117.78382067074799,1,2.4100000858306885,2026-08-17,SNPP,North Kalimantan,Bulungan
2.648428790355113,117.7767476612244,1,2.4100000858306885,2026-08-17,SNPP,North Kalimantan,Bulungan
2.648428790355113,117.78012371951365,1,2.4100000858306885,2026-08-17,SNPP,North Kalimantan,Bulungan
2.648428790355113,117.78349977780294,1,2.4100000858306885,2026-08-17,SNPP,North Kalimantan,Bulungan
2.6450563381341388,117.77642719646418,1,2.4100000858306885,2026-08-17,SNPP,North Kalimantan,Bulungan
2.6450563381341388,117.77980324556735,1,2.4100000858306885,2026-08-17,SNPP,North Kalimantan,Bulungan
2.6450563381341388,117.78317929467053,1,2.4100000858306885,2026-08-17,SNPP,North Kalimantan,Bulungan
2.5405103192839396,117.76669601423875,1,11.380000114440918,2026-08-17,SNPP,North Kalimantan,Bulungan
2.5405103192839396,117.77007178439858,1,11.380000114440918,2026-08-17,SNPP,North Kalimantan,Bulungan
2.5371378670629654,117.76638865983148,1,11.380000114440918,2026-08-17,SNPP,North Kalimantan,Bulungan
2.5371378670629654,117.76976442118102,1,11.380000114440918,2026-08-17,SNPP,North Kalimantan,Bulungan
2.533765414841991,117.77958472523757,1,0.7799999713897705,2026-08-17,SNPP,North Kalimantan,Bulungan
2.533765414841991,117.7829604777886,1,0.7799999713897705,2026-08-17,SNPP,North Kalimantan,Bulungan
2.5303929626210167,117.77927815489629,1,0.7799999713897705,2026-08-17,SNPP,North Kalimantan,Bulungan
2.5303929626210167,117.78265389866051,1,0.7799999713897705,2026-08-17,SNPP,North Kalimantan,Bulungan
2.527020510400043,117.77897199420056,1,0.7799999713897705,2026-08-17,SNPP,North Kalimantan,Bulungan
2.527020510400043,117.78234772918974,1,0.7799999713897705,2026-08-17,SNPP,North Kalimantan,Bulungan
2.5034133448532234,117.61480799212099,1,4.21999979019165,2026-08-17,SNPP,East Kalimantan,Berau
2.5034133448532234,117.6181836660135,1,4.21999979019165,2026-08-17,SNPP,East Kalimantan,Berau
2.5034133448532234,117.62155933990603,1,4.21999979019165,2026-08-17,SNPP,East Kalimantan,Berau
2.5000408926322493,117.61450552509353,1,4.21999979019165,2026-08-17,SNPP,East Kalimantan,Berau
2.5000408926322493,117.6178811903049,1,4.21999979019165,2026-08-17,SNPP,East Kalimantan,Berau
2.5000408926322493,117.62125685551628,1,4.21999979019165,2026-08-17,SNPP,East Kalimantan,Berau
2.496668440411275,117.61420346710052,1,4.21999979019165,2026-08-17,SNPP,East Kalimantan,Berau
2.496668440411275,117.61757912364251,1,4.21999979019165,2026-08-17,SNPP,East Kalimantan,Berau
2.496668440411275,117.62095478018449,1,4.21999979019165,2026-08-17,SNPP,East Kalimantan,Berau
2.4663163704225077,117.61487892989759,1,60.970001220703125,2026-08-17,SNPP,East Kalimantan,Berau
2.4663163704225077,117.61825450894328,1,60.970001220703125,2026-08-17,SNPP,East Kalimantan,Berau
2.4663163704225077,117.62163008798892,1,60.970001220703125,2026-08-17,SNPP,East Kalimantan,Berau
2.462943918201533,117.61458095341006,1,60.970001220703125,2026-08-17,SNPP,East Kalimantan,Berau
2.462943918201533,117.61795652390374,1,60.970001220703125,2026-08-17,SNPP,East Kalimantan,Berau
2.462943918201533,117.62133209439737,1,60.970001220703125,2026-08-17,SNPP,East Kalimantan,Berau
2.462943918201533,117.62470766489103,1,36.650001525878906,2026-08-17,SNPP,East Kalimantan,Berau
2.462943918201533,117.85087088796644,1,2.549999952316284,2026-08-17,SNPP,North Kalimantan,Bulungan
2.462943918201533,117.85424645846011,1,2.549999952316284,2026-08-17,SNPP,North Kalimantan,Bulungan
2.459571465980559,117.61428338591143,1,60.970001220703125,2026-08-17,SNPP,East Kalimantan,Berau
2.459571465980559,117.61765894786485,1,60.970001220703125,2026-08-17,SNPP,East Kalimantan,Berau
2.459571465980559,117.62103450981822,1,60.970001220703125,2026-08-17,SNPP,East Kalimantan,Berau
2.459571465980559,117.62441007177162,1,36.650001525878906,2026-08-17,SNPP,East Kalimantan,Berau
2.459571465980559,117.85057272264903,1,2.549999952316284,2026-08-17,SNPP,North Kalimantan,Bulungan
2.459571465980559,117.85394828460242,1,2.549999952316284,2026-08-17,SNPP,North Kalimantan,Bulungan
2.4561990137595853,117.61398622739655,1,4.659999847412109,2026-08-17,SNPP,East Kalimantan,Berau
2.4561990137595853,117.61736178082145,1,4.659999847412109,2026-08-17,SNPP,East Kalimantan,Berau
2.4561990137595853,117.6207373342463,1,4.659999847412109,2026-08-17,SNPP,East Kalimantan,Berau
2.4561990137595853,117.62411288767117,1,36.650001525878906,2026-08-17,SNPP,East Kalimantan,Berau
2.452826561538611,117.61368947786026,1,4.659999847412109,2026-08-17,SNPP,East Kalimantan,Berau
2.452826561538611,117.61706502276836,1,4.659999847412109,2026-08-17,SNPP,East Kalimantan,Berau
2.452826561538611,117.62044056767641,1,4.659999847412109,2026-08-17,SNPP,East Kalimantan,Berau
2.4258469437708174,117.88474385708078,1,23.639999389648438,2026-08-17,SNPP,North Kalimantan,Bulungan
2.4258469437708174,117.88811933427708,1,23.639999389648438,2026-08-17,SNPP,North Kalimantan,Bulungan
2.4258469437708174,117.89149481147336,1,23.639999389648438,2026-08-17,SNPP,North Kalimantan,Bulungan
2.4258469437708174,117.89487028866962,1,27.209999084472656,2026-08-17,SNPP,North Kalimantan,Bulungan
2.4224744915498433,117.88107463803188,1,23.639999389648438,2026-08-17,SNPP,North Kalimantan,Bulungan
2.4224744915498433,117.88445010681698,1,23.639999389648438,2026-08-17,SNPP,North Kalimantan,Bulungan
2.4224744915498433,117.8878255756021,1,23.639999389648438,2026-08-17,SNPP,North Kalimantan,Bulungan
2.4224744915498433,117.89120104438722,1,23.639999389648438,2026-08-17,SNPP,North Kalimantan,Bulungan
2.4224744915498433,117.89457651317231,1,27.209999084472656,2026-08-17,SNPP,North Kalimantan,Bulungan
2.419102039328869,117.87065492488841,1,9.260000228881836,2026-08-17,SNPP,North Kalimantan,Bulungan
2.419102039328869,117.87403038527412,1,37.529998779296875,2026-08-17,SNPP,North Kalimantan,Bulungan
2.419102039328869,117.87740584565978,1,37.529998779296875,2026-08-17,SNPP,North Kalimantan,Bulungan
2.419102039328869,117.88078130604549,1,37.529998779296875,2026-08-17,SNPP,North Kalimantan,Bulungan
2.419102039328869,117.88415676643118,1,23.639999389648438,2026-08-17,SNPP,North Kalimantan,Bulungan
2.419102039328869,117.88753222681689,1,23.639999389648438,2026-08-17,SNPP,North Kalimantan,Bulungan
2.419102039328869,117.89090768720257,1,23.639999389648438,2026-08-17,SNPP,North Kalimantan,Bulungan
2.419102039328869,117.89428314758825,1,27.209999084472656,2026-08-17,SNPP,North Kalimantan,Bulungan
2.4157295871078945,117.87036202792632,1,7.769999980926514,2026-08-17,SNPP,North Kalimantan,Bulungan
2.4157295871078945,117.87373747992434,1,7.769999980926514,2026-08-17,SNPP,North Kalimantan,Bulungan
2.4157295871078945,117.87711293192231,1,7.769999980926514,2026-08-17,SNPP,North Kalimantan,Bulungan
2.4157295871078945,117.88048838392035,1,13.789999961853027,2026-08-17,SNPP,North Kalimantan,Bulungan
2.4157295871078945,117.88386383591832,1,23.639999389648438,2026-08-17,SNPP,North Kalimantan,Bulungan
2.4157295871078945,117.88723928791634,1,23.639999389648438,2026-08-17,SNPP,North Kalimantan,Bulungan
2.4157295871078945,117.89061473991437,1,23.639999389648438,2026-08-17,SNPP,North Kalimantan,Bulungan
2.412357134886921,117.87006954078512,1,7.769999980926514,2026-08-17,SNPP,North Kalimantan,Bulungan
2.412357134886921,117.8734449844072,1,7.769999980926514,2026-08-17,SNPP,North Kalimantan,Bulungan
2.412357134886921,117.87682042802922,1,7.769999980926514,2026-08-17,SNPP,North Kalimantan,Bulungan
2.412357134886921,117.8801958716513,1,13.789999961853027,2026-08-17,SNPP,North Kalimantan,Bulungan
2.412357134886921,117.88357131527334,1,6.989999771118164,2026-08-17,SNPP,North Kalimantan,Bulungan
2.412357134886921,117.88694675889542,1,6.989999771118164,2026-08-17,SNPP,North Kalimantan,Bulungan
2.412357134886921,117.89032220251747,1,6.989999771118164,2026-08-17,SNPP,North Kalimantan,Bulungan
2.4089846826659467,117.87315289871762,1,7.769999980926514,2026-08-17,SNPP,North Kalimantan,Bulungan
2.4089846826659467,117.87652833397544,1,7.769999980926514,2026-08-17,SNPP,North Kalimantan,Bulungan
2.3516529949093856,117.9020030893443,1,13.529999732971191,2026-08-17,SNPP,East Kalimantan,Berau
2.3516529949093856,117.90537838420593,1,13.529999732971191,2026-08-17,SNPP,East Kalimantan,Berau
2.3516529949093856,117.90875367906759,1,13.529999732971191,2026-08-17,SNPP,East Kalimantan,Berau
2.3516529949093856,117.9762595763005,1,3.180000066757202,2026-08-17,SNPP,East Kalimantan,Berau
2.3516529949093856,117.97963487116213,1,8.010000228881836,2026-08-17,SNPP,East Kalimantan,Berau
2.3516529949093856,117.98301016602382,1,8.010000228881836,2026-08-17,SNPP,East Kalimantan,Berau
2.3482805426884115,117.90171829816094,1,13.529999732971191,2026-08-17,SNPP,East Kalimantan,Berau
2.3482805426884115,117.90509358486959,1,13.529999732971191,2026-08-17,SNPP,East Kalimantan,Berau
2.3482805426884115,117.90846887157825,1,13.529999732971191,2026-08-17,SNPP,East Kalimantan,Berau
2.3482805426884115,117.97597460575132,1,3.180000066757202,2026-08-17,SNPP,East Kalimantan,Berau
2.3482805426884115,117.97934989245996,1,8.010000228881836,2026-08-17,SNPP,East Kalimantan,Berau
2.3482805426884115,117.98272517916864,1,8.010000228881836,2026-08-17,SNPP,East Kalimantan,Berau
2.344908090467437,117.97569004531005,1,3.180000066757202,2026-08-17,SNPP,East Kalimantan,Berau
2.344908090467437,117.97906532387742,1,8.010000228881836,2026-08-17,SNPP,East Kalimantan,Berau
2.344908090467437,117.98244060244484,1,8.010000228881836,2026-08-17,SNPP,East Kalimantan,Berau
2.3314182815835403,118.00830836572226,1,1.7000000476837158,2026-08-17,SNPP,East Kalimantan,Berau
2.3314182815835403,118.01168361184193,1,1.7000000476837158,2026-08-17,SNPP,East Kalimantan,Berau
2.328045829362566,118.00802577492064,1,1.7000000476837158,2026-08-17,SNPP,East Kalimantan,Berau
2.328045829362566,118.01140101295772,1,1.7000000476837158,2026-08-17,SNPP,East Kalimantan,Berau
2.3145560204786695,117.99002348450225,1,86.94999694824219,2026-08-17,SNPP,East Kalimantan,Berau
2.3145560204786695,117.99339869032626,1,86.94999694824219,2026-08-17,SNPP,East Kalimantan,Berau
2.3111835682576958,117.98974298474997,1,86.94999694824219,2026-08-17,SNPP,East Kalimantan,Berau
2.3111835682576958,117.99311818255002,1,86.94999694824219,2026-08-17,SNPP,East Kalimantan,Berau
2.307811116036721,117.98608770532242,1,86.94999694824219,2026-08-17,SNPP,East Kalimantan,Berau
2.307811116036721,117.98946289511032,1,86.94999694824219,2026-08-17,SNPP,East Kalimantan,Berau
2.307811116036721,117.99283808489818,1,86.94999694824219,2026-08-17,SNPP,East Kalimantan,Berau
2.307811116036721,117.99621327468608,1,4.409999847412109,2026-08-17,SNPP,East Kalimantan,Berau
2.304438663815747,117.985808033791,1,86.94999694824219,2026-08-17,SNPP,East Kalimantan,Berau
2.304438663815747,117.98918321557845,1,4.409999847412109,2026-08-17,SNPP,East Kalimantan,Berau
2.304438663815747,117.99255839736583,1,4.409999847412109,2026-08-17,SNPP,East Kalimantan,Berau
2.304438663815747,117.99593357915325,1,4.409999847412109,2026-08-17,SNPP,East Kalimantan,Berau
2.301066211594773,117.98890394614948,1,4.409999847412109,2026-08-17,SNPP,East Kalimantan,Berau
2.301066211594773,117.99227911994812,1,4.409999847412109,2026-08-17,SNPP,East Kalimantan,Berau
2.301066211594773,117.9956542937468,1,4.409999847412109,2026-08-17,SNPP,East Kalimantan,Berau
2.2976937593737987,117.9042459412771,1,12.289999961853027,2026-08-17,SNPP,East Kalimantan,Berau
2.2976937593737987,117.90762110709876,1,12.289999961853027,2026-08-17,SNPP,East Kalimantan,Berau
2.2976937593737987,117.91099627292043,1,12.289999961853027,2026-08-17,SNPP,East Kalimantan,Berau
2.2943213071528246,117.88371674403314,1,4.309999942779541,2026-08-17,SNPP,East Kalimantan,Berau
2.2943213071528246,117.88709190188955,1,4.309999942779541,2026-08-17,SNPP,East Kalimantan,Berau
2.2943213071528246,117.89046705974592,1,4.309999942779541,2026-08-17,SNPP,East Kalimantan,Berau
2.2943213071528246,117.90396769117143,1,12.289999961853027,2026-08-17,SNPP,East Kalimantan,Berau
2.2943213071528246,117.9073428490278,1,12.289999961853027,2026-08-17,SNPP,East Kalimantan,Berau
2.2943213071528246,117.91071800688421,1,12.289999961853027,2026-08-17,SNPP,East Kalimantan,Berau
2.2909488549318504,117.81593595338728,1,5.329999923706055,2026-08-17,SNPP,East Kalimantan,Berau
2.2909488549318504,117.81931110329012,1,5.329999923706055,2026-08-17,SNPP,East Kalimantan,Berau
2.2909488549318504,117.82268625319296,1,5.329999923706055,2026-08-17,SNPP,East Kalimantan,Berau
2.2909488549318504,117.8834389514439,1,4.309999942779541,2026-08-17,SNPP,East Kalimantan,Berau
2.2909488549318504,117.88681410134674,1,4.309999942779541,2026-08-17,SNPP,East Kalimantan,Berau
2.2909488549318504,117.89018925124955,1,4.309999942779541,2026-08-17,SNPP,East Kalimantan,Berau
2.2909488549318504,117.9036898508609,1,12.289999961853027,2026-08-17,SNPP,East Kalimantan,Berau
2.2909488549318504,117.90706500076371,1,12.289999961853027,2026-08-17,SNPP,East Kalimantan,Berau
2.2909488549318504,117.91044015066655,1,12.289999961853027,2026-08-17,SNPP,East Kalimantan,Berau
2.2875764027108763,117.8156587293543,1,5.329999923706055,2026-08-17,SNPP,East Kalimantan,Berau
2.2875764027108763,117.81903387131531,1,2.859999895095825,2026-08-17,SNPP,East Kalimantan,Berau
2.2875764027108763,117.8224090132763,1,2.859999895095825,2026-08-17,SNPP,East Kalimantan,Berau
2.2875764027108763,117.82578415523732,1,2.859999895095825,2026-08-17,SNPP,East Kalimantan,Berau
2.2875764027108763,117.88316156857455,1,4.309999942779541,2026-08-17,SNPP,East Kalimantan,Berau
2.2875764027108763,117.88653671053557,1,4.309999942779541,2026-08-17,SNPP,East Kalimantan,Berau
2.2875764027108763,117.88991185249657,1,4.309999942779541,2026-08-17,SNPP,East Kalimantan,Berau
2.2875764027108763,117.90678756230164,1,9.140000343322754,2026-08-17,SNPP,East Kalimantan,Berau
2.2875764027108763,117.91016270426266,1,9.140000343322754,2026-08-17,SNPP,East Kalimantan,Berau
2.2875764027108763,117.92366327210671,1,9.930000305175781,2026-08-17,SNPP,East Kalimantan,Berau
2.2875764027108763,117.92703841406772,1,9.930000305175781,2026-08-17,SNPP,East Kalimantan,Berau
2.2875764027108763,117.93041355602877,1,9.930000305175781,2026-08-17,SNPP,East Kalimantan,Berau
2.284203950489902,117.81538191480178,1,5.329999923706055,2026-08-17,SNPP,East Kalimantan,Berau
2.284203950489902,117.81875704883274,1,2.859999895095825,2026-08-17,SNPP,East Kalimantan,Berau
2.284203950489902,117.82213218286363,1,2.859999895095825,2026-08-17,SNPP,East Kalimantan,Berau
2.284203950489902,117.82550731689456,1,2.859999895095825,2026-08-17,SNPP,East Kalimantan,Berau
2.284203950489902,117.86263379123479,1,6.320000171661377,2026-08-17,SNPP,East Kalimantan,Berau
2.284203950489902,117.86600892526569,1,6.320000171661377,2026-08-17,SNPP,East Kalimantan,Berau
2.284203950489902,117.92001106976052,1,2.4100000858306885,2026-08-17,SNPP,East Kalimantan,Berau
2.284203950489902,117.92338620379142,1,9.930000305175781,2026-08-17,SNPP,East Kalimantan,Berau
2.284203950489902,117.92676133782237,1,9.930000305175781,2026-08-17,SNPP,East Kalimantan,Berau
2.284203950489902,117.9301364718533,1,9.930000305175781,2026-08-17,SNPP,East Kalimantan,Berau
2.284203950489902,117.93351160588422,1,2.190000057220459,2026-08-17,SNPP,East Kalimantan,Berau
2.284203950489902,117.94026187394606,1,4.400000095367432,2026-08-17,SNPP,East Kalimantan,Berau
2.284203950489902,117.943637007977,1,4.400000095367432,2026-08-17,SNPP,East Kalimantan,Berau
2.280831498268928,117.81848063583756,1,2.859999895095825,2026-08-17,SNPP,East Kalimantan,Berau
2.280831498268928,117.82185576195012,1,2.859999895095825,2026-08-17,SNPP,East Kalimantan,Berau
2.280831498268928,117.82523088806269,1,2.859999895095825,2026-08-17,SNPP,East Kalimantan,Berau
2.280831498268928,117.86235727530098,1,11.079999923706055,2026-08-17,SNPP,East Kalimantan,Berau
2.280831498268928,117.86573240141352,1,11.079999923706055,2026-08-17,SNPP,East Kalimantan,Berau
2.280831498268928,117.91973441921468,1,2.4100000858306885,2026-08-17,SNPP,East Kalimantan,Berau
2.280831498268928,117.92310954532722,1,9.930000305175781,2026-08-17,SNPP,East Kalimantan,Berau
2.280831498268928,117.92648467143981,1,9.930000305175781,2026-08-17,SNPP,East Kalimantan,Berau
2.280831498268928,117.92985979755238,1,9.930000305175781,2026-08-17,SNPP,East Kalimantan,Berau
2.280831498268928,117.93323492366494,1,2.190000057220459,2026-08-17,SNPP,East Kalimantan,Berau
2.280831498268928,117.93661004977751,1,5.150000095367432,2026-08-17,SNPP,East Kalimantan,Berau
2.280831498268928,117.93998517589007,1,5.150000095367432,2026-08-17,SNPP,East Kalimantan,Berau
2.280831498268928,117.94336030200265,1,5.150000095367432,2026-08-17,SNPP,East Kalimantan,Berau
2.280831498268928,117.99736231980377,1,10.149999618530273,2026-08-17,SNPP,East Kalimantan,Berau
2.280831498268928,118.00073744591634,1,10.149999618530273,2026-08-17,SNPP,East Kalimantan,Berau
2.280831498268928,118.0041125720289,1,10.149999618530273,2026-08-17,SNPP,East Kalimantan,Berau
2.277459046047954,117.8620811690023,1,11.079999923706055,2026-08-17,SNPP,East Kalimantan,Berau
2.277459046047954,117.8654562872082,1,11.079999923706055,2026-08-17,SNPP,East Kalimantan,Berau
2.277459046047954,117.86883140541417,1,0.9800000190734863,2026-08-17,SNPP,East Kalimantan,Berau
2.277459046047954,117.87220652362011,1,0.9800000190734863,2026-08-17,SNPP,East Kalimantan,Berau
2.277459046047954,117.87558164182605,1,0.9800000190734863,2026-08-17,SNPP,East Kalimantan,Berau
2.277459046047954,117.91945817850333,1,2.4100000858306885,2026-08-17,SNPP,East Kalimantan,Berau
2.277459046047954,117.92283329670926,1,2.0899999141693115,2026-08-17,SNPP,East Kalimantan,Berau
2.277459046047954,117.9262084149152,1,2.190000057220459,2026-08-17,SNPP,East Kalimantan,Berau
2.277459046047954,117.92958353312116,1,2.190000057220459,2026-08-17,SNPP,East Kalimantan,Berau
2.277459046047954,117.9329586513271,1,2.190000057220459,2026-08-17,SNPP,East Kalimantan,Berau
2.277459046047954,117.93633376953304,1,5.150000095367432,2026-08-17,SNPP,East Kalimantan,Berau
2.277459046047954,117.93970888773897,1,5.150000095367432,2026-08-17,SNPP,East Kalimantan,Berau
2.277459046047954,117.94308400594494,1,5.150000095367432,2026-08-17,SNPP,East Kalimantan,Berau
2.277459046047954,117.94645912415088,1,6.480000019073486,2026-08-17,SNPP,East Kalimantan,Berau
2.277459046047954,117.94983424235681,1,6.480000019073486,2026-08-17,SNPP,East Kalimantan,Berau
2.277459046047954,117.95320936056278,1,6.480000019073486,2026-08-17,SNPP,East Kalimantan,Berau
2.277459046047954,117.99708589724004,1,10.149999618530273,2026-08-17,SNPP,East Kalimantan,Berau
2.277459046047954,118.00046101544598,1,10.149999618530273,2026-08-17,SNPP,East Kalimantan,Berau
2.277459046047954,118.00383613365193,1,10.149999618530273,2026-08-17,SNPP,East Kalimantan,Berau
2.274086593826979,117.8618054723339,1,11.079999923706055,2026-08-17,SNPP,East Kalimantan,Berau
2.274086593826979,117.86518058264494,1,11.079999923706055,2026-08-17,SNPP,East Kalimantan,Berau
2.274086593826979,117.86855569295601,1,0.9800000190734863,2026-08-17,SNPP,East Kalimantan,Berau
2.274086593826979,117.87193080326705,1,1.149999976158142,2026-08-17,SNPP,East Kalimantan,Berau
2.274086593826979,117.8753059135781,1,8.319999694824219,2026-08-17,SNPP,East Kalimantan,Berau
2.274086593826979,117.87868102388917,1,8.319999694824219,2026-08-17,SNPP,East Kalimantan,Berau
2.274086593826979,117.88205613420018,1,8.319999694824219,2026-08-17,SNPP,East Kalimantan,Berau
2.274086593826979,117.93605789917697,1,5.150000095367432,2026-08-17,SNPP,East Kalimantan,Berau
2.274086593826979,117.93943300948801,1,5.150000095367432,2026-08-17,SNPP,East Kalimantan,Berau
2.274086593826979,117.94280811979905,1,5.150000095367432,2026-08-17,SNPP,East Kalimantan,Berau
2.274086593826979,117.94618323011012,1,6.480000019073486,2026-08-17,SNPP,East Kalimantan,Berau
2.274086593826979,117.94955834042115,1,6.480000019073486,2026-08-17,SNPP,East Kalimantan,Berau
2.274086593826979,117.95293345073222,1,6.480000019073486,2026-08-17,SNPP,East Kalimantan,Berau
2.274086593826979,117.99680988477586,1,10.149999618530273,2026-08-17,SNPP,East Kalimantan,Berau
2.274086593826979,118.00018499508688,1,10.149999618530273,2026-08-17,SNPP,East Kalimantan,Berau
2.274086593826979,118.00356010539792,1,10.149999618530273,2026-08-17,SNPP,East Kalimantan,Berau
2.270714141606005,117.81090364887285,1,8.59000015258789,2026-08-17,SNPP,East Kalimantan,Berau
2.270714141606005,117.81427875130072,1,8.59000015258789,2026-08-17,SNPP,East Kalimantan,Berau
2.270714141606005,117.81765385372861,1,8.59000015258789,2026-08-17,SNPP,East Kalimantan,Berau
2.270714141606005,117.86828039014685,1,0.9800000190734863,2026-08-17,SNPP,East Kalimantan,Berau
2.270714141606005,117.87165549257472,1,1.149999976158142,2026-08-17,SNPP,East Kalimantan,Berau
2.270714141606005,117.87503059500261,1,8.319999694824219,2026-08-17,SNPP,East Kalimantan,Berau
2.270714141606005,117.87840569743051,1,8.319999694824219,2026-08-17,SNPP,East Kalimantan,Berau
2.270714141606005,117.88178079985838,1,8.319999694824219,2026-08-17,SNPP,East Kalimantan,Berau
2.270714141606005,117.94253264356026,1,3.2200000286102295,2026-08-17,SNPP,East Kalimantan,Berau
2.270714141606005,117.94590774598815,1,6.480000019073486,2026-08-17,SNPP,East Kalimantan,Berau
2.270714141606005,117.94928284841602,1,6.480000019073486,2026-08-17,SNPP,East Kalimantan,Berau
2.270714141606005,117.95265795084391,1,6.480000019073486,2026-08-17,SNPP,East Kalimantan,Berau
2.270714141606005,117.99653428240639,1,4.489999771118164,2026-08-17,SNPP,East Kalimantan,Berau
2.270714141606005,117.99990938483425,1,4.489999771118164,2026-08-17,SNPP,East Kalimantan,Berau
2.270714141606005,118.00328448726215,1,2.3399999141693115,2026-08-17,SNPP,East Kalimantan,Berau
2.2673416893850313,117.81062888952233,1,8.59000015258789,2026-08-17,SNPP,East Kalimantan,Berau
2.2673416893850313,117.81400398407875,1,8.59000015258789,2026-08-17,SNPP,East Kalimantan,Berau
2.2673416893850313,117.81737907863521,1,8.59000015258789,2026-08-17,SNPP,East Kalimantan,Berau
2.2673416893850313,117.86800549698192,1,0.9800000190734863,2026-08-17,SNPP,East Kalimantan,Berau
2.2673416893850313,117.87138059153834,1,1.149999976158142,2026-08-17,SNPP,East Kalimantan,Berau
2.2673416893850313,117.8747556860948,1,1.149999976158142,2026-08-17,SNPP,East Kalimantan,Berau
2.2673416893850313,117.87813078065125,1,1.149999976158142,2026-08-17,SNPP,East Kalimantan,Berau
2.2673416893850313,117.92538210444151,1,0.8600000143051147,2026-08-17,SNPP,East Kalimantan,Berau
2.2673416893850313,117.92875719899796,1,5.039999961853027,2026-08-17,SNPP,East Kalimantan,Berau
2.2673416893850313,117.9321322935544,1,5.039999961853027,2026-08-17,SNPP,East Kalimantan,Berau
2.2673416893850313,117.9962590901269,1,4.489999771118164,2026-08-17,SNPP,East Kalimantan,Berau
2.2673416893850313,117.99963418468333,1,5.599999904632568,2026-08-17,SNPP,East Kalimantan,Berau
2.2673416893850313,118.0030092792398,1,5.599999904632568,2026-08-17,SNPP,East Kalimantan,Berau
2.2673416893850313,118.00638437379624,1,5.599999904632568,2026-08-17,SNPP,East Kalimantan,Berau
2.263969237164057,117.81372962630856,1,8.59000015258789,2026-08-17,SNPP,East Kalimantan,Berau
2.263969237164057,117.81710471300529,1,8.59000015258789,2026-08-17,SNPP,East Kalimantan,Berau
2.263969237164057,117.925107487301,1,6.489999771118164,2026-08-17,SNPP,East Kalimantan,Berau
2.263969237164057,117.92848257399778,1,6.489999771118164,2026-08-17,SNPP,East Kalimantan,Berau
2.263969237164057,117.93185766069449,1,5.039999961853027,2026-08-17,SNPP,East Kalimantan,Berau
2.263969237164057,117.93523274739124,1,5.409999847412109,2026-08-17,SNPP,East Kalimantan,Berau
2.263969237164057,117.94873309417821,1,7.0,2026-08-17,SNPP,East Kalimantan,Berau
2.263969237164057,117.95210818087494,1,7.0,2026-08-17,SNPP,East Kalimantan,Berau
2.263969237164057,117.95548326757168,1,7.0,2026-08-17,SNPP,East Kalimantan,Berau
2.263969237164057,117.99598430793259,1,4.489999771118164,2026-08-17,SNPP,East Kalimantan,Berau
2.263969237164057,117.99935939462934,1,5.599999904632568,2026-08-17,SNPP,East Kalimantan,Berau
2.263969237164057,118.00273448132607,1,5.599999904632568,2026-08-17,SNPP,East Kalimantan,Berau
2.263969237164057,118.0061095680228,1,5.599999904632568,2026-08-17,SNPP,East Kalimantan,Berau
2.263969237164057,118.00948465471956,1,5.599999904632568,2026-08-17,SNPP,East Kalimantan,Berau
2.2605967849430826,117.82695599338042,1,3.690000057220459,2026-08-17,SNPP,East Kalimantan,Berau
2.2605967849430826,117.83033107222919,1,3.690000057220459,2026-08-17,SNPP,East Kalimantan,Berau
2.2605967849430826,117.83370615107798,1,3.690000057220459,2026-08-17,SNPP,East Kalimantan,Berau
2.2605967849430826,117.83708122992671,1,3.690000057220459,2026-08-17,SNPP,East Kalimantan,Berau
2.2605967849430826,117.9248332799946,1,6.489999771118164,2026-08-17,SNPP,East Kalimantan,Berau
2.2605967849430826,117.92820835884339,1,6.489999771118164,2026-08-17,SNPP,East Kalimantan,Berau
2.2605967849430826,117.93158343769213,1,5.039999961853027,2026-08-17,SNPP,East Kalimantan,Berau
2.2605967849430826,117.93495851654092,1,5.409999847412109,2026-08-17,SNPP,East Kalimantan,Berau
2.2605967849430826,117.94845883193595,1,7.0,2026-08-17,SNPP,East Kalimantan,Berau
2.2605967849430826,117.95183391078474,1,7.0,2026-08-17,SNPP,East Kalimantan,Berau
2.2605967849430826,117.95520898963348,1,7.0,2026-08-17,SNPP,East Kalimantan,Berau
2.2605967849430826,117.99908501466743,1,5.599999904632568,2026-08-17,SNPP,East Kalimantan,Berau
2.2605967849430826,118.00246009351622,1,5.599999904632568,2026-08-17,SNPP,East Kalimantan,Berau
2.2605967849430826,118.00583517236495,1,5.599999904632568,2026-08-17,SNPP,East Kalimantan,Berau
2.2605967849430826,118.00921025121374,1,5.599999904632568,2026-08-17,SNPP,East Kalimantan,Berau
2.2572243327221084,117.82668242315454,1,3.690000057220459,2026-08-17,SNPP,East Kalimantan,Berau
2.2572243327221084,117.83005749416702,1,3.690000057220459,2026-08-17,SNPP,East Kalimantan,Berau
2.2572243327221084,117.83343256517956,1,3.690000057220459,2026-08-17,SNPP,East Kalimantan,Berau
2.2572243327221084,117.83680763619208,1,3.690000057220459,2026-08-17,SNPP,East Kalimantan,Berau
2.2572243327221084,117.92455948251755,1,1.0199999809265137,2026-08-17,SNPP,East Kalimantan,Berau
2.2572243327221084,117.9279345535301,1,5.409999847412109,2026-08-17,SNPP,East Kalimantan,Berau
2.2572243327221084,117.93130962454258,1,5.409999847412109,2026-08-17,SNPP,East Kalimantan,Berau
2.2572243327221084,117.9346846955551,1,5.409999847412109,2026-08-17,SNPP,East Kalimantan,Berau
2.2572243327221084,117.94818497960517,1,7.0,2026-08-17,SNPP,East Kalimantan,Berau
2.2572243327221084,117.95156005061769,1,7.0,2026-08-17,SNPP,East Kalimantan,Berau
2.2572243327221084,117.9549351216302,1,7.0,2026-08-17,SNPP,East Kalimantan,Berau
2.2572243327221084,118.00218611580547,1,5.599999904632568,2026-08-17,SNPP,East Kalimantan,Berau
2.2572243327221084,118.00556118681799,1,5.599999904632568,2026-08-17,SNPP,East Kalimantan,Berau
2.2572243327221084,118.0089362578305,1,5.599999904632568,2026-08-17,SNPP,East Kalimantan,Berau
2.2504794282801606,117.93076322778283,1,1.6299999952316284,2026-08-17,SNPP,East Kalimantan,Berau
2.2504794282801606,117.93413828315806,1,1.6299999952316284,2026-08-17,SNPP,East Kalimantan,Berau
2.2504794282801606,117.93751333853324,1,1.6299999952316284,2026-08-17,SNPP,East Kalimantan,Berau
2.247106976059186,117.93049064416316,1,1.6299999952316284,2026-08-17,SNPP,East Kalimantan,Berau
2.247106976059186,117.93386569173732,1,1.6299999952316284,2026-08-17,SNPP,East Kalimantan,Berau
2.247106976059186,117.93724073931146,1,1.6299999952316284,2026-08-17,SNPP,East Kalimantan,Berau
2.243734523838212,117.93021847037731,1,1.6299999952316284,2026-08-17,SNPP,East Kalimantan,Berau
2.243734523838212,117.93359351016214,1,1.6299999952316284,2026-08-17,SNPP,East Kalimantan,Berau
2.243734523838212,117.93696854994695,1,1.6299999952316284,2026-08-17,SNPP,East Kalimantan,Berau
2.2403620716172377,117.5553181536187,1,4.610000133514404,2026-08-17,SNPP,East Kalimantan,Berau
2.2403620716172377,117.55869318562594,1,4.610000133514404,2026-08-17,SNPP,East Kalimantan,Berau
2.2369896193962635,117.55504766149815,1,4.610000133514404,2026-08-17,SNPP,East Kalimantan,Berau
2.2369896193962635,117.55842268573949,1,4.610000133514404,2026-08-17,SNPP,East Kalimantan,Berau
2.2336171671752894,117.55477757789538,1,4.610000133514404,2026-08-17,SNPP,East Kalimantan,Berau
2.2336171671752894,117.55815259438258,1,4.610000133514404,2026-08-17,SNPP,East Kalimantan,Berau
2.230244714954315,117.55450790280574,1,3.069999933242798,2026-08-17,SNPP,East Kalimantan,Berau
2.230244714954315,117.55788291155052,1,3.069999933242798,2026-08-17,SNPP,East Kalimantan,Berau
2.226872262733341,117.87823873357878,1,4.460000038146973,2026-08-17,SNPP,East Kalimantan,Berau
2.226872262733341,117.88161373459288,1,4.460000038146973,2026-08-17,SNPP,East Kalimantan,Berau
2.226872262733341,117.88498873560698,1,4.460000038146973,2026-08-17,SNPP,East Kalimantan,Berau
2.223499810512367,117.87121914789101,1,2.9000000953674316,2026-08-17,SNPP,East Kalimantan,Berau
2.223499810512367,117.8745941411862,1,2.9000000953674316,2026-08-17,SNPP,East Kalimantan,Berau
2.223499810512367,117.87796913448132,1,4.460000038146973,2026-08-17,SNPP,East Kalimantan,Berau
2.223499810512367,117.88134412777646,1,4.460000038146973,2026-08-17,SNPP,East Kalimantan,Berau
2.223499810512367,117.88471912107161,1,4.460000038146973,2026-08-17,SNPP,East Kalimantan,Berau
2.2201273582913927,117.870949973833,1,2.9000000953674316,2026-08-17,SNPP,East Kalimantan,Berau
2.2201273582913927,117.87432495942093,1,2.9000000953674316,2026-08-17,SNPP,East Kalimantan,Berau
2.2167549060704186,117.87068120937184,1,2.9000000953674316,2026-08-17,SNPP,East Kalimantan,Berau
2.2167549060704186,117.87405618726427,1,2.9000000953674316,2026-08-17,SNPP,East Kalimantan,Berau
2.213382453849444,117.85691297366834,1,5.150000095367432,2026-08-17,SNPP,East Kalimantan,Berau
2.213382453849444,117.86028794387697,1,5.150000095367432,2026-08-17,SNPP,East Kalimantan,Berau
2.213382453849444,117.86366291408561,1,5.150000095367432,2026-08-17,SNPP,East Kalimantan,Berau
2.2100100016284703,117.85664505907512,1,5.150000095367432,2026-08-17,SNPP,East Kalimantan,Berau
2.2100100016284703,117.86002002161169,1,5.150000095367432,2026-08-17,SNPP,East Kalimantan,Berau
2.2100100016284703,117.8633949841483,1,5.150000095367432,2026-08-17,SNPP,East Kalimantan,Berau
0.7531106421676264,111.73520045556553,1,7.090000152587891,2026-08-17,SNPP,West Kalimantan,Sintang
0.7531106421676264,111.73857319913944,1,7.090000152587891,2026-08-17,SNPP,West Kalimantan,Sintang
0.7531106421676264,111.74194594271334,1,7.090000152587891,2026-08-17,SNPP,West Kalimantan,Sintang
0.7497381899466522,111.73511419732634,1,7.090000152587891,2026-08-17,SNPP,West Kalimantan,Sintang
0.7497381899466522,111.73848693829653,1,7.090000152587891,2026-08-17,SNPP,West Kalimantan,Sintang
0.7497381899466522,111.74185967926671,1,7.090000152587891,2026-08-17,SNPP,West Kalimantan,Sintang
0.7362483810627554,111.48181823638026,1,45.41999816894531,2026-08-17,SNPP,West Kalimantan,Sintang
0.7362483810627554,111.48519096705246,1,45.41999816894531,2026-08-17,SNPP,West Kalimantan,Sintang
0.7328759288417812,111.48173410524194,1,45.41999816894531,2026-08-17,SNPP,West Kalimantan,Sintang
0.7328759288417812,111.48510683336887,1,45.41999816894531,2026-08-17,SNPP,West Kalimantan,Sintang
0.7295034766208071,111.48165036046363,1,45.41999816894531,2026-08-17,SNPP,West Kalimantan,Sintang
0.7295034766208071,111.48502308605697,1,45.41999816894531,2026-08-17,SNPP,West Kalimantan,Sintang
0.5811155788979433,112.05843968384077,1,5.329999923706055,2026-08-17,SNPP,West Kalimantan,Kapuas Hulu
0.5811155788979433,112.06181230952768,1,5.329999923706055,2026-08-17,SNPP,West Kalimantan,Kapuas Hulu
0.5811155788979433,112.06518493521459,1,5.329999923706055,2026-08-17,SNPP,West Kalimantan,Kapuas Hulu
0.5777431266769691,112.0583729785502,1,5.329999923706055,2026-08-17,SNPP,West Kalimantan,Kapuas Hulu
0.5777431266769691,112.06174560222948,1,5.329999923706055,2026-08-17,SNPP,West Kalimantan,Kapuas Hulu
0.5777431266769691,112.06511822590875,1,5.329999923706055,2026-08-17,SNPP,West Kalimantan,Kapuas Hulu
0.574370674455995,112.05830666156999,1,5.329999923706055,2026-08-17,SNPP,West Kalimantan,Kapuas Hulu
0.574370674455995,112.06167928325333,1,5.329999923706055,2026-08-17,SNPP,West Kalimantan,Kapuas Hulu
0.574370674455995,112.06505190493665,1,5.329999923706055,2026-08-17,SNPP,West Kalimantan,Kapuas Hulu
0.5069216300365115,112.12788613401244,1,4.710000038146973,2026-08-17,SNPP,West Kalimantan,Kapuas Hulu
0.5069216300365115,112.13125871823111,1,4.710000038146973,2026-08-17,SNPP,West Kalimantan,Kapuas Hulu
0.5069216300365115,112.13463130244979,1,4.710000038146973,2026-08-17,SNPP,West Kalimantan,Kapuas Hulu
0.5035491778155373,112.12782793453363,1,4.710000038146973,2026-08-17,SNPP,West Kalimantan,Kapuas Hulu
0.5035491778155373,112.13120051700179,1,4.710000038146973,2026-08-17,SNPP,West Kalimantan,Kapuas Hulu
0.5035491778155373,112.13457309946993,1,4.710000038146973,2026-08-17,SNPP,West Kalimantan,Kapuas Hulu
0.5001767255945632,112.12777012358686,1,4.710000038146973,2026-08-17,SNPP,West Kalimantan,Kapuas Hulu
0.5001767255945632,112.13114270431619,1,4.710000038146973,2026-08-17,SNPP,West Kalimantan,Kapuas Hulu
0.5001767255945632,112.13451528504548,1,4.710000038146973,2026-08-17,SNPP,West Kalimantan,Kapuas Hulu
0.4462174900589763,111.99874091710645,1,20.81999969482422,2026-08-17,SNPP,West Kalimantan,Kapuas Hulu
0.4462174900589763,112.00211347160365,1,20.81999969482422,2026-08-17,SNPP,West Kalimantan,Kapuas Hulu
0.4462174900589763,112.00548602610084,1,20.81999969482422,2026-08-17,SNPP,West Kalimantan,Kapuas Hulu
0.4428450378380021,111.99868976958341,1,20.81999969482422,2026-08-17,SNPP,West Kalimantan,Kapuas Hulu
0.4428450378380021,112.00206232254044,1,20.81999969482422,2026-08-17,SNPP,West Kalimantan,Kapuas Hulu
0.4428450378380021,112.00543487549746,1,20.81999969482422,2026-08-17,SNPP,West Kalimantan,Kapuas Hulu
0.43947258561702796,111.99863901013136,1,21.559999465942383,2026-08-17,SNPP,West Kalimantan,Kapuas Hulu
0.43947258561702796,112.00201156155988,1,21.559999465942383,2026-08-17,SNPP,West Kalimantan,Kapuas Hulu
0.43947258561702796,112.00538411298842,1,21.559999465942383,2026-08-17,SNPP,West Kalimantan,Kapuas Hulu
0.40237561118631204,112.0723020470979,1,3.859999895095825,2026-08-17,SNPP,West Kalimantan,Kapuas Hulu
0.40237561118631204,112.07567458248431,1,3.859999895095825,2026-08-17,SNPP,West Kalimantan,Kapuas Hulu
0.40237561118631204,112.07904711787069,1,3.859999895095825,2026-08-17,SNPP,West Kalimantan,Kapuas Hulu
0.3990031589653379,112.07225591388925,1,3.859999895095825,2026-08-17,SNPP,West Kalimantan,Kapuas Hulu
0.3990031589653379,112.07562844788738,1,3.859999895095825,2026-08-17,SNPP,West Kalimantan,Kapuas Hulu
0.3990031589653379,112.07900098188551,1,3.859999895095825,2026-08-17,SNPP,West Kalimantan,Kapuas Hulu
0.3956307067443637,112.07221016899776,1,3.859999895095825,2026-08-17,SNPP,West Kalimantan,Kapuas Hulu
0.3956307067443637,112.07558270161933,1,3.859999895095825,2026-08-17,SNPP,West Kalimantan,Kapuas Hulu
0.3956307067443637,112.07895523424085,1,3.859999895095825,2026-08-17,SNPP,West Kalimantan,Kapuas Hulu
0.3720235411975445,111.92688232512623,1,35.58000183105469,2026-08-17,SNPP,West Kalimantan,Kapuas Hulu
0.3720235411975445,111.93025484843892,1,35.58000183105469,2026-08-17,SNPP,West Kalimantan,Kapuas Hulu
0.3720235411975445,111.9875877447547,1,2.799999952316284,2026-08-17,SNPP,West Kalimantan,Kapuas Hulu
0.3720235411975445,111.99096026806741,1,2.799999952316284,2026-08-17,SNPP,West Kalimantan,Kapuas Hulu
0.3720235411975445,111.9943327913801,1,2.799999952316284,2026-08-17,SNPP,West Kalimantan,Kapuas Hulu
0.3686510889765703,111.92683974191715,1,35.58000183105469,2026-08-17,SNPP,West Kalimantan,Kapuas Hulu
0.3686510889765703,111.93021226394674,1,35.58000183105469,2026-08-17,SNPP,West Kalimantan,Kapuas Hulu
0.3686510889765703,111.98754513844992,1,2.799999952316284,2026-08-17,SNPP,West Kalimantan,Kapuas Hulu
0.3686510889765703,111.99091766047952,1,2.799999952316284,2026-08-17,SNPP,West Kalimantan,Kapuas Hulu
0.3686510889765703,111.99429018250912,1,2.799999952316284,2026-08-17,SNPP,West Kalimantan,Kapuas Hulu
0.36527863675559613,111.92679754651589,1,35.58000183105469,2026-08-17,SNPP,West Kalimantan,Kapuas Hulu
0.36527863675559613,111.93017006727408,1,35.58000183105469,2026-08-17,SNPP,West Kalimantan,Kapuas Hulu
0.36527863675559613,111.98750292016327,1,2.799999952316284,2026-08-17,SNPP,West Kalimantan,Kapuas Hulu
0.36527863675559613,111.99087544092146,1,2.799999952316284,2026-08-17,SNPP,West Kalimantan,Kapuas Hulu
0.36527863675559613,111.99424796167965,1,2.799999952316284,2026-08-17,SNPP,West Kalimantan,Kapuas Hulu
0.3619061845346219,111.9705984924017,1,4.610000133514404,2026-08-17,SNPP,West Kalimantan,Kapuas Hulu
0.3619061845346219,111.97397101190019,1,4.610000133514404,2026-08-17,SNPP,West Kalimantan,Kapuas Hulu
0.3619061845346219,111.97734353139865,1,4.610000133514404,2026-08-17,SNPP,West Kalimantan,Kapuas Hulu
0.3619061845346219,111.9807160508971,1,6.809999942779541,2026-08-17,SNPP,West Kalimantan,Kapuas Hulu
0.3619061845346219,112.19992981829722,1,3.569999933242798,2026-08-17,SNPP,West Kalimantan,Kapuas Hulu
0.3619061845346219,112.20330233779568,1,3.569999933242798,2026-08-17,SNPP,West Kalimantan,Kapuas Hulu
0.3619061845346219,112.20667485729415,1,3.569999933242798,2026-08-17,SNPP,West Kalimantan,Kapuas Hulu
0.3619061845346219,112.2100473767926,1,4.650000095367432,2026-08-17,SNPP,West Kalimantan,Kapuas Hulu
0.3585337323136477,111.97055705638935,1,4.610000133514404,2026-08-17,SNPP,West Kalimantan,Kapuas Hulu
0.3585337323136477,111.97392957463978,1,4.610000133514404,2026-08-17,SNPP,West Kalimantan,Kapuas Hulu
0.3585337323136477,111.9773020928902,1,4.610000133514404,2026-08-17,SNPP,West Kalimantan,Kapuas Hulu
0.3585337323136477,111.98067461114061,1,6.809999942779541,2026-08-17,SNPP,West Kalimantan,Kapuas Hulu
0.3585337323136477,112.19988829741816,1,3.569999933242798,2026-08-17,SNPP,West Kalimantan,Kapuas Hulu
0.3585337323136477,112.20326081566857,1,3.569999933242798,2026-08-17,SNPP,West Kalimantan,Kapuas Hulu
0.3585337323136477,112.20663333391899,1,3.569999933242798,2026-08-17,SNPP,West Kalimantan,Kapuas Hulu
0.3585337323136477,112.21000585216942,1,4.650000095367432,2026-08-17,SNPP,West Kalimantan,Kapuas Hulu
0.35516128009267356,111.97051600833454,1,4.610000133514404,2026-08-17,SNPP,West Kalimantan,Kapuas Hulu
0.35516128009267356,111.97388852534861,1,4.610000133514404,2026-08-17,SNPP,West Kalimantan,Kapuas Hulu
0.35516128009267356,111.97726104236268,1,4.610000133514404,2026-08-17,SNPP,West Kalimantan,Kapuas Hulu
0.35516128009267356,111.98063355937676,1,6.809999942779541,2026-08-17,SNPP,West Kalimantan,Kapuas Hulu
0.35516128009267356,112.19984716529122,1,3.569999933242798,2026-08-17,SNPP,West Kalimantan,Kapuas Hulu
0.35516128009267356,112.2032196823053,1,3.569999933242798,2026-08-17,SNPP,West Kalimantan,Kapuas Hulu
0.35516128009267356,112.20659219931936,1,3.569999933242798,2026-08-17,SNPP,West Kalimantan,Kapuas Hulu
0.35516128009267356,112.20996471633343,1,4.650000095367432,2026-08-17,SNPP,West Kalimantan,Kapuas Hulu
0.34841637565072525,112.00416022185884,1,6.949999809265137,2026-08-17,SNPP,West Kalimantan,Kapuas Hulu
0.34841637565072525,112.00753273643525,1,6.949999809265137,2026-08-17,SNPP,West Kalimantan,Kapuas Hulu
0.34504392342975104,112.0041203256594,1,6.949999809265137,2026-08-17,SNPP,West Kalimantan,Kapuas Hulu
0.34504392342975104,112.00749283903453,1,11.15999984741211,2026-08-17,SNPP,West Kalimantan,Kapuas Hulu
0.34504392342975104,112.01086535240964,1,11.15999984741211,2026-08-17,SNPP,West Kalimantan,Kapuas Hulu
0.34504392342975104,112.01423786578475,1,11.15999984741211,2026-08-17,SNPP,West Kalimantan,Kapuas Hulu
0.3416714712087769,112.00408081753154,1,6.949999809265137,2026-08-17,SNPP,West Kalimantan,Kapuas Hulu
0.3416714712087769,112.00745332971707,1,11.15999984741211,2026-08-17,SNPP,West Kalimantan,Kapuas Hulu
0.3416714712087769,112.01082584190257,1,11.15999984741211,2026-08-17,SNPP,West Kalimantan,Kapuas Hulu
0.3416714712087769,112.01419835408807,1,11.15999984741211,2026-08-17,SNPP,West Kalimantan,Kapuas Hulu
0.3382990189878027,112.0040416974746,1,6.949999809265137,2026-08-17,SNPP,West Kalimantan,Kapuas Hulu
0.3382990189878027,112.00741420848219,1,11.15999984741211,2026-08-17,SNPP,West Kalimantan,Kapuas Hulu
0.3382990189878027,112.01078671948976,1,11.15999984741211,2026-08-17,SNPP,West Kalimantan,Kapuas Hulu
0.3382990189878027,112.01415923049733,1,11.15999984741211,2026-08-17,SNPP,West Kalimantan,Kapuas Hulu
0.32818166232488016,112.15568950519774,1,26.6200008392334,2026-08-17,SNPP,West Kalimantan,Kapuas Hulu
0.32818166232488016,112.15906201274163,1,26.6200008392334,2026-08-17,SNPP,West Kalimantan,Kapuas Hulu
0.32818166232488016,112.16243452028554,1,26.6200008392334,2026-08-17,SNPP,West Kalimantan,Kapuas Hulu
0.324809210103906,112.15565188651419,1,26.6200008392334,2026-08-17,SNPP,West Kalimantan,Kapuas Hulu
0.324809210103906,112.1590243929269,1,26.6200008392334,2026-08-17,SNPP,West Kalimantan,Kapuas Hulu
0.324809210103906,112.16239689933961,1,26.6200008392334,2026-08-17,SNPP,West Kalimantan,Kapuas Hulu
0.32143675788293186,112.15561465642404,1,26.6200008392334,2026-08-17,SNPP,West Kalimantan,Kapuas Hulu
0.32143675788293186,112.15898716171725,1,26.6200008392334,2026-08-17,SNPP,West Kalimantan,Kapuas Hulu
0.32143675788293186,112.16235966701045,1,26.6200008392334,2026-08-17,SNPP,West Kalimantan,Kapuas Hulu
0.267477522347345,112.17193426803036,1,4.139999866485596,2026-08-17,SNPP,West Kalimantan,Kapuas Hulu
0.267477522347345,112.17530675700063,1,4.139999866485596,2026-08-17,SNPP,West Kalimantan,Kapuas Hulu
0.267477522347345,112.17867924597091,1,4.139999866485596,2026-08-17,SNPP,West Kalimantan,Kapuas Hulu
0.26410507012637086,112.17190363933058,1,4.139999866485596,2026-08-17,SNPP,West Kalimantan,Kapuas Hulu
0.26410507012637086,112.17527612738,1,4.139999866485596,2026-08-17,SNPP,West Kalimantan,Kapuas Hulu
0.26410507012637086,112.17864861542941,1,4.139999866485596,2026-08-17,SNPP,West Kalimantan,Kapuas Hulu
0.26073261790539665,112.17187339927206,1,4.139999866485596,2026-08-17,SNPP,West Kalimantan,Kapuas Hulu
0.26073261790539665,112.17524588641228,1,4.139999866485596,2026-08-17,SNPP,West Kalimantan,Kapuas Hulu
0.26073261790539665,112.17861837355254,1,4.139999866485596,2026-08-17,SNPP,West Kalimantan,Kapuas Hulu
0.23038054791662907,112.05020946611356,1,6.5,2026-08-17,SNPP,West Kalimantan,Kapuas Hulu
0.23038054791662907,112.053581945597,1,6.5,2026-08-17,SNPP,West Kalimantan,Kapuas Hulu
0.23038054791662907,112.05695442508043,1,6.5,2026-08-17,SNPP,West Kalimantan,Kapuas Hulu
0.2270080956956549,112.05018314096378,1,6.5,2026-08-17,SNPP,West Kalimantan,Kapuas Hulu
0.2270080956956549,112.05355561965489,1,6.5,2026-08-17,SNPP,West Kalimantan,Kapuas Hulu
0.2270080956956549,112.056928098346,1,6.5,2026-08-17,SNPP,West Kalimantan,Kapuas Hulu
0.22363564347468073,112.05015720402923,1,6.5,2026-08-17,SNPP,West Kalimantan,Kapuas Hulu
0.22363564347468073,112.0535296819397,1,6.5,2026-08-17,SNPP,West Kalimantan,Kapuas Hulu
0.22363564347468073,112.05690215985015,1,6.5,2026-08-17,SNPP,West Kalimantan,Kapuas Hulu
0.19328357348591316,112.13762549790198,1,3.890000104904175,2026-08-17,SNPP,West Kalimantan,Kapuas Hulu
0.19328357348591316,112.1409979693124,1,3.890000104904175,2026-08-17,SNPP,West Kalimantan,Kapuas Hulu
0.19328357348591316,112.14437044072282,1,3.890000104904175,2026-08-17,SNPP,West Kalimantan,Kapuas Hulu
0.18991112126493898,112.13760342583706,1,3.890000104904175,2026-08-17,SNPP,West Kalimantan,Kapuas Hulu
0.18991112126493898,112.14097589658367,1,3.890000104904175,2026-08-17,SNPP,West Kalimantan,Kapuas Hulu
0.18991112126493898,112.1443483673303,1,3.890000104904175,2026-08-17,SNPP,West Kalimantan,Kapuas Hulu
0.1865386690439648,112.13758174228657,1,3.890000104904175,2026-08-17,SNPP,West Kalimantan,Kapuas Hulu
0.1865386690439648,112.14095421238108,1,3.890000104904175,2026-08-17,SNPP,West Kalimantan,Kapuas Hulu
0.1865386690439648,112.14432668247558,1,3.890000104904175,2026-08-17,SNPP,West Kalimantan,Kapuas Hulu
0.17642131238104228,112.06669719034487,1,13.270000457763672,2026-08-17,SNPP,West Kalimantan,Sintang
0.17642131238104228,112.07006965855311,1,13.270000457763672,2026-08-17,SNPP,West Kalimantan,Sintang
0.17642131238104228,112.07344212676138,1,13.270000457763672,2026-08-17,SNPP,West Kalimantan,Sintang
0.1730488601600681,112.0666770735615,1,13.270000457763672,2026-08-17,SNPP,West Kalimantan,Sintang
0.1730488601600681,112.07004954116435,1,13.270000457763672,2026-08-17,SNPP,West Kalimantan,Sintang
0.1730488601600681,112.07342200876722,1,13.270000457763672,2026-08-17,SNPP,West Kalimantan,Sintang
0.14606924239227467,112.07664750642896,1,46.099998474121094,2026-08-17,SNPP,West Kalimantan,Sintang
0.14606924239227467,112.0800199696094,1,46.099998474121094,2026-08-17,SNPP,West Kalimantan,Sintang
0.14606924239227467,112.08339243278982,1,46.099998474121094,2026-08-17,SNPP,West Kalimantan,Sintang
0.14269679017130052,112.07663088253844,1,46.099998474121094,2026-08-17,SNPP,West Kalimantan,Sintang
0.14269679017130052,112.08000334521866,1,46.099998474121094,2026-08-17,SNPP,West Kalimantan,Sintang
0.14269679017130052,112.08337580789885,1,46.099998474121094,2026-08-17,SNPP,West Kalimantan,Sintang
0.13932433795032634,112.0766146469474,1,46.099998474121094,2026-08-17,SNPP,West Kalimantan,Sintang
0.13932433795032634,112.07998710913907,1,46.099998474121094,2026-08-17,SNPP,West Kalimantan,Sintang
0.13932433795032634,112.08335957133073,1,46.099998474121094,2026-08-17,SNPP,West Kalimantan,Sintang
1.6029686018531184,118.09173691368288,1,1.3700000047683716,2026-08-17,SNPP,East Kalimantan,Berau
1.6029686018531184,118.09511068617226,1,1.3700000047683716,2026-08-17,SNPP,East Kalimantan,Berau
1.6029686018531184,118.09848445866167,1,1.3700000047683716,2026-08-17,SNPP,East Kalimantan,Berau
1.5995961496321445,118.09154260119612,1,1.3700000047683716,2026-08-17,SNPP,East Kalimantan,Berau
1.5995961496321445,118.09491636813418,1,1.3700000047683716,2026-08-17,SNPP,East Kalimantan,Berau
1.5995961496321445,118.09829013507228,1,1.3700000047683716,2026-08-17,SNPP,East Kalimantan,Berau
1.59622369741117,118.09134869848107,1,1.3700000047683716,2026-08-17,SNPP,East Kalimantan,Berau
1.59622369741117,118.0947224598795,1,1.3700000047683716,2026-08-17,SNPP,East Kalimantan,Berau
1.59622369741117,118.09809622127794,1,1.3700000047683716,2026-08-17,SNPP,East Kalimantan,Berau
1.0667486987182246,117.67471407196383,1,1.3600000143051147,2026-08-17,SNPP,East Kalimantan,Kutai Timur
1.0667486987182246,117.67808710878309,1,1.3600000143051147,2026-08-17,SNPP,East Kalimantan,Kutai Timur
1.0667486987182246,117.68146014560232,1,1.3600000143051147,2026-08-17,SNPP,East Kalimantan,Kutai Timur
1.0633762464972505,117.6745853037818,1,1.3600000143051147,2026-08-17,SNPP,East Kalimantan,Kutai Timur
1.0633762464972505,117.67795833691002,1,1.3600000143051147,2026-08-17,SNPP,East Kalimantan,Kutai Timur
1.0633762464972505,117.68133137003822,1,1.3600000143051147,2026-08-17,SNPP,East Kalimantan,Kutai Timur
1.0600037942762763,117.67445694356968,1,1.3600000143051147,2026-08-17,SNPP,East Kalimantan,Kutai Timur
1.0600037942762763,117.67782997301858,1,1.3600000143051147,2026-08-17,SNPP,East Kalimantan,Kutai Timur
1.0600037942762763,117.68120300246746,1,1.3600000143051147,2026-08-17,SNPP,East Kalimantan,Kutai Timur
0.31806430566195765,115.41341685800643,1,1.9600000381469727,2026-08-17,SNPP,East Kalimantan,Mahakam Hulu
0.31806430566195765,115.41678936219182,1,1.9600000381469727,2026-08-17,SNPP,East Kalimantan,Mahakam Hulu
0.31806430566195765,115.42016186637719,1,1.9600000381469727,2026-08-17,SNPP,East Kalimantan,Mahakam Hulu
0.3146918534409835,115.41337934623542,1,1.9600000381469727,2026-08-17,SNPP,East Kalimantan,Mahakam Hulu
0.3146918534409835,115.41675184932465,1,1.9600000381469727,2026-08-17,SNPP,East Kalimantan,Mahakam Hulu
0.3146918534409835,115.42012435241394,1,1.9600000381469727,2026-08-17,SNPP,East Kalimantan,Mahakam Hulu
0.8711464699017225,111.34384094772803,1,8.210000038146973,2026-08-17,SNPP,West Kalimantan,Sintang
0.8711464699017225,111.3472137897965,1,8.210000038146973,2026-08-17,SNPP,West Kalimantan,Sintang
0.8711464699017225,111.35058663186496,1,8.210000038146973,2026-08-17,SNPP,West Kalimantan,Sintang
0.8677740176807482,111.34374148746295,1,8.210000038146973,2026-08-17,SNPP,West Kalimantan,Sintang
0.8677740176807482,111.34711432651856,1,8.210000038146973,2026-08-17,SNPP,West Kalimantan,Sintang
0.8677740176807482,111.35048716557415,1,8.210000038146973,2026-08-17,SNPP,West Kalimantan,Sintang
0.8644015654597741,111.34364241313041,1,8.210000038146973,2026-08-17,SNPP,West Kalimantan,Sintang
0.8644015654597741,111.34701524918484,1,8.210000038146973,2026-08-17,SNPP,West Kalimantan,Sintang
0.8644015654597741,111.35038808523927,1,8.210000038146973,2026-08-17,SNPP,West Kalimantan,Sintang
0.823932138808084,110.66792343281607,1,5.920000076293945,2026-08-17,SNPP,West Kalimantan,Sanggau
0.823932138808084,110.67129623376829,1,5.920000076293945,2026-08-17,SNPP,West Kalimantan,Sanggau
0.823932138808084,110.6746690347205,1,5.920000076293945,2026-08-17,SNPP,West Kalimantan,Sanggau
0.8205596865871099,110.66782994529217,1,6.570000171661377,2026-08-17,SNPP,West Kalimantan,Sanggau
0.8205596865871099,110.67120274339518,1,6.570000171661377,2026-08-17,SNPP,West Kalimantan,Sanggau
0.8205596865871099,110.67457554149821,1,6.570000171661377,2026-08-17,SNPP,West Kalimantan,Sanggau
0.8171872343661356,110.6677368413394,1,6.570000171661377,2026-08-17,SNPP,West Kalimantan,Sanggau
0.8171872343661356,110.6711096366049,1,6.570000171661377,2026-08-17,SNPP,West Kalimantan,Sanggau
0.8171872343661356,110.6744824318704,1,6.570000171661377,2026-08-17,SNPP,West Kalimantan,Sanggau
0.8138147821451615,110.66764412095611,1,6.570000171661377,2026-08-17,SNPP,West Kalimantan,Sanggau
0.8138147821451615,110.6710169133958,1,6.570000171661377,2026-08-17,SNPP,West Kalimantan,Sanggau
0.8138147821451615,110.6743897058355,1,6.570000171661377,2026-08-17,SNPP,West Kalimantan,Sanggau
0.7396208332837295,110.84782890679793,1,2.6700000762939453,2026-08-17,SNPP,West Kalimantan,Sanggau
0.7396208332837295,110.8512016400271,1,2.6700000762939453,2026-08-17,SNPP,West Kalimantan,Sanggau
0.7362483810627554,110.84774487000699,1,2.6700000762939453,2026-08-17,SNPP,West Kalimantan,Sanggau
0.7362483810627554,110.85111760067917,1,2.6700000762939453,2026-08-17,SNPP,West Kalimantan,Sanggau
0.7328759288417812,110.84766121738001,1,2.6700000762939453,2026-08-17,SNPP,West Kalimantan,Sanggau
0.7328759288417812,110.85103394550694,1,2.6700000762939453,2026-08-17,SNPP,West Kalimantan,Sanggau
0.6451921710964528,110.62302512655498,1,9.550000190734863,2026-08-17,SNPP,West Kalimantan,Sanggau
0.6451921710964528,110.62639779260745,1,9.550000190734863,2026-08-17,SNPP,West Kalimantan,Sanggau
0.6451921710964528,110.6297704586599,1,9.550000190734863,2026-08-17,SNPP,West Kalimantan,Sanggau
0.6418197188754785,110.62295199298853,1,9.550000190734863,2026-08-17,SNPP,West Kalimantan,Sanggau
0.6418197188754785,110.62632465681132,1,9.550000190734863,2026-08-17,SNPP,West Kalimantan,Sanggau
0.6418197188754785,110.62969732063408,1,9.550000190734863,2026-08-17,SNPP,West Kalimantan,Sanggau
0.6384472666545042,110.62287924277659,1,9.550000190734863,2026-08-17,SNPP,West Kalimantan,Sanggau
0.6384472666545042,110.62625190438136,1,9.550000190734863,2026-08-17,SNPP,West Kalimantan,Sanggau
0.6384472666545042,110.62962456598613,1,9.550000190734863,2026-08-17,SNPP,West Kalimantan,Sanggau
0.5979778400028143,110.92220073656576,1,3.8299999237060547,2026-08-17,SNPP,West Kalimantan,Sanggau
0.5979778400028143,110.92557337246612,1,3.8299999237060547,2026-08-17,SNPP,West Kalimantan,Sanggau
0.5979778400028143,110.9289460083665,1,3.8299999237060547,2026-08-17,SNPP,West Kalimantan,Sanggau
0.5946053877818401,110.92213278597026,1,3.8299999237060547,2026-08-17,SNPP,West Kalimantan,Sanggau
0.5946053877818401,110.92550541980458,1,3.8299999237060547,2026-08-17,SNPP,West Kalimantan,Sanggau
0.5946053877818401,110.92887805363888,1,3.8299999237060547,2026-08-17,SNPP,West Kalimantan,Sanggau
0.5912329355608659,110.92206521975243,1,3.8299999237060547,2026-08-17,SNPP,West Kalimantan,Sanggau
0.5912329355608659,110.92543785153235,1,3.8299999237060547,2026-08-17,SNPP,West Kalimantan,Sanggau
0.5912329355608659,110.92881048331229,1,3.8299999237060547,2026-08-17,SNPP,West Kalimantan,Sanggau
0.5305287955833307,110.66122480153686,1,8.84000015258789,2026-08-17,SNPP,West Kalimantan,Sanggau
0.5305287955833307,110.66459739833641,1,8.84000015258789,2026-08-17,SNPP,West Kalimantan,Sanggau
0.5305287955833307,110.66796999513598,1,8.84000015258789,2026-08-17,SNPP,West Kalimantan,Sanggau
0.5271563433623565,110.66116467936845,1,8.84000015258789,2026-08-17,SNPP,West Kalimantan,Sanggau
0.5271563433623565,110.6645372743357,1,8.84000015258789,2026-08-17,SNPP,West Kalimantan,Sanggau
0.5271563433623565,110.66790986930293,1,8.84000015258789,2026-08-17,SNPP,West Kalimantan,Sanggau
0.5237838911413824,110.66110494065573,1,8.84000015258789,2026-08-17,SNPP,West Kalimantan,Sanggau
0.5237838911413824,110.66447753380231,1,8.84000015258789,2026-08-17,SNPP,West Kalimantan,Sanggau
0.5237838911413824,110.66785012694889,1,8.84000015258789,2026-08-17,SNPP,West Kalimantan,Sanggau
0.49005936893164054,110.59644970728768,1,33.400001525878906,2026-08-17,SNPP,West Kalimantan,Sanggau
0.49005936893164054,110.59982228287059,1,33.400001525878906,2026-08-17,SNPP,West Kalimantan,Sanggau
0.49005936893164054,110.6031948584535,1,33.400001525878906,2026-08-17,SNPP,West Kalimantan,Sanggau
0.49005936893164054,110.79880424226228,1,127.5999984741211,2026-08-17,SNPP,West Kalimantan,Sanggau
0.49005936893164054,110.8021768178452,1,127.5999984741211,2026-08-17,SNPP,West Kalimantan,Sanggau
0.49005936893164054,110.80554939342811,1,127.5999984741211,2026-08-17,SNPP,West Kalimantan,Sanggau
0.4866869167106664,110.59639421866969,1,33.400001525878906,2026-08-17,SNPP,West Kalimantan,Sanggau
0.4866869167106664,110.59976679256052,1,33.400001525878906,2026-08-17,SNPP,West Kalimantan,Sanggau
0.4866869167106664,110.60313936645133,1,33.400001525878906,2026-08-17,SNPP,West Kalimantan,Sanggau
0.4866869167106664,110.79874865211868,1,127.5999984741211,2026-08-17,SNPP,West Kalimantan,Sanggau
0.4866869167106664,110.80212122600949,1,127.5999984741211,2026-08-17,SNPP,West Kalimantan,Sanggau
0.4866869167106664,110.8054937999003,1,127.5999984741211,2026-08-17,SNPP,West Kalimantan,Sanggau
0.48331446448969223,110.59633911327332,1,33.400001525878906,2026-08-17,SNPP,West Kalimantan,Sanggau
0.48331446448969223,110.59971168548374,1,33.400001525878906,2026-08-17,SNPP,West Kalimantan,Sanggau
0.48331446448969223,110.60308425769414,1,33.400001525878906,2026-08-17,SNPP,West Kalimantan,Sanggau
0.48331446448969223,110.79869344589784,1,127.5999984741211,2026-08-17,SNPP,West Kalimantan,Sanggau
0.48331446448969223,110.80206601810825,1,127.5999984741211,2026-08-17,SNPP,West Kalimantan,Sanggau
0.48331446448969223,110.80543859031866,1,127.5999984741211,2026-08-17,SNPP,West Kalimantan,Sanggau
0.46982465560579556,110.69392692644838,1,13.109999656677246,2026-08-17,SNPP,West Kalimantan,Sanggau
0.46982465560579556,110.69729949205403,1,21.389999389648438,2026-08-17,SNPP,West Kalimantan,Sanggau
0.46982465560579556,110.70067205765966,1,21.389999389648438,2026-08-17,SNPP,West Kalimantan,Sanggau
0.46982465560579556,110.7040446232653,1,21.389999389648438,2026-08-17,SNPP,West Kalimantan,Sanggau
0.46982465560579556,110.70741718887093,1,13.109999656677246,2026-08-17,SNPP,West Kalimantan,Sanggau
0.4664522033848214,110.6938736901085,1,13.109999656677246,2026-08-17,SNPP,West Kalimantan,Sanggau
0.4664522033848214,110.69724625409216,1,21.389999389648438,2026-08-17,SNPP,West Kalimantan,Sanggau
0.4664522033848214,110.70061881807582,1,21.389999389648438,2026-08-17,SNPP,West Kalimantan,Sanggau
0.4664522033848214,110.70399138205948,1,21.389999389648438,2026-08-17,SNPP,West Kalimantan,Sanggau
0.4664522033848214,110.70736394604315,1,13.109999656677246,2026-08-17,SNPP,West Kalimantan,Sanggau
0.46307975116384714,110.69382083732347,1,13.109999656677246,2026-08-17,SNPP,West Kalimantan,Sanggau
0.46307975116384714,110.69719339969684,1,21.389999389648438,2026-08-17,SNPP,West Kalimantan,Sanggau
0.46307975116384714,110.7005659620702,1,21.389999389648438,2026-08-17,SNPP,West Kalimantan,Sanggau
0.46307975116384714,110.70393852444359,1,21.389999389648438,2026-08-17,SNPP,West Kalimantan,Sanggau
0.46307975116384714,110.70731108681696,1,13.109999656677246,2026-08-17,SNPP,West Kalimantan,Sanggau
0.4327276811750796,110.57532322784711,1,3.1600000858306885,2026-08-17,SNPP,West Kalimantan,Sanggau
0.4327276811750796,110.57869577625371,1,3.1600000858306885,2026-08-17,SNPP,West Kalimantan,Sanggau
0.4327276811750796,110.58206832466034,1,3.1600000858306885,2026-08-17,SNPP,West Kalimantan,Sanggau
0.42935522895410544,110.57527426283168,1,3.1600000858306885,2026-08-17,SNPP,West Kalimantan,Sanggau
0.42935522895410544,110.57864680974487,1,3.1600000858306885,2026-08-17,SNPP,West Kalimantan,Sanggau
0.42935522895410544,110.58201935665805,1,3.1600000858306885,2026-08-17,SNPP,West Kalimantan,Sanggau
0.4259827767331313,110.57522568095243,1,3.1600000858306885,2026-08-17,SNPP,West Kalimantan,Sanggau
0.4259827767331313,110.57859822638385,1,3.1600000858306885,2026-08-17,SNPP,West Kalimantan,Sanggau
0.4259827767331313,110.58197077181529,1,3.1600000858306885,2026-08-17,SNPP,West Kalimantan,Sanggau
0.42261032451215713,110.66960871312676,1,5.659999847412109,2026-08-17,SNPP,West Kalimantan,Sanggau
0.42261032451215713,110.67298125708813,1,5.659999847412109,2026-08-17,SNPP,West Kalimantan,Sanggau
0.42261032451215713,110.6763538010495,1,5.659999847412109,2026-08-17,SNPP,West Kalimantan,Sanggau
0.4192378722911829,110.66956085668276,1,5.659999847412109,2026-08-17,SNPP,West Kalimantan,Sanggau
0.4192378722911829,110.67293339918575,1,5.659999847412109,2026-08-17,SNPP,West Kalimantan,Sanggau
0.4192378722911829,110.67630594168874,1,5.659999847412109,2026-08-17,SNPP,West Kalimantan,Sanggau
0.4158654200702087,110.66951338369962,1,5.659999847412109,2026-08-17,SNPP,West Kalimantan,Sanggau
0.4158654200702087,110.67288592475592,1,5.659999847412109,2026-08-17,SNPP,West Kalimantan,Sanggau
0.4158654200702087,110.67625846581223,1,5.659999847412109,2026-08-17,SNPP,West Kalimantan,Sanggau
0.4057480634072862,110.70984370694322,1,33.939998626708984,2026-08-17,SNPP,West Kalimantan,Sanggau
0.4057480634072862,110.71321624372955,1,33.939998626708984,2026-08-17,SNPP,West Kalimantan,Sanggau
0.4057480634072862,110.71658878051588,1,33.939998626708984,2026-08-17,SNPP,West Kalimantan,Sanggau
0.40237561118631204,110.70979775099595,1,33.939998626708984,2026-08-17,SNPP,West Kalimantan,Sanggau
0.40237561118631204,110.71317028638234,1,33.939998626708984,2026-08-17,SNPP,West Kalimantan,Sanggau
0.40237561118631204,110.71654282176873,1,33.939998626708984,2026-08-17,SNPP,West Kalimantan,Sanggau
0.3990031589653379,110.70975217864572,1,33.939998626708984,2026-08-17,SNPP,West Kalimantan,Sanggau
0.3990031589653379,110.71312471264385,1,33.939998626708984,2026-08-17,SNPP,West Kalimantan,Sanggau
0.3990031589653379,110.71649724664196,1,33.939998626708984,2026-08-17,SNPP,West Kalimantan,Sanggau
0.2539877134634483,110.97795426872304,1,8.8100004196167,2026-08-17,SNPP,West Kalimantan,Sekadau
0.2539877134634483,110.98132675407997,1,8.8100004196167,2026-08-17,SNPP,West Kalimantan,Sekadau
0.2539877134634483,110.98469923943689,1,8.8100004196167,2026-08-17,SNPP,West Kalimantan,Sekadau
0.25061526124247413,110.97792550402512,1,8.8100004196167,2026-08-17,SNPP,West Kalimantan,Sekadau
0.25061526124247413,110.98129798850793,1,8.8100004196167,2026-08-17,SNPP,West Kalimantan,Sekadau
0.25061526124247413,110.98467047299073,1,8.8100004196167,2026-08-17,SNPP,West Kalimantan,Sekadau
0.24724280902149998,110.97789712383008,1,8.8100004196167,2026-08-17,SNPP,West Kalimantan,Sekadau
0.24724280902149998,110.98126960745044,1,8.8100004196167,2026-08-17,SNPP,West Kalimantan,Sekadau
0.24724280902149998,110.98464209107081,1,8.8100004196167,2026-08-17,SNPP,West Kalimantan,Sekadau
0.19328357348591316,110.69758020565142,1,14.640000343322754,2026-08-17,SNPP,West Kalimantan,Sanggau
0.19328357348591316,110.70095267706185,1,14.640000343322754,2026-08-17,SNPP,West Kalimantan,Sanggau
0.19328357348591316,110.70432514847228,1,14.640000343322754,2026-08-17,SNPP,West Kalimantan,Sanggau
0.18991112126493898,110.68406853404436,1,7.0,2026-08-17,SNPP,West Kalimantan,Sanggau
0.18991112126493898,110.68744100479098,1,7.0,2026-08-17,SNPP,West Kalimantan,Sanggau
0.18991112126493898,110.69081347553758,1,7.0,2026-08-17,SNPP,West Kalimantan,Sanggau
0.18991112126493898,110.69755841703082,1,14.640000343322754,2026-08-17,SNPP,West Kalimantan,Sanggau
0.18991112126493898,110.70093088777745,1,14.640000343322754,2026-08-17,SNPP,West Kalimantan,Sanggau
0.18991112126493898,110.70430335852407,1,14.640000343322754,2026-08-17,SNPP,West Kalimantan,Sanggau
0.1865386690439648,110.68404713155746,1,7.0,2026-08-17,SNPP,West Kalimantan,Sanggau
0.1865386690439648,110.68741960165197,1,7.0,2026-08-17,SNPP,West Kalimantan,Sanggau
0.1865386690439648,110.69079207174646,1,7.0,2026-08-17,SNPP,West Kalimantan,Sanggau
0.1865386690439648,110.69753701193545,1,14.640000343322754,2026-08-17,SNPP,West Kalimantan,Sanggau
0.1865386690439648,110.70090948202996,1,14.640000343322754,2026-08-17,SNPP,West Kalimantan,Sanggau
0.1865386690439648,110.70428195212445,1,14.640000343322754,2026-08-17,SNPP,West Kalimantan,Sanggau
0.1831662168229906,110.7750827878084,1,6.269999980926514,2026-08-17,SNPP,West Kalimantan,Sanggau
0.1831662168229906,110.77845525726246,1,6.269999980926514,2026-08-17,SNPP,West Kalimantan,Sanggau
0.1831662168229906,110.78182772671653,1,6.269999980926514,2026-08-17,SNPP,West Kalimantan,Sanggau
0.17979376460201646,110.77506213530111,1,6.269999980926514,2026-08-17,SNPP,West Kalimantan,Sanggau
0.17979376460201646,110.77843460412642,1,6.269999980926514,2026-08-17,SNPP,West Kalimantan,Sanggau
0.17979376460201646,110.78180707295174,1,6.269999980926514,2026-08-17,SNPP,West Kalimantan,Sanggau
0.17642131238104228,110.77504186658668,1,6.269999980926514,2026-08-17,SNPP,West Kalimantan,Sanggau
0.17642131238104228,110.77841433479493,1,6.269999980926514,2026-08-17,SNPP,West Kalimantan,Sanggau
0.17642131238104228,110.78178680300316,1,6.269999980926514,2026-08-17,SNPP,West Kalimantan,Sanggau
0.16630395571811976,110.73788623249845,1,49.25,2026-08-17,SNPP,West Kalimantan,Sanggau
0.16630395571811976,110.7412586989256,1,49.25,2026-08-17,SNPP,West Kalimantan,Sanggau
0.16630395571811976,110.74463116535276,1,49.25,2026-08-17,SNPP,West Kalimantan,Sanggau
0.16293150349714558,110.7378675052257,1,49.25,2026-08-17,SNPP,West Kalimantan,Sanggau
0.16293150349714558,110.7412399710825,1,49.25,2026-08-17,SNPP,West Kalimantan,Sanggau
0.16293150349714558,110.74461243693933,1,49.25,2026-08-17,SNPP,West Kalimantan,Sanggau
0.16293150349714558,110.74798490279616,1,49.25,2026-08-17,SNPP,West Kalimantan,Sanggau
0.1595590512761714,110.73784916161557,1,49.25,2026-08-17,SNPP,West Kalimantan,Sanggau
0.1595590512761714,110.74122162691376,1,49.25,2026-08-17,SNPP,West Kalimantan,Sanggau
0.1595590512761714,110.74459409221191,1,49.25,2026-08-17,SNPP,West Kalimantan,Sanggau
0.1595590512761714,110.7479665575101,1,49.25,2026-08-17,SNPP,West Kalimantan,Sanggau
0.15618659905519722,110.74120366641901,1,49.25,2026-08-17,SNPP,West Kalimantan,Sanggau
0.15618659905519722,110.74457613117022,1,49.25,2026-08-17,SNPP,West Kalimantan,Sanggau
0.15618659905519722,110.74794859592143,1,49.25,2026-08-17,SNPP,West Kalimantan,Sanggau
1.4579531563512291,117.26398018237758,1,6.659999847412109,2026-08-17,SNPP,East Kalimantan,Berau
1.4579531563512291,117.2673537267299,1,6.659999847412109,2026-08-17,SNPP,East Kalimantan,Berau
1.4545807041302548,117.26380471379521,1,6.659999847412109,2026-08-17,SNPP,East Kalimantan,Berau
1.4545807041302548,117.2671782530995,1,6.659999847412109,2026-08-17,SNPP,East Kalimantan,Berau
1.2387437619879076,117.21631507320178,1,7.789999961853027,2026-08-17,SNPP,East Kalimantan,Kutai Timur
1.2387437619879076,117.21968831377097,1,7.789999961853027,2026-08-17,SNPP,East Kalimantan,Kutai Timur
1.2387437619879076,117.2230615543402,1,7.789999961853027,2026-08-17,SNPP,East Kalimantan,Kutai Timur
1.2353713097669332,117.21616608711294,1,7.789999961853027,2026-08-17,SNPP,East Kalimantan,Kutai Timur
1.2353713097669332,117.21953932339463,1,7.789999961853027,2026-08-17,SNPP,East Kalimantan,Kutai Timur
1.2353713097669332,117.22291255967633,1,7.789999961853027,2026-08-17,SNPP,East Kalimantan,Kutai Timur
1.2319988575459593,117.2160175075026,1,7.789999961853027,2026-08-17,SNPP,East Kalimantan,Kutai Timur
1.2319988575459593,117.21939073950847,1,7.789999961853027,2026-08-17,SNPP,East Kalimantan,Kutai Timur
1.2319988575459593,117.2227639715144,1,7.789999961853027,2026-08-17,SNPP,East Kalimantan,Kutai Timur
1.0701211509391988,117.14190284564991,1,1.909999966621399,2026-08-17,SNPP,East Kalimantan,Kutai Timur
1.0701211509391988,117.14527588617183,1,1.909999966621399,2026-08-17,SNPP,East Kalimantan,Kutai Timur
1.0701211509391988,117.14864892669381,1,1.909999966621399,2026-08-17,SNPP,East Kalimantan,Kutai Timur
1.0667486987182246,117.12490907042843,1,1.600000023841858,2026-08-17,SNPP,East Kalimantan,Kutai Timur
1.0667486987182246,117.12828210724766,1,1.600000023841858,2026-08-17,SNPP,East Kalimantan,Kutai Timur
1.0667486987182246,117.13165514406691,1,1.600000023841858,2026-08-17,SNPP,East Kalimantan,Kutai Timur
1.0667486987182246,117.1417742545246,1,1.909999966621399,2026-08-17,SNPP,East Kalimantan,Kutai Timur
1.0667486987182246,117.14514729134383,1,1.909999966621399,2026-08-17,SNPP,East Kalimantan,Kutai Timur
1.0667486987182246,117.14852032816309,1,1.909999966621399,2026-08-17,SNPP,East Kalimantan,Kutai Timur
1.0633762464972505,117.1247809038828,1,1.600000023841858,2026-08-17,SNPP,East Kalimantan,Kutai Timur
1.0633762464972505,117.12815393701096,1,1.600000023841858,2026-08-17,SNPP,East Kalimantan,Kutai Timur
1.0633762464972505,117.13152697013919,1,1.600000023841858,2026-08-17,SNPP,East Kalimantan,Kutai Timur
1.0600037942762763,117.12465314340092,1,1.600000023841858,2026-08-17,SNPP,East Kalimantan,Kutai Timur
1.0600037942762763,117.12802617284979,1,1.600000023841858,2026-08-17,SNPP,East Kalimantan,Kutai Timur
1.0600037942762763,117.1313992022987,1,1.600000023841858,2026-08-17,SNPP,East Kalimantan,Kutai Timur
0.7800902599354197,110.4475082995057,1,4.96999979019165,2026-08-17,SNPP,West Kalimantan,Sanggau
0.7800902599354197,110.45088106433016,1,4.96999979019165,2026-08-17,SNPP,West Kalimantan,Sanggau
0.7800902599354197,110.45425382915461,1,4.96999979019165,2026-08-17,SNPP,West Kalimantan,Sanggau
0.7767178077144455,110.44741997360228,1,3.9700000286102295,2026-08-17,SNPP,West Kalimantan,Sanggau
0.7767178077144455,110.4507927357295,1,3.9700000286102295,2026-08-17,SNPP,West Kalimantan,Sanggau
0.7767178077144455,110.45416549785672,1,3.9700000286102295,2026-08-17,SNPP,West Kalimantan,Sanggau
0.7733453554934714,110.44733203048968,1,3.9700000286102295,2026-08-17,SNPP,West Kalimantan,Sanggau
0.7733453554934714,110.45070478993136,1,3.9700000286102295,2026-08-17,SNPP,West Kalimantan,Sanggau
0.7733453554934714,110.45407754937303,1,3.9700000286102295,2026-08-17,SNPP,West Kalimantan,Sanggau
0.7699729032724972,110.4472444701664,1,3.9700000286102295,2026-08-17,SNPP,West Kalimantan,Sanggau
0.7699729032724972,110.45061722693421,1,3.9700000286102295,2026-08-17,SNPP,West Kalimantan,Sanggau
0.7699729032724972,110.45398998370203,1,3.9700000286102295,2026-08-17,SNPP,West Kalimantan,Sanggau
0.7396208332837295,110.44647365252786,1,3.75,2026-08-17,SNPP,West Kalimantan,Sanggau
0.7396208332837295,110.44984638575704,1,3.75,2026-08-17,SNPP,West Kalimantan,Sanggau
0.7396208332837295,110.4532191189862,1,3.75,2026-08-17,SNPP,West Kalimantan,Sanggau
0.7362483810627554,110.44638992001539,1,3.559999942779541,2026-08-17,SNPP,West Kalimantan,Sanggau
0.7362483810627554,110.4497626506876,1,3.559999942779541,2026-08-17,SNPP,West Kalimantan,Sanggau
0.7362483810627554,110.4531353813598,1,3.559999942779541,2026-08-17,SNPP,West Kalimantan,Sanggau
0.7328759288417812,110.44630657027591,1,3.559999942779541,2026-08-17,SNPP,West Kalimantan,Sanggau
0.7328759288417812,110.44967929840286,1,3.559999942779541,2026-08-17,SNPP,West Kalimantan,Sanggau
0.7328759288417812,110.45305202652976,1,3.559999942779541,2026-08-17,SNPP,West Kalimantan,Sanggau
0.6654268844222977,110.36040296373764,1,8.5600004196167,2026-08-17,SNPP,West Kalimantan,Sanggau
0.6654268844222977,110.3637756434137,1,8.5600004196167,2026-08-17,SNPP,West Kalimantan,Sanggau
0.6654268844222977,110.36714832308975,1,8.5600004196167,2026-08-17,SNPP,West Kalimantan,Sanggau
0.6620544322013235,110.36032770940302,1,8.5600004196167,2026-08-17,SNPP,West Kalimantan,Sanggau
0.6620544322013235,110.36370038677929,1,8.5600004196167,2026-08-17,SNPP,West Kalimantan,Sanggau
0.6620544322013235,110.3670730641555,1,8.5600004196167,2026-08-17,SNPP,West Kalimantan,Sanggau
0.6586819799803494,110.36025283751898,1,8.5600004196167,2026-08-17,SNPP,West Kalimantan,Sanggau
0.6586819799803494,110.3636255126071,1,8.5600004196167,2026-08-17,SNPP,West Kalimantan,Sanggau
0.6586819799803494,110.3669981876952,1,8.5600004196167,2026-08-17,SNPP,West Kalimantan,Sanggau
0.4934318211526148,110.54591691982786,1,21.809999465942383,2026-08-17,SNPP,West Kalimantan,Sanggau
0.4934318211526148,110.54928949711457,1,21.809999465942383,2026-08-17,SNPP,West Kalimantan,Sanggau
0.4934318211526148,110.55266207440125,1,21.809999465942383,2026-08-17,SNPP,West Kalimantan,Sanggau
0.49005936893164054,110.54586107354402,1,21.809999465942383,2026-08-17,SNPP,West Kalimantan,Sanggau
0.49005936893164054,110.54923364912693,1,21.809999465942383,2026-08-17,SNPP,West Kalimantan,Sanggau
0.49005936893164054,110.55260622470985,1,21.809999465942383,2026-08-17,SNPP,West Kalimantan,Sanggau
0.4866869167106664,110.54580561030744,1,21.809999465942383,2026-08-17,SNPP,West Kalimantan,Sanggau
0.4866869167106664,110.54917818419827,1,21.809999465942383,2026-08-17,SNPP,West Kalimantan,Sanggau
0.4866869167106664,110.55255075808908,1,21.809999465942383,2026-08-17,SNPP,West Kalimantan,Sanggau
0.42935522895410544,110.28860777521164,1,11.739999771118164,2026-08-17,SNPP,West Kalimantan,Sanggau
0.42935522895410544,110.29198032212483,1,11.739999771118164,2026-08-17,SNPP,West Kalimantan,Sanggau
0.42935522895410544,110.295352869038,1,11.739999771118164,2026-08-17,SNPP,West Kalimantan,Sanggau
0.4259827767331313,110.28855931928094,1,11.739999771118164,2026-08-17,SNPP,West Kalimantan,Sanggau
0.4259827767331313,110.29193186471237,1,11.739999771118164,2026-08-17,SNPP,West Kalimantan,Sanggau
0.4259827767331313,110.2953044101438,1,11.739999771118164,2026-08-17,SNPP,West Kalimantan,Sanggau
0.42261032451215713,110.28851124549227,1,11.739999771118164,2026-08-17,SNPP,West Kalimantan,Sanggau
0.42261032451215713,110.29188378945365,1,11.739999771118164,2026-08-17,SNPP,West Kalimantan,Sanggau
0.42261032451215713,110.29525633341503,1,11.739999771118164,2026-08-17,SNPP,West Kalimantan,Sanggau
0.2168907390327324,110.2863013458603,1,23.860000610351562,2026-08-17,SNPP,West Kalimantan,Sanggau
0.2168907390327324,110.28967382224452,1,23.860000610351562,2026-08-17,SNPP,West Kalimantan,Sanggau
0.2168907390327324,110.29304629862874,1,23.860000610351562,2026-08-17,SNPP,West Kalimantan,Sanggau
0.2135182868117582,110.28627696351477,1,23.860000610351562,2026-08-17,SNPP,West Kalimantan,Sanggau
0.2135182868117582,110.28964943915341,1,23.860000610351562,2026-08-17,SNPP,West Kalimantan,Sanggau
0.2135182868117582,110.29302191479202,1,23.860000610351562,2026-08-17,SNPP,West Kalimantan,Sanggau
0.210145834590784,110.28625296327174,1,23.860000610351562,2026-08-17,SNPP,West Kalimantan,Sanggau
0.210145834590784,110.28962543817644,1,23.860000610351562,2026-08-17,SNPP,West Kalimantan,Sanggau
0.210145834590784,110.29299791308117,1,23.860000610351562,2026-08-17,SNPP,West Kalimantan,Sanggau
0.210145834590784,110.468366608126,1,10.279999732971191,2026-08-17,SNPP,West Kalimantan,Sanggau
0.210145834590784,110.4717390830307,1,10.279999732971191,2026-08-17,SNPP,West Kalimantan,Sanggau
0.210145834590784,110.4751115579354,1,10.279999732971191,2026-08-17,SNPP,West Kalimantan,Sanggau
0.210145834590784,110.47848403284013,1,4.590000152587891,2026-08-17,SNPP,West Kalimantan,Sanggau
0.20677338236980985,110.46834295098485,1,10.279999732971191,2026-08-17,SNPP,West Kalimantan,Sanggau
0.20677338236980985,110.47171542516733,1,10.279999732971191,2026-08-17,SNPP,West Kalimantan,Sanggau
0.20677338236980985,110.47508789934982,1,10.279999732971191,2026-08-17,SNPP,West Kalimantan,Sanggau
0.20677338236980985,110.47846037353231,1,4.590000152587891,2026-08-17,SNPP,West Kalimantan,Sanggau
0.20340093014883567,110.46831967657636,1,10.279999732971191,2026-08-17,SNPP,West Kalimantan,Sanggau
0.20340093014883567,110.47169215004828,1,10.279999732971191,2026-08-17,SNPP,West Kalimantan,Sanggau
0.20340093014883567,110.47506462352023,1,10.279999732971191,2026-08-17,SNPP,West Kalimantan,Sanggau
0.20340093014883567,110.47843709699217,1,4.590000152587891,2026-08-17,SNPP,West Kalimantan,Sanggau
0.2000284779278615,110.47166925767317,1,4.590000152587891,2026-08-17,SNPP,West Kalimantan,Sanggau
0.2000284779278615,110.47504173044625,1,4.590000152587891,2026-08-17,SNPP,West Kalimantan,Sanggau
0.2000284779278615,110.47841420321934,1,4.590000152587891,2026-08-17,SNPP,West Kalimantan,Sanggau
0.5844880311189175,113.22206333609053,1,5.460000038146973,2026-08-17,SNPP,West Kalimantan,Kapuas Hulu
0.5844880311189175,113.22543596379676,1,5.460000038146973,2026-08-17,SNPP,West Kalimantan,Kapuas Hulu
0.5844880311189175,113.22880859150298,1,5.460000038146973,2026-08-17,SNPP,West Kalimantan,Kapuas Hulu
0.5811155788979433,113.22199554582382,1,5.460000038146973,2026-08-17,SNPP,West Kalimantan,Kapuas Hulu
0.5811155788979433,113.22536817151072,1,5.460000038146973,2026-08-17,SNPP,West Kalimantan,Kapuas Hulu
0.5811155788979433,113.22874079719763,1,5.460000038146973,2026-08-17,SNPP,West Kalimantan,Kapuas Hulu
0.5777431266769691,113.22192814790061,1,5.460000038146973,2026-08-17,SNPP,West Kalimantan,Kapuas Hulu
0.5777431266769691,113.2253007715799,1,5.460000038146973,2026-08-17,SNPP,West Kalimantan,Kapuas Hulu
0.5777431266769691,113.22867339525916,1,5.460000038146973,2026-08-17,SNPP,West Kalimantan,Kapuas Hulu
0.7396208332837295,116.60508452897436,1,3.559999942779541,2026-08-17,SNPP,East Kalimantan,Kutai Timur
0.7396208332837295,116.60845726220353,1,3.559999942779541,2026-08-17,SNPP,East Kalimantan,Kutai Timur
0.7362483810627554,116.60499612744941,1,3.559999942779541,2026-08-17,SNPP,East Kalimantan,Kutai Timur
0.7362483810627554,116.60836885812162,1,3.559999942779541,2026-08-17,SNPP,East Kalimantan,Kutai Timur
0.7328759288417812,116.6049081300413,1,3.559999942779541,2026-08-17,SNPP,East Kalimantan,Kutai Timur
0.7328759288417812,116.60828085816823,1,3.559999942779541,2026-08-17,SNPP,East Kalimantan,Kutai Timur
0.16967640793909392,116.29573097453866,1,0.7200000286102295,2026-08-17,SNPP,East Kalimantan,Kutai Kartanegara
0.16967640793909392,116.29910344154781,1,0.6399999856948853,2026-08-17,SNPP,East Kalimantan,Kutai Kartanegara
0.16967640793909392,116.30247590855697,1,0.6399999856948853,2026-08-17,SNPP,East Kalimantan,Kutai Kartanegara
0.16630395571811976,116.29571090444398,1,0.7200000286102295,2026-08-17,SNPP,East Kalimantan,Kutai Kartanegara
0.16630395571811976,116.29908337087113,1,0.6399999856948853,2026-08-17,SNPP,East Kalimantan,Kutai Kartanegara
0.16630395571811976,116.30245583729828,1,0.6399999856948853,2026-08-17,SNPP,East Kalimantan,Kutai Kartanegara
0.16293150349714558,116.29569123726796,1,0.7200000286102295,2026-08-17,SNPP,East Kalimantan,Kutai Kartanegara
0.16293150349714558,116.29906370312479,1,0.6399999856948853,2026-08-17,SNPP,East Kalimantan,Kutai Kartanegara
0.16293150349714558,116.3024361689816,1,0.6399999856948853,2026-08-17,SNPP,East Kalimantan,Kutai Kartanegara
0.9149883487743868,109.425999023375,1,6.079999923706055,2026-08-17,SNPP,West Kalimantan,Bengkayang
0.9149883487743868,109.42937190567457,1,6.079999923706055,2026-08-17,SNPP,West Kalimantan,Bengkayang
0.9149883487743868,109.43274478797413,1,6.079999923706055,2026-08-17,SNPP,West Kalimantan,Bengkayang
0.9116158965534126,109.42589634662595,1,6.079999923706055,2026-08-17,SNPP,West Kalimantan,Bengkayang
0.9116158965534126,109.42926922576066,1,6.079999923706055,2026-08-17,SNPP,West Kalimantan,Bengkayang
0.9116158965534126,109.43264210489538,1,6.079999923706055,2026-08-17,SNPP,West Kalimantan,Bengkayang
0.9082434443324383,109.42579404917997,1,6.079999923706055,2026-08-17,SNPP,West Kalimantan,Bengkayang
0.9082434443324383,109.42916692516152,1,6.079999923706055,2026-08-17,SNPP,West Kalimantan,Bengkayang
0.9082434443324383,109.4325398011431,1,6.079999923706055,2026-08-17,SNPP,West Kalimantan,Bengkayang
0.6755442410852203,108.95422069022872,1,0.6800000071525574,2026-08-17,SNPP,West Kalimantan,Bengkayang
0.6755442410852203,108.95759337687434,1,0.6800000071525574,2026-08-17,SNPP,West Kalimantan,Bengkayang
0.6721717888642461,108.9541452621801,1,0.6800000071525574,2026-08-17,SNPP,West Kalimantan,Bengkayang
0.6721717888642461,108.95751794649084,1,0.6800000071525574,2026-08-17,SNPP,West Kalimantan,Bengkayang
0.668799336643272,108.95407021171205,1,0.6800000071525574,2026-08-17,SNPP,West Kalimantan,Bengkayang
0.668799336643272,108.9574428936996,1,0.6800000071525574,2026-08-17,SNPP,West Kalimantan,Bengkayang
0.5811155788979433,108.97923243169433,1,1.4700000286102295,2026-08-17,SNPP,West Kalimantan,Bengkayang
0.5811155788979433,108.98260505738124,1,1.4700000286102295,2026-08-17,SNPP,West Kalimantan,Bengkayang
0.5777431266769691,108.97579493569143,1,4.110000133514404,2026-08-17,SNPP,West Kalimantan,Bengkayang
0.5777431266769691,108.9791675593707,1,4.110000133514404,2026-08-17,SNPP,West Kalimantan,Bengkayang
0.5777431266769691,108.98254018304998,1,1.4700000286102295,2026-08-17,SNPP,West Kalimantan,Bengkayang
0.574370674455995,108.97235782132053,1,1.4800000190734863,2026-08-17,SNPP,West Kalimantan,Bengkayang
0.574370674455995,108.97573044300388,1,4.110000133514404,2026-08-17,SNPP,West Kalimantan,Bengkayang
0.574370674455995,108.97910306468721,1,4.110000133514404,2026-08-17,SNPP,West Kalimantan,Bengkayang
0.574370674455995,108.98247568637053,1,1.4700000286102295,2026-08-17,SNPP,West Kalimantan,Bengkayang
0.5709982222350208,108.97229370824459,1,1.4800000190734863,2026-08-17,SNPP,West Kalimantan,Bengkayang
0.5709982222350208,108.97566632794366,1,4.110000133514404,2026-08-17,SNPP,West Kalimantan,Bengkayang
0.5709982222350208,108.97903894764274,1,4.110000133514404,2026-08-17,SNPP,West Kalimantan,Bengkayang
0.5709982222350208,108.98241156734181,1,1.4700000286102295,2026-08-17,SNPP,West Kalimantan,Bengkayang
0.5676257700140467,108.97222997278315,1,1.4800000190734863,2026-08-17,SNPP,West Kalimantan,Bengkayang
0.5676257700140467,108.97560259050967,1,1.4800000190734863,2026-08-17,SNPP,West Kalimantan,Bengkayang
0.5676257700140467,108.97897520823616,1,1.4800000190734863,2026-08-17,SNPP,West Kalimantan,Bengkayang
0.5305287955833307,109.00865236975083,1,6.929999828338623,2026-08-17,SNPP,West Kalimantan,Mempawah
0.5305287955833307,109.01202496655038,1,6.929999828338623,2026-08-17,SNPP,West Kalimantan,Mempawah
0.5305287955833307,109.01539756334995,1,6.929999828338623,2026-08-17,SNPP,West Kalimantan,Mempawah
0.5305287955833307,109.01877016014951,1,1.6299999952316284,2026-08-17,SNPP,West Kalimantan,Mempawah
0.5271563433623565,109.00184795548945,1,0.9700000286102295,2026-08-17,SNPP,West Kalimantan,Mempawah
0.5271563433623565,109.0052205504567,1,0.9700000286102295,2026-08-17,SNPP,West Kalimantan,Mempawah
0.5271563433623565,109.00859314542393,1,6.929999828338623,2026-08-17,SNPP,West Kalimantan,Mempawah
0.5271563433623565,109.01196574039116,1,6.929999828338623,2026-08-17,SNPP,West Kalimantan,Mempawah
0.5271563433623565,109.01533833535838,1,6.929999828338623,2026-08-17,SNPP,West Kalimantan,Mempawah
0.5271563433623565,109.01871093032561,1,1.6299999952316284,2026-08-17,SNPP,West Kalimantan,Mempawah
0.5237838911413824,109.0017891125331,1,0.9700000286102295,2026-08-17,SNPP,West Kalimantan,Mempawah
0.5237838911413824,109.0051617056797,1,0.6000000238418579,2026-08-17,SNPP,West Kalimantan,Mempawah
0.5237838911413824,109.00853429882629,1,6.929999828338623,2026-08-17,SNPP,West Kalimantan,Mempawah
0.5237838911413824,109.01190689197287,1,6.929999828338623,2026-08-17,SNPP,West Kalimantan,Mempawah
0.5237838911413824,109.01527948511946,1,6.929999828338623,2026-08-17,SNPP,West Kalimantan,Mempawah
0.5237838911413824,109.01865207826604,1,1.6299999952316284,2026-08-17,SNPP,West Kalimantan,Mempawah
0.5204114389204082,109.00173064728158,1,0.9700000286102295,2026-08-17,SNPP,West Kalimantan,Mempawah
0.5204114389204082,109.00510323861921,1,0.6000000238418579,2026-08-17,SNPP,West Kalimantan,Mempawah
0.5204114389204082,109.00847582995685,1,6.929999828338623,2026-08-17,SNPP,West Kalimantan,Mempawah
0.5204114389204082,109.01184842129449,1,6.929999828338623,2026-08-17,SNPP,West Kalimantan,Mempawah
0.5204114389204082,109.01522101263211,1,6.929999828338623,2026-08-17,SNPP,West Kalimantan,Mempawah
0.5204114389204082,109.01859360396975,1,1.6299999952316284,2026-08-17,SNPP,West Kalimantan,Mempawah
0.517038986699434,109.00504514927427,1,0.6000000238418579,2026-08-17,SNPP,West Kalimantan,Mempawah
0.517038986699434,109.00841773881463,1,0.6000000238418579,2026-08-17,SNPP,West Kalimantan,Mempawah
0.517038986699434,109.011790328355,1,0.6000000238418579,2026-08-17,SNPP,West Kalimantan,Mempawah
0.517038986699434,109.01516291789537,1,0.6000000238418579,2026-08-17,SNPP,West Kalimantan,Mempawah
0.3585337323136477,109.00948603251754,1,1.2400000095367432,2026-08-17,SNPP,West Kalimantan,Mempawah
0.3585337323136477,109.01285855076797,1,1.2400000095367432,2026-08-17,SNPP,West Kalimantan,Mempawah
0.3585337323136477,109.01623106901839,1,1.2400000095367432,2026-08-17,SNPP,West Kalimantan,Mempawah
0.35516128009267356,109.00944606998209,1,1.2400000095367432,2026-08-17,SNPP,West Kalimantan,Mempawah
0.35516128009267356,109.01281858699615,1,1.2400000095367432,2026-08-17,SNPP,West Kalimantan,Mempawah
0.35516128009267356,109.0161911040102,1,1.2400000095367432,2026-08-17,SNPP,West Kalimantan,Mempawah
0.35516128009267356,109.01956362102429,1,1.2400000095367432,2026-08-17,SNPP,West Kalimantan,Mempawah
0.3517888278716994,109.01277900093328,1,1.2400000095367432,2026-08-17,SNPP,West Kalimantan,Mempawah
0.3517888278716994,109.01615151672267,1,1.2400000095367432,2026-08-17,SNPP,West Kalimantan,Mempawah
0.3517888278716994,109.01952403251208,1,1.2400000095367432,2026-08-17,SNPP,West Kalimantan,Mempawah
0.34841637565072525,109.01273979257869,1,1.2400000095367432,2026-08-17,SNPP,West Kalimantan,Mempawah
0.34841637565072525,109.0161123071551,1,1.2400000095367432,2026-08-17,SNPP,West Kalimantan,Mempawah
0.34841637565072525,109.01948482173152,1,1.2400000095367432,2026-08-17,SNPP,West Kalimantan,Mempawah
0.3315541145458543,109.06650955539465,1,1.7599999904632568,2026-08-17,SNPP,West Kalimantan,Mempawah
0.3315541145458543,109.06988206408144,1,1.7599999904632568,2026-08-17,SNPP,West Kalimantan,Mempawah
0.3315541145458543,109.07325457276819,1,1.7599999904632568,2026-08-17,SNPP,West Kalimantan,Mempawah
0.32818166232488016,109.0664725949897,1,1.7599999904632568,2026-08-17,SNPP,West Kalimantan,Mempawah
0.32818166232488016,109.06984510253359,1,1.7599999904632568,2026-08-17,SNPP,West Kalimantan,Mempawah
0.32818166232488016,109.07321761007749,1,1.7599999904632568,2026-08-17,SNPP,West Kalimantan,Mempawah
0.8677740176807482,117.27656538626329,1,4.539999961853027,2026-08-17,SNPP,East Kalimantan,Kutai Timur
0.8677740176807482,117.27993822531889,1,4.539999961853027,2026-08-17,SNPP,East Kalimantan,Kutai Timur
0.8677740176807482,117.28331106437447,1,4.539999961853027,2026-08-17,SNPP,East Kalimantan,Kutai Timur
0.8644015654597741,117.27646103286827,1,4.539999961853027,2026-08-17,SNPP,East Kalimantan,Kutai Timur
0.8644015654597741,117.2798338689227,1,4.539999961853027,2026-08-17,SNPP,East Kalimantan,Kutai Timur
0.8644015654597741,117.2832067049771,1,4.539999961853027,2026-08-17,SNPP,East Kalimantan,Kutai Timur
0.8610291132387999,117.27635708596793,1,2.369999885559082,2026-08-17,SNPP,East Kalimantan,Kutai Timur
0.8610291132387999,117.27972991903286,1,2.369999885559082,2026-08-17,SNPP,East Kalimantan,Kutai Timur
0.8610291132387999,117.28310275209783,1,2.369999885559082,2026-08-17,SNPP,East Kalimantan,Kutai Timur
0.7396208332837295,116.61182999543269,1,3.559999942779541,2026-08-17,SNPP,East Kalimantan,Kutai Timur
0.7362483810627554,116.6117415887938,1,3.559999942779541,2026-08-17,SNPP,East Kalimantan,Kutai Timur
0.7328759288417812,116.61165358629515,1,3.559999942779541,2026-08-17,SNPP,East Kalimantan,Kutai Timur
0.6991514066320396,117.06948343980862,1,21.540000915527344,2026-08-17,SNPP,East Kalimantan,Kutai Timur
0.6991514066320396,117.07285614312569,1,21.540000915527344,2026-08-17,SNPP,East Kalimantan,Kutai Timur
0.6991514066320396,117.07622884644276,1,21.540000915527344,2026-08-17,SNPP,East Kalimantan,Kutai Timur
0.6957789544110654,117.06939955408193,1,21.540000915527344,2026-08-17,SNPP,East Kalimantan,Kutai Timur
0.6957789544110654,117.07277225498231,1,21.540000915527344,2026-08-17,SNPP,East Kalimantan,Kutai Timur
0.6957789544110654,117.07614495588267,1,21.540000915527344,2026-08-17,SNPP,East Kalimantan,Kutai Timur
0.6924065021900911,117.06931607406722,1,21.540000915527344,2026-08-17,SNPP,East Kalimantan,Kutai Timur
0.6924065021900911,117.0726887725626,1,21.540000915527344,2026-08-17,SNPP,East Kalimantan,Kutai Timur
0.6924065021900911,117.07606147105793,1,21.540000915527344,2026-08-17,SNPP,East Kalimantan,Kutai Timur
0.6789166933061944,117.09934041202905,1,0.8399999737739563,2026-08-17,SNPP,East Kalimantan,Kutai Timur
0.6789166933061944,117.10271310102127,1,0.8399999737739563,2026-08-17,SNPP,East Kalimantan,Kutai Timur
0.6789166933061944,117.10608579001348,1,0.8399999737739563,2026-08-17,SNPP,East Kalimantan,Kutai Timur
0.6755442410852203,117.0992589394335,1,0.8399999737739563,2026-08-17,SNPP,East Kalimantan,Kutai Timur
0.6755442410852203,117.10263162607914,1,0.8399999737739563,2026-08-17,SNPP,East Kalimantan,Kutai Timur
0.6755442410852203,117.1060043127248,1,0.8399999737739563,2026-08-17,SNPP,East Kalimantan,Kutai Timur
0.6721717888642461,117.09917787264655,1,0.8399999737739563,2026-08-17,SNPP,East Kalimantan,Kutai Timur
0.6721717888642461,117.10255055695731,1,0.8399999737739563,2026-08-17,SNPP,East Kalimantan,Kutai Timur
0.6721717888642461,117.10592324126807,1,0.8399999737739563,2026-08-17,SNPP,East Kalimantan,Kutai Timur
0.5372737000252791,117.30874178032948,1,2.299999952316284,2026-08-17,SNPP,East Kalimantan,Kutai Timur
0.5372737000252791,117.31211438082877,1,2.299999952316284,2026-08-17,SNPP,East Kalimantan,Kutai Timur
0.5339012478043048,117.30867723365685,1,2.299999952316284,2026-08-17,SNPP,East Kalimantan,Kutai Timur
0.5339012478043048,117.31204983230045,1,2.299999952316284,2026-08-17,SNPP,East Kalimantan,Kutai Timur
0.5305287955833307,117.30861309347614,1,2.299999952316284,2026-08-17,SNPP,East Kalimantan,Kutai Timur
0.5305287955833307,117.31198569027572,1,2.299999952316284,2026-08-17,SNPP,East Kalimantan,Kutai Timur
0.17642131238104228,116.63639161251814,1,8.34000015258789,2026-08-17,SNPP,East Kalimantan,Kutai Timur
0.17642131238104228,116.63976408072638,1,8.34000015258789,2026-08-17,SNPP,East Kalimantan,Kutai Timur
0.17642131238104228,116.6431365489346,1,8.34000015258789,2026-08-17,SNPP,East Kalimantan,Kutai Timur
0.1730488601600681,116.63299820783865,1,4.110000133514404,2026-08-17,SNPP,East Kalimantan,Kutai Timur
0.1730488601600681,116.63637067544151,1,4.110000133514404,2026-08-17,SNPP,East Kalimantan,Kutai Timur
0.1730488601600681,116.63974314304437,1,4.110000133514404,2026-08-17,SNPP,East Kalimantan,Kutai Timur
0.1730488601600681,116.64311561064723,1,8.34000015258789,2026-08-17,SNPP,East Kalimantan,Kutai Timur
0.16967640793909392,116.63297767545518,1,4.110000133514404,2026-08-17,SNPP,East Kalimantan,Kutai Timur
0.16967640793909392,116.63635014246437,1,4.110000133514404,2026-08-17,SNPP,East Kalimantan,Kutai Timur
0.16967640793909392,116.63972260947351,1,4.110000133514404,2026-08-17,SNPP,East Kalimantan,Kutai Timur
0.16630395571811976,116.63295754715912,1,4.110000133514404,2026-08-17,SNPP,East Kalimantan,Kutai Timur
0.16630395571811976,116.63633001358627,1,4.110000133514404,2026-08-17,SNPP,East Kalimantan,Kutai Timur
0.16630395571811976,116.63970248001343,1,4.110000133514404,2026-08-17,SNPP,East Kalimantan,Kutai Timur
0.15281414683422304,116.6396260032741,1,0.8199999928474426,2026-08-17,SNPP,East Kalimantan,Kutai Timur
0.15281414683422304,116.64299846749006,1,0.8199999928474426,2026-08-17,SNPP,East Kalimantan,Kutai Timur
0.14944169461324888,116.63960789436288,1,0.8199999928474426,2026-08-17,SNPP,East Kalimantan,Kutai Timur
0.14944169461324888,116.64298035805524,1,0.8199999928474426,2026-08-17,SNPP,East Kalimantan,Kutai Timur
0.14606924239227467,116.63959018956045,1,0.8199999928474426,2026-08-17,SNPP,East Kalimantan,Kutai Timur
0.14606924239227467,116.64296265274089,1,0.8199999928474426,2026-08-17,SNPP,East Kalimantan,Kutai Timur
0.14606924239227467,116.81495827494318,1,9.670000076293945,2026-08-17,SNPP,East Kalimantan,Kutai Kartanegara
0.14606924239227467,116.8183307381236,1,9.670000076293945,2026-08-17,SNPP,East Kalimantan,Kutai Kartanegara
0.14606924239227467,116.82170320130408,1,9.670000076293945,2026-08-17,SNPP,East Kalimantan,Kutai Kartanegara
0.14269679017130052,116.81494094823755,1,9.670000076293945,2026-08-17,SNPP,East Kalimantan,Kutai Kartanegara
0.14269679017130052,116.81831341091777,1,9.670000076293945,2026-08-17,SNPP,East Kalimantan,Kutai Kartanegara
0.14269679017130052,116.821685873598,1,9.670000076293945,2026-08-17,SNPP,East Kalimantan,Kutai Kartanegara
0.574370674455995,112.47988437198659,1,3.380000114440918,2026-08-17,SNPP,West Kalimantan,Kapuas Hulu
0.574370674455995,112.48325699366991,1,3.380000114440918,2026-08-17,SNPP,West Kalimantan,Kapuas Hulu
0.574370674455995,112.48662961535325,1,3.380000114440918,2026-08-17,SNPP,West Kalimantan,Kapuas Hulu
0.5709982222350208,112.47981819528349,1,3.380000114440918,2026-08-17,SNPP,West Kalimantan,Kapuas Hulu
0.5709982222350208,112.48319081498256,1,3.380000114440918,2026-08-17,SNPP,West Kalimantan,Kapuas Hulu
0.5709982222350208,112.48656343468164,1,3.380000114440918,2026-08-17,SNPP,West Kalimantan,Kapuas Hulu
0.5676257700140467,112.47975240834928,1,3.380000114440918,2026-08-17,SNPP,West Kalimantan,Kapuas Hulu
0.5676257700140467,112.4831250260758,1,3.380000114440918,2026-08-17,SNPP,West Kalimantan,Kapuas Hulu
0.5676257700140467,112.4864976438023,1,3.380000114440918,2026-08-17,SNPP,West Kalimantan,Kapuas Hulu
0.5372737000252791,112.58710108133467,1,2.0299999713897705,2026-08-17,SNPP,West Kalimantan,Kapuas Hulu
0.5372737000252791,112.59047368183394,1,2.0299999713897705,2026-08-17,SNPP,West Kalimantan,Kapuas Hulu
0.5339012478043048,112.58703913264571,1,2.0299999713897705,2026-08-17,SNPP,West Kalimantan,Kapuas Hulu
0.5339012478043048,112.5904117312893,1,2.0299999713897705,2026-08-17,SNPP,West Kalimantan,Kapuas Hulu
0.5305287955833307,112.5869775740875,1,2.0299999713897705,2026-08-17,SNPP,West Kalimantan,Kapuas Hulu
0.5305287955833307,112.59035017088706,1,2.0299999713897705,2026-08-17,SNPP,West Kalimantan,Kapuas Hulu
0.41249296784923456,112.3995791199004,1,4.320000171661377,2026-08-17,SNPP,West Kalimantan,Kapuas Hulu
0.41249296784923456,112.40295165952169,1,4.320000171661377,2026-08-17,SNPP,West Kalimantan,Kapuas Hulu
0.41249296784923456,112.40632419914299,1,4.320000171661377,2026-08-17,SNPP,West Kalimantan,Kapuas Hulu
0.40912051562826035,112.3995316836734,1,4.320000171661377,2026-08-17,SNPP,West Kalimantan,Kapuas Hulu
0.40912051562826035,112.4029042218714,1,4.320000171661377,2026-08-17,SNPP,West Kalimantan,Kapuas Hulu
0.40912051562826035,112.40627676006936,1,4.320000171661377,2026-08-17,SNPP,West Kalimantan,Kapuas Hulu
0.4057480634072862,112.39948463689949,1,4.320000171661377,2026-08-17,SNPP,West Kalimantan,Kapuas Hulu
0.4057480634072862,112.40285717368583,1,4.320000171661377,2026-08-17,SNPP,West Kalimantan,Kapuas Hulu
0.4057480634072862,112.40622971047218,1,4.320000171661377,2026-08-17,SNPP,West Kalimantan,Kapuas Hulu
0.3585337323136477,112.34827910043677,1,1.5,2026-08-17,SNPP,West Kalimantan,Kapuas Hulu
0.3585337323136477,112.3516516186872,1,1.5,2026-08-17,SNPP,West Kalimantan,Kapuas Hulu
0.3585337323136477,112.35502413693763,1,1.5,2026-08-17,SNPP,West Kalimantan,Kapuas Hulu
0.35516128009267356,112.34823791391025,1,1.5,2026-08-17,SNPP,West Kalimantan,Kapuas Hulu
0.35516128009267356,112.35161043092434,1,1.5,2026-08-17,SNPP,West Kalimantan,Kapuas Hulu
0.35516128009267356,112.3549829479384,1,1.5,2026-08-17,SNPP,West Kalimantan,Kapuas Hulu
0.3517888278716994,112.34819711664927,1,1.5,2026-08-17,SNPP,West Kalimantan,Kapuas Hulu
0.3517888278716994,112.35156963243868,1,1.5,2026-08-17,SNPP,West Kalimantan,Kapuas Hulu
0.3517888278716994,112.35494214822808,1,1.5,2026-08-17,SNPP,West Kalimantan,Kapuas Hulu
0.9048709921114643,118.86299033762599,1,37.47999954223633,2026-08-17,SNPP,East Kalimantan,Kutai Timur
0.9048709921114643,118.86636321046609,1,37.47999954223633,2026-08-17,SNPP,East Kalimantan,Kutai Timur
0.90149853989049,118.86288004167496,1,37.47999954223633,2026-08-17,SNPP,East Kalimantan,Kutai Timur
0.90149853989049,118.8662529113853,1,37.47999954223633,2026-08-17,SNPP,East Kalimantan,Kutai Timur
0.8981260876695158,118.8627701577338,1,37.47999954223633,2026-08-17,SNPP,East Kalimantan,Kutai Timur
0.8981260876695158,118.86614302432608,1,37.47999954223633,2026-08-17,SNPP,East Kalimantan,Kutai Timur
0.9487128709841284,117.88294353276171,1,3.369999885559082,2026-08-17,SNPP,East Kalimantan,Kutai Timur
0.9487128709841284,117.88631644735281,1,3.369999885559082,2026-08-17,SNPP,East Kalimantan,Kutai Timur
0.9487128709841284,117.88968936194388,1,3.369999885559082,2026-08-17,SNPP,East Kalimantan,Kutai Timur
0.9453404187631543,117.88282883549951,1,3.369999885559082,2026-08-17,SNPP,East Kalimantan,Kutai Timur
0.9453404187631543,117.88620174680884,1,3.369999885559082,2026-08-17,SNPP,East Kalimantan,Kutai Timur
0.9453404187631543,117.88957465811815,1,3.369999885559082,2026-08-17,SNPP,East Kalimantan,Kutai Timur
0.9419679665421801,117.8827145468702,1,3.369999885559082,2026-08-17,SNPP,East Kalimantan,Kutai Timur
0.9419679665421801,117.88608745490946,1,3.369999885559082,2026-08-17,SNPP,East Kalimantan,Kutai Timur
0.9419679665421801,117.88946036294868,1,3.369999885559082,2026-08-17,SNPP,East Kalimantan,Kutai Timur
0.6789166933061944,117.56139880396084,1,2.4800000190734863,2026-08-17,SNPP,East Kalimantan,Kutai Timur
0.6789166933061944,117.56477149295306,1,2.4800000190734863,2026-08-17,SNPP,East Kalimantan,Kutai Timur
0.6789166933061944,117.56814418194526,1,2.4800000190734863,2026-08-17,SNPP,East Kalimantan,Kutai Timur
0.6755442410852203,117.5613170098853,1,2.4800000190734863,2026-08-17,SNPP,East Kalimantan,Kutai Timur
0.6755442410852203,117.56468969653095,1,2.4800000190734863,2026-08-17,SNPP,East Kalimantan,Kutai Timur
0.6755442410852203,117.56806238317657,1,2.4800000190734863,2026-08-17,SNPP,East Kalimantan,Kutai Timur
0.6721717888642461,117.5612356232196,1,2.4800000190734863,2026-08-17,SNPP,East Kalimantan,Kutai Timur
0.6721717888642461,117.56460830753036,1,2.4800000190734863,2026-08-17,SNPP,East Kalimantan,Kutai Timur
0.6721717888642461,117.56798099184114,1,2.4800000190734863,2026-08-17,SNPP,East Kalimantan,Kutai Timur
0.47319710782676977,117.56052744556386,1,4.829999923706055,2026-08-17,SNPP,East Kalimantan,Kutai Timur
0.47319710782676977,117.56390001280317,1,4.829999923706055,2026-08-17,SNPP,East Kalimantan,Kutai Timur
0.47319710782676977,117.56727258004246,1,4.829999923706055,2026-08-17,SNPP,East Kalimantan,Kutai Timur
0.46982465560579556,117.56047049952952,1,4.829999923706055,2026-08-17,SNPP,East Kalimantan,Kutai Timur
0.46982465560579556,117.56384306513519,1,4.829999923706055,2026-08-17,SNPP,East Kalimantan,Kutai Timur
0.46982465560579556,117.5672156307408,1,4.829999923706055,2026-08-17,SNPP,East Kalimantan,Kutai Timur
0.4664522033848214,117.56041396084363,1,4.829999923706055,2026-08-17,SNPP,East Kalimantan,Kutai Timur
0.4664522033848214,117.5637865248273,1,4.829999923706055,2026-08-17,SNPP,East Kalimantan,Kutai Timur
0.4664522033848214,117.56715908881097,1,4.829999923706055,2026-08-17,SNPP,East Kalimantan,Kutai Timur
-0.16419636193734946,109.31469380276945,1,4.360000133514404,2026-08-17,SNPP,West Kalimantan,Kubu Raya
-0.16419636193734946,109.31806626883882,1,4.360000133514404,2026-08-17,SNPP,West Kalimantan,Kubu Raya
-0.16419636193734946,109.32143873490817,1,4.360000133514404,2026-08-17,SNPP,West Kalimantan,Kubu Raya
-0.16756881415832364,109.31471243140888,1,4.360000133514404,2026-08-17,SNPP,West Kalimantan,Kubu Raya
-0.16756881415832364,109.31808489805294,1,4.360000133514404,2026-08-17,SNPP,West Kalimantan,Kubu Raya
-0.16756881415832364,109.32145736469701,1,4.360000133514404,2026-08-17,SNPP,West Kalimantan,Kubu Raya
-0.16756881415832364,109.32482983134109,1,4.360000133514404,2026-08-17,SNPP,West Kalimantan,Kubu Raya
-0.17094126637929782,109.31473143878064,1,4.360000133514404,2026-08-17,SNPP,West Kalimantan,Kubu Raya
-0.17094126637929782,109.3181039060111,1,4.360000133514404,2026-08-17,SNPP,West Kalimantan,Kubu Raya
-0.17094126637929782,109.32147637324157,1,4.360000133514404,2026-08-17,SNPP,West Kalimantan,Kubu Raya
-0.17094126637929782,109.32484884047204,1,4.360000133514404,2026-08-17,SNPP,West Kalimantan,Kubu Raya
-0.17431371860027198,109.31812329271361,1,4.360000133514404,2026-08-17,SNPP,West Kalimantan,Kubu Raya
-0.17431371860027198,109.32149576054215,1,4.360000133514404,2026-08-17,SNPP,West Kalimantan,Kubu Raya
-0.17431371860027198,109.32486822837072,1,4.360000133514404,2026-08-17,SNPP,West Kalimantan,Kubu Raya
-0.17768617082124616,109.31814305816081,1,4.360000133514404,2026-08-17,SNPP,West Kalimantan,Kubu Raya
-0.17768617082124616,109.32151552659913,1,4.360000133514404,2026-08-17,SNPP,West Kalimantan,Kubu Raya
-0.20466578858903958,109.5712503468696,1,115.9800033569336,2026-08-17,SNPP,West Kalimantan,Kubu Raya
-0.20466578858903958,109.57462282060666,1,115.9800033569336,2026-08-17,SNPP,West Kalimantan,Kubu Raya
-0.20466578858903958,109.57799529434372,1,115.9800033569336,2026-08-17,SNPP,West Kalimantan,Kubu Raya
-0.20803824081001376,109.57127357465448,1,115.9800033569336,2026-08-17,SNPP,West Kalimantan,Kubu Raya
-0.20803824081001376,109.57464604910648,1,115.9800033569336,2026-08-17,SNPP,West Kalimantan,Kubu Raya
-0.20803824081001376,109.57801852355847,1,115.9800033569336,2026-08-17,SNPP,West Kalimantan,Kubu Raya
-0.21141069303098792,109.57129718206413,1,115.9800033569336,2026-08-17,SNPP,West Kalimantan,Kubu Raya
-0.21141069303098792,109.57466965724272,1,115.9800033569336,2026-08-17,SNPP,West Kalimantan,Kubu Raya
-0.21141069303098792,109.57804213242132,1,115.9800033569336,2026-08-17,SNPP,West Kalimantan,Kubu Raya
-0.21141069303098792,109.58141460759991,1,36.0099983215332,2026-08-17,SNPP,West Kalimantan,Kubu Raya
-0.21141069303098792,109.58478708277852,1,36.0099983215332,2026-08-17,SNPP,West Kalimantan,Kubu Raya
-0.2147831452519621,109.57132116909892,1,36.0099983215332,2026-08-17,SNPP,West Kalimantan,Kubu Raya
-0.2147831452519621,109.57469364501581,1,36.0099983215332,2026-08-17,SNPP,West Kalimantan,Kubu Raya
-0.2147831452519621,109.57806612093269,1,36.0099983215332,2026-08-17,SNPP,West Kalimantan,Kubu Raya
-0.2147831452519621,109.58143859684958,1,36.0099983215332,2026-08-17,SNPP,West Kalimantan,Kubu Raya
-0.2147831452519621,109.58481107276648,1,36.0099983215332,2026-08-17,SNPP,West Kalimantan,Kubu Raya
-0.21815559747293628,109.56797305909241,1,9.819999694824219,2026-08-17,SNPP,West Kalimantan,Kubu Raya
-0.21815559747293628,109.57134553575928,1,36.0099983215332,2026-08-17,SNPP,West Kalimantan,Kubu Raya
-0.21815559747293628,109.57471801242615,1,36.0099983215332,2026-08-17,SNPP,West Kalimantan,Kubu Raya
-0.21815559747293628,109.57809048909301,1,36.0099983215332,2026-08-17,SNPP,West Kalimantan,Kubu Raya
-0.21815559747293628,109.58146296575987,1,36.0099983215332,2026-08-17,SNPP,West Kalimantan,Kubu Raya
-0.21815559747293628,109.58483544242675,1,36.0099983215332,2026-08-17,SNPP,West Kalimantan,Kubu Raya
-0.22152804969391046,109.5679978046171,1,9.819999694824219,2026-08-17,SNPP,West Kalimantan,Kubu Raya
-0.22152804969391046,109.57137028204562,1,9.819999694824219,2026-08-17,SNPP,West Kalimantan,Kubu Raya
-0.22152804969391046,109.57474275947415,1,36.0099983215332,2026-08-17,SNPP,West Kalimantan,Kubu Raya
-0.22152804969391046,109.57811523690266,1,36.0099983215332,2026-08-17,SNPP,West Kalimantan,Kubu Raya
-0.22152804969391046,109.5814877143312,1,36.0099983215332,2026-08-17,SNPP,West Kalimantan,Kubu Raya
-0.22152804969391046,109.58486019175973,1,36.0099983215332,2026-08-17,SNPP,West Kalimantan,Kubu Raya
-0.22490050191488464,109.5680229297565,1,9.819999694824219,2026-08-17,SNPP,West Kalimantan,Kubu Raya
-0.22490050191488464,109.57139540795838,1,9.819999694824219,2026-08-17,SNPP,West Kalimantan,Kubu Raya
-0.22490050191488464,109.57476788616025,1,9.819999694824219,2026-08-17,SNPP,West Kalimantan,Kubu Raya
-0.3024669029972907,109.63615556698838,1,10.550000190734863,2026-08-17,SNPP,West Kalimantan,Kubu Raya
-0.3024669029972907,109.63952806620216,1,10.550000190734863,2026-08-17,SNPP,West Kalimantan,Kubu Raya
-0.3024669029972907,109.64290056541593,1,10.550000190734863,2026-08-17,SNPP,West Kalimantan,Kubu Raya
-0.30583935521826483,109.63618982410259,1,10.550000190734863,2026-08-17,SNPP,West Kalimantan,Kubu Raya
-0.30583935521826483,109.63956232437013,1,10.550000190734863,2026-08-17,SNPP,West Kalimantan,Kubu Raya
-0.30583935521826483,109.64293482463768,1,10.550000190734863,2026-08-17,SNPP,West Kalimantan,Kubu Raya
-0.309211807439239,109.63622446107807,1,10.550000190734863,2026-08-17,SNPP,West Kalimantan,Kubu Raya
-0.309211807439239,109.63959696241108,1,10.550000190734863,2026-08-17,SNPP,West Kalimantan,Kubu Raya
-0.309211807439239,109.6429694637441,1,10.550000190734863,2026-08-17,SNPP,West Kalimantan,Kubu Raya
-0.3125842596602132,109.63625947791543,1,8.739999771118164,2026-08-17,SNPP,West Kalimantan,Kubu Raya
-0.3125842596602132,109.63963198032558,1,8.739999771118164,2026-08-17,SNPP,West Kalimantan,Kubu Raya
-0.3125842596602132,109.64300448273575,1,8.739999771118164,2026-08-17,SNPP,West Kalimantan,Kubu Raya
-0.31595671188118735,109.63629487461527,1,8.739999771118164,2026-08-17,SNPP,West Kalimantan,Kubu Raya
-0.31595671188118735,109.63966737811425,1,8.739999771118164,2026-08-17,SNPP,West Kalimantan,Kubu Raya
-0.31595671188118735,109.64303988161325,1,8.739999771118164,2026-08-17,SNPP,West Kalimantan,Kubu Raya
-0.34630878186995495,109.49498495820865,1,9.760000228881836,2026-08-17,SNPP,West Kalimantan,Kubu Raya
-0.34630878186995495,109.49835747203295,1,9.760000228881836,2026-08-17,SNPP,West Kalimantan,Kubu Raya
-0.34630878186995495,109.50172998585727,1,9.760000228881836,2026-08-17,SNPP,West Kalimantan,Kubu Raya
-0.34630878186995495,109.50510249968156,1,9.760000228881836,2026-08-17,SNPP,West Kalimantan,Kubu Raya
-0.34968123409092916,109.49502410292956,1,41.40999984741211,2026-08-17,SNPP,West Kalimantan,Kubu Raya
-0.34968123409092916,109.49839661795956,1,41.40999984741211,2026-08-17,SNPP,West Kalimantan,Kubu Raya
-0.34968123409092916,109.50176913298954,1,41.40999984741211,2026-08-17,SNPP,West Kalimantan,Kubu Raya
-0.34968123409092916,109.50514164801952,1,41.40999984741211,2026-08-17,SNPP,West Kalimantan,Kubu Raya
-0.34968123409092916,109.5085141630495,1,41.40999984741211,2026-08-17,SNPP,West Kalimantan,Kubu Raya
-0.3530536863119033,109.4950636270293,1,41.40999984741211,2026-08-17,SNPP,West Kalimantan,Kubu Raya
-0.3530536863119033,109.49843614327665,1,41.40999984741211,2026-08-17,SNPP,West Kalimantan,Kubu Raya
-0.3530536863119033,109.501808659524,1,41.40999984741211,2026-08-17,SNPP,West Kalimantan,Kubu Raya
-0.3530536863119033,109.50518117577134,1,41.40999984741211,2026-08-17,SNPP,West Kalimantan,Kubu Raya
-0.3530536863119033,109.5085536920187,1,41.40999984741211,2026-08-17,SNPP,West Kalimantan,Kubu Raya
-0.35642613853287747,109.49510353050854,1,41.40999984741211,2026-08-17,SNPP,West Kalimantan,Kubu Raya
-0.35642613853287747,109.49847604798495,1,41.40999984741211,2026-08-17,SNPP,West Kalimantan,Kubu Raya
-0.35642613853287747,109.50184856546134,1,41.40999984741211,2026-08-17,SNPP,West Kalimantan,Kubu Raya
-0.35642613853287747,109.50522108293775,1,41.40999984741211,2026-08-17,SNPP,West Kalimantan,Kubu Raya
-0.35642613853287747,109.50859360041414,1,41.40999984741211,2026-08-17,SNPP,West Kalimantan,Kubu Raya
-0.005691107551563211,110.38668527380298,1,6.5,2026-08-17,SNPP,West Kalimantan,Sanggau
-0.005691107551563211,110.39005772604061,1,6.5,2026-08-17,SNPP,West Kalimantan,Sanggau
-0.005691107551563211,110.39343017827822,1,6.5,2026-08-17,SNPP,West Kalimantan,Sanggau
-0.009063559772537387,110.38668611040069,1,6.5,2026-08-17,SNPP,West Kalimantan,Sanggau
-0.009063559772537387,110.39005856266387,1,6.5,2026-08-17,SNPP,West Kalimantan,Sanggau
-0.009063559772537387,110.39343101492703,1,6.5,2026-08-17,SNPP,West Kalimantan,Sanggau
-0.012436011993511562,110.38668732943816,1,6.5,2026-08-17,SNPP,West Kalimantan,Sanggau
-0.012436011993511562,110.39005978173859,1,6.5,2026-08-17,SNPP,West Kalimantan,Sanggau
-0.012436011993511562,110.393432234039,1,6.5,2026-08-17,SNPP,West Kalimantan,Sanggau
-0.2282729541358588,110.39430578630257,1,4.090000152587891,2026-08-17,SNPP,West Kalimantan,Sanggau
-0.2282729541358588,110.39767826528947,1,4.090000152587891,2026-08-17,SNPP,West Kalimantan,Sanggau
-0.2282729541358588,110.40105074427638,1,4.090000152587891,2026-08-17,SNPP,West Kalimantan,Sanggau
-0.23164540635683298,110.39433186586788,1,4.090000152587891,2026-08-17,SNPP,West Kalimantan,Sanggau
-0.23164540635683298,110.3977043456515,1,4.090000152587891,2026-08-17,SNPP,West Kalimantan,Sanggau
-0.23164540635683298,110.40107682543511,1,4.090000152587891,2026-08-17,SNPP,West Kalimantan,Sanggau
-0.23501785857780713,110.39435832791197,1,4.090000152587891,2026-08-17,SNPP,West Kalimantan,Sanggau
-0.23501785857780713,110.397730808504,1,4.090000152587891,2026-08-17,SNPP,West Kalimantan,Sanggau
-0.23501785857780713,110.40110328909601,1,4.090000152587891,2026-08-17,SNPP,West Kalimantan,Sanggau
-0.27211483300852307,109.96636839167057,1,29.469999313354492,2026-08-17,SNPP,West Kalimantan,Sanggau
-0.27211483300852307,109.96974088192616,1,29.469999313354492,2026-08-17,SNPP,West Kalimantan,Sanggau
-0.27211483300852307,109.97311337218174,1,29.469999313354492,2026-08-17,SNPP,West Kalimantan,Sanggau
-0.27211483300852307,110.47224193000939,1,8.65999984741211,2026-08-17,SNPP,West Kalimantan,Sanggau
-0.27211483300852307,110.47561442026498,1,8.65999984741211,2026-08-17,SNPP,West Kalimantan,Sanggau
-0.27211483300852307,110.47898691052058,1,8.65999984741211,2026-08-17,SNPP,West Kalimantan,Sanggau
-0.2754872852294973,109.96639932302335,1,29.469999313354492,2026-08-17,SNPP,West Kalimantan,Sanggau
-0.2754872852294973,109.96977181422756,1,29.469999313354492,2026-08-17,SNPP,West Kalimantan,Sanggau
-0.2754872852294973,109.97314430543176,1,29.469999313354492,2026-08-17,SNPP,West Kalimantan,Sanggau
-0.2754872852294973,110.47227300365434,1,8.65999984741211,2026-08-17,SNPP,West Kalimantan,Sanggau
-0.2754872852294973,110.47564549485854,1,8.65999984741211,2026-08-17,SNPP,West Kalimantan,Sanggau
-0.2754872852294973,110.47901798606276,1,8.65999984741211,2026-08-17,SNPP,West Kalimantan,Sanggau
-0.27885973745047143,109.96643063537744,1,29.469999313354492,2026-08-17,SNPP,West Kalimantan,Sanggau
-0.27885973745047143,109.96980312754194,1,29.469999313354492,2026-08-17,SNPP,West Kalimantan,Sanggau
-0.27885973745047143,109.97317561970644,1,29.469999313354492,2026-08-17,SNPP,West Kalimantan,Sanggau
-0.27885973745047143,110.47230446005328,1,8.65999984741211,2026-08-17,SNPP,West Kalimantan,Sanggau
-0.27885973745047143,110.4756769522178,1,8.65999984741211,2026-08-17,SNPP,West Kalimantan,Sanggau
-0.27885973745047143,110.47904944438231,1,8.65999984741211,2026-08-17,SNPP,West Kalimantan,Sanggau
-0.47783441848794783,109.96220732048634,1,5.860000133514404,2026-08-17,SNPP,West Kalimantan,Kubu Raya
-0.47783441848794783,109.9655798899911,1,5.860000133514404,2026-08-17,SNPP,West Kalimantan,Kubu Raya
-0.47783441848794783,109.96895245949588,1,5.860000133514404,2026-08-17,SNPP,West Kalimantan,Kubu Raya
-0.481206870708922,109.96226149082445,1,5.860000133514404,2026-08-17,SNPP,West Kalimantan,Kubu Raya
-0.481206870708922,109.96563406199064,1,5.860000133514404,2026-08-17,SNPP,West Kalimantan,Kubu Raya
-0.481206870708922,109.96900663315682,1,5.860000133514404,2026-08-17,SNPP,West Kalimantan,Sanggau
-0.48457932292989614,109.96231604218565,1,5.860000133514404,2026-08-17,SNPP,West Kalimantan,Sanggau
-0.48457932292989614,109.96568861502494,1,5.860000133514404,2026-08-17,SNPP,West Kalimantan,Sanggau
-0.48457932292989614,109.96906118786423,1,5.860000133514404,2026-08-17,SNPP,West Kalimantan,Sanggau
-0.5149313929186637,110.4316139414443,1,25.940000534057617,2026-08-17,SNPP,West Kalimantan,Ketapang
-0.5149313929186637,110.43498652986739,1,25.940000534057617,2026-08-17,SNPP,West Kalimantan,Ketapang
-0.5149313929186637,110.43835911829049,1,25.940000534057617,2026-08-17,SNPP,West Kalimantan,Ketapang
-0.5183038451396379,110.43167255189466,1,25.940000534057617,2026-08-17,SNPP,West Kalimantan,Ketapang
-0.5183038451396379,110.43504514210773,1,25.940000534057617,2026-08-17,SNPP,West Kalimantan,Ketapang
-0.5183038451396379,110.4384177323208,1,25.940000534057617,2026-08-17,SNPP,West Kalimantan,Ketapang
-0.5216762973606122,110.4317315450033,1,25.940000534057617,2026-08-17,SNPP,West Kalimantan,Ketapang
-0.5216762973606122,110.43510413701802,1,25.940000534057617,2026-08-17,SNPP,West Kalimantan,Ketapang
-0.5216762973606122,110.43847672903274,1,25.940000534057617,2026-08-17,SNPP,West Kalimantan,Ketapang
-0.5419110106864571,110.47930998251668,1,2.640000104904175,2026-08-17,SNPP,West Kalimantan,Ketapang
-0.5419110106864571,110.48268258558674,1,7.989999771118164,2026-08-17,SNPP,West Kalimantan,Ketapang
-0.5419110106864571,110.4860551886568,1,7.989999771118164,2026-08-17,SNPP,West Kalimantan,Ketapang
-0.5419110106864571,110.48942779172687,1,7.989999771118164,2026-08-17,SNPP,West Kalimantan,Ketapang
-0.5452834629074312,110.46250865586283,1,56.34000015258789,2026-08-17,SNPP,West Kalimantan,Ketapang
-0.5452834629074312,110.46588126081637,1,56.34000015258789,2026-08-17,SNPP,West Kalimantan,Ketapang
-0.5452834629074312,110.46925386576989,1,56.34000015258789,2026-08-17,SNPP,West Kalimantan,Ketapang
-0.5452834629074312,110.4726264707234,1,30.489999771118164,2026-08-17,SNPP,West Kalimantan,Ketapang
-0.5452834629074312,110.47937168063044,1,2.640000104904175,2026-08-17,SNPP,West Kalimantan,Ketapang
-0.5452834629074312,110.48274428558396,1,7.989999771118164,2026-08-17,SNPP,West Kalimantan,Ketapang
-0.5452834629074312,110.48611689053749,1,7.989999771118164,2026-08-17,SNPP,West Kalimantan,Ketapang
-0.5452834629074312,110.48948949549099,1,7.989999771118164,2026-08-17,SNPP,West Kalimantan,Ketapang
-0.5486559151284055,110.46257072733106,1,56.34000015258789,2026-08-17,SNPP,West Kalimantan,Ketapang
-0.5486559151284055,110.46594333417974,1,56.34000015258789,2026-08-17,SNPP,West Kalimantan,Ketapang
-0.5486559151284055,110.4693159410284,1,56.34000015258789,2026-08-17,SNPP,West Kalimantan,Ketapang
-0.5486559151284055,110.47268854787706,1,30.489999771118164,2026-08-17,SNPP,West Kalimantan,Ketapang
-0.5486559151284055,110.47943376157438,1,2.640000104904175,2026-08-17,SNPP,West Kalimantan,Ketapang
-0.5486559151284055,110.48280636842306,1,7.989999771118164,2026-08-17,SNPP,West Kalimantan,Ketapang
-0.5486559151284055,110.48617897527173,1,7.989999771118164,2026-08-17,SNPP,West Kalimantan,Ketapang
-0.5486559151284055,110.48955158212038,1,7.989999771118164,2026-08-17,SNPP,West Kalimantan,Ketapang
-0.5520283673493797,110.46263318157216,1,56.34000015258789,2026-08-17,SNPP,West Kalimantan,Ketapang
-0.5520283673493797,110.46600579032767,1,56.34000015258789,2026-08-17,SNPP,West Kalimantan,Ketapang
-0.5520283673493797,110.46937839908315,1,56.34000015258789,2026-08-17,SNPP,West Kalimantan,Ketapang
-0.5520283673493797,110.47275100783865,1,30.489999771118164,2026-08-17,SNPP,West Kalimantan,Ketapang
-0.5958702462220439,110.46010728493017,1,7.230000019073486,2026-08-17,SNPP,West Kalimantan,Ketapang
-0.5958702462220439,110.46347991953799,1,7.230000019073486,2026-08-17,SNPP,West Kalimantan,Ketapang
-0.5958702462220439,110.46685255414583,1,7.230000019073486,2026-08-17,SNPP,West Kalimantan,Ketapang
-0.5992426984430181,110.46017509603749,1,7.230000019073486,2026-08-17,SNPP,West Kalimantan,Ketapang
-0.5992426984430181,110.46354773271575,1,7.230000019073486,2026-08-17,SNPP,West Kalimantan,Ketapang
-0.5992426984430181,110.46692036939405,1,7.230000019073486,2026-08-17,SNPP,West Kalimantan,Ketapang
-0.6026151506639923,110.46024328992291,1,7.230000019073486,2026-08-17,SNPP,West Kalimantan,Ketapang
-0.6026151506639923,110.46361592868331,1,7.230000019073486,2026-08-17,SNPP,West Kalimantan,Ketapang
-0.6026151506639923,110.46698856744374,1,7.230000019073486,2026-08-17,SNPP,West Kalimantan,Ketapang
-0.6059876028849664,110.10618457689318,1,5.46999979019165,2026-08-17,SNPP,West Kalimantan,Ketapang
-0.6059876028849664,110.10955721774741,1,5.46999979019165,2026-08-17,SNPP,West Kalimantan,Ketapang
-0.6059876028849664,110.11292985860165,1,5.46999979019165,2026-08-17,SNPP,West Kalimantan,Ketapang
-0.6059876028849664,110.11630249945587,1,1.0399999618530273,2026-08-17,SNPP,West Kalimantan,Ketapang
-0.6093600551059406,110.10625331525965,1,5.46999979019165,2026-08-17,SNPP,West Kalimantan,Ketapang
-0.6093600551059406,110.10962595821938,1,5.46999979019165,2026-08-17,SNPP,West Kalimantan,Ketapang
-0.6093600551059406,110.11299860117914,1,5.46999979019165,2026-08-17,SNPP,West Kalimantan,Ketapang
-0.6093600551059406,110.11637124413888,1,1.0399999618530273,2026-08-17,SNPP,West Kalimantan,Ketapang
-0.6127325073269148,110.10632243518062,1,5.46999979019165,2026-08-17,SNPP,West Kalimantan,Ketapang
-0.6127325073269148,110.10969508025755,1,5.46999979019165,2026-08-17,SNPP,West Kalimantan,Ketapang
-0.6127325073269148,110.1130677253345,1,5.46999979019165,2026-08-17,SNPP,West Kalimantan,Ketapang
-0.6127325073269148,110.11644037041144,1,1.0399999618530273,2026-08-17,SNPP,West Kalimantan,Ketapang
-0.636339672873734,110.54189012722568,1,1.1100000143051147,2026-08-17,SNPP,West Kalimantan,Ketapang
-0.636339672873734,110.54526278745027,1,1.1100000143051147,2026-08-17,SNPP,West Kalimantan,Ketapang
-0.6397121250947082,110.5419625848064,1,1.1100000143051147,2026-08-17,SNPP,West Kalimantan,Ketapang
-0.6397121250947082,110.54533524724168,1,1.1100000143051147,2026-08-17,SNPP,West Kalimantan,Ketapang
-0.6430845773156824,110.54203542546033,1,1.1100000143051147,2026-08-17,SNPP,West Kalimantan,Ketapang
-0.6430845773156824,110.54540809011799,1,1.1100000143051147,2026-08-17,SNPP,West Kalimantan,Ketapang
-0.6599468384205532,110.06011271474998,1,15.380000114440918,2026-08-17,SNPP,West Kalimantan,Ketapang
-0.6599468384205532,110.0634853906949,1,15.380000114440918,2026-08-17,SNPP,West Kalimantan,Ketapang
-0.6599468384205532,110.0668580666398,1,15.380000114440918,2026-08-17,SNPP,West Kalimantan,Ketapang
-0.6599468384205532,110.07023074258473,1,15.380000114440918,2026-08-17,SNPP,West Kalimantan,Ketapang
-0.6599468384205532,110.07360341852964,1,15.380000114440918,2026-08-17,SNPP,West Kalimantan,Ketapang
-0.6633192906415274,110.06018752604061,1,15.380000114440918,2026-08-17,SNPP,West Kalimantan,Ketapang
-0.6633192906415274,110.06356020427802,1,15.380000114440918,2026-08-17,SNPP,West Kalimantan,Ketapang
-0.6633192906415274,110.06693288251545,1,15.380000114440918,2026-08-17,SNPP,West Kalimantan,Ketapang
-0.6633192906415274,110.07030556075289,1,15.380000114440918,2026-08-17,SNPP,West Kalimantan,Ketapang
-0.6633192906415274,110.07367823899031,1,15.380000114440918,2026-08-17,SNPP,West Kalimantan,Ketapang
-0.6666917428625015,110.06026271874202,1,15.380000114440918,2026-08-17,SNPP,West Kalimantan,Ketapang
-0.6666917428625015,110.06363539928365,1,15.380000114440918,2026-08-17,SNPP,West Kalimantan,Ketapang
-0.6666917428625015,110.06700807982529,1,15.380000114440918,2026-08-17,SNPP,West Kalimantan,Ketapang
-0.6666917428625015,110.07038076036692,1,15.380000114440918,2026-08-17,SNPP,West Kalimantan,Ketapang
-0.6666917428625015,110.07375344090855,1,15.380000114440918,2026-08-17,SNPP,West Kalimantan,Ketapang
-0.693671360630295,110.07774148828068,1,1.1799999475479126,2026-08-17,SNPP,West Kalimantan,Ketapang
-0.693671360630295,110.08111418767669,1,1.1799999475479126,2026-08-17,SNPP,West Kalimantan,Ketapang
-0.693671360630295,110.0844868870727,1,1.1799999475479126,2026-08-17,SNPP,West Kalimantan,Ketapang
-0.6970438128512692,110.07782012578585,1,1.1799999475479126,2026-08-17,SNPP,West Kalimantan,Ketapang
-0.6970438128512692,110.08119282759127,1,1.1799999475479126,2026-08-17,SNPP,West Kalimantan,Ketapang
-0.6970438128512692,110.08456552939666,1,1.1799999475479126,2026-08-17,SNPP,West Kalimantan,Ketapang
-0.7004162650722434,110.07789914477362,1,1.1799999475479126,2026-08-17,SNPP,West Kalimantan,Ketapang
-0.7004162650722434,110.0812718490001,1,1.1799999475479126,2026-08-17,SNPP,West Kalimantan,Ketapang
-0.7004162650722434,110.08464455322658,1,1.1799999475479126,2026-08-17,SNPP,West Kalimantan,Ketapang
0.011171153553307667,112.7777554975295,1,24.829999923706055,2026-08-17,SNPP,West Kalimantan,Sintang
0.011171153553307667,112.78112794981456,1,24.829999923706055,2026-08-17,SNPP,West Kalimantan,Sintang
0.011171153553307667,112.78450040209964,1,24.829999923706055,2026-08-17,SNPP,West Kalimantan,Sintang
0.011171153553307667,112.78787285438472,1,11.850000381469727,2026-08-17,SNPP,West Kalimantan,Sintang
0.011171153553307667,112.7912453066698,1,11.850000381469727,2026-08-17,SNPP,West Kalimantan,Sintang
0.007798701332333491,112.77775439862992,1,24.829999923706055,2026-08-17,SNPP,West Kalimantan,Sintang
0.007798701332333491,112.78112685088215,1,24.829999923706055,2026-08-17,SNPP,West Kalimantan,Sintang
0.007798701332333491,112.78449930313435,1,24.829999923706055,2026-08-17,SNPP,West Kalimantan,Sintang
0.007798701332333491,112.78787175538658,1,49.81999969482422,2026-08-17,SNPP,West Kalimantan,Sintang
0.007798701332333491,112.79124420763877,1,49.81999969482422,2026-08-17,SNPP,West Kalimantan,Sintang
0.004426249111359315,112.77775369045412,1,24.829999923706055,2026-08-17,SNPP,West Kalimantan,Sintang
0.004426249111359315,112.78112614268515,1,24.829999923706055,2026-08-17,SNPP,West Kalimantan,Sintang
0.004426249111359315,112.78449859491619,1,24.829999923706055,2026-08-17,SNPP,West Kalimantan,Sintang
0.004426249111359315,112.78787104714722,1,49.81999969482422,2026-08-17,SNPP,West Kalimantan,Sintang
0.004426249111359315,112.79124349937825,1,49.81999969482422,2026-08-17,SNPP,West Kalimantan,Sintang
0.0010537968903851403,112.77775337300201,0,95.7699966430664,2026-08-17,SNPP,West Kalimantan,Sintang
0.0010537968903851403,112.78112582522355,0,95.7699966430664,2026-08-17,SNPP,West Kalimantan,Sintang
0.0010537968903851403,112.7844982774451,1,49.81999969482422,2026-08-17,SNPP,West Kalimantan,Sintang
0.0010537968903851403,112.78787072966664,1,49.81999969482422,2026-08-17,SNPP,West Kalimantan,Sintang
0.0010537968903851403,112.79124318188819,1,49.81999969482422,2026-08-17,SNPP,West Kalimantan,Sintang
-0.025925820877408266,112.8081169725365,1,4.159999847412109,2026-08-17,SNPP,West Kalimantan,Sintang
-0.025925820877408266,112.81148942510274,1,4.159999847412109,2026-08-17,SNPP,West Kalimantan,Sintang
-0.025925820877408266,112.81486187766896,1,4.159999847412109,2026-08-17,SNPP,West Kalimantan,Sintang
-0.029298273098382437,112.80812017245954,1,4.159999847412109,2026-08-17,SNPP,West Kalimantan,Sintang
-0.029298273098382437,112.81149262512145,1,4.159999847412109,2026-08-17,SNPP,West Kalimantan,Sintang
-0.029298273098382437,112.81486507778334,1,4.159999847412109,2026-08-17,SNPP,West Kalimantan,Sintang
-0.032670725319356615,112.80812376321173,1,4.159999847412109,2026-08-17,SNPP,West Kalimantan,Sintang
-0.032670725319356615,112.81149621598098,1,4.159999847412109,2026-08-17,SNPP,West Kalimantan,Sintang
-0.032670725319356615,112.81486866875021,1,4.159999847412109,2026-08-17,SNPP,West Kalimantan,Sintang
-0.0360431775403308,112.75754095146911,1,5.03000020980835,2026-08-17,SNPP,West Kalimantan,Sintang
-0.0360431775403308,112.76091340435738,1,5.03000020980835,2026-08-17,SNPP,West Kalimantan,Sintang
-0.0360431775403308,112.76428585724565,1,5.03000020980835,2026-08-17,SNPP,West Kalimantan,Sintang
-0.03941562976130497,112.75754532191904,1,5.03000020980835,2026-08-17,SNPP,West Kalimantan,Sintang
-0.03941562976130497,112.76091777493802,1,5.03000020980835,2026-08-17,SNPP,West Kalimantan,Sintang
-0.03941562976130497,112.764290227957,1,5.03000020980835,2026-08-17,SNPP,West Kalimantan,Sintang
-0.042788081982279146,112.75755008302303,1,3.390000104904175,2026-08-17,SNPP,West Kalimantan,Sintang
-0.042788081982279146,112.76092253618444,1,3.390000104904175,2026-08-17,SNPP,West Kalimantan,Sintang
-0.042788081982279146,112.76429498934581,1,3.390000104904175,2026-08-17,SNPP,West Kalimantan,Sintang
-0.13384429194858188,112.43069754253203,1,42.119998931884766,2026-08-17,SNPP,West Kalimantan,Sintang
-0.13384429194858188,112.43407000395479,1,42.119998931884766,2026-08-17,SNPP,West Kalimantan,Sintang
-0.13384429194858188,112.43744246537753,1,42.119998931884766,2026-08-17,SNPP,West Kalimantan,Sintang
-0.13721674416955604,112.43071319646194,1,42.119998931884766,2026-08-17,SNPP,West Kalimantan,Sintang
-0.13721674416955604,112.43408565835423,1,42.119998931884766,2026-08-17,SNPP,West Kalimantan,Sintang
-0.13721674416955604,112.43745812024653,1,42.119998931884766,2026-08-17,SNPP,West Kalimantan,Sintang
-0.14058919639053025,112.43072923991768,1,42.119998931884766,2026-08-17,SNPP,West Kalimantan,Sintang
-0.14058919639053025,112.43410170229123,1,42.119998931884766,2026-08-17,SNPP,West Kalimantan,Sintang
-0.14058919639053025,112.43747416466476,1,42.119998931884766,2026-08-17,SNPP,West Kalimantan,Sintang
-0.15070655305345276,112.41054492411882,1,78.54000091552734,2026-08-17,SNPP,West Kalimantan,Sintang
-0.15070655305345276,112.41391738800617,1,78.54000091552734,2026-08-17,SNPP,West Kalimantan,Sintang
-0.15070655305345276,112.41728985189353,1,78.54000091552734,2026-08-17,SNPP,West Kalimantan,Sintang
-0.15407900527442694,112.410562522513,1,78.54000091552734,2026-08-17,SNPP,West Kalimantan,Sintang
-0.15407900527442694,112.41393498692834,1,78.54000091552734,2026-08-17,SNPP,West Kalimantan,Sintang
-0.15407900527442694,112.41730745134366,1,78.54000091552734,2026-08-17,SNPP,West Kalimantan,Sintang
-0.15745145749540113,112.41058051036441,1,78.54000091552734,2026-08-17,SNPP,West Kalimantan,Sintang
-0.15745145749540113,112.41395297531939,1,78.54000091552734,2026-08-17,SNPP,West Kalimantan,Sintang
-0.15745145749540113,112.41732544027438,1,78.54000091552734,2026-08-17,SNPP,West Kalimantan,Sintang
-0.24513521524072968,112.4314197936648,1,3.700000047683716,2026-08-17,SNPP,West Kalimantan,Sintang
-0.24513521524072968,112.43479227675215,1,3.700000047683716,2026-08-17,SNPP,West Kalimantan,Sintang
-0.24513521524072968,112.43816475983945,1,3.700000047683716,2026-08-17,SNPP,West Kalimantan,Sintang
-0.24850766746170388,112.4314483021316,1,3.700000047683716,2026-08-17,SNPP,West Kalimantan,Sintang
-0.24850766746170388,112.43482078607408,1,3.700000047683716,2026-08-17,SNPP,West Kalimantan,Sintang
-0.24850766746170388,112.43819327001654,1,3.700000047683716,2026-08-17,SNPP,West Kalimantan,Sintang
-0.25188011968267804,112.43147720013702,1,3.700000047683716,2026-08-17,SNPP,West Kalimantan,Sintang
-0.25188011968267804,112.43484968494633,1,3.700000047683716,2026-08-17,SNPP,West Kalimantan,Sintang
-0.25188011968267804,112.4382221697556,1,3.700000047683716,2026-08-17,SNPP,West Kalimantan,Sintang
-0.2552525719036522,112.43150648768153,1,3.700000047683716,2026-08-17,SNPP,West Kalimantan,Sintang
-0.2552525719036522,112.43487897336932,1,3.700000047683716,2026-08-17,SNPP,West Kalimantan,Sintang
-0.2552525719036522,112.43825145905711,1,3.700000047683716,2026-08-17,SNPP,West Kalimantan,Sintang
-0.26536992856657476,112.91723501620677,1,70.87000274658203,2026-08-17,SNPP,West Kalimantan,Sintang
-0.26536992856657476,112.9206075046002,1,70.87000274658203,2026-08-17,SNPP,West Kalimantan,Sintang
-0.26536992856657476,112.92397999299361,1,70.87000274658203,2026-08-17,SNPP,West Kalimantan,Sintang
-0.26536992856657476,112.92735248138703,1,31.31999969482422,2026-08-17,SNPP,West Kalimantan,Sintang
-0.2687423807875489,112.91726599514809,1,70.87000274658203,2026-08-17,SNPP,West Kalimantan,Sintang
-0.2687423807875489,112.92063848446675,1,70.87000274658203,2026-08-17,SNPP,West Kalimantan,Sintang
-0.2687423807875489,112.92401097378541,1,70.87000274658203,2026-08-17,SNPP,West Kalimantan,Sintang
-0.2687423807875489,112.92738346310408,1,31.31999969482422,2026-08-17,SNPP,West Kalimantan,Sintang
-0.27211483300852307,112.9172973653137,1,70.87000274658203,2026-08-17,SNPP,West Kalimantan,Sintang
-0.27211483300852307,112.92066985556929,1,70.87000274658203,2026-08-17,SNPP,West Kalimantan,Sintang
-0.27211483300852307,112.92404234582487,1,70.87000274658203,2026-08-17,SNPP,West Kalimantan,Sintang
-0.3024669029972907,112.90410730513392,1,10.260000228881836,2026-08-17,SNPP,West Kalimantan,Sintang
-0.3024669029972907,112.90747980434769,1,10.260000228881836,2026-08-17,SNPP,West Kalimantan,Sintang
-0.3024669029972907,112.91085230356146,1,10.260000228881836,2026-08-17,SNPP,West Kalimantan,Sintang
-0.30583935521826483,112.90414258335832,1,10.260000228881836,2026-08-17,SNPP,West Kalimantan,Sintang
-0.30583935521826483,112.90751508362587,1,10.260000228881836,2026-08-17,SNPP,West Kalimantan,Sintang
-0.30583935521826483,112.91088758389343,1,10.260000228881836,2026-08-17,SNPP,West Kalimantan,Sintang
-0.309211807439239,112.90417825276663,1,10.260000228881836,2026-08-17,SNPP,West Kalimantan,Sintang
-0.309211807439239,112.90755075409962,1,10.260000228881836,2026-08-17,SNPP,West Kalimantan,Sintang
-0.309211807439239,112.91092325543264,1,10.260000228881836,2026-08-17,SNPP,West Kalimantan,Sintang
-0.44073744405723186,112.83505089839642,1,10.180000305175781,2026-08-17,SNPP,West Kalimantan,Sintang
-0.44073744405723186,112.83842345039685,1,10.180000305175781,2026-08-17,SNPP,West Kalimantan,Sintang
-0.44073744405723186,112.84179600239727,1,10.180000305175781,2026-08-17,SNPP,West Kalimantan,Sintang
-0.444109896278206,112.83510218354931,1,10.180000305175781,2026-08-17,SNPP,West Kalimantan,Sintang
-0.444109896278206,112.83847473708262,1,10.180000305175781,2026-08-17,SNPP,West Kalimantan,Sintang
-0.444109896278206,112.84184729061593,1,10.180000305175781,2026-08-17,SNPP,West Kalimantan,Sintang
-0.4474823484991802,112.30566271244649,1,43.810001373291016,2026-08-17,SNPP,West Kalimantan,Melawi
-0.4474823484991802,112.30903526752435,1,43.810001373291016,2026-08-17,SNPP,West Kalimantan,Melawi
-0.4474823484991802,112.8351538596716,1,10.180000305175781,2026-08-17,SNPP,West Kalimantan,Sintang
-0.4474823484991802,112.83852641474947,1,10.180000305175781,2026-08-17,SNPP,West Kalimantan,Sintang
-0.4474823484991802,112.84189896982733,1,10.180000305175781,2026-08-17,SNPP,West Kalimantan,Sintang
-0.45085480072015444,112.30571453520861,1,43.810001373291016,2026-08-17,SNPP,West Kalimantan,Melawi
-0.45085480072015444,112.30908709184273,1,43.810001373291016,2026-08-17,SNPP,West Kalimantan,Melawi
-0.45085480072015444,112.8385784833983,1,10.180000305175781,2026-08-17,SNPP,West Kalimantan,Sintang
-0.45085480072015444,112.84195104003238,1,10.180000305175781,2026-08-17,SNPP,West Kalimantan,Sintang
-0.4542272529411286,112.30576674710726,1,43.810001373291016,2026-08-17,SNPP,West Kalimantan,Melawi
-0.4542272529411286,112.3091393053093,1,43.810001373291016,2026-08-17,SNPP,West Kalimantan,Melawi
-0.4677170618250252,112.68033415564445,2,16.190000534057617,2026-08-17,SNPP,West Kalimantan,Sintang
-0.4677170618250252,112.68370672023507,2,16.190000534057617,2026-08-17,SNPP,West Kalimantan,Sintang
-0.47108951404599947,112.67701592754835,1,5.230000019073486,2026-08-17,SNPP,West Kalimantan,Sintang
-0.47108951404599947,112.68038849376534,2,16.190000534057617,2026-08-17,SNPP,West Kalimantan,Sintang
-0.47108951404599947,112.68376105998232,2,16.190000534057617,2026-08-17,SNPP,West Kalimantan,Sintang
-0.4744619662669736,112.67707065447038,1,5.230000019073486,2026-08-17,SNPP,West Kalimantan,Sintang
-0.4744619662669736,112.68044322232542,2,16.190000534057617,2026-08-17,SNPP,West Kalimantan,Sintang
-0.4744619662669736,112.68381579018046,2,16.190000534057617,2026-08-17,SNPP,West Kalimantan,Sintang
-0.481206870708922,112.45796415379895,1,2.7300000190734863,2026-08-17,SNPP,West Kalimantan,Sintang
-0.481206870708922,112.46133672496514,1,2.7300000190734863,2026-08-17,SNPP,West Kalimantan,Sintang
-0.48457932292989614,112.45801994325744,1,2.7300000190734863,2026-08-17,SNPP,West Kalimantan,Sintang
-0.48457932292989614,112.46139251609672,1,2.7300000190734863,2026-08-17,SNPP,West Kalimantan,Sintang
-0.4879517751508703,112.45807612238764,1,2.7300000190734863,2026-08-17,SNPP,West Kalimantan,Sintang
-0.4879517751508703,112.46144869691172,1,2.7300000190734863,2026-08-17,SNPP,West Kalimantan,Sintang
0.05501303242597195,112.06284513869366,1,3.3499999046325684,2026-08-17,SNPP,West Kalimantan,Sintang
0.05501303242597195,112.06621759246917,1,3.3499999046325684,2026-08-17,SNPP,West Kalimantan,Sintang
0.05501303242597195,112.06959004624467,1,3.3499999046325684,2026-08-17,SNPP,West Kalimantan,Sintang
0.051640580204997774,112.0628389995489,1,3.3499999046325684,2026-08-17,SNPP,West Kalimantan,Sintang
0.051640580204997774,112.06621145313964,1,3.3499999046325684,2026-08-17,SNPP,West Kalimantan,Sintang
0.051640580204997774,112.06958390673041,1,3.3499999046325684,2026-08-17,SNPP,West Kalimantan,Sintang
0.041523223542075244,112.10329234887851,1,5.119999885559082,2026-08-17,SNPP,West Kalimantan,Sintang
0.041523223542075244,112.10666480198513,1,5.119999885559082,2026-08-17,SNPP,West Kalimantan,Sintang
0.041523223542075244,112.11003725509174,1,5.119999885559082,2026-08-17,SNPP,West Kalimantan,Sintang
0.03815077132110107,112.103287761067,1,5.119999885559082,2026-08-17,SNPP,West Kalimantan,Sintang
0.03815077132110107,112.10666021403559,1,5.119999885559082,2026-08-17,SNPP,West Kalimantan,Sintang
0.03815077132110107,112.11003266700418,1,5.119999885559082,2026-08-17,SNPP,West Kalimantan,Sintang
0.034778319100126895,112.10328356164284,1,5.119999885559082,2026-08-17,SNPP,West Kalimantan,Sintang
0.034778319100126895,112.10665601448511,1,5.119999885559082,2026-08-17,SNPP,West Kalimantan,Sintang
0.034778319100126895,112.11002846732735,1,5.119999885559082,2026-08-17,SNPP,West Kalimantan,Sintang
0.028033414658178546,112.16398047519984,1,29.469999313354492,2026-08-17,SNPP,West Kalimantan,Sintang
0.028033414658178546,112.16735292782447,1,29.469999313354492,2026-08-17,SNPP,West Kalimantan,Sintang
0.028033414658178546,112.17072538044911,1,29.469999313354492,2026-08-17,SNPP,West Kalimantan,Sintang
0.024660962437204368,112.16397743929427,1,29.469999313354492,2026-08-17,SNPP,West Kalimantan,Sintang
0.024660962437204368,112.16734989182764,1,29.469999313354492,2026-08-17,SNPP,West Kalimantan,Sintang
0.024660962437204368,112.170722344361,1,29.469999313354492,2026-08-17,SNPP,West Kalimantan,Sintang
0.021288510216230194,112.16397479198612,1,29.469999313354492,2026-08-17,SNPP,West Kalimantan,Sintang
0.021288510216230194,112.1673472444399,1,29.469999313354492,2026-08-17,SNPP,West Kalimantan,Sintang
0.021288510216230194,112.17071969689366,1,29.469999313354492,2026-08-17,SNPP,West Kalimantan,Sintang
0.01791605799525602,112.09315103317253,1,2.3299999237060547,2026-08-17,SNPP,West Kalimantan,Sintang
0.01791605799525602,112.09652348555836,1,2.3299999237060547,2026-08-17,SNPP,West Kalimantan,Sintang
0.01791605799525602,112.16397253327536,1,29.469999313354492,2026-08-17,SNPP,West Kalimantan,Sintang
0.01791605799525602,112.1673449856612,1,29.469999313354492,2026-08-17,SNPP,West Kalimantan,Sintang
0.01791605799525602,112.17071743804705,1,29.469999313354492,2026-08-17,SNPP,West Kalimantan,Sintang
0.014543605774281843,112.09314916423989,1,2.3299999237060547,2026-08-17,SNPP,West Kalimantan,Sintang
0.014543605774281843,112.0965216165695,1,2.3299999237060547,2026-08-17,SNPP,West Kalimantan,Sintang
0.011171153553307667,112.09314768365917,1,2.3299999237060547,2026-08-17,SNPP,West Kalimantan,Sintang
0.011171153553307667,112.09652013594425,1,2.3299999237060547,2026-08-17,SNPP,West Kalimantan,Sintang
0.007798701332333491,111.92115152656744,1,5.789999961853027,2026-08-17,SNPP,West Kalimantan,Sintang
0.007798701332333491,111.92452397881966,1,5.789999961853027,2026-08-17,SNPP,West Kalimantan,Sintang
0.007798701332333491,111.92789643107187,1,5.789999961853027,2026-08-17,SNPP,West Kalimantan,Sintang
0.004426249111359315,111.92115082377057,1,5.789999961853027,2026-08-17,SNPP,West Kalimantan,Sintang
0.004426249111359315,111.92452327600161,1,5.789999961853027,2026-08-17,SNPP,West Kalimantan,Sintang
0.004426249111359315,111.92789572823264,1,5.789999961853027,2026-08-17,SNPP,West Kalimantan,Sintang
0.0010537968903851403,111.92115050872968,1,5.789999961853027,2026-08-17,SNPP,West Kalimantan,Sintang
0.0010537968903851403,111.92452296095124,1,5.789999961853027,2026-08-17,SNPP,West Kalimantan,Sintang
0.0010537968903851403,111.92789541317278,1,5.789999961853027,2026-08-17,SNPP,West Kalimantan,Sintang
-0.0023186553305890355,111.92115058144479,1,5.789999961853027,2026-08-17,SNPP,West Kalimantan,Sintang
-0.0023186553305890355,111.92452303366852,1,5.789999961853027,2026-08-17,SNPP,West Kalimantan,Sintang
-0.0023186553305890355,111.92789548589225,1,5.789999961853027,2026-08-17,SNPP,West Kalimantan,Sintang
-0.04616053420325332,112.13027891810465,1,7.920000076293945,2026-08-17,SNPP,West Kalimantan,Sintang
-0.04616053420325332,112.13365137142011,1,7.920000076293945,2026-08-17,SNPP,West Kalimantan,Sintang
-0.049532986424227494,112.13028442968437,1,7.920000076293945,2026-08-17,SNPP,West Kalimantan,Sintang
-0.049532986424227494,112.13365688316559,1,7.920000076293945,2026-08-17,SNPP,West Kalimantan,Sintang
-0.05290543864520167,112.13029032974518,1,7.920000076293945,2026-08-17,SNPP,West Kalimantan,Sintang
-0.05290543864520167,112.13366278340386,1,7.920000076293945,2026-08-17,SNPP,West Kalimantan,Sintang
-0.05627789086617584,111.97853619513535,1,6.170000076293945,2026-08-17,SNPP,West Kalimantan,Sintang
-0.05627789086617584,111.98190864898315,1,6.170000076293945,2026-08-17,SNPP,West Kalimantan,Sintang
-0.05627789086617584,112.1066894413525,1,4.829999923706055,2026-08-17,SNPP,West Kalimantan,Sintang
-0.05627789086617584,112.11006189520032,1,4.829999923706055,2026-08-17,SNPP,West Kalimantan,Sintang
-0.05627789086617584,112.11343434904813,1,4.829999923706055,2026-08-17,SNPP,West Kalimantan,Sintang
-0.05965034308715002,111.97854286312185,1,6.170000076293945,2026-08-17,SNPP,West Kalimantan,Sintang
-0.05965034308715002,111.98191531717048,1,6.170000076293945,2026-08-17,SNPP,West Kalimantan,Sintang
-0.05965034308715002,112.10669611697014,1,4.829999923706055,2026-08-17,SNPP,West Kalimantan,Sintang
-0.05965034308715002,112.11006857101879,1,4.829999923706055,2026-08-17,SNPP,West Kalimantan,Sintang
-0.05965034308715002,112.11344102506742,1,4.829999923706055,2026-08-17,SNPP,West Kalimantan,Sintang
-0.06302279530812419,111.97854991906402,1,6.170000076293945,2026-08-17,SNPP,West Kalimantan,Sintang
-0.06302279530812419,111.98192237332516,1,6.170000076293945,2026-08-17,SNPP,West Kalimantan,Sintang
-0.06302279530812419,112.10670318098745,1,4.829999923706055,2026-08-17,SNPP,West Kalimantan,Sintang
-0.06302279530812419,112.1100756352486,1,4.829999923706055,2026-08-17,SNPP,West Kalimantan,Sintang
-0.06302279530812419,112.11344808950973,1,4.829999923706055,2026-08-17,SNPP,West Kalimantan,Sintang
-0.06639524752909837,112.10671063340455,1,4.829999923706055,2026-08-17,SNPP,West Kalimantan,Sintang
-0.06639524752909837,112.11008308788988,1,4.829999923706055,2026-08-17,SNPP,West Kalimantan,Sintang
-0.06639524752909837,112.1134555423752,1,4.829999923706055,2026-08-17,SNPP,West Kalimantan,Sintang
-0.06976769975007255,111.64469217741684,1,8.239999771118164,2026-08-17,SNPP,West Kalimantan,Sintang
-0.06976769975007255,111.64806463213804,1,8.239999771118164,2026-08-17,SNPP,West Kalimantan,Sintang
-0.07314015197104673,111.64470037271876,1,8.239999771118164,2026-08-17,SNPP,West Kalimantan,Sintang
-0.07314015197104673,111.64807282768751,1,8.239999771118164,2026-08-17,SNPP,West Kalimantan,Sintang
-0.09674731751786596,111.96177953093363,1,5.769999980926514,2026-08-17,SNPP,West Kalimantan,Sintang
-0.09674731751786596,111.96515198796243,1,5.769999980926514,2026-08-17,SNPP,West Kalimantan,Sintang
-0.10011976973884013,111.96179085269253,1,5.769999980926514,2026-08-17,SNPP,West Kalimantan,Sintang
-0.10011976973884013,111.96516331006237,1,5.769999980926514,2026-08-17,SNPP,West Kalimantan,Sintang
-0.1034922219598143,111.96180256235061,1,5.769999980926514,2026-08-17,SNPP,West Kalimantan,Sintang
-0.1034922219598143,111.96517502007316,1,5.769999980926514,2026-08-17,SNPP,West Kalimantan,Sintang
-0.1034922219598143,112.19112968748354,1,3.7200000286102295,2026-08-17,SNPP,West Kalimantan,Sintang
-0.1034922219598143,112.1945021452061,1,3.7200000286102295,2026-08-17,SNPP,West Kalimantan,Sintang
-0.1034922219598143,112.19787460292864,1,3.7200000286102295,2026-08-17,SNPP,West Kalimantan,Sintang
-0.10686467418078847,111.66841080634428,2,7.349999904632568,2026-08-17,SNPP,West Kalimantan,Sintang
-0.10686467418078847,111.67178326443121,2,7.349999904632568,2026-08-17,SNPP,West Kalimantan,Sintang
-0.10686467418078847,111.67515572251816,2,7.349999904632568,2026-08-17,SNPP,West Kalimantan,Sintang
-0.10686467418078847,112.19114180981994,1,3.7200000286102295,2026-08-17,SNPP,West Kalimantan,Sintang
-0.10686467418078847,112.19451426790688,1,3.7200000286102295,2026-08-17,SNPP,West Kalimantan,Sintang
-0.10686467418078847,112.19788672599383,1,3.7200000286102295,2026-08-17,SNPP,West Kalimantan,Sintang
-0.11023712640176266,111.66505080061924,1,7.349999904632568,2026-08-17,SNPP,West Kalimantan,Sintang
-0.11023712640176266,111.66842325908226,2,7.349999904632568,2026-08-17,SNPP,West Kalimantan,Sintang
-0.11023712640176266,111.67179571754528,2,7.349999904632568,2026-08-17,SNPP,West Kalimantan,Sintang
-0.11023712640176266,111.6751681760083,2,7.349999904632568,2026-08-17,SNPP,West Kalimantan,Sintang
-0.11023712640176266,112.19115432085043,1,3.7200000286102295,2026-08-17,SNPP,West Kalimantan,Sintang
-0.11023712640176266,112.19452677931345,1,3.319999933242798,2026-08-17,SNPP,West Kalimantan,Sintang
-0.11023712640176266,112.19789923777648,1,3.319999933242798,2026-08-17,SNPP,West Kalimantan,Sintang
-0.11360957862273684,111.66506363985273,1,7.349999904632568,2026-08-17,SNPP,West Kalimantan,Sintang
-0.11360957862273684,111.6684360987035,2,7.349999904632568,2026-08-17,SNPP,West Kalimantan,Sintang
-0.11360957862273684,111.67180855755429,2,7.349999904632568,2026-08-17,SNPP,West Kalimantan,Sintang
-0.11360957862273684,111.67518101640508,2,7.349999904632568,2026-08-17,SNPP,West Kalimantan,Sintang
-0.11360957862273684,112.19453967942601,1,3.319999933242798,2026-08-17,SNPP,West Kalimantan,Sintang
-0.11360957862273684,112.19791213827679,1,3.319999933242798,2026-08-17,SNPP,West Kalimantan,Sintang
-0.14058919639053025,111.68878751774035,1,4.449999809265137,2026-08-17,SNPP,West Kalimantan,Melawi
-0.14058919639053025,111.69215998011387,1,4.449999809265137,2026-08-17,SNPP,West Kalimantan,Sintang
-0.1439616486115044,111.68880384227933,1,4.449999809265137,2026-08-17,SNPP,West Kalimantan,Melawi
-0.1439616486115044,111.69217630514578,1,4.449999809265137,2026-08-17,SNPP,West Kalimantan,Sintang
-0.14733410083247858,111.68882055377422,1,4.449999809265137,2026-08-17,SNPP,West Kalimantan,Melawi
-0.14733410083247858,111.69219301714529,1,4.449999809265137,2026-08-17,SNPP,West Kalimantan,Melawi
-0.20803824081001376,111.65209031153132,1,4.980000019073486,2026-08-17,SNPP,West Kalimantan,Melawi
-0.20803824081001376,111.6554627859833,1,4.980000019073486,2026-08-17,SNPP,West Kalimantan,Melawi
-0.20803824081001376,111.6588352604353,1,4.980000019073486,2026-08-17,SNPP,West Kalimantan,Melawi
-0.21141069303098792,111.65211436725822,1,4.980000019073486,2026-08-17,SNPP,West Kalimantan,Melawi
-0.21141069303098792,111.65548684243682,1,4.980000019073486,2026-08-17,SNPP,West Kalimantan,Melawi
-0.21141069303098792,111.6588593176154,1,4.980000019073486,2026-08-17,SNPP,West Kalimantan,Melawi
-0.2147831452519621,111.65213880981955,1,4.980000019073486,2026-08-17,SNPP,West Kalimantan,Melawi
-0.2147831452519621,111.65551128573644,1,4.980000019073486,2026-08-17,SNPP,West Kalimantan,Melawi
-0.2147831452519621,111.65888376165331,1,4.980000019073486,2026-08-17,SNPP,West Kalimantan,Melawi
-0.23164540635683298,111.6252869868888,1,5.730000019073486,2026-08-17,SNPP,West Kalimantan,Melawi
-0.23164540635683298,111.62865946667242,1,5.730000019073486,2026-08-17,SNPP,West Kalimantan,Melawi
-0.23164540635683298,111.63203194645604,1,5.730000019073486,2026-08-17,SNPP,West Kalimantan,Melawi
-0.23501785857780713,111.59158893807846,1,4.349999904632568,2026-08-17,SNPP,West Kalimantan,Melawi
-0.23501785857780713,111.5949614186705,1,4.349999904632568,2026-08-17,SNPP,West Kalimantan,Melawi
-0.23501785857780713,111.5983338992625,1,4.349999904632568,2026-08-17,SNPP,West Kalimantan,Melawi
-0.23501785857780713,111.62531374399865,1,5.730000019073486,2026-08-17,SNPP,West Kalimantan,Melawi
-0.23501785857780713,111.62868622459068,1,5.730000019073486,2026-08-17,SNPP,West Kalimantan,Melawi
-0.23501785857780713,111.6320587051827,1,5.730000019073486,2026-08-17,SNPP,West Kalimantan,Melawi
-0.23839031079878134,111.59161607373154,1,4.349999904632568,2026-08-17,SNPP,West Kalimantan,Melawi
-0.23839031079878134,111.59498855514367,1,4.349999904632568,2026-08-17,SNPP,West Kalimantan,Melawi
-0.23839031079878134,111.59836103655576,1,4.349999904632568,2026-08-17,SNPP,West Kalimantan,Melawi
-0.23839031079878134,111.62534088785257,1,5.730000019073486,2026-08-17,SNPP,West Kalimantan,Melawi
-0.23839031079878134,111.62871336926467,1,5.730000019073486,2026-08-17,SNPP,West Kalimantan,Melawi
-0.23839031079878134,111.63208585067679,1,5.730000019073486,2026-08-17,SNPP,West Kalimantan,Melawi
-0.2417627630197555,111.59164359601232,1,4.349999904632568,2026-08-17,SNPP,West Kalimantan,Melawi
-0.2417627630197555,111.59501607825621,1,4.349999904632568,2026-08-17,SNPP,West Kalimantan,Melawi
-0.2417627630197555,111.59838856050007,1,4.349999904632568,2026-08-17,SNPP,West Kalimantan,Melawi
-0.2417627630197555,111.62536841845102,1,5.730000019073486,2026-08-17,SNPP,West Kalimantan,Melawi
-0.2417627630197555,111.62874090069491,1,5.730000019073486,2026-08-17,SNPP,West Kalimantan,Melawi
-0.2417627630197555,111.63211338293877,1,5.730000019073486,2026-08-17,SNPP,West Kalimantan,Melawi
-0.25188011968267804,111.70976545095046,1,4.559999942779541,2026-08-17,SNPP,West Kalimantan,Melawi
-0.25188011968267804,111.71313793575975,1,4.559999942779541,2026-08-17,SNPP,West Kalimantan,Melawi
-0.25188011968267804,111.71651042056902,1,4.559999942779541,2026-08-17,SNPP,West Kalimantan,Melawi
-0.2552525719036522,111.70979455049452,1,4.559999942779541,2026-08-17,SNPP,West Kalimantan,Melawi
-0.2552525719036522,111.71316703618233,1,4.559999942779541,2026-08-17,SNPP,West Kalimantan,Melawi
-0.2552525719036522,111.7165395218701,1,4.559999942779541,2026-08-17,SNPP,West Kalimantan,Melawi
-0.25862502412462635,111.7098240370777,1,4.559999942779541,2026-08-17,SNPP,West Kalimantan,Melawi
-0.25862502412462635,111.71319652365568,1,4.559999942779541,2026-08-17,SNPP,West Kalimantan,Melawi
-0.25862502412462635,111.71656901023367,1,4.559999942779541,2026-08-17,SNPP,West Kalimantan,Melawi
-0.26536992856657476,111.58510210080696,1,7.869999885559082,2026-08-17,SNPP,West Kalimantan,Melawi
-0.26536992856657476,111.58847458920037,2,11.710000038146973,2026-08-17,SNPP,West Kalimantan,Melawi
-0.26536992856657476,111.59184707759378,2,11.710000038146973,2026-08-17,SNPP,West Kalimantan,Melawi
-0.26536992856657476,111.59521956598722,1,8.380000114440918,2026-08-17,SNPP,West Kalimantan,Melawi
-0.2687423807875489,111.58513271427644,1,7.869999885559082,2026-08-17,SNPP,West Kalimantan,Melawi
-0.2687423807875489,111.58850520359512,2,11.710000038146973,2026-08-17,SNPP,West Kalimantan,Melawi
-0.2687423807875489,111.59187769291377,2,11.710000038146973,2026-08-17,SNPP,West Kalimantan,Melawi
-0.2687423807875489,111.59525018223243,1,8.380000114440918,2026-08-17,SNPP,West Kalimantan,Melawi
-0.27211483300852307,111.58516371435479,1,7.869999885559082,2026-08-17,SNPP,West Kalimantan,Melawi
-0.27211483300852307,111.58853620461038,2,11.710000038146973,2026-08-17,SNPP,West Kalimantan,Melawi
-0.27211483300852307,111.59190869486596,2,11.710000038146973,2026-08-17,SNPP,West Kalimantan,Melawi
-0.2822321896714456,111.62910144502268,1,15.430000305175781,2026-08-17,SNPP,West Kalimantan,Melawi
-0.2822321896714456,111.63247393815917,1,15.430000305175781,2026-08-17,SNPP,West Kalimantan,Melawi
-0.28560464189241974,111.62913400432954,1,15.430000305175781,2026-08-17,SNPP,West Kalimantan,Melawi
-0.28560464189241974,111.63250649844971,1,15.430000305175781,2026-08-17,SNPP,West Kalimantan,Melawi
-0.28897709411339395,111.62916695039992,1,15.430000305175781,2026-08-17,SNPP,West Kalimantan,Melawi
-0.28897709411339395,111.63253944551542,1,15.430000305175781,2026-08-17,SNPP,West Kalimantan,Melawi
-0.31932916410216156,111.81834112705965,1,2.430000066757202,2026-08-17,SNPP,West Kalimantan,Melawi
-0.31932916410216156,111.82171363165916,1,2.430000066757202,2026-08-17,SNPP,West Kalimantan,Melawi
-0.31932916410216156,111.82508613625866,1,2.430000066757202,2026-08-17,SNPP,West Kalimantan,Melawi
-0.3227016163231357,111.81837800308084,1,2.430000066757202,2026-08-17,SNPP,West Kalimantan,Melawi
-0.3227016163231357,111.82175050879255,1,2.430000066757202,2026-08-17,SNPP,West Kalimantan,Melawi
-0.3227016163231357,111.82512301450426,1,2.430000066757202,2026-08-17,SNPP,West Kalimantan,Melawi
-0.3395638774280066,111.56562983596794,1,7.400000095367432,2026-08-17,SNPP,West Kalimantan,Melawi
-0.3395638774280066,111.56900234741593,1,7.400000095367432,2026-08-17,SNPP,West Kalimantan,Melawi
-0.3429363296489808,111.56566894787261,1,7.400000095367432,2026-08-17,SNPP,West Kalimantan,Melawi
-0.3429363296489808,111.56904146050292,1,7.400000095367432,2026-08-17,SNPP,West Kalimantan,Melawi
-0.34630878186995495,111.56570844632937,1,7.400000095367432,2026-08-17,SNPP,West Kalimantan,Melawi
-0.34630878186995495,111.56908096015368,1,7.400000095367432,2026-08-17,SNPP,West Kalimantan,Melawi
-0.4946966795928186,112.06022545407866,1,15.65999984741211,2026-08-17,SNPP,West Kalimantan,Melawi
-0.4946966795928186,112.06359803200736,1,15.65999984741211,2026-08-17,SNPP,West Kalimantan,Melawi
-0.4946966795928186,112.06697060993608,1,15.65999984741211,2026-08-17,SNPP,West Kalimantan,Melawi
-0.49806913181379286,112.05691001963919,1,15.65999984741211,2026-08-17,SNPP,West Kalimantan,Melawi
-0.49806913181379286,112.06028259928777,1,15.65999984741211,2026-08-17,SNPP,West Kalimantan,Melawi
-0.49806913181379286,112.06365517893633,1,15.65999984741211,2026-08-17,SNPP,West Kalimantan,Melawi
-0.49806913181379286,112.06702775858489,1,15.65999984741211,2026-08-17,SNPP,West Kalimantan,Melawi
-0.501441584034767,112.05696755141345,1,15.65999984741211,2026-08-17,SNPP,West Kalimantan,Melawi
-0.501441584034767,112.06034013279356,1,15.65999984741211,2026-08-17,SNPP,West Kalimantan,Melawi
-0.501441584034767,112.06371271417365,1,15.65999984741211,2026-08-17,SNPP,West Kalimantan,Melawi
-0.501441584034767,112.06708529555375,1,15.65999984741211,2026-08-17,SNPP,West Kalimantan,Melawi
-0.5992426984430181,112.12963025178198,1,12.640000343322754,2026-08-17,SNPP,West Kalimantan,Melawi
-0.5992426984430181,112.13300288846027,1,12.640000343322754,2026-08-17,SNPP,West Kalimantan,Melawi
-0.5992426984430181,112.13637552513852,1,12.640000343322754,2026-08-17,SNPP,West Kalimantan,Melawi
-0.6026151506639923,112.12969947632513,1,12.640000343322754,2026-08-17,SNPP,West Kalimantan,Melawi
-0.6026151506639923,112.13307211508554,1,12.640000343322754,2026-08-17,SNPP,West Kalimantan,Melawi
-0.6026151506639923,112.13644475384595,1,12.640000343322754,2026-08-17,SNPP,West Kalimantan,Melawi
-0.6059876028849664,112.12976908943274,1,12.640000343322754,2026-08-17,SNPP,West Kalimantan,Melawi
-0.6059876028849664,112.13314173028698,1,12.640000343322754,2026-08-17,SNPP,West Kalimantan,Melawi
-0.6059876028849664,112.13651437114122,1,12.640000343322754,2026-08-17,SNPP,West Kalimantan,Melawi
-0.6093600551059406,112.12983909110604,1,12.640000343322754,2026-08-17,SNPP,West Kalimantan,Melawi
-0.6093600551059406,112.13321173406578,1,12.640000343322754,2026-08-17,SNPP,West Kalimantan,Melawi
-0.6093600551059406,112.13658437702553,1,12.640000343322754,2026-08-17,SNPP,West Kalimantan,Melawi
-0.6127325073269148,112.1299094813462,1,12.640000343322754,2026-08-17,SNPP,West Kalimantan,Melawi
-0.6127325073269148,112.13328212642315,1,12.640000343322754,2026-08-17,SNPP,West Kalimantan,Melawi
-0.6127325073269148,112.1366547715001,1,12.640000343322754,2026-08-17,SNPP,West Kalimantan,Melawi
-0.6565743861995791,112.06677911500167,1,26.709999084472656,2026-08-17,SNPP,West Kalimantan,Melawi
-0.6565743861995791,112.07015178866575,1,26.709999084472656,2026-08-17,SNPP,West Kalimantan,Melawi
-0.6565743861995791,112.07352446232984,1,26.709999084472656,2026-08-17,SNPP,West Kalimantan,Melawi
-0.6599468384205532,112.06685490197371,1,26.709999084472656,2026-08-17,SNPP,West Kalimantan,Melawi
-0.6599468384205532,112.07022757791863,1,26.709999084472656,2026-08-17,SNPP,West Kalimantan,Melawi
-0.6599468384205532,112.07360025386355,1,26.709999084472656,2026-08-17,SNPP,West Kalimantan,Melawi
-0.6633192906415274,112.06693107730958,1,26.709999084472656,2026-08-17,SNPP,West Kalimantan,Melawi
-0.6633192906415274,112.070303755547,1,26.709999084472656,2026-08-17,SNPP,West Kalimantan,Melawi
-0.6633192906415274,112.07367643378443,1,26.709999084472656,2026-08-17,SNPP,West Kalimantan,Melawi
-0.6666917428625015,112.06700764101056,1,26.709999084472656,2026-08-17,SNPP,West Kalimantan,Melawi
-0.6666917428625015,112.07038032155218,1,26.709999084472656,2026-08-17,SNPP,West Kalimantan,Melawi
-0.6666917428625015,112.07375300209381,1,26.709999084472656,2026-08-17,SNPP,West Kalimantan,Melawi
-0.6700641950834758,112.06708459307802,1,26.709999084472656,2026-08-17,SNPP,West Kalimantan,Melawi
-0.6700641950834758,112.07045727593554,1,26.709999084472656,2026-08-17,SNPP,West Kalimantan,Melawi
-0.6700641950834758,112.07382995879306,1,26.709999084472656,2026-08-17,SNPP,West Kalimantan,Melawi
-0.71390607395614,111.49475892721055,1,3.4200000762939453,2026-08-17,SNPP,West Kalimantan,Melawi
-0.71390607395614,111.49813164123826,1,3.4200000762939453,2026-08-17,SNPP,West Kalimantan,Melawi
-0.71390607395614,111.50150435526595,1,5.75,2026-08-17,SNPP,West Kalimantan,Melawi
-0.7172785261771142,111.49484089503234,1,3.4200000762939453,2026-08-17,SNPP,West Kalimantan,Melawi
-0.7172785261771142,111.49821361153957,1,3.4200000762939453,2026-08-17,SNPP,West Kalimantan,Melawi
-0.7172785261771142,111.50158632804678,1,5.75,2026-08-17,SNPP,West Kalimantan,Melawi
-0.7206509783980884,111.49492324925423,1,3.4200000762939453,2026-08-17,SNPP,West Kalimantan,Melawi
-0.7206509783980884,111.49829596825268,1,3.4200000762939453,2026-08-17,SNPP,West Kalimantan,Melawi
-0.7206509783980884,111.5016686872511,1,5.75,2026-08-17,SNPP,West Kalimantan,Melawi
-0.730768335061011,112.27089973504248,1,4.119999885559082,2026-08-17,SNPP,Central Kalimantan,Katingan
-0.730768335061011,112.27427246158467,1,4.119999885559082,2026-08-17,SNPP,Central Kalimantan,Katingan
-0.730768335061011,112.27764518812688,1,4.119999885559082,2026-08-17,SNPP,Central Kalimantan,Katingan
-0.7341407872819852,112.27098421861183,1,4.119999885559082,2026-08-17,SNPP,Central Kalimantan,Katingan
-0.7341407872819852,112.274356947692,1,4.119999885559082,2026-08-17,SNPP,Central Kalimantan,Katingan
-0.7341407872819852,112.27772967677217,1,4.119999885559082,2026-08-17,SNPP,Central Kalimantan,Katingan
-0.7375132395029593,112.27106909127691,1,4.119999885559082,2026-08-17,SNPP,Central Kalimantan,Katingan
-0.7375132395029593,112.27444182290674,1,4.119999885559082,2026-08-17,SNPP,Central Kalimantan,Katingan
-0.7375132395029593,112.27781455453656,1,4.119999885559082,2026-08-17,SNPP,Central Kalimantan,Katingan
-0.049532986424227494,110.64303244446066,1,2.7799999713897705,2026-08-17,SNPP,West Kalimantan,Sanggau
-0.049532986424227494,110.64640489794189,1,2.7799999713897705,2026-08-17,SNPP,West Kalimantan,Sanggau
-0.049532986424227494,110.64977735142313,1,2.7799999713897705,2026-08-17,SNPP,West Kalimantan,Sanggau
-0.05290543864520167,110.64303826626538,1,2.7799999713897705,2026-08-17,SNPP,West Kalimantan,Sanggau
-0.05290543864520167,110.64641071992406,1,2.7799999713897705,2026-08-17,SNPP,West Kalimantan,Sanggau
-0.05290543864520167,110.64978317358276,1,2.7799999713897705,2026-08-17,SNPP,West Kalimantan,Sanggau
-0.05627789086617584,110.6430444713987,1,2.7799999713897705,2026-08-17,SNPP,West Kalimantan,Sanggau
-0.05627789086617584,110.64641692524651,1,2.7799999713897705,2026-08-17,SNPP,West Kalimantan,Sanggau
-0.05627789086617584,110.64978937909434,1,2.7799999713897705,2026-08-17,SNPP,West Kalimantan,Sanggau
-0.07988505641299508,110.7004303840231,1,2.319999933242798,2026-08-17,SNPP,West Kalimantan,Sanggau
-0.07988505641299508,110.70380283952201,1,2.319999933242798,2026-08-17,SNPP,West Kalimantan,Sanggau
-0.07988505641299508,110.70717529502093,1,2.319999933242798,2026-08-17,SNPP,West Kalimantan,Sanggau
-0.08325750863396925,110.70043966059366,1,2.319999933242798,2026-08-17,SNPP,West Kalimantan,Sanggau
-0.08325750863396925,110.70381211637518,1,2.319999933242798,2026-08-17,SNPP,West Kalimantan,Sanggau
-0.08325750863396925,110.7071845721567,1,2.319999933242798,2026-08-17,SNPP,West Kalimantan,Sanggau
-0.08662996085494343,110.70044932069263,1,2.319999933242798,2026-08-17,SNPP,West Kalimantan,Sanggau
-0.08662996085494343,110.70382177676844,1,2.319999933242798,2026-08-17,SNPP,West Kalimantan,Sanggau
-0.08662996085494343,110.70719423284427,1,2.319999933242798,2026-08-17,SNPP,West Kalimantan,Sanggau
-0.09337486529689178,110.70046979147642,1,24.030000686645508,2026-08-17,SNPP,West Kalimantan,Sanggau
-0.09337486529689178,110.70384224817587,1,24.030000686645508,2026-08-17,SNPP,West Kalimantan,Sanggau
-0.09337486529689178,110.70721470487533,1,24.030000686645508,2026-08-17,SNPP,West Kalimantan,Sanggau
-0.09674731751786596,110.7004806021616,1,24.030000686645508,2026-08-17,SNPP,West Kalimantan,Sanggau
-0.09674731751786596,110.70385305919041,1,24.030000686645508,2026-08-17,SNPP,West Kalimantan,Sanggau
-0.09674731751786596,110.70722551621921,1,24.030000686645508,2026-08-17,SNPP,West Kalimantan,Sanggau
-0.10011976973884013,110.7004917963759,1,24.030000686645508,2026-08-17,SNPP,West Kalimantan,Sanggau
-0.10011976973884013,110.70386425374573,1,24.030000686645508,2026-08-17,SNPP,West Kalimantan,Sanggau
-0.10011976973884013,110.70723671111556,1,24.030000686645508,2026-08-17,SNPP,West Kalimantan,Sanggau
-0.14058919639053025,110.61971694533027,1,24.520000457763672,2026-08-17,SNPP,West Kalimantan,Sanggau
-0.14058919639053025,110.62308940770379,1,24.520000457763672,2026-08-17,SNPP,West Kalimantan,Sanggau
-0.14058919639053025,110.62646187007732,1,24.520000457763672,2026-08-17,SNPP,West Kalimantan,Sanggau
-0.1439616486115044,110.61973311361288,1,24.520000457763672,2026-08-17,SNPP,West Kalimantan,Sanggau
-0.1439616486115044,110.62310557647933,1,24.520000457763672,2026-08-17,SNPP,West Kalimantan,Sanggau
-0.1439616486115044,110.62647803934578,1,24.520000457763672,2026-08-17,SNPP,West Kalimantan,Sanggau
-0.14733410083247858,110.61974966514751,1,24.520000457763672,2026-08-17,SNPP,West Kalimantan,Sanggau
-0.14733410083247858,110.62312212851856,1,24.520000457763672,2026-08-17,SNPP,West Kalimantan,Sanggau
-0.14733410083247858,110.62649459188962,1,24.520000457763672,2026-08-17,SNPP,West Kalimantan,Sanggau
-0.17094126637929782,110.58615158466633,1,6.329999923706055,2026-08-17,SNPP,West Kalimantan,Sanggau
-0.17094126637929782,110.5895240518968,1,6.329999923706055,2026-08-17,SNPP,West Kalimantan,Sanggau
-0.17094126637929782,110.59289651912727,1,6.329999923706055,2026-08-17,SNPP,West Kalimantan,Sanggau
-0.17431371860027198,110.58617119624708,1,6.329999923706055,2026-08-17,SNPP,West Kalimantan,Sanggau
-0.17431371860027198,110.58954366407563,1,6.329999923706055,2026-08-17,SNPP,West Kalimantan,Sanggau
-0.17431371860027198,110.59291613190418,1,6.329999923706055,2026-08-17,SNPP,West Kalimantan,Sanggau
-0.18105862304222034,111.05498476812956,1,11.369999885559082,2026-08-17,SNPP,West Kalimantan,Sekadau
-0.18105862304222034,111.05835723718931,1,20.15999984741211,2026-08-17,SNPP,West Kalimantan,Sekadau
-0.18105862304222034,111.06172970624908,1,20.15999984741211,2026-08-17,SNPP,West Kalimantan,Sekadau
-0.18105862304222034,111.06510217530885,1,20.15999984741211,2026-08-17,SNPP,West Kalimantan,Sekadau
-0.18443107526319452,111.05500561713083,1,11.369999885559082,2026-08-17,SNPP,West Kalimantan,Sekadau
-0.18443107526319452,111.05837808682372,1,20.15999984741211,2026-08-17,SNPP,West Kalimantan,Sekadau
-0.18443107526319452,111.06175055651663,1,20.15999984741211,2026-08-17,SNPP,West Kalimantan,Sekadau
-0.18443107526319452,111.06512302620952,1,20.15999984741211,2026-08-17,SNPP,West Kalimantan,Sekadau
-0.18780352748416868,111.05502685089526,1,11.369999885559082,2026-08-17,SNPP,West Kalimantan,Sekadau
-0.18780352748416868,111.05839932123297,1,20.15999984741211,2026-08-17,SNPP,West Kalimantan,Sekadau
-0.18780352748416868,111.06177179157069,1,20.15999984741211,2026-08-17,SNPP,West Kalimantan,Sekadau
-0.18780352748416868,111.0651442619084,1,20.15999984741211,2026-08-17,SNPP,West Kalimantan,Sekadau
-0.20466578858903958,110.5897374154631,1,6.179999828338623,2026-08-17,SNPP,West Kalimantan,Sanggau
-0.20466578858903958,110.59310988920016,1,6.179999828338623,2026-08-17,SNPP,West Kalimantan,Sanggau
-0.20466578858903958,110.59648236293724,1,6.179999828338623,2026-08-17,SNPP,West Kalimantan,Sanggau
-0.20803824081001376,110.58976085915498,1,6.179999828338623,2026-08-17,SNPP,West Kalimantan,Sanggau
-0.20803824081001376,110.59313333360697,1,6.179999828338623,2026-08-17,SNPP,West Kalimantan,Sanggau
-0.20803824081001376,110.59650580805896,1,6.179999828338623,2026-08-17,SNPP,West Kalimantan,Sanggau
-0.21141069303098792,110.58978468600029,1,6.179999828338623,2026-08-17,SNPP,West Kalimantan,Sanggau
-0.21141069303098792,110.5931571611789,1,6.179999828338623,2026-08-17,SNPP,West Kalimantan,Sanggau
-0.21141069303098792,110.5965296363575,1,6.179999828338623,2026-08-17,SNPP,West Kalimantan,Sanggau
-0.23839031079878134,110.62371390845823,1,8.859999656677246,2026-08-17,SNPP,West Kalimantan,Sekadau
-0.23839031079878134,110.62708638987033,1,8.859999656677246,2026-08-17,SNPP,West Kalimantan,Sekadau
-0.23839031079878134,110.63045887128244,1,8.859999656677246,2026-08-17,SNPP,West Kalimantan,Sekadau
-0.2417627630197555,110.61025126304598,1,19.790000915527344,2026-08-17,SNPP,West Kalimantan,Sekadau
-0.2417627630197555,110.61362374528987,1,19.790000915527344,2026-08-17,SNPP,West Kalimantan,Sekadau
-0.2417627630197555,110.61699622753373,1,19.790000915527344,2026-08-17,SNPP,West Kalimantan,Sekadau
-0.2417627630197555,110.62374119202147,1,8.859999656677246,2026-08-17,SNPP,West Kalimantan,Sekadau
-0.2417627630197555,110.62711367426535,1,8.859999656677246,2026-08-17,SNPP,West Kalimantan,Sekadau
-0.2417627630197555,110.63048615650922,1,8.859999656677246,2026-08-17,SNPP,West Kalimantan,Sekadau
-0.2417627630197555,110.80922771543435,1,15.319999694824219,2026-08-17,SNPP,West Kalimantan,Sekadau
-0.2417627630197555,110.81260019767822,1,15.319999694824219,2026-08-17,SNPP,West Kalimantan,Sekadau
-0.2417627630197555,110.81597267992208,1,15.319999694824219,2026-08-17,SNPP,West Kalimantan,Sekadau
-0.24513521524072968,110.6102789265101,1,19.790000915527344,2026-08-17,SNPP,West Kalimantan,Sekadau
-0.24513521524072968,110.61365140959744,1,19.790000915527344,2026-08-17,SNPP,West Kalimantan,Sekadau
-0.24513521524072968,110.61702389268476,1,19.790000915527344,2026-08-17,SNPP,West Kalimantan,Sekadau
-0.24513521524072968,110.6237688588594,1,8.859999656677246,2026-08-17,SNPP,West Kalimantan,Sekadau
-0.24513521524072968,110.62714134194673,1,8.859999656677246,2026-08-17,SNPP,West Kalimantan,Sekadau
-0.24513521524072968,110.63051382503406,1,8.859999656677246,2026-08-17,SNPP,West Kalimantan,Sekadau
-0.24513521524072968,110.8092554286622,1,15.319999694824219,2026-08-17,SNPP,West Kalimantan,Sekadau
-0.24513521524072968,110.81262791174952,1,15.319999694824219,2026-08-17,SNPP,West Kalimantan,Sekadau
-0.24513521524072968,110.81600039483685,1,15.319999694824219,2026-08-17,SNPP,West Kalimantan,Sekadau
-0.24850766746170388,110.80928352580787,1,15.319999694824219,2026-08-17,SNPP,West Kalimantan,Sekadau
-0.24850766746170388,110.81265600975033,1,15.319999694824219,2026-08-17,SNPP,West Kalimantan,Sekadau
-0.24850766746170388,110.81602849369278,1,15.319999694824219,2026-08-17,SNPP,West Kalimantan,Sekadau
-0.2957219985553423,110.67144481471209,1,10.430000305175781,2026-08-17,SNPP,West Kalimantan,Sekadau
-0.2957219985553423,110.67481731185336,1,10.430000305175781,2026-08-17,SNPP,West Kalimantan,Sekadau
-0.2957219985553423,110.67818980899463,1,10.430000305175781,2026-08-17,SNPP,West Kalimantan,Sekadau
-0.2990944507763165,110.67147862844065,1,10.430000305175781,2026-08-17,SNPP,West Kalimantan,Sekadau
-0.2990944507763165,110.67485112661232,1,10.430000305175781,2026-08-17,SNPP,West Kalimantan,Sekadau
-0.2990944507763165,110.67822362478401,1,10.430000305175781,2026-08-17,SNPP,West Kalimantan,Sekadau
-0.2990944507763165,111.00535594743697,1,4.329999923706055,2026-08-17,SNPP,West Kalimantan,Sekadau
-0.2990944507763165,111.00872844560865,1,4.329999923706055,2026-08-17,SNPP,West Kalimantan,Sekadau
-0.2990944507763165,111.01210094378033,1,4.329999923706055,2026-08-17,SNPP,West Kalimantan,Sekadau
-0.3024669029972907,110.67151282561653,1,10.430000305175781,2026-08-17,SNPP,West Kalimantan,Sekadau
-0.3024669029972907,110.6748853248303,1,10.430000305175781,2026-08-17,SNPP,West Kalimantan,Sekadau
-0.3024669029972907,110.67825782404408,1,10.430000305175781,2026-08-17,SNPP,West Kalimantan,Sekadau
-0.3024669029972907,111.00539024778,1,4.329999923706055,2026-08-17,SNPP,West Kalimantan,Sekadau
-0.3024669029972907,111.00876274699377,1,4.329999923706055,2026-08-17,SNPP,West Kalimantan,Sekadau
-0.3024669029972907,111.01213524620756,1,4.329999923706055,2026-08-17,SNPP,West Kalimantan,Sekadau
-0.30583935521826483,110.67154740624036,1,10.430000305175781,2026-08-17,SNPP,West Kalimantan,Sekadau
-0.30583935521826483,110.67491990650791,1,10.430000305175781,2026-08-17,SNPP,West Kalimantan,Sekadau
-0.30583935521826483,110.67829240677547,1,10.430000305175781,2026-08-17,SNPP,West Kalimantan,Sekadau
-0.30583935521826483,111.00542493272779,1,4.329999923706055,2026-08-17,SNPP,West Kalimantan,Sekadau
-0.30583935521826483,111.00879743299534,1,4.329999923706055,2026-08-17,SNPP,West Kalimantan,Sekadau
-0.30583935521826483,111.0121699332629,1,4.329999923706055,2026-08-17,SNPP,West Kalimantan,Sekadau
-0.46434460960405105,110.70733086703096,1,14.710000038146973,2026-08-17,SNPP,West Kalimantan,Sekadau
-0.46434460960405105,110.71070343000692,1,14.710000038146973,2026-08-17,SNPP,West Kalimantan,Sekadau
-0.46434460960405105,110.71407599298286,1,14.710000038146973,2026-08-17,SNPP,West Kalimantan,Sekadau
-0.4677170618250252,110.70738387012912,1,14.710000038146973,2026-08-17,SNPP,West Kalimantan,Sekadau
-0.4677170618250252,110.71075643471976,1,14.710000038146973,2026-08-17,SNPP,West Kalimantan,Sekadau
-0.4677170618250252,110.71412899931036,1,14.710000038146973,2026-08-17,SNPP,West Kalimantan,Sekadau
-0.47108951404599947,110.70743725682924,1,14.710000038146973,2026-08-17,SNPP,West Kalimantan,Sekadau
-0.47108951404599947,110.71080982304622,1,14.710000038146973,2026-08-17,SNPP,West Kalimantan,Sekadau
-0.47108951404599947,110.71418238926321,1,14.710000038146973,2026-08-17,SNPP,West Kalimantan,Sekadau
-0.4744619662669736,111.3651417588633,1,6.820000171661377,2026-08-17,SNPP,West Kalimantan,Melawi
-0.4744619662669736,111.36851432671833,1,6.820000171661377,2026-08-17,SNPP,West Kalimantan,Melawi
-0.4744619662669736,111.37188689457336,1,6.820000171661377,2026-08-17,SNPP,West Kalimantan,Melawi
-0.47783441848794783,111.36519623446792,1,6.820000171661377,2026-08-17,SNPP,West Kalimantan,Melawi
-0.47783441848794783,111.36856880397268,1,6.820000171661377,2026-08-17,SNPP,West Kalimantan,Melawi
-0.47783441848794783,111.37194137347745,1,6.820000171661377,2026-08-17,SNPP,West Kalimantan,Melawi
-0.481206870708922,111.36525109595607,1,6.820000171661377,2026-08-17,SNPP,West Kalimantan,Melawi
-0.481206870708922,111.36862366712224,1,6.820000171661377,2026-08-17,SNPP,West Kalimantan,Melawi
-0.481206870708922,111.37199623828845,1,6.820000171661377,2026-08-17,SNPP,West Kalimantan,Melawi
-0.49132422737184445,110.68078502295891,1,2.5799999237060547,2026-08-17,SNPP,West Kalimantan,Sekadau
-0.49132422737184445,110.68415759917946,1,2.5799999237060547,2026-08-17,SNPP,West Kalimantan,Sekadau
-0.49132422737184445,110.68753017540003,1,2.5799999237060547,2026-08-17,SNPP,West Kalimantan,Sekadau
-0.4946966795928186,110.6808410812337,1,1.9299999475479126,2026-08-17,SNPP,West Kalimantan,Sekadau
-0.4946966795928186,110.68421365916241,1,1.9299999475479126,2026-08-17,SNPP,West Kalimantan,Sekadau
-0.4946966795928186,110.68758623709114,1,1.9299999475479126,2026-08-17,SNPP,West Kalimantan,Sekadau
-0.4946966795928186,110.69095881501984,1,1.9299999475479126,2026-08-17,SNPP,West Kalimantan,Sekadau
-0.49806913181379286,110.68089752302454,1,1.9299999475479126,2026-08-17,SNPP,West Kalimantan,Sekadau
-0.49806913181379286,110.68427010267311,1,1.9299999475479126,2026-08-17,SNPP,West Kalimantan,Sekadau
-0.49806913181379286,110.68764268232168,1,1.9299999475479126,2026-08-17,SNPP,West Kalimantan,Sekadau
-0.49806913181379286,110.69101526197025,1,1.9299999475479126,2026-08-17,SNPP,West Kalimantan,Sekadau
-0.501441584034767,110.68095434833242,1,1.9299999475479126,2026-08-17,SNPP,West Kalimantan,Sekadau
-0.501441584034767,110.68432692971251,1,1.9299999475479126,2026-08-17,SNPP,West Kalimantan,Sekadau
-0.501441584034767,110.68769951109263,1,1.9299999475479126,2026-08-17,SNPP,West Kalimantan,Sekadau
-0.501441584034767,110.69107209247272,1,1.9299999475479126,2026-08-17,SNPP,West Kalimantan,Sekadau
-0.5081864884767153,110.84632580853648,1,22.68000030517578,2026-08-17,SNPP,West Kalimantan,Sekadau
-0.5081864884767153,110.84969839341471,1,22.68000030517578,2026-08-17,SNPP,West Kalimantan,Sekadau
-0.5081864884767153,110.85307097829292,1,22.68000030517578,2026-08-17,SNPP,West Kalimantan,Sekadau
-0.5115589406976896,110.84638387096449,1,22.68000030517578,2026-08-17,SNPP,West Kalimantan,Sekadau
-0.5115589406976896,110.8497564576093,1,22.68000030517578,2026-08-17,SNPP,West Kalimantan,Sekadau
-0.5115589406976896,110.85312904425413,1,22.68000030517578,2026-08-17,SNPP,West Kalimantan,Sekadau
-0.5149313929186637,110.84644231748614,1,22.68000030517578,2026-08-17,SNPP,West Kalimantan,Sekadau
-0.5149313929186637,110.84981490590924,1,29.450000762939453,2026-08-17,SNPP,West Kalimantan,Sekadau
-0.5149313929186637,110.85318749433233,1,29.450000762939453,2026-08-17,SNPP,West Kalimantan,Sekadau
-0.5149313929186637,110.85656008275544,1,29.450000762939453,2026-08-17,SNPP,West Kalimantan,Sekadau
-0.5183038451396379,110.67112645702272,1,12.510000228881836,2026-08-17,SNPP,West Kalimantan,Sekadau
-0.5183038451396379,110.6744990472358,1,12.510000228881836,2026-08-17,SNPP,West Kalimantan,Sekadau
-0.5183038451396379,110.67787163744887,1,12.510000228881836,2026-08-17,SNPP,West Kalimantan,Sekadau
-0.5183038451396379,110.68124422766194,1,7.710000038146973,2026-08-17,SNPP,West Kalimantan,Sekadau
-0.5183038451396379,110.8498737383155,1,29.450000762939453,2026-08-17,SNPP,West Kalimantan,Sekadau
-0.5183038451396379,110.85324632852857,1,29.450000762939453,2026-08-17,SNPP,West Kalimantan,Sekadau
-0.5183038451396379,110.85661891874165,1,29.450000762939453,2026-08-17,SNPP,West Kalimantan,Sekadau
-0.5216762973606122,110.67118557804875,1,12.510000228881836,2026-08-17,SNPP,West Kalimantan,Sekadau
-0.5216762973606122,110.67455817006346,1,12.510000228881836,2026-08-17,SNPP,West Kalimantan,Sekadau
-0.5216762973606122,110.67793076207819,1,12.510000228881836,2026-08-17,SNPP,West Kalimantan,Sekadau
-0.5216762973606122,110.6813033540929,1,7.710000038146973,2026-08-17,SNPP,West Kalimantan,Sekadau
-0.5216762973606122,110.84993295482913,1,29.450000762939453,2026-08-17,SNPP,West Kalimantan,Sekadau
-0.5216762973606122,110.85330554684386,1,29.450000762939453,2026-08-17,SNPP,West Kalimantan,Sekadau
-0.5216762973606122,110.85667813885857,1,29.450000762939453,2026-08-17,SNPP,West Kalimantan,Ketapang
-0.5250487495815863,110.67124508256374,1,12.510000228881836,2026-08-17,SNPP,West Kalimantan,Sekadau
-0.5250487495815863,110.6746176763918,1,12.510000228881836,2026-08-17,SNPP,West Kalimantan,Sekadau
-0.5250487495815863,110.67799027021987,1,12.510000228881836,2026-08-17,SNPP,West Kalimantan,Sekadau
-0.5250487495815863,110.68136286404793,1,7.710000038146973,2026-08-17,SNPP,West Kalimantan,Sekadau
-0.5891253417800956,110.89841477630313,1,10.239999771118164,2026-08-17,SNPP,West Kalimantan,Ketapang
-0.5891253417800956,110.90178740680511,1,21.329999923706055,2026-08-17,SNPP,West Kalimantan,Ketapang
-0.5891253417800956,110.9051600373071,1,21.329999923706055,2026-08-17,SNPP,West Kalimantan,Ketapang
-0.5891253417800956,110.90853266780907,1,21.329999923706055,2026-08-17,SNPP,West Kalimantan,Ketapang
-0.5924977940010697,110.89848208797756,1,10.239999771118164,2026-08-17,SNPP,West Kalimantan,Ketapang
-0.5924977940010697,110.90185472052661,1,21.329999923706055,2026-08-17,SNPP,West Kalimantan,Ketapang
-0.5924977940010697,110.90522735307567,1,21.329999923706055,2026-08-17,SNPP,West Kalimantan,Ketapang
-0.5924977940010697,110.90859998562473,1,21.329999923706055,2026-08-17,SNPP,West Kalimantan,Ketapang
-0.5958702462220439,110.89854978394705,1,10.239999771118164,2026-08-17,SNPP,West Kalimantan,Ketapang
-0.5958702462220439,110.90192241855488,1,21.329999923706055,2026-08-17,SNPP,West Kalimantan,Ketapang
-0.5958702462220439,110.9052950531627,1,21.329999923706055,2026-08-17,SNPP,West Kalimantan,Ketapang
-0.5958702462220439,110.90866768777052,1,21.329999923706055,2026-08-17,SNPP,West Kalimantan,Ketapang
-0.6835540039673725,110.68121977524062,1,21.059999465942383,2026-08-17,SNPP,West Kalimantan,Ketapang
-0.6835540039673725,110.68459246747857,1,21.059999465942383,2026-08-17,SNPP,West Kalimantan,Ketapang
-0.6835540039673725,110.68796515971653,1,21.059999465942383,2026-08-17,SNPP,West Kalimantan,Ketapang
-0.6869264561883467,110.68129769331115,1,21.059999465942383,2026-08-17,SNPP,West Kalimantan,Ketapang
-0.6869264561883467,110.68467038792345,1,21.059999465942383,2026-08-17,SNPP,West Kalimantan,Ketapang
-0.6869264561883467,110.68804308253571,1,21.059999465942383,2026-08-17,SNPP,West Kalimantan,Ketapang
-0.6902989084093208,110.68137599495239,1,21.059999465942383,2026-08-17,SNPP,West Kalimantan,Ketapang
-0.6902989084093208,110.68474869195069,1,21.059999465942383,2026-08-17,SNPP,West Kalimantan,Ketapang
-0.6902989084093208,110.68812138894899,1,21.059999465942383,2026-08-17,SNPP,West Kalimantan,Ketapang
-0.7172785261771142,110.81355216057362,1,32.66999816894531,2026-08-17,SNPP,West Kalimantan,Ketapang
-0.7172785261771142,110.81692487708084,1,32.66999816894531,2026-08-17,SNPP,West Kalimantan,Ketapang
-0.7172785261771142,110.82029759358807,1,32.66999816894531,2026-08-17,SNPP,West Kalimantan,Ketapang
-0.7206509783980884,110.81363401157041,1,32.66999816894531,2026-08-17,SNPP,West Kalimantan,Ketapang
-0.7206509783980884,110.81700673056883,1,32.66999816894531,2026-08-17,SNPP,West Kalimantan,Ketapang
-0.7206509783980884,110.82037944956727,1,32.66999816894531,2026-08-17,SNPP,West Kalimantan,Ketapang
-0.7240234306190626,110.81371624660761,1,32.66999816894531,2026-08-17,SNPP,West Kalimantan,Ketapang
-0.7240234306190626,110.81708896810895,1,32.66999816894531,2026-08-17,SNPP,West Kalimantan,Ketapang
-0.7240234306190626,110.82046168961028,1,32.66999816894531,2026-08-17,SNPP,West Kalimantan,Ketapang
-0.7273958828400369,110.81379886568668,1,7.739999771118164,2026-08-17,SNPP,West Kalimantan,Ketapang
-0.7273958828400369,110.81717158970261,1,7.739999771118164,2026-08-17,SNPP,West Kalimantan,Ketapang
-0.7273958828400369,110.82054431371853,1,7.739999771118164,2026-08-17,SNPP,West Kalimantan,Ketapang
-0.7476305961658818,111.3606864196484,1,7.599999904632568,2026-08-17,SNPP,West Kalimantan,Melawi
-0.7476305961658818,111.36405915899734,1,7.599999904632568,2026-08-17,SNPP,West Kalimantan,Melawi
-0.7476305961658818,111.36743189834627,1,7.599999904632568,2026-08-17,SNPP,West Kalimantan,Melawi
-0.751003048386856,111.36077214767977,1,7.599999904632568,2026-08-17,SNPP,West Kalimantan,Melawi
-0.751003048386856,111.36414488962512,1,7.599999904632568,2026-08-17,SNPP,West Kalimantan,Melawi
-0.751003048386856,111.36751763157046,1,7.599999904632568,2026-08-17,SNPP,West Kalimantan,Melawi
-0.7543755006078302,111.36085826165825,1,7.599999904632568,2026-08-17,SNPP,West Kalimantan,Melawi
-0.7543755006078302,111.3642310062117,1,7.599999904632568,2026-08-17,SNPP,West Kalimantan,Melawi
-0.7543755006078302,111.36760375076514,1,7.599999904632568,2026-08-17,SNPP,West Kalimantan,Melawi
-0.3429363296489808,114.05795578166735,1,0.5899999737739563,2026-08-17,SNPP,Central Kalimantan,Murung Raya
-0.3429363296489808,114.06132829429765,1,0.8500000238418579,2026-08-17,SNPP,Central Kalimantan,Murung Raya
-0.3429363296489808,114.06470080692796,1,0.8500000238418579,2026-08-17,SNPP,Central Kalimantan,Murung Raya
-0.3429363296489808,114.06807331955827,1,0.8500000238418579,2026-08-17,SNPP,Central Kalimantan,Murung Raya
-0.34630878186995495,114.05799616248771,1,0.5899999737739563,2026-08-17,SNPP,Central Kalimantan,Murung Raya
-0.34630878186995495,114.06136867631201,1,0.8500000238418579,2026-08-17,SNPP,Central Kalimantan,Murung Raya
-0.34630878186995495,114.0647411901363,1,0.8500000238418579,2026-08-17,SNPP,Central Kalimantan,Murung Raya
-0.34630878186995495,114.06811370396062,1,0.8500000238418579,2026-08-17,SNPP,Central Kalimantan,Murung Raya
-0.34968123409092916,114.05803693849612,1,0.5899999737739563,2026-08-17,SNPP,Central Kalimantan,Murung Raya
-0.34968123409092916,114.0614094535261,1,0.8500000238418579,2026-08-17,SNPP,Central Kalimantan,Murung Raya
-0.34968123409092916,114.06478196855608,1,0.8500000238418579,2026-08-17,SNPP,Central Kalimantan,Murung Raya
-0.34968123409092916,114.06815448358607,1,0.8500000238418579,2026-08-17,SNPP,Central Kalimantan,Murung Raya
-0.47783441848794783,114.11384038085008,1,34.7599983215332,2026-08-17,SNPP,Central Kalimantan,Murung Raya
-0.47783441848794783,114.11721295035484,1,34.7599983215332,2026-08-17,SNPP,Central Kalimantan,Murung Raya
-0.47783441848794783,114.12058551985963,1,34.7599983215332,2026-08-17,SNPP,Central Kalimantan,Murung Raya
-0.481206870708922,114.1138965963942,1,34.7599983215332,2026-08-17,SNPP,Central Kalimantan,Murung Raya
-0.481206870708922,114.11726916756038,1,34.7599983215332,2026-08-17,SNPP,Central Kalimantan,Murung Raya
-0.481206870708922,114.12064173872658,1,34.7599983215332,2026-08-17,SNPP,Central Kalimantan,Murung Raya
-0.6228498639898374,114.63600304698693,1,46.220001220703125,2026-08-17,SNPP,Central Kalimantan,Murung Raya
-0.6228498639898374,114.63937569848558,1,46.220001220703125,2026-08-17,SNPP,Central Kalimantan,Murung Raya
-0.6228498639898374,114.64274834998426,1,46.220001220703125,2026-08-17,SNPP,Central Kalimantan,Murung Raya
-0.6262223162108116,114.63607659932052,1,46.220001220703125,2026-08-17,SNPP,Central Kalimantan,Murung Raya
-0.6262223162108116,114.63944925298313,1,46.220001220703125,2026-08-17,SNPP,Central Kalimantan,Murung Raya
-0.6262223162108116,114.64282190664574,1,46.220001220703125,2026-08-17,SNPP,Central Kalimantan,Murung Raya
-0.6295947684317857,114.636150548911,1,46.220001220703125,2026-08-17,SNPP,Central Kalimantan,Murung Raya
-0.6295947684317857,114.63952320474924,1,46.220001220703125,2026-08-17,SNPP,Central Kalimantan,Murung Raya
-0.6295947684317857,114.6428958605875,1,46.220001220703125,2026-08-17,SNPP,Central Kalimantan,Murung Raya
-0.6329672206527599,114.7306593204756,1,13.59000015258789,2026-08-17,SNPP,Central Kalimantan,Murung Raya
-0.6329672206527599,114.73403197850118,1,13.59000015258789,2026-08-17,SNPP,Central Kalimantan,Murung Raya
-0.636339672873734,114.73073412615595,1,13.59000015258789,2026-08-17,SNPP,Central Kalimantan,Murung Raya
-0.636339672873734,114.73410678638055,1,13.59000015258789,2026-08-17,SNPP,Central Kalimantan,Murung Raya
-0.7442581439449076,114.18020901244473,1,11.0600004196167,2026-08-17,SNPP,Central Kalimantan,Murung Raya
-0.7442581439449076,114.18358174920894,1,11.0600004196167,2026-08-17,SNPP,Central Kalimantan,Murung Raya
-0.7442581439449076,114.18695448597316,1,11.0600004196167,2026-08-17,SNPP,Central Kalimantan,Murung Raya
-0.7476305961658818,114.18029651535952,1,11.0600004196167,2026-08-17,SNPP,Central Kalimantan,Murung Raya
-0.7476305961658818,114.18366925470845,1,11.0600004196167,2026-08-17,SNPP,Central Kalimantan,Murung Raya
-0.7476305961658818,114.1870419940574,1,11.0600004196167,2026-08-17,SNPP,Central Kalimantan,Murung Raya
-0.751003048386856,114.17026618815588,1,20.68000030517578,2026-08-17,SNPP,Central Kalimantan,Murung Raya
-0.751003048386856,114.17363893010123,1,20.68000030517578,2026-08-17,SNPP,Central Kalimantan,Murung Raya
-0.751003048386856,114.17701167204658,1,20.68000030517578,2026-08-17,SNPP,Central Kalimantan,Murung Raya
-0.751003048386856,114.18038441399194,1,11.0600004196167,2026-08-17,SNPP,Central Kalimantan,Murung Raya
-0.751003048386856,114.18375715593729,1,11.0600004196167,2026-08-17,SNPP,Central Kalimantan,Murung Raya
-0.751003048386856,114.18712989788263,1,11.0600004196167,2026-08-17,SNPP,Central Kalimantan,Murung Raya
-0.7543755006078302,114.16698173012969,1,13.270000457763672,2026-08-17,SNPP,Central Kalimantan,Murung Raya
-0.7543755006078302,114.17035447468314,1,13.270000457763672,2026-08-17,SNPP,Central Kalimantan,Murung Raya
-0.7543755006078302,114.1737272192366,1,13.270000457763672,2026-08-17,SNPP,Central Kalimantan,Murung Raya
-0.7543755006078302,114.17709996379004,1,20.68000030517578,2026-08-17,SNPP,Central Kalimantan,Murung Raya
-0.7543755006078302,114.1804727083435,1,11.0600004196167,2026-08-17,SNPP,Central Kalimantan,Murung Raya
-0.7577479528288044,114.16707040972277,1,13.270000457763672,2026-08-17,SNPP,Central Kalimantan,Murung Raya
-0.7577479528288044,114.17044315689601,1,13.270000457763672,2026-08-17,SNPP,Central Kalimantan,Murung Raya
-0.7577479528288044,114.17381590406926,1,13.270000457763672,2026-08-17,SNPP,Central Kalimantan,Murung Raya
-0.7577479528288044,114.1771886512425,1,20.68000030517578,2026-08-17,SNPP,Central Kalimantan,Murung Raya
-0.7611204050497785,114.16715948499132,1,13.270000457763672,2026-08-17,SNPP,Central Kalimantan,Murung Raya
-0.7611204050497785,114.17053223479604,1,13.270000457763672,2026-08-17,SNPP,Central Kalimantan,Murung Raya
-0.7611204050497785,114.17390498460075,1,13.270000457763672,2026-08-17,SNPP,Central Kalimantan,Murung Raya
-0.7611204050497785,114.17727773440548,1,13.270000457763672,2026-08-17,SNPP,Central Kalimantan,Murung Raya
-0.7847275705965978,109.40544489495204,1,1.149999976158142,2026-08-17,SNPP,West Kalimantan,Kubu Raya
-0.7847275705965978,109.40881766350442,1,1.149999976158142,2026-08-17,SNPP,West Kalimantan,Kubu Raya
-0.788100022817572,109.40553328798795,1,1.149999976158142,2026-08-17,SNPP,West Kalimantan,Kubu Raya
-0.788100022817572,109.40890605926532,1,1.149999976158142,2026-08-17,SNPP,West Kalimantan,Kubu Raya
-0.8892735894467972,109.68493580070026,1,7.139999866485596,2026-08-17,SNPP,West Kalimantan,Kubu Raya
-0.8892735894467972,109.68830865916333,1,7.139999866485596,2026-08-17,SNPP,West Kalimantan,Kubu Raya
-0.8892735894467972,109.69168151762639,1,7.139999866485596,2026-08-17,SNPP,West Kalimantan,Kubu Raya
-0.8926460416677714,109.68503620235003,1,7.139999866485596,2026-08-17,SNPP,West Kalimantan,Kubu Raya
-0.8926460416677714,109.6884090639005,1,7.139999866485596,2026-08-17,SNPP,West Kalimantan,Kubu Raya
-0.8926460416677714,109.69178192545095,1,7.139999866485596,2026-08-17,SNPP,West Kalimantan,Kubu Raya
-0.8960184938887457,109.68513698419316,1,7.139999866485596,2026-08-17,SNPP,West Kalimantan,Kubu Raya
-0.8960184938887457,109.68850984884273,1,7.139999866485596,2026-08-17,SNPP,West Kalimantan,Kubu Raya
-0.8960184938887457,109.69188271349226,1,7.139999866485596,2026-08-17,SNPP,West Kalimantan,Kubu Raya
-0.8993909461097197,109.68523814623141,1,7.139999866485596,2026-08-17,SNPP,West Kalimantan,Kubu Raya
-0.8993909461097197,109.68861101399175,1,7.139999866485596,2026-08-17,SNPP,West Kalimantan,Kubu Raya
-0.8993909461097197,109.69198388175207,1,7.139999866485596,2026-08-17,SNPP,West Kalimantan,Kubu Raya
-1.1624422193457054,109.65382256370684,1,15.899999618530273,2026-08-17,SNPP,West Kalimantan,Kayong Utara
-1.1624422193457054,109.6571957101329,1,15.899999618530273,2026-08-17,SNPP,West Kalimantan,Kayong Utara
-1.1658146715666795,109.65395371882555,1,15.899999618530273,2026-08-17,SNPP,West Kalimantan,Kayong Utara
-1.1658146715666795,109.65732686928618,1,15.899999618530273,2026-08-17,SNPP,West Kalimantan,Kayong Utara
-1.1691871237876539,109.65408525416008,1,15.899999618530273,2026-08-17,SNPP,West Kalimantan,Kayong Utara
-1.1691871237876539,109.65745840866697,1,15.899999618530273,2026-08-17,SNPP,West Kalimantan,Kayong Utara
-0.8353143539112104,113.98371466397741,1,8.4399995803833,2026-08-17,SNPP,Central Kalimantan,Kapuas
-0.8353143539112104,113.98708747463213,1,8.4399995803833,2026-08-17,SNPP,Central Kalimantan,Kapuas
-0.8353143539112104,113.99046028528686,1,8.4399995803833,2026-08-17,SNPP,Central Kalimantan,Kapuas
-0.8386868061321846,113.98381268070254,1,8.4399995803833,2026-08-17,SNPP,Central Kalimantan,Kapuas
-0.8386868061321846,113.9871854942576,1,8.4399995803833,2026-08-17,SNPP,Central Kalimantan,Kapuas
-0.8386868061321846,113.99055830781266,1,23.3700008392334,2026-08-17,SNPP,Central Kalimantan,Kapuas
-0.8386868061321846,113.99393112136775,1,23.3700008392334,2026-08-17,SNPP,Central Kalimantan,Kapuas
-0.8386868061321846,113.99730393492281,1,23.3700008392334,2026-08-17,SNPP,Central Kalimantan,Kapuas
-0.8420592583531588,113.98391109249907,1,8.4399995803833,2026-08-17,SNPP,Central Kalimantan,Kapuas
-0.8420592583531588,113.98728390896618,1,8.4399995803833,2026-08-17,SNPP,Central Kalimantan,Kapuas
-0.8420592583531588,113.99065672543327,1,7.300000190734863,2026-08-17,SNPP,Central Kalimantan,Kapuas
-0.8420592583531588,113.99402954190039,1,7.300000190734863,2026-08-17,SNPP,Central Kalimantan,Kapuas
-0.8420592583531588,113.99740235836748,1,7.300000190734863,2026-08-17,SNPP,Central Kalimantan,Kapuas
-0.8454317105741329,113.99075553815041,1,7.300000190734863,2026-08-17,SNPP,Central Kalimantan,Kapuas
-0.8454317105741329,113.99412835754124,1,7.300000190734863,2026-08-17,SNPP,Central Kalimantan,Kapuas
-0.8454317105741329,113.99750117693206,1,7.300000190734863,2026-08-17,SNPP,Central Kalimantan,Kapuas
-0.8488041627951071,113.99085474596575,1,7.300000190734863,2026-08-17,SNPP,Central Kalimantan,Kapuas
-0.8488041627951071,113.994227568292,1,7.300000190734863,2026-08-17,SNPP,Central Kalimantan,Kapuas
-0.8488041627951071,113.99760039061823,1,7.300000190734863,2026-08-17,SNPP,Central Kalimantan,Kapuas
-0.8521766150160813,113.99095434888105,1,13.079999923706055,2026-08-17,SNPP,Central Kalimantan,Kapuas
-0.8521766150160813,113.9943271741544,1,13.079999923706055,2026-08-17,SNPP,Central Kalimantan,Kapuas
-0.8521766150160813,113.99769999942775,1,13.079999923706055,2026-08-17,SNPP,Central Kalimantan,Kapuas
-0.8555490672370555,113.99105434689803,1,13.079999923706055,2026-08-17,SNPP,Central Kalimantan,Kapuas
-0.8555490672370555,113.99442717513017,1,13.079999923706055,2026-08-17,SNPP,Central Kalimantan,Kapuas
-0.8555490672370555,113.9978000033623,1,13.079999923706055,2026-08-17,SNPP,Central Kalimantan,Kapuas
-1.0410339393906352,113.23823572938763,1,9.420000076293945,2026-08-17,SNPP,Central Kalimantan,Gunung Mas
-1.0410339393906352,113.24160873835841,1,9.420000076293945,2026-08-17,SNPP,Central Kalimantan,Gunung Mas
-1.0410339393906352,113.24498174732916,1,9.420000076293945,2026-08-17,SNPP,Central Kalimantan,Gunung Mas
-1.0444063916116093,113.23835704301544,1,9.420000076293945,2026-08-17,SNPP,Central Kalimantan,Gunung Mas
-1.0444063916116093,113.24173005559977,1,9.420000076293945,2026-08-17,SNPP,Central Kalimantan,Gunung Mas
-1.0444063916116093,113.2451030681841,1,9.420000076293945,2026-08-17,SNPP,Central Kalimantan,Gunung Mas
-1.0477788438325835,113.23847874922353,1,9.420000076293945,2026-08-17,SNPP,Central Kalimantan,Gunung Mas
-1.0477788438325835,113.2418517654331,1,9.420000076293945,2026-08-17,SNPP,Central Kalimantan,Gunung Mas
-1.0477788438325835,113.24522478164266,1,9.420000076293945,2026-08-17,SNPP,Central Kalimantan,Gunung Mas
-1.2197739071022664,113.99406046486232,1,1.0099999904632568,2026-08-17,SNPP,Central Kalimantan,Gunung Mas
-1.2197739071022664,113.99743368146669,1,1.0099999904632568,2026-08-17,SNPP,Central Kalimantan,Kapuas
-1.2197739071022664,114.00080689807105,1,1.0099999904632568,2026-08-17,SNPP,Central Kalimantan,Kapuas
-1.2231463593232406,113.99420352812758,1,1.0099999904632568,2026-08-17,SNPP,Central Kalimantan,Gunung Mas
-1.2231463593232406,113.99757674896536,1,48.380001068115234,2026-08-17,SNPP,Central Kalimantan,Kapuas
-1.2231463593232406,114.00094996980313,1,48.380001068115234,2026-08-17,SNPP,Central Kalimantan,Kapuas
-1.2231463593232406,114.0043231906409,1,48.380001068115234,2026-08-17,SNPP,Central Kalimantan,Kapuas
-1.2265188115442147,113.9943469866911,1,1.0099999904632568,2026-08-17,SNPP,Central Kalimantan,Gunung Mas
-1.2265188115442147,113.99772021177398,1,48.380001068115234,2026-08-17,SNPP,Central Kalimantan,Kapuas
-1.2265188115442147,114.00109343685685,1,48.380001068115234,2026-08-17,SNPP,Central Kalimantan,Kapuas
-1.2265188115442147,114.00446666193973,1,48.380001068115234,2026-08-17,SNPP,Central Kalimantan,Kapuas
-1.229891263765189,113.99786406989504,1,48.380001068115234,2026-08-17,SNPP,Central Kalimantan,Kapuas
-1.229891263765189,114.00123729923472,1,48.380001068115234,2026-08-17,SNPP,Central Kalimantan,Kapuas
-1.229891263765189,114.0046105285744,1,48.380001068115234,2026-08-17,SNPP,Central Kalimantan,Kapuas
-1.2433810726490857,113.62063984936,1,38.939998626708984,2026-08-17,SNPP,Central Kalimantan,Gunung Mas
-1.2433810726490857,113.62401309584386,1,38.939998626708984,2026-08-17,SNPP,Central Kalimantan,Gunung Mas
-1.2433810726490857,113.62738634232772,1,38.939998626708984,2026-08-17,SNPP,Central Kalimantan,Gunung Mas
-1.2467535248700599,113.61741194996905,1,38.939998626708984,2026-08-17,SNPP,Central Kalimantan,Gunung Mas
-1.2467535248700599,113.62078520076821,1,38.939998626708984,2026-08-17,SNPP,Central Kalimantan,Gunung Mas
-1.2467535248700599,113.62415845156738,1,38.939998626708984,2026-08-17,SNPP,Central Kalimantan,Gunung Mas
-1.2467535248700599,113.62753170236654,1,38.939998626708984,2026-08-17,SNPP,Central Kalimantan,Gunung Mas
-1.2467535248700599,113.63090495316571,1,10.720000267028809,2026-08-17,SNPP,Central Kalimantan,Gunung Mas
-1.250125977091034,113.61755769106763,1,38.939998626708984,2026-08-17,SNPP,Central Kalimantan,Gunung Mas
-1.250125977091034,113.62093094619378,1,38.939998626708984,2026-08-17,SNPP,Central Kalimantan,Gunung Mas
-1.250125977091034,113.62430420131993,1,38.939998626708984,2026-08-17,SNPP,Central Kalimantan,Gunung Mas
-1.250125977091034,113.62767745644608,1,38.939998626708984,2026-08-17,SNPP,Central Kalimantan,Gunung Mas
-1.250125977091034,113.63105071157224,1,10.720000267028809,2026-08-17,SNPP,Central Kalimantan,Gunung Mas
-1.2534984293120082,113.62107708563921,1,10.720000267028809,2026-08-17,SNPP,Central Kalimantan,Gunung Mas
-1.2534984293120082,113.62445034510404,1,10.720000267028809,2026-08-17,SNPP,Central Kalimantan,Gunung Mas
-1.2534984293120082,113.62782360456887,1,10.720000267028809,2026-08-17,SNPP,Central Kalimantan,Gunung Mas
-1.2534984293120082,113.63119686403374,1,10.720000267028809,2026-08-17,SNPP,Central Kalimantan,Gunung Mas
-1.2568708815329823,113.62459688292228,1,10.720000267028809,2026-08-17,SNPP,Central Kalimantan,Gunung Mas
-1.2568708815329823,113.6279701467375,1,10.720000267028809,2026-08-17,SNPP,Central Kalimantan,Gunung Mas
-1.2568708815329823,113.63134341055273,1,10.720000267028809,2026-08-17,SNPP,Central Kalimantan,Gunung Mas
-1.2568708815329823,113.64820972962885,1,1.350000023841858,2026-08-17,SNPP,Central Kalimantan,Gunung Mas
-1.2568708815329823,113.65158299344407,1,1.350000023841858,2026-08-17,SNPP,Central Kalimantan,Gunung Mas
-1.2568708815329823,113.65495625725929,1,1.350000023841858,2026-08-17,SNPP,Central Kalimantan,Gunung Mas
-1.2568708815329823,113.6583295210745,1,0.8199999928474426,2026-08-17,SNPP,Central Kalimantan,Gunung Mas
-1.2602433337539565,113.6483566920183,1,1.350000023841858,2026-08-17,SNPP,Central Kalimantan,Gunung Mas
-1.2602433337539565,113.6517299601956,1,1.350000023841858,2026-08-17,SNPP,Central Kalimantan,Gunung Mas
-1.2602433337539565,113.65510322837291,1,1.350000023841858,2026-08-17,SNPP,Central Kalimantan,Gunung Mas
-1.2602433337539565,113.65847649655022,1,0.8199999928474426,2026-08-17,SNPP,Central Kalimantan,Gunung Mas
-1.2602433337539565,113.83725970994747,1,4.590000152587891,2026-08-17,SNPP,Central Kalimantan,Gunung Mas
-1.2602433337539565,113.84063297812477,1,4.590000152587891,2026-08-17,SNPP,Central Kalimantan,Gunung Mas
-1.2602433337539565,113.84400624630209,1,4.590000152587891,2026-08-17,SNPP,Central Kalimantan,Gunung Mas
-1.2636157859749306,113.64850404852884,1,1.350000023841858,2026-08-17,SNPP,Central Kalimantan,Gunung Mas
-1.2636157859749306,113.65187732107992,1,1.350000023841858,2026-08-17,SNPP,Central Kalimantan,Gunung Mas
-1.2636157859749306,113.65525059363101,1,1.350000023841858,2026-08-17,SNPP,Central Kalimantan,Gunung Mas
-1.2636157859749306,113.65862386618208,1,0.8199999928474426,2026-08-17,SNPP,Central Kalimantan,Gunung Mas
-1.2636157859749306,113.83740731138973,1,4.590000152587891,2026-08-17,SNPP,Central Kalimantan,Gunung Mas
-1.2636157859749306,113.84078058394081,1,4.590000152587891,2026-08-17,SNPP,Central Kalimantan,Gunung Mas
-1.2636157859749306,113.8441538564919,1,4.590000152587891,2026-08-17,SNPP,Central Kalimantan,Gunung Mas
-1.2669882381959048,113.83755530761074,1,4.590000152587891,2026-08-17,SNPP,Central Kalimantan,Gunung Mas
-1.2669882381959048,113.8409285845473,1,4.590000152587891,2026-08-17,SNPP,Central Kalimantan,Gunung Mas
-1.2669882381959048,113.84430186148386,1,4.590000152587891,2026-08-17,SNPP,Central Kalimantan,Gunung Mas
-1.2703606904168792,113.98950135863153,1,2.25,2026-08-17,SNPP,Central Kalimantan,Gunung Mas
-1.2703606904168792,113.99287463996527,1,2.25,2026-08-17,SNPP,Central Kalimantan,Gunung Mas
-1.2703606904168792,113.99624792129902,1,2.25,2026-08-17,SNPP,Central Kalimantan,Kapuas
-1.2737331426378533,113.52413691033547,1,31.670000076293945,2026-08-17,SNPP,Central Kalimantan,Gunung Mas
-1.2737331426378533,113.52751019607811,1,31.670000076293945,2026-08-17,SNPP,Central Kalimantan,Gunung Mas
-1.2737331426378533,113.53088348182072,1,31.670000076293945,2026-08-17,SNPP,Central Kalimantan,Gunung Mas
-1.2737331426378533,113.98965034281711,1,2.25,2026-08-17,SNPP,Central Kalimantan,Gunung Mas
-1.2737331426378533,113.99302362855973,1,2.25,2026-08-17,SNPP,Central Kalimantan,Gunung Mas
-1.2737331426378533,113.99639691430234,1,2.25,2026-08-17,SNPP,Central Kalimantan,Kapuas
-1.2737331426378533,113.99977020004496,1,2.25,2026-08-17,SNPP,Central Kalimantan,Kapuas
-1.2771055948588275,113.36236775196133,1,4.989999771118164,2026-08-17,SNPP,Central Kalimantan,Gunung Mas
-1.2771055948588275,113.36574104212451,1,4.989999771118164,2026-08-17,SNPP,Central Kalimantan,Gunung Mas
-1.2771055948588275,113.36911433228771,1,4.989999771118164,2026-08-17,SNPP,Central Kalimantan,Gunung Mas
-1.2771055948588275,113.51753909946828,1,14.079999923706055,2026-08-17,SNPP,Central Kalimantan,Gunung Mas
-1.2771055948588275,113.52091238963148,1,14.079999923706055,2026-08-17,SNPP,Central Kalimantan,Gunung Mas
-1.2771055948588275,113.52428567979467,1,31.670000076293945,2026-08-17,SNPP,Central Kalimantan,Gunung Mas
-1.2771055948588275,113.52765896995787,1,31.670000076293945,2026-08-17,SNPP,Central Kalimantan,Gunung Mas
-1.2771055948588275,113.53103226012108,1,31.670000076293945,2026-08-17,SNPP,Central Kalimantan,Gunung Mas
-1.2771055948588275,113.98979972231557,1,14.890000343322754,2026-08-17,SNPP,Central Kalimantan,Gunung Mas
-1.2771055948588275,113.99317301247878,1,14.890000343322754,2026-08-17,SNPP,Central Kalimantan,Gunung Mas
-1.2771055948588275,113.99654630264197,1,14.890000343322754,2026-08-17,SNPP,Central Kalimantan,Kapuas
-1.2771055948588275,113.99991959280516,1,14.890000343322754,2026-08-17,SNPP,Central Kalimantan,Kapuas
-1.2804780470798016,113.36251670237249,1,4.989999771118164,2026-08-17,SNPP,Central Kalimantan,Gunung Mas
-1.2804780470798016,113.36588999696794,1,4.989999771118164,2026-08-17,SNPP,Central Kalimantan,Gunung Mas
-1.2804780470798016,113.36926329156341,1,4.989999771118164,2026-08-17,SNPP,Central Kalimantan,Gunung Mas
-1.2804780470798016,113.517688253764,1,14.079999923706055,2026-08-17,SNPP,Central Kalimantan,Gunung Mas
-1.2804780470798016,113.52106154835947,1,14.079999923706055,2026-08-17,SNPP,Central Kalimantan,Gunung Mas
-1.2804780470798016,113.52443484295495,1,31.670000076293945,2026-08-17,SNPP,Central Kalimantan,Gunung Mas
-1.2804780470798016,113.52780813755041,1,31.670000076293945,2026-08-17,SNPP,Central Kalimantan,Gunung Mas
-1.2804780470798016,113.53118143214587,1,31.670000076293945,2026-08-17,SNPP,Central Kalimantan,Gunung Mas
-1.2804780470798016,113.98994949712952,1,14.890000343322754,2026-08-17,SNPP,Central Kalimantan,Gunung Mas
-1.2804780470798016,113.99332279172496,1,14.890000343322754,2026-08-17,SNPP,Central Kalimantan,Gunung Mas
-1.2804780470798016,113.99669608632044,1,14.890000343322754,2026-08-17,SNPP,Central Kalimantan,Kapuas
-1.2804780470798016,114.0000693809159,1,14.890000343322754,2026-08-17,SNPP,Central Kalimantan,Kapuas
-1.2838504993007758,113.59205038060763,1,35.209999084472656,2026-08-17,SNPP,Central Kalimantan,Gunung Mas
-1.2838504993007758,113.59542367964708,1,35.209999084472656,2026-08-17,SNPP,Central Kalimantan,Gunung Mas
-1.2838504993007758,113.59879697868651,1,35.209999084472656,2026-08-17,SNPP,Central Kalimantan,Gunung Mas
-1.2838504993007758,113.60217027772596,1,49.04999923706055,2026-08-17,SNPP,Central Kalimantan,Gunung Mas
-1.2838504993007758,113.60554357676538,1,49.04999923706055,2026-08-17,SNPP,Central Kalimantan,Gunung Mas
-1.2838504993007758,113.60891687580484,1,49.04999923706055,2026-08-17,SNPP,Central Kalimantan,Gunung Mas
-1.2838504993007758,113.9900996672615,1,14.890000343322754,2026-08-17,SNPP,Central Kalimantan,Gunung Mas
-1.2838504993007758,113.99347296630093,1,14.890000343322754,2026-08-17,SNPP,Central Kalimantan,Gunung Mas
-1.2838504993007758,113.99684626534037,1,14.890000343322754,2026-08-17,SNPP,Central Kalimantan,Kapuas
-1.2838504993007758,114.0002195643798,1,14.890000343322754,2026-08-17,SNPP,Central Kalimantan,Kapuas
-1.28722295152175,113.59220042029119,1,35.209999084472656,2026-08-17,SNPP,Central Kalimantan,Gunung Mas
-1.28722295152175,113.59557372378632,1,35.209999084472656,2026-08-17,SNPP,Central Kalimantan,Gunung Mas
-1.28722295152175,113.59894702728143,1,18.520000457763672,2026-08-17,SNPP,Central Kalimantan,Gunung Mas
-1.28722295152175,113.60232033077654,1,18.520000457763672,2026-08-17,SNPP,Central Kalimantan,Gunung Mas
-1.28722295152175,113.60569363427165,1,18.520000457763672,2026-08-17,SNPP,Central Kalimantan,Gunung Mas
-1.28722295152175,113.60906693776676,1,49.04999923706055,2026-08-17,SNPP,Central Kalimantan,Gunung Mas
-1.290595403742724,113.5923508539176,1,35.209999084472656,2026-08-17,SNPP,Central Kalimantan,Gunung Mas
-1.290595403742724,113.59572416188007,1,35.209999084472656,2026-08-17,SNPP,Central Kalimantan,Gunung Mas
-1.290595403742724,113.59909746984255,1,18.520000457763672,2026-08-17,SNPP,Central Kalimantan,Gunung Mas
-1.290595403742724,113.60247077780504,1,18.520000457763672,2026-08-17,SNPP,Central Kalimantan,Gunung Mas
-1.290595403742724,113.60584408576752,1,18.520000457763672,2026-08-17,SNPP,Central Kalimantan,Gunung Mas
-1.290595403742724,113.60921739372999,1,49.04999923706055,2026-08-17,SNPP,Central Kalimantan,Gunung Mas
-1.2939678559636985,113.59924830637252,1,18.520000457763672,2026-08-17,SNPP,Central Kalimantan,Gunung Mas
-1.2939678559636985,113.60262161881407,1,18.520000457763672,2026-08-17,SNPP,Central Kalimantan,Gunung Mas
-1.2939678559636985,113.60599493125561,1,18.520000457763672,2026-08-17,SNPP,Central Kalimantan,Gunung Mas
-1.2939678559636985,113.60936824369715,1,16.670000076293945,2026-08-17,SNPP,Central Kalimantan,Gunung Mas
-1.2939678559636985,114.02765898644893,1,0.41999998688697815,2026-08-17,SNPP,Central Kalimantan,Kapuas
-1.2939678559636985,114.03103229889048,1,0.41999998688697815,2026-08-17,SNPP,Central Kalimantan,Kapuas
-1.2939678559636985,114.03440561133202,1,0.41999998688697815,2026-08-17,SNPP,Central Kalimantan,Kapuas
-1.2973403081846724,114.02781078727772,1,0.41999998688697815,2026-08-17,SNPP,Central Kalimantan,Kapuas
-1.2973403081846724,114.03118410421001,1,0.41999998688697815,2026-08-17,SNPP,Central Kalimantan,Kapuas
-1.2973403081846724,114.03455742114234,1,0.41999998688697815,2026-08-17,SNPP,Central Kalimantan,Kapuas
-1.3007127604056468,114.02796298356634,1,0.41999998688697815,2026-08-17,SNPP,Central Kalimantan,Kapuas
-1.3007127604056468,114.0313363050011,1,0.41999998688697815,2026-08-17,SNPP,Central Kalimantan,Kapuas
-1.3007127604056468,114.03470962643588,1,0.41999998688697815,2026-08-17,SNPP,Central Kalimantan,Kapuas
-1.3175750215105175,113.96463635867019,1,10.369999885559082,2026-08-17,SNPP,Central Kalimantan,Gunung Mas
-1.3175750215105175,113.9680097027928,1,10.369999885559082,2026-08-17,SNPP,Central Kalimantan,Gunung Mas
-1.3175750215105175,113.97138304691539,1,10.369999885559082,2026-08-17,SNPP,Central Kalimantan,Gunung Mas
-1.3209474737314917,113.9647908408929,1,10.369999885559082,2026-08-17,SNPP,Central Kalimantan,Gunung Mas
-1.3209474737314917,113.96816418958817,1,10.369999885559082,2026-08-17,SNPP,Central Kalimantan,Gunung Mas
-1.3209474737314917,113.9715375382834,1,10.369999885559082,2026-08-17,SNPP,Central Kalimantan,Gunung Mas
-1.3715342570461044,113.93342131959629,1,8.420000076293945,2026-08-17,SNPP,Central Kalimantan,Gunung Mas
-1.3715342570461044,113.93679473828546,1,8.420000076293945,2026-08-17,SNPP,Central Kalimantan,Gunung Mas
-1.3715342570461044,113.94016815697462,1,42.310001373291016,2026-08-17,SNPP,Central Kalimantan,Gunung Mas
-1.3715342570461044,113.94354157566382,1,42.310001373291016,2026-08-17,SNPP,Central Kalimantan,Gunung Mas
-1.3715342570461044,113.94691499435298,1,42.310001373291016,2026-08-17,SNPP,Central Kalimantan,Gunung Mas
-1.3749067092670784,113.93358207864485,1,8.420000076293945,2026-08-17,SNPP,Central Kalimantan,Gunung Mas
-1.3749067092670784,113.93695550209388,1,8.420000076293945,2026-08-17,SNPP,Central Kalimantan,Gunung Mas
-1.3749067092670784,113.94032892554291,1,42.310001373291016,2026-08-17,SNPP,Central Kalimantan,Gunung Mas
-1.3749067092670784,113.94370234899195,1,42.310001373291016,2026-08-17,SNPP,Central Kalimantan,Gunung Mas
-1.3749067092670784,113.94707577244098,1,42.310001373291016,2026-08-17,SNPP,Central Kalimantan,Gunung Mas
-1.3782791614880527,113.93374323287631,1,8.420000076293945,2026-08-17,SNPP,Central Kalimantan,Gunung Mas
-1.3782791614880527,113.93711666109691,1,8.420000076293945,2026-08-17,SNPP,Central Kalimantan,Gunung Mas
-1.3782791614880527,113.9404900893175,1,42.310001373291016,2026-08-17,SNPP,Central Kalimantan,Gunung Mas
-1.3782791614880527,113.94386351753812,1,42.310001373291016,2026-08-17,SNPP,Central Kalimantan,Gunung Mas
-1.3782791614880527,113.9472369457587,1,42.310001373291016,2026-08-17,SNPP,Central Kalimantan,Gunung Mas
-1.405258779255846,113.91480589276388,1,7.820000171661377,2026-08-17,SNPP,Central Kalimantan,Gunung Mas
-1.405258779255846,113.91817935957823,1,7.820000171661377,2026-08-17,SNPP,Central Kalimantan,Gunung Mas
-1.405258779255846,113.92155282639258,1,7.820000171661377,2026-08-17,SNPP,Central Kalimantan,Gunung Mas
-1.4086312314768203,113.91497057450695,1,7.820000171661377,2026-08-17,SNPP,Central Kalimantan,Gunung Mas
-1.4086312314768203,113.91834404619819,1,7.820000171661377,2026-08-17,SNPP,Central Kalimantan,Gunung Mas
-1.4086312314768203,113.9217175178894,1,7.820000171661377,2026-08-17,SNPP,Central Kalimantan,Gunung Mas
-1.4120036836977943,113.91513565139097,1,7.820000171661377,2026-08-17,SNPP,Central Kalimantan,Gunung Mas
-1.4120036836977943,113.91850912797078,1,7.820000171661377,2026-08-17,SNPP,Central Kalimantan,Gunung Mas
-1.4120036836977943,113.9218826045506,1,7.820000171661377,2026-08-17,SNPP,Central Kalimantan,Gunung Mas
-1.4187485881397428,113.851370749144,1,9.0600004196167,2026-08-17,SNPP,Central Kalimantan,Gunung Mas
-1.4187485881397428,113.85474423553606,1,9.0600004196167,2026-08-17,SNPP,Central Kalimantan,Gunung Mas
-1.4187485881397428,113.85811772192812,1,9.0600004196167,2026-08-17,SNPP,Central Kalimantan,Gunung Mas
-1.422121040360717,113.8515369179181,1,9.0600004196167,2026-08-17,SNPP,Central Kalimantan,Gunung Mas
-1.422121040360717,113.85491040923385,1,9.0600004196167,2026-08-17,SNPP,Central Kalimantan,Gunung Mas
-1.422121040360717,113.85828390054961,1,9.0600004196167,2026-08-17,SNPP,Central Kalimantan,Gunung Mas
-1.4254934925816911,113.85170348162232,1,9.0600004196167,2026-08-17,SNPP,Central Kalimantan,Gunung Mas
-1.4254934925816911,113.85507697787345,1,9.0600004196167,2026-08-17,SNPP,Central Kalimantan,Gunung Mas
-1.4254934925816911,113.8584504741246,1,9.0600004196167,2026-08-17,SNPP,Central Kalimantan,Gunung Mas
-1.4288659448026653,113.85187044025953,1,2.319999933242798,2026-08-17,SNPP,Central Kalimantan,Gunung Mas
-1.4288659448026653,113.85524394145776,1,2.319999933242798,2026-08-17,SNPP,Central Kalimantan,Gunung Mas
-1.4288659448026653,113.85861744265598,1,2.319999933242798,2026-08-17,SNPP,Central Kalimantan,Gunung Mas
-1.4929425370011746,114.00692957926448,1,9.270000457763672,2026-08-17,SNPP,Central Kalimantan,Kapuas
-1.4929425370011746,114.01030317668088,1,9.270000457763672,2026-08-17,SNPP,Central Kalimantan,Kapuas
-1.4929425370011746,114.01367677409728,1,9.270000457763672,2026-08-17,SNPP,Central Kalimantan,Kapuas
-1.496314989222149,114.0071046703302,1,9.270000457763672,2026-08-17,SNPP,Central Kalimantan,Kapuas
-1.496314989222149,114.01047827292774,1,9.270000457763672,2026-08-17,SNPP,Central Kalimantan,Kapuas
-1.496314989222149,114.01385187552529,1,9.270000457763672,2026-08-17,SNPP,Central Kalimantan,Kapuas
-1.499687441443123,114.00728015691777,1,0.7699999809265137,2026-08-17,SNPP,Central Kalimantan,Kapuas
-1.499687441443123,114.01065376470817,1,0.7699999809265137,2026-08-17,SNPP,Central Kalimantan,Kapuas
-1.499687441443123,114.01402737249857,1,0.7699999809265137,2026-08-17,SNPP,Central Kalimantan,Kapuas
-1.5098047981060456,113.96732550857217,1,1.1399999856948853,2026-08-17,SNPP,Central Kalimantan,Gunung Mas
-1.5098047981060456,113.97069913201136,1,1.1399999856948853,2026-08-17,SNPP,Central Kalimantan,Gunung Mas
-1.5098047981060456,113.97407275545055,1,1.1399999856948853,2026-08-17,SNPP,Central Kalimantan,Gunung Mas
-1.5131772503270196,113.96750251440182,1,0.8399999737739563,2026-08-17,SNPP,Central Kalimantan,Gunung Mas
-1.5131772503270196,113.97087614308067,1,0.8399999737739563,2026-08-17,SNPP,Central Kalimantan,Gunung Mas
-1.5131772503270196,113.97424977175952,1,0.8399999737739563,2026-08-17,SNPP,Central Kalimantan,Gunung Mas
-1.516549702547994,113.96767991562818,1,1.1399999856948853,2026-08-17,SNPP,Central Kalimantan,Gunung Mas
-1.516549702547994,113.97105354955842,1,1.1399999856948853,2026-08-17,SNPP,Central Kalimantan,Gunung Mas
-1.516549702547994,113.97442718348864,1,1.1399999856948853,2026-08-17,SNPP,Central Kalimantan,Gunung Mas
-1.519922154768968,113.96785771225436,1,1.1399999856948853,2026-08-17,SNPP,Central Kalimantan,Gunung Mas
-1.519922154768968,113.97123135144766,1,1.1399999856948853,2026-08-17,SNPP,Central Kalimantan,Gunung Mas
-1.519922154768968,113.97460499064097,1,1.1399999856948853,2026-08-17,SNPP,Central Kalimantan,Gunung Mas
-1.5232946069899422,113.96803590428338,1,0.5099999904632568,2026-08-17,SNPP,Central Kalimantan,Gunung Mas
-1.5232946069899422,113.97140954875148,1,0.5099999904632568,2026-08-17,SNPP,Central Kalimantan,Gunung Mas
-1.5232946069899422,113.97478319321957,1,0.5099999904632568,2026-08-17,SNPP,Central Kalimantan,Gunung Mas
-1.5435293203157872,113.30787279302575,1,7.070000171661377,2026-08-17,SNPP,Central Kalimantan,Katingan
-1.5435293203157872,113.31124646938832,1,7.070000171661377,2026-08-17,SNPP,Central Kalimantan,Katingan
-1.5435293203157872,113.31462014575091,1,7.070000171661377,2026-08-17,SNPP,Central Kalimantan,Katingan
-1.5469017725367615,113.30805270304538,1,7.070000171661377,2026-08-17,SNPP,Central Kalimantan,Katingan
-1.5469017725367615,113.31142638476467,1,7.070000171661377,2026-08-17,SNPP,Central Kalimantan,Katingan
-1.5469017725367615,113.31480006648395,1,7.070000171661377,2026-08-17,SNPP,Central Kalimantan,Katingan
-1.5502742247577357,113.30823300619852,1,7.070000171661377,2026-08-17,SNPP,Central Kalimantan,Katingan
-1.5502742247577357,113.31160669328624,1,7.070000171661377,2026-08-17,SNPP,Central Kalimantan,Katingan
-1.5502742247577357,113.31498038037395,1,7.070000171661377,2026-08-17,SNPP,Central Kalimantan,Katingan
-1.577253842525529,113.2995683932384,1,7.860000133514404,2026-08-17,SNPP,Central Kalimantan,Katingan
-1.577253842525529,113.3029421236949,1,7.860000133514404,2026-08-17,SNPP,Central Kalimantan,Katingan
-1.577253842525529,113.3063158541514,1,7.860000133514404,2026-08-17,SNPP,Central Kalimantan,Katingan
-1.577253842525529,113.3096895846079,1,7.860000133514404,2026-08-17,SNPP,Central Kalimantan,Katingan
-1.5806262947465033,113.29975221831361,1,7.860000133514404,2026-08-17,SNPP,Central Kalimantan,Katingan
-1.5806262947465033,113.3031259542439,1,7.860000133514404,2026-08-17,SNPP,Central Kalimantan,Katingan
-1.5806262947465033,113.30649969017416,1,7.860000133514404,2026-08-17,SNPP,Central Kalimantan,Katingan
-1.5806262947465033,113.30987342610445,1,7.860000133514404,2026-08-17,SNPP,Central Kalimantan,Katingan
-1.5839987469674774,113.29993643651882,1,7.860000133514404,2026-08-17,SNPP,Central Kalimantan,Katingan
-1.5839987469674774,113.30331017793459,1,7.860000133514404,2026-08-17,SNPP,Central Kalimantan,Katingan
-1.5839987469674774,113.30668391935033,1,7.860000133514404,2026-08-17,SNPP,Central Kalimantan,Katingan
-1.5839987469674774,113.31005766076608,1,7.860000133514404,2026-08-17,SNPP,Central Kalimantan,Katingan
-1.6042334602933226,113.30442377623379,1,13.1899995803833,2026-08-17,SNPP,Central Kalimantan,Katingan
-1.6042334602933226,113.30779755080826,1,13.1899995803833,2026-08-17,SNPP,Central Kalimantan,Katingan
-1.6042334602933226,113.31117132538273,1,13.1899995803833,2026-08-17,SNPP,Central Kalimantan,Katingan
-1.6076059125142965,113.30461075200621,1,13.1899995803833,2026-08-17,SNPP,Central Kalimantan,Katingan
-1.6076059125142965,113.30798453214811,1,23.670000076293945,2026-08-17,SNPP,Central Kalimantan,Katingan
-1.6076059125142965,113.31135831229,1,23.670000076293945,2026-08-17,SNPP,Central Kalimantan,Katingan
-1.6076059125142965,113.3147320924319,1,23.670000076293945,2026-08-17,SNPP,Central Kalimantan,Katingan
-1.610978364735271,113.30479812094606,1,13.1899995803833,2026-08-17,SNPP,Central Kalimantan,Katingan
-1.610978364735271,113.3081719066671,1,23.670000076293945,2026-08-17,SNPP,Central Kalimantan,Katingan
-1.610978364735271,113.31154569238814,1,23.670000076293945,2026-08-17,SNPP,Central Kalimantan,Katingan
-1.610978364735271,113.31491947810916,1,23.670000076293945,2026-08-17,SNPP,Central Kalimantan,Katingan
-1.6143508169562448,113.30498588305662,1,13.1899995803833,2026-08-17,SNPP,Central Kalimantan,Katingan
-1.6143508169562448,113.30835967436849,1,13.1899995803833,2026-08-17,SNPP,Central Kalimantan,Katingan
-1.6143508169562448,113.31173346568036,1,13.1899995803833,2026-08-17,SNPP,Central Kalimantan,Katingan
-0.8656664238999779,110.19691488557808,1,2.0,2026-08-17,SNPP,West Kalimantan,Kayong Utara
-0.8656664238999779,110.20028772275674,1,2.619999885559082,2026-08-17,SNPP,West Kalimantan,Kayong Utara
-0.8656664238999779,110.20366055993541,1,2.619999885559082,2026-08-17,SNPP,West Kalimantan,Kayong Utara
-0.8656664238999779,110.20703339711407,1,2.619999885559082,2026-08-17,SNPP,West Kalimantan,Kayong Utara
-0.8690388761209521,110.19701308276728,1,2.0,2026-08-17,SNPP,West Kalimantan,Kayong Utara
-0.8690388761209521,110.2003859229515,1,2.619999885559082,2026-08-17,SNPP,West Kalimantan,Kayong Utara
-0.8690388761209521,110.20375876313572,1,2.619999885559082,2026-08-17,SNPP,West Kalimantan,Kayong Utara
-0.8690388761209521,110.20713160331995,1,2.619999885559082,2026-08-17,SNPP,West Kalimantan,Kayong Utara
-0.8724113283419263,110.19711166191482,1,2.0,2026-08-17,SNPP,West Kalimantan,Kayong Utara
-0.8724113283419263,110.2004845051163,1,2.619999885559082,2026-08-17,SNPP,West Kalimantan,Kayong Utara
-0.8724113283419263,110.20385734831775,1,2.619999885559082,2026-08-17,SNPP,West Kalimantan,Kayong Utara
-0.8724113283419263,110.20723019151922,1,2.619999885559082,2026-08-17,SNPP,West Kalimantan,Kayong Utara
-0.8757837805629005,110.16348216071829,1,48.43000030517578,2026-08-17,SNPP,West Kalimantan,Kayong Utara
-0.8757837805629005,110.1668550069487,1,48.43000030517578,2026-08-17,SNPP,West Kalimantan,Kayong Utara
-0.8757837805629005,110.1702278531791,1,48.43000030517578,2026-08-17,SNPP,West Kalimantan,Kayong Utara
-0.8757837805629005,110.210702007944,1,4.360000133514404,2026-08-17,SNPP,West Kalimantan,Kayong Utara
-0.8757837805629005,110.21407485417443,1,4.360000133514404,2026-08-17,SNPP,West Kalimantan,Kayong Utara
-0.8757837805629005,110.21744770040483,1,4.360000133514404,2026-08-17,SNPP,West Kalimantan,Kayong Utara
-0.8791562327838747,110.1635814733813,1,48.43000030517578,2026-08-17,SNPP,West Kalimantan,Kayong Utara
-0.8791562327838747,110.16695432265233,1,48.43000030517578,2026-08-17,SNPP,West Kalimantan,Kayong Utara
-0.8791562327838747,110.17032717192338,1,48.43000030517578,2026-08-17,SNPP,West Kalimantan,Kayong Utara
-0.8791562327838747,110.21080136317582,1,4.360000133514404,2026-08-17,SNPP,West Kalimantan,Kayong Utara
-0.8791562327838747,110.21417421244688,1,4.360000133514404,2026-08-17,SNPP,West Kalimantan,Kayong Utara
-0.8791562327838747,110.21754706171791,1,4.360000133514404,2026-08-17,SNPP,West Kalimantan,Kayong Utara
-0.8825286850048489,110.16368116789086,1,48.43000030517578,2026-08-17,SNPP,West Kalimantan,Kayong Utara
-0.8825286850048489,110.16705402021422,1,48.43000030517578,2026-08-17,SNPP,West Kalimantan,Kayong Utara
-0.8825286850048489,110.17042687253758,1,48.43000030517578,2026-08-17,SNPP,West Kalimantan,Kayong Utara
-0.8825286850048489,110.21090110041789,1,4.360000133514404,2026-08-17,SNPP,West Kalimantan,Kayong Utara
-0.8825286850048489,110.21427395274125,1,4.360000133514404,2026-08-17,SNPP,West Kalimantan,Kayong Utara
-0.8825286850048489,110.21764680506462,1,4.360000133514404,2026-08-17,SNPP,West Kalimantan,Kayong Utara
-0.8960184938887457,110.13710084723297,1,1.190000057220459,2026-08-17,SNPP,West Kalimantan,Kayong Utara
-0.8960184938887457,110.14047371188254,1,1.190000057220459,2026-08-17,SNPP,West Kalimantan,Kayong Utara
-0.8960184938887457,110.46089585358986,1,6.389999866485596,2026-08-17,SNPP,West Kalimantan,Ketapang
-0.8960184938887457,110.46426871823941,1,6.389999866485596,2026-08-17,SNPP,West Kalimantan,Ketapang
-0.8960184938887457,110.46764158288896,1,6.389999866485596,2026-08-17,SNPP,West Kalimantan,Ketapang
-0.8960184938887457,110.47101444753851,1,6.389999866485596,2026-08-17,SNPP,West Kalimantan,Ketapang
-0.8993909461097197,110.13720242611518,1,1.190000057220459,2026-08-17,SNPP,West Kalimantan,Kayong Utara
-0.8993909461097197,110.14057529387551,1,1.190000057220459,2026-08-17,SNPP,West Kalimantan,Kayong Utara
-0.8993909461097197,110.46099773110653,1,6.389999866485596,2026-08-17,SNPP,West Kalimantan,Ketapang
-0.8993909461097197,110.46437059886686,1,6.389999866485596,2026-08-17,SNPP,West Kalimantan,Ketapang
-0.8993909461097197,110.46774346662718,1,6.389999866485596,2026-08-17,SNPP,West Kalimantan,Ketapang
-0.8993909461097197,110.47111633438752,1,6.389999866485596,2026-08-17,SNPP,West Kalimantan,Ketapang
-0.8993909461097197,110.48123493766849,1,12.210000038146973,2026-08-17,SNPP,West Kalimantan,Ketapang
-0.8993909461097197,110.48460780542882,1,12.210000038146973,2026-08-17,SNPP,West Kalimantan,Ketapang
-0.8993909461097197,110.48798067318914,1,12.210000038146973,2026-08-17,SNPP,West Kalimantan,Ketapang
-0.902763398330694,110.13730438676087,1,1.190000057220459,2026-08-17,SNPP,West Kalimantan,Kayong Utara
-0.902763398330694,110.14067725764367,1,1.190000057220459,2026-08-17,SNPP,West Kalimantan,Kayong Utara
-0.902763398330694,110.46109999150906,1,6.389999866485596,2026-08-17,SNPP,West Kalimantan,Ketapang
-0.902763398330694,110.46447286239186,1,6.389999866485596,2026-08-17,SNPP,West Kalimantan,Ketapang
-0.902763398330694,110.46784573327464,1,6.389999866485596,2026-08-17,SNPP,West Kalimantan,Ketapang
-0.902763398330694,110.47121860415744,1,6.389999866485596,2026-08-17,SNPP,West Kalimantan,Ketapang
-0.902763398330694,110.48133721680583,1,12.210000038146973,2026-08-17,SNPP,West Kalimantan,Ketapang
-0.902763398330694,110.48471008768861,1,12.210000038146973,2026-08-17,SNPP,West Kalimantan,Ketapang
-0.902763398330694,110.48808295857141,1,12.210000038146973,2026-08-17,SNPP,West Kalimantan,Ketapang
-0.906135850551668,110.45782976078226,1,0.8899999856948853,2026-08-17,SNPP,West Kalimantan,Ketapang
-0.906135850551668,110.4612026347992,1,0.8899999856948853,2026-08-17,SNPP,West Kalimantan,Ketapang
-0.906135850551668,110.46457550881615,1,0.8899999856948853,2026-08-17,SNPP,West Kalimantan,Ketapang
-0.906135850551668,110.4679483828331,1,1.4600000381469727,2026-08-17,SNPP,West Kalimantan,Ketapang
-0.906135850551668,110.48143987890091,1,12.210000038146973,2026-08-17,SNPP,West Kalimantan,Ketapang
-0.906135850551668,110.48481275291786,1,12.210000038146973,2026-08-17,SNPP,West Kalimantan,Ketapang
-0.906135850551668,110.48818562693482,1,12.210000038146973,2026-08-17,SNPP,West Kalimantan,Ketapang
-0.9095083027726423,110.45793278381595,1,0.8899999856948853,2026-08-17,SNPP,West Kalimantan,Ketapang
-0.9095083027726423,110.46130566097875,1,0.8899999856948853,2026-08-17,SNPP,West Kalimantan,Ketapang
-0.9095083027726423,110.46467853814156,1,0.8899999856948853,2026-08-17,SNPP,West Kalimantan,Ketapang
-0.9128807549936165,110.45803618972916,1,0.8899999856948853,2026-08-17,SNPP,West Kalimantan,Ketapang
-0.9128807549936165,110.46140907004948,1,0.8899999856948853,2026-08-17,SNPP,West Kalimantan,Ketapang
-0.9128807549936165,110.46478195036983,1,0.8899999856948853,2026-08-17,SNPP,West Kalimantan,Ketapang
-0.9263705638775132,109.89180760688609,1,1.5099999904632568,2026-08-17,SNPP,West Kalimantan,Kayong Utara
-0.9263705638775132,109.89518049995351,1,1.5099999904632568,2026-08-17,SNPP,West Kalimantan,Kayong Utara
-0.9263705638775132,109.89855339302092,1,1.5099999904632568,2026-08-17,SNPP,West Kalimantan,Kayong Utara
-0.9297430160984873,109.89191238693599,1,1.5099999904632568,2026-08-17,SNPP,West Kalimantan,Kayong Utara
-0.9297430160984873,109.89528528321941,1,1.5099999904632568,2026-08-17,SNPP,West Kalimantan,Kayong Utara
-0.9297430160984873,109.89865817950282,1,1.5099999904632568,2026-08-17,SNPP,West Kalimantan,Kayong Utara
-0.9297430160984873,110.23594780784478,1,16.56999969482422,2026-08-17,SNPP,West Kalimantan,Kayong Utara
-0.9297430160984873,110.23932070412819,1,16.56999969482422,2026-08-17,SNPP,West Kalimantan,Kayong Utara
-0.9297430160984873,110.2426936004116,1,16.56999969482422,2026-08-17,SNPP,West Kalimantan,Kayong Utara
-0.9297430160984873,110.46867765140071,1,0.8299999833106995,2026-08-17,SNPP,West Kalimantan,Ketapang
-0.9297430160984873,110.47205054768412,1,0.8299999833106995,2026-08-17,SNPP,West Kalimantan,Ketapang
-0.9297430160984873,110.47542344396756,1,0.8299999833106995,2026-08-17,SNPP,West Kalimantan,Ketapang
-0.9331154683194616,109.89201754791203,1,1.5099999904632568,2026-08-17,SNPP,West Kalimantan,Kayong Utara
-0.9331154683194616,109.89539044742314,1,1.5099999904632568,2026-08-17,SNPP,West Kalimantan,Kayong Utara
-0.9331154683194616,109.89876334693426,1,1.5099999904632568,2026-08-17,SNPP,West Kalimantan,Kayong Utara
-0.9331154683194616,110.23605329804523,1,16.56999969482422,2026-08-17,SNPP,West Kalimantan,Kayong Utara
-0.9331154683194616,110.23942619755634,1,16.56999969482422,2026-08-17,SNPP,West Kalimantan,Kayong Utara
-0.9331154683194616,110.24279909706745,1,16.56999969482422,2026-08-17,SNPP,West Kalimantan,Kayong Utara
-0.9331154683194616,110.4687833643118,1,0.8299999833106995,2026-08-17,SNPP,West Kalimantan,Ketapang
-0.9331154683194616,110.47215626382291,1,0.8299999833106995,2026-08-17,SNPP,West Kalimantan,Ketapang
-0.9331154683194616,110.47552916333403,1,0.8299999833106995,2026-08-17,SNPP,West Kalimantan,Ketapang
-0.9364879205404356,109.89886889531702,1,2.619999885559082,2026-08-17,SNPP,West Kalimantan,Kayong Utara
-0.9364879205404356,109.90224179806751,1,2.619999885559082,2026-08-17,SNPP,West Kalimantan,Kayong Utara
-0.9364879205404356,110.23615917036621,1,16.56999969482422,2026-08-17,SNPP,West Kalimantan,Kayong Utara
-0.9364879205404356,110.23953207311669,1,16.56999969482422,2026-08-17,SNPP,West Kalimantan,Kayong Utara
-0.9364879205404356,110.24290497586719,1,16.56999969482422,2026-08-17,SNPP,West Kalimantan,Kayong Utara
-0.9364879205404356,110.46888946015015,1,0.8299999833106995,2026-08-17,SNPP,West Kalimantan,Ketapang
-0.9364879205404356,110.47226236290064,1,0.8299999833106995,2026-08-17,SNPP,West Kalimantan,Ketapang
-0.9364879205404356,110.47563526565114,1,0.8299999833106995,2026-08-17,SNPP,West Kalimantan,Ketapang
-0.9398603727614099,109.8922290126498,1,1.5199999809265137,2026-08-17,SNPP,West Kalimantan,Kayong Utara
-0.9398603727614099,109.89560191865137,1,1.5199999809265137,2026-08-17,SNPP,West Kalimantan,Kayong Utara
-0.9398603727614099,109.89897482465294,1,2.619999885559082,2026-08-17,SNPP,West Kalimantan,Kayong Utara
-0.9398603727614099,109.9023477306545,1,2.619999885559082,2026-08-17,SNPP,West Kalimantan,Kayong Utara
-0.9432328249823841,109.89233531641523,1,1.5199999809265137,2026-08-17,SNPP,West Kalimantan,Kayong Utara
-0.9432328249823841,109.89570822567956,1,1.5199999809265137,2026-08-17,SNPP,West Kalimantan,Kayong Utara
-0.9432328249823841,109.89908113494388,1,2.619999885559082,2026-08-17,SNPP,West Kalimantan,Kayong Utara
-0.9432328249823841,109.90245404420821,1,2.619999885559082,2026-08-17,SNPP,West Kalimantan,Kayong Utara
-0.9466052772033582,109.89244200111412,1,1.5199999809265137,2026-08-17,SNPP,West Kalimantan,Kayong Utara
-0.9466052772033582,109.8958149136529,1,1.5199999809265137,2026-08-17,SNPP,West Kalimantan,Kayong Utara
-0.9466052772033582,109.89918782619168,1,1.5199999809265137,2026-08-17,SNPP,West Kalimantan,Kayong Utara
-0.9499777294243325,110.4963009994124,1,9.979999542236328,2026-08-17,SNPP,West Kalimantan,Ketapang
-0.9499777294243325,110.49967391523735,1,9.979999542236328,2026-08-17,SNPP,West Kalimantan,Ketapang
-0.9499777294243325,110.50304683106228,1,9.979999542236328,2026-08-17,SNPP,West Kalimantan,Ketapang
-0.9533501816453065,110.49640903629745,1,9.979999542236328,2026-08-17,SNPP,West Kalimantan,Ketapang
-0.9533501816453065,110.49978195542023,1,9.979999542236328,2026-08-17,SNPP,West Kalimantan,Ketapang
-0.9533501816453065,110.50315487454301,1,9.979999542236328,2026-08-17,SNPP,West Kalimantan,Ketapang
-0.9567226338662808,110.00069785866413,1,6.340000152587891,2026-08-17,SNPP,West Kalimantan,Kayong Utara
-0.9567226338662808,110.00407078109644,1,6.340000152587891,2026-08-17,SNPP,West Kalimantan,Kayong Utara
-0.9567226338662808,110.00744370352875,1,6.340000152587891,2026-08-17,SNPP,West Kalimantan,Kayong Utara
-0.9567226338662808,110.49651745621442,1,9.979999542236328,2026-08-17,SNPP,West Kalimantan,Ketapang
-0.9567226338662808,110.49989037864673,1,9.979999542236328,2026-08-17,SNPP,West Kalimantan,Ketapang
-0.9567226338662808,110.50326330107904,1,9.979999542236328,2026-08-17,SNPP,West Kalimantan,Ketapang
-0.9600950860872548,110.00080617339466,1,6.340000152587891,2026-08-17,SNPP,West Kalimantan,Kayong Utara
-0.9600950860872548,110.00417909914819,1,6.340000152587891,2026-08-17,SNPP,West Kalimantan,Kayong Utara
-0.9600950860872548,110.00755202490174,1,6.340000152587891,2026-08-17,SNPP,West Kalimantan,Kayong Utara
-0.9634675383082291,109.90984578410773,1,10.15999984741211,2026-08-17,SNPP,West Kalimantan,Kayong Utara
-0.9634675383082291,109.91321871319418,1,8.920000076293945,2026-08-17,SNPP,West Kalimantan,Kayong Utara
-0.9634675383082291,109.91659164228062,1,8.920000076293945,2026-08-17,SNPP,West Kalimantan,Kayong Utara
-0.9634675383082291,109.91996457136709,1,8.920000076293945,2026-08-17,SNPP,West Kalimantan,Kayong Utara
-0.9634675383082291,110.00091486944211,1,6.340000152587891,2026-08-17,SNPP,West Kalimantan,Kayong Utara
-0.9634675383082291,110.00428779852858,1,6.340000152587891,2026-08-17,SNPP,West Kalimantan,Kayong Utara
-0.9634675383082291,110.00766072761502,1,6.340000152587891,2026-08-17,SNPP,West Kalimantan,Kayong Utara
-0.9668399905292033,109.90995477116951,1,10.15999984741211,2026-08-17,SNPP,West Kalimantan,Kayong Utara
-0.9668399905292033,109.91332770360057,1,8.920000076293945,2026-08-17,SNPP,West Kalimantan,Kayong Utara
-0.9668399905292033,109.91670063603163,1,8.920000076293945,2026-08-17,SNPP,West Kalimantan,Kayong Utara
-0.9668399905292033,109.9200735684627,1,8.920000076293945,2026-08-17,SNPP,West Kalimantan,Kayong Utara
-0.9702124427501774,109.9100641392363,1,10.15999984741211,2026-08-17,SNPP,West Kalimantan,Kayong Utara
-0.9702124427501774,109.91343707502367,1,8.920000076293945,2026-08-17,SNPP,West Kalimantan,Kayong Utara
-0.9702124427501774,109.91681001081102,1,8.920000076293945,2026-08-17,SNPP,West Kalimantan,Kayong Utara
-0.9702124427501774,109.9201829465984,1,8.920000076293945,2026-08-17,SNPP,West Kalimantan,Kayong Utara
-1.0140543216228417,110.00596404996506,1,2.259999990463257,2026-08-17,SNPP,West Kalimantan,Kayong Utara
-1.0140543216228417,110.00933703044839,1,2.259999990463257,2026-08-17,SNPP,West Kalimantan,Kayong Utara
-1.0140543216228417,110.01271001093176,1,2.259999990463257,2026-08-17,SNPP,West Kalimantan,Kayong Utara
-1.0140543216228417,110.01608299141508,1,16.889999389648438,2026-08-17,SNPP,West Kalimantan,Kayong Utara
-1.0140543216228417,110.01945597189842,1,16.889999389648438,2026-08-17,SNPP,West Kalimantan,Kayong Utara
-1.0140543216228417,110.02282895238176,1,16.889999389648438,2026-08-17,SNPP,West Kalimantan,Kayong Utara
-1.0174267738438159,110.006078850864,1,2.259999990463257,2026-08-17,SNPP,West Kalimantan,Kayong Utara
-1.0174267738438159,110.00945183486733,1,2.259999990463257,2026-08-17,SNPP,West Kalimantan,Kayong Utara
-1.0174267738438159,110.0128248188707,1,2.259999990463257,2026-08-17,SNPP,West Kalimantan,Kayong Utara
-1.0174267738438159,110.01619780287403,1,16.889999389648438,2026-08-17,SNPP,West Kalimantan,Kayong Utara
-1.0174267738438159,110.01957078687738,1,16.889999389648438,2026-08-17,SNPP,West Kalimantan,Kayong Utara
-1.0174267738438159,110.0229437708807,1,16.889999389648438,2026-08-17,SNPP,West Kalimantan,Kayong Utara
-1.0207992260647902,110.00619403312447,1,2.259999990463257,2026-08-17,SNPP,West Kalimantan,Kayong Utara
-1.0207992260647902,110.00956702065952,1,2.259999990463257,2026-08-17,SNPP,West Kalimantan,Kayong Utara
-1.0207992260647902,110.01294000819456,1,2.259999990463257,2026-08-17,SNPP,West Kalimantan,Kayong Utara
-1.0207992260647902,110.01631299572959,1,16.889999389648438,2026-08-17,SNPP,West Kalimantan,Kayong Utara
-1.0207992260647902,110.01968598326462,1,16.889999389648438,2026-08-17,SNPP,West Kalimantan,Kayong Utara
-1.0207992260647902,110.02305897079967,1,16.889999389648438,2026-08-17,SNPP,West Kalimantan,Kayong Utara
-1.0646411049374545,109.98411486574983,1,5.199999809265137,2026-08-17,SNPP,West Kalimantan,Kayong Utara
-1.0646411049374545,109.987487900261,1,5.199999809265137,2026-08-17,SNPP,West Kalimantan,Kayong Utara
-1.0646411049374545,109.99086093477219,1,5.199999809265137,2026-08-17,SNPP,West Kalimantan,Kayong Utara
-1.0646411049374545,109.99423396928337,1,5.199999809265137,2026-08-17,SNPP,West Kalimantan,Kayong Utara
-1.0646411049374545,110.57439590520701,1,3.4000000953674316,2026-08-17,SNPP,West Kalimantan,Ketapang
-1.0680135571584286,109.9842353614166,1,5.199999809265137,2026-08-17,SNPP,West Kalimantan,Kayong Utara
-1.0680135571584286,109.98760839962318,1,5.199999809265137,2026-08-17,SNPP,West Kalimantan,Kayong Utara
-1.0680135571584286,109.99098143782977,1,5.199999809265137,2026-08-17,SNPP,West Kalimantan,Kayong Utara
-1.0680135571584286,109.99435447603636,1,5.199999809265137,2026-08-17,SNPP,West Kalimantan,Kayong Utara
-1.0680135571584286,110.57451704756997,1,3.4000000953674316,2026-08-17,SNPP,West Kalimantan,Ketapang
-1.0713860093794028,109.9843562383937,1,5.199999809265137,2026-08-17,SNPP,West Kalimantan,Kayong Utara
-1.0713860093794028,109.98772928030739,1,5.199999809265137,2026-08-17,SNPP,West Kalimantan,Kayong Utara
-1.0713860093794028,109.99110232222108,1,5.199999809265137,2026-08-17,SNPP,West Kalimantan,Kayong Utara
-1.0713860093794028,109.99447536413477,1,5.199999809265137,2026-08-17,SNPP,West Kalimantan,Kayong Utara
-1.0713860093794028,110.57463857328973,1,3.4000000953674316,2026-08-17,SNPP,West Kalimantan,Ketapang
-1.0983656271471962,109.74922194222982,1,1.6299999952316284,2026-08-17,SNPP,West Kalimantan,Kayong Utara
-1.0983656271471962,109.75259501422131,1,1.6299999952316284,2026-08-17,SNPP,West Kalimantan,Kayong Utara
-1.1017380793681701,109.74934598423022,1,1.6299999952316284,2026-08-17,SNPP,West Kalimantan,Kayong Utara
-1.1017380793681701,109.75271906003407,1,1.6299999952316284,2026-08-17,SNPP,West Kalimantan,Kayong Utara
-1.1051105315891445,109.74947040674354,1,1.6299999952316284,2026-08-17,SNPP,West Kalimantan,Kayong Utara
-1.1051105315891445,109.75284348637145,1,1.6299999952316284,2026-08-17,SNPP,West Kalimantan,Kayong Utara
-1.2164014548812923,110.50264298084191,1,1.7999999523162842,2026-08-17,SNPP,West Kalimantan,Ketapang
-1.2164014548812923,110.50601619322457,1,1.7999999523162842,2026-08-17,SNPP,West Kalimantan,Ketapang
-1.2164014548812923,110.50938940560724,1,1.7999999523162842,2026-08-17,SNPP,West Kalimantan,Ketapang
-1.2197739071022664,110.50278127934067,1,1.7999999523162842,2026-08-17,SNPP,West Kalimantan,Ketapang
-1.2197739071022664,110.50615449594503,1,1.7999999523162842,2026-08-17,SNPP,West Kalimantan,Ketapang
-1.2197739071022664,110.5095277125494,1,1.7999999523162842,2026-08-17,SNPP,West Kalimantan,Ketapang
-1.2231463593232406,110.5029199610285,1,1.7999999523162842,2026-08-17,SNPP,West Kalimantan,Ketapang
-1.2231463593232406,110.50629318186628,1,1.7999999523162842,2026-08-17,SNPP,West Kalimantan,Ketapang
-1.2231463593232406,110.50966640270406,1,1.7999999523162842,2026-08-17,SNPP,West Kalimantan,Ketapang
-1.2939678559636985,110.06064355519017,1,1.940000057220459,2026-08-17,SNPP,West Kalimantan,Kayong Utara
-1.2939678559636985,110.06401686763171,1,1.940000057220459,2026-08-17,SNPP,West Kalimantan,Kayong Utara
-1.2939678559636985,110.06739018007326,1,1.940000057220459,2026-08-17,SNPP,West Kalimantan,Kayong Utara
-1.2973403081846724,110.06079007487719,1,1.940000057220459,2026-08-17,SNPP,West Kalimantan,Kayong Utara
-1.2973403081846724,110.0641633918095,1,1.940000057220459,2026-08-17,SNPP,West Kalimantan,Kayong Utara
-1.2973403081846724,110.06753670874181,1,1.940000057220459,2026-08-17,SNPP,West Kalimantan,Kayong Utara
-1.3007127604056468,110.06093697626605,1,1.940000057220459,2026-08-17,SNPP,West Kalimantan,Kayong Utara
-1.3007127604056468,110.06431029770083,1,1.940000057220459,2026-08-17,SNPP,West Kalimantan,Kayong Utara
-1.3007127604056468,110.0676836191356,1,1.940000057220459,2026-08-17,SNPP,West Kalimantan,Kayong Utara
-1.310830117068569,110.08161998074317,1,0.8100000023841858,2026-08-17,SNPP,West Kalimantan,Kayong Utara
-1.310830117068569,110.08499331575554,1,0.8100000023841858,2026-08-17,SNPP,West Kalimantan,Kayong Utara
-1.310830117068569,110.08836665076791,1,0.8100000023841858,2026-08-17,SNPP,West Kalimantan,Kayong Utara
-1.310830117068569,110.49654018726484,1,8.039999961853027,2026-08-17,SNPP,West Kalimantan,Ketapang
-1.310830117068569,110.49991352227721,1,8.039999961853027,2026-08-17,SNPP,West Kalimantan,Ketapang
-1.310830117068569,110.50328685728958,1,8.039999961853027,2026-08-17,SNPP,West Kalimantan,Ketapang
-1.310830117068569,110.50666019230196,1,1.840000033378601,2026-08-17,SNPP,West Kalimantan,Ketapang
-1.3142025692895434,110.08176843626036,1,5.559999942779541,2026-08-17,SNPP,West Kalimantan,Kayong Utara
-1.3142025692895434,110.085141775822,1,5.559999942779541,2026-08-17,SNPP,West Kalimantan,Kayong Utara
-1.3142025692895434,110.08851511538363,1,1.2699999809265137,2026-08-17,SNPP,West Kalimantan,Kayong Utara
-1.3142025692895434,110.09188845494528,1,1.2699999809265137,2026-08-17,SNPP,West Kalimantan,Kayong Utara
-1.3142025692895434,110.49668920234134,1,8.039999961853027,2026-08-17,SNPP,West Kalimantan,Ketapang
-1.3142025692895434,110.50006254190298,1,8.039999961853027,2026-08-17,SNPP,West Kalimantan,Ketapang
-1.3142025692895434,110.5034358814646,1,8.039999961853027,2026-08-17,SNPP,West Kalimantan,Ketapang
-1.3142025692895434,110.50680922102624,1,1.840000033378601,2026-08-17,SNPP,West Kalimantan,Ketapang
-1.3175750215105175,110.08191727356238,1,5.559999942779541,2026-08-17,SNPP,West Kalimantan,Kayong Utara
-1.3175750215105175,110.08529061768496,1,5.559999942779541,2026-08-17,SNPP,West Kalimantan,Kayong Utara
-1.3175750215105175,110.08866396180757,1,1.2699999809265137,2026-08-17,SNPP,West Kalimantan,Kayong Utara
-1.3175750215105175,110.09203730593016,1,1.2699999809265137,2026-08-17,SNPP,West Kalimantan,Kayong Utara
-1.3175750215105175,110.49683860064165,1,8.039999961853027,2026-08-17,SNPP,West Kalimantan,Ketapang
-1.3175750215105175,110.50021194476426,1,8.039999961853027,2026-08-17,SNPP,West Kalimantan,Ketapang
-1.3175750215105175,110.50358528888685,1,8.039999961853027,2026-08-17,SNPP,West Kalimantan,Ketapang
-1.3175750215105175,110.50695863300945,1,1.840000033378601,2026-08-17,SNPP,West Kalimantan,Ketapang
-1.3209474737314917,110.08543984134702,1,1.2699999809265137,2026-08-17,SNPP,West Kalimantan,Kayong Utara
-1.3209474737314917,110.08881319004227,1,1.2699999809265137,2026-08-17,SNPP,West Kalimantan,Kayong Utara
-1.3209474737314917,110.09218653873754,1,1.2699999809265137,2026-08-17,SNPP,West Kalimantan,Kayong Utara
-1.3209474737314917,110.49698838216841,1,8.039999961853027,2026-08-17,SNPP,West Kalimantan,Ketapang
-1.3209474737314917,110.50036173086366,1,8.039999961853027,2026-08-17,SNPP,West Kalimantan,Ketapang
-1.3209474737314917,110.50373507955891,1,1.840000033378601,2026-08-17,SNPP,West Kalimantan,Ketapang
-1.3209474737314917,110.50710842825418,1,1.840000033378601,2026-08-17,SNPP,West Kalimantan,Ketapang
-1.3512995437202593,110.0834266453176,1,1.2599999904632568,2026-08-17,SNPP,West Kalimantan,Kayong Utara
-1.3512995437202593,110.0868000356933,1,1.2599999904632568,2026-08-17,SNPP,West Kalimantan,Kayong Utara
-1.3512995437202593,110.090173426069,1,1.2599999904632568,2026-08-17,SNPP,West Kalimantan,Kayong Utara
-1.3546719959412334,110.08357968242422,1,1.2599999904632568,2026-08-17,SNPP,West Kalimantan,Kayong Utara
-1.3546719959412334,110.08695307748957,1,1.2599999904632568,2026-08-17,SNPP,West Kalimantan,Kayong Utara
-1.3546719959412334,110.09032647255493,1,1.2599999904632568,2026-08-17,SNPP,West Kalimantan,Kayong Utara
-1.3580444481622076,110.08373310134701,1,1.2599999904632568,2026-08-17,SNPP,West Kalimantan,Kayong Utara
-1.3580444481622076,110.08710650111374,1,1.2599999904632568,2026-08-17,SNPP,West Kalimantan,Kayong Utara
-1.3580444481622076,110.09047990088045,1,1.2599999904632568,2026-08-17,SNPP,West Kalimantan,Kayong Utara
-1.364789352604156,110.1245219951064,1,1.6100000143051147,2026-08-17,SNPP,West Kalimantan,Ketapang
-1.364789352604156,110.12789540431096,1,1.6100000143051147,2026-08-17,SNPP,West Kalimantan,Ketapang
-1.364789352604156,110.1312688135155,1,1.6100000143051147,2026-08-17,SNPP,West Kalimantan,Ketapang
-1.36816180482513,110.12467661633136,1,1.6100000143051147,2026-08-17,SNPP,West Kalimantan,Ketapang
-1.36816180482513,110.12805003027236,1,1.6100000143051147,2026-08-17,SNPP,West Kalimantan,Ketapang
-1.36816180482513,110.13142344421338,1,1.6100000143051147,2026-08-17,SNPP,West Kalimantan,Ketapang
-1.3715342570461044,110.11133794476692,1,1.1799999475479126,2026-08-17,SNPP,West Kalimantan,Ketapang
-1.3715342570461044,110.11471136345608,1,1.1799999475479126,2026-08-17,SNPP,West Kalimantan,Ketapang
-1.3715342570461044,110.11808478214526,1,16.06999969482422,2026-08-17,SNPP,West Kalimantan,Ketapang
-1.3715342570461044,110.12145820083441,1,16.06999969482422,2026-08-17,SNPP,West Kalimantan,Ketapang
-1.3715342570461044,110.12483161952358,1,16.06999969482422,2026-08-17,SNPP,West Kalimantan,Ketapang
-1.3715342570461044,110.12820503821274,1,1.6100000143051147,2026-08-17,SNPP,West Kalimantan,Ketapang
-1.3715342570461044,110.13157845690193,1,1.6100000143051147,2026-08-17,SNPP,West Kalimantan,Ketapang
-1.3749067092670784,110.08787934674643,1,1.6299999952316284,2026-08-17,SNPP,West Kalimantan,Ketapang
-1.3749067092670784,110.09125277019547,1,1.6299999952316284,2026-08-17,SNPP,West Kalimantan,Ketapang
-1.3749067092670784,110.0946261936445,1,1.6299999952316284,2026-08-17,SNPP,West Kalimantan,Ketapang
-1.3749067092670784,110.11149331088967,1,1.1799999475479126,2026-08-17,SNPP,West Kalimantan,Ketapang
-1.3749067092670784,110.1148667343387,1,3.369999885559082,2026-08-17,SNPP,West Kalimantan,Ketapang
-1.3749067092670784,110.11824015778774,1,16.06999969482422,2026-08-17,SNPP,West Kalimantan,Ketapang
-1.3749067092670784,110.12161358123676,1,16.06999969482422,2026-08-17,SNPP,West Kalimantan,Ketapang
-1.3749067092670784,110.12498700468579,1,16.06999969482422,2026-08-17,SNPP,West Kalimantan,Ketapang
-1.3782791614880527,110.08803506139408,1,1.6299999952316284,2026-08-17,SNPP,West Kalimantan,Ketapang
-1.3782791614880527,110.09140848961468,1,1.6299999952316284,2026-08-17,SNPP,West Kalimantan,Ketapang
-1.3782791614880527,110.09478191783529,1,1.6299999952316284,2026-08-17,SNPP,West Kalimantan,Ketapang
-1.3782791614880527,110.11502248715887,1,3.369999885559082,2026-08-17,SNPP,West Kalimantan,Ketapang
-1.3782791614880527,110.11839591537948,1,16.06999969482422,2026-08-17,SNPP,West Kalimantan,Ketapang
-1.3782791614880527,110.12176934360008,1,16.06999969482422,2026-08-17,SNPP,West Kalimantan,Ketapang
-1.3782791614880527,110.12514277182068,1,16.06999969482422,2026-08-17,SNPP,West Kalimantan,Ketapang
-1.3782791614880527,110.2769470417476,1,5.880000114440918,2026-08-17,SNPP,West Kalimantan,Ketapang
-1.3782791614880527,110.28032046996819,1,5.880000114440918,2026-08-17,SNPP,West Kalimantan,Ketapang
-1.3782791614880527,110.2836938981888,1,5.880000114440918,2026-08-17,SNPP,West Kalimantan,Ketapang
-1.3782791614880527,110.37814988836556,1,6.21999979019165,2026-08-17,SNPP,West Kalimantan,Ketapang
-1.3782791614880527,110.38152331658615,1,6.21999979019165,2026-08-17,SNPP,West Kalimantan,Ketapang
-1.3782791614880527,110.38489674480675,1,6.21999979019165,2026-08-17,SNPP,West Kalimantan,Ketapang
-1.381651613709027,110.08819115788842,1,1.6299999952316284,2026-08-17,SNPP,West Kalimantan,Ketapang
-1.381651613709027,110.09156459089228,1,1.6299999952316284,2026-08-17,SNPP,West Kalimantan,Ketapang
-1.381651613709027,110.09493802389615,1,1.6299999952316284,2026-08-17,SNPP,West Kalimantan,Ketapang
-1.381651613709027,110.1084317559116,1,2.0899999141693115,2026-08-17,SNPP,West Kalimantan,Ketapang
-1.381651613709027,110.11180518891547,1,2.0899999141693115,2026-08-17,SNPP,West Kalimantan,Ketapang
-1.381651613709027,110.11517862191933,1,3.369999885559082,2026-08-17,SNPP,West Kalimantan,Ketapang
-1.381651613709027,110.11855205492319,1,9.079999923706055,2026-08-17,SNPP,West Kalimantan,Ketapang
-1.381651613709027,110.12192548792704,1,9.079999923706055,2026-08-17,SNPP,West Kalimantan,Ketapang
-1.381651613709027,110.1252989209309,1,9.079999923706055,2026-08-17,SNPP,West Kalimantan,Ketapang
-1.381651613709027,110.26360967408934,1,15.720000267028809,2026-08-17,SNPP,West Kalimantan,Ketapang
-1.381651613709027,110.26698310709321,1,15.720000267028809,2026-08-17,SNPP,West Kalimantan,Ketapang
-1.381651613709027,110.27035654009708,1,15.720000267028809,2026-08-17,SNPP,West Kalimantan,Ketapang
-1.381651613709027,110.27372997310094,1,15.720000267028809,2026-08-17,SNPP,West Kalimantan,Ketapang
-1.381651613709027,110.2771034061048,1,5.880000114440918,2026-08-17,SNPP,West Kalimantan,Ketapang
-1.381651613709027,110.28047683910866,1,5.880000114440918,2026-08-17,SNPP,West Kalimantan,Ketapang
-1.381651613709027,110.28385027211255,1,5.880000114440918,2026-08-17,SNPP,West Kalimantan,Ketapang
-1.381651613709027,110.37830639622072,1,6.21999979019165,2026-08-17,SNPP,West Kalimantan,Ketapang
-1.381651613709027,110.3816798292246,1,6.21999979019165,2026-08-17,SNPP,West Kalimantan,Ketapang
-1.381651613709027,110.38505326222845,1,6.21999979019165,2026-08-17,SNPP,West Kalimantan,Ketapang
-1.385024065930001,110.09509451182977,1,31.8700008392334,2026-08-17,SNPP,West Kalimantan,Ketapang
-1.385024065930001,110.0984679496286,1,31.8700008392334,2026-08-17,SNPP,West Kalimantan,Ketapang
-1.385024065930001,110.10184138742744,1,31.8700008392334,2026-08-17,SNPP,West Kalimantan,Ketapang
-1.385024065930001,110.10521482522626,1,31.8700008392334,2026-08-17,SNPP,West Kalimantan,Ketapang
-1.385024065930001,110.10858826302508,1,31.8799991607666,2026-08-17,SNPP,West Kalimantan,Ketapang
-1.385024065930001,110.11196170082393,1,9.079999923706055,2026-08-17,SNPP,West Kalimantan,Ketapang
-1.385024065930001,110.11533513862275,1,9.079999923706055,2026-08-17,SNPP,West Kalimantan,Ketapang
-1.385024065930001,110.11870857642158,1,9.079999923706055,2026-08-17,SNPP,West Kalimantan,Ketapang
-1.385024065930001,110.12208201422041,1,9.079999923706055,2026-08-17,SNPP,West Kalimantan,Ketapang
-1.385024065930001,110.12545545201924,1,9.079999923706055,2026-08-17,SNPP,West Kalimantan,Ketapang
-1.385024065930001,110.26376640177129,1,15.720000267028809,2026-08-17,SNPP,West Kalimantan,Ketapang
-1.385024065930001,110.26713983957013,1,15.720000267028809,2026-08-17,SNPP,West Kalimantan,Ketapang
-1.385024065930001,110.27051327736898,1,15.720000267028809,2026-08-17,SNPP,West Kalimantan,Ketapang
-1.385024065930001,110.2738867151678,1,15.720000267028809,2026-08-17,SNPP,West Kalimantan,Ketapang
-1.385024065930001,110.27726015296663,1,5.880000114440918,2026-08-17,SNPP,West Kalimantan,Ketapang
-1.385024065930001,110.28063359076546,1,5.880000114440918,2026-08-17,SNPP,West Kalimantan,Ketapang
-1.385024065930001,110.2840070285643,1,5.880000114440918,2026-08-17,SNPP,West Kalimantan,Ketapang
-1.385024065930001,110.36834297353505,1,11.390000343322754,2026-08-17,SNPP,West Kalimantan,Ketapang
-1.385024065930001,110.37171641133389,1,11.390000343322754,2026-08-17,SNPP,West Kalimantan,Ketapang
-1.385024065930001,110.37508984913272,1,11.390000343322754,2026-08-17,SNPP,West Kalimantan,Ketapang
-1.385024065930001,110.37846328693155,1,6.21999979019165,2026-08-17,SNPP,West Kalimantan,Ketapang
-1.385024065930001,110.38183672473039,1,6.21999979019165,2026-08-17,SNPP,West Kalimantan,Ketapang
-1.385024065930001,110.38521016252922,1,6.21999979019165,2026-08-17,SNPP,West Kalimantan,Ketapang
-1.3883965181509752,110.09525138163886,1,31.8700008392334,2026-08-17,SNPP,West Kalimantan,Ketapang
-1.3883965181509752,110.09862482424435,1,31.8700008392334,2026-08-17,SNPP,West Kalimantan,Ketapang
-1.3883965181509752,110.10199826684986,2,31.8799991607666,2026-08-17,SNPP,West Kalimantan,Ketapang
-1.3883965181509752,110.10537170945535,2,31.8799991607666,2026-08-17,SNPP,West Kalimantan,Ketapang
-1.3883965181509752,110.10874515206085,2,31.8799991607666,2026-08-17,SNPP,West Kalimantan,Ketapang
-1.3883965181509752,110.11211859466636,1,9.079999923706055,2026-08-17,SNPP,West Kalimantan,Ketapang
-1.3883965181509752,110.11549203727186,1,9.079999923706055,2026-08-17,SNPP,West Kalimantan,Ketapang
-1.3883965181509752,110.11886547987736,1,9.079999923706055,2026-08-17,SNPP,West Kalimantan,Ketapang
-1.3883965181509752,110.12223892248284,1,9.079999923706055,2026-08-17,SNPP,West Kalimantan,Ketapang
-1.3883965181509752,110.12561236508834,1,9.079999923706055,2026-08-17,SNPP,West Kalimantan,Ketapang
-1.3883965181509752,110.26392351191379,1,15.720000267028809,2026-08-17,SNPP,West Kalimantan,Ketapang
-1.3883965181509752,110.26729695451928,1,15.720000267028809,2026-08-17,SNPP,West Kalimantan,Ketapang
-1.3883965181509752,110.27067039712479,1,15.720000267028809,2026-08-17,SNPP,West Kalimantan,Ketapang
-1.3883965181509752,110.27404383973028,1,15.720000267028809,2026-08-17,SNPP,West Kalimantan,Ketapang
-1.3883965181509752,110.36850023268424,1,11.390000343322754,2026-08-17,SNPP,West Kalimantan,Ketapang
-1.3883965181509752,110.37187367528975,1,11.390000343322754,2026-08-17,SNPP,West Kalimantan,Ketapang
-1.3883965181509752,110.37524711789524,1,11.390000343322754,2026-08-17,SNPP,West Kalimantan,Ketapang
-1.3883965181509752,110.37862056050074,1,5.309999942779541,2026-08-17,SNPP,West Kalimantan,Ketapang
-1.3883965181509752,110.38199400310623,1,5.309999942779541,2026-08-17,SNPP,West Kalimantan,Ketapang
-1.3883965181509752,110.38536744571174,1,5.309999942779541,2026-08-17,SNPP,West Kalimantan,Ketapang
-1.3917689703719494,110.09540863332616,1,31.8700008392334,2026-08-17,SNPP,West Kalimantan,Ketapang
-1.3917689703719494,110.09878208075003,1,3.890000104904175,2026-08-17,SNPP,West Kalimantan,Ketapang
-1.3917689703719494,110.1021555281739,2,31.8799991607666,2026-08-17,SNPP,West Kalimantan,Ketapang
-1.3917689703719494,110.10552897559775,2,31.8799991607666,2026-08-17,SNPP,West Kalimantan,Ketapang
-1.3917689703719494,110.10890242302162,2,31.8799991607666,2026-08-17,SNPP,West Kalimantan,Ketapang
-1.3917689703719494,110.1122758704455,1,33.88999938964844,2026-08-17,SNPP,West Kalimantan,Ketapang
-1.3917689703719494,110.11564931786936,1,33.88999938964844,2026-08-17,SNPP,West Kalimantan,Ketapang
-1.3917689703719494,110.11902276529324,1,33.88999938964844,2026-08-17,SNPP,West Kalimantan,Ketapang
-1.3917689703719494,110.12239621271709,1,33.88999938964844,2026-08-17,SNPP,West Kalimantan,Ketapang
-1.3917689703719494,110.12576966014096,1,9.079999923706055,2026-08-17,SNPP,West Kalimantan,Ketapang
-1.3917689703719494,110.36865787465942,1,11.390000343322754,2026-08-17,SNPP,West Kalimantan,Ketapang
-1.3917689703719494,110.37203132208329,1,11.390000343322754,2026-08-17,SNPP,West Kalimantan,Ketapang
-1.3917689703719494,110.37540476950717,1,11.390000343322754,2026-08-17,SNPP,West Kalimantan,Ketapang
-1.3951414225929237,110.09556626689438,1,31.8700008392334,2026-08-17,SNPP,West Kalimantan,Ketapang
-1.3951414225929237,110.09893971914832,1,3.890000104904175,2026-08-17,SNPP,West Kalimantan,Ketapang
-1.3951414225929237,110.10231317140226,2,31.8799991607666,2026-08-17,SNPP,West Kalimantan,Ketapang
-1.3951414225929237,110.1056866236562,2,31.8799991607666,2026-08-17,SNPP,West Kalimantan,Ketapang
-1.3951414225929237,110.10906007591012,2,31.8799991607666,2026-08-17,SNPP,West Kalimantan,Ketapang
-1.3951414225929237,110.11243352816408,2,49.13999938964844,2026-08-17,SNPP,West Kalimantan,Ketapang
-1.3951414225929237,110.11580698041801,2,49.13999938964844,2026-08-17,SNPP,West Kalimantan,Ketapang
-1.3951414225929237,110.11918043267194,1,33.88999938964844,2026-08-17,SNPP,West Kalimantan,Ketapang
-1.3951414225929237,110.12255388492588,1,33.88999938964844,2026-08-17,SNPP,West Kalimantan,Ketapang
-1.3951414225929237,110.12592733717982,1,9.079999923706055,2026-08-17,SNPP,West Kalimantan,Ketapang
-1.3985138748138977,110.09572428234627,1,31.8700008392334,2026-08-17,SNPP,West Kalimantan,Ketapang
-1.3985138748138977,110.09909773944199,1,3.890000104904175,2026-08-17,SNPP,West Kalimantan,Ketapang
-1.3985138748138977,110.10247119653768,1,49.13999938964844,2026-08-17,SNPP,West Kalimantan,Ketapang
-1.3985138748138977,110.10584465363338,1,49.13999938964844,2026-08-17,SNPP,West Kalimantan,Ketapang
-1.3985138748138977,110.1092181107291,2,49.13999938964844,2026-08-17,SNPP,West Kalimantan,Ketapang
-1.3985138748138977,110.11259156782482,2,49.13999938964844,2026-08-17,SNPP,West Kalimantan,Ketapang
-1.3985138748138977,110.11596502492051,2,49.13999938964844,2026-08-17,SNPP,West Kalimantan,Ketapang
-1.3985138748138977,110.11933848201623,1,33.88999938964844,2026-08-17,SNPP,West Kalimantan,Ketapang
-1.3985138748138977,110.12271193911194,1,33.88999938964844,2026-08-17,SNPP,West Kalimantan,Ketapang
-1.401886327034872,110.09925614163372,1,14.699999809265137,2026-08-17,SNPP,West Kalimantan,Ketapang
-1.401886327034872,110.1026296035829,1,49.13999938964844,2026-08-17,SNPP,West Kalimantan,Ketapang
-1.401886327034872,110.10600306553208,1,49.13999938964844,2026-08-17,SNPP,West Kalimantan,Ketapang
-1.401886327034872,110.10937652748126,2,49.13999938964844,2026-08-17,SNPP,West Kalimantan,Ketapang
-1.401886327034872,110.11274998943045,2,49.13999938964844,2026-08-17,SNPP,West Kalimantan,Ketapang
-1.401886327034872,110.11612345137964,2,49.13999938964844,2026-08-17,SNPP,West Kalimantan,Ketapang
-1.401886327034872,110.1194969133288,1,16.030000686645508,2026-08-17,SNPP,West Kalimantan,Ketapang
-1.401886327034872,110.122870375278,1,16.030000686645508,2026-08-17,SNPP,West Kalimantan,Ketapang
-1.438983301465588,110.16512057789183,1,4.739999771118164,2026-08-17,SNPP,West Kalimantan,Ketapang
-1.438983301465588,110.16849409400155,1,4.739999771118164,2026-08-17,SNPP,West Kalimantan,Ketapang
-1.438983301465588,110.17186761011124,1,4.739999771118164,2026-08-17,SNPP,West Kalimantan,Ketapang
-1.438983301465588,110.17524112622094,1,4.739999771118164,2026-08-17,SNPP,West Kalimantan,Ketapang
-1.438983301465588,110.17861464233064,1,4.739999771118164,2026-08-17,SNPP,West Kalimantan,Ketapang
-1.4423557536865619,110.16528365796087,1,9.569999694824219,2026-08-17,SNPP,West Kalimantan,Ketapang
-1.4423557536865619,110.16865717906448,1,9.569999694824219,2026-08-17,SNPP,West Kalimantan,Ketapang
-1.4423557536865619,110.17203070016808,1,9.569999694824219,2026-08-17,SNPP,West Kalimantan,Ketapang
-1.4423557536865619,110.17540422127168,1,9.569999694824219,2026-08-17,SNPP,West Kalimantan,Ketapang
-1.4423557536865619,110.17877774237527,1,4.739999771118164,2026-08-17,SNPP,West Kalimantan,Ketapang
-1.4457282059075363,110.16544712018656,1,9.569999694824219,2026-08-17,SNPP,West Kalimantan,Ketapang
-1.4457282059075363,110.16882064629577,1,9.569999694824219,2026-08-17,SNPP,West Kalimantan,Ketapang
-1.4457282059075363,110.17219417240496,1,9.569999694824219,2026-08-17,SNPP,West Kalimantan,Ketapang
-1.4457282059075363,110.17556769851416,1,9.569999694824219,2026-08-17,SNPP,West Kalimantan,Ketapang
-1.4457282059075363,110.17894122462336,1,4.739999771118164,2026-08-17,SNPP,West Kalimantan,Ketapang
-1.4491006581285104,110.16561096457174,1,9.569999694824219,2026-08-17,SNPP,West Kalimantan,Ketapang
-1.4491006581285104,110.16898449569825,1,9.569999694824219,2026-08-17,SNPP,West Kalimantan,Ketapang
-1.4491006581285104,110.17235802682475,1,9.569999694824219,2026-08-17,SNPP,West Kalimantan,Ketapang
-1.4491006581285104,110.17573155795125,1,9.569999694824219,2026-08-17,SNPP,West Kalimantan,Ketapang
-1.4491006581285104,110.24657571160779,1,6.769999980926514,2026-08-17,SNPP,West Kalimantan,Ketapang
-1.4491006581285104,110.24994924273429,1,6.769999980926514,2026-08-17,SNPP,West Kalimantan,Ketapang
-1.4491006581285104,110.2533227738608,1,6.769999980926514,2026-08-17,SNPP,West Kalimantan,Ketapang
-1.4491006581285104,110.2566963049873,1,6.769999980926514,2026-08-17,SNPP,West Kalimantan,Ketapang
-1.4524731103494846,110.24674005885143,1,6.769999980926514,2026-08-17,SNPP,West Kalimantan,Ketapang
-1.4524731103494846,110.25011359500694,1,6.769999980926514,2026-08-17,SNPP,West Kalimantan,Ketapang
-1.4524731103494846,110.25348713116244,1,6.769999980926514,2026-08-17,SNPP,West Kalimantan,Ketapang
-1.4524731103494846,110.25686066731795,1,6.769999980926514,2026-08-17,SNPP,West Kalimantan,Ketapang
-1.4524731103494846,110.26023420347346,1,1.1399999856948853,2026-08-17,SNPP,West Kalimantan,Ketapang
-1.4524731103494846,110.32095785427256,1,4.460000038146973,2026-08-17,SNPP,West Kalimantan,Ketapang
-1.4524731103494846,110.32433139042809,1,4.460000038146973,2026-08-17,SNPP,West Kalimantan,Ketapang
-1.4524731103494846,110.32770492658359,1,4.460000038146973,2026-08-17,SNPP,West Kalimantan,Ketapang
-1.4558455625704587,110.17943396461685,1,1.4199999570846558,2026-08-17,SNPP,West Kalimantan,Ketapang
-1.4558455625704587,110.18280750581305,1,2.9600000381469727,2026-08-17,SNPP,West Kalimantan,Ketapang
-1.4558455625704587,110.18618104700927,1,6.889999866485596,2026-08-17,SNPP,West Kalimantan,Ketapang
-1.4558455625704587,110.18955458820548,1,6.889999866485596,2026-08-17,SNPP,West Kalimantan,Ketapang
-1.4558455625704587,110.1929281294017,1,6.889999866485596,2026-08-17,SNPP,West Kalimantan,Ketapang
-1.4558455625704587,110.24690478854112,1,6.769999980926514,2026-08-17,SNPP,West Kalimantan,Ketapang
-1.4558455625704587,110.25027832973733,1,6.769999980926514,2026-08-17,SNPP,West Kalimantan,Ketapang
-1.4558455625704587,110.25365187093355,1,6.769999980926514,2026-08-17,SNPP,West Kalimantan,Ketapang
-1.4558455625704587,110.25702541212976,1,6.769999980926514,2026-08-17,SNPP,West Kalimantan,Ketapang
-1.4558455625704587,110.26039895332599,1,1.1399999856948853,2026-08-17,SNPP,West Kalimantan,Ketapang
-1.4558455625704587,110.32112269485782,1,4.460000038146973,2026-08-17,SNPP,West Kalimantan,Ketapang
-1.4558455625704587,110.32449623605405,1,4.460000038146973,2026-08-17,SNPP,West Kalimantan,Ketapang
-1.4558455625704587,110.32786977725026,1,4.460000038146973,2026-08-17,SNPP,West Kalimantan,Ketapang
-1.4592180147914329,110.17959897570721,1,1.4199999570846558,2026-08-17,SNPP,West Kalimantan,Ketapang
-1.4592180147914329,110.18297252195585,1,2.9600000381469727,2026-08-17,SNPP,West Kalimantan,Ketapang
-1.4592180147914329,110.18634606820447,1,6.889999866485596,2026-08-17,SNPP,West Kalimantan,Ketapang
-1.4592180147914329,110.18971961445308,1,6.889999866485596,2026-08-17,SNPP,West Kalimantan,Ketapang
-1.4592180147914329,110.19309316070172,1,6.889999866485596,2026-08-17,SNPP,West Kalimantan,Ketapang
-1.4592180147914329,110.2470699006797,1,1.690000057220459,2026-08-17,SNPP,West Kalimantan,Ketapang
-1.4592180147914329,110.25044344692832,1,1.690000057220459,2026-08-17,SNPP,West Kalimantan,Ketapang
-1.4592180147914329,110.25381699317697,1,1.690000057220459,2026-08-17,SNPP,West Kalimantan,Ketapang
-1.4592180147914329,110.25719053942558,1,1.1399999856948853,2026-08-17,SNPP,West Kalimantan,Ketapang
-1.4592180147914329,110.26056408567419,1,1.1399999856948853,2026-08-17,SNPP,West Kalimantan,Ketapang
-1.4592180147914329,110.32128791814942,1,4.460000038146973,2026-08-17,SNPP,West Kalimantan,Ketapang
-1.4592180147914329,110.32466146439808,1,4.460000038146973,2026-08-17,SNPP,West Kalimantan,Ketapang
-1.4592180147914329,110.32803501064669,1,4.460000038146973,2026-08-17,SNPP,West Kalimantan,Ketapang
-1.462590467012407,110.1797643690153,1,1.4199999570846558,2026-08-17,SNPP,West Kalimantan,Ketapang
-1.462590467012407,110.18313792032804,1,2.9600000381469727,2026-08-17,SNPP,West Kalimantan,Ketapang
-1.462590467012407,110.18651147164078,1,6.889999866485596,2026-08-17,SNPP,West Kalimantan,Ketapang
-1.462590467012407,110.18988502295352,1,6.889999866485596,2026-08-17,SNPP,West Kalimantan,Ketapang
-1.462590467012407,110.19325857426625,1,6.889999866485596,2026-08-17,SNPP,West Kalimantan,Ketapang
-1.5806262947465033,110.07108693304187,1,6.28000020980835,2026-08-17,SNPP,West Kalimantan,Ketapang
-1.5806262947465033,110.07446066897214,1,6.28000020980835,2026-08-17,SNPP,West Kalimantan,Ketapang
-1.5806262947465033,110.0778344049024,1,6.28000020980835,2026-08-17,SNPP,West Kalimantan,Ketapang
-1.5806262947465033,110.08120814083267,1,6.28000020980835,2026-08-17,SNPP,West Kalimantan,Ketapang
-1.5806262947465033,110.08458187676294,1,6.28000020980835,2026-08-17,SNPP,West Kalimantan,Ketapang
-1.5839987469674774,110.07126590164226,1,6.28000020980835,2026-08-17,SNPP,West Kalimantan,Ketapang
-1.5839987469674774,110.07463964305802,1,10.699999809265137,2026-08-17,SNPP,West Kalimantan,Ketapang
-1.5839987469674774,110.07801338447376,1,10.699999809265137,2026-08-17,SNPP,West Kalimantan,Ketapang
-1.5839987469674774,110.08138712588952,1,10.699999809265137,2026-08-17,SNPP,West Kalimantan,Ketapang
-1.5839987469674774,110.08476086730526,1,6.28000020980835,2026-08-17,SNPP,West Kalimantan,Ketapang
-1.5873711991884516,110.07144525217288,1,6.28000020980835,2026-08-17,SNPP,West Kalimantan,Ketapang
-1.5873711991884516,110.07481899908582,1,10.699999809265137,2026-08-17,SNPP,West Kalimantan,Ketapang
-1.5873711991884516,110.07819274599875,1,10.699999809265137,2026-08-17,SNPP,West Kalimantan,Ketapang
-1.5873711991884516,110.08156649291169,1,10.699999809265137,2026-08-17,SNPP,West Kalimantan,Ketapang
-1.5873711991884516,110.08494023982463,1,6.28000020980835,2026-08-17,SNPP,West Kalimantan,Ketapang
-1.5907436514094258,110.07499873705862,1,10.699999809265137,2026-08-17,SNPP,West Kalimantan,Ketapang
-1.5907436514094258,110.07837248948046,1,10.699999809265137,2026-08-17,SNPP,West Kalimantan,Ketapang
-1.5907436514094258,110.08174624190228,1,10.699999809265137,2026-08-17,SNPP,West Kalimantan,Ketapang
-1.6244681736191675,110.309609887122,1,1.809999942779541,2026-08-17,SNPP,West Kalimantan,Ketapang
-1.6244681736191675,110.31298369527663,1,1.809999942779541,2026-08-17,SNPP,West Kalimantan,Ketapang
-1.6244681736191675,110.31635750343128,1,1.809999942779541,2026-08-17,SNPP,West Kalimantan,Ketapang
-1.6278406258401417,110.30979421569643,1,1.809999942779541,2026-08-17,SNPP,West Kalimantan,Ketapang
-1.6278406258401417,110.31316802948874,1,1.809999942779541,2026-08-17,SNPP,West Kalimantan,Ketapang
-1.6278406258401417,110.31654184328106,1,1.9800000190734863,2026-08-17,SNPP,West Kalimantan,Ketapang
-1.6278406258401417,110.31991565707337,1,1.9800000190734863,2026-08-17,SNPP,West Kalimantan,Ketapang
-1.6278406258401417,110.32328947086567,1,1.9800000190734863,2026-08-17,SNPP,West Kalimantan,Ketapang
-1.6312130780611158,110.30997892706152,1,1.809999942779541,2026-08-17,SNPP,West Kalimantan,Ketapang
-1.6312130780611158,110.31335274650321,1,1.809999942779541,2026-08-17,SNPP,West Kalimantan,Ketapang
-1.6312130780611158,110.31672656594492,1,1.9800000190734863,2026-08-17,SNPP,West Kalimantan,Ketapang
-1.6312130780611158,110.32010038538661,1,1.9800000190734863,2026-08-17,SNPP,West Kalimantan,Ketapang
-1.6312130780611158,110.3234742048283,1,1.9800000190734863,2026-08-17,SNPP,West Kalimantan,Ketapang
-0.11360957862273684,116.39999586635525,1,3.130000114440918,2026-08-17,SNPP,East Kalimantan,Kutai Kartanegara
-0.11360957862273684,116.40336832520603,1,3.130000114440918,2026-08-17,SNPP,East Kalimantan,Kutai Kartanegara
-0.116982030843711,116.40000965328692,1,3.130000114440918,2026-08-17,SNPP,East Kalimantan,Kutai Kartanegara
-0.116982030843711,116.40338211253713,1,3.130000114440918,2026-08-17,SNPP,East Kalimantan,Kutai Kartanegara
-0.17431371860027198,115.96188491495018,1,2.7699999809265137,2026-08-17,SNPP,East Kalimantan,Kutai Barat
-0.17431371860027198,115.96525738277873,1,2.7699999809265137,2026-08-17,SNPP,East Kalimantan,Kutai Barat
-0.17431371860027198,115.96862985060724,1,1.7799999713897705,2026-08-17,SNPP,East Kalimantan,Kutai Barat
-0.17768617082124616,115.96190588163387,1,2.7699999809265137,2026-08-17,SNPP,East Kalimantan,Kutai Barat
-0.17768617082124616,115.9652783500722,1,2.7699999809265137,2026-08-17,SNPP,East Kalimantan,Kutai Barat
-0.17768617082124616,115.9686508185105,1,1.7799999713897705,2026-08-17,SNPP,East Kalimantan,Kutai Barat
-0.18105862304222034,115.96192725008068,1,2.7699999809265137,2026-08-17,SNPP,East Kalimantan,Kutai Barat
-0.18105862304222034,115.96529971914043,1,2.7699999809265137,2026-08-17,SNPP,East Kalimantan,Kutai Barat
-0.18105862304222034,115.96867218820019,1,1.7799999713897705,2026-08-17,SNPP,East Kalimantan,Kutai Barat
-0.3260740685441099,116.1284790024182,1,3.5399999618530273,2026-08-17,SNPP,East Kalimantan,Kutai Barat
-0.3260740685441099,116.13185150925382,1,3.5399999618530273,2026-08-17,SNPP,East Kalimantan,Kutai Barat
-0.32944652076508407,116.12851810454956,1,3.5399999618530273,2026-08-17,SNPP,East Kalimantan,Kutai Barat
-0.32944652076508407,116.13189061252076,1,3.5399999618530273,2026-08-17,SNPP,East Kalimantan,Kutai Barat
-0.3665434951958,115.89627081873353,1,8.5600004196167,2026-08-17,SNPP,East Kalimantan,Kutai Barat
-0.3665434951958,115.8996433399672,1,8.5600004196167,2026-08-17,SNPP,East Kalimantan,Kutai Barat
-0.3665434951958,115.90301586120086,1,4.730000019073486,2026-08-17,SNPP,East Kalimantan,Kutai Barat
-0.3699159474167742,115.89631466119243,2,16.079999923706055,2026-08-17,SNPP,East Kalimantan,Kutai Barat
-0.3699159474167742,115.89968718370191,2,16.079999923706055,2026-08-17,SNPP,East Kalimantan,Kutai Barat
-0.3699159474167742,115.90305970621135,1,13.949999809265137,2026-08-17,SNPP,East Kalimantan,Kutai Barat
-0.3699159474167742,115.90643222872082,1,13.949999809265137,2026-08-17,SNPP,East Kalimantan,Kutai Barat
-0.37328839963774835,115.89298638141601,1,16.079999923706055,2026-08-17,SNPP,East Kalimantan,Kutai Barat
-0.37328839963774835,115.89635890521295,2,16.079999923706055,2026-08-17,SNPP,East Kalimantan,Kutai Barat
-0.37328839963774835,115.8997314290099,2,16.079999923706055,2026-08-17,SNPP,East Kalimantan,Kutai Barat
-0.37328839963774835,115.9031039528068,1,16.079999923706055,2026-08-17,SNPP,East Kalimantan,Kutai Barat
-0.37328839963774835,115.90647647660376,1,13.949999809265137,2026-08-17,SNPP,East Kalimantan,Kutai Barat
-0.37666085185872256,115.89303102569971,1,16.079999923706055,2026-08-17,SNPP,East Kalimantan,Kutai Barat
-0.37666085185872256,115.89640355079584,2,16.079999923706055,2026-08-17,SNPP,East Kalimantan,Kutai Barat
-0.37666085185872256,115.89977607589195,2,16.079999923706055,2026-08-17,SNPP,East Kalimantan,Kutai Barat
-0.37666085185872256,115.90314860098802,1,16.079999923706055,2026-08-17,SNPP,East Kalimantan,Kutai Barat
-0.37666085185872256,115.90652112608413,1,13.949999809265137,2026-08-17,SNPP,East Kalimantan,Kutai Barat
-0.37666085185872256,116.0920100063698,1,5.670000076293945,2026-08-17,SNPP,East Kalimantan,Kutai Barat
-0.37666085185872256,116.09538253146589,1,16.31999969482422,2026-08-17,SNPP,East Kalimantan,Kutai Barat
-0.37666085185872256,116.09875505656198,1,16.31999969482422,2026-08-17,SNPP,East Kalimantan,Kutai Barat
-0.3800333040796967,115.89307607153489,1,16.079999923706055,2026-08-17,SNPP,East Kalimantan,Kutai Barat
-0.3800333040796967,115.89644859794186,1,16.079999923706055,2026-08-17,SNPP,East Kalimantan,Kutai Barat
-0.3800333040796967,115.89982112434879,1,16.079999923706055,2026-08-17,SNPP,East Kalimantan,Kutai Barat
-0.3800333040796967,115.90319365075574,1,16.079999923706055,2026-08-17,SNPP,East Kalimantan,Kutai Barat
-0.3800333040796967,115.9065661771627,1,13.949999809265137,2026-08-17,SNPP,East Kalimantan,Kutai Barat
-0.3800333040796967,116.08868260313805,1,5.670000076293945,2026-08-17,SNPP,East Kalimantan,Kutai Barat
-0.3800333040796967,116.09205512954503,1,5.670000076293945,2026-08-17,SNPP,East Kalimantan,Kutai Barat
-0.3800333040796967,116.09542765595197,1,16.31999969482422,2026-08-17,SNPP,East Kalimantan,Kutai Barat
-0.3800333040796967,116.09880018235893,1,16.31999969482422,2026-08-17,SNPP,East Kalimantan,Kutai Barat
-0.38340575630067086,116.08872812723243,1,5.670000076293945,2026-08-17,SNPP,East Kalimantan,Kutai Barat
-0.38340575630067086,116.09210065496192,1,5.670000076293945,2026-08-17,SNPP,East Kalimantan,Kutai Barat
-0.38340575630067086,116.0954731826914,1,16.31999969482422,2026-08-17,SNPP,East Kalimantan,Kutai Barat
-0.38340575630067086,116.0988457104209,1,16.31999969482422,2026-08-17,SNPP,East Kalimantan,Kutai Barat
-0.38340575630067086,116.10221823815036,1,9.449999809265137,2026-08-17,SNPP,East Kalimantan,Kutai Barat
-0.386778208521645,116.08877405355759,1,5.670000076293945,2026-08-17,SNPP,East Kalimantan,Kutai Barat
-0.386778208521645,116.0921465826213,1,5.670000076293945,2026-08-17,SNPP,East Kalimantan,Kutai Barat
-0.386778208521645,116.095519111685,1,9.449999809265137,2026-08-17,SNPP,East Kalimantan,Kutai Barat
-0.386778208521645,116.09889164074872,1,9.449999809265137,2026-08-17,SNPP,East Kalimantan,Kutai Barat
-0.386778208521645,116.10226416981239,1,9.449999809265137,2026-08-17,SNPP,East Kalimantan,Kutai Barat
-0.423875182952361,116.36922698504006,1,1.559999942779541,2026-08-17,SNPP,East Kalimantan,Kutai Kartanegara
-0.423875182952361,116.3725995295514,1,1.2400000095367432,2026-08-17,SNPP,East Kalimantan,Kutai Kartanegara
-0.423875182952361,116.37597207406277,1,1.2400000095367432,2026-08-17,SNPP,East Kalimantan,Kutai Kartanegara
-0.423875182952361,116.37934461857414,1,1.2400000095367432,2026-08-17,SNPP,East Kalimantan,Kutai Kartanegara
-0.4272476351733352,116.36927786057747,1,1.559999942779541,2026-08-17,SNPP,East Kalimantan,Kutai Kartanegara
-0.4272476351733352,116.37265040656324,1,1.2400000095367432,2026-08-17,SNPP,East Kalimantan,Kutai Kartanegara
-0.4272476351733352,116.37602295254906,1,1.2400000095367432,2026-08-17,SNPP,East Kalimantan,Kutai Kartanegara
-0.4272476351733352,116.37939549853486,1,1.2400000095367432,2026-08-17,SNPP,East Kalimantan,Kutai Kartanegara
-0.4272476351733352,116.38276804452066,1,1.5299999713897705,2026-08-17,SNPP,East Kalimantan,Kutai Kartanegara
-0.4272476351733352,116.38614059050646,1,2.5399999618530273,2026-08-17,SNPP,East Kalimantan,Kutai Kartanegara
-0.4272476351733352,116.38951313649225,1,2.5399999618530273,2026-08-17,SNPP,East Kalimantan,Kutai Kartanegara
-0.4272476351733352,116.39288568247805,1,2.4000000953674316,2026-08-17,SNPP,East Kalimantan,Kutai Kartanegara
-0.4272476351733352,116.39625822846385,1,2.4000000953674316,2026-08-17,SNPP,East Kalimantan,Kutai Kartanegara
-0.4272476351733352,116.39963077444965,1,2.4000000953674316,2026-08-17,SNPP,East Kalimantan,Kutai Kartanegara
-0.43062008739430935,116.36932913932644,1,1.559999942779541,2026-08-17,SNPP,East Kalimantan,Kutai Kartanegara
-0.43062008739430935,116.37270168679835,1,1.2400000095367432,2026-08-17,SNPP,East Kalimantan,Kutai Kartanegara
-0.43062008739430935,116.37607423427028,1,1.2400000095367432,2026-08-17,SNPP,East Kalimantan,Kutai Kartanegara
-0.43062008739430935,116.37944678174223,1,1.2400000095367432,2026-08-17,SNPP,East Kalimantan,Kutai Kartanegara
-0.43062008739430935,116.38281932921414,1,4.639999866485596,2026-08-17,SNPP,East Kalimantan,Kutai Kartanegara
-0.43062008739430935,116.38619187668607,1,4.639999866485596,2026-08-17,SNPP,East Kalimantan,Kutai Kartanegara
-0.43062008739430935,116.389564424158,1,2.5399999618530273,2026-08-17,SNPP,East Kalimantan,Kutai Kartanegara
-0.43062008739430935,116.39293697162994,1,2.4000000953674316,2026-08-17,SNPP,East Kalimantan,Kutai Kartanegara
-0.43062008739430935,116.39630951910186,1,2.4000000953674316,2026-08-17,SNPP,East Kalimantan,Kutai Kartanegara
-0.43062008739430935,116.39968206657379,1,2.4000000953674316,2026-08-17,SNPP,East Kalimantan,Kutai Kartanegara
-0.43062008739430935,116.40305461404573,1,2.4000000953674316,2026-08-17,SNPP,East Kalimantan,Kutai Kartanegara
-0.4339925396152835,116.37275337025758,1,1.2400000095367432,2026-08-17,SNPP,East Kalimantan,Kutai Kartanegara
-0.4339925396152835,116.37612591922733,1,1.2400000095367432,2026-08-17,SNPP,East Kalimantan,Kutai Kartanegara
-0.4339925396152835,116.3794984681971,1,1.2400000095367432,2026-08-17,SNPP,East Kalimantan,Kutai Kartanegara
-0.4339925396152835,116.38287101716682,1,4.639999866485596,2026-08-17,SNPP,East Kalimantan,Kutai Kartanegara
-0.4339925396152835,116.38624356613659,1,8.760000228881836,2026-08-17,SNPP,East Kalimantan,Kutai Kartanegara
-0.4339925396152835,116.3896161151063,1,8.760000228881836,2026-08-17,SNPP,East Kalimantan,Kutai Kartanegara
-0.4339925396152835,116.39298866407607,1,8.760000228881836,2026-08-17,SNPP,East Kalimantan,Kutai Kartanegara
-0.4339925396152835,116.39636121304582,1,8.760000228881836,2026-08-17,SNPP,East Kalimantan,Kutai Kartanegara
-0.4339925396152835,116.39973376201556,1,4.230000019073486,2026-08-17,SNPP,East Kalimantan,Kutai Kartanegara
-0.4339925396152835,116.40310631098531,1,4.230000019073486,2026-08-17,SNPP,East Kalimantan,Kutai Kartanegara
-0.43736499183625765,116.3829231083796,1,4.639999866485596,2026-08-17,SNPP,East Kalimantan,Kutai Kartanegara
-0.43736499183625765,116.38629565885887,1,8.760000228881836,2026-08-17,SNPP,East Kalimantan,Kutai Kartanegara
-0.43736499183625765,116.3896682093381,1,8.760000228881836,2026-08-17,SNPP,East Kalimantan,Kutai Kartanegara
-0.43736499183625765,116.39304075981737,1,8.760000228881836,2026-08-17,SNPP,East Kalimantan,Kutai Kartanegara
-0.43736499183625765,116.39641331029662,1,8.760000228881836,2026-08-17,SNPP,East Kalimantan,Kutai Kartanegara
-0.43736499183625765,116.39978586077585,1,4.230000019073486,2026-08-17,SNPP,East Kalimantan,Kutai Kartanegara
-0.43736499183625765,116.40315841125512,1,4.230000019073486,2026-08-17,SNPP,East Kalimantan,Kutai Kartanegara
-0.44073744405723186,116.37623049885254,1,3.930000066757202,2026-08-17,SNPP,East Kalimantan,Kutai Kartanegara
-0.44073744405723186,116.37960305085296,1,3.930000066757202,2026-08-17,SNPP,East Kalimantan,Kutai Kartanegara
-0.44073744405723186,116.38297560285339,1,3.930000066757202,2026-08-17,SNPP,East Kalimantan,Kutai Kartanegara
-0.44073744405723186,116.38634815485383,1,8.760000228881836,2026-08-17,SNPP,East Kalimantan,Kutai Kartanegara
-0.44073744405723186,116.38972070685426,1,8.760000228881836,2026-08-17,SNPP,East Kalimantan,Kutai Kartanegara
-0.44073744405723186,116.39309325885472,1,8.760000228881836,2026-08-17,SNPP,East Kalimantan,Kutai Kartanegara
-0.44073744405723186,116.39646581085515,1,8.760000228881836,2026-08-17,SNPP,East Kalimantan,Kutai Kartanegara
-0.44073744405723186,116.39983836285558,1,4.230000019073486,2026-08-17,SNPP,East Kalimantan,Kutai Kartanegara
-0.44073744405723186,116.403210914856,1,4.230000019073486,2026-08-17,SNPP,East Kalimantan,Kutai Kartanegara
-0.444109896278206,116.37628339352247,1,3.930000066757202,2026-08-17,SNPP,East Kalimantan,Kutai Kartanegara
-0.444109896278206,116.3796559470558,1,3.930000066757202,2026-08-17,SNPP,East Kalimantan,Kutai Kartanegara
-0.444109896278206,116.38302850058908,1,3.930000066757202,2026-08-17,SNPP,East Kalimantan,Kutai Kartanegara
-0.444109896278206,116.38640105412242,1,8.760000228881836,2026-08-17,SNPP,East Kalimantan,Kutai Kartanegara
-0.444109896278206,116.38977360765568,1,8.760000228881836,2026-08-17,SNPP,East Kalimantan,Kutai Kartanegara
-0.444109896278206,116.39314616118902,1,8.760000228881836,2026-08-17,SNPP,East Kalimantan,Kutai Kartanegara
-0.444109896278206,116.39651871472232,1,4.230000019073486,2026-08-17,SNPP,East Kalimantan,Kutai Kartanegara
-0.444109896278206,116.39989126825563,1,4.230000019073486,2026-08-17,SNPP,East Kalimantan,Kutai Kartanegara
-0.4474823484991802,116.37633669143186,1,3.930000066757202,2026-08-17,SNPP,East Kalimantan,Kutai Kartanegara
-0.4474823484991802,116.37970924650973,1,3.930000066757202,2026-08-17,SNPP,East Kalimantan,Kutai Kartanegara
-0.4474823484991802,116.3830818015876,1,3.930000066757202,2026-08-17,SNPP,East Kalimantan,Kutai Kartanegara
-0.4474823484991802,116.38645435666545,1,4.449999809265137,2026-08-17,SNPP,East Kalimantan,Kutai Kartanegara
-0.4474823484991802,116.38982691174331,1,8.760000228881836,2026-08-17,SNPP,East Kalimantan,Kutai Kartanegara
-0.4474823484991802,116.3931994668212,1,8.760000228881836,2026-08-17,SNPP,East Kalimantan,Kutai Kartanegara
-0.4474823484991802,116.39657202189908,1,4.230000019073486,2026-08-17,SNPP,East Kalimantan,Kutai Kartanegara
-0.4474823484991802,116.3999445769769,1,4.230000019073486,2026-08-17,SNPP,East Kalimantan,Kutai Kartanegara
-0.45085480072015444,116.37639039258163,1,3.930000066757202,2026-08-17,SNPP,East Kalimantan,Kutai Kartanegara
-0.45085480072015444,116.37976294921575,1,3.930000066757202,2026-08-17,SNPP,East Kalimantan,Kutai Kartanegara
-0.45085480072015444,116.38313550584984,1,3.930000066757202,2026-08-17,SNPP,East Kalimantan,Kutai Kartanegara
-0.45085480072015444,116.38650806248395,1,4.449999809265137,2026-08-17,SNPP,East Kalimantan,Kutai Kartanegara
-0.45085480072015444,116.38988061911807,1,4.449999809265137,2026-08-17,SNPP,East Kalimantan,Kutai Kartanegara
-0.45085480072015444,116.39325317575218,1,4.449999809265137,2026-08-17,SNPP,East Kalimantan,Kutai Kartanegara
-0.45085480072015444,116.3966257323863,1,3.0,2026-08-17,SNPP,East Kalimantan,Kutai Kartanegara
-0.45085480072015444,116.39999828902039,1,3.0,2026-08-17,SNPP,East Kalimantan,Kutai Kartanegara
-0.4542272529411286,116.37644449697271,1,5.269999980926514,2026-08-17,SNPP,East Kalimantan,Kutai Kartanegara
-0.4542272529411286,116.37981705517477,1,5.269999980926514,2026-08-17,SNPP,East Kalimantan,Kutai Kartanegara
-0.4542272529411286,116.38318961337679,1,5.269999980926514,2026-08-17,SNPP,East Kalimantan,Kutai Kartanegara
-0.4542272529411286,116.38656217157884,1,4.449999809265137,2026-08-17,SNPP,East Kalimantan,Kutai Kartanegara
-0.4542272529411286,116.38993472978088,1,9.390000343322754,2026-08-17,SNPP,East Kalimantan,Kutai Kartanegara
-0.4542272529411286,116.39330728798292,1,9.390000343322754,2026-08-17,SNPP,East Kalimantan,Kutai Kartanegara
-0.4542272529411286,116.39667984618498,1,9.390000343322754,2026-08-17,SNPP,East Kalimantan,Kutai Kartanegara
-0.45759970516210274,116.386616683951,1,9.390000343322754,2026-08-17,SNPP,East Kalimantan,Kutai Kartanegara
-0.45759970516210274,116.38998924373264,2,9.390000343322754,2026-08-17,SNPP,East Kalimantan,Kutai Kartanegara
-0.45759970516210274,116.39336180351431,2,9.390000343322754,2026-08-17,SNPP,East Kalimantan,Kutai Kartanegara
-0.45759970516210274,116.39673436329598,2,9.390000343322754,2026-08-17,SNPP,East Kalimantan,Kutai Kartanegara
-0.4609721573830769,116.3866715996014,1,9.390000343322754,2026-08-17,SNPP,East Kalimantan,Kutai Kartanegara
-0.4609721573830769,116.39004416097434,2,9.390000343322754,2026-08-17,SNPP,East Kalimantan,Kutai Kartanegara
-0.4609721573830769,116.39341672234731,2,9.390000343322754,2026-08-17,SNPP,East Kalimantan,Kutai Kartanegara
-0.4609721573830769,116.3967892837203,2,9.390000343322754,2026-08-17,SNPP,East Kalimantan,Kutai Kartanegara
-0.4677170618250252,116.22827210498141,1,6.150000095367432,2026-08-17,SNPP,East Kalimantan,Kutai Barat
-0.4677170618250252,116.231644669572,1,6.150000095367432,2026-08-17,SNPP,East Kalimantan,Kutai Barat
-0.4677170618250252,116.23501723416265,1,6.150000095367432,2026-08-17,SNPP,East Kalimantan,Kutai Barat
-0.47108951404599947,116.22832815403335,1,6.150000095367432,2026-08-17,SNPP,East Kalimantan,Kutai Barat
-0.47108951404599947,116.23170072025032,1,6.150000095367432,2026-08-17,SNPP,East Kalimantan,Kutai Barat
-0.47108951404599947,116.2350732864673,1,11.75,2026-08-17,SNPP,East Kalimantan,Kutai Barat
-0.4744619662669736,116.23175717367315,1,11.75,2026-08-17,SNPP,East Kalimantan,Kutai Barat
-0.4744619662669736,116.23512974152818,1,11.75,2026-08-17,SNPP,East Kalimantan,Kutai Barat
-0.4744619662669736,116.23850230938322,1,11.75,2026-08-17,SNPP,East Kalimantan,Kutai Barat
-0.47783441848794783,116.23181402984149,1,11.75,2026-08-17,SNPP,East Kalimantan,Kutai Barat
-0.47783441848794783,116.23518659934626,1,11.75,2026-08-17,SNPP,East Kalimantan,Kutai Barat
-0.47783441848794783,116.23855916885101,1,11.75,2026-08-17,SNPP,East Kalimantan,Kutai Barat
-0.6464570295366565,116.15085369015287,1,0.8899999856948853,2026-08-17,SNPP,East Kalimantan,Kutai Barat
-0.6464570295366565,116.15422635704464,1,0.8899999856948853,2026-08-17,SNPP,East Kalimantan,Kutai Barat
-0.6498294817576308,116.15093103165873,1,0.7599999904632568,2026-08-17,SNPP,East Kalimantan,Kutai Barat
-0.6498294817576308,116.15430370079623,1,0.7599999904632568,2026-08-17,SNPP,East Kalimantan,Kutai Barat
-0.6498294817576308,116.15767636993372,1,0.7599999904632568,2026-08-17,SNPP,East Kalimantan,Kutai Barat
-0.6532019339786049,116.15100877567835,1,0.7599999904632568,2026-08-17,SNPP,East Kalimantan,Kutai Barat
-0.6532019339786049,116.15438144707329,1,0.7599999904632568,2026-08-17,SNPP,East Kalimantan,Kutai Barat
-0.6532019339786049,116.15775411846823,1,0.7599999904632568,2026-08-17,SNPP,East Kalimantan,Kutai Barat
-0.6565743861995791,116.1510869222131,1,0.7599999904632568,2026-08-17,SNPP,East Kalimantan,Kutai Barat
-0.6565743861995791,116.1544595958772,1,0.7599999904632568,2026-08-17,SNPP,East Kalimantan,Kutai Barat
-0.6565743861995791,116.15783226954127,1,0.7599999904632568,2026-08-17,SNPP,East Kalimantan,Kutai Barat
-0.8353143539112104,111.65647531221715,1,7.900000095367432,2026-08-17,SNPP,West Kalimantan,Melawi
-0.8353143539112104,111.65984812287188,1,7.900000095367432,2026-08-17,SNPP,West Kalimantan,Melawi
-0.8353143539112104,111.6632209335266,1,7.900000095367432,2026-08-17,SNPP,West Kalimantan,Melawi
-0.8386868061321846,111.65657132770569,1,7.900000095367432,2026-08-17,SNPP,West Kalimantan,Melawi
-0.8386868061321846,111.65994414126075,1,7.900000095367432,2026-08-17,SNPP,West Kalimantan,Melawi
-0.8386868061321846,111.66331695481581,1,7.900000095367432,2026-08-17,SNPP,West Kalimantan,Melawi
-0.8420592583531588,111.65666773019936,1,7.900000095367432,2026-08-17,SNPP,West Kalimantan,Melawi
-0.8420592583531588,111.66004054666645,1,7.900000095367432,2026-08-17,SNPP,West Kalimantan,Melawi
-0.8420592583531588,111.66341336313356,1,7.900000095367432,2026-08-17,SNPP,West Kalimantan,Melawi
-0.8420592583531588,111.79158038888339,1,16.3799991607666,2026-08-17,SNPP,West Kalimantan,Melawi
-0.8420592583531588,111.7949532053505,1,16.3799991607666,2026-08-17,SNPP,West Kalimantan,Melawi
-0.8420592583531588,111.7983260218176,1,16.3799991607666,2026-08-17,SNPP,West Kalimantan,Melawi
-0.8454317105741329,111.65676451969983,1,7.900000095367432,2026-08-17,SNPP,West Kalimantan,Melawi
-0.8454317105741329,111.66013733909065,1,7.900000095367432,2026-08-17,SNPP,West Kalimantan,Melawi
-0.8454317105741329,111.66351015848149,1,7.900000095367432,2026-08-17,SNPP,West Kalimantan,Melawi
-0.8454317105741329,111.79167729533282,1,16.3799991607666,2026-08-17,SNPP,West Kalimantan,Melawi
-0.8454317105741329,111.79505011472365,1,16.3799991607666,2026-08-17,SNPP,West Kalimantan,Melawi
-0.8454317105741329,111.79842293411447,1,16.3799991607666,2026-08-17,SNPP,West Kalimantan,Melawi
-0.8488041627951071,111.6568616962088,1,7.900000095367432,2026-08-17,SNPP,West Kalimantan,Melawi
-0.8488041627951071,111.66023451853503,1,7.900000095367432,2026-08-17,SNPP,West Kalimantan,Melawi
-0.8488041627951071,111.66360734086126,1,7.900000095367432,2026-08-17,SNPP,West Kalimantan,Melawi
-0.8488041627951071,111.79177458925832,1,16.3799991607666,2026-08-17,SNPP,West Kalimantan,Melawi
-0.8488041627951071,111.79514741158458,1,16.3799991607666,2026-08-17,SNPP,West Kalimantan,Melawi
-0.8488041627951071,111.7985202339108,1,16.3799991607666,2026-08-17,SNPP,West Kalimantan,Melawi
-0.9162532072145906,112.06025963607155,1,9.739999771118164,2026-08-17,SNPP,Central Kalimantan,Seruyan
-0.9162532072145906,112.06363251956112,1,9.739999771118164,2026-08-17,SNPP,Central Kalimantan,Seruyan
-0.9162532072145906,112.0670054030507,1,9.739999771118164,2026-08-17,SNPP,Central Kalimantan,Seruyan
-0.9196256594355648,112.06036531868793,1,9.739999771118164,2026-08-17,SNPP,Central Kalimantan,Seruyan
-0.9196256594355648,112.06373820535843,1,9.739999771118164,2026-08-17,SNPP,Central Kalimantan,Seruyan
-0.9196256594355648,112.06711109202894,1,9.739999771118164,2026-08-17,SNPP,Central Kalimantan,Seruyan
-0.9229981116565389,112.0604713897427,1,9.739999771118164,2026-08-17,SNPP,Central Kalimantan,Seruyan
-0.9229981116565389,112.06384427960582,1,9.739999771118164,2026-08-17,SNPP,Central Kalimantan,Seruyan
-0.9229981116565389,112.06721716946892,1,9.739999771118164,2026-08-17,SNPP,Central Kalimantan,Seruyan
-0.9263705638775132,112.06395074230508,1,9.739999771118164,2026-08-17,SNPP,Central Kalimantan,Seruyan
-0.9263705638775132,112.06732363537252,1,9.739999771118164,2026-08-17,SNPP,Central Kalimantan,Seruyan
-1.0815033660423252,111.48910284210926,1,4.360000133514404,2026-08-17,SNPP,West Kalimantan,Melawi
-1.0815033660423252,111.49247589521443,1,4.360000133514404,2026-08-17,SNPP,West Kalimantan,Melawi
-1.0815033660423252,111.49584894831959,1,4.360000133514404,2026-08-17,SNPP,West Kalimantan,Melawi
-1.0848758182632994,111.48922691857834,1,4.360000133514404,2026-08-17,SNPP,West Kalimantan,Melawi
-1.0848758182632994,111.4925999754374,1,4.360000133514404,2026-08-17,SNPP,West Kalimantan,Melawi
-1.0848758182632994,111.49597303229643,1,4.360000133514404,2026-08-17,SNPP,West Kalimantan,Melawi
-1.0882482704842735,111.48935138158403,1,4.360000133514404,2026-08-17,SNPP,West Kalimantan,Melawi
-1.0882482704842735,111.49272444220864,1,4.360000133514404,2026-08-17,SNPP,West Kalimantan,Melawi
-1.0882482704842735,111.49609750283325,1,4.360000133514404,2026-08-17,SNPP,West Kalimantan,Melawi
-0.3328189729860582,115.54174102243437,0,4.940000057220459,2026-08-17,SNPP,East Kalimantan,Kutai Barat
-0.3328189729860582,115.5451135315528,0,4.940000057220459,2026-08-17,SNPP,East Kalimantan,Kutai Barat
-0.3328189729860582,115.54848604067118,0,4.940000057220459,2026-08-17,SNPP,East Kalimantan,Kutai Barat
-0.3361914252070324,115.541780727629,0,4.940000057220459,2026-08-17,SNPP,East Kalimantan,Kutai Barat
-0.3361914252070324,115.54515323790639,0,4.940000057220459,2026-08-17,SNPP,East Kalimantan,Kutai Barat
-0.3361914252070324,115.54852574818372,0,4.940000057220459,2026-08-17,SNPP,East Kalimantan,Kutai Barat
-0.3395638774280066,115.54182083315104,0,4.940000057220459,2026-08-17,SNPP,East Kalimantan,Kutai Barat
-0.3395638774280066,115.54519334459904,0,4.940000057220459,2026-08-17,SNPP,East Kalimantan,Kutai Barat
-0.3395638774280066,115.54856585604702,0,4.940000057220459,2026-08-17,SNPP,East Kalimantan,Kutai Barat
-0.8420592583531588,112.33460384008667,1,12.460000038146973,2026-08-17,SNPP,Central Kalimantan,Katingan
-0.8420592583531588,112.33797665655376,1,12.460000038146973,2026-08-17,SNPP,Central Kalimantan,Katingan
-0.8454317105741329,112.33470121725557,1,12.460000038146973,2026-08-17,SNPP,Central Kalimantan,Katingan
-0.8454317105741329,112.33807403664639,1,12.460000038146973,2026-08-17,SNPP,Central Kalimantan,Katingan
-0.8488041627951071,112.33479898378272,1,12.460000038146973,2026-08-17,SNPP,Central Kalimantan,Katingan
-0.8488041627951071,112.33817180610895,1,12.460000038146973,2026-08-17,SNPP,Central Kalimantan,Katingan
-0.8859011372258231,112.41010293223741,1,10.800000190734863,2026-08-17,SNPP,Central Kalimantan,Katingan
-0.8859011372258231,112.41347578762479,1,10.800000190734863,2026-08-17,SNPP,Central Kalimantan,Katingan
-0.8892735894467972,112.41020543886309,1,8.140000343322754,2026-08-17,SNPP,Central Kalimantan,Katingan
-0.8892735894467972,112.41357829732617,1,8.140000343322754,2026-08-17,SNPP,Central Kalimantan,Katingan
-0.8926460416677714,112.41030833512679,1,8.140000343322754,2026-08-17,SNPP,Central Kalimantan,Katingan
-0.8926460416677714,112.41368119667725,1,8.140000343322754,2026-08-17,SNPP,Central Kalimantan,Katingan
-0.8960184938887457,112.41041162103025,1,8.140000343322754,2026-08-17,SNPP,Central Kalimantan,Katingan
-0.8960184938887457,112.41378448567981,1,8.140000343322754,2026-08-17,SNPP,Central Kalimantan,Katingan
-1.2231463593232406,112.60780976380127,1,7.139999866485596,2026-08-17,SNPP,Central Kalimantan,Kotawaringin Timur
-1.2231463593232406,112.61118298463904,1,7.139999866485596,2026-08-17,SNPP,Central Kalimantan,Kotawaringin Timur
-1.2265188115442147,112.60795147762644,1,7.139999866485596,2026-08-17,SNPP,Central Kalimantan,Kotawaringin Timur
-1.2265188115442147,112.61132470270934,1,7.139999866485596,2026-08-17,SNPP,Central Kalimantan,Kotawaringin Timur
-1.229891263765189,112.60809358194473,1,7.139999866485596,2026-08-17,SNPP,Central Kalimantan,Kotawaringin Timur
-1.229891263765189,112.61146681128442,1,7.139999866485596,2026-08-17,SNPP,Central Kalimantan,Kotawaringin Timur
-1.307457664847595,112.79025627827907,1,3.059999942779541,2026-08-17,SNPP,Central Kalimantan,Katingan
-1.307457664847595,112.79362960875389,1,3.059999942779541,2026-08-17,SNPP,Central Kalimantan,Katingan
-1.310830117068569,112.79040799567734,1,5.820000171661377,2026-08-17,SNPP,Central Kalimantan,Katingan
-1.310830117068569,112.79378133068971,1,5.820000171661377,2026-08-17,SNPP,Central Kalimantan,Katingan
-1.3142025692895434,112.79056010425238,1,5.820000171661377,2026-08-17,SNPP,Central Kalimantan,Katingan
-1.3142025692895434,112.79393344381401,1,5.820000171661377,2026-08-17,SNPP,Central Kalimantan,Katingan
-1.3175750215105175,112.79071260400684,1,5.820000171661377,2026-08-17,SNPP,Central Kalimantan,Katingan
-1.3175750215105175,112.79408594812945,1,5.820000171661377,2026-08-17,SNPP,Central Kalimantan,Katingan
-1.3512995437202593,112.66407028272779,1,45.560001373291016,2026-08-17,SNPP,Central Kalimantan,Kotawaringin Timur
-1.3512995437202593,112.66744367310349,1,45.560001373291016,2026-08-17,SNPP,Central Kalimantan,Kotawaringin Timur
-1.3546719959412334,112.66422690742472,1,45.560001373291016,2026-08-17,SNPP,Central Kalimantan,Kotawaringin Timur
-1.3546719959412334,112.66760030249007,1,45.560001373291016,2026-08-17,SNPP,Central Kalimantan,Kotawaringin Timur
-1.3580444481622076,112.6643839228886,1,45.560001373291016,2026-08-17,SNPP,Central Kalimantan,Kotawaringin Timur
-1.3580444481622076,112.66775732265533,1,45.560001373291016,2026-08-17,SNPP,Central Kalimantan,Kotawaringin Timur
-1.385024065930001,113.11094790398451,1,7.920000076293945,2026-08-17,SNPP,Central Kalimantan,Katingan
-1.385024065930001,113.11432134178334,1,7.920000076293945,2026-08-17,SNPP,Central Kalimantan,Katingan
-1.385024065930001,113.11769477958217,1,7.920000076293945,2026-08-17,SNPP,Central Kalimantan,Katingan
-1.385024065930001,113.121068217381,1,7.920000076293945,2026-08-17,SNPP,Central Kalimantan,Katingan
-1.3883965181509752,113.1111090709546,1,7.920000076293945,2026-08-17,SNPP,Central Kalimantan,Katingan
-1.3883965181509752,113.11448251356009,1,7.920000076293945,2026-08-17,SNPP,Central Kalimantan,Katingan
-1.3883965181509752,113.11785595616557,1,7.920000076293945,2026-08-17,SNPP,Central Kalimantan,Katingan
-1.3883965181509752,113.12122939877109,1,7.920000076293945,2026-08-17,SNPP,Central Kalimantan,Katingan
-1.3917689703719494,113.11127063026373,1,7.920000076293945,2026-08-17,SNPP,Central Kalimantan,Katingan
-1.3917689703719494,113.1146440776876,1,7.920000076293945,2026-08-17,SNPP,Central Kalimantan,Katingan
-1.3917689703719494,113.11801752511147,1,7.920000076293945,2026-08-17,SNPP,Central Kalimantan,Katingan
-1.3917689703719494,113.12139097253534,1,7.920000076293945,2026-08-17,SNPP,Central Kalimantan,Katingan
-1.422121040360717,112.77876667950801,1,1.7799999713897705,2026-08-17,SNPP,Central Kalimantan,Kotawaringin Timur
-1.422121040360717,112.78214017082375,1,1.7799999713897705,2026-08-17,SNPP,Central Kalimantan,Kotawaringin Timur
-1.422121040360717,112.78551366213951,1,1.7799999713897705,2026-08-17,SNPP,Central Kalimantan,Kotawaringin Timur
-1.4254934925816911,112.77893167375967,1,1.7799999713897705,2026-08-17,SNPP,Central Kalimantan,Kotawaringin Timur
-1.4254934925816911,112.78230517001082,1,1.7799999713897705,2026-08-17,SNPP,Central Kalimantan,Kotawaringin Timur
-1.4254934925816911,112.78567866626194,1,1.7799999713897705,2026-08-17,SNPP,Central Kalimantan,Kotawaringin Timur
-1.4288659448026653,112.77909705922308,1,1.7799999713897705,2026-08-17,SNPP,Central Kalimantan,Kotawaringin Timur
-1.4288659448026653,112.78247056042129,1,1.7799999713897705,2026-08-17,SNPP,Central Kalimantan,Kotawaringin Timur
-1.4288659448026653,112.78584406161951,1,1.7799999713897705,2026-08-17,SNPP,Central Kalimantan,Kotawaringin Timur
-1.4524731103494846,112.9253277663236,1,4.769999980926514,2026-08-17,SNPP,Central Kalimantan,Katingan
-1.4524731103494846,112.92870130247911,1,4.769999980926514,2026-08-17,SNPP,Central Kalimantan,Katingan
-1.4524731103494846,112.9320748386346,1,4.769999980926514,2026-08-17,SNPP,Central Kalimantan,Katingan
-1.4558455625704587,112.92549649833501,1,4.769999980926514,2026-08-17,SNPP,Central Kalimantan,Katingan
-1.4558455625704587,112.9288700395312,1,4.769999980926514,2026-08-17,SNPP,Central Kalimantan,Katingan
-1.4558455625704587,112.93224358072743,1,4.769999980926514,2026-08-17,SNPP,Central Kalimantan,Katingan
-1.4592180147914329,112.9256656220874,1,4.769999980926514,2026-08-17,SNPP,Central Kalimantan,Katingan
-1.4592180147914329,112.92903916833602,1,4.769999980926514,2026-08-17,SNPP,Central Kalimantan,Katingan
0.09211000685668788,116.76077030813143,1,5.630000114440918,2026-08-17,SNPP,East Kalimantan,Kutai Kartanegara
0.09211000685668788,116.76414276471036,1,5.630000114440918,2026-08-17,SNPP,East Kalimantan,Kutai Kartanegara
0.08873755463571371,116.76075946185935,1,5.630000114440918,2026-08-17,SNPP,East Kalimantan,Kutai Kartanegara
0.08873755463571371,116.764131918125,1,5.630000114440918,2026-08-17,SNPP,East Kalimantan,Kutai Kartanegara
0.08536510241473953,116.76074902011227,1,5.630000114440918,2026-08-17,SNPP,East Kalimantan,Kutai Kartanegara
0.08536510241473953,116.76412147607631,1,5.630000114440918,2026-08-17,SNPP,East Kalimantan,Kutai Kartanegara
0.08199265019376535,116.7674838942383,1,10.020000457763672,2026-08-17,SNPP,East Kalimantan,Kutai Kartanegara
0.08199265019376535,116.77085634991248,1,10.020000457763672,2026-08-17,SNPP,East Kalimantan,Kutai Kartanegara
0.08199265019376535,116.77422880558663,1,10.020000457763672,2026-08-17,SNPP,East Kalimantan,Kutai Kartanegara
0.07862019797279117,116.76747426098416,1,10.020000457763672,2026-08-17,SNPP,East Kalimantan,Kutai Kartanegara
0.07862019797279117,116.77084671638012,1,10.020000457763672,2026-08-17,SNPP,East Kalimantan,Kutai Kartanegara
0.07862019797279117,116.77421917177604,1,10.020000457763672,2026-08-17,SNPP,East Kalimantan,Kutai Kartanegara
0.075247745751817,116.76746503227787,1,10.020000457763672,2026-08-17,SNPP,East Kalimantan,Kutai Kartanegara
0.075247745751817,116.77083748740728,1,10.020000457763672,2026-08-17,SNPP,East Kalimantan,Kutai Kartanegara
0.075247745751817,116.77420994253663,1,10.020000457763672,2026-08-17,SNPP,East Kalimantan,Kutai Kartanegara
-0.05290543864520167,117.42841502753825,1,1.5299999713897705,2026-08-17,SNPP,East Kalimantan,Kutai Kartanegara
-0.05290543864520167,117.43178748119695,1,1.5299999713897705,2026-08-17,SNPP,East Kalimantan,Kutai Kartanegara
-0.05290543864520167,117.43515993485562,1,1.5299999713897705,2026-08-17,SNPP,East Kalimantan,Kutai Kartanegara
-0.05627789086617584,117.42842161321215,1,1.5299999713897705,2026-08-17,SNPP,East Kalimantan,Kutai Kartanegara
-0.05627789086617584,117.43179406705998,1,1.5299999713897705,2026-08-17,SNPP,East Kalimantan,Kutai Kartanegara
-0.05627789086617584,117.43516652090779,1,1.5299999713897705,2026-08-17,SNPP,East Kalimantan,Kutai Kartanegara
-0.05965034308715002,117.42842860572298,1,1.5299999713897705,2026-08-17,SNPP,East Kalimantan,Kutai Kartanegara
-0.05965034308715002,117.43180105977164,1,1.5299999713897705,2026-08-17,SNPP,East Kalimantan,Kutai Kartanegara
-0.05965034308715002,117.43517351382029,1,1.5299999713897705,2026-08-17,SNPP,East Kalimantan,Kutai Kartanegara
-0.1034922219598143,117.23295398268546,1,16.010000228881836,2026-08-17,SNPP,East Kalimantan,Kutai Kartanegara
-0.1034922219598143,117.236326440408,1,16.010000228881836,2026-08-17,SNPP,East Kalimantan,Kutai Kartanegara
-0.10686467418078847,117.23296664979479,1,16.010000228881836,2026-08-17,SNPP,East Kalimantan,Kutai Kartanegara
-0.10686467418078847,117.23633910788173,1,16.010000228881836,2026-08-17,SNPP,East Kalimantan,Kutai Kartanegara
-0.11023712640176266,117.23297972306597,1,16.010000228881836,2026-08-17,SNPP,East Kalimantan,Kutai Kartanegara
-0.11023712640176266,117.236352181529,1,16.010000228881836,2026-08-17,SNPP,East Kalimantan,Kutai Kartanegara
-0.18780352748416868,116.68705231487294,1,1.1699999570846558,2026-08-17,SNPP,East Kalimantan,Kutai Kartanegara
-0.18780352748416868,116.69042478521065,1,1.1699999570846558,2026-08-17,SNPP,East Kalimantan,Kutai Kartanegara
-0.18780352748416868,116.69379725554835,1,1.1699999570846558,2026-08-17,SNPP,East Kalimantan,Kutai Kartanegara
-0.19117597970514286,116.68707502975923,1,1.1699999570846558,2026-08-17,SNPP,East Kalimantan,Kutai Kartanegara
-0.19117597970514286,116.69044750075344,1,1.1699999570846558,2026-08-17,SNPP,East Kalimantan,Kutai Kartanegara
-0.19117597970514286,116.69381997174764,1,1.1699999570846558,2026-08-17,SNPP,East Kalimantan,Kutai Kartanegara
-0.19454843192611704,116.68709814892225,1,8.359999656677246,2026-08-17,SNPP,East Kalimantan,Kutai Kartanegara
-0.19454843192611704,116.6904706205846,1,8.359999656677246,2026-08-17,SNPP,East Kalimantan,Kutai Kartanegara
-0.19454843192611704,116.69384309224702,1,8.359999656677246,2026-08-17,SNPP,East Kalimantan,Kutai Kartanegara
-0.19792088414709122,116.68712167236242,1,8.359999656677246,2026-08-17,SNPP,East Kalimantan,Kutai Kartanegara
-0.19792088414709122,116.69049414470467,1,8.359999656677246,2026-08-17,SNPP,East Kalimantan,Kutai Kartanegara
-0.19792088414709122,116.69386661704696,1,8.359999656677246,2026-08-17,SNPP,East Kalimantan,Kutai Kartanegara
-0.19792088414709122,116.6972390893892,1,6.730000019073486,2026-08-17,SNPP,East Kalimantan,Kutai Kartanegara
-0.2012933363680654,116.68714560008014,1,8.359999656677246,2026-08-17,SNPP,East Kalimantan,Kutai Kartanegara
-0.2012933363680654,116.69051807311396,1,8.359999656677246,2026-08-17,SNPP,East Kalimantan,Kutai Kartanegara
-0.2012933363680654,116.69389054614781,1,6.730000019073486,2026-08-17,SNPP,East Kalimantan,Kutai Kartanegara
-0.2012933363680654,116.6972630191816,1,6.730000019073486,2026-08-17,SNPP,East Kalimantan,Kutai Kartanegara
-0.24513521524072968,117.39234241511772,1,3.7699999809265137,2026-08-17,SNPP,East Kalimantan,Kutai Kartanegara
-0.24513521524072968,117.39571489820503,1,3.7699999809265137,2026-08-17,SNPP,East Kalimantan,Kutai Kartanegara
-0.24513521524072968,117.39908738129238,1,3.7699999809265137,2026-08-17,SNPP,East Kalimantan,Kutai Kartanegara
-0.24850766746170388,117.39237218149178,1,3.7699999809265137,2026-08-17,SNPP,East Kalimantan,Kutai Kartanegara
-0.24850766746170388,117.39574466543422,1,3.7699999809265137,2026-08-17,SNPP,East Kalimantan,Kutai Kartanegara
-0.24850766746170388,117.3991171493767,1,3.7699999809265137,2026-08-17,SNPP,East Kalimantan,Kutai Kartanegara
-0.25188011968267804,117.39240235459243,1,3.7699999809265137,2026-08-17,SNPP,East Kalimantan,Kutai Kartanegara
-0.25188011968267804,117.3957748394017,1,3.7699999809265137,2026-08-17,SNPP,East Kalimantan,Kutai Kartanegara
-0.25188011968267804,117.399147324211,1,3.7699999809265137,2026-08-17,SNPP,East Kalimantan,Kutai Kartanegara
-0.6666917428625015,117.28454443890874,1,16.3799991607666,2026-08-17,SNPP,East Kalimantan,Kutai Kartanegara
-0.6666917428625015,117.28791711945037,1,16.3799991607666,2026-08-17,SNPP,East Kalimantan,Kutai Kartanegara
-0.6666917428625015,117.29128979999199,1,16.3799991607666,2026-08-17,SNPP,East Kalimantan,Kutai Kartanegara
-0.6700641950834758,117.28125229079885,1,16.3799991607666,2026-08-17,SNPP,East Kalimantan,Kutai Kartanegara
-0.6700641950834758,117.28462497365635,1,16.3799991607666,2026-08-17,SNPP,East Kalimantan,Kutai Kartanegara
-0.6700641950834758,117.2879976565139,1,16.3799991607666,2026-08-17,SNPP,East Kalimantan,Kutai Kartanegara
-0.6700641950834758,117.29137033937137,1,16.3799991607666,2026-08-17,SNPP,East Kalimantan,Kutai Kartanegara
-0.6734366473044501,117.28133322966802,1,16.3799991607666,2026-08-17,SNPP,East Kalimantan,Kutai Kartanegara
-0.6734366473044501,117.2847059148531,1,16.3799991607666,2026-08-17,SNPP,East Kalimantan,Kutai Kartanegara
-0.6734366473044501,117.28807860003822,1,16.3799991607666,2026-08-17,SNPP,East Kalimantan,Kutai Kartanegara
-0.6734366473044501,117.29145128522329,1,16.3799991607666,2026-08-17,SNPP,East Kalimantan,Kutai Kartanegara
-0.6768090995254242,117.28141457497607,1,16.3799991607666,2026-08-17,SNPP,East Kalimantan,Kutai Kartanegara
-0.6768090995254242,117.28478726250042,1,16.3799991607666,2026-08-17,SNPP,East Kalimantan,Kutai Kartanegara
-0.6768090995254242,117.28815995002479,1,16.3799991607666,2026-08-17,SNPP,East Kalimantan,Kutai Kartanegara
-0.6768090995254242,117.29153263754911,1,16.3799991607666,2026-08-17,SNPP,East Kalimantan,Kutai Kartanegara
-0.6801815517463984,117.28149632672438,1,3.950000047683716,2026-08-17,SNPP,East Kalimantan,Kutai Kartanegara
-0.6801815517463984,117.2848690165997,1,3.950000047683716,2026-08-17,SNPP,East Kalimantan,Kutai Kartanegara
-0.6801815517463984,117.288241706475,1,3.950000047683716,2026-08-17,SNPP,East Kalimantan,Kutai Kartanegara
-0.6801815517463984,117.2916143963503,1,3.950000047683716,2026-08-17,SNPP,East Kalimantan,Kutai Kartanegara
-0.6902989084093208,117.2547624446388,1,5.079999923706055,2026-08-17,SNPP,East Kalimantan,Kutai Kartanegara
-0.6902989084093208,117.25813514163708,1,5.079999923706055,2026-08-17,SNPP,East Kalimantan,Kutai Kartanegara
-0.6902989084093208,117.2615078386354,1,5.079999923706055,2026-08-17,SNPP,East Kalimantan,Kutai Kartanegara
-0.693671360630295,117.25484580298081,1,5.139999866485596,2026-08-17,SNPP,East Kalimantan,Kutai Kartanegara
-0.693671360630295,117.25821850237682,1,5.139999866485596,2026-08-17,SNPP,East Kalimantan,Kutai Kartanegara
-0.693671360630295,117.26159120177283,1,5.079999923706055,2026-08-17,SNPP,East Kalimantan,Kutai Kartanegara
-0.6970438128512692,117.25492956767673,1,5.139999866485596,2026-08-17,SNPP,East Kalimantan,Kutai Kartanegara
-0.6970438128512692,117.25830226948213,1,5.139999866485596,2026-08-17,SNPP,East Kalimantan,Kutai Kartanegara
-0.7273958828400369,117.05671101916862,1,1.2300000190734863,2026-08-17,SNPP,East Kalimantan,Kutai Kartanegara
-0.7273958828400369,117.06008374318453,1,1.2300000190734863,2026-08-17,SNPP,East Kalimantan,Kutai Kartanegara
-0.7273958828400369,117.06345646720045,1,1.2300000190734863,2026-08-17,SNPP,East Kalimantan,Kutai Kartanegara
-0.730768335061011,117.05679869843424,1,1.2300000190734863,2026-08-17,SNPP,East Kalimantan,Kutai Kartanegara
-0.730768335061011,117.06017142497645,1,1.2300000190734863,2026-08-17,SNPP,East Kalimantan,Kutai Kartanegara
-0.730768335061011,117.06354415151866,1,1.2300000190734863,2026-08-17,SNPP,East Kalimantan,Kutai Kartanegara
-0.7341407872819852,117.05688678338052,1,1.2300000190734863,2026-08-17,SNPP,East Kalimantan,Kutai Kartanegara
-0.7341407872819852,117.06025951246069,1,1.2300000190734863,2026-08-17,SNPP,East Kalimantan,Kutai Kartanegara
-0.7341407872819852,117.06363224154087,1,1.2300000190734863,2026-08-17,SNPP,East Kalimantan,Kutai Kartanegara
-0.7375132395029593,117.03673888422995,1,0.9599999785423279,2026-08-17,SNPP,East Kalimantan,Kutai Kartanegara
-0.7375132395029593,117.04011161585979,1,0.9599999785423279,2026-08-17,SNPP,East Kalimantan,Kutai Kartanegara
-0.7375132395029593,117.0434843474896,1,0.9599999785423279,2026-08-17,SNPP,East Kalimantan,Kutai Kartanegara
-0.7375132395029593,117.05697527400895,1,1.2300000190734863,2026-08-17,SNPP,East Kalimantan,Kutai Kartanegara
-0.7375132395029593,117.06034800563876,1,1.2300000190734863,2026-08-17,SNPP,East Kalimantan,Kutai Kartanegara
-0.7375132395029593,117.0637207372686,1,1.2300000190734863,2026-08-17,SNPP,East Kalimantan,Kutai Kartanegara
-0.7408856917239335,117.036827765174,1,0.9599999785423279,2026-08-17,SNPP,East Kalimantan,Kutai Kartanegara
-0.7408856917239335,117.04020049936517,1,0.9599999785423279,2026-08-17,SNPP,East Kalimantan,Kutai Kartanegara
-0.7408856917239335,117.04357323355636,1,0.9599999785423279,2026-08-17,SNPP,East Kalimantan,Kutai Kartanegara
-0.7442581439449076,117.03691705173314,1,0.9599999785423279,2026-08-17,SNPP,East Kalimantan,Kutai Kartanegara
-0.7442581439449076,117.04028978849736,1,0.9599999785423279,2026-08-17,SNPP,East Kalimantan,Kutai Kartanegara
-0.7442581439449076,117.04366252526155,1,0.9599999785423279,2026-08-17,SNPP,East Kalimantan,Kutai Kartanegara
-0.8993909461097197,111.28397746462623,1,5.920000076293945,2026-08-17,SNPP,West Kalimantan,Melawi
-0.8993909461097197,111.28735033238655,1,5.920000076293945,2026-08-17,SNPP,West Kalimantan,Melawi
-0.8993909461097197,111.29072320014689,1,5.920000076293945,2026-08-17,SNPP,West Kalimantan,Melawi
-0.902763398330694,111.2840804869107,1,5.920000076293945,2026-08-17,SNPP,West Kalimantan,Melawi
-0.902763398330694,111.28745335779348,1,5.920000076293945,2026-08-17,SNPP,West Kalimantan,Melawi
-0.902763398330694,111.29082622867628,1,5.920000076293945,2026-08-17,SNPP,West Kalimantan,Melawi
-0.9095083027726423,111.27754193437666,1,13.130000114440918,2026-08-17,SNPP,West Kalimantan,Melawi
-0.9095083027726423,111.28091481153946,1,13.130000114440918,2026-08-17,SNPP,West Kalimantan,Melawi
-0.9095083027726423,111.28428768870228,1,13.130000114440918,2026-08-17,SNPP,West Kalimantan,Melawi
-0.9128807549936165,111.27764610757231,1,9.5,2026-08-17,SNPP,West Kalimantan,Melawi
-0.9128807549936165,111.28101898789265,1,9.5,2026-08-17,SNPP,West Kalimantan,Melawi
-0.9128807549936165,111.28439186821299,1,9.5,2026-08-17,SNPP,West Kalimantan,Melawi
-0.9162532072145906,111.27775066649023,1,9.5,2026-08-17,SNPP,West Kalimantan,Melawi
-0.9162532072145906,111.28112354997982,1,9.5,2026-08-17,SNPP,West Kalimantan,Melawi
-0.9162532072145906,111.28449643346939,1,9.5,2026-08-17,SNPP,West Kalimantan,Melawi
-0.9196256594355648,111.27785561113228,1,9.5,2026-08-17,SNPP,West Kalimantan,Melawi
-0.9196256594355648,111.2812284978028,1,9.5,2026-08-17,SNPP,West Kalimantan,Melawi
-0.9196256594355648,111.2846013844733,1,9.5,2026-08-17,SNPP,West Kalimantan,Melawi
-0.9466052772033582,110.71543266057874,1,0.8500000238418579,2026-08-17,SNPP,West Kalimantan,Ketapang
-0.9466052772033582,110.71880557311752,1,0.8500000238418579,2026-08-17,SNPP,West Kalimantan,Ketapang
-0.9466052772033582,110.7221784856563,1,0.8500000238418579,2026-08-17,SNPP,West Kalimantan,Ketapang
-0.9499777294243325,110.71554052803346,1,0.8500000238418579,2026-08-17,SNPP,West Kalimantan,Ketapang
-0.9499777294243325,110.71891344385838,1,0.8500000238418579,2026-08-17,SNPP,West Kalimantan,Ketapang
-0.9499777294243325,110.72228635968334,1,0.8500000238418579,2026-08-17,SNPP,West Kalimantan,Ketapang
-0.9533501816453065,110.71564877927823,1,0.8500000238418579,2026-08-17,SNPP,West Kalimantan,Ketapang
-0.9533501816453065,110.719021698401,1,0.8500000238418579,2026-08-17,SNPP,West Kalimantan,Ketapang
-0.9533501816453065,110.72239461752378,1,0.8500000238418579,2026-08-17,SNPP,West Kalimantan,Ketapang
-1.0646411049374545,110.57776893971818,1,3.4000000953674316,2026-08-17,SNPP,West Kalimantan,Ketapang
-1.0646411049374545,110.58114197422938,1,3.4000000953674316,2026-08-17,SNPP,West Kalimantan,Ketapang
-1.0680135571584286,110.57789008577654,1,7.730000019073486,2026-08-17,SNPP,West Kalimantan,Ketapang
-1.0680135571584286,110.58126312398315,1,7.730000019073486,2026-08-17,SNPP,West Kalimantan,Ketapang
-1.0680135571584286,110.58463616218974,1,7.730000019073486,2026-08-17,SNPP,West Kalimantan,Ketapang
-1.0713860093794028,110.57801161520342,1,7.730000019073486,2026-08-17,SNPP,West Kalimantan,Ketapang
-1.0713860093794028,110.58138465711711,1,7.730000019073486,2026-08-17,SNPP,West Kalimantan,Ketapang
-1.0713860093794028,110.5847576990308,1,7.730000019073486,2026-08-17,SNPP,West Kalimantan,Ketapang
-1.074758461600377,110.57813352800088,1,7.730000019073486,2026-08-17,SNPP,West Kalimantan,Ketapang
-1.074758461600377,110.58150657363339,1,7.730000019073486,2026-08-17,SNPP,West Kalimantan,Ketapang
-1.074758461600377,110.58487961926586,1,7.730000019073486,2026-08-17,SNPP,West Kalimantan,Ketapang
-1.1186003404730411,111.36905752166315,1,5.710000038146973,2026-08-17,SNPP,West Kalimantan,Melawi
-1.1186003404730411,111.37243061670418,1,5.710000038146973,2026-08-17,SNPP,West Kalimantan,Melawi
-1.1186003404730411,111.37580371174522,1,5.710000038146973,2026-08-17,SNPP,West Kalimantan,Melawi
-1.1219727926940155,111.36918571038379,1,5.710000038146973,2026-08-17,SNPP,West Kalimantan,Melawi
-1.1219727926940155,111.37255880930735,1,5.710000038146973,2026-08-17,SNPP,West Kalimantan,Melawi
-1.1219727926940155,111.3759319082309,1,5.710000038146973,2026-08-17,SNPP,West Kalimantan,Melawi
-1.1253452449149894,111.36931428524409,1,5.710000038146973,2026-08-17,SNPP,West Kalimantan,Melawi
-1.1253452449149894,111.37268738806188,1,5.710000038146973,2026-08-17,SNPP,West Kalimantan,Melawi
-1.1253452449149894,111.37606049087964,1,5.710000038146973,2026-08-17,SNPP,West Kalimantan,Melawi
-1.1287176971359638,110.59362869980025,1,4.25,2026-08-17,SNPP,West Kalimantan,Ketapang
-1.1287176971359638,110.59700180652392,1,4.25,2026-08-17,SNPP,West Kalimantan,Ketapang
-1.1287176971359638,110.6003749132476,1,4.25,2026-08-17,SNPP,West Kalimantan,Ketapang
-1.1320901493569377,110.59375714589694,1,4.25,2026-08-17,SNPP,West Kalimantan,Ketapang
-1.1320901493569377,110.59713025653822,1,4.25,2026-08-17,SNPP,West Kalimantan,Ketapang
-1.1320901493569377,110.60050336717951,1,4.25,2026-08-17,SNPP,West Kalimantan,Ketapang
-1.1354626015779121,110.59388597545004,1,4.25,2026-08-17,SNPP,West Kalimantan,Ketapang
-1.1354626015779121,110.59725909002063,1,4.25,2026-08-17,SNPP,West Kalimantan,Ketapang
-1.1354626015779121,110.60063220459122,1,4.25,2026-08-17,SNPP,West Kalimantan,Ketapang
-1.172559576008628,110.74374738615423,1,4.739999771118164,2026-08-17,SNPP,West Kalimantan,Ketapang
-1.172559576008628,110.74712054471907,1,4.739999771118164,2026-08-17,SNPP,West Kalimantan,Ketapang
-1.172559576008628,110.7504937032839,1,4.739999771118164,2026-08-17,SNPP,West Kalimantan,Ketapang
-1.1759320282296022,110.74388099642522,1,4.739999771118164,2026-08-17,SNPP,West Kalimantan,Ketapang
-1.1759320282296022,110.7472541590597,1,4.739999771118164,2026-08-17,SNPP,West Kalimantan,Ketapang
-1.1759320282296022,110.75062732169418,1,4.739999771118164,2026-08-17,SNPP,West Kalimantan,Ketapang
-1.1759320282296022,111.42525984859166,1,9.020000457763672,2026-08-17,SNPP,West Kalimantan,Melawi
-1.1759320282296022,111.42863301122617,1,9.020000457763672,2026-08-17,SNPP,West Kalimantan,Melawi
-1.1759320282296022,111.43200617386066,1,9.020000457763672,2026-08-17,SNPP,West Kalimantan,Melawi
-1.1793044804505763,110.74401499069681,1,4.739999771118164,2026-08-17,SNPP,West Kalimantan,Ketapang
-1.1793044804505763,110.74738815741264,1,4.739999771118164,2026-08-17,SNPP,West Kalimantan,Ketapang
-1.1793044804505763,110.75076132412848,1,4.739999771118164,2026-08-17,SNPP,West Kalimantan,Ketapang
-1.1793044804505763,111.42539466729583,1,9.020000457763672,2026-08-17,SNPP,West Kalimantan,Melawi
-1.1793044804505763,111.42876783401168,1,9.020000457763672,2026-08-17,SNPP,West Kalimantan,Melawi
-1.1793044804505763,111.43214100072751,1,9.020000457763672,2026-08-17,SNPP,West Kalimantan,Melawi
-1.1826769326715505,111.42552987236562,1,9.020000457763672,2026-08-17,SNPP,West Kalimantan,Melawi
-1.1826769326715505,111.4289030431745,1,9.020000457763672,2026-08-17,SNPP,West Kalimantan,Melawi
-1.1826769326715505,111.43227621398339,1,9.020000457763672,2026-08-17,SNPP,West Kalimantan,Melawi
-1.2534984293120082,110.71332742694806,1,4.130000114440918,2026-08-17,SNPP,West Kalimantan,Ketapang
-1.2534984293120082,110.71670068641288,1,4.130000114440918,2026-08-17,SNPP,West Kalimantan,Ketapang
-1.2534984293120082,110.72007394587773,1,4.130000114440918,2026-08-17,SNPP,West Kalimantan,Ketapang
-1.2534984293120082,110.72344720534257,1,4.130000114440918,2026-08-17,SNPP,West Kalimantan,Ketapang
-1.2568708815329823,110.71347021038419,1,4.130000114440918,2026-08-17,SNPP,West Kalimantan,Ketapang
-1.2568708815329823,110.71684347419941,1,4.130000114440918,2026-08-17,SNPP,West Kalimantan,Ketapang
-1.2568708815329823,110.72021673801463,1,4.130000114440918,2026-08-17,SNPP,West Kalimantan,Ketapang
-1.2568708815329823,110.72359000182985,1,4.130000114440918,2026-08-17,SNPP,West Kalimantan,Ketapang
-1.2602433337539565,110.71698664593883,1,4.130000114440918,2026-08-17,SNPP,West Kalimantan,Ketapang
-1.2602433337539565,110.72035991411614,1,4.130000114440918,2026-08-17,SNPP,West Kalimantan,Ketapang
-1.2602433337539565,110.72373318229346,1,4.130000114440918,2026-08-17,SNPP,West Kalimantan,Ketapang
-1.2636157859749306,110.71713020163365,1,4.130000114440918,2026-08-17,SNPP,West Kalimantan,Ketapang
-1.2636157859749306,110.72050347418472,1,4.130000114440918,2026-08-17,SNPP,West Kalimantan,Ketapang
-1.2636157859749306,110.72387674673581,1,4.130000114440918,2026-08-17,SNPP,West Kalimantan,Ketapang
-1.4828251803382522,110.63957189986986,1,9.3100004196167,2026-08-17,SNPP,West Kalimantan,Ketapang
-1.4828251803382522,110.64294548181304,1,9.3100004196167,2026-08-17,SNPP,West Kalimantan,Ketapang
-1.4828251803382522,110.64631906375622,1,9.3100004196167,2026-08-17,SNPP,West Kalimantan,Ketapang
-1.4861976325592263,110.63636708155433,1,8.380000114440918,2026-08-17,SNPP,West Kalimantan,Ketapang
-1.4861976325592263,110.63974066864354,1,8.380000114440918,2026-08-17,SNPP,West Kalimantan,Ketapang
-1.4861976325592263,110.64311425573277,1,8.380000114440918,2026-08-17,SNPP,West Kalimantan,Ketapang
-1.4861976325592263,110.64648784282198,1,9.3100004196167,2026-08-17,SNPP,West Kalimantan,Ketapang
-1.4895700847802005,110.63653622900279,1,8.380000114440918,2026-08-17,SNPP,West Kalimantan,Ketapang
-1.4895700847802005,110.63990982124974,2,12.819999694824219,2026-08-17,SNPP,West Kalimantan,Ketapang
-1.4895700847802005,110.6432834134967,2,12.819999694824219,2026-08-17,SNPP,West Kalimantan,Ketapang
-1.4895700847802005,110.64665700574368,2,12.819999694824219,2026-08-17,SNPP,West Kalimantan,Ketapang
-1.4895700847802005,110.65003059799065,1,6.989999771118164,2026-08-17,SNPP,West Kalimantan,Ketapang
-1.4929425370011746,110.636705760275,1,8.380000114440918,2026-08-17,SNPP,West Kalimantan,Ketapang
-1.4929425370011746,110.6400793576914,2,12.819999694824219,2026-08-17,SNPP,West Kalimantan,Ketapang
-1.4929425370011746,110.64345295510782,2,12.819999694824219,2026-08-17,SNPP,West Kalimantan,Ketapang
-1.4929425370011746,110.64682655252422,2,12.819999694824219,2026-08-17,SNPP,West Kalimantan,Ketapang
-1.4929425370011746,110.65020014994063,1,6.989999771118164,2026-08-17,SNPP,West Kalimantan,Ketapang
-1.496314989222149,110.63687567537394,1,4.71999979019165,2026-08-17,SNPP,West Kalimantan,Ketapang
-1.496314989222149,110.64024927797149,2,12.819999694824219,2026-08-17,SNPP,West Kalimantan,Ketapang
-1.496314989222149,110.64362288056904,2,12.819999694824219,2026-08-17,SNPP,West Kalimantan,Ketapang
-1.496314989222149,110.64699648316659,2,12.819999694824219,2026-08-17,SNPP,West Kalimantan,Ketapang
-1.496314989222149,110.65037008576417,1,6.989999771118164,2026-08-17,SNPP,West Kalimantan,Ketapang
-1.557019129199684,110.81205837575453,1,0.9700000286102295,2026-08-17,SNPP,West Kalimantan,Ketapang
-1.557019129199684,110.81543207361422,1,0.9700000286102295,2026-08-17,SNPP,West Kalimantan,Ketapang
-1.557019129199684,110.81880577147389,1,0.9700000286102295,2026-08-17,SNPP,West Kalimantan,Ketapang
-1.557019129199684,110.82217946933356,1,0.9800000190734863,2026-08-17,SNPP,West Kalimantan,Ketapang
-1.5603915814206581,110.81223585970854,1,0.9700000286102295,2026-08-17,SNPP,West Kalimantan,Ketapang
-1.5603915814206581,110.81560956297174,1,0.9700000286102295,2026-08-17,SNPP,West Kalimantan,Ketapang
-1.5603915814206581,110.81898326623497,1,0.9700000286102295,2026-08-17,SNPP,West Kalimantan,Ketapang
-1.5603915814206581,110.82235696949819,1,0.9800000190734863,2026-08-17,SNPP,West Kalimantan,Ketapang
-1.5637640336416323,110.8124137281464,1,0.9700000286102295,2026-08-17,SNPP,West Kalimantan,Ketapang
-1.5637640336416323,110.81578743682486,1,0.9700000286102295,2026-08-17,SNPP,West Kalimantan,Ketapang
-1.5637640336416323,110.81916114550332,1,0.9700000286102295,2026-08-17,SNPP,West Kalimantan,Ketapang
-1.5637640336416323,110.82253485418178,1,0.9800000190734863,2026-08-17,SNPP,West Kalimantan,Ketapang
-1.5705089380835806,110.78915458167762,1,0.6000000238418579,2026-08-17,SNPP,West Kalimantan,Ketapang
-1.5705089380835806,110.7925283012217,1,0.6000000238418579,2026-08-17,SNPP,West Kalimantan,Ketapang
-1.5705089380835806,110.79590202076577,1,0.6000000238418579,2026-08-17,SNPP,West Kalimantan,Ketapang
-1.573881390304555,110.78933356543311,1,0.6000000238418579,2026-08-17,SNPP,West Kalimantan,Ketapang
-1.573881390304555,110.79270729042754,1,0.6000000238418579,2026-08-17,SNPP,West Kalimantan,Ketapang
-1.573881390304555,110.79608101542198,1,0.6000000238418579,2026-08-17,SNPP,West Kalimantan,Ketapang
-0.9331154683194616,114.75911154244348,1,2.130000114440918,2026-08-17,SNPP,Central Kalimantan,Barito Utara
-0.9331154683194616,114.7624844419546,1,2.130000114440918,2026-08-17,SNPP,Central Kalimantan,Barito Utara
-0.9331154683194616,114.76585734146569,1,2.130000114440918,2026-08-17,SNPP,Central Kalimantan,Barito Utara
-0.9364879205404356,114.75922175877588,1,2.130000114440918,2026-08-17,SNPP,Central Kalimantan,Barito Utara
-0.9364879205404356,114.76259466152638,1,2.130000114440918,2026-08-17,SNPP,Central Kalimantan,Barito Utara
-0.9364879205404356,114.76596756427685,1,2.130000114440918,2026-08-17,SNPP,Central Kalimantan,Barito Utara
-0.9398603727614099,114.75933237290934,1,2.130000114440918,2026-08-17,SNPP,Central Kalimantan,Barito Utara
-0.9398603727614099,114.76270527891093,1,2.130000114440918,2026-08-17,SNPP,Central Kalimantan,Barito Utara
-0.9398603727614099,114.76607818491246,1,2.130000114440918,2026-08-17,SNPP,Central Kalimantan,Barito Utara
-1.078130913821351,114.05586971739957,1,4.039999961853027,2026-08-17,SNPP,Central Kalimantan,Kapuas
-1.078130913821351,114.05924276676255,1,4.039999961853027,2026-08-17,SNPP,Central Kalimantan,Kapuas
-1.078130913821351,114.06261581612553,1,4.039999961853027,2026-08-17,SNPP,Central Kalimantan,Kapuas
-1.0815033660423252,114.0559962551361,1,4.039999961853027,2026-08-17,SNPP,Central Kalimantan,Kapuas
-1.0815033660423252,114.05936930824126,1,4.039999961853027,2026-08-17,SNPP,Central Kalimantan,Kapuas
-1.0815033660423252,114.06274236134641,1,4.039999961853027,2026-08-17,SNPP,Central Kalimantan,Kapuas
-1.0848758182632994,114.05612318830654,1,4.039999961853027,2026-08-17,SNPP,Central Kalimantan,Kapuas
-1.0848758182632994,114.05949624516558,1,4.039999961853027,2026-08-17,SNPP,Central Kalimantan,Kapuas
-1.0848758182632994,114.06286930202461,1,4.039999961853027,2026-08-17,SNPP,Central Kalimantan,Kapuas
-1.1084829838101184,114.1480960463528,1,14.100000381469727,2026-08-17,SNPP,Central Kalimantan,Kapuas
-1.1084829838101184,114.15146912981643,1,14.100000381469727,2026-08-17,SNPP,Central Kalimantan,Kapuas
-1.1084829838101184,114.15484221328008,1,14.100000381469727,2026-08-17,SNPP,Central Kalimantan,Kapuas
-1.1118554360310928,114.14822624695503,1,14.100000381469727,2026-08-17,SNPP,Central Kalimantan,Kapuas
-1.1118554360310928,114.15159933426611,1,14.100000381469727,2026-08-17,SNPP,Central Kalimantan,Kapuas
-1.1118554360310928,114.15497242157718,1,14.100000381469727,2026-08-17,SNPP,Central Kalimantan,Kapuas
-1.115227888252067,114.148356843327,1,14.100000381469727,2026-08-17,SNPP,Central Kalimantan,Kapuas
-1.115227888252067,114.1517299344972,1,14.100000381469727,2026-08-17,SNPP,Central Kalimantan,Kapuas
-1.115227888252067,114.1551030256674,1,14.100000381469727,2026-08-17,SNPP,Central Kalimantan,Kapuas
-1.1489524104618087,114.0484906627398,1,10.710000038146973,2026-08-17,SNPP,Central Kalimantan,Kapuas
-1.1489524104618087,114.05186379314455,1,10.710000038146973,2026-08-17,SNPP,Central Kalimantan,Kapuas
-1.1489524104618087,114.0552369235493,1,10.710000038146973,2026-08-17,SNPP,Central Kalimantan,Kapuas
-1.1489524104618087,114.05861005395406,1,10.710000038146973,2026-08-17,SNPP,Central Kalimantan,Kapuas
-1.1489524104618087,114.06198318435881,1,10.710000038146973,2026-08-17,SNPP,Central Kalimantan,Kapuas
-1.152324862682783,114.04862549309611,1,10.710000038146973,2026-08-17,SNPP,Central Kalimantan,Kapuas
-1.152324862682783,114.05199862748864,1,10.710000038146973,2026-08-17,SNPP,Central Kalimantan,Kapuas
-1.152324862682783,114.05537176188119,1,10.710000038146973,2026-08-17,SNPP,Central Kalimantan,Kapuas
-1.152324862682783,114.05874489627372,1,10.710000038146973,2026-08-17,SNPP,Central Kalimantan,Kapuas
-1.152324862682783,114.06211803066626,1,10.710000038146973,2026-08-17,SNPP,Central Kalimantan,Kapuas
-1.155697314903757,114.0487607188989,1,10.710000038146973,2026-08-17,SNPP,Central Kalimantan,Kapuas
-1.155697314903757,114.05213385729091,1,10.710000038146973,2026-08-17,SNPP,Central Kalimantan,Kapuas
-1.155697314903757,114.05550699568293,1,10.710000038146973,2026-08-17,SNPP,Central Kalimantan,Kapuas
-1.155697314903757,114.05888013407495,1,10.710000038146973,2026-08-17,SNPP,Central Kalimantan,Kapuas
-1.155697314903757,114.06225327246696,1,10.710000038146973,2026-08-17,SNPP,Central Kalimantan,Kapuas
-1.196166741555447,114.83299372735905,1,2.809999942779541,2026-08-17,SNPP,Central Kalimantan,Barito Utara
-1.196166741555447,114.8363669146571,1,2.809999942779541,2026-08-17,SNPP,Central Kalimantan,Barito Utara
-1.196166741555447,114.83974010195514,1,2.809999942779541,2026-08-17,SNPP,Central Kalimantan,Barito Utara
-1.1995391937764215,114.83313505733622,1,2.809999942779541,2026-08-17,SNPP,Central Kalimantan,Barito Utara
-1.1995391937764215,114.8365082487858,1,2.809999942779541,2026-08-17,SNPP,Central Kalimantan,Barito Utara
-1.1995391937764215,114.83988144023537,1,4.079999923706055,2026-08-17,SNPP,Central Kalimantan,Barito Utara
-1.1995391937764215,114.8432546316849,1,4.079999923706055,2026-08-17,SNPP,Central Kalimantan,Barito Utara
-1.1995391937764215,114.84662782313447,1,4.079999923706055,2026-08-17,SNPP,Central Kalimantan,Barito Utara
-1.2029116459973954,114.83327678550694,1,2.809999942779541,2026-08-17,SNPP,Central Kalimantan,Barito Utara
-1.2029116459973954,114.83664998111976,1,2.809999942779541,2026-08-17,SNPP,Central Kalimantan,Barito Utara
-1.2029116459973954,114.84002317673256,1,4.079999923706055,2026-08-17,SNPP,Central Kalimantan,Barito Utara
-1.2029116459973954,114.84339637234532,1,4.079999923706055,2026-08-17,SNPP,Central Kalimantan,Barito Utara
-1.2029116459973954,114.84676956795812,1,4.079999923706055,2026-08-17,SNPP,Central Kalimantan,Barito Utara
-1.2062840982183698,114.84016531144913,1,4.079999923706055,2026-08-17,SNPP,Central Kalimantan,Barito Utara
-1.2062840982183698,114.84353851123682,1,4.079999923706055,2026-08-17,SNPP,Central Kalimantan,Barito Utara
-1.2062840982183698,114.84691171102453,1,4.079999923706055,2026-08-17,SNPP,Central Kalimantan,Barito Utara
-1.2467535248700599,114.0896670618519,1,7.75,2026-08-17,SNPP,Central Kalimantan,Kapuas
-1.2467535248700599,114.09304031265107,1,7.75,2026-08-17,SNPP,Central Kalimantan,Kapuas
-1.2467535248700599,114.09641356345024,1,7.75,2026-08-17,SNPP,Central Kalimantan,Kapuas
-1.250125977091034,114.08981340872893,1,7.75,2026-08-17,SNPP,Central Kalimantan,Kapuas
-1.250125977091034,114.09318666385508,1,7.75,2026-08-17,SNPP,Central Kalimantan,Kapuas
-1.250125977091034,114.09655991898123,1,7.75,2026-08-17,SNPP,Central Kalimantan,Kapuas
-1.2534984293120082,114.08996015125182,1,7.75,2026-08-17,SNPP,Central Kalimantan,Kapuas
-1.2534984293120082,114.09333341071667,1,7.75,2026-08-17,SNPP,Central Kalimantan,Kapuas
-1.2534984293120082,114.0967066701815,1,7.75,2026-08-17,SNPP,Central Kalimantan,Kapuas
-1.2568708815329823,114.28575659070613,1,6.090000152587891,2026-08-17,SNPP,Central Kalimantan,Kapuas
-1.2568708815329823,114.28912985452135,1,6.090000152587891,2026-08-17,SNPP,Central Kalimantan,Kapuas
-1.2568708815329823,114.29250311833657,1,6.090000152587891,2026-08-17,SNPP,Central Kalimantan,Kapuas
-1.2568708815329823,114.29587638215179,1,5.190000057220459,2026-08-17,SNPP,Central Kalimantan,Kapuas
-1.2602433337539565,114.22518555033773,1,4.849999904632568,2026-08-17,SNPP,Central Kalimantan,Kapuas
-1.2602433337539565,114.22855881851503,1,4.849999904632568,2026-08-17,SNPP,Central Kalimantan,Kapuas
-1.2602433337539565,114.23193208669234,1,4.849999904632568,2026-08-17,SNPP,Central Kalimantan,Kapuas
-1.2602433337539565,114.28590437752925,1,6.090000152587891,2026-08-17,SNPP,Central Kalimantan,Kapuas
-1.2602433337539565,114.28927764570655,1,6.090000152587891,2026-08-17,SNPP,Central Kalimantan,Kapuas
-1.2602433337539565,114.29265091388386,1,6.090000152587891,2026-08-17,SNPP,Central Kalimantan,Kapuas
-1.2602433337539565,114.29602418206116,1,5.190000057220459,2026-08-17,SNPP,Central Kalimantan,Kapuas
-1.2636157859749306,114.22533365476481,1,4.849999904632568,2026-08-17,SNPP,Central Kalimantan,Kapuas
-1.2636157859749306,114.2287069273159,1,4.849999904632568,2026-08-17,SNPP,Central Kalimantan,Kapuas
-1.2636157859749306,114.232080199867,1,4.849999904632568,2026-08-17,SNPP,Central Kalimantan,Kapuas
-1.2636157859749306,114.28942583323547,1,5.190000057220459,2026-08-17,SNPP,Central Kalimantan,Kapuas
-1.2636157859749306,114.29279910578656,1,5.190000057220459,2026-08-17,SNPP,Central Kalimantan,Kapuas
-1.2636157859749306,114.29617237833764,1,5.190000057220459,2026-08-17,SNPP,Central Kalimantan,Kapuas
-1.2669882381959048,114.22548215531592,1,4.849999904632568,2026-08-17,SNPP,Central Kalimantan,Kapuas
-1.2669882381959048,114.22885543225249,1,4.849999904632568,2026-08-17,SNPP,Central Kalimantan,Kapuas
-1.2669882381959048,114.23222870918906,1,4.849999904632568,2026-08-17,SNPP,Central Kalimantan,Kapuas
-1.2703606904168792,114.18852495732246,1,2.0799999237060547,2026-08-17,SNPP,Central Kalimantan,Kapuas
-1.2703606904168792,114.1918982386562,1,2.0799999237060547,2026-08-17,SNPP,Central Kalimantan,Kapuas
-1.2703606904168792,114.19527151998994,1,2.0799999237060547,2026-08-17,SNPP,Central Kalimantan,Kapuas
-1.2703606904168792,114.21888448932616,1,6.53000020980835,2026-08-17,SNPP,Central Kalimantan,Kapuas
-1.2703606904168792,114.2222577706599,1,6.53000020980835,2026-08-17,SNPP,Central Kalimantan,Kapuas
-1.2703606904168792,114.22563105199364,1,6.53000020980835,2026-08-17,SNPP,Central Kalimantan,Kapuas
-1.2703606904168792,114.22900433332738,1,1.4700000286102295,2026-08-17,SNPP,Central Kalimantan,Kapuas
-1.2737331426378533,114.18867420163171,1,2.0799999237060547,2026-08-17,SNPP,Central Kalimantan,Kapuas
-1.2737331426378533,114.19204748737432,1,2.0799999237060547,2026-08-17,SNPP,Central Kalimantan,Kapuas
-1.2737331426378533,114.19542077311695,1,2.0799999237060547,2026-08-17,SNPP,Central Kalimantan,Kapuas
-1.2737331426378533,114.20891391608743,1,1.690000057220459,2026-08-17,SNPP,Central Kalimantan,Kapuas
-1.2737331426378533,114.21228720183005,1,1.690000057220459,2026-08-17,SNPP,Central Kalimantan,Kapuas
-1.2737331426378533,114.21566048757268,1,1.690000057220459,2026-08-17,SNPP,Central Kalimantan,Kapuas
-1.2737331426378533,114.21903377331529,1,6.53000020980835,2026-08-17,SNPP,Central Kalimantan,Kapuas
-1.2737331426378533,114.22240705905791,1,6.53000020980835,2026-08-17,SNPP,Central Kalimantan,Kapuas
-1.2737331426378533,114.22578034480054,1,6.53000020980835,2026-08-17,SNPP,Central Kalimantan,Kapuas
-1.2737331426378533,114.22915363054315,1,1.4700000286102295,2026-08-17,SNPP,Central Kalimantan,Kapuas
-1.2771055948588275,114.18882384194407,1,2.0799999237060547,2026-08-17,SNPP,Central Kalimantan,Kapuas
-1.2771055948588275,114.19219713210725,1,2.0799999237060547,2026-08-17,SNPP,Central Kalimantan,Kapuas
-1.2771055948588275,114.19557042227045,1,2.0799999237060547,2026-08-17,SNPP,Central Kalimantan,Kapuas
-1.2771055948588275,114.20906358292324,1,1.690000057220459,2026-08-17,SNPP,Central Kalimantan,Kapuas
-1.2771055948588275,114.21243687308643,1,1.690000057220459,2026-08-17,SNPP,Central Kalimantan,Kapuas
-1.2771055948588275,114.21581016324963,1,1.690000057220459,2026-08-17,SNPP,Central Kalimantan,Kapuas
-1.2771055948588275,114.21918345341282,1,6.53000020980835,2026-08-17,SNPP,Central Kalimantan,Kapuas
-1.2771055948588275,114.222556743576,1,6.53000020980835,2026-08-17,SNPP,Central Kalimantan,Kapuas
-1.2771055948588275,114.22593003373922,1,6.53000020980835,2026-08-17,SNPP,Central Kalimantan,Kapuas
-1.2771055948588275,114.22930332390241,1,1.4700000286102295,2026-08-17,SNPP,Central Kalimantan,Kapuas
-1.2804780470798016,114.20921364583491,1,1.690000057220459,2026-08-17,SNPP,Central Kalimantan,Kapuas
-1.2804780470798016,114.21258694043037,1,1.690000057220459,2026-08-17,SNPP,Central Kalimantan,Kapuas
-1.2804780470798016,114.21596023502585,1,1.690000057220459,2026-08-17,SNPP,Central Kalimantan,Kapuas
-1.2973403081846724,114.25044970481038,1,4.03000020980835,2026-08-17,SNPP,Central Kalimantan,Kapuas
-1.2973403081846724,114.2538230217427,1,4.03000020980835,2026-08-17,SNPP,Central Kalimantan,Kapuas
-1.2973403081846724,114.25719633867502,1,4.03000020980835,2026-08-17,SNPP,Central Kalimantan,Kapuas
-1.3007127604056468,114.25060219826176,1,4.03000020980835,2026-08-17,SNPP,Central Kalimantan,Kapuas
-1.3007127604056468,114.25397551969654,1,4.03000020980835,2026-08-17,SNPP,Central Kalimantan,Kapuas
-1.3007127604056468,114.25734884113132,1,4.03000020980835,2026-08-17,SNPP,Central Kalimantan,Kapuas
-1.3040852126266207,114.21702182845829,1,1.2999999523162842,2026-08-17,SNPP,Central Kalimantan,Kapuas
-1.3040852126266207,114.22039515440721,1,1.2999999523162842,2026-08-17,SNPP,Central Kalimantan,Kapuas
-1.3040852126266207,114.22376848035617,1,1.2999999523162842,2026-08-17,SNPP,Central Kalimantan,Kapuas
-1.3040852126266207,114.25075508794772,1,4.03000020980835,2026-08-17,SNPP,Central Kalimantan,Kapuas
-1.3040852126266207,114.25412841389667,1,4.03000020980835,2026-08-17,SNPP,Central Kalimantan,Kapuas
-1.3040852126266207,114.2575017398456,1,4.03000020980835,2026-08-17,SNPP,Central Kalimantan,Kapuas
-1.307457664847595,114.13284180725267,1,6.190000057220459,2026-08-17,SNPP,Central Kalimantan,Kapuas
-1.307457664847595,114.13621513772748,1,6.190000057220459,2026-08-17,SNPP,Central Kalimantan,Kapuas
-1.307457664847595,114.13958846820229,1,6.190000057220459,2026-08-17,SNPP,Central Kalimantan,Kapuas
-1.307457664847595,114.21717506912287,1,1.2999999523162842,2026-08-17,SNPP,Central Kalimantan,Kapuas
-1.307457664847595,114.22054839959769,1,1.2999999523162842,2026-08-17,SNPP,Central Kalimantan,Kapuas
-1.307457664847595,114.22392173007249,1,1.2999999523162842,2026-08-17,SNPP,Central Kalimantan,Kapuas
-1.310830117068569,114.13299533060112,1,33.97999954223633,2026-08-17,SNPP,Central Kalimantan,Kapuas
-1.310830117068569,114.1363686656135,1,33.97999954223633,2026-08-17,SNPP,Central Kalimantan,Kapuas
-1.310830117068569,114.13974200062586,1,33.97999954223633,2026-08-17,SNPP,Central Kalimantan,Kapuas
-1.310830117068569,114.14311533563823,1,6.190000057220459,2026-08-17,SNPP,Central Kalimantan,Kapuas
-1.310830117068569,114.2173287059104,1,1.2999999523162842,2026-08-17,SNPP,Central Kalimantan,Kapuas
-1.310830117068569,114.22070204092277,1,1.2999999523162842,2026-08-17,SNPP,Central Kalimantan,Kapuas
-1.310830117068569,114.22407537593514,1,1.2999999523162842,2026-08-17,SNPP,Central Kalimantan,Kapuas
-1.3142025692895434,114.13314924978268,1,33.97999954223633,2026-08-17,SNPP,Central Kalimantan,Kapuas
-1.3142025692895434,114.1365225893443,1,33.97999954223633,2026-08-17,SNPP,Central Kalimantan,Kapuas
-1.3142025692895434,114.13989592890593,1,33.97999954223633,2026-08-17,SNPP,Central Kalimantan,Kapuas
-1.3142025692895434,114.14326926846756,1,6.190000057220459,2026-08-17,SNPP,Central Kalimantan,Kapuas
-1.3142025692895434,114.14664260802921,1,0.8700000047683716,2026-08-17,SNPP,Central Kalimantan,Kapuas
-1.3175750215105175,114.13330356479999,1,33.97999954223633,2026-08-17,SNPP,Central Kalimantan,Kapuas
-1.3175750215105175,114.1366769089226,1,33.97999954223633,2026-08-17,SNPP,Central Kalimantan,Kapuas
-1.3175750215105175,114.14005025304517,1,15.020000457763672,2026-08-17,SNPP,Central Kalimantan,Kapuas
-1.3175750215105175,114.14342359716778,1,15.020000457763672,2026-08-17,SNPP,Central Kalimantan,Kapuas
-1.3175750215105175,114.14679694129038,1,15.020000457763672,2026-08-17,SNPP,Central Kalimantan,Kapuas
-1.3175750215105175,114.25474395321343,1,1.75,2026-08-17,SNPP,Central Kalimantan,Kapuas
-1.3175750215105175,114.25811729733604,1,1.75,2026-08-17,SNPP,Central Kalimantan,Kapuas
-1.3175750215105175,114.26149064145862,1,1.75,2026-08-17,SNPP,Central Kalimantan,Kapuas
-1.3175750215105175,114.26486398558123,1,1.75,2026-08-17,SNPP,Central Kalimantan,Kapuas
-1.3209474737314917,114.13683162435103,1,8.09000015258789,2026-08-17,SNPP,Central Kalimantan,Kapuas
-1.3209474737314917,114.14020497304627,1,15.020000457763672,2026-08-17,SNPP,Central Kalimantan,Kapuas
-1.3209474737314917,114.14357832174153,1,15.020000457763672,2026-08-17,SNPP,Central Kalimantan,Kapuas
-1.3209474737314917,114.14695167043679,1,15.020000457763672,2026-08-17,SNPP,Central Kalimantan,Kapuas
-1.3209474737314917,114.25489882868503,1,1.75,2026-08-17,SNPP,Central Kalimantan,Kapuas
-1.3209474737314917,114.25827217738029,1,1.75,2026-08-17,SNPP,Central Kalimantan,Kapuas
-1.3209474737314917,114.26164552607553,1,1.75,2026-08-17,SNPP,Central Kalimantan,Kapuas
-1.3209474737314917,114.26501887477079,1,1.75,2026-08-17,SNPP,Central Kalimantan,Kapuas
-1.3243199259524658,114.13361338235268,1,12.8100004196167,2026-08-17,SNPP,Central Kalimantan,Kapuas
-1.3243199259524658,114.1369867356323,1,8.09000015258789,2026-08-17,SNPP,Central Kalimantan,Kapuas
-1.3243199259524658,114.14036008891192,1,15.020000457763672,2026-08-17,SNPP,Central Kalimantan,Kapuas
-1.3243199259524658,114.14373344219153,1,15.020000457763672,2026-08-17,SNPP,Central Kalimantan,Kapuas
-1.3243199259524658,114.14710679547116,1,15.020000457763672,2026-08-17,SNPP,Central Kalimantan,Kapuas
-1.3243199259524658,114.25505410041895,1,1.75,2026-08-17,SNPP,Central Kalimantan,Kapuas
-1.3243199259524658,114.25842745369856,1,1.75,2026-08-17,SNPP,Central Kalimantan,Kapuas
-1.3243199259524658,114.26180080697817,1,1.75,2026-08-17,SNPP,Central Kalimantan,Kapuas
-1.3243199259524658,114.26517416025779,1,1.75,2026-08-17,SNPP,Central Kalimantan,Kapuas
-1.32769237817344,114.13376888489341,1,12.8100004196167,2026-08-17,SNPP,Central Kalimantan,Kapuas
-1.32769237817344,114.13714224276909,1,8.09000015258789,2026-08-17,SNPP,Central Kalimantan,Kapuas
-1.32769237817344,114.14051560064476,1,8.09000015258789,2026-08-17,SNPP,Central Kalimantan,Kapuas
-1.32769237817344,114.14388895852044,1,8.09000015258789,2026-08-17,SNPP,Central Kalimantan,Kapuas
-1.32769237817344,114.14726231639614,1,11.279999732971191,2026-08-17,SNPP,Central Kalimantan,Kapuas
-1.32769237817344,114.26870319992058,0,31.239999771118164,2026-08-17,SNPP,Central Kalimantan,Kapuas
-1.32769237817344,114.27207655779625,1,16.950000762939453,2026-08-17,SNPP,Central Kalimantan,Kapuas
-1.32769237817344,114.27544991567191,1,16.950000762939453,2026-08-17,SNPP,Central Kalimantan,Kapuas
-1.32769237817344,114.27882327354759,1,16.950000762939453,2026-08-17,SNPP,Central Kalimantan,Kapuas
-1.3310648303944144,114.13392478328066,1,12.8100004196167,2026-08-17,SNPP,Central Kalimantan,Kapuas
-1.3310648303944144,114.13729814576409,1,12.8100004196167,2026-08-17,SNPP,Central Kalimantan,Kapuas
-1.3310648303944144,114.14067150824754,1,11.279999732971191,2026-08-17,SNPP,Central Kalimantan,Kapuas
-1.3310648303944144,114.14404487073098,1,11.279999732971191,2026-08-17,SNPP,Central Kalimantan,Kapuas
-1.3310648303944144,114.14741823321442,1,11.279999732971191,2026-08-17,SNPP,Central Kalimantan,Kapuas
-1.3310648303944144,114.26211255765136,1,3.4800000190734863,2026-08-17,SNPP,Central Kalimantan,Kapuas
-1.3310648303944144,114.2654859201348,1,4.309999942779541,2026-08-17,SNPP,Central Kalimantan,Kapuas
-1.3310648303944144,114.26885928261824,1,4.309999942779541,2026-08-17,SNPP,Central Kalimantan,Kapuas
-1.3310648303944144,114.27223264510168,1,16.950000762939453,2026-08-17,SNPP,Central Kalimantan,Kapuas
-1.3310648303944144,114.27560600758511,1,16.950000762939453,2026-08-17,SNPP,Central Kalimantan,Kapuas
-1.3310648303944144,114.27897937006854,1,16.950000762939453,2026-08-17,SNPP,Central Kalimantan,Kapuas
-1.3344372826153883,114.13745444462003,1,8.09000015258789,2026-08-17,SNPP,Central Kalimantan,Kapuas
-1.3344372826153883,114.14082781172293,1,8.09000015258789,2026-08-17,SNPP,Central Kalimantan,Kapuas
-1.3344372826153883,114.14420117882581,1,8.09000015258789,2026-08-17,SNPP,Central Kalimantan,Kapuas
-1.3344372826153883,114.26226902742731,1,3.4800000190734863,2026-08-17,SNPP,Central Kalimantan,Kapuas
-1.3344372826153883,114.2656423945302,1,4.309999942779541,2026-08-17,SNPP,Central Kalimantan,Kapuas
-1.3344372826153883,114.26901576163311,1,4.309999942779541,2026-08-17,SNPP,Central Kalimantan,Kapuas
-1.3344372826153883,114.272389128736,1,16.950000762939453,2026-08-17,SNPP,Central Kalimantan,Kapuas
-1.3344372826153883,114.27576249583889,1,16.950000762939453,2026-08-17,SNPP,Central Kalimantan,Kapuas
-1.3344372826153883,114.2791358629418,1,16.950000762939453,2026-08-17,SNPP,Central Kalimantan,Kapuas
-1.3378097348363627,114.26242589349978,1,3.4800000190734863,2026-08-17,SNPP,Central Kalimantan,Kapuas
-1.3378097348363627,114.26579926523382,1,4.309999942779541,2026-08-17,SNPP,Central Kalimantan,Kapuas
-1.3378097348363627,114.26917263696791,1,4.309999942779541,2026-08-17,SNPP,Central Kalimantan,Kapuas
-1.3378097348363627,114.27254600870195,1,4.309999942779541,2026-08-17,SNPP,Central Kalimantan,Kapuas
-1.3411821870573366,114.11415459528706,1,1.5,2026-08-17,SNPP,Central Kalimantan,Kapuas
-1.3411821870573366,114.11752797166396,1,1.5,2026-08-17,SNPP,Central Kalimantan,Kapuas
-1.3411821870573366,114.12090134804089,1,1.5,2026-08-17,SNPP,Central Kalimantan,Kapuas
-1.344554639278311,114.11431204916009,1,1.5,2026-08-17,SNPP,Central Kalimantan,Kapuas
-1.344554639278311,114.11768543019159,1,1.5,2026-08-17,SNPP,Central Kalimantan,Kapuas
-1.344554639278311,114.12105881122305,1,1.5,2026-08-17,SNPP,Central Kalimantan,Kapuas
-1.3479270914992851,114.11446989882305,1,1.5,2026-08-17,SNPP,Central Kalimantan,Kapuas
-1.3479270914992851,114.11784328452079,1,1.5,2026-08-17,SNPP,Central Kalimantan,Kapuas
-1.3479270914992851,114.12121667021853,1,1.5,2026-08-17,SNPP,Central Kalimantan,Kapuas
-1.3580444481622076,114.28024241114798,1,9.279999732971191,2026-08-17,SNPP,Central Kalimantan,Kapuas
-1.3580444481622076,114.2836158109147,1,9.279999732971191,2026-08-17,SNPP,Central Kalimantan,Kapuas
-1.3580444481622076,114.28698921068143,1,9.279999732971191,2026-08-17,SNPP,Central Kalimantan,Kapuas
-1.3614169003831817,114.27365526597838,1,1.850000023841858,2026-08-17,SNPP,Central Kalimantan,Kapuas
-1.3614169003831817,114.27702867045817,1,2.299999952316284,2026-08-17,SNPP,Central Kalimantan,Kapuas
-1.3614169003831817,114.28040207493794,1,9.279999732971191,2026-08-17,SNPP,Central Kalimantan,Kapuas
-1.3614169003831817,114.28377547941773,1,13.199999809265137,2026-08-17,SNPP,Central Kalimantan,Kapuas
-1.3614169003831817,114.28714888389752,1,13.199999809265137,2026-08-17,SNPP,Central Kalimantan,Kapuas
-1.364789352604156,114.2738153166958,1,1.850000023841858,2026-08-17,SNPP,Central Kalimantan,Kapuas
-1.364789352604156,114.27718872590036,1,2.299999952316284,2026-08-17,SNPP,Central Kalimantan,Kapuas
-1.364789352604156,114.28056213510489,1,9.279999732971191,2026-08-17,SNPP,Central Kalimantan,Kapuas
-1.364789352604156,114.28393554430943,1,13.199999809265137,2026-08-17,SNPP,Central Kalimantan,Kapuas
-1.364789352604156,114.28730895351399,1,13.199999809265137,2026-08-17,SNPP,Central Kalimantan,Kapuas
-1.364789352604156,114.30754940874125,1,4.670000076293945,2026-08-17,SNPP,Central Kalimantan,Kapuas
-1.364789352604156,114.3109228179458,1,4.670000076293945,2026-08-17,SNPP,Central Kalimantan,Kapuas
-1.364789352604156,114.31429622715034,1,4.670000076293945,2026-08-17,SNPP,Central Kalimantan,Kapuas
-1.36816180482513,114.25710869406454,1,1.6799999475479126,2026-08-17,SNPP,Central Kalimantan,Kapuas
-1.36816180482513,114.26048210800555,1,1.6799999475479126,2026-08-17,SNPP,Central Kalimantan,Kapuas
-1.36816180482513,114.26385552194655,1,1.6799999475479126,2026-08-17,SNPP,Central Kalimantan,Kapuas
-1.36816180482513,114.27397576376957,1,1.850000023841858,2026-08-17,SNPP,Central Kalimantan,Kapuas
-1.36816180482513,114.27734917771058,1,2.299999952316284,2026-08-17,SNPP,Central Kalimantan,Kapuas
-1.36816180482513,114.28072259165157,1,2.299999952316284,2026-08-17,SNPP,Central Kalimantan,Kapuas
-1.36816180482513,114.28409600559257,1,2.299999952316284,2026-08-17,SNPP,Central Kalimantan,Kapuas
-1.36816180482513,114.28746941953361,1,2.299999952316284,2026-08-17,SNPP,Central Kalimantan,Kapuas
-1.36816180482513,114.30770990317963,1,4.670000076293945,2026-08-17,SNPP,Central Kalimantan,Kapuas
-1.36816180482513,114.31108331712063,1,4.670000076293945,2026-08-17,SNPP,Central Kalimantan,Kapuas
-1.36816180482513,114.31445673106165,1,4.670000076293945,2026-08-17,SNPP,Central Kalimantan,Kapuas
-1.3715342570461044,114.2572695137566,1,1.6799999475479126,2026-08-17,SNPP,Central Kalimantan,Kapuas
-1.3715342570461044,114.26064293244578,1,1.6799999475479126,2026-08-17,SNPP,Central Kalimantan,Kapuas
-1.3715342570461044,114.26401635113494,1,1.6799999475479126,2026-08-17,SNPP,Central Kalimantan,Kapuas
-1.3715342570461044,114.26738976982409,1,1.590000033378601,2026-08-17,SNPP,Central Kalimantan,Kapuas
-1.3715342570461044,114.27076318851327,1,1.590000033378601,2026-08-17,SNPP,Central Kalimantan,Kapuas
-1.3715342570461044,114.27413660720245,1,1.590000033378601,2026-08-17,SNPP,Central Kalimantan,Kapuas
-1.3715342570461044,114.30787079409416,1,4.670000076293945,2026-08-17,SNPP,Central Kalimantan,Kapuas
-1.3715342570461044,114.31124421278332,1,4.670000076293945,2026-08-17,SNPP,Central Kalimantan,Kapuas
-1.3715342570461044,114.31461763147247,1,4.670000076293945,2026-08-17,SNPP,Central Kalimantan,Kapuas
-1.3749067092670784,114.25743072975209,1,1.6799999475479126,2026-08-17,SNPP,Central Kalimantan,Kapuas
-1.3749067092670784,114.26080415320111,1,1.6799999475479126,2026-08-17,SNPP,Central Kalimantan,Kapuas
-1.3749067092670784,114.26417757665016,1,1.6799999475479126,2026-08-17,SNPP,Central Kalimantan,Kapuas
-1.3749067092670784,114.26755100009919,1,1.590000033378601,2026-08-17,SNPP,Central Kalimantan,Kapuas
-1.3749067092670784,114.27092442354822,1,1.590000033378601,2026-08-17,SNPP,Central Kalimantan,Kapuas
-1.3749067092670784,114.27429784699726,1,1.590000033378601,2026-08-17,SNPP,Central Kalimantan,Kapuas
-1.3749067092670784,114.28779154079339,1,1.2599999904632568,2026-08-17,SNPP,Central Kalimantan,Kapuas
-1.3749067092670784,114.29116496424243,1,1.2599999904632568,2026-08-17,SNPP,Central Kalimantan,Kapuas
-1.3749067092670784,114.29453838769146,1,1.2599999904632568,2026-08-17,SNPP,Central Kalimantan,Kapuas
-1.3749067092670784,114.32489919873275,1,1.0299999713897705,2026-08-17,SNPP,Central Kalimantan,Kapuas
-1.3749067092670784,114.3282726221818,1,1.0299999713897705,2026-08-17,SNPP,Central Kalimantan,Kapuas
-1.3749067092670784,114.33164604563083,1,1.0299999713897705,2026-08-17,SNPP,Central Kalimantan,Kapuas
-1.3782791614880527,114.26771262671555,1,1.590000033378601,2026-08-17,SNPP,Central Kalimantan,Kapuas
-1.3782791614880527,114.27108605493616,1,1.590000033378601,2026-08-17,SNPP,Central Kalimantan,Kapuas
-1.3782791614880527,114.27445948315676,1,1.590000033378601,2026-08-17,SNPP,Central Kalimantan,Kapuas
-1.3782791614880527,114.28795319603917,1,1.2599999904632568,2026-08-17,SNPP,Central Kalimantan,Kapuas
-1.3782791614880527,114.29132662425977,1,1.2599999904632568,2026-08-17,SNPP,Central Kalimantan,Kapuas
-1.3782791614880527,114.29470005248035,1,1.2599999904632568,2026-08-17,SNPP,Central Kalimantan,Kapuas
-1.3782791614880527,114.32168747824514,1,0.699999988079071,2026-08-17,SNPP,Central Kalimantan,Kapuas
-1.3782791614880527,114.32506090646574,1,0.699999988079071,2026-08-17,SNPP,Central Kalimantan,Kapuas
-1.3782791614880527,114.32843433468634,1,0.699999988079071,2026-08-17,SNPP,Central Kalimantan,Kapuas
-1.3782791614880527,114.33180776290693,1,1.0299999713897705,2026-08-17,SNPP,Central Kalimantan,Kapuas
-1.381651613709027,114.32184957773788,1,0.699999988079071,2026-08-17,SNPP,Central Kalimantan,Kapuas
-1.381651613709027,114.32522301074174,1,0.699999988079071,2026-08-17,SNPP,Central Kalimantan,Kapuas
-1.381651613709027,114.32859644374561,1,0.699999988079071,2026-08-17,SNPP,Central Kalimantan,Kapuas
-1.381651613709027,114.33196987674948,1,1.0299999713897705,2026-08-17,SNPP,Central Kalimantan,Kapuas
-1.385024065930001,114.28153082017879,1,1.2699999809265137,2026-08-17,SNPP,Central Kalimantan,Kapuas
-1.385024065930001,114.28490425797762,1,1.2699999809265137,2026-08-17,SNPP,Central Kalimantan,Kapuas
-1.385024065930001,114.28827769577646,1,1.2699999809265137,2026-08-17,SNPP,Central Kalimantan,Kapuas
-1.385024065930001,114.32201207376477,1,0.699999988079071,2026-08-17,SNPP,Central Kalimantan,Kapuas
-1.385024065930001,114.3253855115636,1,0.699999988079071,2026-08-17,SNPP,Central Kalimantan,Kapuas
-1.385024065930001,114.32875894936244,1,0.699999988079071,2026-08-17,SNPP,Central Kalimantan,Kapuas
-1.3883965181509752,114.2816936550626,1,1.2699999809265137,2026-08-17,SNPP,Central Kalimantan,Kapuas
-1.3883965181509752,114.28506709766809,1,1.2699999809265137,2026-08-17,SNPP,Central Kalimantan,Kapuas
-1.3883965181509752,114.2884405402736,1,1.2699999809265137,2026-08-17,SNPP,Central Kalimantan,Kapuas
-1.3883965181509752,114.2918139828791,1,1.2400000095367432,2026-08-17,SNPP,Central Kalimantan,Kapuas
-1.3883965181509752,114.2951874254846,1,1.2400000095367432,2026-08-17,SNPP,Central Kalimantan,Kapuas
-1.3883965181509752,114.29856086809009,1,1.2400000095367432,2026-08-17,SNPP,Central Kalimantan,Kapuas
-1.3917689703719494,114.27510999149804,1,1.5399999618530273,2026-08-17,SNPP,Central Kalimantan,Kapuas
-1.3917689703719494,114.2784834389219,1,1.5399999618530273,2026-08-17,SNPP,Central Kalimantan,Kapuas
-1.3917689703719494,114.28185688634578,1,1.5399999618530273,2026-08-17,SNPP,Central Kalimantan,Kapuas
-1.3917689703719494,114.28523033376963,1,1.2699999809265137,2026-08-17,SNPP,Central Kalimantan,Kapuas
-1.3917689703719494,114.28860378119352,1,2.5899999141693115,2026-08-17,SNPP,Central Kalimantan,Kapuas
-1.3917689703719494,114.29197722861737,1,2.5899999141693115,2026-08-17,SNPP,Central Kalimantan,Kapuas
-1.3917689703719494,114.29535067604125,1,2.5899999141693115,2026-08-17,SNPP,Central Kalimantan,Kapuas
-1.3917689703719494,114.2987241234651,1,1.2400000095367432,2026-08-17,SNPP,Central Kalimantan,Kapuas
-1.3951414225929237,114.27527360952327,1,1.5399999618530273,2026-08-17,SNPP,Central Kalimantan,Kapuas
-1.3951414225929237,114.2786470617772,1,1.5399999618530273,2026-08-17,SNPP,Central Kalimantan,Kapuas
-1.3951414225929237,114.28202051403115,1,1.5399999618530273,2026-08-17,SNPP,Central Kalimantan,Kapuas
-1.3951414225929237,114.28876741853902,1,2.5899999141693115,2026-08-17,SNPP,Central Kalimantan,Kapuas
-1.3951414225929237,114.29214087079296,1,2.5899999141693115,2026-08-17,SNPP,Central Kalimantan,Kapuas
-1.3951414225929237,114.29551432304689,1,2.5899999141693115,2026-08-17,SNPP,Central Kalimantan,Kapuas
-1.3951414225929237,114.29888777530083,1,1.2400000095367432,2026-08-17,SNPP,Central Kalimantan,Kapuas
-1.3985138748138977,114.27543762393013,1,1.5399999618530273,2026-08-17,SNPP,Central Kalimantan,Kapuas
-1.3985138748138977,114.27881108102584,1,1.5399999618530273,2026-08-17,SNPP,Central Kalimantan,Kapuas
-1.3985138748138977,114.28218453812153,1,1.5399999618530273,2026-08-17,SNPP,Central Kalimantan,Kapuas
-1.3985138748138977,114.28893145231297,1,2.5899999141693115,2026-08-17,SNPP,Central Kalimantan,Kapuas
-1.3985138748138977,114.29230490940867,1,2.5899999141693115,2026-08-17,SNPP,Central Kalimantan,Kapuas
-1.3985138748138977,114.29567836650438,1,2.5899999141693115,2026-08-17,SNPP,Central Kalimantan,Kapuas
-1.405258779255846,114.57937885519216,1,3.880000114440918,2026-08-17,SNPP,Central Kalimantan,Kapuas
-1.405258779255846,114.58275232200653,1,3.880000114440918,2026-08-17,SNPP,Central Kalimantan,Kapuas
-1.405258779255846,114.5861257888209,1,3.880000114440918,2026-08-17,SNPP,Central Kalimantan,Kapuas
-1.4086312314768203,114.57954449767982,1,3.880000114440918,2026-08-17,SNPP,Central Kalimantan,Kapuas
-1.4086312314768203,114.58291796937108,1,3.880000114440918,2026-08-17,SNPP,Central Kalimantan,Kapuas
-1.4086312314768203,114.5862914410623,1,3.880000114440918,2026-08-17,SNPP,Central Kalimantan,Kapuas
-1.4288659448026653,114.31741360561497,1,5.929999828338623,2026-08-17,SNPP,Central Kalimantan,Kapuas
-1.4288659448026653,114.32078710681321,1,5.929999828338623,2026-08-17,SNPP,Central Kalimantan,Kapuas
-1.4288659448026653,114.32416060801145,1,5.929999828338623,2026-08-17,SNPP,Central Kalimantan,Kapuas
-1.4322383970236396,114.31758164350106,1,5.929999828338623,2026-08-17,SNPP,Central Kalimantan,Kapuas
-1.4322383970236396,114.32095514965809,1,5.929999828338623,2026-08-17,SNPP,Central Kalimantan,Kapuas
-1.4322383970236396,114.32432865581511,1,5.929999828338623,2026-08-17,SNPP,Central Kalimantan,Kapuas
-1.4322383970236396,114.45589539593878,1,2.069999933242798,2026-08-17,SNPP,Central Kalimantan,Kapuas
-1.4322383970236396,114.4592689020958,1,2.069999933242798,2026-08-17,SNPP,Central Kalimantan,Kapuas
-1.4322383970236396,114.46264240825282,1,2.069999933242798,2026-08-17,SNPP,Central Kalimantan,Kapuas
-1.4356108492446136,114.31775007794086,1,5.929999828338623,2026-08-17,SNPP,Central Kalimantan,Kapuas
-1.4356108492446136,114.32112358906836,1,5.929999828338623,2026-08-17,SNPP,Central Kalimantan,Kapuas
-1.4356108492446136,114.32449710019588,1,5.929999828338623,2026-08-17,SNPP,Central Kalimantan,Kapuas
-1.4356108492446136,114.45606403416873,1,2.069999933242798,2026-08-17,SNPP,Central Kalimantan,Kapuas
-1.4356108492446136,114.45943754529624,1,2.069999933242798,2026-08-17,SNPP,Central Kalimantan,Kapuas
-1.4356108492446136,114.46281105642376,1,2.069999933242798,2026-08-17,SNPP,Central Kalimantan,Kapuas
-1.438983301465588,114.45623306943511,1,2.069999933242798,2026-08-17,SNPP,Central Kalimantan,Kapuas
-1.438983301465588,114.4596065855448,1,2.069999933242798,2026-08-17,SNPP,Central Kalimantan,Kapuas
-1.438983301465588,114.46298010165452,1,2.069999933242798,2026-08-17,SNPP,Central Kalimantan,Kapuas
-1.462590467012407,114.21453173904949,1,7.639999866485596,2026-08-17,SNPP,Central Kalimantan,Kapuas
-1.462590467012407,114.21790529036222,1,7.639999866485596,2026-08-17,SNPP,Central Kalimantan,Kapuas
-1.462590467012407,114.22127884167496,1,7.639999866485596,2026-08-17,SNPP,Central Kalimantan,Kapuas
-1.4659629192333812,114.21470358525454,1,7.639999866485596,2026-08-17,SNPP,Central Kalimantan,Kapuas
-1.4659629192333812,114.2180771416431,1,7.639999866485596,2026-08-17,SNPP,Central Kalimantan,Kapuas
-1.4659629192333812,114.22145069803165,1,7.639999866485596,2026-08-17,SNPP,Central Kalimantan,Kapuas
-1.4693353714543553,114.21487582768002,1,7.639999866485596,2026-08-17,SNPP,Central Kalimantan,Kapuas
-1.4693353714543553,114.21824938915609,1,7.639999866485596,2026-08-17,SNPP,Central Kalimantan,Kapuas
-1.4693353714543553,114.22162295063215,1,7.639999866485596,2026-08-17,SNPP,Central Kalimantan,Kapuas
-1.4727078236753297,114.2926404975607,1,4.380000114440918,2026-08-17,SNPP,Central Kalimantan,Kapuas
-1.4727078236753297,114.296014064136,1,4.380000114440918,2026-08-17,SNPP,Central Kalimantan,Kapuas
-1.4727078236753297,114.2993876307113,1,4.380000114440918,2026-08-17,SNPP,Central Kalimantan,Kapuas
-1.4760802758963036,114.29281364998727,1,4.380000114440918,2026-08-17,SNPP,Central Kalimantan,Kapuas
-1.4760802758963036,114.29618722167348,1,4.380000114440918,2026-08-17,SNPP,Central Kalimantan,Kapuas
-1.4760802758963036,114.2995607933597,1,4.380000114440918,2026-08-17,SNPP,Central Kalimantan,Kapuas
-1.479452728117278,114.2929871989124,1,4.380000114440918,2026-08-17,SNPP,Central Kalimantan,Kapuas
-1.479452728117278,114.29636077572125,1,4.380000114440918,2026-08-17,SNPP,Central Kalimantan,Kapuas
-1.479452728117278,114.29973435253011,1,4.380000114440918,2026-08-17,SNPP,Central Kalimantan,Kapuas
-1.516549702547994,114.40287869262752,1,1.7999999523162842,2026-08-17,SNPP,Central Kalimantan,Kapuas
-1.516549702547994,114.40625232655775,1,1.7999999523162842,2026-08-17,SNPP,Central Kalimantan,Kapuas
-1.516549702547994,114.40962596048797,1,1.7999999523162842,2026-08-17,SNPP,Central Kalimantan,Kapuas
-1.519922154768968,114.4030571681907,1,1.7999999523162842,2026-08-17,SNPP,Central Kalimantan,Kapuas
-1.519922154768968,114.406430807384,1,1.7999999523162842,2026-08-17,SNPP,Central Kalimantan,Kapuas
-1.519922154768968,114.4098044465773,1,1.7999999523162842,2026-08-17,SNPP,Central Kalimantan,Kapuas
-1.5232946069899422,114.40323604066663,1,1.7999999523162842,2026-08-17,SNPP,Central Kalimantan,Kapuas
-1.5232946069899422,114.40660968513471,1,1.7999999523162842,2026-08-17,SNPP,Central Kalimantan,Kapuas
-1.5232946069899422,114.4099833296028,1,1.7999999523162842,2026-08-17,SNPP,Central Kalimantan,Kapuas
-1.5367844158738388,114.40058183407595,1,2.740000009536743,2026-08-17,SNPP,Central Kalimantan,Kapuas
-1.5367844158738388,114.40395549976022,1,2.740000009536743,2026-08-17,SNPP,Central Kalimantan,Kapuas
-1.5367844158738388,114.40732916544447,1,2.740000009536743,2026-08-17,SNPP,Central Kalimantan,Kapuas
-1.5401568680948132,114.40076268582908,1,2.740000009536743,2026-08-17,SNPP,Central Kalimantan,Kapuas
-1.5401568680948132,114.40413635684665,1,2.740000009536743,2026-08-17,SNPP,Central Kalimantan,Kapuas
-1.5401568680948132,114.40751002786422,1,2.740000009536743,2026-08-17,SNPP,Central Kalimantan,Kapuas
-1.5435293203157872,114.400943934502,1,2.740000009536743,2026-08-17,SNPP,Central Kalimantan,Kapuas
-1.5435293203157872,114.40431761086458,1,2.740000009536743,2026-08-17,SNPP,Central Kalimantan,Kapuas
-1.5435293203157872,114.40769128722715,1,2.740000009536743,2026-08-17,SNPP,Central Kalimantan,Kapuas
-1.5435293203157872,114.41106496358974,1,2.740000009536743,2026-08-17,SNPP,Central Kalimantan,Kapuas
-1.5469017725367615,114.3167835371154,1,5.269999980926514,2026-08-17,SNPP,Central Kalimantan,Kapuas
-1.5469017725367615,114.3201572188347,1,5.269999980926514,2026-08-17,SNPP,Central Kalimantan,Kapuas
-1.5469017725367615,114.32353090055399,1,5.269999980926514,2026-08-17,SNPP,Central Kalimantan,Kapuas
-1.5469017725367615,114.40449926181714,1,2.740000009536743,2026-08-17,SNPP,Central Kalimantan,Kapuas
-1.5469017725367615,114.40787294353643,1,2.740000009536743,2026-08-17,SNPP,Central Kalimantan,Kapuas
-1.5469017725367615,114.41124662525573,1,6.139999866485596,2026-08-17,SNPP,Central Kalimantan,Kapuas
-1.5469017725367615,114.41462030697504,1,6.139999866485596,2026-08-17,SNPP,Central Kalimantan,Kapuas
-1.5469017725367615,114.41799398869433,1,6.139999866485596,2026-08-17,SNPP,Central Kalimantan,Kapuas
-1.5502742247577357,114.31696544542675,1,5.269999980926514,2026-08-17,SNPP,Central Kalimantan,Kapuas
-1.5502742247577357,114.32033913251448,1,5.269999980926514,2026-08-17,SNPP,Central Kalimantan,Kapuas
-1.5502742247577357,114.32371281960218,1,5.269999980926514,2026-08-17,SNPP,Central Kalimantan,Kapuas
-1.5502742247577357,114.40468130970746,1,2.740000009536743,2026-08-17,SNPP,Central Kalimantan,Kapuas
-1.5502742247577357,114.40805499679517,1,2.740000009536743,2026-08-17,SNPP,Central Kalimantan,Kapuas
-1.5502742247577357,114.4114286838829,1,6.139999866485596,2026-08-17,SNPP,Central Kalimantan,Kapuas
-1.5502742247577357,114.4148023709706,1,6.139999866485596,2026-08-17,SNPP,Central Kalimantan,Kapuas
-1.5502742247577357,114.41817605805834,1,6.139999866485596,2026-08-17,SNPP,Central Kalimantan,Kapuas
-1.5536466769787098,114.3171477503747,1,5.269999980926514,2026-08-17,SNPP,Central Kalimantan,Kapuas
-1.5536466769787098,114.32052144284255,1,5.269999980926514,2026-08-17,SNPP,Central Kalimantan,Kapuas
-1.5536466769787098,114.32389513531038,1,5.269999980926514,2026-08-17,SNPP,Central Kalimantan,Kapuas
-1.5536466769787098,114.40486375453872,1,4.269999980926514,2026-08-17,SNPP,Central Kalimantan,Kapuas
-1.5536466769787098,114.40823744700657,1,4.269999980926514,2026-08-17,SNPP,Central Kalimantan,Kapuas
-1.5536466769787098,114.41161113947442,1,4.269999980926514,2026-08-17,SNPP,Central Kalimantan,Kapuas
-1.5536466769787098,114.41498483194226,1,2.4700000286102295,2026-08-17,SNPP,Central Kalimantan,Kapuas
-1.5536466769787098,114.41835852441011,1,0.9399999976158142,2026-08-17,SNPP,Central Kalimantan,Kapuas
-1.5536466769787098,114.42173221687797,1,0.9399999976158142,2026-08-17,SNPP,Central Kalimantan,Kapuas
-1.5536466769787098,114.4251059093458,1,0.9399999976158142,2026-08-17,SNPP,Central Kalimantan,Kapuas
-1.557019129199684,114.40504659631408,1,4.269999980926514,2026-08-17,SNPP,Central Kalimantan,Kapuas
-1.557019129199684,114.40842029417377,1,4.269999980926514,2026-08-17,SNPP,Central Kalimantan,Kapuas
-1.557019129199684,114.41179399203344,1,4.269999980926514,2026-08-17,SNPP,Central Kalimantan,Kapuas
-1.557019129199684,114.41854138775281,1,0.9399999976158142,2026-08-17,SNPP,Central Kalimantan,Kapuas
-1.557019129199684,114.42191508561248,1,0.9399999976158142,2026-08-17,SNPP,Central Kalimantan,Kapuas
-1.557019129199684,114.42528878347215,1,0.9399999976158142,2026-08-17,SNPP,Central Kalimantan,Kapuas
-1.5603915814206581,114.41872464808958,1,0.9399999976158142,2026-08-17,SNPP,Central Kalimantan,Kapuas
-1.5603915814206581,114.42209835135279,1,0.9399999976158142,2026-08-17,SNPP,Central Kalimantan,Kapuas
-1.5603915814206581,114.42547205461601,1,0.9399999976158142,2026-08-17,SNPP,Central Kalimantan,Kapuas
-1.5637640336416323,114.44927168352976,1,0.9100000262260437,2026-08-17,SNPP,Central Kalimantan,Kapuas
-1.5637640336416323,114.45264539220824,1,0.9100000262260437,2026-08-17,SNPP,Central Kalimantan,Kapuas
-1.5637640336416323,114.4560191008867,1,0.9100000262260437,2026-08-17,SNPP,Central Kalimantan,Kapuas
-1.5671364858626065,114.4494557867068,1,0.9100000262260437,2026-08-17,SNPP,Central Kalimantan,Kapuas
-1.5671364858626065,114.45282950081223,1,0.9100000262260437,2026-08-17,SNPP,Central Kalimantan,Kapuas
-1.5671364858626065,114.45620321491762,1,0.9100000262260437,2026-08-17,SNPP,Central Kalimantan,Kapuas
-1.5705089380835806,114.44964028699283,1,0.9100000262260437,2026-08-17,SNPP,Central Kalimantan,Kapuas
-1.5705089380835806,114.4530140065369,1,0.9100000262260437,2026-08-17,SNPP,Central Kalimantan,Kapuas
-1.5705089380835806,114.45638772608098,1,0.9100000262260437,2026-08-17,SNPP,Central Kalimantan,Kapuas
-1.577253842525529,114.90546409053208,1,4.099999904632568,2026-08-17,SNPP,Central Kalimantan,Barito Selatan
-1.577253842525529,114.90883782098858,1,4.099999904632568,2026-08-17,SNPP,Central Kalimantan,Barito Selatan
-1.577253842525529,114.91221155144507,1,4.099999904632568,2026-08-17,SNPP,Central Kalimantan,Barito Selatan
-1.5806262947465033,114.90565052112382,1,4.099999904632568,2026-08-17,SNPP,Central Kalimantan,Barito Selatan
-1.5806262947465033,114.9090242570541,1,4.099999904632568,2026-08-17,SNPP,Central Kalimantan,Barito Selatan
-1.5806262947465033,114.91239799298435,1,4.099999904632568,2026-08-17,SNPP,Central Kalimantan,Barito Selatan
-1.5839987469674774,114.90583735041771,1,4.099999904632568,2026-08-17,SNPP,Central Kalimantan,Barito Selatan
-1.5839987469674774,114.90921109183348,1,4.099999904632568,2026-08-17,SNPP,Central Kalimantan,Barito Selatan
-1.5839987469674774,114.91258483324924,1,4.099999904632568,2026-08-17,SNPP,Central Kalimantan,Barito Selatan
-1.5907436514094258,114.78475711793901,1,3.5799999237060547,2026-08-17,SNPP,Central Kalimantan,Barito Selatan
-1.5907436514094258,114.78813087036087,1,3.5799999237060547,2026-08-17,SNPP,Central Kalimantan,Barito Selatan
-1.5907436514094258,114.79150462278271,1,3.5799999237060547,2026-08-17,SNPP,Central Kalimantan,Barito Selatan
-1.5941161036304,114.77819742873247,1,9.850000381469727,2026-08-17,SNPP,Central Kalimantan,Barito Selatan
-1.5941161036304,114.78157118667491,1,9.850000381469727,2026-08-17,SNPP,Central Kalimantan,Barito Selatan
-1.5941161036304,114.78494494461732,1,3.5799999237060547,2026-08-17,SNPP,Central Kalimantan,Barito Selatan
-1.5941161036304,114.78831870255978,1,3.5799999237060547,2026-08-17,SNPP,Central Kalimantan,Barito Selatan
-1.5941161036304,114.79169246050222,1,3.5799999237060547,2026-08-17,SNPP,Central Kalimantan,Barito Selatan
-1.5974885558513743,114.77838564263989,1,9.850000381469727,2026-08-17,SNPP,Central Kalimantan,Barito Selatan
-1.5974885558513743,114.78175940611465,2,24.950000762939453,2026-08-17,SNPP,Central Kalimantan,Barito Selatan
-1.5974885558513743,114.78513316958937,2,24.950000762939453,2026-08-17,SNPP,Central Kalimantan,Barito Selatan
-1.5974885558513743,114.78850693306411,2,24.950000762939453,2026-08-17,SNPP,Central Kalimantan,Barito Selatan
-1.5974885558513743,114.79188069653887,1,24.950000762939453,2026-08-17,SNPP,Central Kalimantan,Barito Selatan
-1.5974885558513743,114.7952544600136,1,24.950000762939453,2026-08-17,SNPP,Central Kalimantan,Barito Selatan
-1.6008610080723482,114.73808902659586,1,0.8700000047683716,2026-08-17,SNPP,Central Kalimantan,Barito Selatan
-1.6008610080723482,114.74146279561462,1,0.8700000047683716,2026-08-17,SNPP,Central Kalimantan,Barito Selatan
-1.6008610080723482,114.74483656463336,1,0.8700000047683716,2026-08-17,SNPP,Central Kalimantan,Barito Selatan
-1.6008610080723482,114.77857425482092,1,9.850000381469727,2026-08-17,SNPP,Central Kalimantan,Barito Selatan
-1.6008610080723482,114.78194802383969,2,24.950000762939453,2026-08-17,SNPP,Central Kalimantan,Barito Selatan
-1.6008610080723482,114.78532179285843,2,24.950000762939453,2026-08-17,SNPP,Central Kalimantan,Barito Selatan
-1.6008610080723482,114.78869556187719,2,24.950000762939453,2026-08-17,SNPP,Central Kalimantan,Barito Selatan
-1.6008610080723482,114.79206933089596,1,24.950000762939453,2026-08-17,SNPP,Central Kalimantan,Barito Selatan
-1.6008610080723482,114.79544309991469,1,24.950000762939453,2026-08-17,SNPP,Central Kalimantan,Barito Selatan
-1.6042334602933226,114.73827797038508,1,0.8700000047683716,2026-08-17,SNPP,Central Kalimantan,Barito Selatan
-1.6042334602933226,114.7416517449596,1,0.8700000047683716,2026-08-17,SNPP,Central Kalimantan,Barito Selatan
-1.6042334602933226,114.74502551953405,1,0.8700000047683716,2026-08-17,SNPP,Central Kalimantan,Barito Selatan
-1.6042334602933226,114.78213703985325,2,24.950000762939453,2026-08-17,SNPP,Central Kalimantan,Barito Selatan
-1.6042334602933226,114.78551081442774,2,24.950000762939453,2026-08-17,SNPP,Central Kalimantan,Barito Selatan
-1.6042334602933226,114.78888458900221,2,24.950000762939453,2026-08-17,SNPP,Central Kalimantan,Barito Selatan
-1.6042334602933226,114.79225836357669,1,24.950000762939453,2026-08-17,SNPP,Central Kalimantan,Barito Selatan
-1.6042334602933226,114.79563213815115,1,24.950000762939453,2026-08-17,SNPP,Central Kalimantan,Barito Selatan
-1.6076059125142965,114.73846731231399,1,0.8700000047683716,2026-08-17,SNPP,Central Kalimantan,Barito Selatan
-1.6076059125142965,114.74184109245589,1,0.8700000047683716,2026-08-17,SNPP,Central Kalimantan,Barito Selatan
-1.6076059125142965,114.74521487259778,1,0.8700000047683716,2026-08-17,SNPP,Central Kalimantan,Barito Selatan
-1.6076059125142965,114.7823264541587,1,24.950000762939453,2026-08-17,SNPP,Central Kalimantan,Barito Selatan
-1.6076059125142965,114.78570023430058,1,24.950000762939453,2026-08-17,SNPP,Central Kalimantan,Barito Selatan
-1.6076059125142965,114.7890740144425,1,24.950000762939453,2026-08-17,SNPP,Central Kalimantan,Barito Selatan
-1.6076059125142965,114.7924477945844,1,24.950000762939453,2026-08-17,SNPP,Central Kalimantan,Barito Selatan
-1.6076059125142965,114.7958215747263,1,24.950000762939453,2026-08-17,SNPP,Central Kalimantan,Barito Selatan
-1.610978364735271,114.46200662326096,1,0.9399999976158142,2026-08-17,SNPP,Central Kalimantan,Kapuas
-1.610978364735271,114.465380408982,1,0.9399999976158142,2026-08-17,SNPP,Central Kalimantan,Kapuas
-1.610978364735271,114.46875419470302,1,0.9399999976158142,2026-08-17,SNPP,Central Kalimantan,Kapuas
-1.6143508169562448,114.46219630303001,1,0.9399999976158142,2026-08-17,SNPP,Central Kalimantan,Kapuas
-1.6143508169562448,114.4655700943419,1,0.9399999976158142,2026-08-17,SNPP,Central Kalimantan,Kapuas
-1.6143508169562448,114.46894388565377,1,0.9399999976158142,2026-08-17,SNPP,Central Kalimantan,Kapuas
-1.6177232691772192,114.46238637998862,1,0.9399999976158142,2026-08-17,SNPP,Central Kalimantan,Kapuas
-1.6177232691772192,114.46576017690303,1,0.9399999976158142,2026-08-17,SNPP,Central Kalimantan,Kapuas
-1.6177232691772192,114.46913397381745,1,0.9399999976158142,2026-08-17,SNPP,Central Kalimantan,Kapuas
-1.213029002660318,115.02597722504579,1,4.849999904632568,2026-08-17,SNPP,Central Kalimantan,Barito Utara
-1.213029002660318,115.02935043321844,1,4.849999904632568,2026-08-17,SNPP,Central Kalimantan,Barito Utara
-1.2164014548812923,115.02612078598612,1,4.849999904632568,2026-08-17,SNPP,Central Kalimantan,Barito Utara
-1.2164014548812923,115.0294939983688,1,4.849999904632568,2026-08-17,SNPP,Central Kalimantan,Barito Utara
-1.2197739071022664,115.02626474579914,1,4.849999904632568,2026-08-17,SNPP,Central Kalimantan,Barito Utara
-1.2197739071022664,115.02963796240351,1,4.849999904632568,2026-08-17,SNPP,Central Kalimantan,Barito Utara
-1.2231463593232406,115.0264091044873,1,2.9000000953674316,2026-08-17,SNPP,Central Kalimantan,Barito Utara
-1.2231463593232406,115.02978232532507,1,2.9000000953674316,2026-08-17,SNPP,Central Kalimantan,Barito Utara
-1.5671364858626065,115.47169116064703,1,2.8299999237060547,2026-08-17,SNPP,South Kalimantan,Tabalong
-1.5671364858626065,115.47506487475245,1,2.8299999237060547,2026-08-17,SNPP,South Kalimantan,Tabalong
-1.5671364858626065,115.4784385888579,1,2.8299999237060547,2026-08-17,SNPP,South Kalimantan,Tabalong
-1.5705089380835806,115.47187730884582,1,2.8299999237060547,2026-08-17,SNPP,South Kalimantan,Tabalong
-1.5705089380835806,115.4752510283899,1,2.8299999237060547,2026-08-17,SNPP,South Kalimantan,Tabalong
-1.5705089380835806,115.47862474793399,1,2.8299999237060547,2026-08-17,SNPP,South Kalimantan,Tabalong
-1.6379579825030641,110.08092900543772,1,9.789999961853027,2026-08-17,SNPP,West Kalimantan,Ketapang
-1.6379579825030641,110.0843028362133,1,9.789999961853027,2026-08-17,SNPP,West Kalimantan,Ketapang
-1.6379579825030641,110.08767666698886,1,9.789999961853027,2026-08-17,SNPP,West Kalimantan,Ketapang
-1.6379579825030641,110.09105049776444,1,2.259999990463257,2026-08-17,SNPP,West Kalimantan,Ketapang
-1.6413304347240385,110.0574976234275,1,2.7899999618530273,2026-08-17,SNPP,West Kalimantan,Ketapang
-1.6413304347240385,110.06087145988757,1,2.7899999618530273,2026-08-17,SNPP,West Kalimantan,Ketapang
-1.6413304347240385,110.06424529634764,1,2.7899999618530273,2026-08-17,SNPP,West Kalimantan,Ketapang
-1.6413304347240385,110.07436680572786,1,3.2200000286102295,2026-08-17,SNPP,West Kalimantan,Ketapang
-1.6413304347240385,110.07774064218793,1,3.2200000286102295,2026-08-17,SNPP,West Kalimantan,Ketapang
-1.6413304347240385,110.081114478648,1,7.079999923706055,2026-08-17,SNPP,West Kalimantan,Ketapang
-1.6413304347240385,110.08448831510808,1,7.079999923706055,2026-08-17,SNPP,West Kalimantan,Ketapang
-1.6413304347240385,110.08786215156815,1,7.079999923706055,2026-08-17,SNPP,West Kalimantan,Ketapang
-1.6413304347240385,110.09123598802823,1,2.259999990463257,2026-08-17,SNPP,West Kalimantan,Ketapang
-1.6447028869450124,110.05768343877168,1,2.7899999618530273,2026-08-17,SNPP,West Kalimantan,Ketapang
-1.6447028869450124,110.06105728092797,1,2.7899999618530273,2026-08-17,SNPP,West Kalimantan,Ketapang
-1.6447028869450124,110.06443112308425,1,2.7899999618530273,2026-08-17,SNPP,West Kalimantan,Ketapang
-1.6447028869450124,110.0745526495531,1,7.079999923706055,2026-08-17,SNPP,West Kalimantan,Ketapang
-1.6447028869450124,110.07792649170938,1,7.079999923706055,2026-08-17,SNPP,West Kalimantan,Ketapang
-1.6447028869450124,110.08130033386566,1,7.079999923706055,2026-08-17,SNPP,West Kalimantan,Ketapang
-1.6447028869450124,110.08467417602193,1,3.5999999046325684,2026-08-17,SNPP,West Kalimantan,Ketapang
-1.6447028869450124,110.08804801817821,1,3.5999999046325684,2026-08-17,SNPP,West Kalimantan,Ketapang
-1.6447028869450124,110.0914218603345,1,2.259999990463257,2026-08-17,SNPP,West Kalimantan,Ketapang
-1.6447028869450124,110.28710470539892,1,5.980000019073486,2026-08-17,SNPP,West Kalimantan,Ketapang
-1.6447028869450124,110.2904785475552,1,5.980000019073486,2026-08-17,SNPP,West Kalimantan,Ketapang
-1.6447028869450124,110.29385238971147,1,5.980000019073486,2026-08-17,SNPP,West Kalimantan,Ketapang
-1.6480753391659868,110.0544957881803,1,8.890000343322754,2026-08-17,SNPP,West Kalimantan,Ketapang
-1.6480753391659868,110.05786963604452,1,8.890000343322754,2026-08-17,SNPP,West Kalimantan,Ketapang
-1.6480753391659868,110.06124348390871,1,8.890000343322754,2026-08-17,SNPP,West Kalimantan,Ketapang
-1.6480753391659868,110.06461733177292,1,2.7899999618530273,2026-08-17,SNPP,West Kalimantan,Ketapang
-1.6480753391659868,110.0713650275013,1,11.710000038146973,2026-08-17,SNPP,West Kalimantan,Ketapang
-1.6480753391659868,110.07473887536553,1,7.079999923706055,2026-08-17,SNPP,West Kalimantan,Ketapang
-1.6480753391659868,110.07811272322971,1,7.079999923706055,2026-08-17,SNPP,West Kalimantan,Ketapang
-1.6480753391659868,110.08148657109392,1,7.079999923706055,2026-08-17,SNPP,West Kalimantan,Ketapang
-1.6480753391659868,110.08486041895812,1,3.5999999046325684,2026-08-17,SNPP,West Kalimantan,Ketapang
-1.6480753391659868,110.08823426682231,1,3.5999999046325684,2026-08-17,SNPP,West Kalimantan,Ketapang
-1.6480753391659868,110.09160811468652,1,2.259999990463257,2026-08-17,SNPP,West Kalimantan,Ketapang
-1.6480753391659868,110.28054359508177,1,14.050000190734863,2026-08-17,SNPP,West Kalimantan,Ketapang
-1.6480753391659868,110.28391744294596,1,15.640000343322754,2026-08-17,SNPP,West Kalimantan,Ketapang
-1.6480753391659868,110.28729129081016,1,15.640000343322754,2026-08-17,SNPP,West Kalimantan,Ketapang
-1.6480753391659868,110.29066513867437,1,15.640000343322754,2026-08-17,SNPP,West Kalimantan,Ketapang
-1.6480753391659868,110.29403898653855,1,5.980000019073486,2026-08-17,SNPP,West Kalimantan,Ketapang
-1.651447791386961,110.0546823616654,1,8.890000343322754,2026-08-17,SNPP,West Kalimantan,Ketapang
-1.651447791386961,110.05805621524924,1,8.890000343322754,2026-08-17,SNPP,West Kalimantan,Ketapang
-1.651447791386961,110.06143006883306,1,8.890000343322754,2026-08-17,SNPP,West Kalimantan,Ketapang
-1.651447791386961,110.06480392241689,1,1.9199999570846558,2026-08-17,SNPP,West Kalimantan,Ketapang
-1.651447791386961,110.07155162958453,1,11.710000038146973,2026-08-17,SNPP,West Kalimantan,Ketapang
-1.651447791386961,110.07492548316837,1,7.079999923706055,2026-08-17,SNPP,West Kalimantan,Ketapang
-1.651447791386961,110.0782993367522,1,7.079999923706055,2026-08-17,SNPP,West Kalimantan,Ketapang
-1.651447791386961,110.08167319033602,1,7.079999923706055,2026-08-17,SNPP,West Kalimantan,Ketapang
-1.651447791386961,110.08504704391984,1,3.5999999046325684,2026-08-17,SNPP,West Kalimantan,Ketapang
-1.651447791386961,110.08842089750367,1,3.5999999046325684,2026-08-17,SNPP,West Kalimantan,Ketapang
-1.651447791386961,110.27735669819796,1,11.119999885559082,2026-08-17,SNPP,West Kalimantan,Ketapang
-1.651447791386961,110.2807305517818,1,14.050000190734863,2026-08-17,SNPP,West Kalimantan,Ketapang
-1.651447791386961,110.28410440536562,1,15.640000343322754,2026-08-17,SNPP,West Kalimantan,Ketapang
-1.651447791386961,110.28747825894945,1,15.640000343322754,2026-08-17,SNPP,West Kalimantan,Ketapang
-1.651447791386961,110.29085211253327,1,15.640000343322754,2026-08-17,SNPP,West Kalimantan,Ketapang
-1.651447791386961,110.2942259661171,1,5.980000019073486,2026-08-17,SNPP,West Kalimantan,Ketapang
-1.6548202436079351,110.05486931707391,1,8.890000343322754,2026-08-17,SNPP,West Kalimantan,Ketapang
-1.6548202436079351,110.05824317638908,1,8.890000343322754,2026-08-17,SNPP,West Kalimantan,Ketapang
-1.6548202436079351,110.06161703570424,1,8.890000343322754,2026-08-17,SNPP,West Kalimantan,Ketapang
-1.6548202436079351,110.06499089501939,1,1.5399999618530273,2026-08-17,SNPP,West Kalimantan,Ketapang
-1.6548202436079351,110.07173861364971,1,11.710000038146973,2026-08-17,SNPP,West Kalimantan,Ketapang
-1.6548202436079351,110.07511247296489,1,11.710000038146973,2026-08-17,SNPP,West Kalimantan,Ketapang
-1.6548202436079351,110.07848633228005,1,11.710000038146973,2026-08-17,SNPP,West Kalimantan,Ketapang
-1.6548202436079351,110.0818601915952,1,7.079999923706055,2026-08-17,SNPP,West Kalimantan,Ketapang
-1.6548202436079351,110.08523405091037,1,7.079999923706055,2026-08-17,SNPP,West Kalimantan,Ketapang
-1.6548202436079351,110.08860791022552,1,7.079999923706055,2026-08-17,SNPP,West Kalimantan,Ketapang
-1.6548202436079351,110.27754403187453,1,11.119999885559082,2026-08-17,SNPP,West Kalimantan,Ketapang
-1.6548202436079351,110.28091789118972,1,14.050000190734863,2026-08-17,SNPP,West Kalimantan,Ketapang
-1.6548202436079351,110.28429175050488,1,15.640000343322754,2026-08-17,SNPP,West Kalimantan,Ketapang
-1.6548202436079351,110.28766560982002,1,15.640000343322754,2026-08-17,SNPP,West Kalimantan,Ketapang
-1.6548202436079351,110.29103946913519,1,15.640000343322754,2026-08-17,SNPP,West Kalimantan,Ketapang
-1.6548202436079351,110.29441332845033,1,2.380000114440918,2026-08-17,SNPP,West Kalimantan,Ketapang
-1.6548202436079351,110.35514279612325,1,15.970000267028809,2026-08-17,SNPP,West Kalimantan,Ketapang
-1.6548202436079351,110.35851665543841,1,15.970000267028809,2026-08-17,SNPP,West Kalimantan,Ketapang
-1.6548202436079351,110.36189051475357,1,15.970000267028809,2026-08-17,SNPP,West Kalimantan,Ketapang
-1.6581926958289093,110.05505665440906,1,8.890000343322754,2026-08-17,SNPP,West Kalimantan,Ketapang
-1.6581926958289093,110.05843051946727,1,8.890000343322754,2026-08-17,SNPP,West Kalimantan,Ketapang
-1.6581926958289093,110.06180438452547,1,8.890000343322754,2026-08-17,SNPP,West Kalimantan,Ketapang
-1.6581926958289093,110.06517824958367,1,1.5399999618530273,2026-08-17,SNPP,West Kalimantan,Ketapang
-1.6581926958289093,110.07529984475829,1,2.7699999809265137,2026-08-17,SNPP,West Kalimantan,Ketapang
-1.6581926958289093,110.07867370981648,1,2.7699999809265137,2026-08-17,SNPP,West Kalimantan,Ketapang
-1.6581926958289093,110.0820475748747,1,2.7699999809265137,2026-08-17,SNPP,West Kalimantan,Ketapang
-1.6581926958289093,110.08542143993289,1,1.0299999713897705,2026-08-17,SNPP,West Kalimantan,Ketapang
-1.6581926958289093,110.2777317482505,1,11.119999885559082,2026-08-17,SNPP,West Kalimantan,Ketapang
-1.6581926958289093,110.2811056133087,1,11.119999885559082,2026-08-17,SNPP,West Kalimantan,Ketapang
-1.6581926958289093,110.2844794783669,1,11.119999885559082,2026-08-17,SNPP,West Kalimantan,Ketapang
-1.6581926958289093,110.2878533434251,1,11.119999885559082,2026-08-17,SNPP,West Kalimantan,Ketapang
-1.6581926958289093,110.2912272084833,1,2.380000114440918,2026-08-17,SNPP,West Kalimantan,Ketapang
-1.6581926958289093,110.29460107354151,1,2.380000114440918,2026-08-17,SNPP,West Kalimantan,Ketapang
-1.6581926958289093,110.35533064458919,1,15.970000267028809,2026-08-17,SNPP,West Kalimantan,Ketapang
-1.6581926958289093,110.35870450964738,1,15.970000267028809,2026-08-17,SNPP,West Kalimantan,Ketapang
-1.6581926958289093,110.36207837470559,1,15.970000267028809,2026-08-17,SNPP,West Kalimantan,Ketapang
-1.6615651480498834,110.3555188760271,1,15.970000267028809,2026-08-17,SNPP,West Kalimantan,Ketapang
-1.6615651480498834,110.35889274684006,1,15.970000267028809,2026-08-17,SNPP,West Kalimantan,Ketapang
-1.6615651480498834,110.362266617653,1,15.970000267028809,2026-08-17,SNPP,West Kalimantan,Ketapang
-1.6750549569337803,110.05937296404751,1,9.069999694824219,2026-08-17,SNPP,West Kalimantan,Ketapang
-1.6750549569337803,110.06274685799656,1,9.069999694824219,2026-08-17,SNPP,West Kalimantan,Ketapang
-1.6750549569337803,110.0661207519456,1,9.069999694824219,2026-08-17,SNPP,West Kalimantan,Ketapang
-1.6784274091547542,110.0595625988243,1,9.380000114440918,2026-08-17,SNPP,West Kalimantan,Ketapang
-1.6784274091547542,110.06293649858664,1,9.380000114440918,2026-08-17,SNPP,West Kalimantan,Ketapang
-1.6784274091547542,110.06631039834897,1,9.380000114440918,2026-08-17,SNPP,West Kalimantan,Ketapang
-1.6784274091547542,110.06968429811131,1,9.380000114440918,2026-08-17,SNPP,West Kalimantan,Ketapang
-1.6817998613757286,110.05975261556233,1,9.380000114440918,2026-08-17,SNPP,West Kalimantan,Ketapang
-1.6817998613757286,110.06312652114967,1,9.380000114440918,2026-08-17,SNPP,West Kalimantan,Ketapang
-1.6817998613757286,110.06650042673701,1,9.380000114440918,2026-08-17,SNPP,West Kalimantan,Ketapang
-1.6817998613757286,110.06987433232435,1,9.380000114440918,2026-08-17,SNPP,West Kalimantan,Ketapang
-1.6851723135967025,110.05994301426487,1,15.40999984741211,2026-08-17,SNPP,West Kalimantan,Ketapang
-1.6851723135967025,110.06331692568894,1,15.40999984741211,2026-08-17,SNPP,West Kalimantan,Ketapang
-1.6851723135967025,110.066690837113,1,15.40999984741211,2026-08-17,SNPP,West Kalimantan,Ketapang
-1.6851723135967025,110.07006474853705,1,9.380000114440918,2026-08-17,SNPP,West Kalimantan,Ketapang
-1.6885447658176769,110.05675987766277,1,9.09000015258789,2026-08-17,SNPP,West Kalimantan,Ketapang
-1.6885447658176769,110.06013379493527,1,15.40999984741211,2026-08-17,SNPP,West Kalimantan,Ketapang
-1.6885447658176769,110.06350771220774,1,15.40999984741211,2026-08-17,SNPP,West Kalimantan,Ketapang
-1.6885447658176769,110.06688162948022,1,15.40999984741211,2026-08-17,SNPP,West Kalimantan,Ketapang
-1.6885447658176769,110.0702555467527,1,9.09000015258789,2026-08-17,SNPP,West Kalimantan,Ketapang
-1.691917218038651,110.05695103444417,1,9.09000015258789,2026-08-17,SNPP,West Kalimantan,Ketapang
-1.691917218038651,110.0603249575768,1,15.40999984741211,2026-08-17,SNPP,West Kalimantan,Ketapang
-1.691917218038651,110.06369888070941,1,15.40999984741211,2026-08-17,SNPP,West Kalimantan,Ketapang
-1.691917218038651,110.06707280384201,1,15.40999984741211,2026-08-17,SNPP,West Kalimantan,Ketapang
-1.691917218038651,110.07044672697464,1,9.09000015258789,2026-08-17,SNPP,West Kalimantan,Ketapang
-1.6952896702596252,110.0571425731883,1,9.09000015258789,2026-08-17,SNPP,West Kalimantan,Ketapang
-1.6952896702596252,110.06051650219277,1,9.09000015258789,2026-08-17,SNPP,West Kalimantan,Ketapang
-1.6952896702596252,110.06389043119722,1,9.09000015258789,2026-08-17,SNPP,West Kalimantan,Ketapang
-1.6952896702596252,110.06726436020168,1,9.09000015258789,2026-08-17,SNPP,West Kalimantan,Ketapang
-1.6952896702596252,110.07063828920613,1,9.09000015258789,2026-08-17,SNPP,West Kalimantan,Ketapang
-1.6952896702596252,110.26632617146461,1,1.1100000143051147,2026-08-17,SNPP,West Kalimantan,Ketapang
-1.6952896702596252,110.26970010046908,1,1.1100000143051147,2026-08-17,SNPP,West Kalimantan,Ketapang
-1.6952896702596252,110.27307402947353,1,1.1100000143051147,2026-08-17,SNPP,West Kalimantan,Ketapang
-1.6952896702596252,110.28994367449582,1,9.5600004196167,2026-08-17,SNPP,West Kalimantan,Ketapang
-1.6952896702596252,110.29331760350027,1,9.5600004196167,2026-08-17,SNPP,West Kalimantan,Ketapang
-1.6952896702596252,110.29669153250472,1,9.5600004196167,2026-08-17,SNPP,West Kalimantan,Ketapang
-1.6952896702596252,110.30006546150919,1,9.5600004196167,2026-08-17,SNPP,West Kalimantan,Ketapang
-1.6986621224805996,110.26651845695503,1,1.1100000143051147,2026-08-17,SNPP,West Kalimantan,Ketapang
-1.6986621224805996,110.26989239184303,1,1.1100000143051147,2026-08-17,SNPP,West Kalimantan,Ketapang
-1.6986621224805996,110.27326632673103,1,1.1100000143051147,2026-08-17,SNPP,West Kalimantan,Ketapang
-1.6986621224805996,110.28676206628307,1,9.5600004196167,2026-08-17,SNPP,West Kalimantan,Ketapang
-1.6986621224805996,110.29013600117106,1,8.880000114440918,2026-08-17,SNPP,West Kalimantan,Ketapang
-1.6986621224805996,110.29350993605908,1,8.880000114440918,2026-08-17,SNPP,West Kalimantan,Ketapang
-1.6986621224805996,110.29688387094708,1,8.880000114440918,2026-08-17,SNPP,West Kalimantan,Ketapang
-1.6986621224805996,110.3002578058351,1,9.5600004196167,2026-08-17,SNPP,West Kalimantan,Ketapang
-1.7020345747015735,110.2667111251408,1,1.1100000143051147,2026-08-17,SNPP,West Kalimantan,Ketapang
-1.7020345747015735,110.27008506592408,1,1.1100000143051147,2026-08-17,SNPP,West Kalimantan,Ketapang
-1.7020345747015735,110.27345900670734,1,1.1100000143051147,2026-08-17,SNPP,West Kalimantan,Ketapang
-1.7020345747015735,110.28020688827387,1,3.75,2026-08-17,SNPP,West Kalimantan,Ketapang
-1.7020345747015735,110.28358082905716,1,3.75,2026-08-17,SNPP,West Kalimantan,Ketapang
-1.7020345747015735,110.28695476984042,1,4.059999942779541,2026-08-17,SNPP,West Kalimantan,Ketapang
-1.7020345747015735,110.29032871062368,1,8.880000114440918,2026-08-17,SNPP,West Kalimantan,Ketapang
-1.7020345747015735,110.29370265140696,1,8.880000114440918,2026-08-17,SNPP,West Kalimantan,Ketapang
-1.7020345747015735,110.29707659219022,1,8.880000114440918,2026-08-17,SNPP,West Kalimantan,Ketapang
-1.7020345747015735,110.3004505329735,1,9.5600004196167,2026-08-17,SNPP,West Kalimantan,Ketapang
-1.7054070269225479,110.26690417602534,1,1.649999976158142,2026-08-17,SNPP,West Kalimantan,Ketapang
-1.7054070269225479,110.27027812271558,1,11.8100004196167,2026-08-17,SNPP,West Kalimantan,Ketapang
-1.7054070269225479,110.27365206940583,1,11.8100004196167,2026-08-17,SNPP,West Kalimantan,Ketapang
-1.7054070269225479,110.27702601609606,1,11.8100004196167,2026-08-17,SNPP,West Kalimantan,Ketapang
-1.7054070269225479,110.28039996278629,2,20.780000686645508,2026-08-17,SNPP,West Kalimantan,Ketapang
-1.7054070269225479,110.28377390947654,2,20.780000686645508,2026-08-17,SNPP,West Kalimantan,Ketapang
-1.7054070269225479,110.28714785616678,2,20.780000686645508,2026-08-17,SNPP,West Kalimantan,Ketapang
-1.7054070269225479,110.29052180285701,1,4.059999942779541,2026-08-17,SNPP,West Kalimantan,Ketapang
-1.7054070269225479,110.29389574954726,1,4.059999942779541,2026-08-17,SNPP,West Kalimantan,Ketapang
-1.7054070269225479,110.29726969623749,1,9.5600004196167,2026-08-17,SNPP,West Kalimantan,Ketapang
-1.7054070269225479,110.30064364292774,1,9.5600004196167,2026-08-17,SNPP,West Kalimantan,Ketapang
-1.7087794791435218,110.26372365700303,1,0.5299999713897705,2026-08-17,SNPP,West Kalimantan,Ketapang
-1.7087794791435218,110.26709760961197,1,0.5299999713897705,2026-08-17,SNPP,West Kalimantan,Ketapang
-1.7087794791435218,110.27047156222089,1,11.8100004196167,2026-08-17,SNPP,West Kalimantan,Ketapang
-1.7087794791435218,110.2738455148298,1,11.8100004196167,2026-08-17,SNPP,West Kalimantan,Ketapang
-1.7087794791435218,110.27721946743873,1,15.5600004196167,2026-08-17,SNPP,West Kalimantan,Ketapang
-1.7087794791435218,110.28059342004764,2,20.780000686645508,2026-08-17,SNPP,West Kalimantan,Ketapang
-1.7087794791435218,110.28396737265656,2,20.780000686645508,2026-08-17,SNPP,West Kalimantan,Ketapang
-1.7087794791435218,110.28734132526549,2,20.780000686645508,2026-08-17,SNPP,West Kalimantan,Ketapang
-1.7087794791435218,110.29071527787441,1,16.989999771118164,2026-08-17,SNPP,West Kalimantan,Ketapang
-1.7087794791435218,110.29408923048334,1,4.059999942779541,2026-08-17,SNPP,West Kalimantan,Ketapang
-1.7087794791435218,110.29746318309225,1,4.059999942779541,2026-08-17,SNPP,West Kalimantan,Ketapang
-1.7121519313644962,110.2639174673647,1,0.5299999713897705,2026-08-17,SNPP,West Kalimantan,Ketapang
-1.7121519313644962,110.26729142590402,1,0.5299999713897705,2026-08-17,SNPP,West Kalimantan,Ketapang
-1.7121519313644962,110.27066538444333,1,11.8100004196167,2026-08-17,SNPP,West Kalimantan,Ketapang
-1.7121519313644962,110.27403934298263,1,11.8100004196167,2026-08-17,SNPP,West Kalimantan,Ketapang
-1.7121519313644962,110.27741330152195,1,15.5600004196167,2026-08-17,SNPP,West Kalimantan,Ketapang
-1.7121519313644962,110.28078726006125,2,20.780000686645508,2026-08-17,SNPP,West Kalimantan,Ketapang
-1.7121519313644962,110.28416121860057,2,20.780000686645508,2026-08-17,SNPP,West Kalimantan,Ketapang
-1.7121519313644962,110.2875351771399,2,20.780000686645508,2026-08-17,SNPP,West Kalimantan,Ketapang
-1.7121519313644962,110.2909091356792,1,16.989999771118164,2026-08-17,SNPP,West Kalimantan,Ketapang
-1.7121519313644962,110.29428309421851,1,4.059999942779541,2026-08-17,SNPP,West Kalimantan,Ketapang
-1.71552438358547,110.05829982705731,1,1.940000057220459,2026-08-17,SNPP,West Kalimantan,Ketapang
-1.71552438358547,110.06167379153872,1,1.940000057220459,2026-08-17,SNPP,West Kalimantan,Ketapang
-1.71552438358547,110.0785436139458,1,27.020000457763672,2026-08-17,SNPP,West Kalimantan,Ketapang
-1.71552438358547,110.0819175784272,1,27.020000457763672,2026-08-17,SNPP,West Kalimantan,Ketapang
-1.71552438358547,110.0852915429086,1,27.020000457763672,2026-08-17,SNPP,West Kalimantan,Ketapang
-1.71552438358547,110.10553532979708,1,12.180000305175781,2026-08-17,SNPP,West Kalimantan,Ketapang
-1.71552438358547,110.10890929427849,1,12.180000305175781,2026-08-17,SNPP,West Kalimantan,Ketapang
-1.71552438358547,110.11228325875992,1,12.180000305175781,2026-08-17,SNPP,West Kalimantan,Ketapang
-1.71552438358547,110.11565722324133,1,12.180000305175781,2026-08-17,SNPP,West Kalimantan,Ketapang
-1.71552438358547,110.11903118772273,1,12.180000305175781,2026-08-17,SNPP,West Kalimantan,Ketapang
-1.71552438358547,110.27085958938629,1,2.6600000858306885,2026-08-17,SNPP,West Kalimantan,Ketapang
-1.71552438358547,110.27423355386772,1,2.6600000858306885,2026-08-17,SNPP,West Kalimantan,Ketapang
-1.71552438358547,110.27760751834911,1,15.5600004196167,2026-08-17,SNPP,West Kalimantan,Ketapang
-1.71552438358547,110.28098148283053,1,16.989999771118164,2026-08-17,SNPP,West Kalimantan,Ketapang
-1.71552438358547,110.28435544731195,1,16.989999771118164,2026-08-17,SNPP,West Kalimantan,Ketapang
-1.71552438358547,110.28772941179336,1,16.989999771118164,2026-08-17,SNPP,West Kalimantan,Ketapang
-1.71552438358547,110.29110337627476,1,16.989999771118164,2026-08-17,SNPP,West Kalimantan,Ketapang
-1.7188968358064445,110.05849403963404,1,1.940000057220459,2026-08-17,SNPP,West Kalimantan,Ketapang
-1.7188968358064445,110.06186801006928,1,1.940000057220459,2026-08-17,SNPP,West Kalimantan,Ketapang
-1.7188968358064445,110.0787378622454,1,27.020000457763672,2026-08-17,SNPP,West Kalimantan,Ketapang
-1.7188968358064445,110.08211183268061,1,27.020000457763672,2026-08-17,SNPP,West Kalimantan,Ketapang
-1.7188968358064445,110.08548580311584,1,27.020000457763672,2026-08-17,SNPP,West Kalimantan,Ketapang
-1.7188968358064445,110.08885977355106,1,3.190000057220459,2026-08-17,SNPP,West Kalimantan,Ketapang
-1.7188968358064445,110.10572962572718,1,12.180000305175781,2026-08-17,SNPP,West Kalimantan,Ketapang
-1.7188968358064445,110.1091035961624,1,12.180000305175781,2026-08-17,SNPP,West Kalimantan,Ketapang
-1.7188968358064445,110.11247756659763,1,12.180000305175781,2026-08-17,SNPP,West Kalimantan,Ketapang
-1.7188968358064445,110.11585153703285,1,12.180000305175781,2026-08-17,SNPP,West Kalimantan,Ketapang
-1.7188968358064445,110.11922550746809,1,12.180000305175781,2026-08-17,SNPP,West Kalimantan,Ketapang
-1.7188968358064445,110.27442814748836,1,2.6600000858306885,2026-08-17,SNPP,West Kalimantan,Ketapang
-1.7188968358064445,110.27780211792359,1,2.6600000858306885,2026-08-17,SNPP,West Kalimantan,Ketapang
-1.7188968358064445,110.2811760883588,1,2.6600000858306885,2026-08-17,SNPP,West Kalimantan,Ketapang
-1.7222692880274186,110.0586886342003,1,1.940000057220459,2026-08-17,SNPP,West Kalimantan,Ketapang
-1.7222692880274186,110.06206261060105,1,1.940000057220459,2026-08-17,SNPP,West Kalimantan,Ketapang
-1.7222692880274186,110.07893249260476,1,27.020000457763672,2026-08-17,SNPP,West Kalimantan,Ketapang
-1.7222692880274186,110.08230646900552,1,27.020000457763672,2026-08-17,SNPP,West Kalimantan,Ketapang
-1.7222692880274186,110.08568044540625,1,27.020000457763672,2026-08-17,SNPP,West Kalimantan,Ketapang
-1.7222692880274186,110.08905442180699,1,3.5999999046325684,2026-08-17,SNPP,West Kalimantan,Ketapang
-1.7222692880274186,110.09242839820774,1,1.840000033378601,2026-08-17,SNPP,West Kalimantan,Ketapang
-1.7222692880274186,110.10592430381071,1,12.180000305175781,2026-08-17,SNPP,West Kalimantan,Ketapang
-1.7222692880274186,110.10929828021146,1,12.180000305175781,2026-08-17,SNPP,West Kalimantan,Ketapang
-1.7222692880274186,110.11267225661221,1,12.180000305175781,2026-08-17,SNPP,West Kalimantan,Ketapang
-1.7222692880274186,110.11604623301297,1,12.180000305175781,2026-08-17,SNPP,West Kalimantan,Ketapang
-1.7222692880274186,110.1194202094137,1,12.180000305175781,2026-08-17,SNPP,West Kalimantan,Ketapang
-1.7222692880274186,110.261127218245,0,4.690000057220459,2026-08-17,SNPP,West Kalimantan,Ketapang
-1.7222692880274186,110.26450119464575,0,4.690000057220459,2026-08-17,SNPP,West Kalimantan,Ketapang
-1.7222692880274186,110.2678751710465,0,4.690000057220459,2026-08-17,SNPP,West Kalimantan,Ketapang
-1.7256417402483928,110.07237954027133,1,24.18000030517578,2026-08-17,SNPP,West Kalimantan,Ketapang
-1.7256417402483928,110.0757535226493,1,24.18000030517578,2026-08-17,SNPP,West Kalimantan,Ketapang
-1.7256417402483928,110.07912750502729,1,24.18000030517578,2026-08-17,SNPP,West Kalimantan,Ketapang
-1.7256417402483928,110.08250148740525,1,24.18000030517578,2026-08-17,SNPP,West Kalimantan,Ketapang
-1.7256417402483928,110.08587546978323,1,24.18000030517578,2026-08-17,SNPP,West Kalimantan,Ketapang
-1.7256417402483928,110.08924945216121,1,3.5999999046325684,2026-08-17,SNPP,West Kalimantan,Ketapang
-1.7256417402483928,110.09262343453918,1,1.840000033378601,2026-08-17,SNPP,West Kalimantan,Ketapang
-1.7256417402483928,110.12298927594098,1,10.3100004196167,2026-08-17,SNPP,West Kalimantan,Ketapang
-1.7256417402483928,110.12636325831896,1,10.3100004196167,2026-08-17,SNPP,West Kalimantan,Ketapang
-1.7256417402483928,110.12973724069694,1,10.3100004196167,2026-08-17,SNPP,West Kalimantan,Ketapang
-1.7256417402483928,110.26132255343803,0,4.690000057220459,2026-08-17,SNPP,West Kalimantan,Ketapang
-1.7256417402483928,110.264696535816,0,4.690000057220459,2026-08-17,SNPP,West Kalimantan,Ketapang
-1.7256417402483928,110.268070518194,0,4.690000057220459,2026-08-17,SNPP,West Kalimantan,Ketapang
-1.729014192469367,110.07257492278247,1,24.18000030517578,2026-08-17,SNPP,West Kalimantan,Ketapang
-1.729014192469367,110.07594891114938,1,24.18000030517578,2026-08-17,SNPP,West Kalimantan,Ketapang
-1.729014192469367,110.07932289951633,1,24.18000030517578,2026-08-17,SNPP,West Kalimantan,Ketapang
-1.729014192469367,110.08269688788323,1,24.18000030517578,2026-08-17,SNPP,West Kalimantan,Ketapang
-1.729014192469367,110.08607087625015,1,24.18000030517578,2026-08-17,SNPP,West Kalimantan,Ketapang
-1.729014192469367,110.08944486461708,1,3.5999999046325684,2026-08-17,SNPP,West Kalimantan,Ketapang
-1.729014192469367,110.12318474828626,2,23.6200008392334,2026-08-17,SNPP,West Kalimantan,Ketapang
-1.729014192469367,110.12655873665318,2,23.6200008392334,2026-08-17,SNPP,West Kalimantan,Ketapang
-1.729014192469367,110.12993272502011,2,23.6200008392334,2026-08-17,SNPP,West Kalimantan,Ketapang
-1.729014192469367,110.13330671338703,2,23.6200008392334,2026-08-17,SNPP,West Kalimantan,Ketapang
-1.729014192469367,110.23452636439463,1,2.9000000953674316,2026-08-17,SNPP,West Kalimantan,Ketapang
-1.729014192469367,110.23790035276153,1,2.9000000953674316,2026-08-17,SNPP,West Kalimantan,Ketapang
-1.729014192469367,110.24127434112846,1,9.65999984741211,2026-08-17,SNPP,West Kalimantan,Ketapang
-1.729014192469367,110.24464832949538,1,9.65999984741211,2026-08-17,SNPP,West Kalimantan,Ketapang
-1.729014192469367,110.24802231786228,1,9.65999984741211,2026-08-17,SNPP,West Kalimantan,Ketapang
-1.729014192469367,110.25139630622922,0,9.65999984741211,2026-08-17,SNPP,West Kalimantan,Ketapang
-1.729014192469367,110.25477029459614,0,9.65999984741211,2026-08-17,SNPP,West Kalimantan,Ketapang
-1.729014192469367,110.26151827132998,0,4.690000057220459,2026-08-17,SNPP,West Kalimantan,Ketapang
-1.729014192469367,110.2648922596969,0,4.690000057220459,2026-08-17,SNPP,West Kalimantan,Ketapang
-1.729014192469367,110.26826624806381,0,4.690000057220459,2026-08-17,SNPP,West Kalimantan,Ketapang
-1.732386644690341,110.07277068734011,1,24.18000030517578,2026-08-17,SNPP,West Kalimantan,Ketapang
-1.732386644690341,110.07614468170769,1,24.18000030517578,2026-08-17,SNPP,West Kalimantan,Ketapang
-1.732386644690341,110.07951867607527,1,24.18000030517578,2026-08-17,SNPP,West Kalimantan,Ketapang
-1.732386644690341,110.08289267044285,1,24.18000030517578,2026-08-17,SNPP,West Kalimantan,Ketapang
-1.732386644690341,110.08626666481041,1,9.010000228881836,2026-08-17,SNPP,West Kalimantan,Ketapang
-1.732386644690341,110.08964065917799,1,9.010000228881836,2026-08-17,SNPP,West Kalimantan,Ketapang
-1.732386644690341,110.09301465354557,1,9.010000228881836,2026-08-17,SNPP,West Kalimantan,Ketapang
-1.732386644690341,110.09638864791313,1,9.010000228881836,2026-08-17,SNPP,West Kalimantan,Ketapang
-1.732386644690341,110.09976264228071,1,9.010000228881836,2026-08-17,SNPP,West Kalimantan,Ketapang
-1.732386644690341,110.12338060285371,2,23.6200008392334,2026-08-17,SNPP,West Kalimantan,Ketapang
-1.732386644690341,110.12675459722128,2,23.6200008392334,2026-08-17,SNPP,West Kalimantan,Ketapang
-1.732386644690341,110.13012859158886,2,23.6200008392334,2026-08-17,SNPP,West Kalimantan,Ketapang
-1.732386644690341,110.13350258595644,2,23.6200008392334,2026-08-17,SNPP,West Kalimantan,Ketapang
-1.732386644690341,110.23472241698362,1,2.9000000953674316,2026-08-17,SNPP,West Kalimantan,Ketapang
-1.732386644690341,110.2380964113512,1,2.9000000953674316,2026-08-17,SNPP,West Kalimantan,Ketapang
-1.732386644690341,110.24147040571876,1,9.65999984741211,2026-08-17,SNPP,West Kalimantan,Ketapang
-1.732386644690341,110.24484440008634,1,9.65999984741211,2026-08-17,SNPP,West Kalimantan,Ketapang
-1.732386644690341,110.2482183944539,1,9.65999984741211,2026-08-17,SNPP,West Kalimantan,Ketapang
-1.732386644690341,110.25159238882148,0,9.65999984741211,2026-08-17,SNPP,West Kalimantan,Ketapang
-1.732386644690341,110.25496638318904,0,9.65999984741211,2026-08-17,SNPP,West Kalimantan,Ketapang
-1.7357590969113152,110.07634083432757,1,5.5,2026-08-17,SNPP,West Kalimantan,Ketapang
-1.7357590969113152,110.07971483470753,1,5.5,2026-08-17,SNPP,West Kalimantan,Ketapang
-1.7357590969113152,110.08308883508747,1,6.179999828338623,2026-08-17,SNPP,West Kalimantan,Ketapang
-1.7357590969113152,110.08646283546739,1,9.010000228881836,2026-08-17,SNPP,West Kalimantan,Ketapang
-1.7357590969113152,110.08983683584732,1,9.010000228881836,2026-08-17,SNPP,West Kalimantan,Ketapang
-1.7357590969113152,110.09321083622726,1,9.010000228881836,2026-08-17,SNPP,West Kalimantan,Ketapang
-1.7357590969113152,110.0965848366072,1,9.010000228881836,2026-08-17,SNPP,West Kalimantan,Ketapang
-1.7357590969113152,110.09995883698714,1,9.010000228881836,2026-08-17,SNPP,West Kalimantan,Ketapang
-1.7357590969113152,110.12357683964669,2,23.6200008392334,2026-08-17,SNPP,West Kalimantan,Ketapang
-1.7357590969113152,110.12695084002662,2,23.6200008392334,2026-08-17,SNPP,West Kalimantan,Ketapang
-1.7357590969113152,110.13032484040657,2,23.6200008392334,2026-08-17,SNPP,West Kalimantan,Ketapang
-1.7357590969113152,110.13369884078651,2,23.6200008392334,2026-08-17,SNPP,West Kalimantan,Ketapang
-1.7357590969113152,110.2349188521846,1,2.9000000953674316,2026-08-17,SNPP,West Kalimantan,Ketapang
-1.7357590969113152,110.23829285256454,1,2.9000000953674316,2026-08-17,SNPP,West Kalimantan,Ketapang
-1.7357590969113152,110.24166685294448,1,9.65999984741211,2026-08-17,SNPP,West Kalimantan,Ketapang
-1.7357590969113152,110.24504085332441,1,9.65999984741211,2026-08-17,SNPP,West Kalimantan,Ketapang
-1.7357590969113152,110.24841485370435,1,9.65999984741211,2026-08-17,SNPP,West Kalimantan,Ketapang
-1.7357590969113152,110.2517888540843,0,9.65999984741211,2026-08-17,SNPP,West Kalimantan,Ketapang
-1.7357590969113152,110.25516285446423,0,9.65999984741211,2026-08-17,SNPP,West Kalimantan,Ketapang
-1.7391315491322894,110.07653736901247,1,5.5,2026-08-17,SNPP,West Kalimantan,Ketapang
-1.7391315491322894,110.0799113754165,1,12.329999923706055,2026-08-17,SNPP,West Kalimantan,Ketapang
-1.7391315491322894,110.0832853818205,1,6.179999828338623,2026-08-17,SNPP,West Kalimantan,Ketapang
-1.7391315491322894,110.08665938822452,1,9.010000228881836,2026-08-17,SNPP,West Kalimantan,Ketapang
-1.7391315491322894,110.09003339462852,1,9.010000228881836,2026-08-17,SNPP,West Kalimantan,Ketapang
-1.7391315491322894,110.09340740103252,1,13.649999618530273,2026-08-17,SNPP,West Kalimantan,Ketapang
-1.7391315491322894,110.09678140743655,1,13.649999618530273,2026-08-17,SNPP,West Kalimantan,Ketapang
-1.7391315491322894,110.10015541384055,1,13.649999618530273,2026-08-17,SNPP,West Kalimantan,Ketapang
-1.7391315491322894,110.23848967640502,1,1.2699999809265137,2026-08-17,SNPP,West Kalimantan,Ketapang
-1.7391315491322894,110.24186368280903,1,1.2699999809265137,2026-08-17,SNPP,West Kalimantan,Ketapang
-1.7391315491322894,110.24523768921304,1,1.2699999809265137,2026-08-17,SNPP,West Kalimantan,Ketapang
-1.7425040013532636,110.08010829820557,1,12.329999923706055,2026-08-17,SNPP,West Kalimantan,Ketapang
-1.7425040013532636,110.08348231064537,1,6.179999828338623,2026-08-17,SNPP,West Kalimantan,Ketapang
-1.7425040013532636,110.08685632308516,1,6.179999828338623,2026-08-17,SNPP,West Kalimantan,Ketapang
-1.7425040013532636,110.09023033552495,1,6.179999828338623,2026-08-17,SNPP,West Kalimantan,Ketapang
-1.7425040013532636,110.09360434796474,1,13.649999618530273,2026-08-17,SNPP,West Kalimantan,Ketapang
-1.7425040013532636,110.09697836040455,1,13.649999618530273,2026-08-17,SNPP,West Kalimantan,Ketapang
-1.7425040013532636,110.10035237284434,1,13.649999618530273,2026-08-17,SNPP,West Kalimantan,Ketapang
-1.7425040013532636,110.17458064651987,1,1.159999966621399,2026-08-17,SNPP,West Kalimantan,Ketapang
-1.7425040013532636,110.17795465895966,1,1.159999966621399,2026-08-17,SNPP,West Kalimantan,Ketapang
-1.7458764535742377,110.03644336274336,1,61.099998474121094,2026-08-17,SNPP,West Kalimantan,Ketapang
-1.7458764535742377,110.03981738123065,1,61.099998474121094,2026-08-17,SNPP,West Kalimantan,Ketapang
-1.7458764535742377,110.04319139971795,1,61.099998474121094,2026-08-17,SNPP,West Kalimantan,Ketapang
-1.7458764535742377,110.08030560307819,1,12.329999923706055,2026-08-17,SNPP,West Kalimantan,Ketapang
-1.7458764535742377,110.08367962156548,1,12.329999923706055,2026-08-17,SNPP,West Kalimantan,Ketapang
-1.7458764535742377,110.08705364005277,1,13.649999618530273,2026-08-17,SNPP,West Kalimantan,Ketapang
-1.7458764535742377,110.09042765854007,1,13.649999618530273,2026-08-17,SNPP,West Kalimantan,Ketapang
-1.7458764535742377,110.09380167702734,1,13.649999618530273,2026-08-17,SNPP,West Kalimantan,Ketapang
-1.7458764535742377,110.09717569551466,1,13.649999618530273,2026-08-17,SNPP,West Kalimantan,Ketapang
-1.7458764535742377,110.10054971400194,1,13.649999618530273,2026-08-17,SNPP,West Kalimantan,Ketapang
-1.7458764535742377,110.17477812072241,1,1.159999966621399,2026-08-17,SNPP,West Kalimantan,Ketapang
-1.7458764535742377,110.1781521392097,1,1.159999966621399,2026-08-17,SNPP,West Kalimantan,Ketapang
-1.749248905795212,110.03664097093323,1,61.099998474121094,2026-08-17,SNPP,West Kalimantan,Ketapang
-1.749248905795212,110.04001499547972,1,61.099998474121094,2026-08-17,SNPP,West Kalimantan,Ketapang
-1.749248905795212,110.04338902002623,1,61.099998474121094,2026-08-17,SNPP,West Kalimantan,Ketapang
-1.749248905795212,110.04676304457274,1,43.38999938964844,2026-08-17,SNPP,West Kalimantan,Ketapang
-1.749248905795212,110.05013706911923,1,43.38999938964844,2026-08-17,SNPP,West Kalimantan,Ketapang
-1.749248905795212,110.08725133913075,1,15.5600004196167,2026-08-17,SNPP,West Kalimantan,Ketapang
-1.749248905795212,110.09062536367725,1,15.5600004196167,2026-08-17,SNPP,West Kalimantan,Ketapang
-1.749248905795212,110.09399938822374,1,15.5600004196167,2026-08-17,SNPP,West Kalimantan,Ketapang
-1.749248905795212,110.09737341277025,1,15.5600004196167,2026-08-17,SNPP,West Kalimantan,Ketapang
-1.749248905795212,110.10074743731677,1,13.649999618530273,2026-08-17,SNPP,West Kalimantan,Ketapang
-1.749248905795212,110.1749759773398,1,1.159999966621399,2026-08-17,SNPP,West Kalimantan,Ketapang
-1.749248905795212,110.17835000188629,1,1.159999966621399,2026-08-17,SNPP,West Kalimantan,Ketapang
-1.7526213580161862,110.03683896106122,1,61.099998474121094,2026-08-17,SNPP,West Kalimantan,Ketapang
-1.7526213580161862,110.04021299167864,1,61.099998474121094,2026-08-17,SNPP,West Kalimantan,Ketapang
-1.7526213580161862,110.04358702229605,1,61.099998474121094,2026-08-17,SNPP,West Kalimantan,Ketapang
-1.7526213580161862,110.04696105291349,1,43.38999938964844,2026-08-17,SNPP,West Kalimantan,Ketapang
-1.7526213580161862,110.05033508353091,1,43.38999938964844,2026-08-17,SNPP,West Kalimantan,Ketapang
-1.7526213580161862,110.08744942032253,1,15.5600004196167,2026-08-17,SNPP,West Kalimantan,Ketapang
-1.7526213580161862,110.09082345093995,1,15.5600004196167,2026-08-17,SNPP,West Kalimantan,Ketapang
-1.7526213580161862,110.09419748155737,1,15.5600004196167,2026-08-17,SNPP,West Kalimantan,Ketapang
-1.7526213580161862,110.0975715121748,1,15.5600004196167,2026-08-17,SNPP,West Kalimantan,Ketapang
-1.7559938102371604,110.04378540653089,1,43.38999938964844,2026-08-17,SNPP,West Kalimantan,Ketapang
-1.7559938102371604,110.04715944323094,1,43.38999938964844,2026-08-17,SNPP,West Kalimantan,Ketapang
-1.7559938102371604,110.05053347993099,1,43.38999938964844,2026-08-17,SNPP,West Kalimantan,Ketapang
-1.7559938102371604,110.08764788363156,1,15.5600004196167,2026-08-17,SNPP,West Kalimantan,Ketapang
-1.7559938102371604,110.0910219203316,1,15.5600004196167,2026-08-17,SNPP,West Kalimantan,Ketapang
-1.7559938102371604,110.09439595703165,1,15.5600004196167,2026-08-17,SNPP,West Kalimantan,Ketapang
-1.7559938102371604,110.09776999373172,1,15.5600004196167,2026-08-17,SNPP,West Kalimantan,Ketapang
-1.7559938102371604,110.13488439743227,1,6.920000076293945,2026-08-17,SNPP,West Kalimantan,Ketapang
-1.7559938102371604,110.13825843413233,1,6.920000076293945,2026-08-17,SNPP,West Kalimantan,Ketapang
-1.7559938102371604,110.14163247083238,1,6.920000076293945,2026-08-17,SNPP,West Kalimantan,Ketapang
-1.7559938102371604,110.14500650753243,1,6.920000076293945,2026-08-17,SNPP,West Kalimantan,Ketapang
-1.7559938102371604,110.14838054423247,1,6.920000076293945,2026-08-17,SNPP,West Kalimantan,Ketapang
-1.7593662624581345,110.13508332818277,1,6.920000076293945,2026-08-17,SNPP,West Kalimantan,Ketapang
-1.7593662624581345,110.13845737097716,1,18.15999984741211,2026-08-17,SNPP,West Kalimantan,Ketapang
-1.7593662624581345,110.14183141377156,1,18.15999984741211,2026-08-17,SNPP,West Kalimantan,Ketapang
-1.7593662624581345,110.14520545656595,1,18.15999984741211,2026-08-17,SNPP,West Kalimantan,Ketapang
-1.7593662624581345,110.14857949936034,1,6.920000076293945,2026-08-17,SNPP,West Kalimantan,Ketapang
-1.7627387146791087,110.13528264122137,1,6.920000076293945,2026-08-17,SNPP,West Kalimantan,Ketapang
-1.7627387146791087,110.1386566901218,1,18.15999984741211,2026-08-17,SNPP,West Kalimantan,Ketapang
-1.7627387146791087,110.14203073902226,1,18.15999984741211,2026-08-17,SNPP,West Kalimantan,Ketapang
-1.7627387146791087,110.14540478792269,1,18.15999984741211,2026-08-17,SNPP,West Kalimantan,Ketapang
-1.7627387146791087,110.14877883682314,1,6.920000076293945,2026-08-17,SNPP,West Kalimantan,Ketapang
-1.7661111669000829,110.13885639156972,1,18.15999984741211,2026-08-17,SNPP,West Kalimantan,Ketapang
-1.7661111669000829,110.14223044658793,1,18.15999984741211,2026-08-17,SNPP,West Kalimantan,Ketapang
-1.7661111669000829,110.14560450160613,1,18.15999984741211,2026-08-17,SNPP,West Kalimantan,Ketapang
-1.7661111669000829,110.14897855662434,1,9.220000267028809,2026-08-17,SNPP,West Kalimantan,Ketapang
-1.769483619121057,110.04458276318903,1,9.430000305175781,2026-08-17,SNPP,West Kalimantan,Ketapang
-1.769483619121057,110.04795682433674,1,9.430000305175781,2026-08-17,SNPP,West Kalimantan,Ketapang
-1.769483619121057,110.05133088548442,1,9.430000305175781,2026-08-17,SNPP,West Kalimantan,Ketapang
-1.769483619121057,110.0547049466321,1,9.430000305175781,2026-08-17,SNPP,West Kalimantan,Ketapang
-1.769483619121057,110.14243053647202,1,9.220000267028809,2026-08-17,SNPP,West Kalimantan,Ketapang
-1.769483619121057,110.1458045976197,1,9.220000267028809,2026-08-17,SNPP,West Kalimantan,Ketapang
-1.769483619121057,110.14917865876738,1,9.220000267028809,2026-08-17,SNPP,West Kalimantan,Ketapang
-1.769483619121057,110.2773929823796,1,2.059999942779541,2026-08-17,SNPP,West Kalimantan,Ketapang
-1.769483619121057,110.28076704352728,1,2.059999942779541,2026-08-17,SNPP,West Kalimantan,Ketapang
-1.769483619121057,110.28414110467497,1,2.059999942779541,2026-08-17,SNPP,West Kalimantan,Ketapang
-1.7728560713420312,110.04478305730055,1,9.430000305175781,2026-08-17,SNPP,West Kalimantan,Ketapang
-1.7728560713420312,110.04815712458942,1,9.430000305175781,2026-08-17,SNPP,West Kalimantan,Ketapang
-1.7728560713420312,110.05153119187831,1,9.430000305175781,2026-08-17,SNPP,West Kalimantan,Ketapang
-1.7728560713420312,110.05490525916719,1,9.430000305175781,2026-08-17,SNPP,West Kalimantan,Ketapang
-1.7728560713420312,110.14263100867802,1,9.220000267028809,2026-08-17,SNPP,West Kalimantan,Ketapang
-1.7728560713420312,110.1460050759669,1,9.220000267028809,2026-08-17,SNPP,West Kalimantan,Ketapang
-1.7728560713420312,110.14937914325576,1,9.220000267028809,2026-08-17,SNPP,West Kalimantan,Ketapang
-1.7728560713420312,110.27759370023315,1,2.059999942779541,2026-08-17,SNPP,West Kalimantan,Ketapang
-1.7728560713420312,110.28096776752201,1,2.059999942779541,2026-08-17,SNPP,West Kalimantan,Ketapang
-1.7728560713420312,110.2843418348109,1,2.059999942779541,2026-08-17,SNPP,West Kalimantan,Ketapang
-1.7762285235630055,110.04498373339781,1,9.430000305175781,2026-08-17,SNPP,West Kalimantan,Ketapang
-1.7762285235630055,110.0483578068396,1,9.430000305175781,2026-08-17,SNPP,West Kalimantan,Ketapang
-1.7762285235630055,110.05173188028138,1,9.430000305175781,2026-08-17,SNPP,West Kalimantan,Ketapang
-1.7762285235630055,110.05510595372316,1,9.430000305175781,2026-08-17,SNPP,West Kalimantan,Ketapang
-1.7762285235630055,110.1934429648361,1,13.069999694824219,2026-08-17,SNPP,West Kalimantan,Ketapang
-1.7762285235630055,110.19681703827787,1,13.069999694824219,2026-08-17,SNPP,West Kalimantan,Ketapang
-1.7762285235630055,110.20019111171965,1,13.069999694824219,2026-08-17,SNPP,West Kalimantan,Ketapang
-1.7762285235630055,110.27779480088059,1,2.059999942779541,2026-08-17,SNPP,West Kalimantan,Ketapang
-1.7762285235630055,110.28116887432236,1,2.059999942779541,2026-08-17,SNPP,West Kalimantan,Ketapang
-1.7762285235630055,110.28454294776414,1,2.059999942779541,2026-08-17,SNPP,West Kalimantan,Ketapang
-1.7796009757839795,110.18352205534637,1,9.270000457763672,2026-08-17,SNPP,West Kalimantan,Ketapang
-1.7796009757839795,110.18689613495276,2,12.819999694824219,2026-08-17,SNPP,West Kalimantan,Ketapang
-1.7796009757839795,110.19027021455915,2,12.819999694824219,2026-08-17,SNPP,West Kalimantan,Ketapang
-1.7796009757839795,110.19364429416554,2,12.819999694824219,2026-08-17,SNPP,West Kalimantan,Ketapang
-1.7796009757839795,110.19701837377194,1,9.34000015258789,2026-08-17,SNPP,West Kalimantan,Ketapang
-1.7796009757839795,110.20039245337833,1,13.069999694824219,2026-08-17,SNPP,West Kalimantan,Ketapang
-1.7796009757839795,110.20376653298473,1,9.34000015258789,2026-08-17,SNPP,West Kalimantan,Ketapang
-1.7829734280049538,110.18372374865487,1,9.270000457763672,2026-08-17,SNPP,West Kalimantan,Ketapang
-1.7829734280049538,110.18709783443761,2,12.819999694824219,2026-08-17,SNPP,West Kalimantan,Ketapang
-1.7829734280049538,110.19047192022032,2,12.819999694824219,2026-08-17,SNPP,West Kalimantan,Ketapang
-1.7829734280049538,110.19384600600303,2,12.819999694824219,2026-08-17,SNPP,West Kalimantan,Ketapang
-1.7829734280049538,110.19722009178575,1,9.34000015258789,2026-08-17,SNPP,West Kalimantan,Ketapang
-1.7829734280049538,110.20059417756846,1,13.069999694824219,2026-08-17,SNPP,West Kalimantan,Ketapang
-1.7829734280049538,110.20396826335119,1,9.34000015258789,2026-08-17,SNPP,West Kalimantan,Ketapang
-1.7863458802259278,110.1839258244398,1,25.690000534057617,2026-08-17,SNPP,West Kalimantan,Ketapang
-1.7863458802259278,110.18729991641055,2,12.819999694824219,2026-08-17,SNPP,West Kalimantan,Ketapang
-1.7863458802259278,110.19067400838132,2,12.819999694824219,2026-08-17,SNPP,West Kalimantan,Ketapang
-1.7863458802259278,110.19404810035206,2,12.819999694824219,2026-08-17,SNPP,West Kalimantan,Ketapang
-1.7863458802259278,110.19742219232282,1,9.34000015258789,2026-08-17,SNPP,West Kalimantan,Ketapang
-1.7863458802259278,110.20079628429357,1,9.34000015258789,2026-08-17,SNPP,West Kalimantan,Ketapang
-1.7863458802259278,110.20417037626434,1,9.34000015258789,2026-08-17,SNPP,West Kalimantan,Ketapang
-1.7897183324469021,110.1841282827046,1,25.690000534057617,2026-08-17,SNPP,West Kalimantan,Ketapang
-1.7897183324469021,110.18750238087513,1,25.690000534057617,2026-08-17,SNPP,West Kalimantan,Ketapang
-1.7897183324469021,110.19087647904564,1,25.690000534057617,2026-08-17,SNPP,West Kalimantan,Ketapang
-1.7897183324469021,110.19425057721614,1,15.050000190734863,2026-08-17,SNPP,West Kalimantan,Ketapang
-1.7897183324469021,110.19762467538663,1,3.5299999713897705,2026-08-17,SNPP,West Kalimantan,Ketapang
-1.7964632368888502,110.18116023608286,1,2.25,2026-08-17,SNPP,West Kalimantan,Ketapang
-1.7964632368888502,110.18453434668801,1,2.25,2026-08-17,SNPP,West Kalimantan,Ketapang
-1.7964632368888502,110.18790845729316,1,2.25,2026-08-17,SNPP,West Kalimantan,Ketapang
-1.7964632368888502,110.1912825678983,1,2.25,2026-08-17,SNPP,West Kalimantan,Ketapang
-1.7998356891098246,110.17798971873358,1,2.25,2026-08-17,SNPP,West Kalimantan,Ketapang
-1.7998356891098246,110.1813638355736,1,2.25,2026-08-17,SNPP,West Kalimantan,Ketapang
-1.7998356891098246,110.18473795241363,1,2.25,2026-08-17,SNPP,West Kalimantan,Ketapang
-1.7998356891098246,110.18811206925368,1,2.25,2026-08-17,SNPP,West Kalimantan,Ketapang
-1.7998356891098246,110.19148618609371,1,2.25,2026-08-17,SNPP,West Kalimantan,Ketapang
-1.8032081413307988,110.17819369445999,1,2.25,2026-08-17,SNPP,West Kalimantan,Ketapang
-1.8032081413307988,110.18156781754661,1,2.25,2026-08-17,SNPP,West Kalimantan,Ketapang
-1.8032081413307988,110.18494194063325,1,2.25,2026-08-17,SNPP,West Kalimantan,Ketapang
-1.8032081413307988,110.1883160637199,1,2.25,2026-08-17,SNPP,West Kalimantan,Ketapang
-1.8032081413307988,110.19169018680651,1,2.25,2026-08-17,SNPP,West Kalimantan,Ketapang
-1.8166979502146954,110.48268675925716,1,1.0700000524520874,2026-08-17,SNPP,West Kalimantan,Ketapang
-1.8166979502146954,110.48606090744732,1,1.0700000524520874,2026-08-17,SNPP,West Kalimantan,Ketapang
-1.8166979502146954,110.48943505563749,1,1.0700000524520874,2026-08-17,SNPP,West Kalimantan,Ketapang
-1.8200704024356695,110.23995409119057,1,0.7699999809265137,2026-08-17,SNPP,West Kalimantan,Ketapang
-1.8200704024356695,110.24332824568589,1,0.7699999809265137,2026-08-17,SNPP,West Kalimantan,Ketapang
-1.8200704024356695,110.24670240018123,1,0.7699999809265137,2026-08-17,SNPP,West Kalimantan,Ketapang
-1.8200704024356695,110.48289321485461,1,1.0700000524520874,2026-08-17,SNPP,West Kalimantan,Ketapang
-1.8200704024356695,110.48626736934993,1,1.0700000524520874,2026-08-17,SNPP,West Kalimantan,Ketapang
-1.8200704024356695,110.48964152384528,1,1.0700000524520874,2026-08-17,SNPP,West Kalimantan,Ketapang
-1.823442854656644,110.24016047551872,1,0.7699999809265137,2026-08-17,SNPP,West Kalimantan,Ketapang
-1.823442854656644,110.24353463633093,1,0.7699999809265137,2026-08-17,SNPP,West Kalimantan,Ketapang
-1.823442854656644,110.24690879714315,1,0.7699999809265137,2026-08-17,SNPP,West Kalimantan,Ketapang
-1.823442854656644,110.48310005399816,1,1.0700000524520874,2026-08-17,SNPP,West Kalimantan,Ketapang
-1.823442854656644,110.48647421481037,1,1.0700000524520874,2026-08-17,SNPP,West Kalimantan,Ketapang
-1.823442854656644,110.48984837562259,1,1.0700000524520874,2026-08-17,SNPP,West Kalimantan,Ketapang
-1.826815306877618,110.24036724255319,1,0.7699999809265137,2026-08-17,SNPP,West Kalimantan,Ketapang
-1.826815306877618,110.24374140969401,1,0.7699999809265137,2026-08-17,SNPP,West Kalimantan,Ketapang
-1.826815306877618,110.24711557683482,1,0.7699999809265137,2026-08-17,SNPP,West Kalimantan,Ketapang
-1.8436775679824888,110.12668405382344,1,16.149999618530273,2026-08-17,SNPP,West Kalimantan,Ketapang
-1.8436775679824888,110.13005825278293,1,16.149999618530273,2026-08-17,SNPP,West Kalimantan,Ketapang
-1.8436775679824888,110.13343245174242,1,16.149999618530273,2026-08-17,SNPP,West Kalimantan,Ketapang
-1.8436775679824888,110.13680665070191,1,13.529999732971191,2026-08-17,SNPP,West Kalimantan,Ketapang
-1.8436775679824888,110.1401808496614,1,13.529999732971191,2026-08-17,SNPP,West Kalimantan,Ketapang
-1.8470500202034632,110.11677028353438,1,6.960000038146973,2026-08-17,SNPP,West Kalimantan,Ketapang
-1.8470500202034632,110.12014448889275,1,6.960000038146973,2026-08-17,SNPP,West Kalimantan,Ketapang
-1.8470500202034632,110.12351869425112,1,6.960000038146973,2026-08-17,SNPP,West Kalimantan,Ketapang
-1.8470500202034632,110.12689289960947,1,16.149999618530273,2026-08-17,SNPP,West Kalimantan,Ketapang
-1.8470500202034632,110.13026710496784,1,16.149999618530273,2026-08-17,SNPP,West Kalimantan,Ketapang
-1.8470500202034632,110.1336413103262,1,16.149999618530273,2026-08-17,SNPP,West Kalimantan,Ketapang
-1.8470500202034632,110.13701551568457,1,13.529999732971191,2026-08-17,SNPP,West Kalimantan,Ketapang
-1.8470500202034632,110.14038972104294,1,13.529999732971191,2026-08-17,SNPP,West Kalimantan,Ketapang
-1.8504224724244374,110.11697949242189,1,6.960000038146973,2026-08-17,SNPP,West Kalimantan,Ketapang
-1.8504224724244374,110.12035370419086,1,6.960000038146973,2026-08-17,SNPP,West Kalimantan,Ketapang
-1.8504224724244374,110.12372791595982,1,6.960000038146973,2026-08-17,SNPP,West Kalimantan,Ketapang
-1.8504224724244374,110.12710212772878,1,16.149999618530273,2026-08-17,SNPP,West Kalimantan,Ketapang
-1.8504224724244374,110.13047633949773,1,16.149999618530273,2026-08-17,SNPP,West Kalimantan,Ketapang
-1.8504224724244374,110.13385055126669,1,16.149999618530273,2026-08-17,SNPP,West Kalimantan,Ketapang
-1.8504224724244374,110.13722476303565,1,13.529999732971191,2026-08-17,SNPP,West Kalimantan,Ketapang
-1.8504224724244374,110.1405989748046,1,13.529999732971191,2026-08-17,SNPP,West Kalimantan,Ketapang
-1.8537949246454113,110.11718908361117,1,6.960000038146973,2026-08-17,SNPP,West Kalimantan,Ketapang
-1.8537949246454113,110.12056330180243,1,6.960000038146973,2026-08-17,SNPP,West Kalimantan,Ketapang
-1.8537949246454113,110.1239375199937,1,6.960000038146973,2026-08-17,SNPP,West Kalimantan,Ketapang
-1.8537949246454113,110.12731173818496,1,0.8199999928474426,2026-08-17,SNPP,West Kalimantan,Ketapang
-1.8537949246454113,110.13068595637623,1,0.8199999928474426,2026-08-17,SNPP,West Kalimantan,Ketapang
-1.8537949246454113,110.13406017456748,1,0.8199999928474426,2026-08-17,SNPP,West Kalimantan,Ketapang
-1.8537949246454113,110.13743439275876,1,0.8199999928474426,2026-08-17,SNPP,West Kalimantan,Ketapang
-1.8537949246454113,110.26228046583556,1,1.1799999475479126,2026-08-17,SNPP,West Kalimantan,Ketapang
-1.8537949246454113,110.26565468402683,1,1.1799999475479126,2026-08-17,SNPP,West Kalimantan,Ketapang
-1.8537949246454113,110.26902890221808,1,1.1799999475479126,2026-08-17,SNPP,West Kalimantan,Ketapang
-1.8571673768663859,110.26249071599315,1,1.1799999475479126,2026-08-17,SNPP,West Kalimantan,Ketapang
-1.8571673768663859,110.26586494061843,1,1.1799999475479126,2026-08-17,SNPP,West Kalimantan,Ketapang
-1.8571673768663859,110.26923916524372,1,1.1799999475479126,2026-08-17,SNPP,West Kalimantan,Ketapang
-1.8605398290873598,110.06699594684416,1,10.779999732971191,2026-08-17,SNPP,West Kalimantan,Ketapang
-1.8605398290873598,110.0703701779152,1,10.779999732971191,2026-08-17,SNPP,West Kalimantan,Ketapang
-1.8605398290873598,110.07374440898622,1,10.779999732971191,2026-08-17,SNPP,West Kalimantan,Ketapang
-1.863912281308334,110.06720658809874,1,10.779999732971191,2026-08-17,SNPP,West Kalimantan,Ketapang
-1.863912281308334,110.07058082562723,1,10.779999732971191,2026-08-17,SNPP,West Kalimantan,Ketapang
-1.863912281308334,110.0739550631557,1,10.779999732971191,2026-08-17,SNPP,West Kalimantan,Ketapang
-1.867284733529308,110.06741761149394,1,10.779999732971191,2026-08-17,SNPP,West Kalimantan,Ketapang
-1.867284733529308,110.07079185549159,1,10.779999732971191,2026-08-17,SNPP,West Kalimantan,Ketapang
-1.867284733529308,110.07416609948923,1,10.779999732971191,2026-08-17,SNPP,West Kalimantan,Ketapang
-1.867284733529308,110.16527068742552,1,2.5399999618530273,2026-08-17,SNPP,West Kalimantan,Ketapang
-1.867284733529308,110.16864493142316,1,2.5399999618530273,2026-08-17,SNPP,West Kalimantan,Ketapang
-1.867284733529308,110.1720191754208,1,1.090000033378601,2026-08-17,SNPP,West Kalimantan,Ketapang
-1.867284733529308,110.17539341941844,1,1.090000033378601,2026-08-17,SNPP,West Kalimantan,Ketapang
-1.8706571857502825,110.13173977612533,1,3.440000057220459,2026-08-17,SNPP,West Kalimantan,Ketapang
-1.8706571857502825,110.13511402660384,1,3.440000057220459,2026-08-17,SNPP,West Kalimantan,Ketapang
-1.8706571857502825,110.13848827708237,1,3.440000057220459,2026-08-17,SNPP,West Kalimantan,Ketapang
-1.8706571857502825,110.16210803043202,1,2.5399999618530273,2026-08-17,SNPP,West Kalimantan,Ketapang
-1.8706571857502825,110.16548228091054,1,2.5399999618530273,2026-08-17,SNPP,West Kalimantan,Ketapang
-1.8706571857502825,110.16885653138905,1,2.5399999618530273,2026-08-17,SNPP,West Kalimantan,Ketapang
-1.8706571857502825,110.17223078186758,1,1.090000033378601,2026-08-17,SNPP,West Kalimantan,Ketapang
-1.8706571857502825,110.17560503234611,1,1.090000033378601,2026-08-17,SNPP,West Kalimantan,Ketapang
-1.8740296379712564,110.13195168717205,1,3.440000057220459,2026-08-17,SNPP,West Kalimantan,Ketapang
-1.8740296379712564,110.13532594414316,1,3.440000057220459,2026-08-17,SNPP,West Kalimantan,Ketapang
-1.8740296379712564,110.13870020111429,1,3.440000057220459,2026-08-17,SNPP,West Kalimantan,Ketapang
-1.8740296379712564,110.16231999991211,1,2.5399999618530273,2026-08-17,SNPP,West Kalimantan,Ketapang
-1.8740296379712564,110.16569425688324,1,2.5399999618530273,2026-08-17,SNPP,West Kalimantan,Ketapang
-1.8740296379712564,110.16906851385434,1,2.5399999618530273,2026-08-17,SNPP,West Kalimantan,Ketapang
-1.8740296379712564,110.17244277082546,1,1.090000033378601,2026-08-17,SNPP,West Kalimantan,Ketapang
-1.8740296379712564,110.17581702779658,1,1.090000033378601,2026-08-17,SNPP,West Kalimantan,Ketapang
-1.8774020901922306,110.13216398059298,1,3.440000057220459,2026-08-17,SNPP,West Kalimantan,Ketapang
-1.8774020901922306,110.13553824406841,1,3.440000057220459,2026-08-17,SNPP,West Kalimantan,Ketapang
-1.8774020901922306,110.13891250754385,1,3.440000057220459,2026-08-17,SNPP,West Kalimantan,Ketapang
-1.8774020901922306,110.14903529797013,1,1.9800000190734863,2026-08-17,SNPP,West Kalimantan,Ketapang
-1.8774020901922306,110.15240956144557,1,1.9800000190734863,2026-08-17,SNPP,West Kalimantan,Ketapang
-1.8774020901922306,110.15578382492099,1,1.9800000190734863,2026-08-17,SNPP,West Kalimantan,Ketapang
-1.8774020901922306,110.15915808839642,1,1.2400000095367432,2026-08-17,SNPP,West Kalimantan,Ketapang
-1.8774020901922306,110.16253235187186,1,2.5399999618530273,2026-08-17,SNPP,West Kalimantan,Ketapang
-1.8774020901922306,110.16590661534728,1,2.5399999618530273,2026-08-17,SNPP,West Kalimantan,Ketapang
-1.8774020901922306,110.1692808788227,1,2.5399999618530273,2026-08-17,SNPP,West Kalimantan,Ketapang
-1.8774020901922306,110.17265514229814,1,1.090000033378601,2026-08-17,SNPP,West Kalimantan,Ketapang
-1.880774542413205,110.14924800634907,1,1.9800000190734863,2026-08-17,SNPP,West Kalimantan,Ketapang
-1.880774542413205,110.15262227634052,1,1.9800000190734863,2026-08-17,SNPP,West Kalimantan,Ketapang
-1.880774542413205,110.15599654633198,1,1.9800000190734863,2026-08-17,SNPP,West Kalimantan,Ketapang
-1.880774542413205,110.15937081632345,1,1.2400000095367432,2026-08-17,SNPP,West Kalimantan,Ketapang
-1.880774542413205,110.1627450863149,1,1.2400000095367432,2026-08-17,SNPP,West Kalimantan,Ketapang
-1.880774542413205,110.16611935630635,1,1.2400000095367432,2026-08-17,SNPP,West Kalimantan,Ketapang
-1.880774542413205,110.16949362629782,1,1.2400000095367432,2026-08-17,SNPP,West Kalimantan,Ketapang
-1.880774542413205,110.6148972651702,1,1.4500000476837158,2026-08-17,SNPP,West Kalimantan,Ketapang
-1.8841469946341791,110.11234405545696,1,1.190000057220459,2026-08-17,SNPP,West Kalimantan,Ketapang
-1.8841469946341791,110.11571833197615,1,2.9100000858306885,2026-08-17,SNPP,West Kalimantan,Ketapang
-1.8841469946341791,110.11909260849535,1,2.9100000858306885,2026-08-17,SNPP,West Kalimantan,Ketapang
-1.8841469946341791,110.12246688501456,1,2.9100000858306885,2026-08-17,SNPP,West Kalimantan,Ketapang
-1.8841469946341791,110.15958392672576,1,1.2400000095367432,2026-08-17,SNPP,West Kalimantan,Ketapang
-1.8841469946341791,110.16295820324495,1,1.2400000095367432,2026-08-17,SNPP,West Kalimantan,Ketapang
-1.8841469946341791,110.16633247976416,1,1.2400000095367432,2026-08-17,SNPP,West Kalimantan,Ketapang
-1.8841469946341791,110.16970675628336,1,2.0,2026-08-17,SNPP,West Kalimantan,Ketapang
-1.8841469946341791,110.61511125681778,1,1.4500000476837158,2026-08-17,SNPP,West Kalimantan,Ketapang
-1.887519446855153,110.10918317372719,2,37.47999954223633,2026-08-17,SNPP,West Kalimantan,Ketapang
-1.887519446855153,110.11255745678585,2,37.47999954223633,2026-08-17,SNPP,West Kalimantan,Ketapang
-1.887519446855153,110.1159317398445,2,37.47999954223633,2026-08-17,SNPP,West Kalimantan,Ketapang
-1.887519446855153,110.11930602290316,2,37.47999954223633,2026-08-17,SNPP,West Kalimantan,Ketapang
-1.887519446855153,110.12268030596182,1,9.739999771118164,2026-08-17,SNPP,West Kalimantan,Ketapang
-1.887519446855153,110.12605458902048,1,17.649999618530273,2026-08-17,SNPP,West Kalimantan,Ketapang
-1.887519446855153,110.12942887207913,1,12.270000457763672,2026-08-17,SNPP,West Kalimantan,Ketapang
-1.887519446855153,110.14630028737244,1,3.5899999141693115,2026-08-17,SNPP,West Kalimantan,Ketapang
-1.887519446855153,110.14967457043109,1,7.199999809265137,2026-08-17,SNPP,West Kalimantan,Ketapang
-1.887519446855153,110.15304885348975,1,7.199999809265137,2026-08-17,SNPP,West Kalimantan,Ketapang
-1.887519446855153,110.1564231365484,1,7.199999809265137,2026-08-17,SNPP,West Kalimantan,Ketapang
-1.887519446855153,110.15979741960707,1,0.8199999928474426,2026-08-17,SNPP,West Kalimantan,Ketapang
-1.887519446855153,110.16317170266572,1,2.0,2026-08-17,SNPP,West Kalimantan,Ketapang
-1.887519446855153,110.16654598572438,1,2.0,2026-08-17,SNPP,West Kalimantan,Ketapang
-1.887519446855153,110.16992026878303,1,2.0,2026-08-17,SNPP,West Kalimantan,Ketapang
-1.887519446855153,110.61532563252598,1,1.4500000476837158,2026-08-17,SNPP,West Kalimantan,Ketapang
-1.8908918990761272,110.10602266121373,1,7.929999828338623,2026-08-17,SNPP,West Kalimantan,Ketapang
-1.8908918990761272,110.10939695082358,2,37.47999954223633,2026-08-17,SNPP,West Kalimantan,Ketapang
-1.8908918990761272,110.1127712404334,2,37.47999954223633,2026-08-17,SNPP,West Kalimantan,Ketapang
-1.8908918990761272,110.11614553004324,2,37.47999954223633,2026-08-17,SNPP,West Kalimantan,Ketapang
-1.8908918990761272,110.11951981965306,2,37.47999954223633,2026-08-17,SNPP,West Kalimantan,Ketapang
-1.8908918990761272,110.1228941092629,1,9.739999771118164,2026-08-17,SNPP,West Kalimantan,Ketapang
-1.8908918990761272,110.12626839887274,1,17.649999618530273,2026-08-17,SNPP,West Kalimantan,Ketapang
-1.8908918990761272,110.12964268848256,1,12.270000457763672,2026-08-17,SNPP,West Kalimantan,Ketapang
-1.8908918990761272,110.14651413653174,1,3.5899999141693115,2026-08-17,SNPP,West Kalimantan,Ketapang
-1.8908918990761272,110.14988842614156,1,7.199999809265137,2026-08-17,SNPP,West Kalimantan,Ketapang
-1.8908918990761272,110.1532627157514,1,7.199999809265137,2026-08-17,SNPP,West Kalimantan,Ketapang
-1.8908918990761272,110.15663700536122,1,7.199999809265137,2026-08-17,SNPP,West Kalimantan,Ketapang
-1.8908918990761272,110.16001129497107,1,0.8199999928474426,2026-08-17,SNPP,West Kalimantan,Ketapang
-1.8908918990761272,110.1633855845809,1,0.8199999928474426,2026-08-17,SNPP,West Kalimantan,Ketapang
-1.8942643512971016,110.10623681405791,1,7.929999828338623,2026-08-17,SNPP,West Kalimantan,Ketapang
-1.8942643512971016,110.10961111023062,2,37.47999954223633,2026-08-17,SNPP,West Kalimantan,Ketapang
-1.8942643512971016,110.11298540640334,2,37.47999954223633,2026-08-17,SNPP,West Kalimantan,Ketapang
-1.8942643512971016,110.11635970257606,2,37.47999954223633,2026-08-17,SNPP,West Kalimantan,Ketapang
-1.8942643512971016,110.11973399874879,2,37.47999954223633,2026-08-17,SNPP,West Kalimantan,Ketapang
-1.8942643512971016,110.12310829492152,1,9.739999771118164,2026-08-17,SNPP,West Kalimantan,Ketapang
-1.8942643512971016,110.12648259109423,1,17.649999618530273,2026-08-17,SNPP,West Kalimantan,Ketapang
-1.8942643512971016,110.12985688726695,1,12.270000457763672,2026-08-17,SNPP,West Kalimantan,Ketapang
-1.8942643512971016,110.14672836813057,1,3.5899999141693115,2026-08-17,SNPP,West Kalimantan,Ketapang
-1.8942643512971016,110.15010266430329,1,7.199999809265137,2026-08-17,SNPP,West Kalimantan,Ketapang
-1.8942643512971016,110.15347696047601,1,7.199999809265137,2026-08-17,SNPP,West Kalimantan,Ketapang
-1.8942643512971016,110.15685125664874,1,7.199999809265137,2026-08-17,SNPP,West Kalimantan,Ketapang
-1.8942643512971016,110.16022555282146,1,0.8199999928474426,2026-08-17,SNPP,West Kalimantan,Ketapang
-1.8942643512971016,110.16359984899418,1,0.8199999928474426,2026-08-17,SNPP,West Kalimantan,Ketapang
-1.8942643512971016,110.1669741451669,1,0.8199999928474426,2026-08-17,SNPP,West Kalimantan,Ketapang
-1.8976368035180757,110.10645134920472,1,7.929999828338623,2026-08-17,SNPP,West Kalimantan,Ketapang
-1.8976368035180757,110.10982565195205,1,7.929999828338623,2026-08-17,SNPP,West Kalimantan,Ketapang
-1.8976368035180757,110.11319995469937,1,5.96999979019165,2026-08-17,SNPP,West Kalimantan,Ketapang
-1.8976368035180757,110.1165742574467,1,7.800000190734863,2026-08-17,SNPP,West Kalimantan,Ketapang
-1.8976368035180757,110.11994856019403,1,17.649999618530273,2026-08-17,SNPP,West Kalimantan,Ketapang
-1.8976368035180757,110.12332286294136,1,17.649999618530273,2026-08-17,SNPP,West Kalimantan,Ketapang
-1.8976368035180757,110.1266971656887,1,17.649999618530273,2026-08-17,SNPP,West Kalimantan,Ketapang
-1.8976368035180757,110.15369158766731,1,1.0199999809265137,2026-08-17,SNPP,West Kalimantan,Ketapang
-1.8976368035180757,110.15706589041464,1,1.0199999809265137,2026-08-17,SNPP,West Kalimantan,Ketapang
-1.8976368035180757,110.16044019316199,1,0.8199999928474426,2026-08-17,SNPP,West Kalimantan,Ketapang
-1.8976368035180757,110.1638144959093,1,0.8199999928474426,2026-08-17,SNPP,West Kalimantan,Ketapang
-1.8976368035180757,110.16718879865664,1,0.8199999928474426,2026-08-17,SNPP,West Kalimantan,Ketapang
-1.9010092557390499,110.11341488532524,1,5.96999979019165,2026-08-17,SNPP,West Kalimantan,Ketapang
-1.9010092557390499,110.11678919465889,1,7.800000190734863,2026-08-17,SNPP,West Kalimantan,Ketapang
-1.9010092557390499,110.12016350399253,1,17.649999618530273,2026-08-17,SNPP,West Kalimantan,Ketapang
-1.9010092557390499,110.1235378133262,1,17.649999618530273,2026-08-17,SNPP,West Kalimantan,Ketapang
-1.9010092557390499,110.12691212265985,1,17.649999618530273,2026-08-17,SNPP,West Kalimantan,Ketapang
-1.9043817079600243,110.11025588235294,1,5.059999942779541,2026-08-17,SNPP,West Kalimantan,Ketapang
-1.9043817079600243,110.11363019828462,1,5.059999942779541,2026-08-17,SNPP,West Kalimantan,Ketapang
-1.9043817079600243,110.11700451421632,1,7.800000190734863,2026-08-17,SNPP,West Kalimantan,Ketapang
-1.9043817079600243,110.120378830148,1,7.800000190734863,2026-08-17,SNPP,West Kalimantan,Ketapang
-1.9043817079600243,110.12375314607971,1,7.800000190734863,2026-08-17,SNPP,West Kalimantan,Ketapang
-1.9043817079600243,110.12712746201139,1,7.800000190734863,2026-08-17,SNPP,West Kalimantan,Ketapang
-1.9043817079600243,110.13050177794308,1,3.130000114440918,2026-08-17,SNPP,West Kalimantan,Ketapang
-1.9077541601809984,110.11047157103987,1,5.059999942779541,2026-08-17,SNPP,West Kalimantan,Ketapang
-1.9077541601809984,110.11384589358131,1,5.059999942779541,2026-08-17,SNPP,West Kalimantan,Ketapang
-1.9077541601809984,110.1205945386642,1,12.739999771118164,2026-08-17,SNPP,West Kalimantan,Ketapang
-1.9077541601809984,110.12396886120564,1,12.739999771118164,2026-08-17,SNPP,West Kalimantan,Ketapang
-1.9077541601809984,110.12734318374709,1,34.22999954223633,2026-08-17,SNPP,West Kalimantan,Ketapang
-1.9077541601809984,110.13071750628852,1,34.22999954223633,2026-08-17,SNPP,West Kalimantan,Ketapang
-1.9077541601809984,110.13409182882997,1,34.22999954223633,2026-08-17,SNPP,West Kalimantan,Ketapang
-1.9077541601809984,110.14084047391286,1,1.850000023841858,2026-08-17,SNPP,West Kalimantan,Ketapang
-1.9077541601809984,110.1442147964543,1,7.559999942779541,2026-08-17,SNPP,West Kalimantan,Ketapang
-1.9077541601809984,110.14758911899575,1,7.559999942779541,2026-08-17,SNPP,West Kalimantan,Ketapang
-1.9077541601809984,110.15096344153719,1,7.559999942779541,2026-08-17,SNPP,West Kalimantan,Ketapang
-1.9077541601809984,110.18470666695163,1,0.5199999809265137,2026-08-17,SNPP,West Kalimantan,Ketapang
-1.9077541601809984,110.18808098949307,1,0.5199999809265137,2026-08-17,SNPP,West Kalimantan,Ketapang
-1.9077541601809984,110.1914553120345,1,0.5199999809265137,2026-08-17,SNPP,West Kalimantan,Ketapang
-1.9111266124019723,110.12081062954483,1,12.739999771118164,2026-08-17,SNPP,West Kalimantan,Ketapang
-1.9111266124019723,110.12418495870776,1,12.739999771118164,2026-08-17,SNPP,West Kalimantan,Ketapang
-1.9111266124019723,110.12755928787067,1,34.22999954223633,2026-08-17,SNPP,West Kalimantan,Ketapang
-1.9111266124019723,110.13093361703358,1,34.22999954223633,2026-08-17,SNPP,West Kalimantan,Ketapang
-1.9111266124019723,110.1343079461965,1,34.22999954223633,2026-08-17,SNPP,West Kalimantan,Ketapang
-1.9111266124019723,110.14105660452233,1,1.850000023841858,2026-08-17,SNPP,West Kalimantan,Ketapang
-1.9111266124019723,110.14443093368524,1,7.559999942779541,2026-08-17,SNPP,West Kalimantan,Ketapang
-1.9111266124019723,110.14780526284815,1,7.559999942779541,2026-08-17,SNPP,West Kalimantan,Ketapang
-1.9111266124019723,110.15117959201106,1,7.559999942779541,2026-08-17,SNPP,West Kalimantan,Ketapang
-1.9111266124019723,110.15455392117399,1,9.289999961853027,2026-08-17,SNPP,West Kalimantan,Ketapang
-1.9111266124019723,110.1579282503369,1,9.289999961853027,2026-08-17,SNPP,West Kalimantan,Ketapang
-1.9111266124019723,110.16130257949982,1,9.289999961853027,2026-08-17,SNPP,West Kalimantan,Ketapang
-1.9111266124019723,110.16805123782564,1,7.510000228881836,2026-08-17,SNPP,West Kalimantan,Ketapang
-1.9111266124019723,110.17142556698856,1,7.510000228881836,2026-08-17,SNPP,West Kalimantan,Ketapang
-1.9111266124019723,110.17479989615147,1,7.510000228881836,2026-08-17,SNPP,West Kalimantan,Ketapang
-1.9111266124019723,110.18492288364021,1,0.5199999809265137,2026-08-17,SNPP,West Kalimantan,Ketapang
-1.9111266124019723,110.18829721280312,1,0.5199999809265137,2026-08-17,SNPP,West Kalimantan,Ketapang
-1.9111266124019723,110.19167154196604,1,0.5199999809265137,2026-08-17,SNPP,West Kalimantan,Ketapang
-1.9144990646229465,110.12102710279368,1,12.739999771118164,2026-08-17,SNPP,West Kalimantan,Ketapang
-1.9144990646229465,110.12440143858979,1,12.739999771118164,2026-08-17,SNPP,West Kalimantan,Ketapang
-1.9144990646229465,110.12777577438588,1,34.22999954223633,2026-08-17,SNPP,West Kalimantan,Ketapang
-1.9144990646229465,110.13115011018198,1,34.22999954223633,2026-08-17,SNPP,West Kalimantan,Ketapang
-1.9144990646229465,110.13452444597809,1,34.22999954223633,2026-08-17,SNPP,West Kalimantan,Ketapang
-1.9144990646229465,110.1412731175703,1,1.850000023841858,2026-08-17,SNPP,West Kalimantan,Ketapang
-1.9144990646229465,110.1446474533664,1,7.559999942779541,2026-08-17,SNPP,West Kalimantan,Ketapang
-1.9144990646229465,110.1480217891625,1,7.559999942779541,2026-08-17,SNPP,West Kalimantan,Ketapang
-1.9144990646229465,110.15139612495861,1,5.659999847412109,2026-08-17,SNPP,West Kalimantan,Ketapang
-1.9144990646229465,110.1547704607547,1,9.289999961853027,2026-08-17,SNPP,West Kalimantan,Ketapang
-1.9144990646229465,110.1581447965508,1,9.289999961853027,2026-08-17,SNPP,West Kalimantan,Ketapang
-1.9144990646229465,110.16151913234691,1,9.289999961853027,2026-08-17,SNPP,West Kalimantan,Ketapang
-1.9144990646229465,110.16826780393912,1,7.510000228881836,2026-08-17,SNPP,West Kalimantan,Ketapang
-1.9144990646229465,110.17164213973521,1,7.510000228881836,2026-08-17,SNPP,West Kalimantan,Ketapang
-1.9144990646229465,110.17501647553131,1,7.510000228881836,2026-08-17,SNPP,West Kalimantan,Ketapang
-1.9144990646229465,110.17839081132743,1,12.420000076293945,2026-08-17,SNPP,West Kalimantan,Ketapang
-1.9144990646229465,110.18176514712353,1,1.2300000190734863,2026-08-17,SNPP,West Kalimantan,Ketapang
-1.9144990646229465,110.18513948291962,1,1.0099999904632568,2026-08-17,SNPP,West Kalimantan,Ketapang
-1.9144990646229465,110.18851381871573,1,0.5199999809265137,2026-08-17,SNPP,West Kalimantan,Ketapang
-1.9144990646229465,110.19188815451183,1,0.5199999809265137,2026-08-17,SNPP,West Kalimantan,Ketapang
-1.9178715168439209,110.14149001306052,1,1.6799999475479126,2026-08-17,SNPP,West Kalimantan,Ketapang
-1.9178715168439209,110.14486435550153,1,1.6799999475479126,2026-08-17,SNPP,West Kalimantan,Ketapang
-1.9178715168439209,110.14823869794253,1,1.6799999475479126,2026-08-17,SNPP,West Kalimantan,Ketapang
-1.9178715168439209,110.15161304038354,1,5.659999847412109,2026-08-17,SNPP,West Kalimantan,Ketapang
-1.9178715168439209,110.15498738282454,1,9.289999961853027,2026-08-17,SNPP,West Kalimantan,Ketapang
-1.9178715168439209,110.15836172526555,1,9.289999961853027,2026-08-17,SNPP,West Kalimantan,Ketapang
-1.9178715168439209,110.16173606770657,1,9.289999961853027,2026-08-17,SNPP,West Kalimantan,Ketapang
-1.9178715168439209,110.16848475258858,1,7.510000228881836,2026-08-17,SNPP,West Kalimantan,Ketapang
-1.9178715168439209,110.17185909502957,1,7.510000228881836,2026-08-17,SNPP,West Kalimantan,Ketapang
-1.9178715168439209,110.17523343747058,1,7.510000228881836,2026-08-17,SNPP,West Kalimantan,Ketapang
-1.9178715168439209,110.1786077799116,1,12.420000076293945,2026-08-17,SNPP,West Kalimantan,Ketapang
-1.9178715168439209,110.18198212235261,1,1.2300000190734863,2026-08-17,SNPP,West Kalimantan,Ketapang
-1.9178715168439209,110.1853564647936,1,1.0099999904632568,2026-08-17,SNPP,West Kalimantan,Ketapang
-1.921243969064895,110.15520468738727,1,3.700000047683716,2026-08-17,SNPP,West Kalimantan,Ketapang
-1.921243969064895,110.1585790364849,1,3.700000047683716,2026-08-17,SNPP,West Kalimantan,Ketapang
-1.921243969064895,110.16195338558254,1,3.700000047683716,2026-08-17,SNPP,West Kalimantan,Ketapang
-1.921243969064895,110.16870208377779,1,1.5499999523162842,2026-08-17,SNPP,West Kalimantan,Ketapang
-1.921243969064895,110.17207643287541,1,12.420000076293945,2026-08-17,SNPP,West Kalimantan,Ketapang
-1.921243969064895,110.17545078197304,1,12.420000076293945,2026-08-17,SNPP,West Kalimantan,Ketapang
-1.921243969064895,110.17882513107067,1,12.420000076293945,2026-08-17,SNPP,West Kalimantan,Ketapang
-1.921243969064895,110.1821994801683,1,1.0099999904632568,2026-08-17,SNPP,West Kalimantan,Ketapang
-1.921243969064895,110.18557382926592,1,1.0099999904632568,2026-08-17,SNPP,West Kalimantan,Ketapang
-1.9313613257278175,110.55066008519226,1,5.300000190734863,2026-08-17,SNPP,West Kalimantan,Ketapang
-1.9313613257278175,110.55403445433005,1,5.300000190734863,2026-08-17,SNPP,West Kalimantan,Ketapang
-1.9313613257278175,110.55740882346785,1,5.300000190734863,2026-08-17,SNPP,West Kalimantan,Ketapang
-1.9347337779487916,110.55087970407256,1,5.300000190734863,2026-08-17,SNPP,West Kalimantan,Ketapang
-1.9347337779487916,110.55425407991383,1,5.300000190734863,2026-08-17,SNPP,West Kalimantan,Ketapang
-1.9347337779487916,110.55762845575512,1,5.300000190734863,2026-08-17,SNPP,West Kalimantan,Ketapang
-1.9381062301697656,110.55109970683556,1,5.300000190734863,2026-08-17,SNPP,West Kalimantan,Ketapang
-1.9381062301697656,110.55447408939204,1,5.300000190734863,2026-08-17,SNPP,West Kalimantan,Ketapang
-1.9381062301697656,110.55784847194855,1,5.300000190734863,2026-08-17,SNPP,West Kalimantan,Ketapang
-1.9515960390536626,110.59247647120527,1,9.079999923706055,2026-08-17,SNPP,West Kalimantan,Ketapang
-1.9515960390536626,110.59585088073976,1,9.079999923706055,2026-08-17,SNPP,West Kalimantan,Ketapang
-1.9515960390536626,110.59922529027425,1,9.079999923706055,2026-08-17,SNPP,West Kalimantan,Ketapang
-1.9515960390536626,110.60259969980874,1,7.78000020980835,2026-08-17,SNPP,West Kalimantan,Ketapang
-1.9515960390536626,110.60597410934322,1,7.78000020980835,2026-08-17,SNPP,West Kalimantan,Ketapang
-1.9515960390536626,110.60934851887772,1,7.78000020980835,2026-08-17,SNPP,West Kalimantan,Ketapang
-1.9549684912746368,110.18439410142214,1,5.920000076293945,2026-08-17,SNPP,West Kalimantan,Ketapang
-1.9549684912746368,110.18776851773042,1,5.920000076293945,2026-08-17,SNPP,West Kalimantan,Ketapang
-1.9549684912746368,110.19114293403871,1,5.920000076293945,2026-08-17,SNPP,West Kalimantan,Ketapang
-1.9549684912746368,110.59269847472486,1,9.079999923706055,2026-08-17,SNPP,West Kalimantan,Ketapang
-1.9549684912746368,110.59607289103315,1,9.079999923706055,2026-08-17,SNPP,West Kalimantan,Ketapang
-1.9549684912746368,110.59944730734144,1,9.079999923706055,2026-08-17,SNPP,West Kalimantan,Ketapang
-1.9549684912746368,110.60282172364971,1,7.78000020980835,2026-08-17,SNPP,West Kalimantan,Ketapang
-1.9549684912746368,110.60619613995799,1,7.78000020980835,2026-08-17,SNPP,West Kalimantan,Ketapang
-1.9549684912746368,110.6095705562663,1,7.78000020980835,2026-08-17,SNPP,West Kalimantan,Ketapang
-1.9549684912746368,110.61294497257458,1,1.1799999475479126,2026-08-17,SNPP,West Kalimantan,Ketapang
-1.9549684912746368,110.61631938888286,1,1.1799999475479126,2026-08-17,SNPP,West Kalimantan,Ketapang
-1.958340943495611,110.18461566794097,1,5.920000076293945,2026-08-17,SNPP,West Kalimantan,Ketapang
-1.958340943495611,110.18799009103476,1,5.920000076293945,2026-08-17,SNPP,West Kalimantan,Ketapang
-1.958340943495611,110.19136451412857,1,5.920000076293945,2026-08-17,SNPP,West Kalimantan,Ketapang
-1.958340943495611,110.19473893722237,0,10.729999542236328,2026-08-17,SNPP,West Kalimantan,Ketapang
-1.958340943495611,110.19811336031617,0,10.729999542236328,2026-08-17,SNPP,West Kalimantan,Ketapang
-1.958340943495611,110.20148778340997,0,10.729999542236328,2026-08-17,SNPP,West Kalimantan,Ketapang
-1.958340943495611,110.5929208622908,1,9.079999923706055,2026-08-17,SNPP,West Kalimantan,Ketapang
-1.958340943495611,110.5962952853846,1,9.079999923706055,2026-08-17,SNPP,West Kalimantan,Ketapang
-1.958340943495611,110.59966970847839,1,9.079999923706055,2026-08-17,SNPP,West Kalimantan,Ketapang
-1.958340943495611,110.6030441315722,1,7.78000020980835,2026-08-17,SNPP,West Kalimantan,Ketapang
-1.958340943495611,110.60641855466599,1,7.78000020980835,2026-08-17,SNPP,West Kalimantan,Ketapang
-1.958340943495611,110.60979297775981,1,7.78000020980835,2026-08-17,SNPP,West Kalimantan,Ketapang
-1.958340943495611,110.6131674008536,1,1.1799999475479126,2026-08-17,SNPP,West Kalimantan,Ketapang
-1.958340943495611,110.6165418239474,1,1.1799999475479126,2026-08-17,SNPP,West Kalimantan,Ketapang
-1.9617133957165849,110.18483761709209,1,5.920000076293945,2026-08-17,SNPP,West Kalimantan,Ketapang
