{
"type": "FeatureCollection",
"name": "cluster_298_burned_perimeter",
"crs": { "type": "name", "properties": { "name": "urn:ogc:def:crs:OGC:1.3:CRS84" } },
"features": [
{ "type": "Feature", "properties": { "count": 1, "label": 1, "cluster_id": 298 }, "geometry": { "type": "Polygon", "coordinates": [ [ [ 112.805762140252085, 0.457601805730484 ], [ 112.805941803308912, 0.457601805730484 ], [ 112.805941803308912, 0.457781468787308 ], [ 112.805762140252085, 0.457781468787308 ], [ 112.805762140252085, 0.457601805730484 ] ] ] } },
{ "type": "Feature", "properties": { "count": 1, "label": 1, "cluster_id": 298 }, "geometry": { "type": "Polygon", "coordinates": [ [ [ 112.806121466365738, 0.45832045795778 ], [ 112.806301129422565, 0.45832045795778 ], [ 112.806301129422565, 0.458500121014604 ], [ 112.806121466365738, 0.458500121014604 ], [ 112.806121466365738, 0.45832045795778 ] ] ] } },
{ "type": "Feature", "properties": { "count": 1, "label": 1, "cluster_id": 298 }, "geometry": { "type": "Polygon", "coordinates": [ [ [ 112.806301129422565, 0.457961131844132 ], [ 112.806480792479377, 0.457961131844132 ], [ 112.806480792479377, 0.458140794900956 ], [ 112.806301129422565, 0.458140794900956 ], [ 112.806301129422565, 0.457961131844132 ] ] ] } },
{ "type": "Feature", "properties": { "count": 4, "label": 1, "cluster_id": 298 }, "geometry": { "type": "Polygon", "coordinates": [ [ [ 112.806660455536203, 0.458679784071428 ], [ 112.806660455536203, 0.458140794900956 ], [ 112.80684011859303, 0.458140794900956 ], [ 112.80684011859303, 0.45832045795778 ], [ 112.807019781649856, 0.45832045795778 ], [ 112.807019781649856, 0.458500121014604 ], [ 112.80684011859303, 0.458500121014604 ], [ 112.80684011859303, 0.458679784071428 ], [ 112.806660455536203, 0.458679784071428 ] ] ] } },
{ "type": "Feature", "properties": { "count": 1, "label": 1, "cluster_id": 298 }, "geometry": { "type": "Polygon", "coordinates": [ [ [ 112.80684011859303, 0.459218773241899 ], [ 112.807019781649856, 0.459218773241899 ], [ 112.807019781649856, 0.459398436298723 ], [ 112.80684011859303, 0.459398436298723 ], [ 112.80684011859303, 0.459218773241899 ] ] ] } },
{ "type": "Feature", "properties": { "count": 1, "label": 1, "cluster_id": 298 }, "geometry": { "type": "Polygon", "coordinates": [ [ [ 112.807019781649856, 0.459757762412371 ], [ 112.807199444706683, 0.459757762412371 ], [ 112.807199444706683, 0.459937425469195 ], [ 112.807019781649856, 0.459937425469195 ], [ 112.807019781649856, 0.459757762412371 ] ] ] } },
{ "type": "Feature", "properties": { "count": 2, "label": 1, "cluster_id": 298 }, "geometry": { "type": "Polygon", "coordinates": [ [ [ 112.807019781649856, 0.460656077696491 ], [ 112.807199444706683, 0.460656077696491 ], [ 112.807199444706683, 0.461015403810138 ], [ 112.807019781649856, 0.461015403810138 ], [ 112.807019781649856, 0.460656077696491 ] ] ] } },
{ "type": "Feature", "properties": { "count": 1, "label": 1, "cluster_id": 298 }, "geometry": { "type": "Polygon", "coordinates": [ [ [ 112.807379107763495, 0.458859447128252 ], [ 112.807558770820322, 0.458859447128252 ], [ 112.807558770820322, 0.459039110185075 ], [ 112.807379107763495, 0.459039110185075 ], [ 112.807379107763495, 0.458859447128252 ] ] ] } },
{ "type": "Feature", "properties": { "count": 1, "label": 1, "cluster_id": 298 }, "geometry": { "type": "Polygon", "coordinates": [ [ [ 112.807558770820322, 0.459398436298723 ], [ 112.807738433877148, 0.459398436298723 ], [ 112.807738433877148, 0.459578099355547 ], [ 112.807558770820322, 0.459578099355547 ], [ 112.807558770820322, 0.459398436298723 ] ] ] } },
{ "type": "Feature", "properties": { "count": 1, "label": 1, "cluster_id": 298 }, "geometry": { "type": "Polygon", "coordinates": [ [ [ 112.807918096933975, 0.464069675776145 ], [ 112.808097759990801, 0.464069675776145 ], [ 112.808097759990801, 0.464249338832969 ], [ 112.807918096933975, 0.464249338832969 ], [ 112.807918096933975, 0.464069675776145 ] ] ] } },
{ "type": "Feature", "properties": { "count": 3, "label": 1, "cluster_id": 298 }, "geometry": { "type": "Polygon", "coordinates": [ [ [ 112.808097759990801, 0.434245608343377 ], [ 112.808636749161266, 0.434245608343377 ], [ 112.808636749161266, 0.434425271400201 ], [ 112.808097759990801, 0.434425271400201 ], [ 112.808097759990801, 0.434245608343377 ] ] ] } },
{ "type": "Feature", "properties": { "count": 1, "label": 1, "cluster_id": 298 }, "geometry": { "type": "Polygon", "coordinates": [ [ [ 112.80845708610444, 0.46568664328756 ], [ 112.808636749161266, 0.46568664328756 ], [ 112.808636749161266, 0.465866306344384 ], [ 112.80845708610444, 0.465866306344384 ], [ 112.80845708610444, 0.46568664328756 ] ] ] } },
{ "type": "Feature", "properties": { "count": 1, "label": 1, "cluster_id": 298 }, "geometry": { "type": "Polygon", "coordinates": [ [ [ 112.80845708610444, 0.466045969401208 ], [ 112.808636749161266, 0.466045969401208 ], [ 112.808636749161266, 0.466225632458032 ], [ 112.80845708610444, 0.466225632458032 ], [ 112.80845708610444, 0.466045969401208 ] ] ] } },
{ "type": "Feature", "properties": { "count": 1, "label": 1, "cluster_id": 298 }, "geometry": { "type": "Polygon", "coordinates": [ [ [ 112.808636749161266, 0.465866306344384 ], [ 112.808816412218093, 0.465866306344384 ], [ 112.808816412218093, 0.466045969401208 ], [ 112.808636749161266, 0.466045969401208 ], [ 112.808636749161266, 0.465866306344384 ] ] ] } },
{ "type": "Feature", "properties": { "count": 2, "label": 1, "cluster_id": 298 }, "geometry": { "type": "Polygon", "coordinates": [ [ [ 112.808816412218093, 0.446642359264226 ], [ 112.809175738331746, 0.446642359264226 ], [ 112.809175738331746, 0.44682202232105 ], [ 112.808816412218093, 0.44682202232105 ], [ 112.808816412218093, 0.446642359264226 ] ] ] } },
{ "type": "Feature", "properties": { "count": 2, "label": 1, "cluster_id": 298 }, "geometry": { "type": "Polygon", "coordinates": [ [ [ 112.808996075274919, 0.434065945286553 ], [ 112.809355401388558, 0.434065945286553 ], [ 112.809355401388558, 0.434245608343377 ], [ 112.808996075274919, 0.434245608343377 ], [ 112.808996075274919, 0.434065945286553 ] ] ] } },
{ "type": "Feature", "properties": { "count": 1, "label": 1, "cluster_id": 298 }, "geometry": { "type": "Polygon", "coordinates": [ [ [ 112.809175738331746, 0.464608664946617 ], [ 112.809355401388558, 0.464608664946617 ], [ 112.809355401388558, 0.46478832800344 ], [ 112.809175738331746, 0.46478832800344 ], [ 112.809175738331746, 0.464608664946617 ] ] ] } },
{ "type": "Feature", "properties": { "count": 2, "label": 1, "cluster_id": 298 }, "geometry": { "type": "Polygon", "coordinates": [ [ [ 112.809535064445384, 0.464967991060264 ], [ 112.809894390559037, 0.464967991060264 ], [ 112.809894390559037, 0.465147654117088 ], [ 112.809535064445384, 0.465147654117088 ], [ 112.809535064445384, 0.464967991060264 ] ] ] } },
{ "type": "Feature", "properties": { "count": 1, "label": 1, "cluster_id": 298 }, "geometry": { "type": "Polygon", "coordinates": [ [ [ 112.809894390559037, 0.46568664328756 ], [ 112.810074053615864, 0.46568664328756 ], [ 112.810074053615864, 0.465866306344384 ], [ 112.809894390559037, 0.465866306344384 ], [ 112.809894390559037, 0.46568664328756 ] ] ] } },
{ "type": "Feature", "properties": { "count": 2, "label": 1, "cluster_id": 298 }, "geometry": { "type": "Polygon", "coordinates": [ [ [ 112.810074053615864, 0.446462696207402 ], [ 112.81025371667269, 0.446462696207402 ], [ 112.81025371667269, 0.44682202232105 ], [ 112.810074053615864, 0.44682202232105 ], [ 112.810074053615864, 0.446462696207402 ] ] ] } },
{ "type": "Feature", "properties": { "count": 1, "label": 1, "cluster_id": 298 }, "geometry": { "type": "Polygon", "coordinates": [ [ [ 112.81025371667269, 0.466045969401208 ], [ 112.810433379729503, 0.466045969401208 ], [ 112.810433379729503, 0.466225632458032 ], [ 112.81025371667269, 0.466225632458032 ], [ 112.81025371667269, 0.466045969401208 ] ] ] } },
{ "type": "Feature", "properties": { "count": 1, "label": 1, "cluster_id": 298 }, "geometry": { "type": "Polygon", "coordinates": [ [ [ 112.810433379729503, 0.46245270826473 ], [ 112.810613042786329, 0.46245270826473 ], [ 112.810613042786329, 0.462632371321554 ], [ 112.810433379729503, 0.462632371321554 ], [ 112.810433379729503, 0.46245270826473 ] ] ] } },
{ "type": "Feature", "properties": { "count": 15, "label": 1, "cluster_id": 298 }, "geometry": { "type": "Polygon", "coordinates": [ [ [ 112.810972368899982, 0.4426897720141 ], [ 112.810972368899982, 0.441971119786805 ], [ 112.811511358070447, 0.441971119786805 ], [ 112.811511358070447, 0.442150782843628 ], [ 112.812050347240927, 0.442150782843628 ], [ 112.812050347240927, 0.442330445900452 ], [ 112.8118706841841, 0.442330445900452 ], [ 112.8118706841841, 0.442510108957276 ], [ 112.811152031956809, 0.442510108957276 ], [ 112.811152031956809, 0.4426897720141 ], [ 112.810972368899982, 0.4426897720141 ] ] ] } },
{ "type": "Feature", "properties": { "count": 1, "label": 1, "cluster_id": 298 }, "geometry": { "type": "Polygon", "coordinates": [ [ [ 112.811511358070447, 0.443767750355044 ], [ 112.811691021127274, 0.443767750355044 ], [ 112.811691021127274, 0.443947413411867 ], [ 112.811511358070447, 0.443947413411867 ], [ 112.811511358070447, 0.443767750355044 ] ] ] } },
{ "type": "Feature", "properties": { "count": 2, "label": 1, "cluster_id": 298 }, "geometry": { "type": "Polygon", "coordinates": [ [ [ 112.8118706841841, 0.441432130616333 ], [ 112.812230010297753, 0.441432130616333 ], [ 112.812230010297753, 0.441611793673157 ], [ 112.8118706841841, 0.441611793673157 ], [ 112.8118706841841, 0.441432130616333 ] ] ] } },
{ "type": "Feature", "properties": { "count": 3, "label": 1, "cluster_id": 298 }, "geometry": { "type": "Polygon", "coordinates": [ [ [ 112.812768999468219, 0.443049098127748 ], [ 112.812948662525045, 0.443049098127748 ], [ 112.812948662525045, 0.44358808729822 ], [ 112.812768999468219, 0.44358808729822 ], [ 112.812768999468219, 0.443049098127748 ] ] ] } },
{ "type": "Feature", "properties": { "count": 1, "label": 1, "cluster_id": 298 }, "geometry": { "type": "Polygon", "coordinates": [ [ [ 112.812948662525045, 0.44358808729822 ], [ 112.813128325581872, 0.44358808729822 ], [ 112.813128325581872, 0.443767750355044 ], [ 112.812948662525045, 0.443767750355044 ], [ 112.812948662525045, 0.44358808729822 ] ] ] } },
{ "type": "Feature", "properties": { "count": 55, "label": 1, "cluster_id": 298 }, "geometry": { "type": "Polygon", "coordinates": [ [ [ 112.812948662525045, 0.446103370093754 ], [ 112.812948662525045, 0.44592370703693 ], [ 112.812768999468219, 0.44592370703693 ], [ 112.812768999468219, 0.445205054809635 ], [ 112.812948662525045, 0.445205054809635 ], [ 112.812948662525045, 0.445384717866459 ], [ 112.813307988638684, 0.445384717866459 ], [ 112.813307988638684, 0.445205054809635 ], [ 112.81348765169551, 0.445205054809635 ], [ 112.81348765169551, 0.445025391752811 ], [ 112.813846977809163, 0.445025391752811 ], [ 112.813846977809163, 0.444845728695987 ], [ 112.81402664086599, 0.444845728695987 ], [ 112.81402664086599, 0.444306739525515 ], [ 112.814206303922816, 0.444306739525515 ], [ 112.814206303922816, 0.443228761184572 ], [ 112.814385966979629, 0.443228761184572 ], [ 112.814385966979629, 0.443408424241396 ], [ 112.814565630036455, 0.443408424241396 ], [ 112.814565630036455, 0.443767750355044 ], [ 112.814385966979629, 0.443767750355044 ], [ 112.814385966979629, 0.443947413411867 ], [ 112.814565630036455, 0.443947413411867 ], [ 112.814565630036455, 0.444666065639163 ], [ 112.814924956150108, 0.444666065639163 ], [ 112.814924956150108, 0.445205054809635 ], [ 112.814565630036455, 0.445205054809635 ], [ 112.814565630036455, 0.444845728695987 ], [ 112.814385966979629, 0.444845728695987 ], [ 112.814385966979629, 0.445205054809635 ], [ 112.814206303922816, 0.445205054809635 ], [ 112.814206303922816, 0.445025391752811 ], [ 112.81402664086599, 0.445025391752811 ], [ 112.81402664086599, 0.445205054809635 ], [ 112.813667314752337, 0.445205054809635 ], [ 112.813667314752337, 0.445384717866459 ], [ 112.81402664086599, 0.445384717866459 ], [ 112.81402664086599, 0.445205054809635 ], [ 112.814206303922816, 0.445205054809635 ], [ 112.814206303922816, 0.445564380923283 ], [ 112.813667314752337, 0.445564380923283 ], [ 112.813667314752337, 0.44592370703693 ], [ 112.813128325581872, 0.44592370703693 ], [ 112.813128325581872, 0.446103370093754 ], [ 112.812948662525045, 0.446103370093754 ] ] ] } },
{ "type": "Feature", "properties": { "count": 3, "label": 1, "cluster_id": 298 }, "geometry": { "type": "Polygon", "coordinates": [ [ [ 112.813128325581872, 0.458500121014604 ], [ 112.813307988638684, 0.458500121014604 ], [ 112.813307988638684, 0.459039110185075 ], [ 112.813128325581872, 0.459039110185075 ], [ 112.813128325581872, 0.458500121014604 ] ] ] } },
{ "type": "Feature", "properties": { "count": 2, "label": 1, "cluster_id": 298 }, "geometry": { "type": "Polygon", "coordinates": [ [ [ 112.813128325581872, 0.466584958571679 ], [ 112.813307988638684, 0.466584958571679 ], [ 112.813307988638684, 0.466944284685327 ], [ 112.813128325581872, 0.466944284685327 ], [ 112.813128325581872, 0.466584958571679 ] ] ] } },
{ "type": "Feature", "properties": { "count": 1, "label": 1, "cluster_id": 298 }, "geometry": { "type": "Polygon", "coordinates": [ [ [ 112.813307988638684, 0.466944284685327 ], [ 112.81348765169551, 0.466944284685327 ], [ 112.81348765169551, 0.467123947742151 ], [ 112.813307988638684, 0.467123947742151 ], [ 112.813307988638684, 0.466944284685327 ] ] ] } },
{ "type": "Feature", "properties": { "count": 1, "label": 1, "cluster_id": 298 }, "geometry": { "type": "Polygon", "coordinates": [ [ [ 112.81348765169551, 0.442869435070924 ], [ 112.813667314752337, 0.442869435070924 ], [ 112.813667314752337, 0.443049098127748 ], [ 112.81348765169551, 0.443049098127748 ], [ 112.81348765169551, 0.442869435070924 ] ] ] } },
{ "type": "Feature", "properties": { "count": 1, "label": 1, "cluster_id": 298 }, "geometry": { "type": "Polygon", "coordinates": [ [ [ 112.81348765169551, 0.459218773241899 ], [ 112.813667314752337, 0.459218773241899 ], [ 112.813667314752337, 0.459398436298723 ], [ 112.81348765169551, 0.459398436298723 ], [ 112.81348765169551, 0.459218773241899 ] ] ] } },
{ "type": "Feature", "properties": { "count": 2, "label": 1, "cluster_id": 298 }, "geometry": { "type": "Polygon", "coordinates": [ [ [ 112.81348765169551, 0.467662936912623 ], [ 112.813667314752337, 0.467662936912623 ], [ 112.813667314752337, 0.468022263026271 ], [ 112.81348765169551, 0.468022263026271 ], [ 112.81348765169551, 0.467662936912623 ] ] ] } },
{ "type": "Feature", "properties": { "count": 5, "label": 1, "cluster_id": 298 }, "geometry": { "type": "Polygon", "coordinates": [ [ [ 112.813128325581872, 0.438377858650326 ], [ 112.813128325581872, 0.438198195593503 ], [ 112.813307988638684, 0.438198195593503 ], [ 112.813307988638684, 0.438018532536679 ], [ 112.81348765169551, 0.438018532536679 ], [ 112.81348765169551, 0.438198195593503 ], [ 112.813846977809163, 0.438198195593503 ], [ 112.813846977809163, 0.438377858650326 ], [ 112.813128325581872, 0.438377858650326 ] ] ] } },
{ "type": "Feature", "properties": { "count": 1, "label": 1, "cluster_id": 298 }, "geometry": { "type": "Polygon", "coordinates": [ [ [ 112.813846977809163, 0.465147654117088 ], [ 112.81402664086599, 0.465147654117088 ], [ 112.81402664086599, 0.465327317173912 ], [ 112.813846977809163, 0.465327317173912 ], [ 112.813846977809163, 0.465147654117088 ] ] ] } },
{ "type": "Feature", "properties": { "count": 1, "label": 1, "cluster_id": 298 }, "geometry": { "type": "Polygon", "coordinates": [ [ [ 112.81402664086599, 0.459937425469195 ], [ 112.814206303922816, 0.459937425469195 ], [ 112.814206303922816, 0.460117088526019 ], [ 112.81402664086599, 0.460117088526019 ], [ 112.81402664086599, 0.459937425469195 ] ] ] } },
{ "type": "Feature", "properties": { "count": 1, "label": 1, "cluster_id": 298 }, "geometry": { "type": "Polygon", "coordinates": [ [ [ 112.814206303922816, 0.445564380923283 ], [ 112.814385966979629, 0.445564380923283 ], [ 112.814385966979629, 0.445744043980107 ], [ 112.814206303922816, 0.445744043980107 ], [ 112.814206303922816, 0.445564380923283 ] ] ] } },
{ "type": "Feature", "properties": { "count": 2, "label": 1, "cluster_id": 298 }, "geometry": { "type": "Polygon", "coordinates": [ [ [ 112.814206303922816, 0.44682202232105 ], [ 112.814385966979629, 0.44682202232105 ], [ 112.814385966979629, 0.447181348434698 ], [ 112.814206303922816, 0.447181348434698 ], [ 112.814206303922816, 0.44682202232105 ] ] ] } },
{ "type": "Feature", "properties": { "count": 1, "label": 1, "cluster_id": 298 }, "geometry": { "type": "Polygon", "coordinates": [ [ [ 112.814206303922816, 0.459218773241899 ], [ 112.814385966979629, 0.459218773241899 ], [ 112.814385966979629, 0.459398436298723 ], [ 112.814206303922816, 0.459398436298723 ], [ 112.814206303922816, 0.459218773241899 ] ] ] } },
{ "type": "Feature", "properties": { "count": 6, "label": 1, "cluster_id": 298 }, "geometry": { "type": "Polygon", "coordinates": [ [ [ 112.814206303922816, 0.46892057831039 ], [ 112.814206303922816, 0.468740915253566 ], [ 112.813846977809163, 0.468740915253566 ], [ 112.813846977809163, 0.468381589139919 ], [ 112.814206303922816, 0.468381589139919 ], [ 112.814206303922816, 0.468561252196742 ], [ 112.814385966979629, 0.468561252196742 ], [ 112.814385966979629, 0.46892057831039 ], [ 112.814206303922816, 0.46892057831039 ] ] ] } },
{ "type": "Feature", "properties": { "count": 1, "label": 1, "cluster_id": 298 }, "geometry": { "type": "Polygon", "coordinates": [ [ [ 112.814385966979629, 0.459757762412371 ], [ 112.814565630036455, 0.459757762412371 ], [ 112.814565630036455, 0.459937425469195 ], [ 112.814385966979629, 0.459937425469195 ], [ 112.814385966979629, 0.459757762412371 ] ] ] } },
{ "type": "Feature", "properties": { "count": 1, "label": 1, "cluster_id": 298 }, "geometry": { "type": "Polygon", "coordinates": [ [ [ 112.814565630036455, 0.439096510877622 ], [ 112.814745293093281, 0.439096510877622 ], [ 112.814745293093281, 0.439276173934446 ], [ 112.814565630036455, 0.439276173934446 ], [ 112.814565630036455, 0.439096510877622 ] ] ] } },
{ "type": "Feature", "properties": { "count": 7, "label": 1, "cluster_id": 298 }, "geometry": { "type": "Polygon", "coordinates": [ [ [ 112.814565630036455, 0.443228761184572 ], [ 112.814565630036455, 0.443049098127748 ], [ 112.814385966979629, 0.443049098127748 ], [ 112.814385966979629, 0.4426897720141 ], [ 112.814565630036455, 0.4426897720141 ], [ 112.814565630036455, 0.442510108957276 ], [ 112.814924956150108, 0.442510108957276 ], [ 112.814924956150108, 0.4426897720141 ], [ 112.814745293093281, 0.4426897720141 ], [ 112.814745293093281, 0.443228761184572 ], [ 112.814565630036455, 0.443228761184572 ] ] ] } },
{ "type": "Feature", "properties": { "count": 1, "label": 1, "cluster_id": 298 }, "geometry": { "type": "Polygon", "coordinates": [ [ [ 112.814565630036455, 0.456523827389541 ], [ 112.814745293093281, 0.456523827389541 ], [ 112.814745293093281, 0.456703490446365 ], [ 112.814565630036455, 0.456703490446365 ], [ 112.814565630036455, 0.456523827389541 ] ] ] } },
{ "type": "Feature", "properties": { "count": 2, "label": 1, "cluster_id": 298 }, "geometry": { "type": "Polygon", "coordinates": [ [ [ 112.814565630036455, 0.46892057831039 ], [ 112.814745293093281, 0.46892057831039 ], [ 112.814745293093281, 0.469279904424038 ], [ 112.814565630036455, 0.469279904424038 ], [ 112.814565630036455, 0.46892057831039 ] ] ] } },
{ "type": "Feature", "properties": { "count": 1, "label": 1, "cluster_id": 298 }, "geometry": { "type": "Polygon", "coordinates": [ [ [ 112.814745293093281, 0.438737184763974 ], [ 112.814924956150108, 0.438737184763974 ], [ 112.814924956150108, 0.438916847820798 ], [ 112.814745293093281, 0.438916847820798 ], [ 112.814745293093281, 0.438737184763974 ] ] ] } },
{ "type": "Feature", "properties": { "count": 1, "label": 1, "cluster_id": 298 }, "geometry": { "type": "Polygon", "coordinates": [ [ [ 112.814745293093281, 0.462812034378377 ], [ 112.814924956150108, 0.462812034378377 ], [ 112.814924956150108, 0.462991697435201 ], [ 112.814745293093281, 0.462991697435201 ], [ 112.814745293093281, 0.462812034378377 ] ] ] } },
{ "type": "Feature", "properties": { "count": 4, "label": 1, "cluster_id": 298 }, "geometry": { "type": "Polygon", "coordinates": [ [ [ 112.814924956150108, 0.434425271400201 ], [ 112.814924956150108, 0.433886282229729 ], [ 112.815284282263747, 0.433886282229729 ], [ 112.815284282263747, 0.434065945286553 ], [ 112.815104619206934, 0.434065945286553 ], [ 112.815104619206934, 0.434425271400201 ], [ 112.814924956150108, 0.434425271400201 ] ] ] } },
{ "type": "Feature", "properties": { "count": 26, "label": 1, "cluster_id": 298 }, "geometry": { "type": "Polygon", "coordinates": [ [ [ 112.814924956150108, 0.447001685377874 ], [ 112.814924956150108, 0.446642359264226 ], [ 112.814206303922816, 0.446642359264226 ], [ 112.814206303922816, 0.44682202232105 ], [ 112.81402664086599, 0.44682202232105 ], [ 112.81402664086599, 0.445744043980107 ], [ 112.814206303922816, 0.445744043980107 ], [ 112.814206303922816, 0.44592370703693 ], [ 112.814565630036455, 0.44592370703693 ], [ 112.814565630036455, 0.446283033150578 ], [ 112.815463945320573, 0.446283033150578 ], [ 112.815463945320573, 0.446462696207402 ], [ 112.8156436083774, 0.446462696207402 ], [ 112.8156436083774, 0.446642359264226 ], [ 112.815104619206934, 0.446642359264226 ], [ 112.815104619206934, 0.447001685377874 ], [ 112.814924956150108, 0.447001685377874 ] ], [ [ 112.814385966979629, 0.446462696207402 ], [ 112.814206303922816, 0.446462696207402 ], [ 112.814206303922816, 0.446283033150578 ], [ 112.814385966979629, 0.446283033150578 ], [ 112.814385966979629, 0.446462696207402 ] ] ] } },
{ "type": "Feature", "properties": { "count": 3, "label": 1, "cluster_id": 298 }, "geometry": { "type": "Polygon", "coordinates": [ [ [ 112.814924956150108, 0.461734056037434 ], [ 112.815104619206934, 0.461734056037434 ], [ 112.815104619206934, 0.462273045207906 ], [ 112.814924956150108, 0.462273045207906 ], [ 112.814924956150108, 0.461734056037434 ] ] ] } },
{ "type": "Feature", "properties": { "count": 17, "label": 1, "cluster_id": 298 }, "geometry": { "type": "Polygon", "coordinates": [ [ [ 112.814924956150108, 0.442330445900452 ], [ 112.814924956150108, 0.441791456729981 ], [ 112.815104619206934, 0.441791456729981 ], [ 112.815104619206934, 0.441611793673157 ], [ 112.8156436083774, 0.441611793673157 ], [ 112.8156436083774, 0.441432130616333 ], [ 112.815823271434226, 0.441432130616333 ], [ 112.815823271434226, 0.441611793673157 ], [ 112.816002934491053, 0.441611793673157 ], [ 112.816002934491053, 0.441791456729981 ], [ 112.8156436083774, 0.441791456729981 ], [ 112.8156436083774, 0.441971119786805 ], [ 112.815823271434226, 0.441971119786805 ], [ 112.815823271434226, 0.442150782843628 ], [ 112.815284282263747, 0.442150782843628 ], [ 112.815284282263747, 0.442330445900452 ], [ 112.814924956150108, 0.442330445900452 ] ] ] } },
{ "type": "Feature", "properties": { "count": 1, "label": 1, "cluster_id": 298 }, "geometry": { "type": "Polygon", "coordinates": [ [ [ 112.815104619206934, 0.46155439298061 ], [ 112.815284282263747, 0.46155439298061 ], [ 112.815284282263747, 0.461734056037434 ], [ 112.815104619206934, 0.461734056037434 ], [ 112.815104619206934, 0.46155439298061 ] ] ] } },
{ "type": "Feature", "properties": { "count": 1, "label": 1, "cluster_id": 298 }, "geometry": { "type": "Polygon", "coordinates": [ [ [ 112.815284282263747, 0.433526956116081 ], [ 112.815463945320573, 0.433526956116081 ], [ 112.815463945320573, 0.433706619172905 ], [ 112.815284282263747, 0.433706619172905 ], [ 112.815284282263747, 0.433526956116081 ] ] ] } },
{ "type": "Feature", "properties": { "count": 1, "label": 1, "cluster_id": 298 }, "geometry": { "type": "Polygon", "coordinates": [ [ [ 112.815284282263747, 0.435143923627496 ], [ 112.815463945320573, 0.435143923627496 ], [ 112.815463945320573, 0.43532358668432 ], [ 112.815284282263747, 0.43532358668432 ], [ 112.815284282263747, 0.435143923627496 ] ] ] } },
{ "type": "Feature", "properties": { "count": 2, "label": 1, "cluster_id": 298 }, "geometry": { "type": "Polygon", "coordinates": [ [ [ 112.815284282263747, 0.457242479616836 ], [ 112.815463945320573, 0.457242479616836 ], [ 112.815463945320573, 0.457601805730484 ], [ 112.815284282263747, 0.457601805730484 ], [ 112.815284282263747, 0.457242479616836 ] ] ] } },
{ "type": "Feature", "properties": { "count": 23, "label": 1, "cluster_id": 298 }, "geometry": { "type": "Polygon", "coordinates": [ [ [ 112.815284282263747, 0.463530686605673 ], [ 112.815284282263747, 0.462812034378377 ], [ 112.815463945320573, 0.462812034378377 ], [ 112.815463945320573, 0.462632371321554 ], [ 112.8156436083774, 0.462632371321554 ], [ 112.8156436083774, 0.462812034378377 ], [ 112.815823271434226, 0.462812034378377 ], [ 112.815823271434226, 0.462632371321554 ], [ 112.816002934491053, 0.462632371321554 ], [ 112.816002934491053, 0.462093382151082 ], [ 112.816182597547879, 0.462093382151082 ], [ 112.816182597547879, 0.462273045207906 ], [ 112.816541923661518, 0.462273045207906 ], [ 112.816541923661518, 0.462812034378377 ], [ 112.816362260604691, 0.462812034378377 ], [ 112.816362260604691, 0.462991697435201 ], [ 112.816182597547879, 0.462991697435201 ], [ 112.816182597547879, 0.463171360492025 ], [ 112.816002934491053, 0.463171360492025 ], [ 112.816002934491053, 0.462991697435201 ], [ 112.815823271434226, 0.462991697435201 ], [ 112.815823271434226, 0.463171360492025 ], [ 112.8156436083774, 0.463171360492025 ], [ 112.8156436083774, 0.462991697435201 ], [ 112.815463945320573, 0.462991697435201 ], [ 112.815463945320573, 0.463530686605673 ], [ 112.815284282263747, 0.463530686605673 ] ] ] } },
{ "type": "Feature", "properties": { "count": 2, "label": 1, "cluster_id": 298 }, "geometry": { "type": "Polygon", "coordinates": [ [ [ 112.815463945320573, 0.45418820765083 ], [ 112.8156436083774, 0.45418820765083 ], [ 112.8156436083774, 0.454547533764478 ], [ 112.815463945320573, 0.454547533764478 ], [ 112.815463945320573, 0.45418820765083 ] ] ] } },
{ "type": "Feature", "properties": { "count": 1, "label": 1, "cluster_id": 298 }, "geometry": { "type": "Polygon", "coordinates": [ [ [ 112.815463945320573, 0.463530686605673 ], [ 112.8156436083774, 0.463530686605673 ], [ 112.8156436083774, 0.463710349662497 ], [ 112.815463945320573, 0.463710349662497 ], [ 112.815463945320573, 0.463530686605673 ] ] ] } },
{ "type": "Feature", "properties": { "count": 1, "label": 1, "cluster_id": 298 }, "geometry": { "type": "Polygon", "coordinates": [ [ [ 112.815463945320573, 0.464069675776145 ], [ 112.8156436083774, 0.464069675776145 ], [ 112.8156436083774, 0.464249338832969 ], [ 112.815463945320573, 0.464249338832969 ], [ 112.815463945320573, 0.464069675776145 ] ] ] } },
{ "type": "Feature", "properties": { "count": 1, "label": 1, "cluster_id": 298 }, "geometry": { "type": "Polygon", "coordinates": [ [ [ 112.815463945320573, 0.464608664946617 ], [ 112.8156436083774, 0.464608664946617 ], [ 112.8156436083774, 0.46478832800344 ], [ 112.815463945320573, 0.46478832800344 ], [ 112.815463945320573, 0.464608664946617 ] ] ] } },
{ "type": "Feature", "properties": { "count": 1, "label": 1, "cluster_id": 298 }, "geometry": { "type": "Polygon", "coordinates": [ [ [ 112.8156436083774, 0.446642359264226 ], [ 112.815823271434226, 0.446642359264226 ], [ 112.815823271434226, 0.44682202232105 ], [ 112.8156436083774, 0.44682202232105 ], [ 112.8156436083774, 0.446642359264226 ] ] ] } },
{ "type": "Feature", "properties": { "count": 1, "label": 1, "cluster_id": 298 }, "geometry": { "type": "Polygon", "coordinates": [ [ [ 112.8156436083774, 0.463710349662497 ], [ 112.815823271434226, 0.463710349662497 ], [ 112.815823271434226, 0.463890012719321 ], [ 112.8156436083774, 0.463890012719321 ], [ 112.8156436083774, 0.463710349662497 ] ] ] } },
{ "type": "Feature", "properties": { "count": 2, "label": 1, "cluster_id": 298 }, "geometry": { "type": "Polygon", "coordinates": [ [ [ 112.8156436083774, 0.433526956116081 ], [ 112.816002934491053, 0.433526956116081 ], [ 112.816002934491053, 0.433706619172905 ], [ 112.8156436083774, 0.433706619172905 ], [ 112.8156436083774, 0.433526956116081 ] ] ] } },
{ "type": "Feature", "properties": { "count": 1, "label": 1, "cluster_id": 298 }, "geometry": { "type": "Polygon", "coordinates": [ [ [ 112.815823271434226, 0.441072804502685 ], [ 112.816002934491053, 0.441072804502685 ], [ 112.816002934491053, 0.441252467559509 ], [ 112.815823271434226, 0.441252467559509 ], [ 112.815823271434226, 0.441072804502685 ] ] ] } },
{ "type": "Feature", "properties": { "count": 50, "label": 1, "cluster_id": 298 }, "geometry": { "type": "Polygon", "coordinates": [ [ [ 112.8156436083774, 0.450235620400704 ], [ 112.8156436083774, 0.45005595734388 ], [ 112.815463945320573, 0.45005595734388 ], [ 112.815463945320573, 0.449696631230232 ], [ 112.8156436083774, 0.449696631230232 ], [ 112.8156436083774, 0.449516968173409 ], [ 112.816182597547879, 0.449516968173409 ], [ 112.816182597547879, 0.449337305116585 ], [ 112.816002934491053, 0.449337305116585 ], [ 112.816002934491053, 0.449157642059761 ], [ 112.815823271434226, 0.449157642059761 ], [ 112.815823271434226, 0.448618652889289 ], [ 112.8156436083774, 0.448618652889289 ], [ 112.8156436083774, 0.448079663718817 ], [ 112.815463945320573, 0.448079663718817 ], [ 112.815463945320573, 0.447361011491522 ], [ 112.815284282263747, 0.447361011491522 ], [ 112.815284282263747, 0.447001685377874 ], [ 112.815463945320573, 0.447001685377874 ], [ 112.815463945320573, 0.447181348434698 ], [ 112.8156436083774, 0.447181348434698 ], [ 112.8156436083774, 0.447001685377874 ], [ 112.815823271434226, 0.447001685377874 ], [ 112.815823271434226, 0.447181348434698 ], [ 112.816002934491053, 0.447181348434698 ], [ 112.816002934491053, 0.447900000661993 ], [ 112.815823271434226, 0.447900000661993 ], [ 112.815823271434226, 0.448438989832465 ], [ 112.816002934491053, 0.448438989832465 ], [ 112.816002934491053, 0.448618652889289 ], [ 112.816541923661518, 0.448618652889289 ], [ 112.816541923661518, 0.448798315946113 ], [ 112.816362260604691, 0.448798315946113 ], [ 112.816362260604691, 0.449157642059761 ], [ 112.816541923661518, 0.449157642059761 ], [ 112.816541923661518, 0.449696631230232 ], [ 112.816182597547879, 0.449696631230232 ], [ 112.816182597547879, 0.45005595734388 ], [ 112.816002934491053, 0.45005595734388 ], [ 112.816002934491053, 0.450235620400704 ], [ 112.8156436083774, 0.450235620400704 ] ], [ [ 112.815823271434226, 0.447720337605169 ], [ 112.8156436083774, 0.447720337605169 ], [ 112.8156436083774, 0.447540674548346 ], [ 112.815823271434226, 0.447540674548346 ], [ 112.815823271434226, 0.447720337605169 ] ] ] } },
{ "type": "Feature", "properties": { "count": 2, "label": 1, "cluster_id": 298 }, "geometry": { "type": "Polygon", "coordinates": [ [ [ 112.815823271434226, 0.46155439298061 ], [ 112.816002934491053, 0.46155439298061 ], [ 112.816002934491053, 0.461913719094258 ], [ 112.815823271434226, 0.461913719094258 ], [ 112.815823271434226, 0.46155439298061 ] ] ] } },
{ "type": "Feature", "properties": { "count": 1, "label": 1, "cluster_id": 298 }, "geometry": { "type": "Polygon", "coordinates": [ [ [ 112.815823271434226, 0.463530686605673 ], [ 112.816002934491053, 0.463530686605673 ], [ 112.816002934491053, 0.463710349662497 ], [ 112.815823271434226, 0.463710349662497 ], [ 112.815823271434226, 0.463530686605673 ] ] ] } },
{ "type": "Feature", "properties": { "count": 1, "label": 1, "cluster_id": 298 }, "geometry": { "type": "Polygon", "coordinates": [ [ [ 112.816002934491053, 0.441432130616333 ], [ 112.816182597547879, 0.441432130616333 ], [ 112.816182597547879, 0.441611793673157 ], [ 112.816002934491053, 0.441611793673157 ], [ 112.816002934491053, 0.441432130616333 ] ] ] } },
{ "type": "Feature", "properties": { "count": 1, "label": 1, "cluster_id": 298 }, "geometry": { "type": "Polygon", "coordinates": [ [ [ 112.816002934491053, 0.457062816560013 ], [ 112.816182597547879, 0.457062816560013 ], [ 112.816182597547879, 0.457242479616836 ], [ 112.816002934491053, 0.457242479616836 ], [ 112.816002934491053, 0.457062816560013 ] ] ] } },
{ "type": "Feature", "properties": { "count": 2, "label": 1, "cluster_id": 298 }, "geometry": { "type": "Polygon", "coordinates": [ [ [ 112.816182597547879, 0.433706619172905 ], [ 112.816362260604691, 0.433706619172905 ], [ 112.816362260604691, 0.434065945286553 ], [ 112.816182597547879, 0.434065945286553 ], [ 112.816182597547879, 0.433706619172905 ] ] ] } },
{ "type": "Feature", "properties": { "count": 4, "label": 1, "cluster_id": 298 }, "geometry": { "type": "Polygon", "coordinates": [ [ [ 112.816182597547879, 0.442869435070924 ], [ 112.816182597547879, 0.442330445900452 ], [ 112.816362260604691, 0.442330445900452 ], [ 112.816362260604691, 0.442510108957276 ], [ 112.816541923661518, 0.442510108957276 ], [ 112.816541923661518, 0.4426897720141 ], [ 112.816362260604691, 0.4426897720141 ], [ 112.816362260604691, 0.442869435070924 ], [ 112.816182597547879, 0.442869435070924 ] ] ] } },
{ "type": "Feature", "properties": { "count": 33, "label": 1, "cluster_id": 298 }, "geometry": { "type": "Polygon", "coordinates": [ [ [ 112.816182597547879, 0.421848857422527 ], [ 112.816182597547879, 0.42148953130888 ], [ 112.816362260604691, 0.42148953130888 ], [ 112.816362260604691, 0.421130205195232 ], [ 112.816182597547879, 0.421130205195232 ], [ 112.816182597547879, 0.420770879081584 ], [ 112.816721586718344, 0.420770879081584 ], [ 112.816721586718344, 0.42059121602476 ], [ 112.816541923661518, 0.42059121602476 ], [ 112.816541923661518, 0.420231889911112 ], [ 112.816721586718344, 0.420231889911112 ], [ 112.816721586718344, 0.419872563797464 ], [ 112.816901249775171, 0.419872563797464 ], [ 112.816901249775171, 0.420231889911112 ], [ 112.817080912831997, 0.420231889911112 ], [ 112.817080912831997, 0.419872563797464 ], [ 112.81726057588881, 0.419872563797464 ], [ 112.81726057588881, 0.42059121602476 ], [ 112.817080912831997, 0.42059121602476 ], [ 112.817080912831997, 0.421130205195232 ], [ 112.816901249775171, 0.421130205195232 ], [ 112.816901249775171, 0.421309868252056 ], [ 112.816721586718344, 0.421309868252056 ], [ 112.816721586718344, 0.42148953130888 ], [ 112.816541923661518, 0.42148953130888 ], [ 112.816541923661518, 0.421848857422527 ], [ 112.816182597547879, 0.421848857422527 ] ] ] } },
{ "type": "Feature", "properties": { "count": 1, "label": 1, "cluster_id": 298 }, "geometry": { "type": "Polygon", "coordinates": [ [ [ 112.816362260604691, 0.441072804502685 ], [ 112.816541923661518, 0.441072804502685 ], [ 112.816541923661518, 0.441252467559509 ], [ 112.816362260604691, 0.441252467559509 ], [ 112.816362260604691, 0.441072804502685 ] ] ] } },
{ "type": "Feature", "properties": { "count": 1, "label": 1, "cluster_id": 298 }, "geometry": { "type": "Polygon", "coordinates": [ [ [ 112.816362260604691, 0.464069675776145 ], [ 112.816541923661518, 0.464069675776145 ], [ 112.816541923661518, 0.464249338832969 ], [ 112.816362260604691, 0.464249338832969 ], [ 112.816362260604691, 0.464069675776145 ] ] ] } },
{ "type": "Feature", "properties": { "count": 3, "label": 1, "cluster_id": 298 }, "geometry": { "type": "Polygon", "coordinates": [ [ [ 112.816362260604691, 0.464967991060264 ], [ 112.816362260604691, 0.464608664946617 ], [ 112.816721586718344, 0.464608664946617 ], [ 112.816721586718344, 0.46478832800344 ], [ 112.816541923661518, 0.46478832800344 ], [ 112.816541923661518, 0.464967991060264 ], [ 112.816362260604691, 0.464967991060264 ] ] ] } },
{ "type": "Feature", "properties": { "count": 2, "label": 1, "cluster_id": 298 }, "geometry": { "type": "Polygon", "coordinates": [ [ [ 112.816541923661518, 0.421848857422527 ], [ 112.816721586718344, 0.421848857422527 ], [ 112.816721586718344, 0.422208183536175 ], [ 112.816541923661518, 0.422208183536175 ], [ 112.816541923661518, 0.421848857422527 ] ] ] } },
{ "type": "Feature", "properties": { "count": 1, "label": 1, "cluster_id": 298 }, "geometry": { "type": "Polygon", "coordinates": [ [ [ 112.816541923661518, 0.434065945286553 ], [ 112.816721586718344, 0.434065945286553 ], [ 112.816721586718344, 0.434245608343377 ], [ 112.816541923661518, 0.434245608343377 ], [ 112.816541923661518, 0.434065945286553 ] ] ] } },
{ "type": "Feature", "properties": { "count": 3, "label": 1, "cluster_id": 298 }, "geometry": { "type": "Polygon", "coordinates": [ [ [ 112.816541923661518, 0.460476414639667 ], [ 112.816541923661518, 0.460117088526019 ], [ 112.816901249775171, 0.460117088526019 ], [ 112.816901249775171, 0.460296751582843 ], [ 112.816721586718344, 0.460296751582843 ], [ 112.816721586718344, 0.460476414639667 ], [ 112.816541923661518, 0.460476414639667 ] ] ] } },
{ "type": "Feature", "properties": { "count": 1, "label": 1, "cluster_id": 298 }, "geometry": { "type": "Polygon", "coordinates": [ [ [ 112.816721586718344, 0.456523827389541 ], [ 112.816901249775171, 0.456523827389541 ], [ 112.816901249775171, 0.456703490446365 ], [ 112.816721586718344, 0.456703490446365 ], [ 112.816721586718344, 0.456523827389541 ] ] ] } },
{ "type": "Feature", "properties": { "count": 1, "label": 1, "cluster_id": 298 }, "geometry": { "type": "Polygon", "coordinates": [ [ [ 112.816721586718344, 0.460656077696491 ], [ 112.816901249775171, 0.460656077696491 ], [ 112.816901249775171, 0.460835740753315 ], [ 112.816721586718344, 0.460835740753315 ], [ 112.816721586718344, 0.460656077696491 ] ] ] } },
{ "type": "Feature", "properties": { "count": 1, "label": 1, "cluster_id": 298 }, "geometry": { "type": "Polygon", "coordinates": [ [ [ 112.816901249775171, 0.434425271400201 ], [ 112.817080912831997, 0.434425271400201 ], [ 112.817080912831997, 0.434604934457024 ], [ 112.816901249775171, 0.434604934457024 ], [ 112.816901249775171, 0.434425271400201 ] ] ] } },
{ "type": "Feature", "properties": { "count": 26, "label": 1, "cluster_id": 298 }, "geometry": { "type": "Polygon", "coordinates": [ [ [ 112.816721586718344, 0.441252467559509 ], [ 112.816721586718344, 0.440893141445861 ], [ 112.817080912831997, 0.440893141445861 ], [ 112.817080912831997, 0.440533815332213 ], [ 112.81726057588881, 0.440533815332213 ], [ 112.81726057588881, 0.440354152275389 ], [ 112.817440238945636, 0.440354152275389 ], [ 112.817440238945636, 0.440174489218566 ], [ 112.817619902002463, 0.440174489218566 ], [ 112.817619902002463, 0.439815163104918 ], [ 112.817799565059289, 0.439815163104918 ], [ 112.817799565059289, 0.439635500048094 ], [ 112.817979228116116, 0.439635500048094 ], [ 112.817979228116116, 0.43945583699127 ], [ 112.818338554229754, 0.43945583699127 ], [ 112.818338554229754, 0.439635500048094 ], [ 112.818518217286581, 0.439635500048094 ], [ 112.818518217286581, 0.439815163104918 ], [ 112.818158891172942, 0.439815163104918 ], [ 112.818158891172942, 0.439994826161742 ], [ 112.817979228116116, 0.439994826161742 ], [ 112.817979228116116, 0.440174489218566 ], [ 112.817799565059289, 0.440174489218566 ], [ 112.817799565059289, 0.440354152275389 ], [ 112.817619902002463, 0.440354152275389 ], [ 112.817619902002463, 0.440713478389037 ], [ 112.817440238945636, 0.440713478389037 ], [ 112.817440238945636, 0.441072804502685 ], [ 112.817080912831997, 0.441072804502685 ], [ 112.817080912831997, 0.441252467559509 ], [ 112.816721586718344, 0.441252467559509 ] ] ] } },
{ "type": "Feature", "properties": { "count": 5, "label": 1, "cluster_id": 298 }, "geometry": { "type": "Polygon", "coordinates": [ [ [ 112.816901249775171, 0.450235620400704 ], [ 112.816901249775171, 0.45005595734388 ], [ 112.816721586718344, 0.45005595734388 ], [ 112.816721586718344, 0.449696631230232 ], [ 112.817080912831997, 0.449696631230232 ], [ 112.817080912831997, 0.450235620400704 ], [ 112.816901249775171, 0.450235620400704 ] ] ] } },
{ "type": "Feature", "properties": { "count": 19, "label": 1, "cluster_id": 298 }, "geometry": { "type": "Polygon", "coordinates": [ [ [ 112.816901249775171, 0.42382515104759 ], [ 112.816901249775171, 0.423645487990766 ], [ 112.816541923661518, 0.423645487990766 ], [ 112.816541923661518, 0.423286161877119 ], [ 112.816362260604691, 0.423286161877119 ], [ 112.816362260604691, 0.423106498820295 ], [ 112.816182597547879, 0.423106498820295 ], [ 112.816182597547879, 0.422747172706647 ], [ 112.816362260604691, 0.422747172706647 ], [ 112.816362260604691, 0.422387846592999 ], [ 112.816721586718344, 0.422387846592999 ], [ 112.816721586718344, 0.423286161877119 ], [ 112.816901249775171, 0.423286161877119 ], [ 112.816901249775171, 0.423465824933942 ], [ 112.817080912831997, 0.423465824933942 ], [ 112.817080912831997, 0.423645487990766 ], [ 112.81726057588881, 0.423645487990766 ], [ 112.81726057588881, 0.42382515104759 ], [ 112.816901249775171, 0.42382515104759 ] ] ] } },
{ "type": "Feature", "properties": { "count": 2, "label": 1, "cluster_id": 298 }, "geometry": { "type": "Polygon", "coordinates": [ [ [ 112.817080912831997, 0.450415283457528 ], [ 112.81726057588881, 0.450415283457528 ], [ 112.81726057588881, 0.450774609571176 ], [ 112.817080912831997, 0.450774609571176 ], [ 112.817080912831997, 0.450415283457528 ] ] ] } },
{ "type": "Feature", "properties": { "count": 25, "label": 1, "cluster_id": 298 }, "geometry": { "type": "Polygon", "coordinates": [ [ [ 112.817080912831997, 0.461374729923786 ], [ 112.817080912831997, 0.461195066866962 ], [ 112.816901249775171, 0.461195066866962 ], [ 112.816901249775171, 0.461015403810138 ], [ 112.817080912831997, 0.461015403810138 ], [ 112.817080912831997, 0.460656077696491 ], [ 112.81726057588881, 0.460656077696491 ], [ 112.81726057588881, 0.460476414639667 ], [ 112.817440238945636, 0.460476414639667 ], [ 112.817440238945636, 0.460296751582843 ], [ 112.81726057588881, 0.460296751582843 ], [ 112.81726057588881, 0.460117088526019 ], [ 112.817619902002463, 0.460117088526019 ], [ 112.817619902002463, 0.460296751582843 ], [ 112.817799565059289, 0.460296751582843 ], [ 112.817799565059289, 0.460476414639667 ], [ 112.817979228116116, 0.460476414639667 ], [ 112.817979228116116, 0.460835740753315 ], [ 112.818158891172942, 0.460835740753315 ], [ 112.818158891172942, 0.461195066866962 ], [ 112.817979228116116, 0.461195066866962 ], [ 112.817979228116116, 0.461015403810138 ], [ 112.817799565059289, 0.461015403810138 ], [ 112.817799565059289, 0.461195066866962 ], [ 112.817440238945636, 0.461195066866962 ], [ 112.817440238945636, 0.461015403810138 ], [ 112.81726057588881, 0.461015403810138 ], [ 112.81726057588881, 0.461374729923786 ], [ 112.817080912831997, 0.461374729923786 ] ] ] } },
{ "type": "Feature", "properties": { "count": 4, "label": 1, "cluster_id": 298 }, "geometry": { "type": "Polygon", "coordinates": [ [ [ 112.817080912831997, 0.422567509649823 ], [ 112.817080912831997, 0.422028520479351 ], [ 112.81726057588881, 0.422028520479351 ], [ 112.81726057588881, 0.422387846592999 ], [ 112.817440238945636, 0.422387846592999 ], [ 112.817440238945636, 0.422567509649823 ], [ 112.817080912831997, 0.422567509649823 ] ] ] } },
{ "type": "Feature", "properties": { "count": 5, "label": 1, "cluster_id": 298 }, "geometry": { "type": "Polygon", "coordinates": [ [ [ 112.816901249775171, 0.437838869479855 ], [ 112.816901249775171, 0.437659206423031 ], [ 112.817080912831997, 0.437659206423031 ], [ 112.817080912831997, 0.437479543366207 ], [ 112.817440238945636, 0.437479543366207 ], [ 112.817440238945636, 0.437838869479855 ], [ 112.816901249775171, 0.437838869479855 ] ] ] } },
{ "type": "Feature", "properties": { "count": 1, "label": 1, "cluster_id": 298 }, "geometry": { "type": "Polygon", "coordinates": [ [ [ 112.81726057588881, 0.447361011491522 ], [ 112.817440238945636, 0.447361011491522 ], [ 112.817440238945636, 0.447540674548346 ], [ 112.81726057588881, 0.447540674548346 ], [ 112.81726057588881, 0.447361011491522 ] ] ] } },
{ "type": "Feature", "properties": { "count": 2, "label": 1, "cluster_id": 298 }, "geometry": { "type": "Polygon", "coordinates": [ [ [ 112.81726057588881, 0.423286161877119 ], [ 112.817619902002463, 0.423286161877119 ], [ 112.817619902002463, 0.423465824933942 ], [ 112.81726057588881, 0.423465824933942 ], [ 112.81726057588881, 0.423286161877119 ] ] ] } },
{ "type": "Feature", "properties": { "count": 9, "label": 1, "cluster_id": 298 }, "geometry": { "type": "Polygon", "coordinates": [ [ [ 112.817440238945636, 0.436760891138911 ], [ 112.817440238945636, 0.436581228082087 ], [ 112.81726057588881, 0.436581228082087 ], [ 112.81726057588881, 0.436401565025264 ], [ 112.817440238945636, 0.436401565025264 ], [ 112.817440238945636, 0.43622190196844 ], [ 112.817619902002463, 0.43622190196844 ], [ 112.817619902002463, 0.436042238911616 ], [ 112.817799565059289, 0.436042238911616 ], [ 112.817799565059289, 0.43622190196844 ], [ 112.817979228116116, 0.43622190196844 ], [ 112.817979228116116, 0.436581228082087 ], [ 112.817619902002463, 0.436581228082087 ], [ 112.817619902002463, 0.436760891138911 ], [ 112.817440238945636, 0.436760891138911 ] ] ] } },
{ "type": "Feature", "properties": { "count": 1, "label": 1, "cluster_id": 298 }, "geometry": { "type": "Polygon", "coordinates": [ [ [ 112.817440238945636, 0.437120217252559 ], [ 112.817619902002463, 0.437120217252559 ], [ 112.817619902002463, 0.437299880309383 ], [ 112.817440238945636, 0.437299880309383 ], [ 112.817440238945636, 0.437120217252559 ] ] ] } },
{ "type": "Feature", "properties": { "count": 1, "label": 1, "cluster_id": 298 }, "geometry": { "type": "Polygon", "coordinates": [ [ [ 112.817440238945636, 0.441072804502685 ], [ 112.817619902002463, 0.441072804502685 ], [ 112.817619902002463, 0.441252467559509 ], [ 112.817440238945636, 0.441252467559509 ], [ 112.817440238945636, 0.441072804502685 ] ] ] } },
{ "type": "Feature", "properties": { "count": 6, "label": 1, "cluster_id": 298 }, "geometry": { "type": "Polygon", "coordinates": [ [ [ 112.81726057588881, 0.480778340060768 ], [ 112.81726057588881, 0.480598677003944 ], [ 112.817080912831997, 0.480598677003944 ], [ 112.817080912831997, 0.48041901394712 ], [ 112.81726057588881, 0.48041901394712 ], [ 112.81726057588881, 0.480239350890296 ], [ 112.817440238945636, 0.480239350890296 ], [ 112.817440238945636, 0.48041901394712 ], [ 112.817619902002463, 0.48041901394712 ], [ 112.817619902002463, 0.480778340060768 ], [ 112.81726057588881, 0.480778340060768 ] ] ] } },
{ "type": "Feature", "properties": { "count": 4, "label": 1, "cluster_id": 298 }, "geometry": { "type": "Polygon", "coordinates": [ [ [ 112.817440238945636, 0.450235620400704 ], [ 112.817799565059289, 0.450235620400704 ], [ 112.817799565059289, 0.450594946514352 ], [ 112.817440238945636, 0.450594946514352 ], [ 112.817440238945636, 0.450235620400704 ] ] ] } },
{ "type": "Feature", "properties": { "count": 3, "label": 1, "cluster_id": 298 }, "geometry": { "type": "Polygon", "coordinates": [ [ [ 112.817619902002463, 0.424004814104414 ], [ 112.817619902002463, 0.423645487990766 ], [ 112.817799565059289, 0.423645487990766 ], [ 112.817799565059289, 0.42382515104759 ], [ 112.817979228116116, 0.42382515104759 ], [ 112.817979228116116, 0.424004814104414 ], [ 112.817619902002463, 0.424004814104414 ] ] ] } },
{ "type": "Feature", "properties": { "count": 2, "label": 1, "cluster_id": 298 }, "geometry": { "type": "Polygon", "coordinates": [ [ [ 112.817619902002463, 0.444845728695987 ], [ 112.817979228116116, 0.444845728695987 ], [ 112.817979228116116, 0.445025391752811 ], [ 112.817619902002463, 0.445025391752811 ], [ 112.817619902002463, 0.444845728695987 ] ] ] } },
{ "type": "Feature", "properties": { "count": 5, "label": 1, "cluster_id": 298 }, "geometry": { "type": "Polygon", "coordinates": [ [ [ 112.817440238945636, 0.451313598741648 ], [ 112.817440238945636, 0.451133935684824 ], [ 112.817619902002463, 0.451133935684824 ], [ 112.817619902002463, 0.450954272628 ], [ 112.817979228116116, 0.450954272628 ], [ 112.817979228116116, 0.451313598741648 ], [ 112.817440238945636, 0.451313598741648 ] ] ] } },
{ "type": "Feature", "properties": { "count": 1, "label": 1, "cluster_id": 298 }, "geometry": { "type": "Polygon", "coordinates": [ [ [ 112.817799565059289, 0.452571240139415 ], [ 112.817979228116116, 0.452571240139415 ], [ 112.817979228116116, 0.452750903196239 ], [ 112.817799565059289, 0.452750903196239 ], [ 112.817799565059289, 0.452571240139415 ] ] ] } },
{ "type": "Feature", "properties": { "count": 1, "label": 1, "cluster_id": 298 }, "geometry": { "type": "Polygon", "coordinates": [ [ [ 112.817979228116116, 0.436940554195735 ], [ 112.818158891172942, 0.436940554195735 ], [ 112.818158891172942, 0.437120217252559 ], [ 112.817979228116116, 0.437120217252559 ], [ 112.817979228116116, 0.436940554195735 ] ] ] } },
{ "type": "Feature", "properties": { "count": 1, "label": 1, "cluster_id": 298 }, "geometry": { "type": "Polygon", "coordinates": [ [ [ 112.817979228116116, 0.452211914025767 ], [ 112.818158891172942, 0.452211914025767 ], [ 112.818158891172942, 0.452391577082591 ], [ 112.817979228116116, 0.452391577082591 ], [ 112.817979228116116, 0.452211914025767 ] ] ] } },
{ "type": "Feature", "properties": { "count": 1, "label": 1, "cluster_id": 298 }, "geometry": { "type": "Polygon", "coordinates": [ [ [ 112.818158891172942, 0.419872563797464 ], [ 112.818338554229754, 0.419872563797464 ], [ 112.818338554229754, 0.420052226854288 ], [ 112.818158891172942, 0.420052226854288 ], [ 112.818158891172942, 0.419872563797464 ] ] ] } },
{ "type": "Feature", "properties": { "count": 3, "label": 1, "cluster_id": 298 }, "geometry": { "type": "Polygon", "coordinates": [ [ [ 112.817979228116116, 0.424543803274886 ], [ 112.817979228116116, 0.424184477161238 ], [ 112.818158891172942, 0.424184477161238 ], [ 112.818158891172942, 0.424364140218062 ], [ 112.818338554229754, 0.424364140218062 ], [ 112.818338554229754, 0.424543803274886 ], [ 112.817979228116116, 0.424543803274886 ] ] ] } },
{ "type": "Feature", "properties": { "count": 3, "label": 1, "cluster_id": 298 }, "geometry": { "type": "Polygon", "coordinates": [ [ [ 112.817979228116116, 0.450594946514352 ], [ 112.817979228116116, 0.450415283457528 ], [ 112.818158891172942, 0.450415283457528 ], [ 112.818158891172942, 0.450235620400704 ], [ 112.818338554229754, 0.450235620400704 ], [ 112.818338554229754, 0.450594946514352 ], [ 112.817979228116116, 0.450594946514352 ] ] ] } },
{ "type": "Feature", "properties": { "count": 9, "label": 1, "cluster_id": 298 }, "geometry": { "type": "Polygon", "coordinates": [ [ [ 112.818158891172942, 0.452211914025767 ], [ 112.818158891172942, 0.452032250968943 ], [ 112.817979228116116, 0.452032250968943 ], [ 112.817979228116116, 0.451852587912119 ], [ 112.817799565059289, 0.451852587912119 ], [ 112.817799565059289, 0.451493261798471 ], [ 112.817979228116116, 0.451493261798471 ], [ 112.817979228116116, 0.451313598741648 ], [ 112.818158891172942, 0.451313598741648 ], [ 112.818158891172942, 0.451672924855295 ], [ 112.818338554229754, 0.451672924855295 ], [ 112.818338554229754, 0.452211914025767 ], [ 112.818158891172942, 0.452211914025767 ] ] ] } },
{ "type": "Feature", "properties": { "count": 1, "label": 1, "cluster_id": 298 }, "geometry": { "type": "Polygon", "coordinates": [ [ [ 112.818158891172942, 0.460656077696491 ], [ 112.818338554229754, 0.460656077696491 ], [ 112.818338554229754, 0.460835740753315 ], [ 112.818158891172942, 0.460835740753315 ], [ 112.818158891172942, 0.460656077696491 ] ] ] } },
{ "type": "Feature", "properties": { "count": 4, "label": 1, "cluster_id": 298 }, "geometry": { "type": "Polygon", "coordinates": [ [ [ 112.818338554229754, 0.43945583699127 ], [ 112.818338554229754, 0.439276173934446 ], [ 112.817979228116116, 0.439276173934446 ], [ 112.817979228116116, 0.439096510877622 ], [ 112.818518217286581, 0.439096510877622 ], [ 112.818518217286581, 0.43945583699127 ], [ 112.818338554229754, 0.43945583699127 ] ] ] } },
{ "type": "Feature", "properties": { "count": 1, "label": 1, "cluster_id": 298 }, "geometry": { "type": "Polygon", "coordinates": [ [ [ 112.818338554229754, 0.462991697435201 ], [ 112.818518217286581, 0.462991697435201 ], [ 112.818518217286581, 0.463171360492025 ], [ 112.818338554229754, 0.463171360492025 ], [ 112.818338554229754, 0.462991697435201 ] ] ] } },
{ "type": "Feature", "properties": { "count": 9, "label": 1, "cluster_id": 298 }, "geometry": { "type": "Polygon", "coordinates": [ [ [ 112.817619902002463, 0.434604934457024 ], [ 112.817619902002463, 0.434425271400201 ], [ 112.818158891172942, 0.434425271400201 ], [ 112.818158891172942, 0.434245608343377 ], [ 112.818697880343407, 0.434245608343377 ], [ 112.818697880343407, 0.434604934457024 ], [ 112.817619902002463, 0.434604934457024 ] ] ] } },
{ "type": "Feature", "properties": { "count": 11, "label": 1, "cluster_id": 298 }, "geometry": { "type": "Polygon", "coordinates": [ [ [ 112.818338554229754, 0.437659206423031 ], [ 112.818338554229754, 0.437299880309383 ], [ 112.818158891172942, 0.437299880309383 ], [ 112.818158891172942, 0.437120217252559 ], [ 112.818338554229754, 0.437120217252559 ], [ 112.818338554229754, 0.436940554195735 ], [ 112.818697880343407, 0.436940554195735 ], [ 112.818697880343407, 0.437120217252559 ], [ 112.818877543400234, 0.437120217252559 ], [ 112.818877543400234, 0.437479543366207 ], [ 112.818697880343407, 0.437479543366207 ], [ 112.818697880343407, 0.437659206423031 ], [ 112.818338554229754, 0.437659206423031 ] ] ] } },
{ "type": "Feature", "properties": { "count": 1, "label": 1, "cluster_id": 298 }, "geometry": { "type": "Polygon", "coordinates": [ [ [ 112.818518217286581, 0.438916847820798 ], [ 112.818697880343407, 0.438916847820798 ], [ 112.818697880343407, 0.439096510877622 ], [ 112.818518217286581, 0.439096510877622 ], [ 112.818518217286581, 0.438916847820798 ] ] ] } },
{ "type": "Feature", "properties": { "count": 1, "label": 1, "cluster_id": 298 }, "geometry": { "type": "Polygon", "coordinates": [ [ [ 112.818518217286581, 0.452032250968943 ], [ 112.818697880343407, 0.452032250968943 ], [ 112.818697880343407, 0.452211914025767 ], [ 112.818518217286581, 0.452211914025767 ], [ 112.818518217286581, 0.452032250968943 ] ] ] } },
{ "type": "Feature", "properties": { "count": 2, "label": 1, "cluster_id": 298 }, "geometry": { "type": "Polygon", "coordinates": [ [ [ 112.818338554229754, 0.463351023548849 ], [ 112.818697880343407, 0.463351023548849 ], [ 112.818697880343407, 0.463530686605673 ], [ 112.818338554229754, 0.463530686605673 ], [ 112.818338554229754, 0.463351023548849 ] ] ] } },
{ "type": "Feature", "properties": { "count": 1, "label": 1, "cluster_id": 298 }, "geometry": { "type": "Polygon", "coordinates": [ [ [ 112.818697880343407, 0.434065945286553 ], [ 112.818877543400234, 0.434065945286553 ], [ 112.818877543400234, 0.434245608343377 ], [ 112.818697880343407, 0.434245608343377 ], [ 112.818697880343407, 0.434065945286553 ] ] ] } },
{ "type": "Feature", "properties": { "count": 1, "label": 1, "cluster_id": 298 }, "geometry": { "type": "Polygon", "coordinates": [ [ [ 112.818697880343407, 0.46245270826473 ], [ 112.818877543400234, 0.46245270826473 ], [ 112.818877543400234, 0.462632371321554 ], [ 112.818697880343407, 0.462632371321554 ], [ 112.818697880343407, 0.46245270826473 ] ] ] } },
{ "type": "Feature", "properties": { "count": 1, "label": 1, "cluster_id": 298 }, "geometry": { "type": "Polygon", "coordinates": [ [ [ 112.818697880343407, 0.462812034378377 ], [ 112.818877543400234, 0.462812034378377 ], [ 112.818877543400234, 0.462991697435201 ], [ 112.818697880343407, 0.462991697435201 ], [ 112.818697880343407, 0.462812034378377 ] ] ] } },
{ "type": "Feature", "properties": { "count": 11, "label": 1, "cluster_id": 298 }, "geometry": { "type": "Polygon", "coordinates": [ [ [ 112.818877543400234, 0.425621781615829 ], [ 112.818877543400234, 0.425442118559005 ], [ 112.818697880343407, 0.425442118559005 ], [ 112.818697880343407, 0.425262455502181 ], [ 112.818518217286581, 0.425262455502181 ], [ 112.818518217286581, 0.424903129388534 ], [ 112.818338554229754, 0.424903129388534 ], [ 112.818338554229754, 0.424543803274886 ], [ 112.818518217286581, 0.424543803274886 ], [ 112.818518217286581, 0.42472346633171 ], [ 112.818697880343407, 0.42472346633171 ], [ 112.818697880343407, 0.424903129388534 ], [ 112.818877543400234, 0.424903129388534 ], [ 112.818877543400234, 0.425082792445358 ], [ 112.81905720645706, 0.425082792445358 ], [ 112.81905720645706, 0.425621781615829 ], [ 112.818877543400234, 0.425621781615829 ] ] ] } },
{ "type": "Feature", "properties": { "count": 1, "label": 1, "cluster_id": 298 }, "geometry": { "type": "Polygon", "coordinates": [ [ [ 112.818877543400234, 0.433886282229729 ], [ 112.81905720645706, 0.433886282229729 ], [ 112.81905720645706, 0.434065945286553 ], [ 112.818877543400234, 0.434065945286553 ], [ 112.818877543400234, 0.433886282229729 ] ] ] } },
{ "type": "Feature", "properties": { "count": 1, "label": 1, "cluster_id": 298 }, "geometry": { "type": "Polygon", "coordinates": [ [ [ 112.818877543400234, 0.436760891138911 ], [ 112.81905720645706, 0.436760891138911 ], [ 112.81905720645706, 0.436940554195735 ], [ 112.818877543400234, 0.436940554195735 ], [ 112.818877543400234, 0.436760891138911 ] ] ] } },
{ "type": "Feature", "properties": { "count": 1, "label": 1, "cluster_id": 298 }, "geometry": { "type": "Polygon", "coordinates": [ [ [ 112.818877543400234, 0.438737184763974 ], [ 112.81905720645706, 0.438737184763974 ], [ 112.81905720645706, 0.438916847820798 ], [ 112.818877543400234, 0.438916847820798 ], [ 112.818877543400234, 0.438737184763974 ] ] ] } },
{ "type": "Feature", "properties": { "count": 4, "label": 1, "cluster_id": 298 }, "geometry": { "type": "Polygon", "coordinates": [ [ [ 112.818697880343407, 0.450774609571176 ], [ 112.81905720645706, 0.450774609571176 ], [ 112.81905720645706, 0.451133935684824 ], [ 112.818697880343407, 0.451133935684824 ], [ 112.818697880343407, 0.450774609571176 ] ] ] } },
{ "type": "Feature", "properties": { "count": 1, "label": 1, "cluster_id": 298 }, "geometry": { "type": "Polygon", "coordinates": [ [ [ 112.81905720645706, 0.43622190196844 ], [ 112.819236869513873, 0.43622190196844 ], [ 112.819236869513873, 0.436401565025264 ], [ 112.81905720645706, 0.436401565025264 ], [ 112.81905720645706, 0.43622190196844 ] ] ] } },
{ "type": "Feature", "properties": { "count": 48, "label": 1, "cluster_id": 298 }, "geometry": { "type": "Polygon", "coordinates": [ [ [ 112.81905720645706, 0.439276173934446 ], [ 112.81905720645706, 0.438916847820798 ], [ 112.819236869513873, 0.438916847820798 ], [ 112.819236869513873, 0.438737184763974 ], [ 112.819596195627526, 0.438737184763974 ], [ 112.819596195627526, 0.438377858650326 ], [ 112.819955521741178, 0.438377858650326 ], [ 112.819955521741178, 0.438198195593503 ], [ 112.820494510911644, 0.438198195593503 ], [ 112.820494510911644, 0.437659206423031 ], [ 112.821033500082123, 0.437659206423031 ], [ 112.821033500082123, 0.437838869479855 ], [ 112.821213163138935, 0.437838869479855 ], [ 112.821213163138935, 0.438018532536679 ], [ 112.821392826195762, 0.438018532536679 ], [ 112.821392826195762, 0.438737184763974 ], [ 112.820853837025297, 0.438737184763974 ], [ 112.820853837025297, 0.438916847820798 ], [ 112.82067417396847, 0.438916847820798 ], [ 112.82067417396847, 0.439096510877622 ], [ 112.820494510911644, 0.439096510877622 ], [ 112.820494510911644, 0.438377858650326 ], [ 112.820314847854817, 0.438377858650326 ], [ 112.820314847854817, 0.43855752170715 ], [ 112.820135184798005, 0.43855752170715 ], [ 112.820135184798005, 0.438737184763974 ], [ 112.819955521741178, 0.438737184763974 ], [ 112.819955521741178, 0.438916847820798 ], [ 112.819596195627526, 0.438916847820798 ], [ 112.819596195627526, 0.439096510877622 ], [ 112.819416532570699, 0.439096510877622 ], [ 112.819416532570699, 0.439276173934446 ], [ 112.81905720645706, 0.439276173934446 ] ], [ [ 112.820853837025297, 0.438018532536679 ], [ 112.82067417396847, 0.438018532536679 ], [ 112.82067417396847, 0.437838869479855 ], [ 112.820853837025297, 0.437838869479855 ], [ 112.820853837025297, 0.438018532536679 ] ] ] } },
{ "type": "Feature", "properties": { "count": 1, "label": 1, "cluster_id": 298 }, "geometry": { "type": "Polygon", "coordinates": [ [ [ 112.819236869513873, 0.439815163104918 ], [ 112.819416532570699, 0.439815163104918 ], [ 112.819416532570699, 0.439994826161742 ], [ 112.819236869513873, 0.439994826161742 ], [ 112.819236869513873, 0.439815163104918 ] ] ] } },
{ "type": "Feature", "properties": { "count": 2, "label": 1, "cluster_id": 298 }, "geometry": { "type": "Polygon", "coordinates": [ [ [ 112.81905720645706, 0.451852587912119 ], [ 112.819416532570699, 0.451852587912119 ], [ 112.819416532570699, 0.452032250968943 ], [ 112.81905720645706, 0.452032250968943 ], [ 112.81905720645706, 0.451852587912119 ] ] ] } },
{ "type": "Feature", "properties": { "count": 6, "label": 1, "cluster_id": 298 }, "geometry": { "type": "Polygon", "coordinates": [ [ [ 112.819236869513873, 0.425801444672653 ], [ 112.819236869513873, 0.425082792445358 ], [ 112.819416532570699, 0.425082792445358 ], [ 112.819416532570699, 0.425442118559005 ], [ 112.819596195627526, 0.425442118559005 ], [ 112.819596195627526, 0.425801444672653 ], [ 112.819236869513873, 0.425801444672653 ] ] ] } },
{ "type": "Feature", "properties": { "count": 2, "label": 1, "cluster_id": 298 }, "geometry": { "type": "Polygon", "coordinates": [ [ [ 112.819236869513873, 0.425981107729477 ], [ 112.819596195627526, 0.425981107729477 ], [ 112.819596195627526, 0.426160770786301 ], [ 112.819236869513873, 0.426160770786301 ], [ 112.819236869513873, 0.425981107729477 ] ] ] } },
{ "type": "Feature", "properties": { "count": 1, "label": 1, "cluster_id": 298 }, "geometry": { "type": "Polygon", "coordinates": [ [ [ 112.819775858684352, 0.423645487990766 ], [ 112.819955521741178, 0.423645487990766 ], [ 112.819955521741178, 0.42382515104759 ], [ 112.819775858684352, 0.42382515104759 ], [ 112.819775858684352, 0.423645487990766 ] ] ] } },
{ "type": "Feature", "properties": { "count": 13, "label": 1, "cluster_id": 298 }, "geometry": { "type": "Polygon", "coordinates": [ [ [ 112.819775858684352, 0.425801444672653 ], [ 112.819775858684352, 0.425621781615829 ], [ 112.819955521741178, 0.425621781615829 ], [ 112.819955521741178, 0.425442118559005 ], [ 112.820135184798005, 0.425442118559005 ], [ 112.820135184798005, 0.425082792445358 ], [ 112.820494510911644, 0.425082792445358 ], [ 112.820494510911644, 0.424903129388534 ], [ 112.82067417396847, 0.424903129388534 ], [ 112.82067417396847, 0.42472346633171 ], [ 112.820853837025297, 0.42472346633171 ], [ 112.820853837025297, 0.424903129388534 ], [ 112.821033500082123, 0.424903129388534 ], [ 112.821033500082123, 0.425082792445358 ], [ 112.82067417396847, 0.425082792445358 ], [ 112.82067417396847, 0.425262455502181 ], [ 112.820494510911644, 0.425262455502181 ], [ 112.820494510911644, 0.425442118559005 ], [ 112.820314847854817, 0.425442118559005 ], [ 112.820314847854817, 0.425621781615829 ], [ 112.820135184798005, 0.425621781615829 ], [ 112.820135184798005, 0.425801444672653 ], [ 112.819775858684352, 0.425801444672653 ] ] ] } },
{ "type": "Feature", "properties": { "count": 2, "label": 1, "cluster_id": 298 }, "geometry": { "type": "Polygon", "coordinates": [ [ [ 112.819775858684352, 0.435862575854792 ], [ 112.820135184798005, 0.435862575854792 ], [ 112.820135184798005, 0.436042238911616 ], [ 112.819775858684352, 0.436042238911616 ], [ 112.819775858684352, 0.435862575854792 ] ] ] } },
{ "type": "Feature", "properties": { "count": 4, "label": 1, "cluster_id": 298 }, "geometry": { "type": "Polygon", "coordinates": [ [ [ 112.819775858684352, 0.481856318401711 ], [ 112.819775858684352, 0.481676655344887 ], [ 112.819596195627526, 0.481676655344887 ], [ 112.819596195627526, 0.481496992288064 ], [ 112.819955521741178, 0.481496992288064 ], [ 112.819955521741178, 0.481676655344887 ], [ 112.820135184798005, 0.481676655344887 ], [ 112.820135184798005, 0.481856318401711 ], [ 112.819775858684352, 0.481856318401711 ] ] ] } },
{ "type": "Feature", "properties": { "count": 28, "label": 1, "cluster_id": 298 }, "geometry": { "type": "Polygon", "coordinates": [ [ [ 112.819955521741178, 0.482934296742655 ], [ 112.819955521741178, 0.482754633685831 ], [ 112.819596195627526, 0.482754633685831 ], [ 112.819596195627526, 0.482574970629007 ], [ 112.819416532570699, 0.482574970629007 ], [ 112.819416532570699, 0.482395307572183 ], [ 112.819236869513873, 0.482395307572183 ], [ 112.819236869513873, 0.482215644515359 ], [ 112.81905720645706, 0.482215644515359 ], [ 112.81905720645706, 0.482035981458535 ], [ 112.818877543400234, 0.482035981458535 ], [ 112.818877543400234, 0.481856318401711 ], [ 112.81905720645706, 0.481856318401711 ], [ 112.81905720645706, 0.481676655344887 ], [ 112.819596195627526, 0.481676655344887 ], [ 112.819596195627526, 0.481856318401711 ], [ 112.819775858684352, 0.481856318401711 ], [ 112.819775858684352, 0.482035981458535 ], [ 112.820135184798005, 0.482035981458535 ], [ 112.820135184798005, 0.482574970629007 ], [ 112.820314847854817, 0.482574970629007 ], [ 112.820314847854817, 0.482934296742655 ], [ 112.819955521741178, 0.482934296742655 ] ], [ [ 112.819416532570699, 0.482035981458535 ], [ 112.819236869513873, 0.482035981458535 ], [ 112.819236869513873, 0.481856318401711 ], [ 112.819416532570699, 0.481856318401711 ], [ 112.819416532570699, 0.482035981458535 ] ] ] } },
{ "type": "Feature", "properties": { "count": 2, "label": 1, "cluster_id": 298 }, "geometry": { "type": "Polygon", "coordinates": [ [ [ 112.820314847854817, 0.422567509649823 ], [ 112.820494510911644, 0.422567509649823 ], [ 112.820494510911644, 0.422926835763471 ], [ 112.820314847854817, 0.422926835763471 ], [ 112.820314847854817, 0.422567509649823 ] ] ] } },
{ "type": "Feature", "properties": { "count": 3, "label": 1, "cluster_id": 298 }, "geometry": { "type": "Polygon", "coordinates": [ [ [ 112.820314847854817, 0.432628640831962 ], [ 112.820314847854817, 0.432448977775138 ], [ 112.820135184798005, 0.432448977775138 ], [ 112.820135184798005, 0.432269314718314 ], [ 112.820494510911644, 0.432269314718314 ], [ 112.820494510911644, 0.432628640831962 ], [ 112.820314847854817, 0.432628640831962 ] ] ] } },
{ "type": "Feature", "properties": { "count": 5, "label": 1, "cluster_id": 298 }, "geometry": { "type": "Polygon", "coordinates": [ [ [ 112.820314847854817, 0.482215644515359 ], [ 112.820314847854817, 0.481496992288064 ], [ 112.820494510911644, 0.481496992288064 ], [ 112.820494510911644, 0.481856318401711 ], [ 112.82067417396847, 0.481856318401711 ], [ 112.82067417396847, 0.482035981458535 ], [ 112.820494510911644, 0.482035981458535 ], [ 112.820494510911644, 0.482215644515359 ], [ 112.820314847854817, 0.482215644515359 ] ] ] } },
{ "type": "Feature", "properties": { "count": 8, "label": 1, "cluster_id": 298 }, "geometry": { "type": "Polygon", "coordinates": [ [ [ 112.820494510911644, 0.433347293059257 ], [ 112.820494510911644, 0.433167630002433 ], [ 112.819775858684352, 0.433167630002433 ], [ 112.819775858684352, 0.432987966945609 ], [ 112.819955521741178, 0.432987966945609 ], [ 112.819955521741178, 0.432808303888785 ], [ 112.820314847854817, 0.432808303888785 ], [ 112.820314847854817, 0.432987966945609 ], [ 112.82067417396847, 0.432987966945609 ], [ 112.82067417396847, 0.433347293059257 ], [ 112.820494510911644, 0.433347293059257 ] ] ] } },
{ "type": "Feature", "properties": { "count": 49, "label": 1, "cluster_id": 298 }, "geometry": { "type": "Polygon", "coordinates": [ [ [ 112.820314847854817, 0.434964260570672 ], [ 112.820314847854817, 0.434784597513848 ], [ 112.820135184798005, 0.434784597513848 ], [ 112.820135184798005, 0.434964260570672 ], [ 112.819955521741178, 0.434964260570672 ], [ 112.819955521741178, 0.434065945286553 ], [ 112.819775858684352, 0.434065945286553 ], [ 112.819775858684352, 0.433886282229729 ], [ 112.819416532570699, 0.433886282229729 ], [ 112.819416532570699, 0.433347293059257 ], [ 112.819596195627526, 0.433347293059257 ], [ 112.819596195627526, 0.433167630002433 ], [ 112.819775858684352, 0.433167630002433 ], [ 112.819775858684352, 0.433706619172905 ], [ 112.820314847854817, 0.433706619172905 ], [ 112.820314847854817, 0.433526956116081 ], [ 112.821392826195762, 0.433526956116081 ], [ 112.821392826195762, 0.433706619172905 ], [ 112.821033500082123, 0.433706619172905 ], [ 112.821033500082123, 0.434245608343377 ], [ 112.82067417396847, 0.434245608343377 ], [ 112.82067417396847, 0.434425271400201 ], [ 112.820853837025297, 0.434425271400201 ], [ 112.820853837025297, 0.434604934457024 ], [ 112.82067417396847, 0.434604934457024 ], [ 112.82067417396847, 0.434964260570672 ], [ 112.820314847854817, 0.434964260570672 ] ] ] } },
{ "type": "Feature", "properties": { "count": 5, "label": 1, "cluster_id": 298 }, "geometry": { "type": "Polygon", "coordinates": [ [ [ 112.820314847854817, 0.483293622856303 ], [ 112.820314847854817, 0.482934296742655 ], [ 112.82067417396847, 0.482934296742655 ], [ 112.82067417396847, 0.483113959799479 ], [ 112.820853837025297, 0.483113959799479 ], [ 112.820853837025297, 0.483293622856303 ], [ 112.820314847854817, 0.483293622856303 ] ] ] } },
{ "type": "Feature", "properties": { "count": 2, "label": 1, "cluster_id": 298 }, "geometry": { "type": "Polygon", "coordinates": [ [ [ 112.820853837025297, 0.482395307572183 ], [ 112.821033500082123, 0.482395307572183 ], [ 112.821033500082123, 0.482754633685831 ], [ 112.820853837025297, 0.482754633685831 ], [ 112.820853837025297, 0.482395307572183 ] ] ] } },
{ "type": "Feature", "properties": { "count": 1, "label": 1, "cluster_id": 298 }, "geometry": { "type": "Polygon", "coordinates": [ [ [ 112.821033500082123, 0.477544405037938 ], [ 112.821213163138935, 0.477544405037938 ], [ 112.821213163138935, 0.477724068094762 ], [ 112.821033500082123, 0.477724068094762 ], [ 112.821033500082123, 0.477544405037938 ] ] ] } },
{ "type": "Feature", "properties": { "count": 1, "label": 1, "cluster_id": 298 }, "geometry": { "type": "Polygon", "coordinates": [ [ [ 112.821033500082123, 0.483113959799479 ], [ 112.821213163138935, 0.483113959799479 ], [ 112.821213163138935, 0.483293622856303 ], [ 112.821033500082123, 0.483293622856303 ], [ 112.821033500082123, 0.483113959799479 ] ] ] } },
{ "type": "Feature", "properties": { "count": 3, "label": 1, "cluster_id": 298 }, "geometry": { "type": "Polygon", "coordinates": [ [ [ 112.821033500082123, 0.424903129388534 ], [ 112.821033500082123, 0.42472346633171 ], [ 112.821213163138935, 0.42472346633171 ], [ 112.821213163138935, 0.424543803274886 ], [ 112.821392826195762, 0.424543803274886 ], [ 112.821392826195762, 0.424903129388534 ], [ 112.821033500082123, 0.424903129388534 ] ] ] } },
{ "type": "Feature", "properties": { "count": 10, "label": 1, "cluster_id": 298 }, "geometry": { "type": "Polygon", "coordinates": [ [ [ 112.821033500082123, 0.484012275083598 ], [ 112.821033500082123, 0.483832612026774 ], [ 112.820853837025297, 0.483832612026774 ], [ 112.820853837025297, 0.48365294896995 ], [ 112.82067417396847, 0.48365294896995 ], [ 112.82067417396847, 0.483473285913126 ], [ 112.820853837025297, 0.483473285913126 ], [ 112.820853837025297, 0.483293622856303 ], [ 112.821033500082123, 0.483293622856303 ], [ 112.821033500082123, 0.483473285913126 ], [ 112.821213163138935, 0.483473285913126 ], [ 112.821213163138935, 0.483293622856303 ], [ 112.821392826195762, 0.483293622856303 ], [ 112.821392826195762, 0.48365294896995 ], [ 112.821213163138935, 0.48365294896995 ], [ 112.821213163138935, 0.483832612026774 ], [ 112.821392826195762, 0.483832612026774 ], [ 112.821392826195762, 0.484012275083598 ], [ 112.821033500082123, 0.484012275083598 ] ] ] } },
{ "type": "Feature", "properties": { "count": 2, "label": 1, "cluster_id": 298 }, "geometry": { "type": "Polygon", "coordinates": [ [ [ 112.821572489252588, 0.421848857422527 ], [ 112.821752152309415, 0.421848857422527 ], [ 112.821752152309415, 0.422208183536175 ], [ 112.821572489252588, 0.422208183536175 ], [ 112.821572489252588, 0.421848857422527 ] ] ] } },
{ "type": "Feature", "properties": { "count": 4, "label": 1, "cluster_id": 298 }, "geometry": { "type": "Polygon", "coordinates": [ [ [ 112.821392826195762, 0.42382515104759 ], [ 112.821752152309415, 0.42382515104759 ], [ 112.821752152309415, 0.424184477161238 ], [ 112.821392826195762, 0.424184477161238 ], [ 112.821392826195762, 0.42382515104759 ] ] ] } },
{ "type": "Feature", "properties": { "count": 2, "label": 1, "cluster_id": 298 }, "geometry": { "type": "Polygon", "coordinates": [ [ [ 112.821572489252588, 0.43208965166149 ], [ 112.821752152309415, 0.43208965166149 ], [ 112.821752152309415, 0.432448977775138 ], [ 112.821572489252588, 0.432448977775138 ], [ 112.821572489252588, 0.43208965166149 ] ] ] } },
{ "type": "Feature", "properties": { "count": 3, "label": 1, "cluster_id": 298 }, "geometry": { "type": "Polygon", "coordinates": [ [ [ 112.821752152309415, 0.431909988604666 ], [ 112.821752152309415, 0.431730325547842 ], [ 112.821572489252588, 0.431730325547842 ], [ 112.821572489252588, 0.431550662491018 ], [ 112.821931815366241, 0.431550662491018 ], [ 112.821931815366241, 0.431909988604666 ], [ 112.821752152309415, 0.431909988604666 ] ] ] } },
{ "type": "Feature", "properties": { "count": 99, "label": 1, "cluster_id": 298 }, "geometry": { "type": "Polygon", "coordinates": [ [ [ 112.821572489252588, 0.48365294896995 ], [ 112.821572489252588, 0.483113959799479 ], [ 112.822111478423068, 0.483113959799479 ], [ 112.822111478423068, 0.482934296742655 ], [ 112.822470804536707, 0.482934296742655 ], [ 112.822470804536707, 0.482754633685831 ], [ 112.822111478423068, 0.482754633685831 ], [ 112.822111478423068, 0.482574970629007 ], [ 112.82229114147988, 0.482574970629007 ], [ 112.82229114147988, 0.482395307572183 ], [ 112.821931815366241, 0.482395307572183 ], [ 112.821931815366241, 0.482934296742655 ], [ 112.821213163138935, 0.482934296742655 ], [ 112.821213163138935, 0.482035981458535 ], [ 112.821392826195762, 0.482035981458535 ], [ 112.821392826195762, 0.482395307572183 ], [ 112.821752152309415, 0.482395307572183 ], [ 112.821752152309415, 0.482035981458535 ], [ 112.821392826195762, 0.482035981458535 ], [ 112.821392826195762, 0.481856318401711 ], [ 112.821213163138935, 0.481856318401711 ], [ 112.821213163138935, 0.482035981458535 ], [ 112.820853837025297, 0.482035981458535 ], [ 112.820853837025297, 0.481676655344887 ], [ 112.821213163138935, 0.481676655344887 ], [ 112.821213163138935, 0.481496992288064 ], [ 112.821752152309415, 0.481496992288064 ], [ 112.821752152309415, 0.481676655344887 ], [ 112.821931815366241, 0.481676655344887 ], [ 112.821931815366241, 0.481496992288064 ], [ 112.82283013065036, 0.481496992288064 ], [ 112.82283013065036, 0.481676655344887 ], [ 112.823009793707186, 0.481676655344887 ], [ 112.823009793707186, 0.481856318401711 ], [ 112.823189456763998, 0.481856318401711 ], [ 112.823189456763998, 0.482035981458535 ], [ 112.823369119820825, 0.482035981458535 ], [ 112.823369119820825, 0.482215644515359 ], [ 112.823009793707186, 0.482215644515359 ], [ 112.823009793707186, 0.482395307572183 ], [ 112.823369119820825, 0.482395307572183 ], [ 112.823369119820825, 0.482215644515359 ], [ 112.823548782877651, 0.482215644515359 ], [ 112.823548782877651, 0.482754633685831 ], [ 112.823189456763998, 0.482754633685831 ], [ 112.823189456763998, 0.482934296742655 ], [ 112.823009793707186, 0.482934296742655 ], [ 112.823009793707186, 0.483113959799479 ], [ 112.822650467593533, 0.483113959799479 ], [ 112.822650467593533, 0.483293622856303 ], [ 112.822470804536707, 0.483293622856303 ], [ 112.822470804536707, 0.483473285913126 ], [ 112.821931815366241, 0.483473285913126 ], [ 112.821931815366241, 0.48365294896995 ], [ 112.821572489252588, 0.48365294896995 ] ], [ [ 112.822650467593533, 0.482215644515359 ], [ 112.822470804536707, 0.482215644515359 ], [ 112.822470804536707, 0.482035981458535 ], [ 112.822650467593533, 0.482035981458535 ], [ 112.822650467593533, 0.482215644515359 ] ] ] } },
{ "type": "Feature", "properties": { "count": 16, "label": 1, "cluster_id": 298 }, "geometry": { "type": "Polygon", "coordinates": [ [ [ 112.821392826195762, 0.433526956116081 ], [ 112.821392826195762, 0.433347293059257 ], [ 112.821752152309415, 0.433347293059257 ], [ 112.821752152309415, 0.432987966945609 ], [ 112.823189456763998, 0.432987966945609 ], [ 112.823189456763998, 0.433347293059257 ], [ 112.82283013065036, 0.433347293059257 ], [ 112.82283013065036, 0.433167630002433 ], [ 112.82229114147988, 0.433167630002433 ], [ 112.82229114147988, 0.433347293059257 ], [ 112.822111478423068, 0.433347293059257 ], [ 112.822111478423068, 0.433167630002433 ], [ 112.821931815366241, 0.433167630002433 ], [ 112.821931815366241, 0.433347293059257 ], [ 112.822111478423068, 0.433347293059257 ], [ 112.822111478423068, 0.433526956116081 ], [ 112.821392826195762, 0.433526956116081 ] ] ] } },
{ "type": "Feature", "properties": { "count": 2, "label": 1, "cluster_id": 298 }, "geometry": { "type": "Polygon", "coordinates": [ [ [ 112.821931815366241, 0.423645487990766 ], [ 112.82229114147988, 0.423645487990766 ], [ 112.82229114147988, 0.42382515104759 ], [ 112.821931815366241, 0.42382515104759 ], [ 112.821931815366241, 0.423645487990766 ] ] ] } },
{ "type": "Feature", "properties": { "count": 20, "label": 1, "cluster_id": 298 }, "geometry": { "type": "Polygon", "coordinates": [ [ [ 112.82229114147988, 0.423645487990766 ], [ 112.82229114147988, 0.423106498820295 ], [ 112.822470804536707, 0.423106498820295 ], [ 112.822470804536707, 0.422747172706647 ], [ 112.822650467593533, 0.422747172706647 ], [ 112.822650467593533, 0.422567509649823 ], [ 112.82283013065036, 0.422567509649823 ], [ 112.82283013065036, 0.422387846592999 ], [ 112.823009793707186, 0.422387846592999 ], [ 112.823009793707186, 0.422208183536175 ], [ 112.823548782877651, 0.422208183536175 ], [ 112.823548782877651, 0.422028520479351 ], [ 112.823728445934478, 0.422028520479351 ], [ 112.823728445934478, 0.422387846592999 ], [ 112.823189456763998, 0.422387846592999 ], [ 112.823189456763998, 0.422747172706647 ], [ 112.82283013065036, 0.422747172706647 ], [ 112.82283013065036, 0.423286161877119 ], [ 112.822650467593533, 0.423286161877119 ], [ 112.822650467593533, 0.423465824933942 ], [ 112.822470804536707, 0.423465824933942 ], [ 112.822470804536707, 0.423645487990766 ], [ 112.82229114147988, 0.423645487990766 ] ] ] } },
{ "type": "Feature", "properties": { "count": 1, "label": 1, "cluster_id": 298 }, "geometry": { "type": "Polygon", "coordinates": [ [ [ 112.82229114147988, 0.427777738297716 ], [ 112.822470804536707, 0.427777738297716 ], [ 112.822470804536707, 0.42795740135454 ], [ 112.82229114147988, 0.42795740135454 ], [ 112.82229114147988, 0.427777738297716 ] ] ] } },
{ "type": "Feature", "properties": { "count": 5, "label": 1, "cluster_id": 298 }, "geometry": { "type": "Polygon", "coordinates": [ [ [ 112.82229114147988, 0.435682912797968 ], [ 112.82229114147988, 0.43532358668432 ], [ 112.82283013065036, 0.43532358668432 ], [ 112.82283013065036, 0.435503249741144 ], [ 112.822650467593533, 0.435503249741144 ], [ 112.822650467593533, 0.435682912797968 ], [ 112.82229114147988, 0.435682912797968 ] ] ] } },
{ "type": "Feature", "properties": { "count": 1, "label": 1, "cluster_id": 298 }, "geometry": { "type": "Polygon", "coordinates": [ [ [ 112.822650467593533, 0.431909988604666 ], [ 112.82283013065036, 0.431909988604666 ], [ 112.82283013065036, 0.43208965166149 ], [ 112.822650467593533, 0.43208965166149 ], [ 112.822650467593533, 0.431909988604666 ] ] ] } },
{ "type": "Feature", "properties": { "count": 17, "label": 1, "cluster_id": 298 }, "geometry": { "type": "Polygon", "coordinates": [ [ [ 112.822111478423068, 0.484910590367718 ], [ 112.822111478423068, 0.484730927310894 ], [ 112.821931815366241, 0.484730927310894 ], [ 112.821931815366241, 0.484371601197246 ], [ 112.821752152309415, 0.484371601197246 ], [ 112.821752152309415, 0.484191938140422 ], [ 112.822650467593533, 0.484191938140422 ], [ 112.822650467593533, 0.484371601197246 ], [ 112.82283013065036, 0.484371601197246 ], [ 112.82283013065036, 0.48455126425407 ], [ 112.822470804536707, 0.48455126425407 ], [ 112.822470804536707, 0.484730927310894 ], [ 112.82283013065036, 0.484730927310894 ], [ 112.82283013065036, 0.484910590367718 ], [ 112.822111478423068, 0.484910590367718 ] ] ] } },
{ "type": "Feature", "properties": { "count": 2, "label": 1, "cluster_id": 298 }, "geometry": { "type": "Polygon", "coordinates": [ [ [ 112.82283013065036, 0.431730325547842 ], [ 112.823189456763998, 0.431730325547842 ], [ 112.823189456763998, 0.431909988604666 ], [ 112.82283013065036, 0.431909988604666 ], [ 112.82283013065036, 0.431730325547842 ] ] ] } },
{ "type": "Feature", "properties": { "count": 25, "label": 1, "cluster_id": 298 }, "geometry": { "type": "Polygon", "coordinates": [ [ [ 112.823189456763998, 0.424903129388534 ], [ 112.823189456763998, 0.424543803274886 ], [ 112.823369119820825, 0.424543803274886 ], [ 112.823369119820825, 0.424184477161238 ], [ 112.823548782877651, 0.424184477161238 ], [ 112.823548782877651, 0.423286161877119 ], [ 112.823728445934478, 0.423286161877119 ], [ 112.823728445934478, 0.422747172706647 ], [ 112.823908108991304, 0.422747172706647 ], [ 112.823908108991304, 0.422387846592999 ], [ 112.824087772048131, 0.422387846592999 ], [ 112.824087772048131, 0.423465824933942 ], [ 112.823908108991304, 0.423465824933942 ], [ 112.823908108991304, 0.424004814104414 ], [ 112.823728445934478, 0.424004814104414 ], [ 112.823728445934478, 0.424543803274886 ], [ 112.823548782877651, 0.424543803274886 ], [ 112.823548782877651, 0.42472346633171 ], [ 112.823369119820825, 0.42472346633171 ], [ 112.823369119820825, 0.424903129388534 ], [ 112.823189456763998, 0.424903129388534 ] ] ] } },
{ "type": "Feature", "properties": { "count": 4, "label": 1, "cluster_id": 298 }, "geometry": { "type": "Polygon", "coordinates": [ [ [ 112.823009793707186, 0.425442118559005 ], [ 112.823369119820825, 0.425442118559005 ], [ 112.823369119820825, 0.425801444672653 ], [ 112.823009793707186, 0.425801444672653 ], [ 112.823009793707186, 0.425442118559005 ] ] ] } },
{ "type": "Feature", "properties": { "count": 7, "label": 1, "cluster_id": 298 }, "geometry": { "type": "Polygon", "coordinates": [ [ [ 112.822650467593533, 0.432808303888785 ], [ 112.822650467593533, 0.432448977775138 ], [ 112.82283013065036, 0.432448977775138 ], [ 112.82283013065036, 0.432269314718314 ], [ 112.823009793707186, 0.432269314718314 ], [ 112.823009793707186, 0.432628640831962 ], [ 112.823369119820825, 0.432628640831962 ], [ 112.823369119820825, 0.432808303888785 ], [ 112.822650467593533, 0.432808303888785 ] ] ] } },
{ "type": "Feature", "properties": { "count": 2, "label": 1, "cluster_id": 298 }, "geometry": { "type": "Polygon", "coordinates": [ [ [ 112.823009793707186, 0.434065945286553 ], [ 112.823369119820825, 0.434065945286553 ], [ 112.823369119820825, 0.434245608343377 ], [ 112.823009793707186, 0.434245608343377 ], [ 112.823009793707186, 0.434065945286553 ] ] ] } },
{ "type": "Feature", "properties": { "count": 9, "label": 1, "cluster_id": 298 }, "geometry": { "type": "Polygon", "coordinates": [ [ [ 112.823009793707186, 0.43532358668432 ], [ 112.823009793707186, 0.435143923627496 ], [ 112.82283013065036, 0.435143923627496 ], [ 112.82283013065036, 0.434784597513848 ], [ 112.823189456763998, 0.434784597513848 ], [ 112.823189456763998, 0.434604934457024 ], [ 112.823369119820825, 0.434604934457024 ], [ 112.823369119820825, 0.43532358668432 ], [ 112.823009793707186, 0.43532358668432 ] ] ] } },
{ "type": "Feature", "properties": { "count": 1, "label": 1, "cluster_id": 298 }, "geometry": { "type": "Polygon", "coordinates": [ [ [ 112.823189456763998, 0.481676655344887 ], [ 112.823369119820825, 0.481676655344887 ], [ 112.823369119820825, 0.481856318401711 ], [ 112.823189456763998, 0.481856318401711 ], [ 112.823189456763998, 0.481676655344887 ] ] ] } },
{ "type": "Feature", "properties": { "count": 1, "label": 1, "cluster_id": 298 }, "geometry": { "type": "Polygon", "coordinates": [ [ [ 112.823369119820825, 0.433526956116081 ], [ 112.823548782877651, 0.433526956116081 ], [ 112.823548782877651, 0.433706619172905 ], [ 112.823369119820825, 0.433706619172905 ], [ 112.823369119820825, 0.433526956116081 ] ] ] } },
{ "type": "Feature", "properties": { "count": 1, "label": 1, "cluster_id": 298 }, "geometry": { "type": "Polygon", "coordinates": [ [ [ 112.823548782877651, 0.42472346633171 ], [ 112.823728445934478, 0.42472346633171 ], [ 112.823728445934478, 0.424903129388534 ], [ 112.823548782877651, 0.424903129388534 ], [ 112.823548782877651, 0.42472346633171 ] ] ] } },
{ "type": "Feature", "properties": { "count": 1, "label": 1, "cluster_id": 298 }, "geometry": { "type": "Polygon", "coordinates": [ [ [ 112.823548782877651, 0.433886282229729 ], [ 112.823728445934478, 0.433886282229729 ], [ 112.823728445934478, 0.434065945286553 ], [ 112.823548782877651, 0.434065945286553 ], [ 112.823548782877651, 0.433886282229729 ] ] ] } },
{ "type": "Feature", "properties": { "count": 2, "label": 1, "cluster_id": 298 }, "geometry": { "type": "Polygon", "coordinates": [ [ [ 112.823369119820825, 0.43532358668432 ], [ 112.823728445934478, 0.43532358668432 ], [ 112.823728445934478, 0.435503249741144 ], [ 112.823369119820825, 0.435503249741144 ], [ 112.823369119820825, 0.43532358668432 ] ] ] } },
{ "type": "Feature", "properties": { "count": 1, "label": 1, "cluster_id": 298 }, "geometry": { "type": "Polygon", "coordinates": [ [ [ 112.823728445934478, 0.424543803274886 ], [ 112.823908108991304, 0.424543803274886 ], [ 112.823908108991304, 0.42472346633171 ], [ 112.823728445934478, 0.42472346633171 ], [ 112.823728445934478, 0.424543803274886 ] ] ] } },
{ "type": "Feature", "properties": { "count": 4, "label": 1, "cluster_id": 298 }, "geometry": { "type": "Polygon", "coordinates": [ [ [ 112.823548782877651, 0.432628640831962 ], [ 112.823548782877651, 0.43208965166149 ], [ 112.823728445934478, 0.43208965166149 ], [ 112.823728445934478, 0.432448977775138 ], [ 112.823908108991304, 0.432448977775138 ], [ 112.823908108991304, 0.432628640831962 ], [ 112.823548782877651, 0.432628640831962 ] ] ] } },
{ "type": "Feature", "properties": { "count": 1, "label": 1, "cluster_id": 298 }, "geometry": { "type": "Polygon", "coordinates": [ [ [ 112.823908108991304, 0.431909988604666 ], [ 112.824087772048131, 0.431909988604666 ], [ 112.824087772048131, 0.43208965166149 ], [ 112.823908108991304, 0.43208965166149 ], [ 112.823908108991304, 0.431909988604666 ] ] ] } },
{ "type": "Feature", "properties": { "count": 1, "label": 1, "cluster_id": 298 }, "geometry": { "type": "Polygon", "coordinates": [ [ [ 112.824087772048131, 0.43208965166149 ], [ 112.824267435104943, 0.43208965166149 ], [ 112.824267435104943, 0.432269314718314 ], [ 112.824087772048131, 0.432269314718314 ], [ 112.824087772048131, 0.43208965166149 ] ] ] } },
{ "type": "Feature", "properties": { "count": 10, "label": 1, "cluster_id": 298 }, "geometry": { "type": "Polygon", "coordinates": [ [ [ 112.824087772048131, 0.433526956116081 ], [ 112.824087772048131, 0.433167630002433 ], [ 112.823548782877651, 0.433167630002433 ], [ 112.823548782877651, 0.432987966945609 ], [ 112.823728445934478, 0.432987966945609 ], [ 112.823728445934478, 0.432808303888785 ], [ 112.824087772048131, 0.432808303888785 ], [ 112.824087772048131, 0.432628640831962 ], [ 112.824267435104943, 0.432628640831962 ], [ 112.824267435104943, 0.433526956116081 ], [ 112.824087772048131, 0.433526956116081 ] ] ] } },
{ "type": "Feature", "properties": { "count": 3, "label": 1, "cluster_id": 298 }, "geometry": { "type": "Polygon", "coordinates": [ [ [ 112.823728445934478, 0.434245608343377 ], [ 112.824267435104943, 0.434245608343377 ], [ 112.824267435104943, 0.434425271400201 ], [ 112.823728445934478, 0.434425271400201 ], [ 112.823728445934478, 0.434245608343377 ] ] ] } },
{ "type": "Feature", "properties": { "count": 1, "label": 1, "cluster_id": 298 }, "geometry": { "type": "Polygon", "coordinates": [ [ [ 112.824267435104943, 0.423106498820295 ], [ 112.82444709816177, 0.423106498820295 ], [ 112.82444709816177, 0.423286161877119 ], [ 112.824267435104943, 0.423286161877119 ], [ 112.824267435104943, 0.423106498820295 ] ] ] } },
{ "type": "Feature", "properties": { "count": 1, "label": 1, "cluster_id": 298 }, "geometry": { "type": "Polygon", "coordinates": [ [ [ 112.824267435104943, 0.479341035606177 ], [ 112.82444709816177, 0.479341035606177 ], [ 112.82444709816177, 0.479520698663001 ], [ 112.824267435104943, 0.479520698663001 ], [ 112.824267435104943, 0.479341035606177 ] ] ] } },
{ "type": "Feature", "properties": { "count": 4, "label": 1, "cluster_id": 298 }, "geometry": { "type": "Polygon", "coordinates": [ [ [ 112.824267435104943, 0.434245608343377 ], [ 112.824267435104943, 0.434065945286553 ], [ 112.82444709816177, 0.434065945286553 ], [ 112.82444709816177, 0.433886282229729 ], [ 112.824806424275423, 0.433886282229729 ], [ 112.824806424275423, 0.434065945286553 ], [ 112.824626761218596, 0.434065945286553 ], [ 112.824626761218596, 0.434245608343377 ], [ 112.824267435104943, 0.434245608343377 ] ] ] } },
{ "type": "Feature", "properties": { "count": 3, "label": 1, "cluster_id": 298 }, "geometry": { "type": "Polygon", "coordinates": [ [ [ 112.824087772048131, 0.479880024776648 ], [ 112.824626761218596, 0.479880024776648 ], [ 112.824626761218596, 0.480059687833472 ], [ 112.824087772048131, 0.480059687833472 ], [ 112.824087772048131, 0.479880024776648 ] ] ] } },
{ "type": "Feature", "properties": { "count": 2, "label": 1, "cluster_id": 298 }, "geometry": { "type": "Polygon", "coordinates": [ [ [ 112.824626761218596, 0.430652347206899 ], [ 112.824986087332249, 0.430652347206899 ], [ 112.824986087332249, 0.430832010263722 ], [ 112.824626761218596, 0.430832010263722 ], [ 112.824626761218596, 0.430652347206899 ] ] ] } },
{ "type": "Feature", "properties": { "count": 1, "label": 1, "cluster_id": 298 }, "geometry": { "type": "Polygon", "coordinates": [ [ [ 112.824806424275423, 0.483832612026774 ], [ 112.824986087332249, 0.483832612026774 ], [ 112.824986087332249, 0.484012275083598 ], [ 112.824806424275423, 0.484012275083598 ], [ 112.824806424275423, 0.483832612026774 ] ] ] } },
{ "type": "Feature", "properties": { "count": 18, "label": 1, "cluster_id": 298 }, "geometry": { "type": "Polygon", "coordinates": [ [ [ 112.82444709816177, 0.422567509649823 ], [ 112.82444709816177, 0.421848857422527 ], [ 112.824267435104943, 0.421848857422527 ], [ 112.824267435104943, 0.422028520479351 ], [ 112.823908108991304, 0.422028520479351 ], [ 112.823908108991304, 0.421848857422527 ], [ 112.824087772048131, 0.421848857422527 ], [ 112.824087772048131, 0.421669194365703 ], [ 112.82444709816177, 0.421669194365703 ], [ 112.82444709816177, 0.42148953130888 ], [ 112.824806424275423, 0.42148953130888 ], [ 112.824806424275423, 0.421669194365703 ], [ 112.824626761218596, 0.421669194365703 ], [ 112.824626761218596, 0.422028520479351 ], [ 112.824986087332249, 0.422028520479351 ], [ 112.824986087332249, 0.422387846592999 ], [ 112.825165750389061, 0.422387846592999 ], [ 112.825165750389061, 0.422567509649823 ], [ 112.82444709816177, 0.422567509649823 ] ] ] } },
{ "type": "Feature", "properties": { "count": 2, "label": 1, "cluster_id": 298 }, "geometry": { "type": "Polygon", "coordinates": [ [ [ 112.824986087332249, 0.432987966945609 ], [ 112.825165750389061, 0.432987966945609 ], [ 112.825165750389061, 0.433347293059257 ], [ 112.824986087332249, 0.433347293059257 ], [ 112.824986087332249, 0.432987966945609 ] ] ] } },
{ "type": "Feature", "properties": { "count": 1, "label": 1, "cluster_id": 298 }, "geometry": { "type": "Polygon", "coordinates": [ [ [ 112.825345413445888, 0.487425873163252 ], [ 112.825525076502714, 0.487425873163252 ], [ 112.825525076502714, 0.487605536220076 ], [ 112.825345413445888, 0.487605536220076 ], [ 112.825345413445888, 0.487425873163252 ] ] ] } },
{ "type": "Feature", "properties": { "count": 2, "label": 1, "cluster_id": 298 }, "geometry": { "type": "Polygon", "coordinates": [ [ [ 112.825525076502714, 0.479341035606177 ], [ 112.825884402616367, 0.479341035606177 ], [ 112.825884402616367, 0.479520698663001 ], [ 112.825525076502714, 0.479520698663001 ], [ 112.825525076502714, 0.479341035606177 ] ] ] } },
{ "type": "Feature", "properties": { "count": 7, "label": 1, "cluster_id": 298 }, "geometry": { "type": "Polygon", "coordinates": [ [ [ 112.825345413445888, 0.478263057265233 ], [ 112.825345413445888, 0.477724068094762 ], [ 112.825525076502714, 0.477724068094762 ], [ 112.825525076502714, 0.477903731151585 ], [ 112.825704739559541, 0.477903731151585 ], [ 112.825704739559541, 0.478083394208409 ], [ 112.826064065673194, 0.478083394208409 ], [ 112.826064065673194, 0.478263057265233 ], [ 112.825345413445888, 0.478263057265233 ] ] ] } },
{ "type": "Feature", "properties": { "count": 9, "label": 1, "cluster_id": 298 }, "geometry": { "type": "Polygon", "coordinates": [ [ [ 112.825704739559541, 0.487964862333724 ], [ 112.825704739559541, 0.4877851992769 ], [ 112.825884402616367, 0.4877851992769 ], [ 112.825884402616367, 0.487605536220076 ], [ 112.825704739559541, 0.487605536220076 ], [ 112.825704739559541, 0.487066547049605 ], [ 112.825884402616367, 0.487066547049605 ], [ 112.825884402616367, 0.487246210106428 ], [ 112.826243728730006, 0.487246210106428 ], [ 112.826243728730006, 0.487425873163252 ], [ 112.826064065673194, 0.487425873163252 ], [ 112.826064065673194, 0.487964862333724 ], [ 112.825704739559541, 0.487964862333724 ] ] ] } },
{ "type": "Feature", "properties": { "count": 2, "label": 1, "cluster_id": 298 }, "geometry": { "type": "Polygon", "coordinates": [ [ [ 112.826064065673194, 0.435682912797968 ], [ 112.826243728730006, 0.435682912797968 ], [ 112.826243728730006, 0.436042238911616 ], [ 112.826064065673194, 0.436042238911616 ], [ 112.826064065673194, 0.435682912797968 ] ] ] } },
{ "type": "Feature", "properties": { "count": 2, "label": 1, "cluster_id": 298 }, "geometry": { "type": "Polygon", "coordinates": [ [ [ 112.825884402616367, 0.477724068094762 ], [ 112.826243728730006, 0.477724068094762 ], [ 112.826243728730006, 0.477903731151585 ], [ 112.825884402616367, 0.477903731151585 ], [ 112.825884402616367, 0.477724068094762 ] ] ] } },
{ "type": "Feature", "properties": { "count": 1, "label": 1, "cluster_id": 298 }, "geometry": { "type": "Polygon", "coordinates": [ [ [ 112.826064065673194, 0.478263057265233 ], [ 112.826243728730006, 0.478263057265233 ], [ 112.826243728730006, 0.478442720322057 ], [ 112.826064065673194, 0.478442720322057 ], [ 112.826064065673194, 0.478263057265233 ] ] ] } },
{ "type": "Feature", "properties": { "count": 2, "label": 1, "cluster_id": 298 }, "geometry": { "type": "Polygon", "coordinates": [ [ [ 112.826243728730006, 0.487425873163252 ], [ 112.826423391786832, 0.487425873163252 ], [ 112.826423391786832, 0.4877851992769 ], [ 112.826243728730006, 0.4877851992769 ], [ 112.826243728730006, 0.487425873163252 ] ] ] } },
{ "type": "Feature", "properties": { "count": 30, "label": 1, "cluster_id": 298 }, "geometry": { "type": "Polygon", "coordinates": [ [ [ 112.826243728730006, 0.48041901394712 ], [ 112.826243728730006, 0.480239350890296 ], [ 112.825884402616367, 0.480239350890296 ], [ 112.825884402616367, 0.479520698663001 ], [ 112.826064065673194, 0.479520698663001 ], [ 112.826064065673194, 0.479341035606177 ], [ 112.826243728730006, 0.479341035606177 ], [ 112.826243728730006, 0.479161372549353 ], [ 112.826423391786832, 0.479161372549353 ], [ 112.826423391786832, 0.478981709492529 ], [ 112.826603054843659, 0.478981709492529 ], [ 112.826603054843659, 0.479161372549353 ], [ 112.826962380957312, 0.479161372549353 ], [ 112.826962380957312, 0.479520698663001 ], [ 112.826782717900485, 0.479520698663001 ], [ 112.826782717900485, 0.480059687833472 ], [ 112.826603054843659, 0.480059687833472 ], [ 112.826603054843659, 0.48041901394712 ], [ 112.826243728730006, 0.48041901394712 ] ], [ [ 112.826603054843659, 0.479700361719824 ], [ 112.826423391786832, 0.479700361719824 ], [ 112.826423391786832, 0.479520698663001 ], [ 112.826603054843659, 0.479520698663001 ], [ 112.826603054843659, 0.479700361719824 ] ] ] } },
{ "type": "Feature", "properties": { "count": 1, "label": 1, "cluster_id": 298 }, "geometry": { "type": "Polygon", "coordinates": [ [ [ 112.826423391786832, 0.487066547049605 ], [ 112.826603054843659, 0.487066547049605 ], [ 112.826603054843659, 0.487246210106428 ], [ 112.826423391786832, 0.487246210106428 ], [ 112.826423391786832, 0.487066547049605 ] ] ] } },
{ "type": "Feature", "properties": { "count": 2, "label": 1, "cluster_id": 298 }, "geometry": { "type": "Polygon", "coordinates": [ [ [ 112.826423391786832, 0.487964862333724 ], [ 112.826603054843659, 0.487964862333724 ], [ 112.826603054843659, 0.488324188447372 ], [ 112.826423391786832, 0.488324188447372 ], [ 112.826423391786832, 0.487964862333724 ] ] ] } },
{ "type": "Feature", "properties": { "count": 1, "label": 1, "cluster_id": 298 }, "geometry": { "type": "Polygon", "coordinates": [ [ [ 112.826603054843659, 0.476466426696994 ], [ 112.826782717900485, 0.476466426696994 ], [ 112.826782717900485, 0.476646089753818 ], [ 112.826603054843659, 0.476646089753818 ], [ 112.826603054843659, 0.476466426696994 ] ] ] } },
{ "type": "Feature", "properties": { "count": 2, "label": 1, "cluster_id": 298 }, "geometry": { "type": "Polygon", "coordinates": [ [ [ 112.826603054843659, 0.476825752810642 ], [ 112.826782717900485, 0.476825752810642 ], [ 112.826782717900485, 0.47718507892429 ], [ 112.826603054843659, 0.47718507892429 ], [ 112.826603054843659, 0.476825752810642 ] ] ] } },
{ "type": "Feature", "properties": { "count": 1, "label": 1, "cluster_id": 298 }, "geometry": { "type": "Polygon", "coordinates": [ [ [ 112.826782717900485, 0.477724068094762 ], [ 112.826962380957312, 0.477724068094762 ], [ 112.826962380957312, 0.477903731151585 ], [ 112.826782717900485, 0.477903731151585 ], [ 112.826782717900485, 0.477724068094762 ] ] ] } },
{ "type": "Feature", "properties": { "count": 2, "label": 1, "cluster_id": 298 }, "geometry": { "type": "Polygon", "coordinates": [ [ [ 112.826603054843659, 0.487246210106428 ], [ 112.826962380957312, 0.487246210106428 ], [ 112.826962380957312, 0.487425873163252 ], [ 112.826603054843659, 0.487425873163252 ], [ 112.826603054843659, 0.487246210106428 ] ] ] } },
{ "type": "Feature", "properties": { "count": 1, "label": 1, "cluster_id": 298 }, "geometry": { "type": "Polygon", "coordinates": [ [ [ 112.826962380957312, 0.487066547049605 ], [ 112.827142044014124, 0.487066547049605 ], [ 112.827142044014124, 0.487246210106428 ], [ 112.826962380957312, 0.487246210106428 ], [ 112.826962380957312, 0.487066547049605 ] ] ] } },
{ "type": "Feature", "properties": { "count": 1, "label": 1, "cluster_id": 298 }, "geometry": { "type": "Polygon", "coordinates": [ [ [ 112.826962380957312, 0.4877851992769 ], [ 112.827142044014124, 0.4877851992769 ], [ 112.827142044014124, 0.487964862333724 ], [ 112.826962380957312, 0.487964862333724 ], [ 112.826962380957312, 0.4877851992769 ] ] ] } },
{ "type": "Feature", "properties": { "count": 1, "label": 1, "cluster_id": 298 }, "geometry": { "type": "Polygon", "coordinates": [ [ [ 112.827142044014124, 0.476107100583346 ], [ 112.827321707070951, 0.476107100583346 ], [ 112.827321707070951, 0.47628676364017 ], [ 112.827142044014124, 0.47628676364017 ], [ 112.827142044014124, 0.476107100583346 ] ] ] } },
{ "type": "Feature", "properties": { "count": 3, "label": 1, "cluster_id": 298 }, "geometry": { "type": "Polygon", "coordinates": [ [ [ 112.826962380957312, 0.47718507892429 ], [ 112.826962380957312, 0.476825752810642 ], [ 112.827142044014124, 0.476825752810642 ], [ 112.827142044014124, 0.477005415867466 ], [ 112.827321707070951, 0.477005415867466 ], [ 112.827321707070951, 0.47718507892429 ], [ 112.826962380957312, 0.47718507892429 ] ] ] } },
{ "type": "Feature", "properties": { "count": 8, "label": 1, "cluster_id": 298 }, "geometry": { "type": "Polygon", "coordinates": [ [ [ 112.827142044014124, 0.478442720322057 ], [ 112.827142044014124, 0.478263057265233 ], [ 112.826782717900485, 0.478263057265233 ], [ 112.826782717900485, 0.478442720322057 ], [ 112.826603054843659, 0.478442720322057 ], [ 112.826603054843659, 0.477903731151585 ], [ 112.826782717900485, 0.477903731151585 ], [ 112.826782717900485, 0.478083394208409 ], [ 112.827501370127777, 0.478083394208409 ], [ 112.827501370127777, 0.478263057265233 ], [ 112.827321707070951, 0.478263057265233 ], [ 112.827321707070951, 0.478442720322057 ], [ 112.827142044014124, 0.478442720322057 ] ] ] } },
{ "type": "Feature", "properties": { "count": 17, "label": 1, "cluster_id": 298 }, "geometry": { "type": "Polygon", "coordinates": [ [ [ 112.826962380957312, 0.432269314718314 ], [ 112.826962380957312, 0.43208965166149 ], [ 112.826603054843659, 0.43208965166149 ], [ 112.826603054843659, 0.431550662491018 ], [ 112.827321707070951, 0.431550662491018 ], [ 112.827321707070951, 0.431730325547842 ], [ 112.827501370127777, 0.431730325547842 ], [ 112.827501370127777, 0.432269314718314 ], [ 112.826962380957312, 0.432269314718314 ] ] ] } },
{ "type": "Feature", "properties": { "count": 1, "label": 1, "cluster_id": 298 }, "geometry": { "type": "Polygon", "coordinates": [ [ [ 112.827321707070951, 0.476825752810642 ], [ 112.827501370127777, 0.476825752810642 ], [ 112.827501370127777, 0.477005415867466 ], [ 112.827321707070951, 0.477005415867466 ], [ 112.827321707070951, 0.476825752810642 ] ] ] } },
{ "type": "Feature", "properties": { "count": 2, "label": 1, "cluster_id": 298 }, "geometry": { "type": "Polygon", "coordinates": [ [ [ 112.827321707070951, 0.478622383378881 ], [ 112.827501370127777, 0.478622383378881 ], [ 112.827501370127777, 0.478981709492529 ], [ 112.827321707070951, 0.478981709492529 ], [ 112.827321707070951, 0.478622383378881 ] ] ] } },
{ "type": "Feature", "properties": { "count": 1, "label": 1, "cluster_id": 298 }, "geometry": { "type": "Polygon", "coordinates": [ [ [ 112.827321707070951, 0.487605536220076 ], [ 112.827501370127777, 0.487605536220076 ], [ 112.827501370127777, 0.4877851992769 ], [ 112.827321707070951, 0.4877851992769 ], [ 112.827321707070951, 0.487605536220076 ] ] ] } },
{ "type": "Feature", "properties": { "count": 11, "label": 1, "cluster_id": 298 }, "geometry": { "type": "Polygon", "coordinates": [ [ [ 112.827501370127777, 0.487605536220076 ], [ 112.827501370127777, 0.487425873163252 ], [ 112.827321707070951, 0.487425873163252 ], [ 112.827321707070951, 0.487605536220076 ], [ 112.827142044014124, 0.487605536220076 ], [ 112.827142044014124, 0.487246210106428 ], [ 112.827321707070951, 0.487246210106428 ], [ 112.827321707070951, 0.487066547049605 ], [ 112.82786069624143, 0.487066547049605 ], [ 112.82786069624143, 0.487246210106428 ], [ 112.828040359298257, 0.487246210106428 ], [ 112.828040359298257, 0.487425873163252 ], [ 112.82786069624143, 0.487425873163252 ], [ 112.82786069624143, 0.487605536220076 ], [ 112.827501370127777, 0.487605536220076 ] ] ] } },
{ "type": "Feature", "properties": { "count": 26, "label": 1, "cluster_id": 298 }, "geometry": { "type": "Polygon", "coordinates": [ [ [ 112.828220022355069, 0.429933694979603 ], [ 112.828220022355069, 0.429754031922779 ], [ 112.828040359298257, 0.429754031922779 ], [ 112.828040359298257, 0.429394705809131 ], [ 112.828220022355069, 0.429394705809131 ], [ 112.828220022355069, 0.429215042752307 ], [ 112.828399685411895, 0.429215042752307 ], [ 112.828399685411895, 0.429035379695483 ], [ 112.828579348468722, 0.429035379695483 ], [ 112.828579348468722, 0.42885571663866 ], [ 112.828759011525548, 0.42885571663866 ], [ 112.828759011525548, 0.428676053581836 ], [ 112.829118337639187, 0.428676053581836 ], [ 112.829118337639187, 0.429394705809131 ], [ 112.829298000696014, 0.429394705809131 ], [ 112.829298000696014, 0.429574368865955 ], [ 112.829118337639187, 0.429574368865955 ], [ 112.829118337639187, 0.429754031922779 ], [ 112.828938674582375, 0.429754031922779 ], [ 112.828938674582375, 0.429574368865955 ], [ 112.828759011525548, 0.429574368865955 ], [ 112.828759011525548, 0.429754031922779 ], [ 112.828579348468722, 0.429754031922779 ], [ 112.828579348468722, 0.429574368865955 ], [ 112.828399685411895, 0.429574368865955 ], [ 112.828399685411895, 0.429933694979603 ], [ 112.828220022355069, 0.429933694979603 ] ] ] } },
{ "type": "Feature", "properties": { "count": 2, "label": 1, "cluster_id": 298 }, "geometry": { "type": "Polygon", "coordinates": [ [ [ 112.828040359298257, 0.477005415867466 ], [ 112.828399685411895, 0.477005415867466 ], [ 112.828399685411895, 0.47718507892429 ], [ 112.828040359298257, 0.47718507892429 ], [ 112.828040359298257, 0.477005415867466 ] ] ] } },
{ "type": "Feature", "properties": { "count": 1, "label": 1, "cluster_id": 298 }, "geometry": { "type": "Polygon", "coordinates": [ [ [ 112.828220022355069, 0.485449579538189 ], [ 112.828399685411895, 0.485449579538189 ], [ 112.828399685411895, 0.485629242595013 ], [ 112.828220022355069, 0.485629242595013 ], [ 112.828220022355069, 0.485449579538189 ] ] ] } },
{ "type": "Feature", "properties": { "count": 2, "label": 1, "cluster_id": 298 }, "geometry": { "type": "Polygon", "coordinates": [ [ [ 112.828399685411895, 0.429933694979603 ], [ 112.828759011525548, 0.429933694979603 ], [ 112.828759011525548, 0.430113358036427 ], [ 112.828399685411895, 0.430113358036427 ], [ 112.828399685411895, 0.429933694979603 ] ] ] } },
{ "type": "Feature", "properties": { "count": 19, "label": 1, "cluster_id": 298 }, "geometry": { "type": "Polygon", "coordinates": [ [ [ 112.828399685411895, 0.477005415867466 ], [ 112.828399685411895, 0.476825752810642 ], [ 112.828040359298257, 0.476825752810642 ], [ 112.828040359298257, 0.476646089753818 ], [ 112.827321707070951, 0.476646089753818 ], [ 112.827321707070951, 0.47628676364017 ], [ 112.827501370127777, 0.47628676364017 ], [ 112.827501370127777, 0.476466426696994 ], [ 112.82786069624143, 0.476466426696994 ], [ 112.82786069624143, 0.47628676364017 ], [ 112.828220022355069, 0.47628676364017 ], [ 112.828220022355069, 0.476107100583346 ], [ 112.828579348468722, 0.476107100583346 ], [ 112.828579348468722, 0.47628676364017 ], [ 112.828399685411895, 0.47628676364017 ], [ 112.828399685411895, 0.476466426696994 ], [ 112.828579348468722, 0.476466426696994 ], [ 112.828579348468722, 0.476646089753818 ], [ 112.828759011525548, 0.476646089753818 ], [ 112.828759011525548, 0.477005415867466 ], [ 112.828399685411895, 0.477005415867466 ] ] ] } },
{ "type": "Feature", "properties": { "count": 1, "label": 1, "cluster_id": 298 }, "geometry": { "type": "Polygon", "coordinates": [ [ [ 112.828579348468722, 0.486886883992781 ], [ 112.828759011525548, 0.486886883992781 ], [ 112.828759011525548, 0.487066547049605 ], [ 112.828579348468722, 0.487066547049605 ], [ 112.828579348468722, 0.486886883992781 ] ] ] } },
{ "type": "Feature", "properties": { "count": 2, "label": 1, "cluster_id": 298 }, "geometry": { "type": "Polygon", "coordinates": [ [ [ 112.828759011525548, 0.430472684150075 ], [ 112.828938674582375, 0.430472684150075 ], [ 112.828938674582375, 0.430832010263722 ], [ 112.828759011525548, 0.430832010263722 ], [ 112.828759011525548, 0.430472684150075 ] ] ] } },
{ "type": "Feature", "properties": { "count": 100, "label": 1, "cluster_id": 298 }, "geometry": { "type": "Polygon", "coordinates": [ [ [ 112.828579348468722, 0.481856318401711 ], [ 112.828579348468722, 0.481676655344887 ], [ 112.82786069624143, 0.481676655344887 ], [ 112.82786069624143, 0.481496992288064 ], [ 112.827681033184604, 0.481496992288064 ], [ 112.827681033184604, 0.481676655344887 ], [ 112.827501370127777, 0.481676655344887 ], [ 112.827501370127777, 0.481496992288064 ], [ 112.827321707070951, 0.481496992288064 ], [ 112.827321707070951, 0.48131732923124 ], [ 112.827142044014124, 0.48131732923124 ], [ 112.827142044014124, 0.479341035606177 ], [ 112.827501370127777, 0.479341035606177 ], [ 112.827501370127777, 0.479520698663001 ], [ 112.827681033184604, 0.479520698663001 ], [ 112.827681033184604, 0.479880024776648 ], [ 112.82786069624143, 0.479880024776648 ], [ 112.82786069624143, 0.480059687833472 ], [ 112.828040359298257, 0.480059687833472 ], [ 112.828040359298257, 0.480239350890296 ], [ 112.828220022355069, 0.480239350890296 ], [ 112.828220022355069, 0.48041901394712 ], [ 112.828579348468722, 0.48041901394712 ], [ 112.828579348468722, 0.480598677003944 ], [ 112.829298000696014, 0.480598677003944 ], [ 112.829298000696014, 0.48041901394712 ], [ 112.82947766375284, 0.48041901394712 ], [ 112.82947766375284, 0.481137666174416 ], [ 112.829298000696014, 0.481137666174416 ], [ 112.829298000696014, 0.48131732923124 ], [ 112.829118337639187, 0.48131732923124 ], [ 112.829118337639187, 0.481137666174416 ], [ 112.828938674582375, 0.481137666174416 ], [ 112.828938674582375, 0.481496992288064 ], [ 112.829118337639187, 0.481496992288064 ], [ 112.829118337639187, 0.481676655344887 ], [ 112.828938674582375, 0.481676655344887 ], [ 112.828938674582375, 0.481856318401711 ], [ 112.828579348468722, 0.481856318401711 ] ], [ [ 112.828399685411895, 0.481496992288064 ], [ 112.828220022355069, 0.481496992288064 ], [ 112.828220022355069, 0.48131732923124 ], [ 112.828399685411895, 0.48131732923124 ], [ 112.828399685411895, 0.481496992288064 ] ] ] } },
{ "type": "Feature", "properties": { "count": 2, "label": 1, "cluster_id": 298 }, "geometry": { "type": "Polygon", "coordinates": [ [ [ 112.829118337639187, 0.485269916481366 ], [ 112.829298000696014, 0.485269916481366 ], [ 112.829298000696014, 0.485629242595013 ], [ 112.829118337639187, 0.485629242595013 ], [ 112.829118337639187, 0.485269916481366 ] ] ] } },
{ "type": "Feature", "properties": { "count": 9, "label": 1, "cluster_id": 298 }, "geometry": { "type": "Polygon", "coordinates": [ [ [ 112.829118337639187, 0.430652347206899 ], [ 112.829118337639187, 0.430472684150075 ], [ 112.828938674582375, 0.430472684150075 ], [ 112.828938674582375, 0.430293021093251 ], [ 112.829118337639187, 0.430293021093251 ], [ 112.829118337639187, 0.430113358036427 ], [ 112.829298000696014, 0.430113358036427 ], [ 112.829298000696014, 0.429933694979603 ], [ 112.829657326809667, 0.429933694979603 ], [ 112.829657326809667, 0.430113358036427 ], [ 112.82947766375284, 0.430113358036427 ], [ 112.82947766375284, 0.430652347206899 ], [ 112.829118337639187, 0.430652347206899 ] ] ] } },
{ "type": "Feature", "properties": { "count": 5, "label": 1, "cluster_id": 298 }, "geometry": { "type": "Polygon", "coordinates": [ [ [ 112.829118337639187, 0.486168231765485 ], [ 112.829118337639187, 0.485988568708661 ], [ 112.828938674582375, 0.485988568708661 ], [ 112.828938674582375, 0.485808905651837 ], [ 112.82947766375284, 0.485808905651837 ], [ 112.82947766375284, 0.486168231765485 ], [ 112.829118337639187, 0.486168231765485 ] ] ] } },
{ "type": "Feature", "properties": { "count": 1, "label": 1, "cluster_id": 298 }, "geometry": { "type": "Polygon", "coordinates": [ [ [ 112.82947766375284, 0.481137666174416 ], [ 112.829657326809667, 0.481137666174416 ], [ 112.829657326809667, 0.48131732923124 ], [ 112.82947766375284, 0.48131732923124 ], [ 112.82947766375284, 0.481137666174416 ] ] ] } },
{ "type": "Feature", "properties": { "count": 2, "label": 1, "cluster_id": 298 }, "geometry": { "type": "Polygon", "coordinates": [ [ [ 112.829298000696014, 0.484371601197246 ], [ 112.829657326809667, 0.484371601197246 ], [ 112.829657326809667, 0.48455126425407 ], [ 112.829298000696014, 0.48455126425407 ], [ 112.829298000696014, 0.484371601197246 ] ] ] } },
{ "type": "Feature", "properties": { "count": 3, "label": 1, "cluster_id": 298 }, "geometry": { "type": "Polygon", "coordinates": [ [ [ 112.829298000696014, 0.485090253424542 ], [ 112.829298000696014, 0.484910590367718 ], [ 112.82947766375284, 0.484910590367718 ], [ 112.82947766375284, 0.484730927310894 ], [ 112.829657326809667, 0.484730927310894 ], [ 112.829657326809667, 0.485090253424542 ], [ 112.829298000696014, 0.485090253424542 ] ] ] } },
{ "type": "Feature", "properties": { "count": 3, "label": 1, "cluster_id": 298 }, "geometry": { "type": "Polygon", "coordinates": [ [ [ 112.829836989866493, 0.430472684150075 ], [ 112.829836989866493, 0.430293021093251 ], [ 112.829657326809667, 0.430293021093251 ], [ 112.829657326809667, 0.430113358036427 ], [ 112.830016652923319, 0.430113358036427 ], [ 112.830016652923319, 0.430472684150075 ], [ 112.829836989866493, 0.430472684150075 ] ] ] } },
{ "type": "Feature", "properties": { "count": 1, "label": 1, "cluster_id": 298 }, "geometry": { "type": "Polygon", "coordinates": [ [ [ 112.829836989866493, 0.484730927310894 ], [ 112.830016652923319, 0.484730927310894 ], [ 112.830016652923319, 0.484910590367718 ], [ 112.829836989866493, 0.484910590367718 ], [ 112.829836989866493, 0.484730927310894 ] ] ] } },
{ "type": "Feature", "properties": { "count": 6, "label": 1, "cluster_id": 298 }, "geometry": { "type": "Polygon", "coordinates": [ [ [ 112.830016652923319, 0.481137666174416 ], [ 112.830016652923319, 0.480778340060768 ], [ 112.830196315980132, 0.480778340060768 ], [ 112.830196315980132, 0.480598677003944 ], [ 112.830375979036958, 0.480598677003944 ], [ 112.830375979036958, 0.480778340060768 ], [ 112.830555642093785, 0.480778340060768 ], [ 112.830555642093785, 0.480958003117592 ], [ 112.830375979036958, 0.480958003117592 ], [ 112.830375979036958, 0.481137666174416 ], [ 112.830016652923319, 0.481137666174416 ] ] ] } },
{ "type": "Feature", "properties": { "count": 1, "label": 1, "cluster_id": 298 }, "geometry": { "type": "Polygon", "coordinates": [ [ [ 112.830196315980132, 0.485808905651837 ], [ 112.830375979036958, 0.485808905651837 ], [ 112.830375979036958, 0.485988568708661 ], [ 112.830196315980132, 0.485988568708661 ], [ 112.830196315980132, 0.485808905651837 ] ] ] } },
{ "type": "Feature", "properties": { "count": 6, "label": 1, "cluster_id": 298 }, "geometry": { "type": "Polygon", "coordinates": [ [ [ 112.830016652923319, 0.477005415867466 ], [ 112.830555642093785, 0.477005415867466 ], [ 112.830555642093785, 0.477364741981114 ], [ 112.830016652923319, 0.477364741981114 ], [ 112.830016652923319, 0.477005415867466 ] ] ] } },
{ "type": "Feature", "properties": { "count": 2, "label": 1, "cluster_id": 298 }, "geometry": { "type": "Polygon", "coordinates": [ [ [ 112.830196315980132, 0.484371601197246 ], [ 112.830555642093785, 0.484371601197246 ], [ 112.830555642093785, 0.48455126425407 ], [ 112.830196315980132, 0.48455126425407 ], [ 112.830196315980132, 0.484371601197246 ] ] ] } },
{ "type": "Feature", "properties": { "count": 21, "label": 1, "cluster_id": 298 }, "geometry": { "type": "Polygon", "coordinates": [ [ [ 112.830735305150611, 0.480598677003944 ], [ 112.830735305150611, 0.480239350890296 ], [ 112.830914968207438, 0.480239350890296 ], [ 112.830914968207438, 0.480059687833472 ], [ 112.830735305150611, 0.480059687833472 ], [ 112.830735305150611, 0.479880024776648 ], [ 112.830555642093785, 0.479880024776648 ], [ 112.830555642093785, 0.480239350890296 ], [ 112.830375979036958, 0.480239350890296 ], [ 112.830375979036958, 0.479520698663001 ], [ 112.830555642093785, 0.479520698663001 ], [ 112.830555642093785, 0.479341035606177 ], [ 112.830914968207438, 0.479341035606177 ], [ 112.830914968207438, 0.479520698663001 ], [ 112.83109463126425, 0.479520698663001 ], [ 112.83109463126425, 0.480059687833472 ], [ 112.831274294321076, 0.480059687833472 ], [ 112.831274294321076, 0.480239350890296 ], [ 112.831453957377903, 0.480239350890296 ], [ 112.831453957377903, 0.48041901394712 ], [ 112.830914968207438, 0.48041901394712 ], [ 112.830914968207438, 0.480598677003944 ], [ 112.830735305150611, 0.480598677003944 ] ] ] } },
{ "type": "Feature", "properties": { "count": 1, "label": 1, "cluster_id": 298 }, "geometry": { "type": "Polygon", "coordinates": [ [ [ 112.831274294321076, 0.479880024776648 ], [ 112.831453957377903, 0.479880024776648 ], [ 112.831453957377903, 0.480059687833472 ], [ 112.831274294321076, 0.480059687833472 ], [ 112.831274294321076, 0.479880024776648 ] ] ] } },
{ "type": "Feature", "properties": { "count": 1, "label": 1, "cluster_id": 298 }, "geometry": { "type": "Polygon", "coordinates": [ [ [ 112.831813283491556, 0.478802046435705 ], [ 112.831992946548382, 0.478802046435705 ], [ 112.831992946548382, 0.478981709492529 ], [ 112.831813283491556, 0.478981709492529 ], [ 112.831813283491556, 0.478802046435705 ] ] ] } },
{ "type": "Feature", "properties": { "count": 1, "label": 1, "cluster_id": 298 }, "geometry": { "type": "Polygon", "coordinates": [ [ [ 112.831992946548382, 0.48868351456102 ], [ 112.832172609605195, 0.48868351456102 ], [ 112.832172609605195, 0.488863177617844 ], [ 112.831992946548382, 0.488863177617844 ], [ 112.831992946548382, 0.48868351456102 ] ] ] } },
{ "type": "Feature", "properties": { "count": 1, "label": 1, "cluster_id": 298 }, "geometry": { "type": "Polygon", "coordinates": [ [ [ 112.832172609605195, 0.478802046435705 ], [ 112.832352272662021, 0.478802046435705 ], [ 112.832352272662021, 0.478981709492529 ], [ 112.832172609605195, 0.478981709492529 ], [ 112.832172609605195, 0.478802046435705 ] ] ] } },
{ "type": "Feature", "properties": { "count": 2, "label": 1, "cluster_id": 298 }, "geometry": { "type": "Polygon", "coordinates": [ [ [ 112.832172609605195, 0.480059687833472 ], [ 112.832352272662021, 0.480059687833472 ], [ 112.832352272662021, 0.48041901394712 ], [ 112.832172609605195, 0.48041901394712 ], [ 112.832172609605195, 0.480059687833472 ] ] ] } },
{ "type": "Feature", "properties": { "count": 4, "label": 1, "cluster_id": 298 }, "geometry": { "type": "Polygon", "coordinates": [ [ [ 112.832352272662021, 0.480598677003944 ], [ 112.832531935718848, 0.480598677003944 ], [ 112.832531935718848, 0.48131732923124 ], [ 112.832352272662021, 0.48131732923124 ], [ 112.832352272662021, 0.480598677003944 ] ] ] } },
{ "type": "Feature", "properties": { "count": 1, "label": 1, "cluster_id": 298 }, "geometry": { "type": "Polygon", "coordinates": [ [ [ 112.834328566287084, 0.431011673320546 ], [ 112.834508229343911, 0.431011673320546 ], [ 112.834508229343911, 0.43119133637737 ], [ 112.834328566287084, 0.43119133637737 ], [ 112.834328566287084, 0.431011673320546 ] ] ] } },
{ "type": "Feature", "properties": { "count": 1, "label": 1, "cluster_id": 298 }, "geometry": { "type": "Polygon", "coordinates": [ [ [ 112.834508229343911, 0.471435861105925 ], [ 112.834687892400737, 0.471435861105925 ], [ 112.834687892400737, 0.471615524162749 ], [ 112.834508229343911, 0.471615524162749 ], [ 112.834508229343911, 0.471435861105925 ] ] ] } },
{ "type": "Feature", "properties": { "count": 2, "label": 1, "cluster_id": 298 }, "geometry": { "type": "Polygon", "coordinates": [ [ [ 112.834508229343911, 0.477544405037938 ], [ 112.834867555457564, 0.477544405037938 ], [ 112.834867555457564, 0.477724068094762 ], [ 112.834508229343911, 0.477724068094762 ], [ 112.834508229343911, 0.477544405037938 ] ] ] } },
{ "type": "Feature", "properties": { "count": 2, "label": 1, "cluster_id": 298 }, "geometry": { "type": "Polygon", "coordinates": [ [ [ 112.834687892400737, 0.471256198049101 ], [ 112.835047218514376, 0.471256198049101 ], [ 112.835047218514376, 0.471435861105925 ], [ 112.834687892400737, 0.471435861105925 ], [ 112.834687892400737, 0.471256198049101 ] ] ] } },
{ "type": "Feature", "properties": { "count": 51, "label": 1, "cluster_id": 298 }, "geometry": { "type": "Polygon", "coordinates": [ [ [ 112.834687892400737, 0.472513839446868 ], [ 112.834687892400737, 0.472334176390044 ], [ 112.834508229343911, 0.472334176390044 ], [ 112.834508229343911, 0.471795187219573 ], [ 112.834867555457564, 0.471795187219573 ], [ 112.834867555457564, 0.471615524162749 ], [ 112.835047218514376, 0.471615524162749 ], [ 112.835047218514376, 0.471795187219573 ], [ 112.835226881571202, 0.471795187219573 ], [ 112.835226881571202, 0.471435861105925 ], [ 112.835586207684855, 0.471435861105925 ], [ 112.835586207684855, 0.471256198049101 ], [ 112.835765870741682, 0.471256198049101 ], [ 112.835765870741682, 0.471076534992277 ], [ 112.835945533798508, 0.471076534992277 ], [ 112.835945533798508, 0.470896871935453 ], [ 112.836304859912147, 0.470896871935453 ], [ 112.836304859912147, 0.471256198049101 ], [ 112.83612519685532, 0.471256198049101 ], [ 112.83612519685532, 0.471435861105925 ], [ 112.836484522968973, 0.471435861105925 ], [ 112.836484522968973, 0.471795187219573 ], [ 112.836304859912147, 0.471795187219573 ], [ 112.836304859912147, 0.471974850276397 ], [ 112.835945533798508, 0.471974850276397 ], [ 112.835945533798508, 0.472154513333221 ], [ 112.835765870741682, 0.472154513333221 ], [ 112.835765870741682, 0.472334176390044 ], [ 112.835226881571202, 0.472334176390044 ], [ 112.835226881571202, 0.472513839446868 ], [ 112.834687892400737, 0.472513839446868 ] ] ] } },
{ "type": "Feature", "properties": { "count": 61, "label": 1, "cluster_id": 298 }, "geometry": { "type": "Polygon", "coordinates": [ [ [ 112.835047218514376, 0.475927437526523 ], [ 112.835047218514376, 0.475568111412875 ], [ 112.834867555457564, 0.475568111412875 ], [ 112.834867555457564, 0.475029122242403 ], [ 112.835047218514376, 0.475029122242403 ], [ 112.835047218514376, 0.474490133071931 ], [ 112.834867555457564, 0.474490133071931 ], [ 112.834867555457564, 0.473412154730988 ], [ 112.835047218514376, 0.473412154730988 ], [ 112.835047218514376, 0.47305282861734 ], [ 112.835226881571202, 0.47305282861734 ], [ 112.835226881571202, 0.472873165560516 ], [ 112.835406544628029, 0.472873165560516 ], [ 112.835406544628029, 0.47305282861734 ], [ 112.835586207684855, 0.47305282861734 ], [ 112.835586207684855, 0.473232491674164 ], [ 112.835765870741682, 0.473232491674164 ], [ 112.835765870741682, 0.474130806958283 ], [ 112.835226881571202, 0.474130806958283 ], [ 112.835226881571202, 0.474310470015107 ], [ 112.835406544628029, 0.474310470015107 ], [ 112.835406544628029, 0.474490133071931 ], [ 112.835586207684855, 0.474490133071931 ], [ 112.835586207684855, 0.474669796128755 ], [ 112.835945533798508, 0.474669796128755 ], [ 112.835945533798508, 0.475029122242403 ], [ 112.83612519685532, 0.475029122242403 ], [ 112.83612519685532, 0.475208785299227 ], [ 112.835226881571202, 0.475208785299227 ], [ 112.835226881571202, 0.475388448356051 ], [ 112.835406544628029, 0.475388448356051 ], [ 112.835406544628029, 0.475747774469699 ], [ 112.835226881571202, 0.475747774469699 ], [ 112.835226881571202, 0.475927437526523 ], [ 112.835047218514376, 0.475927437526523 ] ] ] } },
{ "type": "Feature", "properties": { "count": 2, "label": 1, "cluster_id": 298 }, "geometry": { "type": "Polygon", "coordinates": [ [ [ 112.835406544628029, 0.431909988604666 ], [ 112.835586207684855, 0.431909988604666 ], [ 112.835586207684855, 0.432269314718314 ], [ 112.835406544628029, 0.432269314718314 ], [ 112.835406544628029, 0.431909988604666 ] ] ] } },
{ "type": "Feature", "properties": { "count": 5, "label": 1, "cluster_id": 298 }, "geometry": { "type": "Polygon", "coordinates": [ [ [ 112.835047218514376, 0.471256198049101 ], [ 112.835047218514376, 0.471076534992277 ], [ 112.835226881571202, 0.471076534992277 ], [ 112.835226881571202, 0.470896871935453 ], [ 112.835586207684855, 0.470896871935453 ], [ 112.835586207684855, 0.471256198049101 ], [ 112.835047218514376, 0.471256198049101 ] ] ] } },
{ "type": "Feature", "properties": { "count": 1, "label": 1, "cluster_id": 298 }, "geometry": { "type": "Polygon", "coordinates": [ [ [ 112.835586207684855, 0.433167630002433 ], [ 112.835765870741682, 0.433167630002433 ], [ 112.835765870741682, 0.433347293059257 ], [ 112.835586207684855, 0.433347293059257 ], [ 112.835586207684855, 0.433167630002433 ] ] ] } },
{ "type": "Feature", "properties": { "count": 2, "label": 1, "cluster_id": 298 }, "geometry": { "type": "Polygon", "coordinates": [ [ [ 112.835945533798508, 0.484012275083598 ], [ 112.83612519685532, 0.484012275083598 ], [ 112.83612519685532, 0.484371601197246 ], [ 112.835945533798508, 0.484371601197246 ], [ 112.835945533798508, 0.484012275083598 ] ] ] } },
{ "type": "Feature", "properties": { "count": 6, "label": 1, "cluster_id": 298 }, "geometry": { "type": "Polygon", "coordinates": [ [ [ 112.835586207684855, 0.48455126425407 ], [ 112.83612519685532, 0.48455126425407 ], [ 112.83612519685532, 0.484910590367718 ], [ 112.835586207684855, 0.484910590367718 ], [ 112.835586207684855, 0.48455126425407 ] ] ] } },
{ "type": "Feature", "properties": { "count": 224, "label": 1, "cluster_id": 298 }, "geometry": { "type": "Polygon", "coordinates": [ [ [ 112.835765870741682, 0.481856318401711 ], [ 112.835765870741682, 0.481676655344887 ], [ 112.834148903230258, 0.481676655344887 ], [ 112.834148903230258, 0.480958003117592 ], [ 112.833969240173445, 0.480958003117592 ], [ 112.833969240173445, 0.480598677003944 ], [ 112.833789577116619, 0.480598677003944 ], [ 112.833789577116619, 0.48041901394712 ], [ 112.833609914059792, 0.48041901394712 ], [ 112.833609914059792, 0.480239350890296 ], [ 112.833250587946139, 0.480239350890296 ], [ 112.833250587946139, 0.479880024776648 ], [ 112.832352272662021, 0.479880024776648 ], [ 112.832352272662021, 0.478981709492529 ], [ 112.832711598775674, 0.478981709492529 ], [ 112.832711598775674, 0.479161372549353 ], [ 112.833609914059792, 0.479161372549353 ], [ 112.833609914059792, 0.479341035606177 ], [ 112.834328566287084, 0.479341035606177 ], [ 112.834328566287084, 0.479161372549353 ], [ 112.834508229343911, 0.479161372549353 ], [ 112.834508229343911, 0.478981709492529 ], [ 112.835047218514376, 0.478981709492529 ], [ 112.835047218514376, 0.478802046435705 ], [ 112.834867555457564, 0.478802046435705 ], [ 112.834867555457564, 0.478442720322057 ], [ 112.835047218514376, 0.478442720322057 ], [ 112.835047218514376, 0.478622383378881 ], [ 112.835226881571202, 0.478622383378881 ], [ 112.835226881571202, 0.478981709492529 ], [ 112.835586207684855, 0.478981709492529 ], [ 112.835586207684855, 0.479161372549353 ], [ 112.83612519685532, 0.479161372549353 ], [ 112.83612519685532, 0.480958003117592 ], [ 112.836304859912147, 0.480958003117592 ], [ 112.836304859912147, 0.481856318401711 ], [ 112.835765870741682, 0.481856318401711 ] ], [ [ 112.834148903230258, 0.479700361719824 ], [ 112.833789577116619, 0.479700361719824 ], [ 112.833789577116619, 0.479520698663001 ], [ 112.834148903230258, 0.479520698663001 ], [ 112.834148903230258, 0.479700361719824 ] ] ] } },
{ "type": "Feature", "properties": { "count": 409, "label": 1, "cluster_id": 298 }, "geometry": { "type": "Polygon", "coordinates": [ [ [ 112.835226881571202, 0.490300482072435 ], [ 112.835226881571202, 0.489761492901963 ], [ 112.835047218514376, 0.489761492901963 ], [ 112.835047218514376, 0.489222503731491 ], [ 112.835226881571202, 0.489222503731491 ], [ 112.835226881571202, 0.489042840674668 ], [ 112.835406544628029, 0.489042840674668 ], [ 112.835406544628029, 0.488863177617844 ], [ 112.835226881571202, 0.488863177617844 ], [ 112.835226881571202, 0.488503851504196 ], [ 112.835406544628029, 0.488503851504196 ], [ 112.835406544628029, 0.488144525390548 ], [ 112.835765870741682, 0.488144525390548 ], [ 112.835765870741682, 0.487964862333724 ], [ 112.835945533798508, 0.487964862333724 ], [ 112.835945533798508, 0.487246210106428 ], [ 112.835765870741682, 0.487246210106428 ], [ 112.835765870741682, 0.487066547049605 ], [ 112.834867555457564, 0.487066547049605 ], [ 112.834867555457564, 0.487246210106428 ], [ 112.83109463126425, 0.487246210106428 ], [ 112.83109463126425, 0.486527557879133 ], [ 112.831274294321076, 0.486527557879133 ], [ 112.831274294321076, 0.485808905651837 ], [ 112.83109463126425, 0.485808905651837 ], [ 112.83109463126425, 0.485629242595013 ], [ 112.830914968207438, 0.485629242595013 ], [ 112.830914968207438, 0.485090253424542 ], [ 112.83109463126425, 0.485090253424542 ], [ 112.83109463126425, 0.484730927310894 ], [ 112.830914968207438, 0.484730927310894 ], [ 112.830914968207438, 0.484371601197246 ], [ 112.83109463126425, 0.484371601197246 ], [ 112.83109463126425, 0.484191938140422 ], [ 112.831274294321076, 0.484191938140422 ], [ 112.831274294321076, 0.484371601197246 ], [ 112.831813283491556, 0.484371601197246 ], [ 112.831813283491556, 0.48455126425407 ], [ 112.831453957377903, 0.48455126425407 ], [ 112.831453957377903, 0.485090253424542 ], [ 112.831992946548382, 0.485090253424542 ], [ 112.831992946548382, 0.484910590367718 ], [ 112.832352272662021, 0.484910590367718 ], [ 112.832352272662021, 0.485090253424542 ], [ 112.833430251002966, 0.485090253424542 ], [ 112.833430251002966, 0.485269916481366 ], [ 112.834508229343911, 0.485269916481366 ], [ 112.834508229343911, 0.485090253424542 ], [ 112.834328566287084, 0.485090253424542 ], [ 112.834328566287084, 0.484910590367718 ], [ 112.834148903230258, 0.484910590367718 ], [ 112.834148903230258, 0.48455126425407 ], [ 112.834328566287084, 0.48455126425407 ], [ 112.834328566287084, 0.484371601197246 ], [ 112.834508229343911, 0.484371601197246 ], [ 112.834508229343911, 0.48455126425407 ], [ 112.834687892400737, 0.48455126425407 ], [ 112.834687892400737, 0.484371601197246 ], [ 112.835226881571202, 0.484371601197246 ], [ 112.835226881571202, 0.48455126425407 ], [ 112.835406544628029, 0.48455126425407 ], [ 112.835406544628029, 0.484910590367718 ], [ 112.835226881571202, 0.484910590367718 ], [ 112.835226881571202, 0.485269916481366 ], [ 112.835047218514376, 0.485269916481366 ], [ 112.835047218514376, 0.485449579538189 ], [ 112.834867555457564, 0.485449579538189 ], [ 112.834867555457564, 0.485629242595013 ], [ 112.834508229343911, 0.485629242595013 ], [ 112.834508229343911, 0.486347894822309 ], [ 112.835406544628029, 0.486347894822309 ], [ 112.835406544628029, 0.486168231765485 ], [ 112.835586207684855, 0.486168231765485 ], [ 112.835586207684855, 0.485988568708661 ], [ 112.835406544628029, 0.485988568708661 ], [ 112.835406544628029, 0.485808905651837 ], [ 112.835945533798508, 0.485808905651837 ], [ 112.835945533798508, 0.485449579538189 ], [ 112.83612519685532, 0.485449579538189 ], [ 112.83612519685532, 0.485808905651837 ], [ 112.836304859912147, 0.485808905651837 ], [ 112.836304859912147, 0.485988568708661 ], [ 112.83612519685532, 0.485988568708661 ], [ 112.83612519685532, 0.486168231765485 ], [ 112.836304859912147, 0.486168231765485 ], [ 112.836304859912147, 0.4877851992769 ], [ 112.836484522968973, 0.4877851992769 ], [ 112.836484522968973, 0.488144525390548 ], [ 112.836304859912147, 0.488144525390548 ], [ 112.836304859912147, 0.490300482072435 ], [ 112.835226881571202, 0.490300482072435 ] ], [ [ 112.833789577116619, 0.486527557879133 ], [ 112.833250587946139, 0.486527557879133 ], [ 112.833250587946139, 0.486347894822309 ], [ 112.833789577116619, 0.486347894822309 ], [ 112.833789577116619, 0.486527557879133 ] ], [ [ 112.835586207684855, 0.490120819015611 ], [ 112.835406544628029, 0.490120819015611 ], [ 112.835406544628029, 0.489941155958787 ], [ 112.835586207684855, 0.489941155958787 ], [ 112.835586207684855, 0.490120819015611 ] ] ] } },
{ "type": "Feature", "properties": { "count": 2, "label": 1, "cluster_id": 298 }, "geometry": { "type": "Polygon", "coordinates": [ [ [ 112.836304859912147, 0.474849459185579 ], [ 112.836484522968973, 0.474849459185579 ], [ 112.836484522968973, 0.475208785299227 ], [ 112.836304859912147, 0.475208785299227 ], [ 112.836304859912147, 0.474849459185579 ] ] ] } },
{ "type": "Feature", "properties": { "count": 1, "label": 1, "cluster_id": 298 }, "geometry": { "type": "Polygon", "coordinates": [ [ [ 112.836304859912147, 0.479161372549353 ], [ 112.836484522968973, 0.479161372549353 ], [ 112.836484522968973, 0.479341035606177 ], [ 112.836304859912147, 0.479341035606177 ], [ 112.836304859912147, 0.479161372549353 ] ] ] } },
{ "type": "Feature", "properties": { "count": 1, "label": 1, "cluster_id": 298 }, "geometry": { "type": "Polygon", "coordinates": [ [ [ 112.836484522968973, 0.47718507892429 ], [ 112.8366641860258, 0.47718507892429 ], [ 112.8366641860258, 0.477364741981114 ], [ 112.836484522968973, 0.477364741981114 ], [ 112.836484522968973, 0.47718507892429 ] ] ] } },
{ "type": "Feature", "properties": { "count": 3, "label": 1, "cluster_id": 298 }, "geometry": { "type": "Polygon", "coordinates": [ [ [ 112.836484522968973, 0.482934296742655 ], [ 112.8366641860258, 0.482934296742655 ], [ 112.8366641860258, 0.483473285913126 ], [ 112.836484522968973, 0.483473285913126 ], [ 112.836484522968973, 0.482934296742655 ] ] ] } },
{ "type": "Feature", "properties": { "count": 1, "label": 1, "cluster_id": 298 }, "geometry": { "type": "Polygon", "coordinates": [ [ [ 112.8366641860258, 0.477364741981114 ], [ 112.836843849082626, 0.477364741981114 ], [ 112.836843849082626, 0.477544405037938 ], [ 112.8366641860258, 0.477544405037938 ], [ 112.8366641860258, 0.477364741981114 ] ] ] } },
{ "type": "Feature", "properties": { "count": 4, "label": 1, "cluster_id": 298 }, "geometry": { "type": "Polygon", "coordinates": [ [ [ 112.836843849082626, 0.452571240139415 ], [ 112.836843849082626, 0.452211914025767 ], [ 112.837023512139439, 0.452211914025767 ], [ 112.837023512139439, 0.452032250968943 ], [ 112.837203175196265, 0.452032250968943 ], [ 112.837203175196265, 0.452391577082591 ], [ 112.837023512139439, 0.452391577082591 ], [ 112.837023512139439, 0.452571240139415 ], [ 112.836843849082626, 0.452571240139415 ] ] ] } },
{ "type": "Feature", "properties": { "count": 1, "label": 1, "cluster_id": 298 }, "geometry": { "type": "Polygon", "coordinates": [ [ [ 112.837382838253092, 0.479700361719824 ], [ 112.837562501309918, 0.479700361719824 ], [ 112.837562501309918, 0.479880024776648 ], [ 112.837382838253092, 0.479880024776648 ], [ 112.837382838253092, 0.479700361719824 ] ] ] } },
{ "type": "Feature", "properties": { "count": 8, "label": 1, "cluster_id": 298 }, "geometry": { "type": "Polygon", "coordinates": [ [ [ 112.836843849082626, 0.48131732923124 ], [ 112.836843849082626, 0.481137666174416 ], [ 112.837203175196265, 0.481137666174416 ], [ 112.837203175196265, 0.480958003117592 ], [ 112.837562501309918, 0.480958003117592 ], [ 112.837562501309918, 0.480778340060768 ], [ 112.837742164366745, 0.480778340060768 ], [ 112.837742164366745, 0.481137666174416 ], [ 112.837562501309918, 0.481137666174416 ], [ 112.837562501309918, 0.48131732923124 ], [ 112.836843849082626, 0.48131732923124 ] ] ] } },
{ "type": "Feature", "properties": { "count": 3, "label": 1, "cluster_id": 298 }, "geometry": { "type": "Polygon", "coordinates": [ [ [ 112.837562501309918, 0.477903731151585 ], [ 112.837562501309918, 0.477724068094762 ], [ 112.837382838253092, 0.477724068094762 ], [ 112.837382838253092, 0.477544405037938 ], [ 112.837742164366745, 0.477544405037938 ], [ 112.837742164366745, 0.477903731151585 ], [ 112.837562501309918, 0.477903731151585 ] ] ] } },
{ "type": "Feature", "properties": { "count": 1, "label": 1, "cluster_id": 298 }, "geometry": { "type": "Polygon", "coordinates": [ [ [ 112.837742164366745, 0.475208785299227 ], [ 112.837921827423571, 0.475208785299227 ], [ 112.837921827423571, 0.475388448356051 ], [ 112.837742164366745, 0.475388448356051 ], [ 112.837742164366745, 0.475208785299227 ] ] ] } },
{ "type": "Feature", "properties": { "count": 8, "label": 1, "cluster_id": 298 }, "geometry": { "type": "Polygon", "coordinates": [ [ [ 112.837742164366745, 0.480778340060768 ], [ 112.837742164366745, 0.48041901394712 ], [ 112.837562501309918, 0.48041901394712 ], [ 112.837562501309918, 0.479880024776648 ], [ 112.837921827423571, 0.479880024776648 ], [ 112.837921827423571, 0.480778340060768 ], [ 112.837742164366745, 0.480778340060768 ] ] ] } },
{ "type": "Feature", "properties": { "count": 2, "label": 1, "cluster_id": 298 }, "geometry": { "type": "Polygon", "coordinates": [ [ [ 112.837742164366745, 0.477364741981114 ], [ 112.838101490480383, 0.477364741981114 ], [ 112.838101490480383, 0.477544405037938 ], [ 112.837742164366745, 0.477544405037938 ], [ 112.837742164366745, 0.477364741981114 ] ] ] } },
{ "type": "Feature", "properties": { "count": 5, "label": 1, "cluster_id": 298 }, "geometry": { "type": "Polygon", "coordinates": [ [ [ 112.837742164366745, 0.482395307572183 ], [ 112.837742164366745, 0.482035981458535 ], [ 112.837921827423571, 0.482035981458535 ], [ 112.837921827423571, 0.481856318401711 ], [ 112.838101490480383, 0.481856318401711 ], [ 112.838101490480383, 0.482395307572183 ], [ 112.837742164366745, 0.482395307572183 ] ] ] } },
{ "type": "Feature", "properties": { "count": 3, "label": 1, "cluster_id": 298 }, "geometry": { "type": "Polygon", "coordinates": [ [ [ 112.83828115353721, 0.463171360492025 ], [ 112.83828115353721, 0.462812034378377 ], [ 112.838640479650863, 0.462812034378377 ], [ 112.838640479650863, 0.462991697435201 ], [ 112.838460816594036, 0.462991697435201 ], [ 112.838460816594036, 0.463171360492025 ], [ 112.83828115353721, 0.463171360492025 ] ] ] } },
{ "type": "Feature", "properties": { "count": 44, "label": 1, "cluster_id": 298 }, "geometry": { "type": "Polygon", "coordinates": [ [ [ 112.83828115353721, 0.450235620400704 ], [ 112.83828115353721, 0.45005595734388 ], [ 112.837921827423571, 0.45005595734388 ], [ 112.837921827423571, 0.449157642059761 ], [ 112.83828115353721, 0.449157642059761 ], [ 112.83828115353721, 0.448977979002937 ], [ 112.838999805764502, 0.448977979002937 ], [ 112.838999805764502, 0.449157642059761 ], [ 112.839359131878155, 0.449157642059761 ], [ 112.839359131878155, 0.449337305116585 ], [ 112.839538794934981, 0.449337305116585 ], [ 112.839538794934981, 0.449696631230232 ], [ 112.838999805764502, 0.449696631230232 ], [ 112.838999805764502, 0.449876294287056 ], [ 112.838820142707689, 0.449876294287056 ], [ 112.838820142707689, 0.450235620400704 ], [ 112.83828115353721, 0.450235620400704 ] ] ] } },
{ "type": "Feature", "properties": { "count": 69, "label": 1, "cluster_id": 298 }, "geometry": { "type": "Polygon", "coordinates": [ [ [ 112.838999805764502, 0.452930566253063 ], [ 112.838999805764502, 0.452391577082591 ], [ 112.838820142707689, 0.452391577082591 ], [ 112.838820142707689, 0.452571240139415 ], [ 112.838640479650863, 0.452571240139415 ], [ 112.838640479650863, 0.452750903196239 ], [ 112.83828115353721, 0.452750903196239 ], [ 112.83828115353721, 0.452930566253063 ], [ 112.837921827423571, 0.452930566253063 ], [ 112.837921827423571, 0.452391577082591 ], [ 112.83828115353721, 0.452391577082591 ], [ 112.83828115353721, 0.452211914025767 ], [ 112.838101490480383, 0.452211914025767 ], [ 112.838101490480383, 0.452032250968943 ], [ 112.837742164366745, 0.452032250968943 ], [ 112.837742164366745, 0.452391577082591 ], [ 112.837382838253092, 0.452391577082591 ], [ 112.837382838253092, 0.452211914025767 ], [ 112.837562501309918, 0.452211914025767 ], [ 112.837562501309918, 0.452032250968943 ], [ 112.837382838253092, 0.452032250968943 ], [ 112.837382838253092, 0.451852587912119 ], [ 112.837562501309918, 0.451852587912119 ], [ 112.837562501309918, 0.451672924855295 ], [ 112.837742164366745, 0.451672924855295 ], [ 112.837742164366745, 0.451852587912119 ], [ 112.838101490480383, 0.451852587912119 ], [ 112.838101490480383, 0.451133935684824 ], [ 112.838820142707689, 0.451133935684824 ], [ 112.838820142707689, 0.451313598741648 ], [ 112.839179468821328, 0.451313598741648 ], [ 112.839179468821328, 0.451852587912119 ], [ 112.838999805764502, 0.451852587912119 ], [ 112.838999805764502, 0.452032250968943 ], [ 112.839718457991808, 0.452032250968943 ], [ 112.839718457991808, 0.452391577082591 ], [ 112.839538794934981, 0.452391577082591 ], [ 112.839538794934981, 0.452571240139415 ], [ 112.839359131878155, 0.452571240139415 ], [ 112.839359131878155, 0.452750903196239 ], [ 112.839179468821328, 0.452750903196239 ], [ 112.839179468821328, 0.452930566253063 ], [ 112.838999805764502, 0.452930566253063 ] ] ] } },
{ "type": "Feature", "properties": { "count": 2, "label": 1, "cluster_id": 298 }, "geometry": { "type": "Polygon", "coordinates": [ [ [ 112.842772729957815, 0.445025391752811 ], [ 112.843132056071454, 0.445025391752811 ], [ 112.843132056071454, 0.445205054809635 ], [ 112.842772729957815, 0.445205054809635 ], [ 112.842772729957815, 0.445025391752811 ] ] ] } },
{ "type": "Feature", "properties": { "count": 1, "label": 1, "cluster_id": 298 }, "geometry": { "type": "Polygon", "coordinates": [ [ [ 112.846365991094288, 0.494253069322561 ], [ 112.846545654151114, 0.494253069322561 ], [ 112.846545654151114, 0.494432732379385 ], [ 112.846365991094288, 0.494432732379385 ], [ 112.846365991094288, 0.494253069322561 ] ] ] } },
{ "type": "Feature", "properties": { "count": 1, "label": 1, "cluster_id": 298 }, "geometry": { "type": "Polygon", "coordinates": [ [ [ 112.846904980264767, 0.494073406265737 ], [ 112.84708464332158, 0.494073406265737 ], [ 112.84708464332158, 0.494253069322561 ], [ 112.846904980264767, 0.494253069322561 ], [ 112.846904980264767, 0.494073406265737 ] ] ] } },
{ "type": "Feature", "properties": { "count": 48, "label": 1, "cluster_id": 298 }, "geometry": { "type": "Polygon", "coordinates": [ [ [ 112.847443969435233, 0.476646089753818 ], [ 112.847443969435233, 0.475747774469699 ], [ 112.847623632492059, 0.475747774469699 ], [ 112.847623632492059, 0.475568111412875 ], [ 112.847803295548886, 0.475568111412875 ], [ 112.847803295548886, 0.475388448356051 ], [ 112.847623632492059, 0.475388448356051 ], [ 112.847623632492059, 0.475029122242403 ], [ 112.848162621662524, 0.475029122242403 ], [ 112.848162621662524, 0.475208785299227 ], [ 112.848521947776177, 0.475208785299227 ], [ 112.848521947776177, 0.475388448356051 ], [ 112.84888127388983, 0.475388448356051 ], [ 112.84888127388983, 0.475568111412875 ], [ 112.849060936946643, 0.475568111412875 ], [ 112.849060936946643, 0.475388448356051 ], [ 112.849240600003469, 0.475388448356051 ], [ 112.849240600003469, 0.475568111412875 ], [ 112.849420263060296, 0.475568111412875 ], [ 112.849420263060296, 0.475747774469699 ], [ 112.849240600003469, 0.475747774469699 ], [ 112.849240600003469, 0.475927437526523 ], [ 112.848701610833004, 0.475927437526523 ], [ 112.848701610833004, 0.47628676364017 ], [ 112.848162621662524, 0.47628676364017 ], [ 112.848162621662524, 0.476107100583346 ], [ 112.847623632492059, 0.476107100583346 ], [ 112.847623632492059, 0.476646089753818 ], [ 112.847443969435233, 0.476646089753818 ] ] ] } },
{ "type": "Feature", "properties": { "count": 1, "label": 1, "cluster_id": 298 }, "geometry": { "type": "Polygon", "coordinates": [ [ [ 112.848701610833004, 0.480778340060768 ], [ 112.84888127388983, 0.480778340060768 ], [ 112.84888127388983, 0.480958003117592 ], [ 112.848701610833004, 0.480958003117592 ], [ 112.848701610833004, 0.480778340060768 ] ] ] } },
{ "type": "Feature", "properties": { "count": 1, "label": 1, "cluster_id": 298 }, "geometry": { "type": "Polygon", "coordinates": [ [ [ 112.850138915287587, 0.473591817787812 ], [ 112.850318578344414, 0.473591817787812 ], [ 112.850318578344414, 0.473771480844636 ], [ 112.850138915287587, 0.473771480844636 ], [ 112.850138915287587, 0.473591817787812 ] ] ] } },
{ "type": "Feature", "properties": { "count": 1, "label": 1, "cluster_id": 298 }, "geometry": { "type": "Polygon", "coordinates": [ [ [ 112.857864426731012, 0.461015403810138 ], [ 112.858044089787839, 0.461015403810138 ], [ 112.858044089787839, 0.461195066866962 ], [ 112.857864426731012, 0.461195066866962 ], [ 112.857864426731012, 0.461015403810138 ] ] ] } },
{ "type": "Feature", "properties": { "count": 1, "label": 1, "cluster_id": 298 }, "geometry": { "type": "Polygon", "coordinates": [ [ [ 112.858044089787839, 0.461195066866962 ], [ 112.858223752844665, 0.461195066866962 ], [ 112.858223752844665, 0.461374729923786 ], [ 112.858044089787839, 0.461374729923786 ], [ 112.858044089787839, 0.461195066866962 ] ] ] } },
{ "type": "Feature", "properties": { "count": 4, "label": 1, "cluster_id": 298 }, "geometry": { "type": "Polygon", "coordinates": [ [ [ 112.86091869869702, 0.49101913429973 ], [ 112.86091869869702, 0.490659808186083 ], [ 112.861098361753847, 0.490659808186083 ], [ 112.861098361753847, 0.490480145129259 ], [ 112.861278024810673, 0.490480145129259 ], [ 112.861278024810673, 0.490839471242907 ], [ 112.861098361753847, 0.490839471242907 ], [ 112.861098361753847, 0.49101913429973 ], [ 112.86091869869702, 0.49101913429973 ] ] ] } },
{ "type": "Feature", "properties": { "count": 84, "label": 1, "cluster_id": 298 }, "geometry": { "type": "Polygon", "coordinates": [ [ [ 112.862715329265271, 0.434784597513848 ], [ 112.862715329265271, 0.434425271400201 ], [ 112.862535666208444, 0.434425271400201 ], [ 112.862535666208444, 0.434604934457024 ], [ 112.862356003151618, 0.434604934457024 ], [ 112.862356003151618, 0.434425271400201 ], [ 112.862176340094791, 0.434425271400201 ], [ 112.862176340094791, 0.434245608343377 ], [ 112.861817013981138, 0.434245608343377 ], [ 112.861817013981138, 0.434065945286553 ], [ 112.861996677037965, 0.434065945286553 ], [ 112.861996677037965, 0.433886282229729 ], [ 112.862356003151618, 0.433886282229729 ], [ 112.862356003151618, 0.434065945286553 ], [ 112.862715329265271, 0.434065945286553 ], [ 112.862715329265271, 0.433886282229729 ], [ 112.863074655378909, 0.433886282229729 ], [ 112.863074655378909, 0.433706619172905 ], [ 112.863254318435736, 0.433706619172905 ], [ 112.863254318435736, 0.433167630002433 ], [ 112.863433981492562, 0.433167630002433 ], [ 112.863433981492562, 0.432808303888785 ], [ 112.863254318435736, 0.432808303888785 ], [ 112.863254318435736, 0.432448977775138 ], [ 112.863074655378909, 0.432448977775138 ], [ 112.863074655378909, 0.43208965166149 ], [ 112.863254318435736, 0.43208965166149 ], [ 112.863254318435736, 0.431909988604666 ], [ 112.863433981492562, 0.431909988604666 ], [ 112.863433981492562, 0.43208965166149 ], [ 112.863972970663028, 0.43208965166149 ], [ 112.863972970663028, 0.432269314718314 ], [ 112.864152633719854, 0.432269314718314 ], [ 112.864152633719854, 0.432448977775138 ], [ 112.864332296776681, 0.432448977775138 ], [ 112.864332296776681, 0.432269314718314 ], [ 112.864511959833507, 0.432269314718314 ], [ 112.864511959833507, 0.43208965166149 ], [ 112.864871285947146, 0.43208965166149 ], [ 112.864871285947146, 0.432269314718314 ], [ 112.864691622890334, 0.432269314718314 ], [ 112.864691622890334, 0.432808303888785 ], [ 112.864332296776681, 0.432808303888785 ], [ 112.864332296776681, 0.432987966945609 ], [ 112.864152633719854, 0.432987966945609 ], [ 112.864152633719854, 0.433167630002433 ], [ 112.863972970663028, 0.433167630002433 ], [ 112.863972970663028, 0.432987966945609 ], [ 112.863793307606201, 0.432987966945609 ], [ 112.863793307606201, 0.433347293059257 ], [ 112.863972970663028, 0.433347293059257 ], [ 112.863972970663028, 0.434065945286553 ], [ 112.863254318435736, 0.434065945286553 ], [ 112.863254318435736, 0.434425271400201 ], [ 112.863074655378909, 0.434425271400201 ], [ 112.863074655378909, 0.434784597513848 ], [ 112.862715329265271, 0.434784597513848 ] ] ] } },
{ "type": "Feature", "properties": { "count": 2, "label": 1, "cluster_id": 298 }, "geometry": { "type": "Polygon", "coordinates": [ [ [ 112.863793307606201, 0.430832010263722 ], [ 112.863972970663028, 0.430832010263722 ], [ 112.863972970663028, 0.43119133637737 ], [ 112.863793307606201, 0.43119133637737 ], [ 112.863793307606201, 0.430832010263722 ] ] ] } },
{ "type": "Feature", "properties": { "count": 4, "label": 1, "cluster_id": 298 }, "geometry": { "type": "Polygon", "coordinates": [ [ [ 112.863793307606201, 0.430472684150075 ], [ 112.863793307606201, 0.430293021093251 ], [ 112.863972970663028, 0.430293021093251 ], [ 112.863972970663028, 0.430113358036427 ], [ 112.864332296776681, 0.430113358036427 ], [ 112.864332296776681, 0.430293021093251 ], [ 112.864152633719854, 0.430293021093251 ], [ 112.864152633719854, 0.430472684150075 ], [ 112.863793307606201, 0.430472684150075 ] ] ] } },
{ "type": "Feature", "properties": { "count": 1, "label": 1, "cluster_id": 298 }, "geometry": { "type": "Polygon", "coordinates": [ [ [ 112.863972970663028, 0.434065945286553 ], [ 112.864152633719854, 0.434065945286553 ], [ 112.864152633719854, 0.434245608343377 ], [ 112.863972970663028, 0.434245608343377 ], [ 112.863972970663028, 0.434065945286553 ] ] ] } },
{ "type": "Feature", "properties": { "count": 1, "label": 1, "cluster_id": 298 }, "geometry": { "type": "Polygon", "coordinates": [ [ [ 112.864152633719854, 0.430652347206899 ], [ 112.864332296776681, 0.430652347206899 ], [ 112.864332296776681, 0.430832010263722 ], [ 112.864152633719854, 0.430832010263722 ], [ 112.864152633719854, 0.430652347206899 ] ] ] } },
{ "type": "Feature", "properties": { "count": 3, "label": 1, "cluster_id": 298 }, "geometry": { "type": "Polygon", "coordinates": [ [ [ 112.864152633719854, 0.43208965166149 ], [ 112.864152633719854, 0.431909988604666 ], [ 112.864332296776681, 0.431909988604666 ], [ 112.864332296776681, 0.431730325547842 ], [ 112.864511959833507, 0.431730325547842 ], [ 112.864511959833507, 0.43208965166149 ], [ 112.864152633719854, 0.43208965166149 ] ] ] } },
{ "type": "Feature", "properties": { "count": 1, "label": 1, "cluster_id": 298 }, "geometry": { "type": "Polygon", "coordinates": [ [ [ 112.864871285947146, 0.446642359264226 ], [ 112.865050949003972, 0.446642359264226 ], [ 112.865050949003972, 0.44682202232105 ], [ 112.864871285947146, 0.44682202232105 ], [ 112.864871285947146, 0.446642359264226 ] ] ] } },
{ "type": "Feature", "properties": { "count": 2, "label": 1, "cluster_id": 298 }, "geometry": { "type": "Polygon", "coordinates": [ [ [ 112.864871285947146, 0.432269314718314 ], [ 112.865230612060799, 0.432269314718314 ], [ 112.865230612060799, 0.432448977775138 ], [ 112.864871285947146, 0.432448977775138 ], [ 112.864871285947146, 0.432269314718314 ] ] ] } },
{ "type": "Feature", "properties": { "count": 20, "label": 1, "cluster_id": 298 }, "geometry": { "type": "Polygon", "coordinates": [ [ [ 112.864511959833507, 0.43532358668432 ], [ 112.864511959833507, 0.435143923627496 ], [ 112.864152633719854, 0.435143923627496 ], [ 112.864152633719854, 0.434964260570672 ], [ 112.863972970663028, 0.434964260570672 ], [ 112.863972970663028, 0.434425271400201 ], [ 112.864332296776681, 0.434425271400201 ], [ 112.864332296776681, 0.434604934457024 ], [ 112.864511959833507, 0.434604934457024 ], [ 112.864511959833507, 0.434964260570672 ], [ 112.864871285947146, 0.434964260570672 ], [ 112.864871285947146, 0.434784597513848 ], [ 112.865230612060799, 0.434784597513848 ], [ 112.865230612060799, 0.43532358668432 ], [ 112.864511959833507, 0.43532358668432 ] ] ] } },
{ "type": "Feature", "properties": { "count": 2, "label": 1, "cluster_id": 298 }, "geometry": { "type": "Polygon", "coordinates": [ [ [ 112.865230612060799, 0.434604934457024 ], [ 112.865589938174452, 0.434604934457024 ], [ 112.865589938174452, 0.434784597513848 ], [ 112.865230612060799, 0.434784597513848 ], [ 112.865230612060799, 0.434604934457024 ] ] ] } },
{ "type": "Feature", "properties": { "count": 3, "label": 1, "cluster_id": 298 }, "geometry": { "type": "Polygon", "coordinates": [ [ [ 112.865230612060799, 0.430293021093251 ], [ 112.865769601231264, 0.430293021093251 ], [ 112.865769601231264, 0.430472684150075 ], [ 112.865230612060799, 0.430472684150075 ], [ 112.865230612060799, 0.430293021093251 ] ] ] } },
{ "type": "Feature", "properties": { "count": 3, "label": 1, "cluster_id": 298 }, "geometry": { "type": "Polygon", "coordinates": [ [ [ 112.865589938174452, 0.434604934457024 ], [ 112.865589938174452, 0.434425271400201 ], [ 112.865769601231264, 0.434425271400201 ], [ 112.865769601231264, 0.434245608343377 ], [ 112.865949264288091, 0.434245608343377 ], [ 112.865949264288091, 0.434604934457024 ], [ 112.865589938174452, 0.434604934457024 ] ] ] } },
{ "type": "Feature", "properties": { "count": 1, "label": 1, "cluster_id": 298 }, "geometry": { "type": "Polygon", "coordinates": [ [ [ 112.866128927344917, 0.430113358036427 ], [ 112.866308590401744, 0.430113358036427 ], [ 112.866308590401744, 0.430293021093251 ], [ 112.866128927344917, 0.430293021093251 ], [ 112.866128927344917, 0.430113358036427 ] ] ] } },
{ "type": "Feature", "properties": { "count": 2, "label": 1, "cluster_id": 298 }, "geometry": { "type": "Polygon", "coordinates": [ [ [ 112.86648825345857, 0.430293021093251 ], [ 112.866847579572209, 0.430293021093251 ], [ 112.866847579572209, 0.430472684150075 ], [ 112.86648825345857, 0.430472684150075 ], [ 112.86648825345857, 0.430293021093251 ] ] ] } },
{ "type": "Feature", "properties": { "count": 5, "label": 1, "cluster_id": 298 }, "geometry": { "type": "Polygon", "coordinates": [ [ [ 112.867566231799515, 0.430472684150075 ], [ 112.867566231799515, 0.430293021093251 ], [ 112.867386568742688, 0.430293021093251 ], [ 112.867386568742688, 0.430113358036427 ], [ 112.867925557913154, 0.430113358036427 ], [ 112.867925557913154, 0.430472684150075 ], [ 112.867566231799515, 0.430472684150075 ] ] ] } },
{ "type": "Feature", "properties": { "count": 1, "label": 1, "cluster_id": 298 }, "geometry": { "type": "Polygon", "coordinates": [ [ [ 112.86810522096998, 0.430472684150075 ], [ 112.868284884026806, 0.430472684150075 ], [ 112.868284884026806, 0.430652347206899 ], [ 112.86810522096998, 0.430652347206899 ], [ 112.86810522096998, 0.430472684150075 ] ] ] } },
{ "type": "Feature", "properties": { "count": 7, "label": 1, "cluster_id": 298 }, "geometry": { "type": "Polygon", "coordinates": [ [ [ 112.872417134333759, 0.475388448356051 ], [ 112.872417134333759, 0.475208785299227 ], [ 112.872237471276932, 0.475208785299227 ], [ 112.872237471276932, 0.474849459185579 ], [ 112.872417134333759, 0.474849459185579 ], [ 112.872417134333759, 0.475029122242403 ], [ 112.872776460447398, 0.475029122242403 ], [ 112.872776460447398, 0.475208785299227 ], [ 112.872956123504224, 0.475208785299227 ], [ 112.872956123504224, 0.475388448356051 ], [ 112.872417134333759, 0.475388448356051 ] ] ] } },
{ "type": "Feature", "properties": { "count": 11, "label": 1, "cluster_id": 298 }, "geometry": { "type": "Polygon", "coordinates": [ [ [ 112.875830732413405, 0.485269916481366 ], [ 112.875830732413405, 0.485090253424542 ], [ 112.875651069356579, 0.485090253424542 ], [ 112.875651069356579, 0.484910590367718 ], [ 112.875830732413405, 0.484910590367718 ], [ 112.875830732413405, 0.484730927310894 ], [ 112.876549384640711, 0.484730927310894 ], [ 112.876549384640711, 0.485090253424542 ], [ 112.876190058527058, 0.485090253424542 ], [ 112.876190058527058, 0.485269916481366 ], [ 112.875830732413405, 0.485269916481366 ] ] ] } },
{ "type": "Feature", "properties": { "count": 16, "label": 1, "cluster_id": 298 }, "geometry": { "type": "Polygon", "coordinates": [ [ [ 112.875830732413405, 0.486707220935957 ], [ 112.875830732413405, 0.486527557879133 ], [ 112.875651069356579, 0.486527557879133 ], [ 112.875651069356579, 0.485988568708661 ], [ 112.875830732413405, 0.485988568708661 ], [ 112.875830732413405, 0.485808905651837 ], [ 112.876549384640711, 0.485808905651837 ], [ 112.876549384640711, 0.485988568708661 ], [ 112.876190058527058, 0.485988568708661 ], [ 112.876190058527058, 0.486168231765485 ], [ 112.876010395470232, 0.486168231765485 ], [ 112.876010395470232, 0.486347894822309 ], [ 112.876190058527058, 0.486347894822309 ], [ 112.876190058527058, 0.486168231765485 ], [ 112.876369721583885, 0.486168231765485 ], [ 112.876369721583885, 0.486527557879133 ], [ 112.876190058527058, 0.486527557879133 ], [ 112.876190058527058, 0.486707220935957 ], [ 112.875830732413405, 0.486707220935957 ] ] ] } },
{ "type": "Feature", "properties": { "count": 3, "label": 1, "cluster_id": 298 }, "geometry": { "type": "Polygon", "coordinates": [ [ [ 112.876369721583885, 0.478622383378881 ], [ 112.876369721583885, 0.478263057265233 ], [ 112.876549384640711, 0.478263057265233 ], [ 112.876549384640711, 0.478442720322057 ], [ 112.876729047697523, 0.478442720322057 ], [ 112.876729047697523, 0.478622383378881 ], [ 112.876369721583885, 0.478622383378881 ] ] ] } },
{ "type": "Feature", "properties": { "count": 1, "label": 1, "cluster_id": 298 }, "geometry": { "type": "Polygon", "coordinates": [ [ [ 112.876549384640711, 0.478802046435705 ], [ 112.876729047697523, 0.478802046435705 ], [ 112.876729047697523, 0.478981709492529 ], [ 112.876549384640711, 0.478981709492529 ], [ 112.876549384640711, 0.478802046435705 ] ] ] } },
{ "type": "Feature", "properties": { "count": 1, "label": 1, "cluster_id": 298 }, "geometry": { "type": "Polygon", "coordinates": [ [ [ 112.87690871075435, 0.470357882764981 ], [ 112.877088373811176, 0.470357882764981 ], [ 112.877088373811176, 0.470537545821805 ], [ 112.87690871075435, 0.470537545821805 ], [ 112.87690871075435, 0.470357882764981 ] ] ] } },
{ "type": "Feature", "properties": { "count": 121, "label": 1, "cluster_id": 298 }, "geometry": { "type": "Polygon", "coordinates": [ [ [ 112.877268036868003, 0.436760891138911 ], [ 112.877268036868003, 0.436401565025264 ], [ 112.876729047697523, 0.436401565025264 ], [ 112.876729047697523, 0.43622190196844 ], [ 112.876190058527058, 0.43622190196844 ], [ 112.876190058527058, 0.435682912797968 ], [ 112.876369721583885, 0.435682912797968 ], [ 112.876369721583885, 0.43532358668432 ], [ 112.876190058527058, 0.43532358668432 ], [ 112.876190058527058, 0.435143923627496 ], [ 112.876369721583885, 0.435143923627496 ], [ 112.876369721583885, 0.434784597513848 ], [ 112.876549384640711, 0.434784597513848 ], [ 112.876549384640711, 0.434245608343377 ], [ 112.876729047697523, 0.434245608343377 ], [ 112.876729047697523, 0.434425271400201 ], [ 112.87690871075435, 0.434425271400201 ], [ 112.87690871075435, 0.434245608343377 ], [ 112.877268036868003, 0.434245608343377 ], [ 112.877268036868003, 0.434065945286553 ], [ 112.877447699924829, 0.434065945286553 ], [ 112.877447699924829, 0.433886282229729 ], [ 112.877627362981642, 0.433886282229729 ], [ 112.877627362981642, 0.433706619172905 ], [ 112.877807026038468, 0.433706619172905 ], [ 112.877807026038468, 0.434065945286553 ], [ 112.878166352152121, 0.434065945286553 ], [ 112.878166352152121, 0.434425271400201 ], [ 112.878346015208948, 0.434425271400201 ], [ 112.878346015208948, 0.434784597513848 ], [ 112.878166352152121, 0.434784597513848 ], [ 112.878166352152121, 0.43532358668432 ], [ 112.877986689095295, 0.43532358668432 ], [ 112.877986689095295, 0.435682912797968 ], [ 112.877807026038468, 0.435682912797968 ], [ 112.877807026038468, 0.436401565025264 ], [ 112.877627362981642, 0.436401565025264 ], [ 112.877627362981642, 0.436581228082087 ], [ 112.877447699924829, 0.436581228082087 ], [ 112.877447699924829, 0.436760891138911 ], [ 112.877268036868003, 0.436760891138911 ] ] ] } },
{ "type": "Feature", "properties": { "count": 1, "label": 1, "cluster_id": 298 }, "geometry": { "type": "Polygon", "coordinates": [ [ [ 112.877268036868003, 0.477005415867466 ], [ 112.877447699924829, 0.477005415867466 ], [ 112.877447699924829, 0.47718507892429 ], [ 112.877268036868003, 0.47718507892429 ], [ 112.877268036868003, 0.477005415867466 ] ] ] } },
{ "type": "Feature", "properties": { "count": 1, "label": 1, "cluster_id": 298 }, "geometry": { "type": "Polygon", "coordinates": [ [ [ 112.877447699924829, 0.480598677003944 ], [ 112.877627362981642, 0.480598677003944 ], [ 112.877627362981642, 0.480778340060768 ], [ 112.877447699924829, 0.480778340060768 ], [ 112.877447699924829, 0.480598677003944 ] ] ] } },
{ "type": "Feature", "properties": { "count": 1, "label": 1, "cluster_id": 298 }, "geometry": { "type": "Polygon", "coordinates": [ [ [ 112.877447699924829, 0.485090253424542 ], [ 112.877627362981642, 0.485090253424542 ], [ 112.877627362981642, 0.485269916481366 ], [ 112.877447699924829, 0.485269916481366 ], [ 112.877447699924829, 0.485090253424542 ] ] ] } },
{ "type": "Feature", "properties": { "count": 1, "label": 1, "cluster_id": 298 }, "geometry": { "type": "Polygon", "coordinates": [ [ [ 112.877627362981642, 0.484910590367718 ], [ 112.877807026038468, 0.484910590367718 ], [ 112.877807026038468, 0.485090253424542 ], [ 112.877627362981642, 0.485090253424542 ], [ 112.877627362981642, 0.484910590367718 ] ] ] } },
{ "type": "Feature", "properties": { "count": 1, "label": 1, "cluster_id": 298 }, "geometry": { "type": "Polygon", "coordinates": [ [ [ 112.877986689095295, 0.472693502503692 ], [ 112.878166352152121, 0.472693502503692 ], [ 112.878166352152121, 0.472873165560516 ], [ 112.877986689095295, 0.472873165560516 ], [ 112.877986689095295, 0.472693502503692 ] ] ] } },
{ "type": "Feature", "properties": { "count": 7, "label": 1, "cluster_id": 298 }, "geometry": { "type": "Polygon", "coordinates": [ [ [ 112.877986689095295, 0.478083394208409 ], [ 112.877986689095295, 0.477903731151585 ], [ 112.877807026038468, 0.477903731151585 ], [ 112.877807026038468, 0.477544405037938 ], [ 112.878346015208948, 0.477544405037938 ], [ 112.878346015208948, 0.477903731151585 ], [ 112.878166352152121, 0.477903731151585 ], [ 112.878166352152121, 0.478083394208409 ], [ 112.877986689095295, 0.478083394208409 ] ] ] } },
{ "type": "Feature", "properties": { "count": 1, "label": 1, "cluster_id": 298 }, "geometry": { "type": "Polygon", "coordinates": [ [ [ 112.879244330493066, 0.480958003117592 ], [ 112.879423993549892, 0.480958003117592 ], [ 112.879423993549892, 0.481137666174416 ], [ 112.879244330493066, 0.481137666174416 ], [ 112.879244330493066, 0.480958003117592 ] ] ] } },
{ "type": "Feature", "properties": { "count": 24, "label": 1, "cluster_id": 298 }, "geometry": { "type": "Polygon", "coordinates": [ [ [ 112.879603656606704, 0.47718507892429 ], [ 112.879603656606704, 0.477005415867466 ], [ 112.879244330493066, 0.477005415867466 ], [ 112.879244330493066, 0.47718507892429 ], [ 112.878885004379413, 0.47718507892429 ], [ 112.878885004379413, 0.477005415867466 ], [ 112.878705341322586, 0.477005415867466 ], [ 112.878705341322586, 0.476825752810642 ], [ 112.878525678265774, 0.476825752810642 ], [ 112.878525678265774, 0.476646089753818 ], [ 112.878705341322586, 0.476646089753818 ], [ 112.878705341322586, 0.476466426696994 ], [ 112.879423993549892, 0.476466426696994 ], [ 112.879423993549892, 0.47628676364017 ], [ 112.879603656606704, 0.47628676364017 ], [ 112.879603656606704, 0.476646089753818 ], [ 112.879783319663531, 0.476646089753818 ], [ 112.879783319663531, 0.476825752810642 ], [ 112.879962982720357, 0.476825752810642 ], [ 112.879962982720357, 0.47718507892429 ], [ 112.879603656606704, 0.47718507892429 ] ] ] } },
{ "type": "Feature", "properties": { "count": 1, "label": 1, "cluster_id": 298 }, "geometry": { "type": "Polygon", "coordinates": [ [ [ 112.880681634947649, 0.473412154730988 ], [ 112.880861298004476, 0.473412154730988 ], [ 112.880861298004476, 0.473591817787812 ], [ 112.880681634947649, 0.473591817787812 ], [ 112.880681634947649, 0.473412154730988 ] ] ] } },
{ "type": "Feature", "properties": { "count": 19, "label": 1, "cluster_id": 298 }, "geometry": { "type": "Polygon", "coordinates": [ [ [ 112.880142645777184, 0.478802046435705 ], [ 112.880142645777184, 0.478263057265233 ], [ 112.88032230883401, 0.478263057265233 ], [ 112.88032230883401, 0.478083394208409 ], [ 112.881040961061302, 0.478083394208409 ], [ 112.881040961061302, 0.478622383378881 ], [ 112.881220624118129, 0.478622383378881 ], [ 112.881220624118129, 0.478802046435705 ], [ 112.880142645777184, 0.478802046435705 ] ], [ [ 112.880681634947649, 0.478442720322057 ], [ 112.880501971890837, 0.478442720322057 ], [ 112.880501971890837, 0.478263057265233 ], [ 112.880681634947649, 0.478263057265233 ], [ 112.880681634947649, 0.478442720322057 ] ] ] } },
{ "type": "Feature", "properties": { "count": 1, "label": 1, "cluster_id": 298 }, "geometry": { "type": "Polygon", "coordinates": [ [ [ 112.881400287174955, 0.477724068094762 ], [ 112.881579950231767, 0.477724068094762 ], [ 112.881579950231767, 0.477903731151585 ], [ 112.881400287174955, 0.477903731151585 ], [ 112.881400287174955, 0.477724068094762 ] ] ] } },
{ "type": "Feature", "properties": { "count": 21, "label": 1, "cluster_id": 298 }, "geometry": { "type": "Polygon", "coordinates": [ [ [ 112.881400287174955, 0.475208785299227 ], [ 112.881400287174955, 0.474669796128755 ], [ 112.881220624118129, 0.474669796128755 ], [ 112.881220624118129, 0.474130806958283 ], [ 112.881579950231767, 0.474130806958283 ], [ 112.881579950231767, 0.474310470015107 ], [ 112.88193927634542, 0.474310470015107 ], [ 112.88193927634542, 0.474130806958283 ], [ 112.882118939402247, 0.474130806958283 ], [ 112.882118939402247, 0.475029122242403 ], [ 112.88193927634542, 0.475029122242403 ], [ 112.88193927634542, 0.474849459185579 ], [ 112.881759613288594, 0.474849459185579 ], [ 112.881759613288594, 0.475208785299227 ], [ 112.881400287174955, 0.475208785299227 ] ], [ [ 112.881759613288594, 0.474669796128755 ], [ 112.881579950231767, 0.474669796128755 ], [ 112.881579950231767, 0.474490133071931 ], [ 112.881759613288594, 0.474490133071931 ], [ 112.881759613288594, 0.474669796128755 ] ] ] } },
{ "type": "Feature", "properties": { "count": 2, "label": 1, "cluster_id": 298 }, "geometry": { "type": "Polygon", "coordinates": [ [ [ 112.881759613288594, 0.478083394208409 ], [ 112.88193927634542, 0.478083394208409 ], [ 112.88193927634542, 0.478442720322057 ], [ 112.881759613288594, 0.478442720322057 ], [ 112.881759613288594, 0.478083394208409 ] ] ] } },
{ "type": "Feature", "properties": { "count": 1, "label": 1, "cluster_id": 298 }, "geometry": { "type": "Polygon", "coordinates": [ [ [ 112.883017254686365, 0.47718507892429 ], [ 112.883196917743192, 0.47718507892429 ], [ 112.883196917743192, 0.477364741981114 ], [ 112.883017254686365, 0.477364741981114 ], [ 112.883017254686365, 0.47718507892429 ] ] ] } },
{ "type": "Feature", "properties": { "count": 17, "label": 1, "cluster_id": 298 }, "geometry": { "type": "Polygon", "coordinates": [ [ [ 112.882657928572712, 0.480059687833472 ], [ 112.882657928572712, 0.479161372549353 ], [ 112.882837591629539, 0.479161372549353 ], [ 112.882837591629539, 0.478802046435705 ], [ 112.882657928572712, 0.478802046435705 ], [ 112.882657928572712, 0.478442720322057 ], [ 112.882837591629539, 0.478442720322057 ], [ 112.882837591629539, 0.478622383378881 ], [ 112.883017254686365, 0.478622383378881 ], [ 112.883017254686365, 0.479700361719824 ], [ 112.883196917743192, 0.479700361719824 ], [ 112.883196917743192, 0.480059687833472 ], [ 112.882657928572712, 0.480059687833472 ] ] ] } },
{ "type": "Feature", "properties": { "count": 1, "label": 1, "cluster_id": 298 }, "geometry": { "type": "Polygon", "coordinates": [ [ [ 112.883376580800018, 0.476825752810642 ], [ 112.88355624385683, 0.476825752810642 ], [ 112.88355624385683, 0.477005415867466 ], [ 112.883376580800018, 0.477005415867466 ], [ 112.883376580800018, 0.476825752810642 ] ] ] } },
{ "type": "Feature", "properties": { "count": 1, "label": 1, "cluster_id": 298 }, "geometry": { "type": "Polygon", "coordinates": [ [ [ 112.88355624385683, 0.477005415867466 ], [ 112.883735906913657, 0.477005415867466 ], [ 112.883735906913657, 0.47718507892429 ], [ 112.88355624385683, 0.47718507892429 ], [ 112.88355624385683, 0.477005415867466 ] ] ] } },
{ "type": "Feature", "properties": { "count": 1, "label": 1, "cluster_id": 298 }, "geometry": { "type": "Polygon", "coordinates": [ [ [ 112.883735906913657, 0.467303610798975 ], [ 112.883915569970483, 0.467303610798975 ], [ 112.883915569970483, 0.467483273855799 ], [ 112.883735906913657, 0.467483273855799 ], [ 112.883735906913657, 0.467303610798975 ] ] ] } },
{ "type": "Feature", "properties": { "count": 1, "label": 1, "cluster_id": 298 }, "geometry": { "type": "Polygon", "coordinates": [ [ [ 112.883735906913657, 0.478442720322057 ], [ 112.883915569970483, 0.478442720322057 ], [ 112.883915569970483, 0.478622383378881 ], [ 112.883735906913657, 0.478622383378881 ], [ 112.883735906913657, 0.478442720322057 ] ] ] } },
{ "type": "Feature", "properties": { "count": 5, "label": 1, "cluster_id": 298 }, "geometry": { "type": "Polygon", "coordinates": [ [ [ 112.88409523302731, 0.47718507892429 ], [ 112.88409523302731, 0.476466426696994 ], [ 112.884274896084136, 0.476466426696994 ], [ 112.884274896084136, 0.476646089753818 ], [ 112.884454559140963, 0.476646089753818 ], [ 112.884454559140963, 0.476825752810642 ], [ 112.884274896084136, 0.476825752810642 ], [ 112.884274896084136, 0.47718507892429 ], [ 112.88409523302731, 0.47718507892429 ] ] ] } },
{ "type": "Feature", "properties": { "count": 1, "label": 1, "cluster_id": 298 }, "geometry": { "type": "Polygon", "coordinates": [ [ [ 112.88409523302731, 0.477903731151585 ], [ 112.884274896084136, 0.477903731151585 ], [ 112.884274896084136, 0.478083394208409 ], [ 112.88409523302731, 0.478083394208409 ], [ 112.88409523302731, 0.477903731151585 ] ] ] } },
{ "type": "Feature", "properties": { "count": 12, "label": 1, "cluster_id": 298 }, "geometry": { "type": "Polygon", "coordinates": [ [ [ 112.884274896084136, 0.435143923627496 ], [ 112.884274896084136, 0.434964260570672 ], [ 112.88409523302731, 0.434964260570672 ], [ 112.88409523302731, 0.434784597513848 ], [ 112.883915569970483, 0.434784597513848 ], [ 112.883915569970483, 0.434604934457024 ], [ 112.88409523302731, 0.434604934457024 ], [ 112.88409523302731, 0.434425271400201 ], [ 112.884454559140963, 0.434425271400201 ], [ 112.884454559140963, 0.434604934457024 ], [ 112.884634222197775, 0.434604934457024 ], [ 112.884634222197775, 0.434784597513848 ], [ 112.884813885254601, 0.434784597513848 ], [ 112.884813885254601, 0.434964260570672 ], [ 112.884634222197775, 0.434964260570672 ], [ 112.884634222197775, 0.435143923627496 ], [ 112.884274896084136, 0.435143923627496 ] ] ] } },
{ "type": "Feature", "properties": { "count": 1, "label": 1, "cluster_id": 298 }, "geometry": { "type": "Polygon", "coordinates": [ [ [ 112.884454559140963, 0.475927437526523 ], [ 112.884634222197775, 0.475927437526523 ], [ 112.884634222197775, 0.476107100583346 ], [ 112.884454559140963, 0.476107100583346 ], [ 112.884454559140963, 0.475927437526523 ] ] ] } },
{ "type": "Feature", "properties": { "count": 1, "label": 1, "cluster_id": 298 }, "geometry": { "type": "Polygon", "coordinates": [ [ [ 112.884813885254601, 0.469998556651334 ], [ 112.884993548311428, 0.469998556651334 ], [ 112.884993548311428, 0.470178219708158 ], [ 112.884813885254601, 0.470178219708158 ], [ 112.884813885254601, 0.469998556651334 ] ] ] } },
{ "type": "Feature", "properties": { "count": 1, "label": 1, "cluster_id": 298 }, "geometry": { "type": "Polygon", "coordinates": [ [ [ 112.884813885254601, 0.477364741981114 ], [ 112.884993548311428, 0.477364741981114 ], [ 112.884993548311428, 0.477544405037938 ], [ 112.884813885254601, 0.477544405037938 ], [ 112.884813885254601, 0.477364741981114 ] ] ] } },
{ "type": "Feature", "properties": { "count": 3, "label": 1, "cluster_id": 298 }, "geometry": { "type": "Polygon", "coordinates": [ [ [ 112.884634222197775, 0.469639230537686 ], [ 112.885173211368254, 0.469639230537686 ], [ 112.885173211368254, 0.46981889359451 ], [ 112.884634222197775, 0.46981889359451 ], [ 112.884634222197775, 0.469639230537686 ] ] ] } },
{ "type": "Feature", "properties": { "count": 4, "label": 1, "cluster_id": 298 }, "geometry": { "type": "Polygon", "coordinates": [ [ [ 112.884993548311428, 0.472154513333221 ], [ 112.884993548311428, 0.471795187219573 ], [ 112.885173211368254, 0.471795187219573 ], [ 112.885173211368254, 0.471615524162749 ], [ 112.885352874425081, 0.471615524162749 ], [ 112.885352874425081, 0.471974850276397 ], [ 112.885173211368254, 0.471974850276397 ], [ 112.885173211368254, 0.472154513333221 ], [ 112.884993548311428, 0.472154513333221 ] ] ] } },
{ "type": "Feature", "properties": { "count": 1, "label": 1, "cluster_id": 298 }, "geometry": { "type": "Polygon", "coordinates": [ [ [ 112.885173211368254, 0.472334176390044 ], [ 112.885352874425081, 0.472334176390044 ], [ 112.885352874425081, 0.472513839446868 ], [ 112.885173211368254, 0.472513839446868 ], [ 112.885173211368254, 0.472334176390044 ] ] ] } },
{ "type": "Feature", "properties": { "count": 1, "label": 1, "cluster_id": 298 }, "geometry": { "type": "Polygon", "coordinates": [ [ [ 112.885173211368254, 0.476825752810642 ], [ 112.885352874425081, 0.476825752810642 ], [ 112.885352874425081, 0.477005415867466 ], [ 112.885173211368254, 0.477005415867466 ], [ 112.885173211368254, 0.476825752810642 ] ] ] } },
{ "type": "Feature", "properties": { "count": 45, "label": 1, "cluster_id": 298 }, "geometry": { "type": "Polygon", "coordinates": [ [ [ 112.884813885254601, 0.468022263026271 ], [ 112.884813885254601, 0.467842599969447 ], [ 112.884634222197775, 0.467842599969447 ], [ 112.884634222197775, 0.466764621628503 ], [ 112.885352874425081, 0.466764621628503 ], [ 112.885352874425081, 0.466944284685327 ], [ 112.886071526652373, 0.466944284685327 ], [ 112.886071526652373, 0.467483273855799 ], [ 112.885891863595546, 0.467483273855799 ], [ 112.885891863595546, 0.467842599969447 ], [ 112.88571220053872, 0.467842599969447 ], [ 112.88571220053872, 0.467662936912623 ], [ 112.885532537481893, 0.467662936912623 ], [ 112.885532537481893, 0.468022263026271 ], [ 112.884813885254601, 0.468022263026271 ] ] ] } },
{ "type": "Feature", "properties": { "count": 1, "label": 1, "cluster_id": 298 }, "geometry": { "type": "Polygon", "coordinates": [ [ [ 112.885352874425081, 0.473771480844636 ], [ 112.885532537481893, 0.473771480844636 ], [ 112.885532537481893, 0.47395114390146 ], [ 112.885352874425081, 0.47395114390146 ], [ 112.885352874425081, 0.473771480844636 ] ] ] } },
{ "type": "Feature", "properties": { "count": 2, "label": 1, "cluster_id": 298 }, "geometry": { "type": "Polygon", "coordinates": [ [ [ 112.885352874425081, 0.47628676364017 ], [ 112.885532537481893, 0.47628676364017 ], [ 112.885532537481893, 0.476646089753818 ], [ 112.885352874425081, 0.476646089753818 ], [ 112.885352874425081, 0.47628676364017 ] ] ] } },
{ "type": "Feature", "properties": { "count": 1, "label": 1, "cluster_id": 298 }, "geometry": { "type": "Polygon", "coordinates": [ [ [ 112.885532537481893, 0.468022263026271 ], [ 112.88571220053872, 0.468022263026271 ], [ 112.88571220053872, 0.468201926083095 ], [ 112.885532537481893, 0.468201926083095 ], [ 112.885532537481893, 0.468022263026271 ] ] ] } },
{ "type": "Feature", "properties": { "count": 3, "label": 1, "cluster_id": 298 }, "geometry": { "type": "Polygon", "coordinates": [ [ [ 112.885532537481893, 0.474849459185579 ], [ 112.885532537481893, 0.474490133071931 ], [ 112.88571220053872, 0.474490133071931 ], [ 112.88571220053872, 0.474669796128755 ], [ 112.885891863595546, 0.474669796128755 ], [ 112.885891863595546, 0.474849459185579 ], [ 112.885532537481893, 0.474849459185579 ] ] ] } },
{ "type": "Feature", "properties": { "count": 3, "label": 1, "cluster_id": 298 }, "geometry": { "type": "Polygon", "coordinates": [ [ [ 112.887329168050144, 0.455445849048597 ], [ 112.887329168050144, 0.455266185991773 ], [ 112.887149504993317, 0.455266185991773 ], [ 112.887149504993317, 0.45508652293495 ], [ 112.887508831106956, 0.45508652293495 ], [ 112.887508831106956, 0.455445849048597 ], [ 112.887329168050144, 0.455445849048597 ] ] ] } },
{ "type": "Feature", "properties": { "count": 1, "label": 1, "cluster_id": 298 }, "geometry": { "type": "Polygon", "coordinates": [ [ [ 112.887329168050144, 0.455625512105421 ], [ 112.887508831106956, 0.455625512105421 ], [ 112.887508831106956, 0.455805175162245 ], [ 112.887329168050144, 0.455805175162245 ], [ 112.887329168050144, 0.455625512105421 ] ] ] } },
{ "type": "Feature", "properties": { "count": 1, "label": 1, "cluster_id": 298 }, "geometry": { "type": "Polygon", "coordinates": [ [ [ 112.887329168050144, 0.456523827389541 ], [ 112.887508831106956, 0.456523827389541 ], [ 112.887508831106956, 0.456703490446365 ], [ 112.887329168050144, 0.456703490446365 ], [ 112.887329168050144, 0.456523827389541 ] ] ] } }
]
}
