{
"type": "FeatureCollection",
"name": "cluster_058_burned_perimeter",
"crs": { "type": "name", "properties": { "name": "urn:ogc:def:crs:OGC:1.3:CRS84" } },
"features": [
{ "type": "Feature", "properties": { "count": 1, "label": 1, "cluster_id": 58 }, "geometry": { "type": "Polygon", "coordinates": [ [ [ 110.226519296488121, -1.977191940347067 ], [ 110.226698959544933, -1.977191940347067 ], [ 110.226698959544933, -1.977012277290243 ], [ 110.226519296488121, -1.977012277290243 ], [ 110.226519296488121, -1.977191940347067 ] ] ] } },
{ "type": "Feature", "properties": { "count": 1, "label": 1, "cluster_id": 58 }, "geometry": { "type": "Polygon", "coordinates": [ [ [ 110.227237948715413, -1.976293625062947 ], [ 110.227417611772239, -1.976293625062947 ], [ 110.227417611772239, -1.976113962006123 ], [ 110.227237948715413, -1.976113962006123 ], [ 110.227237948715413, -1.976293625062947 ] ] ] } },
{ "type": "Feature", "properties": { "count": 1, "label": 1, "cluster_id": 58 }, "geometry": { "type": "Polygon", "coordinates": [ [ [ 110.227597274829066, -1.976832614233419 ], [ 110.227776937885878, -1.976832614233419 ], [ 110.227776937885878, -1.976652951176595 ], [ 110.227597274829066, -1.976652951176595 ], [ 110.227597274829066, -1.976832614233419 ] ] ] } },
{ "type": "Feature", "properties": { "count": 2, "label": 1, "cluster_id": 58 }, "geometry": { "type": "Polygon", "coordinates": [ [ [ 110.229034579283649, -1.973059690040117 ], [ 110.229393905397302, -1.973059690040117 ], [ 110.229393905397302, -1.972880026983293 ], [ 110.229034579283649, -1.972880026983293 ], [ 110.229034579283649, -1.973059690040117 ] ] ] } },
{ "type": "Feature", "properties": { "count": 4, "label": 1, "cluster_id": 58 }, "geometry": { "type": "Polygon", "coordinates": [ [ [ 110.233346492647428, -1.978090255631186 ], [ 110.233346492647428, -1.97826991868801 ], [ 110.233526155704254, -1.97826991868801 ], [ 110.233526155704254, -1.978449581744834 ], [ 110.233885481817893, -1.978449581744834 ], [ 110.233885481817893, -1.97826991868801 ], [ 110.233705818761067, -1.97826991868801 ], [ 110.233705818761067, -1.978090255631186 ], [ 110.233346492647428, -1.978090255631186 ] ] ] } },
{ "type": "Feature", "properties": { "count": 2, "label": 1, "cluster_id": 58 }, "geometry": { "type": "Polygon", "coordinates": [ [ [ 110.233705818761067, -1.977191940347067 ], [ 110.233885481817893, -1.977191940347067 ], [ 110.233885481817893, -1.976832614233419 ], [ 110.233705818761067, -1.976832614233419 ], [ 110.233705818761067, -1.977191940347067 ] ] ] } },
{ "type": "Feature", "properties": { "count": 5, "label": 1, "cluster_id": 58 }, "geometry": { "type": "Polygon", "coordinates": [ [ [ 110.233705818761067, -1.977551266460715 ], [ 110.233705818761067, -1.978090255631186 ], [ 110.23406514487472, -1.978090255631186 ], [ 110.23406514487472, -1.977730929517538 ], [ 110.233885481817893, -1.977730929517538 ], [ 110.233885481817893, -1.977551266460715 ], [ 110.233705818761067, -1.977551266460715 ] ] ] } },
{ "type": "Feature", "properties": { "count": 1, "label": 1, "cluster_id": 58 }, "geometry": { "type": "Polygon", "coordinates": [ [ [ 110.233705818761067, -1.979527560085778 ], [ 110.233885481817893, -1.979527560085778 ], [ 110.233885481817893, -1.979347897028954 ], [ 110.233705818761067, -1.979347897028954 ], [ 110.233705818761067, -1.979527560085778 ] ] ] } },
{ "type": "Feature", "properties": { "count": 1, "label": 1, "cluster_id": 58 }, "geometry": { "type": "Polygon", "coordinates": [ [ [ 110.23406514487472, -1.977012277290243 ], [ 110.234244807931546, -1.977012277290243 ], [ 110.234244807931546, -1.976832614233419 ], [ 110.23406514487472, -1.976832614233419 ], [ 110.23406514487472, -1.977012277290243 ] ] ] } },
{ "type": "Feature", "properties": { "count": 5, "label": 1, "cluster_id": 58 }, "geometry": { "type": "Polygon", "coordinates": [ [ [ 110.23406514487472, -1.979527560085778 ], [ 110.234244807931546, -1.979527560085778 ], [ 110.234244807931546, -1.978629244801658 ], [ 110.23406514487472, -1.978629244801658 ], [ 110.23406514487472, -1.979527560085778 ] ] ] } },
{ "type": "Feature", "properties": { "count": 2, "label": 1, "cluster_id": 58 }, "geometry": { "type": "Polygon", "coordinates": [ [ [ 110.234244807931546, -1.976652951176595 ], [ 110.234424470988372, -1.976652951176595 ], [ 110.234424470988372, -1.976293625062947 ], [ 110.234244807931546, -1.976293625062947 ], [ 110.234244807931546, -1.976652951176595 ] ] ] } },
{ "type": "Feature", "properties": { "count": 5, "label": 1, "cluster_id": 58 }, "geometry": { "type": "Polygon", "coordinates": [ [ [ 110.234244807931546, -1.977012277290243 ], [ 110.234244807931546, -1.977191940347067 ], [ 110.23406514487472, -1.977191940347067 ], [ 110.23406514487472, -1.977730929517538 ], [ 110.234244807931546, -1.977730929517538 ], [ 110.234244807931546, -1.977371603403891 ], [ 110.234424470988372, -1.977371603403891 ], [ 110.234424470988372, -1.977012277290243 ], [ 110.234244807931546, -1.977012277290243 ] ] ] } },
{ "type": "Feature", "properties": { "count": 1, "label": 1, "cluster_id": 58 }, "geometry": { "type": "Polygon", "coordinates": [ [ [ 110.234604134045199, -1.980964864540369 ], [ 110.234783797102011, -1.980964864540369 ], [ 110.234783797102011, -1.980785201483545 ], [ 110.234604134045199, -1.980785201483545 ], [ 110.234604134045199, -1.980964864540369 ] ] ] } },
{ "type": "Feature", "properties": { "count": 1, "label": 1, "cluster_id": 58 }, "geometry": { "type": "Polygon", "coordinates": [ [ [ 110.234783797102011, -1.974676657551532 ], [ 110.234963460158838, -1.974676657551532 ], [ 110.234963460158838, -1.974496994494708 ], [ 110.234783797102011, -1.974496994494708 ], [ 110.234783797102011, -1.974676657551532 ] ] ] } },
{ "type": "Feature", "properties": { "count": 6, "label": 1, "cluster_id": 58 }, "geometry": { "type": "Polygon", "coordinates": [ [ [ 110.234783797102011, -1.976832614233419 ], [ 110.234783797102011, -1.977551266460715 ], [ 110.234963460158838, -1.977551266460715 ], [ 110.234963460158838, -1.977371603403891 ], [ 110.235143123215664, -1.977371603403891 ], [ 110.235143123215664, -1.977012277290243 ], [ 110.234963460158838, -1.977012277290243 ], [ 110.234963460158838, -1.976832614233419 ], [ 110.234783797102011, -1.976832614233419 ] ] ] } },
{ "type": "Feature", "properties": { "count": 1, "label": 1, "cluster_id": 58 }, "geometry": { "type": "Polygon", "coordinates": [ [ [ 110.234963460158838, -1.97916823397213 ], [ 110.235143123215664, -1.97916823397213 ], [ 110.235143123215664, -1.978988570915306 ], [ 110.234963460158838, -1.978988570915306 ], [ 110.234963460158838, -1.97916823397213 ] ] ] } },
{ "type": "Feature", "properties": { "count": 1, "label": 1, "cluster_id": 58 }, "geometry": { "type": "Polygon", "coordinates": [ [ [ 110.235143123215664, -1.974496994494708 ], [ 110.235322786272491, -1.974496994494708 ], [ 110.235322786272491, -1.974317331437884 ], [ 110.235143123215664, -1.974317331437884 ], [ 110.235143123215664, -1.974496994494708 ] ] ] } },
{ "type": "Feature", "properties": { "count": 1, "label": 1, "cluster_id": 58 }, "geometry": { "type": "Polygon", "coordinates": [ [ [ 110.235143123215664, -1.974856320608356 ], [ 110.235322786272491, -1.974856320608356 ], [ 110.235322786272491, -1.974676657551532 ], [ 110.235143123215664, -1.974676657551532 ], [ 110.235143123215664, -1.974856320608356 ] ] ] } },
{ "type": "Feature", "properties": { "count": 7, "label": 1, "cluster_id": 58 }, "geometry": { "type": "Polygon", "coordinates": [ [ [ 110.235143123215664, -1.975754635892476 ], [ 110.235143123215664, -1.976293625062947 ], [ 110.234963460158838, -1.976293625062947 ], [ 110.234963460158838, -1.976473288119771 ], [ 110.235322786272491, -1.976473288119771 ], [ 110.235322786272491, -1.976652951176595 ], [ 110.235502449329317, -1.976652951176595 ], [ 110.235502449329317, -1.976293625062947 ], [ 110.235322786272491, -1.976293625062947 ], [ 110.235322786272491, -1.975754635892476 ], [ 110.235143123215664, -1.975754635892476 ] ] ] } },
{ "type": "Feature", "properties": { "count": 1, "label": 1, "cluster_id": 58 }, "geometry": { "type": "Polygon", "coordinates": [ [ [ 110.235143123215664, -1.978988570915306 ], [ 110.235322786272491, -1.978988570915306 ], [ 110.235322786272491, -1.978808907858482 ], [ 110.235143123215664, -1.978808907858482 ], [ 110.235143123215664, -1.978988570915306 ] ] ] } },
{ "type": "Feature", "properties": { "count": 1, "label": 1, "cluster_id": 58 }, "geometry": { "type": "Polygon", "coordinates": [ [ [ 110.235322786272491, -1.977012277290243 ], [ 110.235502449329317, -1.977012277290243 ], [ 110.235502449329317, -1.976832614233419 ], [ 110.235322786272491, -1.976832614233419 ], [ 110.235322786272491, -1.977012277290243 ] ] ] } },
{ "type": "Feature", "properties": { "count": 17, "label": 1, "cluster_id": 58 }, "geometry": { "type": "Polygon", "coordinates": [ [ [ 110.235143123215664, -1.977551266460715 ], [ 110.235143123215664, -1.978090255631186 ], [ 110.234963460158838, -1.978090255631186 ], [ 110.234963460158838, -1.97826991868801 ], [ 110.234604134045199, -1.97826991868801 ], [ 110.234604134045199, -1.978090255631186 ], [ 110.234244807931546, -1.978090255631186 ], [ 110.234244807931546, -1.978449581744834 ], [ 110.234963460158838, -1.978449581744834 ], [ 110.234963460158838, -1.978808907858482 ], [ 110.235143123215664, -1.978808907858482 ], [ 110.235143123215664, -1.978449581744834 ], [ 110.235322786272491, -1.978449581744834 ], [ 110.235322786272491, -1.977910592574362 ], [ 110.235502449329317, -1.977910592574362 ], [ 110.235502449329317, -1.977551266460715 ], [ 110.235143123215664, -1.977551266460715 ] ] ] } },
{ "type": "Feature", "properties": { "count": 1, "label": 1, "cluster_id": 58 }, "geometry": { "type": "Polygon", "coordinates": [ [ [ 110.235502449329317, -1.976113962006123 ], [ 110.235682112386129, -1.976113962006123 ], [ 110.235682112386129, -1.975934298949299 ], [ 110.235502449329317, -1.975934298949299 ], [ 110.235502449329317, -1.976113962006123 ] ] ] } },
{ "type": "Feature", "properties": { "count": 4, "label": 1, "cluster_id": 58 }, "geometry": { "type": "Polygon", "coordinates": [ [ [ 110.235502449329317, -1.977012277290243 ], [ 110.235502449329317, -1.977191940347067 ], [ 110.235322786272491, -1.977191940347067 ], [ 110.235322786272491, -1.977371603403891 ], [ 110.235502449329317, -1.977371603403891 ], [ 110.235502449329317, -1.977551266460715 ], [ 110.235682112386129, -1.977551266460715 ], [ 110.235682112386129, -1.977012277290243 ], [ 110.235502449329317, -1.977012277290243 ] ] ] } },
{ "type": "Feature", "properties": { "count": 1, "label": 1, "cluster_id": 58 }, "geometry": { "type": "Polygon", "coordinates": [ [ [ 110.235502449329317, -1.980425875369897 ], [ 110.235682112386129, -1.980425875369897 ], [ 110.235682112386129, -1.980246212313073 ], [ 110.235502449329317, -1.980246212313073 ], [ 110.235502449329317, -1.980425875369897 ] ] ] } },
{ "type": "Feature", "properties": { "count": 3, "label": 1, "cluster_id": 58 }, "geometry": { "type": "Polygon", "coordinates": [ [ [ 110.235682112386129, -1.976832614233419 ], [ 110.235861775442956, -1.976832614233419 ], [ 110.235861775442956, -1.976293625062947 ], [ 110.235682112386129, -1.976293625062947 ], [ 110.235682112386129, -1.976832614233419 ] ] ] } },
{ "type": "Feature", "properties": { "count": 1, "label": 1, "cluster_id": 58 }, "geometry": { "type": "Polygon", "coordinates": [ [ [ 110.235861775442956, -1.974317331437884 ], [ 110.236041438499782, -1.974317331437884 ], [ 110.236041438499782, -1.97413766838106 ], [ 110.235861775442956, -1.97413766838106 ], [ 110.235861775442956, -1.974317331437884 ] ] ] } },
{ "type": "Feature", "properties": { "count": 3, "label": 1, "cluster_id": 58 }, "geometry": { "type": "Polygon", "coordinates": [ [ [ 110.235502449329317, -1.975754635892476 ], [ 110.236041438499782, -1.975754635892476 ], [ 110.236041438499782, -1.975574972835652 ], [ 110.235502449329317, -1.975574972835652 ], [ 110.235502449329317, -1.975754635892476 ] ] ] } },
{ "type": "Feature", "properties": { "count": 10, "label": 1, "cluster_id": 58 }, "geometry": { "type": "Polygon", "coordinates": [ [ [ 110.235861775442956, -1.977910592574362 ], [ 110.235861775442956, -1.97826991868801 ], [ 110.235502449329317, -1.97826991868801 ], [ 110.235502449329317, -1.978449581744834 ], [ 110.235682112386129, -1.978449581744834 ], [ 110.235682112386129, -1.978629244801658 ], [ 110.235861775442956, -1.978629244801658 ], [ 110.235861775442956, -1.978808907858482 ], [ 110.236041438499782, -1.978808907858482 ], [ 110.236041438499782, -1.978629244801658 ], [ 110.236221101556609, -1.978629244801658 ], [ 110.236221101556609, -1.97826991868801 ], [ 110.236041438499782, -1.97826991868801 ], [ 110.236041438499782, -1.977910592574362 ], [ 110.235861775442956, -1.977910592574362 ] ] ] } },
{ "type": "Feature", "properties": { "count": 9, "label": 1, "cluster_id": 58 }, "geometry": { "type": "Polygon", "coordinates": [ [ [ 110.236041438499782, -1.976652951176595 ], [ 110.236041438499782, -1.976832614233419 ], [ 110.235861775442956, -1.976832614233419 ], [ 110.235861775442956, -1.977012277290243 ], [ 110.236041438499782, -1.977012277290243 ], [ 110.236041438499782, -1.977371603403891 ], [ 110.236221101556609, -1.977371603403891 ], [ 110.236221101556609, -1.977551266460715 ], [ 110.236400764613435, -1.977551266460715 ], [ 110.236400764613435, -1.977371603403891 ], [ 110.236580427670262, -1.977371603403891 ], [ 110.236580427670262, -1.977191940347067 ], [ 110.236221101556609, -1.977191940347067 ], [ 110.236221101556609, -1.977012277290243 ], [ 110.236400764613435, -1.977012277290243 ], [ 110.236400764613435, -1.976832614233419 ], [ 110.236221101556609, -1.976832614233419 ], [ 110.236221101556609, -1.976652951176595 ], [ 110.236041438499782, -1.976652951176595 ] ] ] } },
{ "type": "Feature", "properties": { "count": 1, "label": 1, "cluster_id": 58 }, "geometry": { "type": "Polygon", "coordinates": [ [ [ 110.236041438499782, -1.979886886199425 ], [ 110.236221101556609, -1.979886886199425 ], [ 110.236221101556609, -1.979707223142601 ], [ 110.236041438499782, -1.979707223142601 ], [ 110.236041438499782, -1.979886886199425 ] ] ] } },
{ "type": "Feature", "properties": { "count": 1, "label": 1, "cluster_id": 58 }, "geometry": { "type": "Polygon", "coordinates": [ [ [ 110.236400764613435, -1.976293625062947 ], [ 110.236580427670262, -1.976293625062947 ], [ 110.236580427670262, -1.976113962006123 ], [ 110.236400764613435, -1.976113962006123 ], [ 110.236400764613435, -1.976293625062947 ] ] ] } },
{ "type": "Feature", "properties": { "count": 1, "label": 1, "cluster_id": 58 }, "geometry": { "type": "Polygon", "coordinates": [ [ [ 110.236400764613435, -1.976832614233419 ], [ 110.236580427670262, -1.976832614233419 ], [ 110.236580427670262, -1.976652951176595 ], [ 110.236400764613435, -1.976652951176595 ], [ 110.236400764613435, -1.976832614233419 ] ] ] } },
{ "type": "Feature", "properties": { "count": 1, "label": 1, "cluster_id": 58 }, "geometry": { "type": "Polygon", "coordinates": [ [ [ 110.236580427670262, -1.974317331437884 ], [ 110.236760090727074, -1.974317331437884 ], [ 110.236760090727074, -1.97413766838106 ], [ 110.236580427670262, -1.97413766838106 ], [ 110.236580427670262, -1.974317331437884 ] ] ] } },
{ "type": "Feature", "properties": { "count": 1, "label": 1, "cluster_id": 58 }, "geometry": { "type": "Polygon", "coordinates": [ [ [ 110.236580427670262, -1.976473288119771 ], [ 110.236760090727074, -1.976473288119771 ], [ 110.236760090727074, -1.976293625062947 ], [ 110.236580427670262, -1.976293625062947 ], [ 110.236580427670262, -1.976473288119771 ] ] ] } },
{ "type": "Feature", "properties": { "count": 1, "label": 1, "cluster_id": 58 }, "geometry": { "type": "Polygon", "coordinates": [ [ [ 110.236580427670262, -1.977730929517538 ], [ 110.236760090727074, -1.977730929517538 ], [ 110.236760090727074, -1.977551266460715 ], [ 110.236580427670262, -1.977551266460715 ], [ 110.236580427670262, -1.977730929517538 ] ] ] } },
{ "type": "Feature", "properties": { "count": 1, "label": 1, "cluster_id": 58 }, "geometry": { "type": "Polygon", "coordinates": [ [ [ 110.236760090727074, -1.975934298949299 ], [ 110.236939753783901, -1.975934298949299 ], [ 110.236939753783901, -1.975754635892476 ], [ 110.236760090727074, -1.975754635892476 ], [ 110.236760090727074, -1.975934298949299 ] ] ] } },
{ "type": "Feature", "properties": { "count": 1, "label": 1, "cluster_id": 58 }, "geometry": { "type": "Polygon", "coordinates": [ [ [ 110.236760090727074, -1.976832614233419 ], [ 110.236939753783901, -1.976832614233419 ], [ 110.236939753783901, -1.976652951176595 ], [ 110.236760090727074, -1.976652951176595 ], [ 110.236760090727074, -1.976832614233419 ] ] ] } },
{ "type": "Feature", "properties": { "count": 3, "label": 1, "cluster_id": 58 }, "geometry": { "type": "Polygon", "coordinates": [ [ [ 110.236939753783901, -1.979347897028954 ], [ 110.236939753783901, -1.979527560085778 ], [ 110.236760090727074, -1.979527560085778 ], [ 110.236760090727074, -1.979707223142601 ], [ 110.237119416840727, -1.979707223142601 ], [ 110.237119416840727, -1.979347897028954 ], [ 110.236939753783901, -1.979347897028954 ] ] ] } },
{ "type": "Feature", "properties": { "count": 1, "label": 1, "cluster_id": 58 }, "geometry": { "type": "Polygon", "coordinates": [ [ [ 110.237119416840727, -1.97916823397213 ], [ 110.237299079897554, -1.97916823397213 ], [ 110.237299079897554, -1.978988570915306 ], [ 110.237119416840727, -1.978988570915306 ], [ 110.237119416840727, -1.97916823397213 ] ] ] } },
{ "type": "Feature", "properties": { "count": 1, "label": 1, "cluster_id": 58 }, "geometry": { "type": "Polygon", "coordinates": [ [ [ 110.237299079897554, -1.97413766838106 ], [ 110.23747874295438, -1.97413766838106 ], [ 110.23747874295438, -1.973958005324236 ], [ 110.237299079897554, -1.973958005324236 ], [ 110.237299079897554, -1.97413766838106 ] ] ] } },
{ "type": "Feature", "properties": { "count": 7, "label": 1, "cluster_id": 58 }, "geometry": { "type": "Polygon", "coordinates": [ [ [ 110.237299079897554, -1.978449581744834 ], [ 110.237299079897554, -1.978988570915306 ], [ 110.237838069068019, -1.978988570915306 ], [ 110.237838069068019, -1.978629244801658 ], [ 110.23747874295438, -1.978629244801658 ], [ 110.23747874295438, -1.978449581744834 ], [ 110.237299079897554, -1.978449581744834 ] ] ] } },
{ "type": "Feature", "properties": { "count": 1, "label": 1, "cluster_id": 58 }, "geometry": { "type": "Polygon", "coordinates": [ [ [ 110.23747874295438, -1.973598679210589 ], [ 110.237658406011192, -1.973598679210589 ], [ 110.237658406011192, -1.973419016153765 ], [ 110.23747874295438, -1.973419016153765 ], [ 110.23747874295438, -1.973598679210589 ] ] ] } },
{ "type": "Feature", "properties": { "count": 1, "label": 1, "cluster_id": 58 }, "geometry": { "type": "Polygon", "coordinates": [ [ [ 110.23747874295438, -1.976473288119771 ], [ 110.237658406011192, -1.976473288119771 ], [ 110.237658406011192, -1.976293625062947 ], [ 110.23747874295438, -1.976293625062947 ], [ 110.23747874295438, -1.976473288119771 ] ] ] } },
{ "type": "Feature", "properties": { "count": 1, "label": 1, "cluster_id": 58 }, "geometry": { "type": "Polygon", "coordinates": [ [ [ 110.237658406011192, -1.975215646722004 ], [ 110.237838069068019, -1.975215646722004 ], [ 110.237838069068019, -1.97503598366518 ], [ 110.237658406011192, -1.97503598366518 ], [ 110.237658406011192, -1.975215646722004 ] ] ] } },
{ "type": "Feature", "properties": { "count": 1, "label": 1, "cluster_id": 58 }, "geometry": { "type": "Polygon", "coordinates": [ [ [ 110.237838069068019, -1.973598679210589 ], [ 110.238017732124845, -1.973598679210589 ], [ 110.238017732124845, -1.973419016153765 ], [ 110.237838069068019, -1.973419016153765 ], [ 110.237838069068019, -1.973598679210589 ] ] ] } },
{ "type": "Feature", "properties": { "count": 24, "label": 1, "cluster_id": 58 }, "geometry": { "type": "Polygon", "coordinates": [ [ [ 110.237838069068019, -1.976652951176595 ], [ 110.237838069068019, -1.977191940347067 ], [ 110.237658406011192, -1.977191940347067 ], [ 110.237658406011192, -1.977371603403891 ], [ 110.23747874295438, -1.977371603403891 ], [ 110.23747874295438, -1.977551266460715 ], [ 110.237119416840727, -1.977551266460715 ], [ 110.237119416840727, -1.977730929517538 ], [ 110.236939753783901, -1.977730929517538 ], [ 110.236939753783901, -1.977910592574362 ], [ 110.236580427670262, -1.977910592574362 ], [ 110.236580427670262, -1.978449581744834 ], [ 110.236760090727074, -1.978449581744834 ], [ 110.236760090727074, -1.978629244801658 ], [ 110.236939753783901, -1.978629244801658 ], [ 110.236939753783901, -1.97826991868801 ], [ 110.237119416840727, -1.97826991868801 ], [ 110.237119416840727, -1.978090255631186 ], [ 110.237299079897554, -1.978090255631186 ], [ 110.237299079897554, -1.977730929517538 ], [ 110.237838069068019, -1.977730929517538 ], [ 110.237838069068019, -1.977551266460715 ], [ 110.238017732124845, -1.977551266460715 ], [ 110.238017732124845, -1.976652951176595 ], [ 110.237838069068019, -1.976652951176595 ] ] ] } },
{ "type": "Feature", "properties": { "count": 2, "label": 1, "cluster_id": 58 }, "geometry": { "type": "Polygon", "coordinates": [ [ [ 110.238017732124845, -1.975934298949299 ], [ 110.238197395181672, -1.975934298949299 ], [ 110.238197395181672, -1.975574972835652 ], [ 110.238017732124845, -1.975574972835652 ], [ 110.238017732124845, -1.975934298949299 ] ] ] } },
{ "type": "Feature", "properties": { "count": 1, "label": 1, "cluster_id": 58 }, "geometry": { "type": "Polygon", "coordinates": [ [ [ 110.238017732124845, -1.978090255631186 ], [ 110.238197395181672, -1.978090255631186 ], [ 110.238197395181672, -1.977910592574362 ], [ 110.238017732124845, -1.977910592574362 ], [ 110.238017732124845, -1.978090255631186 ] ] ] } },
{ "type": "Feature", "properties": { "count": 2, "label": 1, "cluster_id": 58 }, "geometry": { "type": "Polygon", "coordinates": [ [ [ 110.238017732124845, -1.977730929517538 ], [ 110.238377058238498, -1.977730929517538 ], [ 110.238377058238498, -1.977551266460715 ], [ 110.238017732124845, -1.977551266460715 ], [ 110.238017732124845, -1.977730929517538 ] ] ] } },
{ "type": "Feature", "properties": { "count": 1, "label": 1, "cluster_id": 58 }, "geometry": { "type": "Polygon", "coordinates": [ [ [ 110.238377058238498, -1.973598679210589 ], [ 110.238556721295325, -1.973598679210589 ], [ 110.238556721295325, -1.973419016153765 ], [ 110.238377058238498, -1.973419016153765 ], [ 110.238377058238498, -1.973598679210589 ] ] ] } },
{ "type": "Feature", "properties": { "count": 2, "label": 1, "cluster_id": 58 }, "geometry": { "type": "Polygon", "coordinates": [ [ [ 110.238377058238498, -1.975934298949299 ], [ 110.238556721295325, -1.975934298949299 ], [ 110.238556721295325, -1.975574972835652 ], [ 110.238377058238498, -1.975574972835652 ], [ 110.238377058238498, -1.975934298949299 ] ] ] } },
{ "type": "Feature", "properties": { "count": 2, "label": 1, "cluster_id": 58 }, "geometry": { "type": "Polygon", "coordinates": [ [ [ 110.238197395181672, -1.978449581744834 ], [ 110.238556721295325, -1.978449581744834 ], [ 110.238556721295325, -1.97826991868801 ], [ 110.238197395181672, -1.97826991868801 ], [ 110.238197395181672, -1.978449581744834 ] ] ] } },
{ "type": "Feature", "properties": { "count": 1, "label": 1, "cluster_id": 58 }, "geometry": { "type": "Polygon", "coordinates": [ [ [ 110.238377058238498, -1.979527560085778 ], [ 110.238556721295325, -1.979527560085778 ], [ 110.238556721295325, -1.979347897028954 ], [ 110.238377058238498, -1.979347897028954 ], [ 110.238377058238498, -1.979527560085778 ] ] ] } },
{ "type": "Feature", "properties": { "count": 1, "label": 1, "cluster_id": 58 }, "geometry": { "type": "Polygon", "coordinates": [ [ [ 110.238556721295325, -1.971622385585526 ], [ 110.238736384352137, -1.971622385585526 ], [ 110.238736384352137, -1.971442722528702 ], [ 110.238556721295325, -1.971442722528702 ], [ 110.238556721295325, -1.971622385585526 ] ] ] } },
{ "type": "Feature", "properties": { "count": 1, "label": 1, "cluster_id": 58 }, "geometry": { "type": "Polygon", "coordinates": [ [ [ 110.238556721295325, -1.97826991868801 ], [ 110.238736384352137, -1.97826991868801 ], [ 110.238736384352137, -1.978090255631186 ], [ 110.238556721295325, -1.978090255631186 ], [ 110.238556721295325, -1.97826991868801 ] ] ] } },
{ "type": "Feature", "properties": { "count": 1, "label": 1, "cluster_id": 58 }, "geometry": { "type": "Polygon", "coordinates": [ [ [ 110.238556721295325, -1.979886886199425 ], [ 110.238736384352137, -1.979886886199425 ], [ 110.238736384352137, -1.979707223142601 ], [ 110.238556721295325, -1.979707223142601 ], [ 110.238556721295325, -1.979886886199425 ] ] ] } },
{ "type": "Feature", "properties": { "count": 1, "label": 1, "cluster_id": 58 }, "geometry": { "type": "Polygon", "coordinates": [ [ [ 110.238736384352137, -1.974856320608356 ], [ 110.238916047408964, -1.974856320608356 ], [ 110.238916047408964, -1.974676657551532 ], [ 110.238736384352137, -1.974676657551532 ], [ 110.238736384352137, -1.974856320608356 ] ] ] } },
{ "type": "Feature", "properties": { "count": 1, "label": 1, "cluster_id": 58 }, "geometry": { "type": "Polygon", "coordinates": [ [ [ 110.238916047408964, -1.971622385585526 ], [ 110.23909571046579, -1.971622385585526 ], [ 110.23909571046579, -1.971442722528702 ], [ 110.238916047408964, -1.971442722528702 ], [ 110.238916047408964, -1.971622385585526 ] ] ] } },
{ "type": "Feature", "properties": { "count": 1, "label": 1, "cluster_id": 58 }, "geometry": { "type": "Polygon", "coordinates": [ [ [ 110.238916047408964, -1.977012277290243 ], [ 110.23909571046579, -1.977012277290243 ], [ 110.23909571046579, -1.976832614233419 ], [ 110.238916047408964, -1.976832614233419 ], [ 110.238916047408964, -1.977012277290243 ] ] ] } },
{ "type": "Feature", "properties": { "count": 11, "label": 1, "cluster_id": 58 }, "geometry": { "type": "Polygon", "coordinates": [ [ [ 110.238916047408964, -1.977191940347067 ], [ 110.238916047408964, -1.977371603403891 ], [ 110.238736384352137, -1.977371603403891 ], [ 110.238736384352137, -1.977730929517538 ], [ 110.238556721295325, -1.977730929517538 ], [ 110.238556721295325, -1.977910592574362 ], [ 110.23909571046579, -1.977910592574362 ], [ 110.23909571046579, -1.977730929517538 ], [ 110.239455036579443, -1.977730929517538 ], [ 110.239455036579443, -1.977371603403891 ], [ 110.239275373522617, -1.977371603403891 ], [ 110.239275373522617, -1.977551266460715 ], [ 110.23909571046579, -1.977551266460715 ], [ 110.23909571046579, -1.977191940347067 ], [ 110.238916047408964, -1.977191940347067 ] ] ] } },
{ "type": "Feature", "properties": { "count": 1, "label": 1, "cluster_id": 58 }, "geometry": { "type": "Polygon", "coordinates": [ [ [ 110.238916047408964, -1.978449581744834 ], [ 110.23909571046579, -1.978449581744834 ], [ 110.23909571046579, -1.97826991868801 ], [ 110.238916047408964, -1.97826991868801 ], [ 110.238916047408964, -1.978449581744834 ] ] ] } },
{ "type": "Feature", "properties": { "count": 1, "label": 1, "cluster_id": 58 }, "geometry": { "type": "Polygon", "coordinates": [ [ [ 110.23909571046579, -1.97503598366518 ], [ 110.239275373522617, -1.97503598366518 ], [ 110.239275373522617, -1.974856320608356 ], [ 110.23909571046579, -1.974856320608356 ], [ 110.23909571046579, -1.97503598366518 ] ] ] } },
{ "type": "Feature", "properties": { "count": 13, "label": 1, "cluster_id": 58 }, "geometry": { "type": "Polygon", "coordinates": [ [ [ 110.238916047408964, -1.978808907858482 ], [ 110.238916047408964, -1.978988570915306 ], [ 110.238736384352137, -1.978988570915306 ], [ 110.238736384352137, -1.979347897028954 ], [ 110.238916047408964, -1.979347897028954 ], [ 110.238916047408964, -1.979707223142601 ], [ 110.23909571046579, -1.979707223142601 ], [ 110.23909571046579, -1.979886886199425 ], [ 110.239275373522617, -1.979886886199425 ], [ 110.239275373522617, -1.979707223142601 ], [ 110.239455036579443, -1.979707223142601 ], [ 110.239455036579443, -1.979527560085778 ], [ 110.23909571046579, -1.979527560085778 ], [ 110.23909571046579, -1.979347897028954 ], [ 110.239275373522617, -1.979347897028954 ], [ 110.239275373522617, -1.978808907858482 ], [ 110.238916047408964, -1.978808907858482 ] ] ] } },
{ "type": "Feature", "properties": { "count": 2, "label": 1, "cluster_id": 58 }, "geometry": { "type": "Polygon", "coordinates": [ [ [ 110.239275373522617, -1.97180204864235 ], [ 110.239455036579443, -1.97180204864235 ], [ 110.239455036579443, -1.971442722528702 ], [ 110.239275373522617, -1.971442722528702 ], [ 110.239275373522617, -1.97180204864235 ] ] ] } },
{ "type": "Feature", "properties": { "count": 5, "label": 1, "cluster_id": 58 }, "geometry": { "type": "Polygon", "coordinates": [ [ [ 110.239455036579443, -1.978988570915306 ], [ 110.239455036579443, -1.979527560085778 ], [ 110.239814362693082, -1.979527560085778 ], [ 110.239814362693082, -1.97916823397213 ], [ 110.239634699636255, -1.97916823397213 ], [ 110.239634699636255, -1.978988570915306 ], [ 110.239455036579443, -1.978988570915306 ] ] ] } },
{ "type": "Feature", "properties": { "count": 1, "label": 1, "cluster_id": 58 }, "geometry": { "type": "Polygon", "coordinates": [ [ [ 110.239634699636255, -1.97413766838106 ], [ 110.239814362693082, -1.97413766838106 ], [ 110.239814362693082, -1.973958005324236 ], [ 110.239634699636255, -1.973958005324236 ], [ 110.239634699636255, -1.97413766838106 ] ] ] } },
{ "type": "Feature", "properties": { "count": 1, "label": 1, "cluster_id": 58 }, "geometry": { "type": "Polygon", "coordinates": [ [ [ 110.239634699636255, -1.978449581744834 ], [ 110.239814362693082, -1.978449581744834 ], [ 110.239814362693082, -1.97826991868801 ], [ 110.239634699636255, -1.97826991868801 ], [ 110.239634699636255, -1.978449581744834 ] ] ] } },
{ "type": "Feature", "properties": { "count": 2, "label": 1, "cluster_id": 58 }, "geometry": { "type": "Polygon", "coordinates": [ [ [ 110.239994025749908, -1.972161374755997 ], [ 110.240173688806735, -1.972161374755997 ], [ 110.240173688806735, -1.97180204864235 ], [ 110.239994025749908, -1.97180204864235 ], [ 110.239994025749908, -1.972161374755997 ] ] ] } },
{ "type": "Feature", "properties": { "count": 1, "label": 1, "cluster_id": 58 }, "geometry": { "type": "Polygon", "coordinates": [ [ [ 110.239994025749908, -1.973778342267413 ], [ 110.240173688806735, -1.973778342267413 ], [ 110.240173688806735, -1.973598679210589 ], [ 110.239994025749908, -1.973598679210589 ], [ 110.239994025749908, -1.973778342267413 ] ] ] } },
{ "type": "Feature", "properties": { "count": 1, "label": 1, "cluster_id": 58 }, "geometry": { "type": "Polygon", "coordinates": [ [ [ 110.239994025749908, -1.974496994494708 ], [ 110.240173688806735, -1.974496994494708 ], [ 110.240173688806735, -1.974317331437884 ], [ 110.239994025749908, -1.974317331437884 ], [ 110.239994025749908, -1.974496994494708 ] ] ] } },
{ "type": "Feature", "properties": { "count": 1, "label": 1, "cluster_id": 58 }, "geometry": { "type": "Polygon", "coordinates": [ [ [ 110.240173688806735, -1.970544407244582 ], [ 110.240353351863561, -1.970544407244582 ], [ 110.240353351863561, -1.970364744187758 ], [ 110.240173688806735, -1.970364744187758 ], [ 110.240173688806735, -1.970544407244582 ] ] ] } },
{ "type": "Feature", "properties": { "count": 1, "label": 1, "cluster_id": 58 }, "geometry": { "type": "Polygon", "coordinates": [ [ [ 110.240173688806735, -1.973059690040117 ], [ 110.240353351863561, -1.973059690040117 ], [ 110.240353351863561, -1.972880026983293 ], [ 110.240173688806735, -1.972880026983293 ], [ 110.240173688806735, -1.973059690040117 ] ] ] } },
{ "type": "Feature", "properties": { "count": 1, "label": 1, "cluster_id": 58 }, "geometry": { "type": "Polygon", "coordinates": [ [ [ 110.240353351863561, -1.969825755017287 ], [ 110.240533014920388, -1.969825755017287 ], [ 110.240533014920388, -1.969646091960463 ], [ 110.240353351863561, -1.969646091960463 ], [ 110.240353351863561, -1.969825755017287 ] ] ] } },
{ "type": "Feature", "properties": { "count": 1, "label": 1, "cluster_id": 58 }, "geometry": { "type": "Polygon", "coordinates": [ [ [ 110.240353351863561, -1.970185081130934 ], [ 110.240533014920388, -1.970185081130934 ], [ 110.240533014920388, -1.970005418074111 ], [ 110.240353351863561, -1.970005418074111 ], [ 110.240353351863561, -1.970185081130934 ] ] ] } },
{ "type": "Feature", "properties": { "count": 1, "label": 1, "cluster_id": 58 }, "geometry": { "type": "Polygon", "coordinates": [ [ [ 110.240353351863561, -1.972161374755997 ], [ 110.240533014920388, -1.972161374755997 ], [ 110.240533014920388, -1.971981711699174 ], [ 110.240353351863561, -1.971981711699174 ], [ 110.240353351863561, -1.972161374755997 ] ] ] } },
{ "type": "Feature", "properties": { "count": 1, "label": 1, "cluster_id": 58 }, "geometry": { "type": "Polygon", "coordinates": [ [ [ 110.240353351863561, -1.973419016153765 ], [ 110.240533014920388, -1.973419016153765 ], [ 110.240533014920388, -1.973239353096941 ], [ 110.240353351863561, -1.973239353096941 ], [ 110.240353351863561, -1.973419016153765 ] ] ] } },
{ "type": "Feature", "properties": { "count": 1, "label": 1, "cluster_id": 58 }, "geometry": { "type": "Polygon", "coordinates": [ [ [ 110.240353351863561, -1.975395309778828 ], [ 110.240533014920388, -1.975395309778828 ], [ 110.240533014920388, -1.975215646722004 ], [ 110.240353351863561, -1.975215646722004 ], [ 110.240353351863561, -1.975395309778828 ] ] ] } },
{ "type": "Feature", "properties": { "count": 2, "label": 1, "cluster_id": 58 }, "geometry": { "type": "Polygon", "coordinates": [ [ [ 110.240353351863561, -1.977012277290243 ], [ 110.240533014920388, -1.977012277290243 ], [ 110.240533014920388, -1.976652951176595 ], [ 110.240353351863561, -1.976652951176595 ], [ 110.240353351863561, -1.977012277290243 ] ] ] } },
{ "type": "Feature", "properties": { "count": 1, "label": 1, "cluster_id": 58 }, "geometry": { "type": "Polygon", "coordinates": [ [ [ 110.240533014920388, -1.965513841653513 ], [ 110.2407126779772, -1.965513841653513 ], [ 110.2407126779772, -1.965334178596689 ], [ 110.240533014920388, -1.965334178596689 ], [ 110.240533014920388, -1.965513841653513 ] ] ] } },
{ "type": "Feature", "properties": { "count": 1, "label": 1, "cluster_id": 58 }, "geometry": { "type": "Polygon", "coordinates": [ [ [ 110.240533014920388, -1.966412156937632 ], [ 110.2407126779772, -1.966412156937632 ], [ 110.2407126779772, -1.966232493880809 ], [ 110.240533014920388, -1.966232493880809 ], [ 110.240533014920388, -1.966412156937632 ] ] ] } },
{ "type": "Feature", "properties": { "count": 2, "label": 1, "cluster_id": 58 }, "geometry": { "type": "Polygon", "coordinates": [ [ [ 110.240533014920388, -1.966951146108104 ], [ 110.2407126779772, -1.966951146108104 ], [ 110.2407126779772, -1.966591819994457 ], [ 110.240533014920388, -1.966591819994457 ], [ 110.240533014920388, -1.966951146108104 ] ] ] } },
{ "type": "Feature", "properties": { "count": 1, "label": 1, "cluster_id": 58 }, "geometry": { "type": "Polygon", "coordinates": [ [ [ 110.240533014920388, -1.9676697983354 ], [ 110.2407126779772, -1.9676697983354 ], [ 110.2407126779772, -1.967490135278576 ], [ 110.240533014920388, -1.967490135278576 ], [ 110.240533014920388, -1.9676697983354 ] ] ] } },
{ "type": "Feature", "properties": { "count": 1, "label": 1, "cluster_id": 58 }, "geometry": { "type": "Polygon", "coordinates": [ [ [ 110.240533014920388, -1.968208787505872 ], [ 110.2407126779772, -1.968208787505872 ], [ 110.2407126779772, -1.968029124449048 ], [ 110.240533014920388, -1.968029124449048 ], [ 110.240533014920388, -1.968208787505872 ] ] ] } },
{ "type": "Feature", "properties": { "count": 1, "label": 1, "cluster_id": 58 }, "geometry": { "type": "Polygon", "coordinates": [ [ [ 110.2407126779772, -1.967310472221752 ], [ 110.240892341034026, -1.967310472221752 ], [ 110.240892341034026, -1.967130809164928 ], [ 110.2407126779772, -1.967130809164928 ], [ 110.2407126779772, -1.967310472221752 ] ] ] } },
{ "type": "Feature", "properties": { "count": 13, "label": 1, "cluster_id": 58 }, "geometry": { "type": "Polygon", "coordinates": [ [ [ 110.240533014920388, -1.968747776676343 ], [ 110.240533014920388, -1.968927439733167 ], [ 110.240353351863561, -1.968927439733167 ], [ 110.240353351863561, -1.969466428903639 ], [ 110.240533014920388, -1.969466428903639 ], [ 110.240533014920388, -1.969286765846815 ], [ 110.2407126779772, -1.969286765846815 ], [ 110.2407126779772, -1.969466428903639 ], [ 110.240892341034026, -1.969466428903639 ], [ 110.240892341034026, -1.969286765846815 ], [ 110.241072004090853, -1.969286765846815 ], [ 110.241072004090853, -1.969107102789991 ], [ 110.241251667147679, -1.969107102789991 ], [ 110.241251667147679, -1.968927439733167 ], [ 110.240892341034026, -1.968927439733167 ], [ 110.240892341034026, -1.968747776676343 ], [ 110.240533014920388, -1.968747776676343 ] ] ] } },
{ "type": "Feature", "properties": { "count": 3, "label": 1, "cluster_id": 58 }, "geometry": { "type": "Polygon", "coordinates": [ [ [ 110.240353351863561, -1.972700363926469 ], [ 110.240892341034026, -1.972700363926469 ], [ 110.240892341034026, -1.972520700869645 ], [ 110.240353351863561, -1.972520700869645 ], [ 110.240353351863561, -1.972700363926469 ] ] ] } },
{ "type": "Feature", "properties": { "count": 5, "label": 1, "cluster_id": 58 }, "geometry": { "type": "Polygon", "coordinates": [ [ [ 110.2407126779772, -1.975215646722004 ], [ 110.2407126779772, -1.975395309778828 ], [ 110.240533014920388, -1.975395309778828 ], [ 110.240533014920388, -1.975574972835652 ], [ 110.2407126779772, -1.975574972835652 ], [ 110.2407126779772, -1.975754635892476 ], [ 110.240892341034026, -1.975754635892476 ], [ 110.240892341034026, -1.975574972835652 ], [ 110.241072004090853, -1.975574972835652 ], [ 110.241072004090853, -1.975395309778828 ], [ 110.240892341034026, -1.975395309778828 ], [ 110.240892341034026, -1.975215646722004 ], [ 110.2407126779772, -1.975215646722004 ] ] ] } },
{ "type": "Feature", "properties": { "count": 3, "label": 1, "cluster_id": 58 }, "geometry": { "type": "Polygon", "coordinates": [ [ [ 110.240892341034026, -1.967130809164928 ], [ 110.241072004090853, -1.967130809164928 ], [ 110.241072004090853, -1.966591819994457 ], [ 110.240892341034026, -1.966591819994457 ], [ 110.240892341034026, -1.967130809164928 ] ] ] } },
{ "type": "Feature", "properties": { "count": 1, "label": 1, "cluster_id": 58 }, "geometry": { "type": "Polygon", "coordinates": [ [ [ 110.240892341034026, -1.967490135278576 ], [ 110.241072004090853, -1.967490135278576 ], [ 110.241072004090853, -1.967310472221752 ], [ 110.240892341034026, -1.967310472221752 ], [ 110.240892341034026, -1.967490135278576 ] ] ] } },
{ "type": "Feature", "properties": { "count": 1, "label": 1, "cluster_id": 58 }, "geometry": { "type": "Polygon", "coordinates": [ [ [ 110.240892341034026, -1.970544407244582 ], [ 110.241072004090853, -1.970544407244582 ], [ 110.241072004090853, -1.970364744187758 ], [ 110.240892341034026, -1.970364744187758 ], [ 110.240892341034026, -1.970544407244582 ] ] ] } },
{ "type": "Feature", "properties": { "count": 1, "label": 1, "cluster_id": 58 }, "geometry": { "type": "Polygon", "coordinates": [ [ [ 110.240892341034026, -1.972520700869645 ], [ 110.241072004090853, -1.972520700869645 ], [ 110.241072004090853, -1.972341037812821 ], [ 110.240892341034026, -1.972341037812821 ], [ 110.240892341034026, -1.972520700869645 ] ] ] } },
{ "type": "Feature", "properties": { "count": 1, "label": 1, "cluster_id": 58 }, "geometry": { "type": "Polygon", "coordinates": [ [ [ 110.241072004090853, -1.970185081130934 ], [ 110.241251667147679, -1.970185081130934 ], [ 110.241251667147679, -1.970005418074111 ], [ 110.241072004090853, -1.970005418074111 ], [ 110.241072004090853, -1.970185081130934 ] ] ] } },
{ "type": "Feature", "properties": { "count": 1, "label": 1, "cluster_id": 58 }, "geometry": { "type": "Polygon", "coordinates": [ [ [ 110.241072004090853, -1.972341037812821 ], [ 110.241251667147679, -1.972341037812821 ], [ 110.241251667147679, -1.972161374755997 ], [ 110.241072004090853, -1.972161374755997 ], [ 110.241072004090853, -1.972341037812821 ] ] ] } },
{ "type": "Feature", "properties": { "count": 1, "label": 1, "cluster_id": 58 }, "geometry": { "type": "Polygon", "coordinates": [ [ [ 110.241072004090853, -1.979886886199425 ], [ 110.241251667147679, -1.979886886199425 ], [ 110.241251667147679, -1.979707223142601 ], [ 110.241072004090853, -1.979707223142601 ], [ 110.241072004090853, -1.979886886199425 ] ] ] } },
{ "type": "Feature", "properties": { "count": 1, "label": 1, "cluster_id": 58 }, "geometry": { "type": "Polygon", "coordinates": [ [ [ 110.241251667147679, -1.9676697983354 ], [ 110.241431330204506, -1.9676697983354 ], [ 110.241431330204506, -1.967490135278576 ], [ 110.241251667147679, -1.967490135278576 ], [ 110.241251667147679, -1.9676697983354 ] ] ] } },
{ "type": "Feature", "properties": { "count": 5, "label": 1, "cluster_id": 58 }, "geometry": { "type": "Polygon", "coordinates": [ [ [ 110.241251667147679, -1.976113962006123 ], [ 110.241251667147679, -1.976293625062947 ], [ 110.241072004090853, -1.976293625062947 ], [ 110.241072004090853, -1.976473288119771 ], [ 110.241251667147679, -1.976473288119771 ], [ 110.241251667147679, -1.976832614233419 ], [ 110.241431330204506, -1.976832614233419 ], [ 110.241431330204506, -1.976113962006123 ], [ 110.241251667147679, -1.976113962006123 ] ] ] } },
{ "type": "Feature", "properties": { "count": 1, "label": 1, "cluster_id": 58 }, "geometry": { "type": "Polygon", "coordinates": [ [ [ 110.241251667147679, -1.978988570915306 ], [ 110.241431330204506, -1.978988570915306 ], [ 110.241431330204506, -1.978808907858482 ], [ 110.241251667147679, -1.978808907858482 ], [ 110.241251667147679, -1.978988570915306 ] ] ] } },
{ "type": "Feature", "properties": { "count": 1, "label": 1, "cluster_id": 58 }, "geometry": { "type": "Polygon", "coordinates": [ [ [ 110.241431330204506, -1.96677148305128 ], [ 110.241610993261318, -1.96677148305128 ], [ 110.241610993261318, -1.966591819994457 ], [ 110.241431330204506, -1.966591819994457 ], [ 110.241431330204506, -1.96677148305128 ] ] ] } },
{ "type": "Feature", "properties": { "count": 1, "label": 1, "cluster_id": 58 }, "geometry": { "type": "Polygon", "coordinates": [ [ [ 110.241431330204506, -1.968388450562695 ], [ 110.241610993261318, -1.968388450562695 ], [ 110.241610993261318, -1.968208787505872 ], [ 110.241431330204506, -1.968208787505872 ], [ 110.241431330204506, -1.968388450562695 ] ] ] } },
{ "type": "Feature", "properties": { "count": 1, "label": 1, "cluster_id": 58 }, "geometry": { "type": "Polygon", "coordinates": [ [ [ 110.241431330204506, -1.97826991868801 ], [ 110.241610993261318, -1.97826991868801 ], [ 110.241610993261318, -1.978090255631186 ], [ 110.241431330204506, -1.978090255631186 ], [ 110.241431330204506, -1.97826991868801 ] ] ] } },
{ "type": "Feature", "properties": { "count": 1, "label": 1, "cluster_id": 58 }, "geometry": { "type": "Polygon", "coordinates": [ [ [ 110.241610993261318, -1.976293625062947 ], [ 110.241790656318145, -1.976293625062947 ], [ 110.241790656318145, -1.976113962006123 ], [ 110.241610993261318, -1.976113962006123 ], [ 110.241610993261318, -1.976293625062947 ] ] ] } },
{ "type": "Feature", "properties": { "count": 1, "label": 1, "cluster_id": 58 }, "geometry": { "type": "Polygon", "coordinates": [ [ [ 110.241790656318145, -1.970544407244582 ], [ 110.241970319374971, -1.970544407244582 ], [ 110.241970319374971, -1.970364744187758 ], [ 110.241790656318145, -1.970364744187758 ], [ 110.241790656318145, -1.970544407244582 ] ] ] } },
{ "type": "Feature", "properties": { "count": 2, "label": 1, "cluster_id": 58 }, "geometry": { "type": "Polygon", "coordinates": [ [ [ 110.241610993261318, -1.971622385585526 ], [ 110.241970319374971, -1.971622385585526 ], [ 110.241970319374971, -1.971442722528702 ], [ 110.241610993261318, -1.971442722528702 ], [ 110.241610993261318, -1.971622385585526 ] ] ] } },
{ "type": "Feature", "properties": { "count": 1, "label": 1, "cluster_id": 58 }, "geometry": { "type": "Polygon", "coordinates": [ [ [ 110.241970319374971, -1.961920580517035 ], [ 110.242149982431798, -1.961920580517035 ], [ 110.242149982431798, -1.961740917460211 ], [ 110.241970319374971, -1.961740917460211 ], [ 110.241970319374971, -1.961920580517035 ] ] ] } },
{ "type": "Feature", "properties": { "count": 8, "label": 1, "cluster_id": 58 }, "geometry": { "type": "Polygon", "coordinates": [ [ [ 110.241790656318145, -1.974856320608356 ], [ 110.241790656318145, -1.97503598366518 ], [ 110.241431330204506, -1.97503598366518 ], [ 110.241431330204506, -1.975215646722004 ], [ 110.241790656318145, -1.975215646722004 ], [ 110.241790656318145, -1.975395309778828 ], [ 110.242149982431798, -1.975395309778828 ], [ 110.242149982431798, -1.974856320608356 ], [ 110.241790656318145, -1.974856320608356 ] ] ] } },
{ "type": "Feature", "properties": { "count": 1, "label": 1, "cluster_id": 58 }, "geometry": { "type": "Polygon", "coordinates": [ [ [ 110.241970319374971, -1.976832614233419 ], [ 110.242149982431798, -1.976832614233419 ], [ 110.242149982431798, -1.976652951176595 ], [ 110.241970319374971, -1.976652951176595 ], [ 110.241970319374971, -1.976832614233419 ] ] ] } },
{ "type": "Feature", "properties": { "count": 2, "label": 1, "cluster_id": 58 }, "geometry": { "type": "Polygon", "coordinates": [ [ [ 110.241790656318145, -1.977730929517538 ], [ 110.242149982431798, -1.977730929517538 ], [ 110.242149982431798, -1.977551266460715 ], [ 110.241790656318145, -1.977551266460715 ], [ 110.241790656318145, -1.977730929517538 ] ] ] } },
{ "type": "Feature", "properties": { "count": 3, "label": 1, "cluster_id": 58 }, "geometry": { "type": "Polygon", "coordinates": [ [ [ 110.241970319374971, -1.980785201483545 ], [ 110.241970319374971, -1.981144527597193 ], [ 110.242329645488624, -1.981144527597193 ], [ 110.242329645488624, -1.980964864540369 ], [ 110.242149982431798, -1.980964864540369 ], [ 110.242149982431798, -1.980785201483545 ], [ 110.241970319374971, -1.980785201483545 ] ] ] } },
{ "type": "Feature", "properties": { "count": 4, "label": 1, "cluster_id": 58 }, "geometry": { "type": "Polygon", "coordinates": [ [ [ 110.242149982431798, -1.961022265232915 ], [ 110.242149982431798, -1.961381591346563 ], [ 110.241970319374971, -1.961381591346563 ], [ 110.241970319374971, -1.961561254403387 ], [ 110.242329645488624, -1.961561254403387 ], [ 110.242329645488624, -1.961022265232915 ], [ 110.242149982431798, -1.961022265232915 ] ] ] } },
{ "type": "Feature", "properties": { "count": 2, "label": 1, "cluster_id": 58 }, "geometry": { "type": "Polygon", "coordinates": [ [ [ 110.242149982431798, -1.97826991868801 ], [ 110.242329645488624, -1.97826991868801 ], [ 110.242329645488624, -1.977910592574362 ], [ 110.242149982431798, -1.977910592574362 ], [ 110.242149982431798, -1.97826991868801 ] ] ] } },
{ "type": "Feature", "properties": { "count": 2, "label": 1, "cluster_id": 58 }, "geometry": { "type": "Polygon", "coordinates": [ [ [ 110.242149982431798, -1.981683516767664 ], [ 110.242329645488624, -1.981683516767664 ], [ 110.242329645488624, -1.981324190654017 ], [ 110.242149982431798, -1.981324190654017 ], [ 110.242149982431798, -1.981683516767664 ] ] ] } },
{ "type": "Feature", "properties": { "count": 5, "label": 1, "cluster_id": 58 }, "geometry": { "type": "Polygon", "coordinates": [ [ [ 110.242149982431798, -1.96677148305128 ], [ 110.242149982431798, -1.967310472221752 ], [ 110.242329645488624, -1.967310472221752 ], [ 110.242329645488624, -1.967130809164928 ], [ 110.242509308545451, -1.967130809164928 ], [ 110.242509308545451, -1.96677148305128 ], [ 110.242149982431798, -1.96677148305128 ] ] ] } },
{ "type": "Feature", "properties": { "count": 1, "label": 1, "cluster_id": 58 }, "geometry": { "type": "Polygon", "coordinates": [ [ [ 110.242329645488624, -1.978449581744834 ], [ 110.242509308545451, -1.978449581744834 ], [ 110.242509308545451, -1.97826991868801 ], [ 110.242329645488624, -1.97826991868801 ], [ 110.242329645488624, -1.978449581744834 ] ] ] } },
{ "type": "Feature", "properties": { "count": 1, "label": 1, "cluster_id": 58 }, "geometry": { "type": "Polygon", "coordinates": [ [ [ 110.242509308545451, -1.972161374755997 ], [ 110.242688971602263, -1.972161374755997 ], [ 110.242688971602263, -1.971981711699174 ], [ 110.242509308545451, -1.971981711699174 ], [ 110.242509308545451, -1.972161374755997 ] ] ] } },
{ "type": "Feature", "properties": { "count": 1, "label": 1, "cluster_id": 58 }, "geometry": { "type": "Polygon", "coordinates": [ [ [ 110.242509308545451, -1.976293625062947 ], [ 110.242688971602263, -1.976293625062947 ], [ 110.242688971602263, -1.976113962006123 ], [ 110.242509308545451, -1.976113962006123 ], [ 110.242509308545451, -1.976293625062947 ] ] ] } },
{ "type": "Feature", "properties": { "count": 1, "label": 1, "cluster_id": 58 }, "geometry": { "type": "Polygon", "coordinates": [ [ [ 110.242688971602263, -1.960123949948796 ], [ 110.242868634659089, -1.960123949948796 ], [ 110.242868634659089, -1.959944286891972 ], [ 110.242688971602263, -1.959944286891972 ], [ 110.242688971602263, -1.960123949948796 ] ] ] } },
{ "type": "Feature", "properties": { "count": 7, "label": 1, "cluster_id": 58 }, "geometry": { "type": "Polygon", "coordinates": [ [ [ 110.242688971602263, -1.960842602176091 ], [ 110.242688971602263, -1.961022265232915 ], [ 110.242509308545451, -1.961022265232915 ], [ 110.242509308545451, -1.961920580517035 ], [ 110.242688971602263, -1.961920580517035 ], [ 110.242688971602263, -1.961201928289739 ], [ 110.242868634659089, -1.961201928289739 ], [ 110.242868634659089, -1.960842602176091 ], [ 110.242688971602263, -1.960842602176091 ] ] ] } },
{ "type": "Feature", "properties": { "count": 1, "label": 1, "cluster_id": 58 }, "geometry": { "type": "Polygon", "coordinates": [ [ [ 110.242688971602263, -1.972880026983293 ], [ 110.242868634659089, -1.972880026983293 ], [ 110.242868634659089, -1.972700363926469 ], [ 110.242688971602263, -1.972700363926469 ], [ 110.242688971602263, -1.972880026983293 ] ] ] } },
{ "type": "Feature", "properties": { "count": 1, "label": 1, "cluster_id": 58 }, "geometry": { "type": "Polygon", "coordinates": [ [ [ 110.242688971602263, -1.974676657551532 ], [ 110.242868634659089, -1.974676657551532 ], [ 110.242868634659089, -1.974496994494708 ], [ 110.242688971602263, -1.974496994494708 ], [ 110.242688971602263, -1.974676657551532 ] ] ] } },
{ "type": "Feature", "properties": { "count": 1, "label": 1, "cluster_id": 58 }, "geometry": { "type": "Polygon", "coordinates": [ [ [ 110.242688971602263, -1.97503598366518 ], [ 110.242868634659089, -1.97503598366518 ], [ 110.242868634659089, -1.974856320608356 ], [ 110.242688971602263, -1.974856320608356 ], [ 110.242688971602263, -1.97503598366518 ] ] ] } },
{ "type": "Feature", "properties": { "count": 2, "label": 1, "cluster_id": 58 }, "geometry": { "type": "Polygon", "coordinates": [ [ [ 110.242868634659089, -1.960483276062444 ], [ 110.243048297715916, -1.960483276062444 ], [ 110.243048297715916, -1.960123949948796 ], [ 110.242868634659089, -1.960123949948796 ], [ 110.242868634659089, -1.960483276062444 ] ] ] } },
{ "type": "Feature", "properties": { "count": 1, "label": 1, "cluster_id": 58 }, "geometry": { "type": "Polygon", "coordinates": [ [ [ 110.242868634659089, -1.972341037812821 ], [ 110.243048297715916, -1.972341037812821 ], [ 110.243048297715916, -1.972161374755997 ], [ 110.242868634659089, -1.972161374755997 ], [ 110.242868634659089, -1.972341037812821 ] ] ] } },
{ "type": "Feature", "properties": { "count": 11, "label": 1, "cluster_id": 58 }, "geometry": { "type": "Polygon", "coordinates": [ [ [ 110.242688971602263, -1.977191940347067 ], [ 110.242688971602263, -1.977371603403891 ], [ 110.242868634659089, -1.977371603403891 ], [ 110.242868634659089, -1.977730929517538 ], [ 110.243227960772742, -1.977730929517538 ], [ 110.243227960772742, -1.978090255631186 ], [ 110.243407623829569, -1.978090255631186 ], [ 110.243407623829569, -1.977730929517538 ], [ 110.243587286886381, -1.977730929517538 ], [ 110.243587286886381, -1.977551266460715 ], [ 110.243407623829569, -1.977551266460715 ], [ 110.243407623829569, -1.977371603403891 ], [ 110.243048297715916, -1.977371603403891 ], [ 110.243048297715916, -1.977191940347067 ], [ 110.242688971602263, -1.977191940347067 ] ] ] } },
{ "type": "Feature", "properties": { "count": 1, "label": 1, "cluster_id": 58 }, "geometry": { "type": "Polygon", "coordinates": [ [ [ 110.242868634659089, -1.980246212313073 ], [ 110.243048297715916, -1.980246212313073 ], [ 110.243048297715916, -1.980066549256249 ], [ 110.242868634659089, -1.980066549256249 ], [ 110.242868634659089, -1.980246212313073 ] ] ] } },
{ "type": "Feature", "properties": { "count": 1, "label": 1, "cluster_id": 58 }, "geometry": { "type": "Polygon", "coordinates": [ [ [ 110.242868634659089, -1.980605538426721 ], [ 110.243048297715916, -1.980605538426721 ], [ 110.243048297715916, -1.980425875369897 ], [ 110.242868634659089, -1.980425875369897 ], [ 110.242868634659089, -1.980605538426721 ] ] ] } },
{ "type": "Feature", "properties": { "count": 10, "label": 1, "cluster_id": 58 }, "geometry": { "type": "Polygon", "coordinates": [ [ [ 110.243048297715916, -1.9594052977215 ], [ 110.243048297715916, -1.959584960778324 ], [ 110.242868634659089, -1.959584960778324 ], [ 110.242868634659089, -1.959764623835148 ], [ 110.243048297715916, -1.959764623835148 ], [ 110.243048297715916, -1.960123949948796 ], [ 110.243227960772742, -1.960123949948796 ], [ 110.243227960772742, -1.96030361300562 ], [ 110.243407623829569, -1.96030361300562 ], [ 110.243407623829569, -1.960123949948796 ], [ 110.243587286886381, -1.960123949948796 ], [ 110.243587286886381, -1.959944286891972 ], [ 110.243407623829569, -1.959944286891972 ], [ 110.243407623829569, -1.959584960778324 ], [ 110.243227960772742, -1.959584960778324 ], [ 110.243227960772742, -1.9594052977215 ], [ 110.243048297715916, -1.9594052977215 ] ] ] } },
{ "type": "Feature", "properties": { "count": 1, "label": 1, "cluster_id": 58 }, "geometry": { "type": "Polygon", "coordinates": [ [ [ 110.243048297715916, -1.97503598366518 ], [ 110.243227960772742, -1.97503598366518 ], [ 110.243227960772742, -1.974856320608356 ], [ 110.243048297715916, -1.974856320608356 ], [ 110.243048297715916, -1.97503598366518 ] ] ] } },
{ "type": "Feature", "properties": { "count": 1, "label": 1, "cluster_id": 58 }, "geometry": { "type": "Polygon", "coordinates": [ [ [ 110.243227960772742, -1.967849461392224 ], [ 110.243407623829569, -1.967849461392224 ], [ 110.243407623829569, -1.9676697983354 ], [ 110.243227960772742, -1.9676697983354 ], [ 110.243227960772742, -1.967849461392224 ] ] ] } },
{ "type": "Feature", "properties": { "count": 1, "label": 1, "cluster_id": 58 }, "geometry": { "type": "Polygon", "coordinates": [ [ [ 110.243227960772742, -1.976832614233419 ], [ 110.243407623829569, -1.976832614233419 ], [ 110.243407623829569, -1.976652951176595 ], [ 110.243227960772742, -1.976652951176595 ], [ 110.243227960772742, -1.976832614233419 ] ] ] } },
{ "type": "Feature", "properties": { "count": 1, "label": 1, "cluster_id": 58 }, "geometry": { "type": "Polygon", "coordinates": [ [ [ 110.243227960772742, -1.980066549256249 ], [ 110.243407623829569, -1.980066549256249 ], [ 110.243407623829569, -1.979886886199425 ], [ 110.243227960772742, -1.979886886199425 ], [ 110.243227960772742, -1.980066549256249 ] ] ] } },
{ "type": "Feature", "properties": { "count": 42, "label": 1, "cluster_id": 58 }, "geometry": { "type": "Polygon", "coordinates": [ [ [ 110.243048297715916, -1.980785201483545 ], [ 110.243048297715916, -1.98150385371084 ], [ 110.242868634659089, -1.98150385371084 ], [ 110.242868634659089, -1.981863179824488 ], [ 110.242149982431798, -1.981863179824488 ], [ 110.242149982431798, -1.981683516767664 ], [ 110.241610993261318, -1.981683516767664 ], [ 110.241610993261318, -1.981863179824488 ], [ 110.241970319374971, -1.981863179824488 ], [ 110.241970319374971, -1.982222505938136 ], [ 110.242868634659089, -1.982222505938136 ], [ 110.242868634659089, -1.98240216899496 ], [ 110.243407623829569, -1.98240216899496 ], [ 110.243407623829569, -1.982042842881312 ], [ 110.243587286886381, -1.982042842881312 ], [ 110.243587286886381, -1.980964864540369 ], [ 110.243407623829569, -1.980964864540369 ], [ 110.243407623829569, -1.980785201483545 ], [ 110.243048297715916, -1.980785201483545 ] ] ] } },
{ "type": "Feature", "properties": { "count": 25, "label": 1, "cluster_id": 58 }, "geometry": { "type": "Polygon", "coordinates": [ [ [ 110.243227960772742, -1.96263923274433 ], [ 110.243227960772742, -1.962818895801155 ], [ 110.243048297715916, -1.962818895801155 ], [ 110.243048297715916, -1.962998558857978 ], [ 110.242688971602263, -1.962998558857978 ], [ 110.242688971602263, -1.964076537198922 ], [ 110.243227960772742, -1.964076537198922 ], [ 110.243227960772742, -1.963357884971626 ], [ 110.243407623829569, -1.963357884971626 ], [ 110.243407623829569, -1.962998558857978 ], [ 110.243587286886381, -1.962998558857978 ], [ 110.243587286886381, -1.96263923274433 ], [ 110.243227960772742, -1.96263923274433 ] ] ] } },
{ "type": "Feature", "properties": { "count": 1, "label": 1, "cluster_id": 58 }, "geometry": { "type": "Polygon", "coordinates": [ [ [ 110.243407623829569, -1.970185081130934 ], [ 110.243587286886381, -1.970185081130934 ], [ 110.243587286886381, -1.970005418074111 ], [ 110.243407623829569, -1.970005418074111 ], [ 110.243407623829569, -1.970185081130934 ] ] ] } },
{ "type": "Feature", "properties": { "count": 1, "label": 1, "cluster_id": 58 }, "geometry": { "type": "Polygon", "coordinates": [ [ [ 110.243407623829569, -1.972341037812821 ], [ 110.243587286886381, -1.972341037812821 ], [ 110.243587286886381, -1.972161374755997 ], [ 110.243407623829569, -1.972161374755997 ], [ 110.243407623829569, -1.972341037812821 ] ] ] } },
{ "type": "Feature", "properties": { "count": 1, "label": 1, "cluster_id": 58 }, "geometry": { "type": "Polygon", "coordinates": [ [ [ 110.243407623829569, -1.977191940347067 ], [ 110.243587286886381, -1.977191940347067 ], [ 110.243587286886381, -1.977012277290243 ], [ 110.243407623829569, -1.977012277290243 ], [ 110.243407623829569, -1.977191940347067 ] ] ] } },
{ "type": "Feature", "properties": { "count": 36, "label": 1, "cluster_id": 58 }, "geometry": { "type": "Polygon", "coordinates": [ [ [ 110.242868634659089, -1.948984840425714 ], [ 110.242868634659089, -1.949164503482538 ], [ 110.242688971602263, -1.949164503482538 ], [ 110.242688971602263, -1.949344166539362 ], [ 110.242868634659089, -1.949344166539362 ], [ 110.242868634659089, -1.949703492653009 ], [ 110.243048297715916, -1.949703492653009 ], [ 110.243048297715916, -1.949883155709833 ], [ 110.243227960772742, -1.949883155709833 ], [ 110.243227960772742, -1.950062818766657 ], [ 110.243407623829569, -1.950062818766657 ], [ 110.243407623829569, -1.950242481823481 ], [ 110.243766949943208, -1.950242481823481 ], [ 110.243766949943208, -1.950062818766657 ], [ 110.243946613000034, -1.950062818766657 ], [ 110.243946613000034, -1.949883155709833 ], [ 110.244126276056861, -1.949883155709833 ], [ 110.244126276056861, -1.949523829596185 ], [ 110.243946613000034, -1.949523829596185 ], [ 110.243946613000034, -1.949164503482538 ], [ 110.243766949943208, -1.949164503482538 ], [ 110.243766949943208, -1.948984840425714 ], [ 110.242868634659089, -1.948984840425714 ] ], [ [ 110.243766949943208, -1.949703492653009 ], [ 110.243587286886381, -1.949703492653009 ], [ 110.243587286886381, -1.949883155709833 ], [ 110.243766949943208, -1.949883155709833 ], [ 110.243766949943208, -1.949703492653009 ] ] ] } },
{ "type": "Feature", "properties": { "count": 5, "label": 1, "cluster_id": 58 }, "geometry": { "type": "Polygon", "coordinates": [ [ [ 110.243407623829569, -1.954913721300903 ], [ 110.243407623829569, -1.955273047414551 ], [ 110.243587286886381, -1.955273047414551 ], [ 110.243587286886381, -1.955093384357727 ], [ 110.243766949943208, -1.955093384357727 ], [ 110.243766949943208, -1.955273047414551 ], [ 110.243946613000034, -1.955273047414551 ], [ 110.243946613000034, -1.954913721300903 ], [ 110.243407623829569, -1.954913721300903 ] ] ] } },
{ "type": "Feature", "properties": { "count": 1, "label": 1, "cluster_id": 58 }, "geometry": { "type": "Polygon", "coordinates": [ [ [ 110.243766949943208, -1.960483276062444 ], [ 110.243946613000034, -1.960483276062444 ], [ 110.243946613000034, -1.96030361300562 ], [ 110.243766949943208, -1.96030361300562 ], [ 110.243766949943208, -1.960483276062444 ] ] ] } },
{ "type": "Feature", "properties": { "count": 1, "label": 1, "cluster_id": 58 }, "geometry": { "type": "Polygon", "coordinates": [ [ [ 110.243766949943208, -1.964076537198922 ], [ 110.243946613000034, -1.964076537198922 ], [ 110.243946613000034, -1.963896874142098 ], [ 110.243766949943208, -1.963896874142098 ], [ 110.243766949943208, -1.964076537198922 ] ] ] } },
{ "type": "Feature", "properties": { "count": 1, "label": 1, "cluster_id": 58 }, "geometry": { "type": "Polygon", "coordinates": [ [ [ 110.243766949943208, -1.966951146108104 ], [ 110.243946613000034, -1.966951146108104 ], [ 110.243946613000034, -1.96677148305128 ], [ 110.243766949943208, -1.96677148305128 ], [ 110.243766949943208, -1.966951146108104 ] ] ] } },
{ "type": "Feature", "properties": { "count": 7, "label": 1, "cluster_id": 58 }, "geometry": { "type": "Polygon", "coordinates": [ [ [ 110.243766949943208, -1.980066549256249 ], [ 110.243766949943208, -1.980605538426721 ], [ 110.244485602170514, -1.980605538426721 ], [ 110.244485602170514, -1.980425875369897 ], [ 110.244126276056861, -1.980425875369897 ], [ 110.244126276056861, -1.980246212313073 ], [ 110.243946613000034, -1.980246212313073 ], [ 110.243946613000034, -1.980066549256249 ], [ 110.243766949943208, -1.980066549256249 ] ] ] } },
{ "type": "Feature", "properties": { "count": 1, "label": 1, "cluster_id": 58 }, "geometry": { "type": "Polygon", "coordinates": [ [ [ 110.243946613000034, -1.950961134050777 ], [ 110.244126276056861, -1.950961134050777 ], [ 110.244126276056861, -1.950781470993953 ], [ 110.243946613000034, -1.950781470993953 ], [ 110.243946613000034, -1.950961134050777 ] ] ] } },
{ "type": "Feature", "properties": { "count": 1, "label": 1, "cluster_id": 58 }, "geometry": { "type": "Polygon", "coordinates": [ [ [ 110.243946613000034, -1.97826991868801 ], [ 110.244126276056861, -1.97826991868801 ], [ 110.244126276056861, -1.978090255631186 ], [ 110.243946613000034, -1.978090255631186 ], [ 110.243946613000034, -1.97826991868801 ] ] ] } },
{ "type": "Feature", "properties": { "count": 6, "label": 1, "cluster_id": 58 }, "geometry": { "type": "Polygon", "coordinates": [ [ [ 110.243587286886381, -1.978808907858482 ], [ 110.244126276056861, -1.978808907858482 ], [ 110.244126276056861, -1.978449581744834 ], [ 110.243587286886381, -1.978449581744834 ], [ 110.243587286886381, -1.978808907858482 ] ] ] } },
{ "type": "Feature", "properties": { "count": 1, "label": 1, "cluster_id": 58 }, "geometry": { "type": "Polygon", "coordinates": [ [ [ 110.243946613000034, -1.980066549256249 ], [ 110.244126276056861, -1.980066549256249 ], [ 110.244126276056861, -1.979886886199425 ], [ 110.243946613000034, -1.979886886199425 ], [ 110.243946613000034, -1.980066549256249 ] ] ] } },
{ "type": "Feature", "properties": { "count": 1, "label": 1, "cluster_id": 58 }, "geometry": { "type": "Polygon", "coordinates": [ [ [ 110.244126276056861, -1.950062818766657 ], [ 110.244305939113687, -1.950062818766657 ], [ 110.244305939113687, -1.949883155709833 ], [ 110.244126276056861, -1.949883155709833 ], [ 110.244126276056861, -1.950062818766657 ] ] ] } },
{ "type": "Feature", "properties": { "count": 3, "label": 1, "cluster_id": 58 }, "geometry": { "type": "Polygon", "coordinates": [ [ [ 110.243946613000034, -1.951859449334896 ], [ 110.243946613000034, -1.952218775448544 ], [ 110.244126276056861, -1.952218775448544 ], [ 110.244126276056861, -1.95203911239172 ], [ 110.244305939113687, -1.95203911239172 ], [ 110.244305939113687, -1.951859449334896 ], [ 110.243946613000034, -1.951859449334896 ] ] ] } },
{ "type": "Feature", "properties": { "count": 2, "label": 1, "cluster_id": 58 }, "geometry": { "type": "Polygon", "coordinates": [ [ [ 110.243946613000034, -1.958686645494205 ], [ 110.244305939113687, -1.958686645494205 ], [ 110.244305939113687, -1.958506982437381 ], [ 110.243946613000034, -1.958506982437381 ], [ 110.243946613000034, -1.958686645494205 ] ] ] } },
{ "type": "Feature", "properties": { "count": 16, "label": 1, "cluster_id": 58 }, "geometry": { "type": "Polygon", "coordinates": [ [ [ 110.243946613000034, -1.969466428903639 ], [ 110.243946613000034, -1.969646091960463 ], [ 110.244126276056861, -1.969646091960463 ], [ 110.244126276056861, -1.969825755017287 ], [ 110.243946613000034, -1.969825755017287 ], [ 110.243946613000034, -1.970544407244582 ], [ 110.243766949943208, -1.970544407244582 ], [ 110.243766949943208, -1.970724070301406 ], [ 110.243946613000034, -1.970724070301406 ], [ 110.243946613000034, -1.97090373335823 ], [ 110.243587286886381, -1.97090373335823 ], [ 110.243587286886381, -1.971083396415054 ], [ 110.243766949943208, -1.971083396415054 ], [ 110.243766949943208, -1.971263059471878 ], [ 110.243946613000034, -1.971263059471878 ], [ 110.243946613000034, -1.971083396415054 ], [ 110.244126276056861, -1.971083396415054 ], [ 110.244126276056861, -1.970005418074111 ], [ 110.244485602170514, -1.970005418074111 ], [ 110.244485602170514, -1.969825755017287 ], [ 110.244305939113687, -1.969825755017287 ], [ 110.244305939113687, -1.969466428903639 ], [ 110.243946613000034, -1.969466428903639 ] ] ] } },
{ "type": "Feature", "properties": { "count": 1, "label": 1, "cluster_id": 58 }, "geometry": { "type": "Polygon", "coordinates": [ [ [ 110.244126276056861, -1.973598679210589 ], [ 110.244305939113687, -1.973598679210589 ], [ 110.244305939113687, -1.973419016153765 ], [ 110.244126276056861, -1.973419016153765 ], [ 110.244126276056861, -1.973598679210589 ] ] ] } },
{ "type": "Feature", "properties": { "count": 1, "label": 1, "cluster_id": 58 }, "geometry": { "type": "Polygon", "coordinates": [ [ [ 110.244126276056861, -1.977730929517538 ], [ 110.244305939113687, -1.977730929517538 ], [ 110.244305939113687, -1.977551266460715 ], [ 110.244126276056861, -1.977551266460715 ], [ 110.244126276056861, -1.977730929517538 ] ] ] } },
{ "type": "Feature", "properties": { "count": 1, "label": 1, "cluster_id": 58 }, "geometry": { "type": "Polygon", "coordinates": [ [ [ 110.244305939113687, -1.950242481823481 ], [ 110.244485602170514, -1.950242481823481 ], [ 110.244485602170514, -1.950062818766657 ], [ 110.244305939113687, -1.950062818766657 ], [ 110.244305939113687, -1.950242481823481 ] ] ] } },
{ "type": "Feature", "properties": { "count": 1, "label": 1, "cluster_id": 58 }, "geometry": { "type": "Polygon", "coordinates": [ [ [ 110.244305939113687, -1.951859449334896 ], [ 110.244485602170514, -1.951859449334896 ], [ 110.244485602170514, -1.951679786278072 ], [ 110.244305939113687, -1.951679786278072 ], [ 110.244305939113687, -1.951859449334896 ] ] ] } },
{ "type": "Feature", "properties": { "count": 11, "label": 1, "cluster_id": 58 }, "geometry": { "type": "Polygon", "coordinates": [ [ [ 110.244126276056861, -1.954195069073607 ], [ 110.244126276056861, -1.954374732130431 ], [ 110.243766949943208, -1.954374732130431 ], [ 110.243766949943208, -1.954554395187255 ], [ 110.243587286886381, -1.954554395187255 ], [ 110.243587286886381, -1.954734058244079 ], [ 110.243946613000034, -1.954734058244079 ], [ 110.243946613000034, -1.954554395187255 ], [ 110.244126276056861, -1.954554395187255 ], [ 110.244126276056861, -1.954734058244079 ], [ 110.244665265227326, -1.954734058244079 ], [ 110.244665265227326, -1.954554395187255 ], [ 110.244485602170514, -1.954554395187255 ], [ 110.244485602170514, -1.954195069073607 ], [ 110.244126276056861, -1.954195069073607 ] ] ] } },
{ "type": "Feature", "properties": { "count": 1, "label": 1, "cluster_id": 58 }, "geometry": { "type": "Polygon", "coordinates": [ [ [ 110.244305939113687, -1.958147656323733 ], [ 110.244485602170514, -1.958147656323733 ], [ 110.244485602170514, -1.957967993266909 ], [ 110.244305939113687, -1.957967993266909 ], [ 110.244305939113687, -1.958147656323733 ] ] ] } },
{ "type": "Feature", "properties": { "count": 1, "label": 1, "cluster_id": 58 }, "geometry": { "type": "Polygon", "coordinates": [ [ [ 110.244305939113687, -1.960483276062444 ], [ 110.244485602170514, -1.960483276062444 ], [ 110.244485602170514, -1.96030361300562 ], [ 110.244305939113687, -1.96030361300562 ], [ 110.244305939113687, -1.960483276062444 ] ] ] } },
{ "type": "Feature", "properties": { "count": 3, "label": 1, "cluster_id": 58 }, "geometry": { "type": "Polygon", "coordinates": [ [ [ 110.243946613000034, -1.960842602176091 ], [ 110.244485602170514, -1.960842602176091 ], [ 110.244485602170514, -1.960662939119268 ], [ 110.243946613000034, -1.960662939119268 ], [ 110.243946613000034, -1.960842602176091 ] ] ] } },
{ "type": "Feature", "properties": { "count": 2, "label": 1, "cluster_id": 58 }, "geometry": { "type": "Polygon", "coordinates": [ [ [ 110.244126276056861, -1.961201928289739 ], [ 110.244485602170514, -1.961201928289739 ], [ 110.244485602170514, -1.961022265232915 ], [ 110.244126276056861, -1.961022265232915 ], [ 110.244126276056861, -1.961201928289739 ] ] ] } },
{ "type": "Feature", "properties": { "count": 1, "label": 1, "cluster_id": 58 }, "geometry": { "type": "Polygon", "coordinates": [ [ [ 110.244485602170514, -1.953476416846311 ], [ 110.244665265227326, -1.953476416846311 ], [ 110.244665265227326, -1.953296753789487 ], [ 110.244485602170514, -1.953296753789487 ], [ 110.244485602170514, -1.953476416846311 ] ] ] } },
{ "type": "Feature", "properties": { "count": 2, "label": 1, "cluster_id": 58 }, "geometry": { "type": "Polygon", "coordinates": [ [ [ 110.244305939113687, -1.959944286891972 ], [ 110.244665265227326, -1.959944286891972 ], [ 110.244665265227326, -1.959764623835148 ], [ 110.244305939113687, -1.959764623835148 ], [ 110.244305939113687, -1.959944286891972 ] ] ] } },
{ "type": "Feature", "properties": { "count": 1, "label": 1, "cluster_id": 58 }, "geometry": { "type": "Polygon", "coordinates": [ [ [ 110.244485602170514, -1.96030361300562 ], [ 110.244665265227326, -1.96030361300562 ], [ 110.244665265227326, -1.960123949948796 ], [ 110.244485602170514, -1.960123949948796 ], [ 110.244485602170514, -1.96030361300562 ] ] ] } },
{ "type": "Feature", "properties": { "count": 18, "label": 1, "cluster_id": 58 }, "geometry": { "type": "Polygon", "coordinates": [ [ [ 110.244485602170514, -1.97180204864235 ], [ 110.244485602170514, -1.972520700869645 ], [ 110.245024591340979, -1.972520700869645 ], [ 110.245024591340979, -1.972880026983293 ], [ 110.245204254397805, -1.972880026983293 ], [ 110.245204254397805, -1.972700363926469 ], [ 110.245383917454632, -1.972700363926469 ], [ 110.245383917454632, -1.973059690040117 ], [ 110.245563580511444, -1.973059690040117 ], [ 110.245563580511444, -1.972520700869645 ], [ 110.245383917454632, -1.972520700869645 ], [ 110.245383917454632, -1.972161374755997 ], [ 110.244665265227326, -1.972161374755997 ], [ 110.244665265227326, -1.97180204864235 ], [ 110.244485602170514, -1.97180204864235 ] ] ] } },
{ "type": "Feature", "properties": { "count": 8, "label": 1, "cluster_id": 58 }, "geometry": { "type": "Polygon", "coordinates": [ [ [ 110.244305939113687, -1.973239353096941 ], [ 110.244305939113687, -1.973419016153765 ], [ 110.244485602170514, -1.973419016153765 ], [ 110.244485602170514, -1.973598679210589 ], [ 110.244305939113687, -1.973598679210589 ], [ 110.244305939113687, -1.973958005324236 ], [ 110.244485602170514, -1.973958005324236 ], [ 110.244485602170514, -1.97413766838106 ], [ 110.244665265227326, -1.97413766838106 ], [ 110.244665265227326, -1.973239353096941 ], [ 110.244305939113687, -1.973239353096941 ] ] ] } },
{ "type": "Feature", "properties": { "count": 23, "label": 1, "cluster_id": 58 }, "geometry": { "type": "Polygon", "coordinates": [ [ [ 110.244485602170514, -1.976473288119771 ], [ 110.244485602170514, -1.976652951176595 ], [ 110.244305939113687, -1.976652951176595 ], [ 110.244305939113687, -1.976473288119771 ], [ 110.243946613000034, -1.976473288119771 ], [ 110.243946613000034, -1.977371603403891 ], [ 110.243766949943208, -1.977371603403891 ], [ 110.243766949943208, -1.977910592574362 ], [ 110.243946613000034, -1.977910592574362 ], [ 110.243946613000034, -1.977551266460715 ], [ 110.244126276056861, -1.977551266460715 ], [ 110.244126276056861, -1.977371603403891 ], [ 110.244665265227326, -1.977371603403891 ], [ 110.244665265227326, -1.977191940347067 ], [ 110.244485602170514, -1.977191940347067 ], [ 110.244485602170514, -1.977012277290243 ], [ 110.244665265227326, -1.977012277290243 ], [ 110.244665265227326, -1.976832614233419 ], [ 110.244844928284152, -1.976832614233419 ], [ 110.244844928284152, -1.976652951176595 ], [ 110.244665265227326, -1.976652951176595 ], [ 110.244665265227326, -1.976473288119771 ], [ 110.244485602170514, -1.976473288119771 ] ] ] } },
{ "type": "Feature", "properties": { "count": 1, "label": 1, "cluster_id": 58 }, "geometry": { "type": "Polygon", "coordinates": [ [ [ 110.244485602170514, -1.980785201483545 ], [ 110.244665265227326, -1.980785201483545 ], [ 110.244665265227326, -1.980605538426721 ], [ 110.244485602170514, -1.980605538426721 ], [ 110.244485602170514, -1.980785201483545 ] ] ] } },
{ "type": "Feature", "properties": { "count": 1, "label": 1, "cluster_id": 58 }, "geometry": { "type": "Polygon", "coordinates": [ [ [ 110.244665265227326, -1.953296753789487 ], [ 110.244844928284152, -1.953296753789487 ], [ 110.244844928284152, -1.953117090732664 ], [ 110.244665265227326, -1.953117090732664 ], [ 110.244665265227326, -1.953296753789487 ] ] ] } },
{ "type": "Feature", "properties": { "count": 2, "label": 1, "cluster_id": 58 }, "geometry": { "type": "Polygon", "coordinates": [ [ [ 110.244665265227326, -1.954195069073607 ], [ 110.244844928284152, -1.954195069073607 ], [ 110.244844928284152, -1.953835742959959 ], [ 110.244665265227326, -1.953835742959959 ], [ 110.244665265227326, -1.954195069073607 ] ] ] } },
{ "type": "Feature", "properties": { "count": 1, "label": 1, "cluster_id": 58 }, "geometry": { "type": "Polygon", "coordinates": [ [ [ 110.244665265227326, -1.954913721300903 ], [ 110.244844928284152, -1.954913721300903 ], [ 110.244844928284152, -1.954734058244079 ], [ 110.244665265227326, -1.954734058244079 ], [ 110.244665265227326, -1.954913721300903 ] ] ] } },
{ "type": "Feature", "properties": { "count": 1, "label": 1, "cluster_id": 58 }, "geometry": { "type": "Polygon", "coordinates": [ [ [ 110.244665265227326, -1.959584960778324 ], [ 110.244844928284152, -1.959584960778324 ], [ 110.244844928284152, -1.9594052977215 ], [ 110.244665265227326, -1.9594052977215 ], [ 110.244665265227326, -1.959584960778324 ] ] ] } },
{ "type": "Feature", "properties": { "count": 1, "label": 1, "cluster_id": 58 }, "geometry": { "type": "Polygon", "coordinates": [ [ [ 110.244665265227326, -1.960842602176091 ], [ 110.244844928284152, -1.960842602176091 ], [ 110.244844928284152, -1.960662939119268 ], [ 110.244665265227326, -1.960662939119268 ], [ 110.244665265227326, -1.960842602176091 ] ] ] } },
{ "type": "Feature", "properties": { "count": 2, "label": 1, "cluster_id": 58 }, "geometry": { "type": "Polygon", "coordinates": [ [ [ 110.244665265227326, -1.961381591346563 ], [ 110.244844928284152, -1.961381591346563 ], [ 110.244844928284152, -1.961022265232915 ], [ 110.244665265227326, -1.961022265232915 ], [ 110.244665265227326, -1.961381591346563 ] ] ] } },
{ "type": "Feature", "properties": { "count": 1, "label": 1, "cluster_id": 58 }, "geometry": { "type": "Polygon", "coordinates": [ [ [ 110.244665265227326, -1.968747776676343 ], [ 110.244844928284152, -1.968747776676343 ], [ 110.244844928284152, -1.968568113619519 ], [ 110.244665265227326, -1.968568113619519 ], [ 110.244665265227326, -1.968747776676343 ] ] ] } },
{ "type": "Feature", "properties": { "count": 1, "label": 1, "cluster_id": 58 }, "geometry": { "type": "Polygon", "coordinates": [ [ [ 110.244665265227326, -1.969646091960463 ], [ 110.244844928284152, -1.969646091960463 ], [ 110.244844928284152, -1.969466428903639 ], [ 110.244665265227326, -1.969466428903639 ], [ 110.244665265227326, -1.969646091960463 ] ] ] } },
{ "type": "Feature", "properties": { "count": 1, "label": 1, "cluster_id": 58 }, "geometry": { "type": "Polygon", "coordinates": [ [ [ 110.244665265227326, -1.97180204864235 ], [ 110.244844928284152, -1.97180204864235 ], [ 110.244844928284152, -1.971622385585526 ], [ 110.244665265227326, -1.971622385585526 ], [ 110.244665265227326, -1.97180204864235 ] ] ] } },
{ "type": "Feature", "properties": { "count": 4, "label": 1, "cluster_id": 58 }, "geometry": { "type": "Polygon", "coordinates": [ [ [ 110.244305939113687, -1.979347897028954 ], [ 110.244305939113687, -1.979527560085778 ], [ 110.244665265227326, -1.979527560085778 ], [ 110.244665265227326, -1.979707223142601 ], [ 110.244844928284152, -1.979707223142601 ], [ 110.244844928284152, -1.979347897028954 ], [ 110.244305939113687, -1.979347897028954 ] ] ] } },
{ "type": "Feature", "properties": { "count": 1, "label": 1, "cluster_id": 58 }, "geometry": { "type": "Polygon", "coordinates": [ [ [ 110.244844928284152, -1.952398438505368 ], [ 110.245024591340979, -1.952398438505368 ], [ 110.245024591340979, -1.952218775448544 ], [ 110.244844928284152, -1.952218775448544 ], [ 110.244844928284152, -1.952398438505368 ] ] ] } },
{ "type": "Feature", "properties": { "count": 1, "label": 1, "cluster_id": 58 }, "geometry": { "type": "Polygon", "coordinates": [ [ [ 110.244844928284152, -1.953476416846311 ], [ 110.245024591340979, -1.953476416846311 ], [ 110.245024591340979, -1.953296753789487 ], [ 110.244844928284152, -1.953296753789487 ], [ 110.244844928284152, -1.953476416846311 ] ] ] } },
{ "type": "Feature", "properties": { "count": 1, "label": 1, "cluster_id": 58 }, "geometry": { "type": "Polygon", "coordinates": [ [ [ 110.244844928284152, -1.959045971607853 ], [ 110.245024591340979, -1.959045971607853 ], [ 110.245024591340979, -1.958866308551029 ], [ 110.244844928284152, -1.958866308551029 ], [ 110.244844928284152, -1.959045971607853 ] ] ] } },
{ "type": "Feature", "properties": { "count": 1, "label": 1, "cluster_id": 58 }, "geometry": { "type": "Polygon", "coordinates": [ [ [ 110.244844928284152, -1.959944286891972 ], [ 110.245024591340979, -1.959944286891972 ], [ 110.245024591340979, -1.959764623835148 ], [ 110.244844928284152, -1.959764623835148 ], [ 110.244844928284152, -1.959944286891972 ] ] ] } },
{ "type": "Feature", "properties": { "count": 1, "label": 1, "cluster_id": 58 }, "geometry": { "type": "Polygon", "coordinates": [ [ [ 110.244844928284152, -1.964974852483041 ], [ 110.245024591340979, -1.964974852483041 ], [ 110.245024591340979, -1.964795189426217 ], [ 110.244844928284152, -1.964795189426217 ], [ 110.244844928284152, -1.964974852483041 ] ] ] } },
{ "type": "Feature", "properties": { "count": 1, "label": 1, "cluster_id": 58 }, "geometry": { "type": "Polygon", "coordinates": [ [ [ 110.244844928284152, -1.965334178596689 ], [ 110.245024591340979, -1.965334178596689 ], [ 110.245024591340979, -1.965154515539865 ], [ 110.244844928284152, -1.965154515539865 ], [ 110.244844928284152, -1.965334178596689 ] ] ] } },
{ "type": "Feature", "properties": { "count": 9, "label": 1, "cluster_id": 58 }, "geometry": { "type": "Polygon", "coordinates": [ [ [ 110.244844928284152, -1.970544407244582 ], [ 110.244844928284152, -1.970724070301406 ], [ 110.244485602170514, -1.970724070301406 ], [ 110.244485602170514, -1.97090373335823 ], [ 110.244665265227326, -1.97090373335823 ], [ 110.244665265227326, -1.971083396415054 ], [ 110.244844928284152, -1.971083396415054 ], [ 110.244844928284152, -1.971263059471878 ], [ 110.245204254397805, -1.971263059471878 ], [ 110.245204254397805, -1.97090373335823 ], [ 110.245024591340979, -1.97090373335823 ], [ 110.245024591340979, -1.970544407244582 ], [ 110.244844928284152, -1.970544407244582 ] ] ] } },
{ "type": "Feature", "properties": { "count": 1, "label": 1, "cluster_id": 58 }, "geometry": { "type": "Polygon", "coordinates": [ [ [ 110.244844928284152, -1.973598679210589 ], [ 110.245024591340979, -1.973598679210589 ], [ 110.245024591340979, -1.973419016153765 ], [ 110.244844928284152, -1.973419016153765 ], [ 110.244844928284152, -1.973598679210589 ] ] ] } },
{ "type": "Feature", "properties": { "count": 3, "label": 1, "cluster_id": 58 }, "geometry": { "type": "Polygon", "coordinates": [ [ [ 110.244844928284152, -1.981144527597193 ], [ 110.245024591340979, -1.981144527597193 ], [ 110.245024591340979, -1.980605538426721 ], [ 110.244844928284152, -1.980605538426721 ], [ 110.244844928284152, -1.981144527597193 ] ] ] } },
{ "type": "Feature", "properties": { "count": 2, "label": 1, "cluster_id": 58 }, "geometry": { "type": "Polygon", "coordinates": [ [ [ 110.245024591340979, -1.961022265232915 ], [ 110.245204254397805, -1.961022265232915 ], [ 110.245204254397805, -1.960662939119268 ], [ 110.245024591340979, -1.960662939119268 ], [ 110.245024591340979, -1.961022265232915 ] ] ] } },
{ "type": "Feature", "properties": { "count": 1, "label": 1, "cluster_id": 58 }, "geometry": { "type": "Polygon", "coordinates": [ [ [ 110.245024591340979, -1.961381591346563 ], [ 110.245204254397805, -1.961381591346563 ], [ 110.245204254397805, -1.961201928289739 ], [ 110.245024591340979, -1.961201928289739 ], [ 110.245024591340979, -1.961381591346563 ] ] ] } },
{ "type": "Feature", "properties": { "count": 1, "label": 1, "cluster_id": 58 }, "geometry": { "type": "Polygon", "coordinates": [ [ [ 110.245024591340979, -1.968568113619519 ], [ 110.245204254397805, -1.968568113619519 ], [ 110.245204254397805, -1.968388450562695 ], [ 110.245024591340979, -1.968388450562695 ], [ 110.245024591340979, -1.968568113619519 ] ] ] } },
{ "type": "Feature", "properties": { "count": 1, "label": 1, "cluster_id": 58 }, "geometry": { "type": "Polygon", "coordinates": [ [ [ 110.245024591340979, -1.968927439733167 ], [ 110.245204254397805, -1.968927439733167 ], [ 110.245204254397805, -1.968747776676343 ], [ 110.245024591340979, -1.968747776676343 ], [ 110.245024591340979, -1.968927439733167 ] ] ] } },
{ "type": "Feature", "properties": { "count": 1, "label": 1, "cluster_id": 58 }, "geometry": { "type": "Polygon", "coordinates": [ [ [ 110.245024591340979, -1.969646091960463 ], [ 110.245204254397805, -1.969646091960463 ], [ 110.245204254397805, -1.969466428903639 ], [ 110.245024591340979, -1.969466428903639 ], [ 110.245024591340979, -1.969646091960463 ] ] ] } },
{ "type": "Feature", "properties": { "count": 2, "label": 1, "cluster_id": 58 }, "geometry": { "type": "Polygon", "coordinates": [ [ [ 110.244844928284152, -1.977371603403891 ], [ 110.245204254397805, -1.977371603403891 ], [ 110.245204254397805, -1.977191940347067 ], [ 110.244844928284152, -1.977191940347067 ], [ 110.244844928284152, -1.977371603403891 ] ] ] } },
{ "type": "Feature", "properties": { "count": 9, "label": 1, "cluster_id": 58 }, "geometry": { "type": "Polygon", "coordinates": [ [ [ 110.244665265227326, -1.952578101562192 ], [ 110.244665265227326, -1.95293742767584 ], [ 110.245024591340979, -1.95293742767584 ], [ 110.245024591340979, -1.953117090732664 ], [ 110.245204254397805, -1.953117090732664 ], [ 110.245204254397805, -1.95293742767584 ], [ 110.245383917454632, -1.95293742767584 ], [ 110.245383917454632, -1.952578101562192 ], [ 110.244665265227326, -1.952578101562192 ] ] ] } },
{ "type": "Feature", "properties": { "count": 16, "label": 1, "cluster_id": 58 }, "geometry": { "type": "Polygon", "coordinates": [ [ [ 110.245204254397805, -1.955991699641846 ], [ 110.245204254397805, -1.956710351869142 ], [ 110.245563580511444, -1.956710351869142 ], [ 110.245563580511444, -1.956890014925966 ], [ 110.245922906625097, -1.956890014925966 ], [ 110.245922906625097, -1.956710351869142 ], [ 110.246102569681923, -1.956710351869142 ], [ 110.246102569681923, -1.95617136269867 ], [ 110.24574324356827, -1.95617136269867 ], [ 110.24574324356827, -1.956530688812318 ], [ 110.245563580511444, -1.956530688812318 ], [ 110.245563580511444, -1.95617136269867 ], [ 110.245383917454632, -1.95617136269867 ], [ 110.245383917454632, -1.955991699641846 ], [ 110.245204254397805, -1.955991699641846 ] ] ] } },
{ "type": "Feature", "properties": { "count": 5, "label": 1, "cluster_id": 58 }, "geometry": { "type": "Polygon", "coordinates": [ [ [ 110.245204254397805, -1.956890014925966 ], [ 110.245204254397805, -1.957069677982789 ], [ 110.245024591340979, -1.957069677982789 ], [ 110.245024591340979, -1.957429004096437 ], [ 110.245383917454632, -1.957429004096437 ], [ 110.245383917454632, -1.956890014925966 ], [ 110.245204254397805, -1.956890014925966 ] ] ] } },
{ "type": "Feature", "properties": { "count": 3, "label": 1, "cluster_id": 58 }, "geometry": { "type": "Polygon", "coordinates": [ [ [ 110.245204254397805, -1.960662939119268 ], [ 110.245383917454632, -1.960662939119268 ], [ 110.245383917454632, -1.960123949948796 ], [ 110.245204254397805, -1.960123949948796 ], [ 110.245204254397805, -1.960662939119268 ] ] ] } },
{ "type": "Feature", "properties": { "count": 1, "label": 1, "cluster_id": 58 }, "geometry": { "type": "Polygon", "coordinates": [ [ [ 110.245204254397805, -1.964974852483041 ], [ 110.245383917454632, -1.964974852483041 ], [ 110.245383917454632, -1.964795189426217 ], [ 110.245204254397805, -1.964795189426217 ], [ 110.245204254397805, -1.964974852483041 ] ] ] } },
{ "type": "Feature", "properties": { "count": 1, "label": 1, "cluster_id": 58 }, "geometry": { "type": "Polygon", "coordinates": [ [ [ 110.245204254397805, -1.969286765846815 ], [ 110.245383917454632, -1.969286765846815 ], [ 110.245383917454632, -1.969107102789991 ], [ 110.245204254397805, -1.969107102789991 ], [ 110.245204254397805, -1.969286765846815 ] ] ] } },
{ "type": "Feature", "properties": { "count": 1, "label": 1, "cluster_id": 58 }, "geometry": { "type": "Polygon", "coordinates": [ [ [ 110.245204254397805, -1.97090373335823 ], [ 110.245383917454632, -1.97090373335823 ], [ 110.245383917454632, -1.970724070301406 ], [ 110.245204254397805, -1.970724070301406 ], [ 110.245204254397805, -1.97090373335823 ] ] ] } },
{ "type": "Feature", "properties": { "count": 1, "label": 1, "cluster_id": 58 }, "geometry": { "type": "Polygon", "coordinates": [ [ [ 110.245204254397805, -1.980605538426721 ], [ 110.245383917454632, -1.980605538426721 ], [ 110.245383917454632, -1.980425875369897 ], [ 110.245204254397805, -1.980425875369897 ], [ 110.245204254397805, -1.980605538426721 ] ] ] } },
{ "type": "Feature", "properties": { "count": 4, "label": 1, "cluster_id": 58 }, "geometry": { "type": "Polygon", "coordinates": [ [ [ 110.245383917454632, -1.953835742959959 ], [ 110.245383917454632, -1.954015406016783 ], [ 110.245204254397805, -1.954015406016783 ], [ 110.245204254397805, -1.954374732130431 ], [ 110.245383917454632, -1.954374732130431 ], [ 110.245383917454632, -1.954195069073607 ], [ 110.245563580511444, -1.954195069073607 ], [ 110.245563580511444, -1.953835742959959 ], [ 110.245383917454632, -1.953835742959959 ] ] ] } },
{ "type": "Feature", "properties": { "count": 1, "label": 1, "cluster_id": 58 }, "geometry": { "type": "Polygon", "coordinates": [ [ [ 110.245383917454632, -1.955452710471374 ], [ 110.245563580511444, -1.955452710471374 ], [ 110.245563580511444, -1.955273047414551 ], [ 110.245383917454632, -1.955273047414551 ], [ 110.245383917454632, -1.955452710471374 ] ] ] } },
{ "type": "Feature", "properties": { "count": 3, "label": 1, "cluster_id": 58 }, "geometry": { "type": "Polygon", "coordinates": [ [ [ 110.245383917454632, -1.968927439733167 ], [ 110.245563580511444, -1.968927439733167 ], [ 110.245563580511444, -1.968388450562695 ], [ 110.245383917454632, -1.968388450562695 ], [ 110.245383917454632, -1.968927439733167 ] ] ] } },
{ "type": "Feature", "properties": { "count": 1, "label": 1, "cluster_id": 58 }, "geometry": { "type": "Polygon", "coordinates": [ [ [ 110.245383917454632, -1.970364744187758 ], [ 110.245563580511444, -1.970364744187758 ], [ 110.245563580511444, -1.970185081130934 ], [ 110.245383917454632, -1.970185081130934 ], [ 110.245383917454632, -1.970364744187758 ] ] ] } },
{ "type": "Feature", "properties": { "count": 2, "label": 1, "cluster_id": 58 }, "geometry": { "type": "Polygon", "coordinates": [ [ [ 110.245563580511444, -1.96443586331257 ], [ 110.24574324356827, -1.96443586331257 ], [ 110.24574324356827, -1.964076537198922 ], [ 110.245563580511444, -1.964076537198922 ], [ 110.245563580511444, -1.96443586331257 ] ] ] } },
{ "type": "Feature", "properties": { "count": 2, "label": 1, "cluster_id": 58 }, "geometry": { "type": "Polygon", "coordinates": [ [ [ 110.245563580511444, -1.964974852483041 ], [ 110.24574324356827, -1.964974852483041 ], [ 110.24574324356827, -1.964615526369393 ], [ 110.245563580511444, -1.964615526369393 ], [ 110.245563580511444, -1.964974852483041 ] ] ] } },
{ "type": "Feature", "properties": { "count": 2, "label": 1, "cluster_id": 58 }, "geometry": { "type": "Polygon", "coordinates": [ [ [ 110.245563580511444, -1.9676697983354 ], [ 110.24574324356827, -1.9676697983354 ], [ 110.24574324356827, -1.967310472221752 ], [ 110.245563580511444, -1.967310472221752 ], [ 110.245563580511444, -1.9676697983354 ] ] ] } },
{ "type": "Feature", "properties": { "count": 1, "label": 1, "cluster_id": 58 }, "geometry": { "type": "Polygon", "coordinates": [ [ [ 110.245563580511444, -1.969466428903639 ], [ 110.24574324356827, -1.969466428903639 ], [ 110.24574324356827, -1.969286765846815 ], [ 110.245563580511444, -1.969286765846815 ], [ 110.245563580511444, -1.969466428903639 ] ] ] } },
{ "type": "Feature", "properties": { "count": 1, "label": 1, "cluster_id": 58 }, "geometry": { "type": "Polygon", "coordinates": [ [ [ 110.245563580511444, -1.969825755017287 ], [ 110.24574324356827, -1.969825755017287 ], [ 110.24574324356827, -1.969646091960463 ], [ 110.245563580511444, -1.969646091960463 ], [ 110.245563580511444, -1.969825755017287 ] ] ] } },
{ "type": "Feature", "properties": { "count": 9, "label": 1, "cluster_id": 58 }, "geometry": { "type": "Polygon", "coordinates": [ [ [ 110.245383917454632, -1.971083396415054 ], [ 110.245383917454632, -1.971263059471878 ], [ 110.245204254397805, -1.971263059471878 ], [ 110.245204254397805, -1.971442722528702 ], [ 110.245024591340979, -1.971442722528702 ], [ 110.245024591340979, -1.97180204864235 ], [ 110.245383917454632, -1.97180204864235 ], [ 110.245383917454632, -1.971622385585526 ], [ 110.245563580511444, -1.971622385585526 ], [ 110.245563580511444, -1.971263059471878 ], [ 110.24574324356827, -1.971263059471878 ], [ 110.24574324356827, -1.971083396415054 ], [ 110.245383917454632, -1.971083396415054 ] ] ] } },
{ "type": "Feature", "properties": { "count": 5, "label": 1, "cluster_id": 58 }, "geometry": { "type": "Polygon", "coordinates": [ [ [ 110.245563580511444, -1.953476416846311 ], [ 110.245563580511444, -1.953656079903135 ], [ 110.24574324356827, -1.953656079903135 ], [ 110.24574324356827, -1.953835742959959 ], [ 110.245922906625097, -1.953835742959959 ], [ 110.245922906625097, -1.954015406016783 ], [ 110.246102569681923, -1.954015406016783 ], [ 110.246102569681923, -1.953656079903135 ], [ 110.245922906625097, -1.953656079903135 ], [ 110.245922906625097, -1.953476416846311 ], [ 110.245563580511444, -1.953476416846311 ] ] ] } },
{ "type": "Feature", "properties": { "count": 3, "label": 1, "cluster_id": 58 }, "geometry": { "type": "Polygon", "coordinates": [ [ [ 110.24574324356827, -1.954554395187255 ], [ 110.245922906625097, -1.954554395187255 ], [ 110.245922906625097, -1.954015406016783 ], [ 110.24574324356827, -1.954015406016783 ], [ 110.24574324356827, -1.954554395187255 ] ] ] } },
{ "type": "Feature", "properties": { "count": 2, "label": 1, "cluster_id": 58 }, "geometry": { "type": "Polygon", "coordinates": [ [ [ 110.24574324356827, -1.959764623835148 ], [ 110.245922906625097, -1.959764623835148 ], [ 110.245922906625097, -1.9594052977215 ], [ 110.24574324356827, -1.9594052977215 ], [ 110.24574324356827, -1.959764623835148 ] ] ] } },
{ "type": "Feature", "properties": { "count": 1, "label": 1, "cluster_id": 58 }, "geometry": { "type": "Polygon", "coordinates": [ [ [ 110.24574324356827, -1.966591819994457 ], [ 110.245922906625097, -1.966591819994457 ], [ 110.245922906625097, -1.966412156937632 ], [ 110.24574324356827, -1.966412156937632 ], [ 110.24574324356827, -1.966591819994457 ] ] ] } },
{ "type": "Feature", "properties": { "count": 18, "label": 1, "cluster_id": 58 }, "geometry": { "type": "Polygon", "coordinates": [ [ [ 110.24574324356827, -1.979347897028954 ], [ 110.24574324356827, -1.979527560085778 ], [ 110.245204254397805, -1.979527560085778 ], [ 110.245204254397805, -1.979707223142601 ], [ 110.245024591340979, -1.979707223142601 ], [ 110.245024591340979, -1.980246212313073 ], [ 110.244844928284152, -1.980246212313073 ], [ 110.244844928284152, -1.980425875369897 ], [ 110.245204254397805, -1.980425875369897 ], [ 110.245204254397805, -1.979886886199425 ], [ 110.245383917454632, -1.979886886199425 ], [ 110.245383917454632, -1.980066549256249 ], [ 110.245922906625097, -1.980066549256249 ], [ 110.245922906625097, -1.979707223142601 ], [ 110.246102569681923, -1.979707223142601 ], [ 110.246102569681923, -1.979527560085778 ], [ 110.245922906625097, -1.979527560085778 ], [ 110.245922906625097, -1.979347897028954 ], [ 110.24574324356827, -1.979347897028954 ] ] ] } },
{ "type": "Feature", "properties": { "count": 2, "label": 1, "cluster_id": 58 }, "geometry": { "type": "Polygon", "coordinates": [ [ [ 110.245922906625097, -1.953117090732664 ], [ 110.246102569681923, -1.953117090732664 ], [ 110.246102569681923, -1.952757764619016 ], [ 110.245922906625097, -1.952757764619016 ], [ 110.245922906625097, -1.953117090732664 ] ] ] } },
{ "type": "Feature", "properties": { "count": 7, "label": 1, "cluster_id": 58 }, "geometry": { "type": "Polygon", "coordinates": [ [ [ 110.245922906625097, -1.955093384357727 ], [ 110.245922906625097, -1.955452710471374 ], [ 110.246102569681923, -1.955452710471374 ], [ 110.246102569681923, -1.955632373528198 ], [ 110.24628223273875, -1.955632373528198 ], [ 110.24628223273875, -1.955991699641846 ], [ 110.246461895795576, -1.955991699641846 ], [ 110.246461895795576, -1.955452710471374 ], [ 110.24628223273875, -1.955452710471374 ], [ 110.24628223273875, -1.955273047414551 ], [ 110.246102569681923, -1.955273047414551 ], [ 110.246102569681923, -1.955093384357727 ], [ 110.245922906625097, -1.955093384357727 ] ] ] } },
{ "type": "Feature", "properties": { "count": 1, "label": 1, "cluster_id": 58 }, "geometry": { "type": "Polygon", "coordinates": [ [ [ 110.245922906625097, -1.958327319380557 ], [ 110.246102569681923, -1.958327319380557 ], [ 110.246102569681923, -1.958147656323733 ], [ 110.245922906625097, -1.958147656323733 ], [ 110.245922906625097, -1.958327319380557 ] ] ] } },
{ "type": "Feature", "properties": { "count": 2, "label": 1, "cluster_id": 58 }, "geometry": { "type": "Polygon", "coordinates": [ [ [ 110.245922906625097, -1.958866308551029 ], [ 110.246102569681923, -1.958866308551029 ], [ 110.246102569681923, -1.958506982437381 ], [ 110.245922906625097, -1.958506982437381 ], [ 110.245922906625097, -1.958866308551029 ] ] ] } },
{ "type": "Feature", "properties": { "count": 1, "label": 1, "cluster_id": 58 }, "geometry": { "type": "Polygon", "coordinates": [ [ [ 110.245922906625097, -1.959225634664676 ], [ 110.246102569681923, -1.959225634664676 ], [ 110.246102569681923, -1.959045971607853 ], [ 110.245922906625097, -1.959045971607853 ], [ 110.245922906625097, -1.959225634664676 ] ] ] } },
{ "type": "Feature", "properties": { "count": 1, "label": 1, "cluster_id": 58 }, "geometry": { "type": "Polygon", "coordinates": [ [ [ 110.245922906625097, -1.965693504710337 ], [ 110.246102569681923, -1.965693504710337 ], [ 110.246102569681923, -1.965513841653513 ], [ 110.245922906625097, -1.965513841653513 ], [ 110.245922906625097, -1.965693504710337 ] ] ] } },
{ "type": "Feature", "properties": { "count": 1, "label": 1, "cluster_id": 58 }, "geometry": { "type": "Polygon", "coordinates": [ [ [ 110.245922906625097, -1.969107102789991 ], [ 110.246102569681923, -1.969107102789991 ], [ 110.246102569681923, -1.968927439733167 ], [ 110.245922906625097, -1.968927439733167 ], [ 110.245922906625097, -1.969107102789991 ] ] ] } },
{ "type": "Feature", "properties": { "count": 1, "label": 1, "cluster_id": 58 }, "geometry": { "type": "Polygon", "coordinates": [ [ [ 110.245922906625097, -1.969466428903639 ], [ 110.246102569681923, -1.969466428903639 ], [ 110.246102569681923, -1.969286765846815 ], [ 110.245922906625097, -1.969286765846815 ], [ 110.245922906625097, -1.969466428903639 ] ] ] } },
{ "type": "Feature", "properties": { "count": 1, "label": 1, "cluster_id": 58 }, "geometry": { "type": "Polygon", "coordinates": [ [ [ 110.245922906625097, -1.970185081130934 ], [ 110.246102569681923, -1.970185081130934 ], [ 110.246102569681923, -1.970005418074111 ], [ 110.245922906625097, -1.970005418074111 ], [ 110.245922906625097, -1.970185081130934 ] ] ] } },
{ "type": "Feature", "properties": { "count": 4, "label": 1, "cluster_id": 58 }, "geometry": { "type": "Polygon", "coordinates": [ [ [ 110.245563580511444, -1.970364744187758 ], [ 110.245563580511444, -1.970724070301406 ], [ 110.24574324356827, -1.970724070301406 ], [ 110.24574324356827, -1.970544407244582 ], [ 110.246102569681923, -1.970544407244582 ], [ 110.246102569681923, -1.970364744187758 ], [ 110.245563580511444, -1.970364744187758 ] ] ] } },
{ "type": "Feature", "properties": { "count": 3, "label": 1, "cluster_id": 58 }, "geometry": { "type": "Polygon", "coordinates": [ [ [ 110.245922906625097, -1.971442722528702 ], [ 110.246102569681923, -1.971442722528702 ], [ 110.246102569681923, -1.97090373335823 ], [ 110.245922906625097, -1.97090373335823 ], [ 110.245922906625097, -1.971442722528702 ] ] ] } },
{ "type": "Feature", "properties": { "count": 5, "label": 1, "cluster_id": 58 }, "geometry": { "type": "Polygon", "coordinates": [ [ [ 110.24574324356827, -1.97180204864235 ], [ 110.24574324356827, -1.972341037812821 ], [ 110.245922906625097, -1.972341037812821 ], [ 110.245922906625097, -1.972161374755997 ], [ 110.246102569681923, -1.972161374755997 ], [ 110.246102569681923, -1.97180204864235 ], [ 110.24574324356827, -1.97180204864235 ] ] ] } },
{ "type": "Feature", "properties": { "count": 1, "label": 1, "cluster_id": 58 }, "geometry": { "type": "Polygon", "coordinates": [ [ [ 110.246102569681923, -1.960483276062444 ], [ 110.24628223273875, -1.960483276062444 ], [ 110.24628223273875, -1.96030361300562 ], [ 110.246102569681923, -1.96030361300562 ], [ 110.246102569681923, -1.960483276062444 ] ] ] } },
{ "type": "Feature", "properties": { "count": 25, "label": 1, "cluster_id": 58 }, "geometry": { "type": "Polygon", "coordinates": [ [ [ 110.245383917454632, -1.960662939119268 ], [ 110.245383917454632, -1.961920580517035 ], [ 110.245563580511444, -1.961920580517035 ], [ 110.245563580511444, -1.961381591346563 ], [ 110.24574324356827, -1.961381591346563 ], [ 110.24574324356827, -1.961740917460211 ], [ 110.245922906625097, -1.961740917460211 ], [ 110.245922906625097, -1.961381591346563 ], [ 110.246102569681923, -1.961381591346563 ], [ 110.246102569681923, -1.961201928289739 ], [ 110.24628223273875, -1.961201928289739 ], [ 110.24628223273875, -1.961022265232915 ], [ 110.246461895795576, -1.961022265232915 ], [ 110.246461895795576, -1.960842602176091 ], [ 110.24628223273875, -1.960842602176091 ], [ 110.24628223273875, -1.960662939119268 ], [ 110.245383917454632, -1.960662939119268 ] ] ] } },
{ "type": "Feature", "properties": { "count": 1, "label": 1, "cluster_id": 58 }, "geometry": { "type": "Polygon", "coordinates": [ [ [ 110.246102569681923, -1.967490135278576 ], [ 110.24628223273875, -1.967490135278576 ], [ 110.24628223273875, -1.967310472221752 ], [ 110.246102569681923, -1.967310472221752 ], [ 110.246102569681923, -1.967490135278576 ] ] ] } },
{ "type": "Feature", "properties": { "count": 1, "label": 1, "cluster_id": 58 }, "geometry": { "type": "Polygon", "coordinates": [ [ [ 110.246102569681923, -1.967849461392224 ], [ 110.24628223273875, -1.967849461392224 ], [ 110.24628223273875, -1.9676697983354 ], [ 110.246102569681923, -1.9676697983354 ], [ 110.246102569681923, -1.967849461392224 ] ] ] } },
{ "type": "Feature", "properties": { "count": 1, "label": 1, "cluster_id": 58 }, "geometry": { "type": "Polygon", "coordinates": [ [ [ 110.246102569681923, -1.974676657551532 ], [ 110.24628223273875, -1.974676657551532 ], [ 110.24628223273875, -1.974496994494708 ], [ 110.246102569681923, -1.974496994494708 ], [ 110.246102569681923, -1.974676657551532 ] ] ] } },
{ "type": "Feature", "properties": { "count": 1, "label": 1, "cluster_id": 58 }, "geometry": { "type": "Polygon", "coordinates": [ [ [ 110.246102569681923, -1.976293625062947 ], [ 110.24628223273875, -1.976293625062947 ], [ 110.24628223273875, -1.976113962006123 ], [ 110.246102569681923, -1.976113962006123 ], [ 110.246102569681923, -1.976293625062947 ] ] ] } },
{ "type": "Feature", "properties": { "count": 2, "label": 1, "cluster_id": 58 }, "geometry": { "type": "Polygon", "coordinates": [ [ [ 110.24628223273875, -1.958686645494205 ], [ 110.246461895795576, -1.958686645494205 ], [ 110.246461895795576, -1.958327319380557 ], [ 110.24628223273875, -1.958327319380557 ], [ 110.24628223273875, -1.958686645494205 ] ] ] } },
{ "type": "Feature", "properties": { "count": 1, "label": 1, "cluster_id": 58 }, "geometry": { "type": "Polygon", "coordinates": [ [ [ 110.24628223273875, -1.967310472221752 ], [ 110.246461895795576, -1.967310472221752 ], [ 110.246461895795576, -1.967130809164928 ], [ 110.24628223273875, -1.967130809164928 ], [ 110.24628223273875, -1.967310472221752 ] ] ] } },
{ "type": "Feature", "properties": { "count": 4, "label": 1, "cluster_id": 58 }, "geometry": { "type": "Polygon", "coordinates": [ [ [ 110.24628223273875, -1.969286765846815 ], [ 110.246461895795576, -1.969286765846815 ], [ 110.246461895795576, -1.968568113619519 ], [ 110.24628223273875, -1.968568113619519 ], [ 110.24628223273875, -1.969286765846815 ] ] ] } },
{ "type": "Feature", "properties": { "count": 2, "label": 1, "cluster_id": 58 }, "geometry": { "type": "Polygon", "coordinates": [ [ [ 110.246102569681923, -1.972880026983293 ], [ 110.246461895795576, -1.972880026983293 ], [ 110.246461895795576, -1.972700363926469 ], [ 110.246102569681923, -1.972700363926469 ], [ 110.246102569681923, -1.972880026983293 ] ] ] } },
{ "type": "Feature", "properties": { "count": 1, "label": 1, "cluster_id": 58 }, "geometry": { "type": "Polygon", "coordinates": [ [ [ 110.246461895795576, -1.957788330210085 ], [ 110.246641558852389, -1.957788330210085 ], [ 110.246641558852389, -1.957608667153261 ], [ 110.246461895795576, -1.957608667153261 ], [ 110.246461895795576, -1.957788330210085 ] ] ] } },
{ "type": "Feature", "properties": { "count": 2, "label": 1, "cluster_id": 58 }, "geometry": { "type": "Polygon", "coordinates": [ [ [ 110.24628223273875, -1.96030361300562 ], [ 110.246641558852389, -1.96030361300562 ], [ 110.246641558852389, -1.960123949948796 ], [ 110.24628223273875, -1.960123949948796 ], [ 110.24628223273875, -1.96030361300562 ] ] ] } },
{ "type": "Feature", "properties": { "count": 1, "label": 1, "cluster_id": 58 }, "geometry": { "type": "Polygon", "coordinates": [ [ [ 110.246461895795576, -1.961740917460211 ], [ 110.246641558852389, -1.961740917460211 ], [ 110.246641558852389, -1.961561254403387 ], [ 110.246461895795576, -1.961561254403387 ], [ 110.246461895795576, -1.961740917460211 ] ] ] } },
{ "type": "Feature", "properties": { "count": 7, "label": 1, "cluster_id": 58 }, "geometry": { "type": "Polygon", "coordinates": [ [ [ 110.24628223273875, -1.961920580517035 ], [ 110.24628223273875, -1.962100243573859 ], [ 110.246102569681923, -1.962100243573859 ], [ 110.246102569681923, -1.962279906630683 ], [ 110.24628223273875, -1.962279906630683 ], [ 110.24628223273875, -1.962459569687507 ], [ 110.246641558852389, -1.962459569687507 ], [ 110.246641558852389, -1.961920580517035 ], [ 110.24628223273875, -1.961920580517035 ] ] ] } },
{ "type": "Feature", "properties": { "count": 1, "label": 1, "cluster_id": 58 }, "geometry": { "type": "Polygon", "coordinates": [ [ [ 110.246461895795576, -1.965693504710337 ], [ 110.246641558852389, -1.965693504710337 ], [ 110.246641558852389, -1.965513841653513 ], [ 110.246461895795576, -1.965513841653513 ], [ 110.246461895795576, -1.965693504710337 ] ] ] } },
{ "type": "Feature", "properties": { "count": 18, "label": 1, "cluster_id": 58 }, "geometry": { "type": "Polygon", "coordinates": [ [ [ 110.246461895795576, -1.981863179824488 ], [ 110.246461895795576, -1.98240216899496 ], [ 110.246641558852389, -1.98240216899496 ], [ 110.246641558852389, -1.982761495108608 ], [ 110.246821221909215, -1.982761495108608 ], [ 110.246821221909215, -1.982941158165432 ], [ 110.247360211079695, -1.982941158165432 ], [ 110.247360211079695, -1.982761495108608 ], [ 110.247539874136507, -1.982761495108608 ], [ 110.247539874136507, -1.98240216899496 ], [ 110.247360211079695, -1.98240216899496 ], [ 110.247360211079695, -1.982581832051784 ], [ 110.247180548022868, -1.982581832051784 ], [ 110.247180548022868, -1.982042842881312 ], [ 110.247000884966042, -1.982042842881312 ], [ 110.247000884966042, -1.98240216899496 ], [ 110.246821221909215, -1.98240216899496 ], [ 110.246821221909215, -1.982222505938136 ], [ 110.246641558852389, -1.982222505938136 ], [ 110.246641558852389, -1.981863179824488 ], [ 110.246461895795576, -1.981863179824488 ] ] ] } },
{ "type": "Feature", "properties": { "count": 3, "label": 1, "cluster_id": 58 }, "geometry": { "type": "Polygon", "coordinates": [ [ [ 110.246641558852389, -1.957249341039613 ], [ 110.246641558852389, -1.957608667153261 ], [ 110.247000884966042, -1.957608667153261 ], [ 110.247000884966042, -1.957429004096437 ], [ 110.246821221909215, -1.957429004096437 ], [ 110.246821221909215, -1.957249341039613 ], [ 110.246641558852389, -1.957249341039613 ] ] ] } },
{ "type": "Feature", "properties": { "count": 2, "label": 1, "cluster_id": 58 }, "geometry": { "type": "Polygon", "coordinates": [ [ [ 110.246641558852389, -1.958147656323733 ], [ 110.246821221909215, -1.958147656323733 ], [ 110.246821221909215, -1.957788330210085 ], [ 110.246641558852389, -1.957788330210085 ], [ 110.246641558852389, -1.958147656323733 ] ] ] } },
{ "type": "Feature", "properties": { "count": 1, "label": 1, "cluster_id": 58 }, "geometry": { "type": "Polygon", "coordinates": [ [ [ 110.246641558852389, -1.965873167767161 ], [ 110.246821221909215, -1.965873167767161 ], [ 110.246821221909215, -1.965693504710337 ], [ 110.246641558852389, -1.965693504710337 ], [ 110.246641558852389, -1.965873167767161 ] ] ] } },
{ "type": "Feature", "properties": { "count": 1, "label": 1, "cluster_id": 58 }, "geometry": { "type": "Polygon", "coordinates": [ [ [ 110.246641558852389, -1.968388450562695 ], [ 110.246821221909215, -1.968388450562695 ], [ 110.246821221909215, -1.968208787505872 ], [ 110.246641558852389, -1.968208787505872 ], [ 110.246641558852389, -1.968388450562695 ] ] ] } },
{ "type": "Feature", "properties": { "count": 6, "label": 1, "cluster_id": 58 }, "geometry": { "type": "Polygon", "coordinates": [ [ [ 110.246461895795576, -1.969286765846815 ], [ 110.246461895795576, -1.969466428903639 ], [ 110.24628223273875, -1.969466428903639 ], [ 110.24628223273875, -1.969646091960463 ], [ 110.247000884966042, -1.969646091960463 ], [ 110.247000884966042, -1.969466428903639 ], [ 110.246821221909215, -1.969466428903639 ], [ 110.246821221909215, -1.969286765846815 ], [ 110.246461895795576, -1.969286765846815 ] ] ] } },
{ "type": "Feature", "properties": { "count": 1, "label": 1, "cluster_id": 58 }, "geometry": { "type": "Polygon", "coordinates": [ [ [ 110.246641558852389, -1.970005418074111 ], [ 110.246821221909215, -1.970005418074111 ], [ 110.246821221909215, -1.969825755017287 ], [ 110.246641558852389, -1.969825755017287 ], [ 110.246641558852389, -1.970005418074111 ] ] ] } },
{ "type": "Feature", "properties": { "count": 1, "label": 1, "cluster_id": 58 }, "geometry": { "type": "Polygon", "coordinates": [ [ [ 110.246641558852389, -1.980425875369897 ], [ 110.246821221909215, -1.980425875369897 ], [ 110.246821221909215, -1.980246212313073 ], [ 110.246641558852389, -1.980246212313073 ], [ 110.246641558852389, -1.980425875369897 ] ] ] } },
{ "type": "Feature", "properties": { "count": 1, "label": 1, "cluster_id": 58 }, "geometry": { "type": "Polygon", "coordinates": [ [ [ 110.246821221909215, -1.960483276062444 ], [ 110.247000884966042, -1.960483276062444 ], [ 110.247000884966042, -1.96030361300562 ], [ 110.246821221909215, -1.96030361300562 ], [ 110.246821221909215, -1.960483276062444 ] ] ] } },
{ "type": "Feature", "properties": { "count": 1, "label": 1, "cluster_id": 58 }, "geometry": { "type": "Polygon", "coordinates": [ [ [ 110.246821221909215, -1.980964864540369 ], [ 110.247000884966042, -1.980964864540369 ], [ 110.247000884966042, -1.980785201483545 ], [ 110.246821221909215, -1.980785201483545 ], [ 110.246821221909215, -1.980964864540369 ] ] ] } },
{ "type": "Feature", "properties": { "count": 1, "label": 1, "cluster_id": 58 }, "geometry": { "type": "Polygon", "coordinates": [ [ [ 110.246821221909215, -1.981324190654017 ], [ 110.247000884966042, -1.981324190654017 ], [ 110.247000884966042, -1.981144527597193 ], [ 110.246821221909215, -1.981144527597193 ], [ 110.246821221909215, -1.981324190654017 ] ] ] } },
{ "type": "Feature", "properties": { "count": 3, "label": 1, "cluster_id": 58 }, "geometry": { "type": "Polygon", "coordinates": [ [ [ 110.247000884966042, -1.957249341039613 ], [ 110.247180548022868, -1.957249341039613 ], [ 110.247180548022868, -1.956710351869142 ], [ 110.247000884966042, -1.956710351869142 ], [ 110.247000884966042, -1.957249341039613 ] ] ] } },
{ "type": "Feature", "properties": { "count": 25, "label": 1, "cluster_id": 58 }, "geometry": { "type": "Polygon", "coordinates": [ [ [ 110.246821221909215, -1.960842602176091 ], [ 110.246821221909215, -1.961022265232915 ], [ 110.246461895795576, -1.961022265232915 ], [ 110.246461895795576, -1.961201928289739 ], [ 110.246821221909215, -1.961201928289739 ], [ 110.246821221909215, -1.962279906630683 ], [ 110.247000884966042, -1.962279906630683 ], [ 110.247000884966042, -1.962100243573859 ], [ 110.247360211079695, -1.962100243573859 ], [ 110.247360211079695, -1.961920580517035 ], [ 110.247180548022868, -1.961920580517035 ], [ 110.247180548022868, -1.961740917460211 ], [ 110.247360211079695, -1.961740917460211 ], [ 110.247360211079695, -1.961920580517035 ], [ 110.247539874136507, -1.961920580517035 ], [ 110.247539874136507, -1.961740917460211 ], [ 110.247719537193333, -1.961740917460211 ], [ 110.247719537193333, -1.961381591346563 ], [ 110.247539874136507, -1.961381591346563 ], [ 110.247539874136507, -1.961201928289739 ], [ 110.247360211079695, -1.961201928289739 ], [ 110.247360211079695, -1.961381591346563 ], [ 110.247000884966042, -1.961381591346563 ], [ 110.247000884966042, -1.961201928289739 ], [ 110.247180548022868, -1.961201928289739 ], [ 110.247180548022868, -1.960842602176091 ], [ 110.246821221909215, -1.960842602176091 ] ] ] } },
{ "type": "Feature", "properties": { "count": 1, "label": 1, "cluster_id": 58 }, "geometry": { "type": "Polygon", "coordinates": [ [ [ 110.247180548022868, -1.956351025755494 ], [ 110.247360211079695, -1.956351025755494 ], [ 110.247360211079695, -1.95617136269867 ], [ 110.247180548022868, -1.95617136269867 ], [ 110.247180548022868, -1.956351025755494 ] ] ] } },
{ "type": "Feature", "properties": { "count": 1, "label": 1, "cluster_id": 58 }, "geometry": { "type": "Polygon", "coordinates": [ [ [ 110.247180548022868, -1.956710351869142 ], [ 110.247360211079695, -1.956710351869142 ], [ 110.247360211079695, -1.956530688812318 ], [ 110.247180548022868, -1.956530688812318 ], [ 110.247180548022868, -1.956710351869142 ] ] ] } },
{ "type": "Feature", "properties": { "count": 4, "label": 1, "cluster_id": 58 }, "geometry": { "type": "Polygon", "coordinates": [ [ [ 110.247180548022868, -1.967490135278576 ], [ 110.247180548022868, -1.9676697983354 ], [ 110.247000884966042, -1.9676697983354 ], [ 110.247000884966042, -1.967849461392224 ], [ 110.247180548022868, -1.967849461392224 ], [ 110.247180548022868, -1.968029124449048 ], [ 110.247360211079695, -1.968029124449048 ], [ 110.247360211079695, -1.967490135278576 ], [ 110.247180548022868, -1.967490135278576 ] ] ] } },
{ "type": "Feature", "properties": { "count": 1, "label": 1, "cluster_id": 58 }, "geometry": { "type": "Polygon", "coordinates": [ [ [ 110.247180548022868, -1.969466428903639 ], [ 110.247360211079695, -1.969466428903639 ], [ 110.247360211079695, -1.969286765846815 ], [ 110.247180548022868, -1.969286765846815 ], [ 110.247180548022868, -1.969466428903639 ] ] ] } },
{ "type": "Feature", "properties": { "count": 1, "label": 1, "cluster_id": 58 }, "geometry": { "type": "Polygon", "coordinates": [ [ [ 110.247180548022868, -1.974676657551532 ], [ 110.247360211079695, -1.974676657551532 ], [ 110.247360211079695, -1.974496994494708 ], [ 110.247180548022868, -1.974496994494708 ], [ 110.247180548022868, -1.974676657551532 ] ] ] } },
{ "type": "Feature", "properties": { "count": 6, "label": 1, "cluster_id": 58 }, "geometry": { "type": "Polygon", "coordinates": [ [ [ 110.246821221909215, -1.97503598366518 ], [ 110.246821221909215, -1.975574972835652 ], [ 110.247000884966042, -1.975574972835652 ], [ 110.247000884966042, -1.975395309778828 ], [ 110.247180548022868, -1.975395309778828 ], [ 110.247180548022868, -1.975215646722004 ], [ 110.247360211079695, -1.975215646722004 ], [ 110.247360211079695, -1.97503598366518 ], [ 110.246821221909215, -1.97503598366518 ] ] ] } },
{ "type": "Feature", "properties": { "count": 2, "label": 1, "cluster_id": 58 }, "geometry": { "type": "Polygon", "coordinates": [ [ [ 110.247180548022868, -1.980066549256249 ], [ 110.247360211079695, -1.980066549256249 ], [ 110.247360211079695, -1.979707223142601 ], [ 110.247180548022868, -1.979707223142601 ], [ 110.247180548022868, -1.980066549256249 ] ] ] } },
{ "type": "Feature", "properties": { "count": 1, "label": 1, "cluster_id": 58 }, "geometry": { "type": "Polygon", "coordinates": [ [ [ 110.247360211079695, -1.955452710471374 ], [ 110.247539874136507, -1.955452710471374 ], [ 110.247539874136507, -1.955273047414551 ], [ 110.247360211079695, -1.955273047414551 ], [ 110.247360211079695, -1.955452710471374 ] ] ] } },
{ "type": "Feature", "properties": { "count": 106, "label": 1, "cluster_id": 58 }, "geometry": { "type": "Polygon", "coordinates": [ [ [ 110.247360211079695, -1.976293625062947 ], [ 110.247360211079695, -1.976473288119771 ], [ 110.247180548022868, -1.976473288119771 ], [ 110.247180548022868, -1.976293625062947 ], [ 110.247000884966042, -1.976293625062947 ], [ 110.247000884966042, -1.976473288119771 ], [ 110.246821221909215, -1.976473288119771 ], [ 110.246821221909215, -1.976652951176595 ], [ 110.246641558852389, -1.976652951176595 ], [ 110.246641558852389, -1.976832614233419 ], [ 110.24628223273875, -1.976832614233419 ], [ 110.24628223273875, -1.976473288119771 ], [ 110.245204254397805, -1.976473288119771 ], [ 110.245204254397805, -1.976652951176595 ], [ 110.245383917454632, -1.976652951176595 ], [ 110.245383917454632, -1.977012277290243 ], [ 110.245563580511444, -1.977012277290243 ], [ 110.245563580511444, -1.977371603403891 ], [ 110.24574324356827, -1.977371603403891 ], [ 110.24574324356827, -1.977730929517538 ], [ 110.245922906625097, -1.977730929517538 ], [ 110.245922906625097, -1.977012277290243 ], [ 110.246461895795576, -1.977012277290243 ], [ 110.246461895795576, -1.977371603403891 ], [ 110.246641558852389, -1.977371603403891 ], [ 110.246641558852389, -1.977551266460715 ], [ 110.246461895795576, -1.977551266460715 ], [ 110.246461895795576, -1.977910592574362 ], [ 110.246102569681923, -1.977910592574362 ], [ 110.246102569681923, -1.978988570915306 ], [ 110.24628223273875, -1.978988570915306 ], [ 110.24628223273875, -1.97916823397213 ], [ 110.246102569681923, -1.97916823397213 ], [ 110.246102569681923, -1.979347897028954 ], [ 110.24628223273875, -1.979347897028954 ], [ 110.24628223273875, -1.979527560085778 ], [ 110.246461895795576, -1.979527560085778 ], [ 110.246461895795576, -1.979707223142601 ], [ 110.246641558852389, -1.979707223142601 ], [ 110.246641558852389, -1.979886886199425 ], [ 110.246821221909215, -1.979886886199425 ], [ 110.246821221909215, -1.979707223142601 ], [ 110.247000884966042, -1.979707223142601 ], [ 110.247000884966042, -1.979527560085778 ], [ 110.246821221909215, -1.979527560085778 ], [ 110.246821221909215, -1.979347897028954 ], [ 110.246641558852389, -1.979347897028954 ], [ 110.246641558852389, -1.97916823397213 ], [ 110.246461895795576, -1.97916823397213 ], [ 110.246461895795576, -1.978988570915306 ], [ 110.246641558852389, -1.978988570915306 ], [ 110.246641558852389, -1.978808907858482 ], [ 110.246461895795576, -1.978808907858482 ], [ 110.246461895795576, -1.978629244801658 ], [ 110.246821221909215, -1.978629244801658 ], [ 110.246821221909215, -1.978449581744834 ], [ 110.247180548022868, -1.978449581744834 ], [ 110.247180548022868, -1.977910592574362 ], [ 110.247000884966042, -1.977910592574362 ], [ 110.247000884966042, -1.977551266460715 ], [ 110.247360211079695, -1.977551266460715 ], [ 110.247360211079695, -1.977371603403891 ], [ 110.247539874136507, -1.977371603403891 ], [ 110.247539874136507, -1.977012277290243 ], [ 110.24789920025016, -1.977012277290243 ], [ 110.24789920025016, -1.976652951176595 ], [ 110.248078863306986, -1.976652951176595 ], [ 110.248078863306986, -1.976473288119771 ], [ 110.247719537193333, -1.976473288119771 ], [ 110.247719537193333, -1.976652951176595 ], [ 110.247539874136507, -1.976652951176595 ], [ 110.247539874136507, -1.976293625062947 ], [ 110.247360211079695, -1.976293625062947 ] ] ] } },
{ "type": "Feature", "properties": { "count": 1, "label": 1, "cluster_id": 58 }, "geometry": { "type": "Polygon", "coordinates": [ [ [ 110.247539874136507, -1.966232493880809 ], [ 110.247719537193333, -1.966232493880809 ], [ 110.247719537193333, -1.966052830823985 ], [ 110.247539874136507, -1.966052830823985 ], [ 110.247539874136507, -1.966232493880809 ] ] ] } },
{ "type": "Feature", "properties": { "count": 40, "label": 1, "cluster_id": 58 }, "geometry": { "type": "Polygon", "coordinates": [ [ [ 110.247539874136507, -1.969646091960463 ], [ 110.247539874136507, -1.969825755017287 ], [ 110.247360211079695, -1.969825755017287 ], [ 110.247360211079695, -1.970005418074111 ], [ 110.247539874136507, -1.970005418074111 ], [ 110.247539874136507, -1.970185081130934 ], [ 110.247360211079695, -1.970185081130934 ], [ 110.247360211079695, -1.970005418074111 ], [ 110.247180548022868, -1.970005418074111 ], [ 110.247180548022868, -1.970185081130934 ], [ 110.247000884966042, -1.970185081130934 ], [ 110.247000884966042, -1.970364744187758 ], [ 110.247180548022868, -1.970364744187758 ], [ 110.247180548022868, -1.971263059471878 ], [ 110.247000884966042, -1.971263059471878 ], [ 110.247000884966042, -1.971442722528702 ], [ 110.246821221909215, -1.971442722528702 ], [ 110.246821221909215, -1.971981711699174 ], [ 110.247000884966042, -1.971981711699174 ], [ 110.247000884966042, -1.97180204864235 ], [ 110.247180548022868, -1.97180204864235 ], [ 110.247180548022868, -1.971622385585526 ], [ 110.247539874136507, -1.971622385585526 ], [ 110.247539874136507, -1.971263059471878 ], [ 110.248078863306986, -1.971263059471878 ], [ 110.248078863306986, -1.971083396415054 ], [ 110.248258526363813, -1.971083396415054 ], [ 110.248258526363813, -1.97090373335823 ], [ 110.24789920025016, -1.97090373335823 ], [ 110.24789920025016, -1.970544407244582 ], [ 110.247719537193333, -1.970544407244582 ], [ 110.247719537193333, -1.97090373335823 ], [ 110.247539874136507, -1.97090373335823 ], [ 110.247539874136507, -1.970724070301406 ], [ 110.247360211079695, -1.970724070301406 ], [ 110.247360211079695, -1.970544407244582 ], [ 110.247719537193333, -1.970544407244582 ], [ 110.247719537193333, -1.970005418074111 ], [ 110.248078863306986, -1.970005418074111 ], [ 110.248078863306986, -1.969825755017287 ], [ 110.247719537193333, -1.969825755017287 ], [ 110.247719537193333, -1.969646091960463 ], [ 110.247539874136507, -1.969646091960463 ] ] ] } },
{ "type": "Feature", "properties": { "count": 7, "label": 1, "cluster_id": 58 }, "geometry": { "type": "Polygon", "coordinates": [ [ [ 110.247539874136507, -1.978988570915306 ], [ 110.247539874136507, -1.979886886199425 ], [ 110.247719537193333, -1.979886886199425 ], [ 110.247719537193333, -1.980066549256249 ], [ 110.24789920025016, -1.980066549256249 ], [ 110.24789920025016, -1.979707223142601 ], [ 110.247719537193333, -1.979707223142601 ], [ 110.247719537193333, -1.978988570915306 ], [ 110.247539874136507, -1.978988570915306 ] ] ] } },
{ "type": "Feature", "properties": { "count": 1, "label": 1, "cluster_id": 58 }, "geometry": { "type": "Polygon", "coordinates": [ [ [ 110.247539874136507, -1.980246212313073 ], [ 110.247719537193333, -1.980246212313073 ], [ 110.247719537193333, -1.980066549256249 ], [ 110.247539874136507, -1.980066549256249 ], [ 110.247539874136507, -1.980246212313073 ] ] ] } },
{ "type": "Feature", "properties": { "count": 2, "label": 1, "cluster_id": 58 }, "geometry": { "type": "Polygon", "coordinates": [ [ [ 110.247719537193333, -1.955632373528198 ], [ 110.24789920025016, -1.955632373528198 ], [ 110.24789920025016, -1.955273047414551 ], [ 110.247719537193333, -1.955273047414551 ], [ 110.247719537193333, -1.955632373528198 ] ] ] } },
{ "type": "Feature", "properties": { "count": 1, "label": 1, "cluster_id": 58 }, "geometry": { "type": "Polygon", "coordinates": [ [ [ 110.247719537193333, -1.964615526369393 ], [ 110.24789920025016, -1.964615526369393 ], [ 110.24789920025016, -1.96443586331257 ], [ 110.247719537193333, -1.96443586331257 ], [ 110.247719537193333, -1.964615526369393 ] ] ] } },
{ "type": "Feature", "properties": { "count": 10, "label": 1, "cluster_id": 58 }, "geometry": { "type": "Polygon", "coordinates": [ [ [ 110.247719537193333, -1.964795189426217 ], [ 110.247719537193333, -1.965154515539865 ], [ 110.247180548022868, -1.965154515539865 ], [ 110.247180548022868, -1.965334178596689 ], [ 110.247539874136507, -1.965334178596689 ], [ 110.247539874136507, -1.965873167767161 ], [ 110.247719537193333, -1.965873167767161 ], [ 110.247719537193333, -1.965513841653513 ], [ 110.24789920025016, -1.965513841653513 ], [ 110.24789920025016, -1.964795189426217 ], [ 110.247719537193333, -1.964795189426217 ] ] ] } },
{ "type": "Feature", "properties": { "count": 1, "label": 1, "cluster_id": 58 }, "geometry": { "type": "Polygon", "coordinates": [ [ [ 110.247719537193333, -1.968388450562695 ], [ 110.24789920025016, -1.968388450562695 ], [ 110.24789920025016, -1.968208787505872 ], [ 110.247719537193333, -1.968208787505872 ], [ 110.247719537193333, -1.968388450562695 ] ] ] } },
{ "type": "Feature", "properties": { "count": 5, "label": 1, "cluster_id": 58 }, "geometry": { "type": "Polygon", "coordinates": [ [ [ 110.247539874136507, -1.980785201483545 ], [ 110.247539874136507, -1.981324190654017 ], [ 110.247719537193333, -1.981324190654017 ], [ 110.247719537193333, -1.981144527597193 ], [ 110.24789920025016, -1.981144527597193 ], [ 110.24789920025016, -1.980785201483545 ], [ 110.247539874136507, -1.980785201483545 ] ] ] } },
{ "type": "Feature", "properties": { "count": 1, "label": 1, "cluster_id": 58 }, "geometry": { "type": "Polygon", "coordinates": [ [ [ 110.24789920025016, -1.959045971607853 ], [ 110.248078863306986, -1.959045971607853 ], [ 110.248078863306986, -1.958866308551029 ], [ 110.24789920025016, -1.958866308551029 ], [ 110.24789920025016, -1.959045971607853 ] ] ] } },
{ "type": "Feature", "properties": { "count": 6, "label": 1, "cluster_id": 58 }, "geometry": { "type": "Polygon", "coordinates": [ [ [ 110.247719537193333, -1.961920580517035 ], [ 110.247719537193333, -1.962100243573859 ], [ 110.247539874136507, -1.962100243573859 ], [ 110.247539874136507, -1.962279906630683 ], [ 110.247360211079695, -1.962279906630683 ], [ 110.247360211079695, -1.962459569687507 ], [ 110.247719537193333, -1.962459569687507 ], [ 110.247719537193333, -1.962279906630683 ], [ 110.24789920025016, -1.962279906630683 ], [ 110.24789920025016, -1.962100243573859 ], [ 110.248078863306986, -1.962100243573859 ], [ 110.248078863306986, -1.961920580517035 ], [ 110.247719537193333, -1.961920580517035 ] ] ] } },
{ "type": "Feature", "properties": { "count": 1, "label": 1, "cluster_id": 58 }, "geometry": { "type": "Polygon", "coordinates": [ [ [ 110.24789920025016, -1.965873167767161 ], [ 110.248078863306986, -1.965873167767161 ], [ 110.248078863306986, -1.965693504710337 ], [ 110.24789920025016, -1.965693504710337 ], [ 110.24789920025016, -1.965873167767161 ] ] ] } },
{ "type": "Feature", "properties": { "count": 10, "label": 1, "cluster_id": 58 }, "geometry": { "type": "Polygon", "coordinates": [ [ [ 110.24789920025016, -1.966412156937632 ], [ 110.24789920025016, -1.966591819994457 ], [ 110.247719537193333, -1.966591819994457 ], [ 110.247719537193333, -1.966412156937632 ], [ 110.247539874136507, -1.966412156937632 ], [ 110.247539874136507, -1.966951146108104 ], [ 110.247360211079695, -1.966951146108104 ], [ 110.247360211079695, -1.967310472221752 ], [ 110.247539874136507, -1.967310472221752 ], [ 110.247539874136507, -1.967130809164928 ], [ 110.247719537193333, -1.967130809164928 ], [ 110.247719537193333, -1.96677148305128 ], [ 110.248258526363813, -1.96677148305128 ], [ 110.248258526363813, -1.966591819994457 ], [ 110.248078863306986, -1.966591819994457 ], [ 110.248078863306986, -1.966412156937632 ], [ 110.24789920025016, -1.966412156937632 ] ] ] } },
{ "type": "Feature", "properties": { "count": 1, "label": 1, "cluster_id": 58 }, "geometry": { "type": "Polygon", "coordinates": [ [ [ 110.24789920025016, -1.970364744187758 ], [ 110.248078863306986, -1.970364744187758 ], [ 110.248078863306986, -1.970185081130934 ], [ 110.24789920025016, -1.970185081130934 ], [ 110.24789920025016, -1.970364744187758 ] ] ] } },
{ "type": "Feature", "properties": { "count": 1, "label": 1, "cluster_id": 58 }, "geometry": { "type": "Polygon", "coordinates": [ [ [ 110.24789920025016, -1.973419016153765 ], [ 110.248078863306986, -1.973419016153765 ], [ 110.248078863306986, -1.973239353096941 ], [ 110.24789920025016, -1.973239353096941 ], [ 110.24789920025016, -1.973419016153765 ] ] ] } },
{ "type": "Feature", "properties": { "count": 8, "label": 1, "cluster_id": 58 }, "geometry": { "type": "Polygon", "coordinates": [ [ [ 110.247719537193333, -1.978090255631186 ], [ 110.247719537193333, -1.97826991868801 ], [ 110.24789920025016, -1.97826991868801 ], [ 110.24789920025016, -1.978808907858482 ], [ 110.248438189420639, -1.978808907858482 ], [ 110.248438189420639, -1.978629244801658 ], [ 110.248258526363813, -1.978629244801658 ], [ 110.248258526363813, -1.978449581744834 ], [ 110.248078863306986, -1.978449581744834 ], [ 110.248078863306986, -1.978090255631186 ], [ 110.247719537193333, -1.978090255631186 ] ] ] } },
{ "type": "Feature", "properties": { "count": 2, "label": 1, "cluster_id": 58 }, "geometry": { "type": "Polygon", "coordinates": [ [ [ 110.248078863306986, -1.960662939119268 ], [ 110.248258526363813, -1.960662939119268 ], [ 110.248258526363813, -1.96030361300562 ], [ 110.248078863306986, -1.96030361300562 ], [ 110.248078863306986, -1.960662939119268 ] ] ] } },
{ "type": "Feature", "properties": { "count": 1, "label": 1, "cluster_id": 58 }, "geometry": { "type": "Polygon", "coordinates": [ [ [ 110.248078863306986, -1.968208787505872 ], [ 110.248258526363813, -1.968208787505872 ], [ 110.248258526363813, -1.968029124449048 ], [ 110.248078863306986, -1.968029124449048 ], [ 110.248078863306986, -1.968208787505872 ] ] ] } },
{ "type": "Feature", "properties": { "count": 1, "label": 1, "cluster_id": 58 }, "geometry": { "type": "Polygon", "coordinates": [ [ [ 110.248078863306986, -1.968568113619519 ], [ 110.248258526363813, -1.968568113619519 ], [ 110.248258526363813, -1.968388450562695 ], [ 110.248078863306986, -1.968388450562695 ], [ 110.248078863306986, -1.968568113619519 ] ] ] } },
{ "type": "Feature", "properties": { "count": 2, "label": 1, "cluster_id": 58 }, "geometry": { "type": "Polygon", "coordinates": [ [ [ 110.24789920025016, -1.975395309778828 ], [ 110.248258526363813, -1.975395309778828 ], [ 110.248258526363813, -1.975215646722004 ], [ 110.24789920025016, -1.975215646722004 ], [ 110.24789920025016, -1.975395309778828 ] ] ] } },
{ "type": "Feature", "properties": { "count": 3, "label": 1, "cluster_id": 58 }, "geometry": { "type": "Polygon", "coordinates": [ [ [ 110.24789920025016, -1.979347897028954 ], [ 110.24789920025016, -1.979707223142601 ], [ 110.248078863306986, -1.979707223142601 ], [ 110.248078863306986, -1.979527560085778 ], [ 110.248258526363813, -1.979527560085778 ], [ 110.248258526363813, -1.979347897028954 ], [ 110.24789920025016, -1.979347897028954 ] ] ] } },
{ "type": "Feature", "properties": { "count": 11, "label": 1, "cluster_id": 58 }, "geometry": { "type": "Polygon", "coordinates": [ [ [ 110.24789920025016, -1.98150385371084 ], [ 110.24789920025016, -1.981683516767664 ], [ 110.248078863306986, -1.981683516767664 ], [ 110.248078863306986, -1.981863179824488 ], [ 110.24789920025016, -1.981863179824488 ], [ 110.24789920025016, -1.982581832051784 ], [ 110.248258526363813, -1.982581832051784 ], [ 110.248258526363813, -1.98240216899496 ], [ 110.248078863306986, -1.98240216899496 ], [ 110.248078863306986, -1.982222505938136 ], [ 110.248258526363813, -1.982222505938136 ], [ 110.248258526363813, -1.981863179824488 ], [ 110.248438189420639, -1.981863179824488 ], [ 110.248438189420639, -1.981683516767664 ], [ 110.248258526363813, -1.981683516767664 ], [ 110.248258526363813, -1.98150385371084 ], [ 110.24789920025016, -1.98150385371084 ] ] ] } },
{ "type": "Feature", "properties": { "count": 5, "label": 1, "cluster_id": 58 }, "geometry": { "type": "Polygon", "coordinates": [ [ [ 110.248078863306986, -1.958327319380557 ], [ 110.248078863306986, -1.958866308551029 ], [ 110.248258526363813, -1.958866308551029 ], [ 110.248258526363813, -1.958686645494205 ], [ 110.248438189420639, -1.958686645494205 ], [ 110.248438189420639, -1.958327319380557 ], [ 110.248078863306986, -1.958327319380557 ] ] ] } },
{ "type": "Feature", "properties": { "count": 2, "label": 1, "cluster_id": 58 }, "geometry": { "type": "Polygon", "coordinates": [ [ [ 110.248258526363813, -1.959225634664676 ], [ 110.248438189420639, -1.959225634664676 ], [ 110.248438189420639, -1.958866308551029 ], [ 110.248258526363813, -1.958866308551029 ], [ 110.248258526363813, -1.959225634664676 ] ] ] } },
{ "type": "Feature", "properties": { "count": 1, "label": 1, "cluster_id": 58 }, "geometry": { "type": "Polygon", "coordinates": [ [ [ 110.248438189420639, -1.958327319380557 ], [ 110.248617852477452, -1.958327319380557 ], [ 110.248617852477452, -1.958147656323733 ], [ 110.248438189420639, -1.958147656323733 ], [ 110.248438189420639, -1.958327319380557 ] ] ] } },
{ "type": "Feature", "properties": { "count": 1, "label": 1, "cluster_id": 58 }, "geometry": { "type": "Polygon", "coordinates": [ [ [ 110.248438189420639, -1.966052830823985 ], [ 110.248617852477452, -1.966052830823985 ], [ 110.248617852477452, -1.965873167767161 ], [ 110.248438189420639, -1.965873167767161 ], [ 110.248438189420639, -1.966052830823985 ] ] ] } },
{ "type": "Feature", "properties": { "count": 4, "label": 1, "cluster_id": 58 }, "geometry": { "type": "Polygon", "coordinates": [ [ [ 110.248258526363813, -1.967490135278576 ], [ 110.248617852477452, -1.967490135278576 ], [ 110.248617852477452, -1.967130809164928 ], [ 110.248258526363813, -1.967130809164928 ], [ 110.248258526363813, -1.967490135278576 ] ] ] } },
{ "type": "Feature", "properties": { "count": 1, "label": 1, "cluster_id": 58 }, "geometry": { "type": "Polygon", "coordinates": [ [ [ 110.248438189420639, -1.968388450562695 ], [ 110.248617852477452, -1.968388450562695 ], [ 110.248617852477452, -1.968208787505872 ], [ 110.248438189420639, -1.968208787505872 ], [ 110.248438189420639, -1.968388450562695 ] ] ] } },
{ "type": "Feature", "properties": { "count": 4, "label": 1, "cluster_id": 58 }, "geometry": { "type": "Polygon", "coordinates": [ [ [ 110.248617852477452, -1.957069677982789 ], [ 110.248617852477452, -1.957608667153261 ], [ 110.248977178591105, -1.957608667153261 ], [ 110.248977178591105, -1.957429004096437 ], [ 110.248797515534278, -1.957429004096437 ], [ 110.248797515534278, -1.957069677982789 ], [ 110.248617852477452, -1.957069677982789 ] ] ] } },
{ "type": "Feature", "properties": { "count": 1, "label": 1, "cluster_id": 58 }, "geometry": { "type": "Polygon", "coordinates": [ [ [ 110.248797515534278, -1.960662939119268 ], [ 110.248977178591105, -1.960662939119268 ], [ 110.248977178591105, -1.960483276062444 ], [ 110.248797515534278, -1.960483276062444 ], [ 110.248797515534278, -1.960662939119268 ] ] ] } },
{ "type": "Feature", "properties": { "count": 2, "label": 1, "cluster_id": 58 }, "geometry": { "type": "Polygon", "coordinates": [ [ [ 110.248797515534278, -1.968388450562695 ], [ 110.248977178591105, -1.968388450562695 ], [ 110.248977178591105, -1.968029124449048 ], [ 110.248797515534278, -1.968029124449048 ], [ 110.248797515534278, -1.968388450562695 ] ] ] } },
{ "type": "Feature", "properties": { "count": 1, "label": 1, "cluster_id": 58 }, "geometry": { "type": "Polygon", "coordinates": [ [ [ 110.248797515534278, -1.969466428903639 ], [ 110.248977178591105, -1.969466428903639 ], [ 110.248977178591105, -1.969286765846815 ], [ 110.248797515534278, -1.969286765846815 ], [ 110.248797515534278, -1.969466428903639 ] ] ] } },
{ "type": "Feature", "properties": { "count": 1, "label": 1, "cluster_id": 58 }, "geometry": { "type": "Polygon", "coordinates": [ [ [ 110.248797515534278, -1.971442722528702 ], [ 110.248977178591105, -1.971442722528702 ], [ 110.248977178591105, -1.971263059471878 ], [ 110.248797515534278, -1.971263059471878 ], [ 110.248797515534278, -1.971442722528702 ] ] ] } },
{ "type": "Feature", "properties": { "count": 4, "label": 1, "cluster_id": 58 }, "geometry": { "type": "Polygon", "coordinates": [ [ [ 110.248797515534278, -1.965873167767161 ], [ 110.249156841647931, -1.965873167767161 ], [ 110.249156841647931, -1.965513841653513 ], [ 110.248797515534278, -1.965513841653513 ], [ 110.248797515534278, -1.965873167767161 ] ] ] } },
{ "type": "Feature", "properties": { "count": 1, "label": 1, "cluster_id": 58 }, "geometry": { "type": "Polygon", "coordinates": [ [ [ 110.248977178591105, -1.980066549256249 ], [ 110.249156841647931, -1.980066549256249 ], [ 110.249156841647931, -1.979886886199425 ], [ 110.248977178591105, -1.979886886199425 ], [ 110.248977178591105, -1.980066549256249 ] ] ] } },
{ "type": "Feature", "properties": { "count": 1, "label": 1, "cluster_id": 58 }, "geometry": { "type": "Polygon", "coordinates": [ [ [ 110.249156841647931, -1.954554395187255 ], [ 110.249336504704758, -1.954554395187255 ], [ 110.249336504704758, -1.954374732130431 ], [ 110.249156841647931, -1.954374732130431 ], [ 110.249156841647931, -1.954554395187255 ] ] ] } },
{ "type": "Feature", "properties": { "count": 7, "label": 1, "cluster_id": 58 }, "geometry": { "type": "Polygon", "coordinates": [ [ [ 110.249156841647931, -1.955093384357727 ], [ 110.249156841647931, -1.955273047414551 ], [ 110.248977178591105, -1.955273047414551 ], [ 110.248977178591105, -1.955093384357727 ], [ 110.248797515534278, -1.955093384357727 ], [ 110.248797515534278, -1.955452710471374 ], [ 110.248977178591105, -1.955452710471374 ], [ 110.248977178591105, -1.955632373528198 ], [ 110.249156841647931, -1.955632373528198 ], [ 110.249156841647931, -1.955452710471374 ], [ 110.24951616776157, -1.955452710471374 ], [ 110.24951616776157, -1.955273047414551 ], [ 110.249336504704758, -1.955273047414551 ], [ 110.249336504704758, -1.955093384357727 ], [ 110.249156841647931, -1.955093384357727 ] ] ] } },
{ "type": "Feature", "properties": { "count": 1, "label": 1, "cluster_id": 58 }, "geometry": { "type": "Polygon", "coordinates": [ [ [ 110.249156841647931, -1.963357884971626 ], [ 110.249336504704758, -1.963357884971626 ], [ 110.249336504704758, -1.963178221914802 ], [ 110.249156841647931, -1.963178221914802 ], [ 110.249156841647931, -1.963357884971626 ] ] ] } },
{ "type": "Feature", "properties": { "count": 1, "label": 1, "cluster_id": 58 }, "geometry": { "type": "Polygon", "coordinates": [ [ [ 110.249156841647931, -1.966232493880809 ], [ 110.249336504704758, -1.966232493880809 ], [ 110.249336504704758, -1.966052830823985 ], [ 110.249156841647931, -1.966052830823985 ], [ 110.249156841647931, -1.966232493880809 ] ] ] } },
{ "type": "Feature", "properties": { "count": 1, "label": 1, "cluster_id": 58 }, "geometry": { "type": "Polygon", "coordinates": [ [ [ 110.249156841647931, -1.975215646722004 ], [ 110.249336504704758, -1.975215646722004 ], [ 110.249336504704758, -1.97503598366518 ], [ 110.249156841647931, -1.97503598366518 ], [ 110.249156841647931, -1.975215646722004 ] ] ] } },
{ "type": "Feature", "properties": { "count": 5, "label": 1, "cluster_id": 58 }, "geometry": { "type": "Polygon", "coordinates": [ [ [ 110.248617852477452, -1.977551266460715 ], [ 110.248617852477452, -1.977730929517538 ], [ 110.248977178591105, -1.977730929517538 ], [ 110.248977178591105, -1.977910592574362 ], [ 110.249156841647931, -1.977910592574362 ], [ 110.249156841647931, -1.977730929517538 ], [ 110.249336504704758, -1.977730929517538 ], [ 110.249336504704758, -1.977551266460715 ], [ 110.248617852477452, -1.977551266460715 ] ] ] } },
{ "type": "Feature", "properties": { "count": 5, "label": 1, "cluster_id": 58 }, "geometry": { "type": "Polygon", "coordinates": [ [ [ 110.248438189420639, -1.982761495108608 ], [ 110.249336504704758, -1.982761495108608 ], [ 110.249336504704758, -1.982581832051784 ], [ 110.248438189420639, -1.982581832051784 ], [ 110.248438189420639, -1.982761495108608 ] ] ] } },
{ "type": "Feature", "properties": { "count": 1, "label": 1, "cluster_id": 58 }, "geometry": { "type": "Polygon", "coordinates": [ [ [ 110.249336504704758, -1.956530688812318 ], [ 110.24951616776157, -1.956530688812318 ], [ 110.24951616776157, -1.956351025755494 ], [ 110.249336504704758, -1.956351025755494 ], [ 110.249336504704758, -1.956530688812318 ] ] ] } },
{ "type": "Feature", "properties": { "count": 1, "label": 1, "cluster_id": 58 }, "geometry": { "type": "Polygon", "coordinates": [ [ [ 110.249336504704758, -1.961561254403387 ], [ 110.24951616776157, -1.961561254403387 ], [ 110.24951616776157, -1.961381591346563 ], [ 110.249336504704758, -1.961381591346563 ], [ 110.249336504704758, -1.961561254403387 ] ] ] } },
{ "type": "Feature", "properties": { "count": 1, "label": 1, "cluster_id": 58 }, "geometry": { "type": "Polygon", "coordinates": [ [ [ 110.249336504704758, -1.968029124449048 ], [ 110.24951616776157, -1.968029124449048 ], [ 110.24951616776157, -1.967849461392224 ], [ 110.249336504704758, -1.967849461392224 ], [ 110.249336504704758, -1.968029124449048 ] ] ] } },
{ "type": "Feature", "properties": { "count": 2, "label": 1, "cluster_id": 58 }, "geometry": { "type": "Polygon", "coordinates": [ [ [ 110.249336504704758, -1.970185081130934 ], [ 110.24951616776157, -1.970185081130934 ], [ 110.24951616776157, -1.969825755017287 ], [ 110.249336504704758, -1.969825755017287 ], [ 110.249336504704758, -1.970185081130934 ] ] ] } },
{ "type": "Feature", "properties": { "count": 1, "label": 1, "cluster_id": 58 }, "geometry": { "type": "Polygon", "coordinates": [ [ [ 110.24951616776157, -1.953835742959959 ], [ 110.249695830818396, -1.953835742959959 ], [ 110.249695830818396, -1.953656079903135 ], [ 110.24951616776157, -1.953656079903135 ], [ 110.24951616776157, -1.953835742959959 ] ] ] } },
{ "type": "Feature", "properties": { "count": 1, "label": 1, "cluster_id": 58 }, "geometry": { "type": "Polygon", "coordinates": [ [ [ 110.24951616776157, -1.957429004096437 ], [ 110.249695830818396, -1.957429004096437 ], [ 110.249695830818396, -1.957249341039613 ], [ 110.24951616776157, -1.957249341039613 ], [ 110.24951616776157, -1.957429004096437 ] ] ] } },
{ "type": "Feature", "properties": { "count": 1, "label": 1, "cluster_id": 58 }, "geometry": { "type": "Polygon", "coordinates": [ [ [ 110.24951616776157, -1.960842602176091 ], [ 110.249695830818396, -1.960842602176091 ], [ 110.249695830818396, -1.960662939119268 ], [ 110.24951616776157, -1.960662939119268 ], [ 110.24951616776157, -1.960842602176091 ] ] ] } },
{ "type": "Feature", "properties": { "count": 1, "label": 1, "cluster_id": 58 }, "geometry": { "type": "Polygon", "coordinates": [ [ [ 110.24951616776157, -1.964615526369393 ], [ 110.249695830818396, -1.964615526369393 ], [ 110.249695830818396, -1.96443586331257 ], [ 110.24951616776157, -1.96443586331257 ], [ 110.24951616776157, -1.964615526369393 ] ] ] } },
{ "type": "Feature", "properties": { "count": 1, "label": 1, "cluster_id": 58 }, "geometry": { "type": "Polygon", "coordinates": [ [ [ 110.24951616776157, -1.965513841653513 ], [ 110.249695830818396, -1.965513841653513 ], [ 110.249695830818396, -1.965334178596689 ], [ 110.24951616776157, -1.965334178596689 ], [ 110.24951616776157, -1.965513841653513 ] ] ] } },
{ "type": "Feature", "properties": { "count": 2, "label": 1, "cluster_id": 58 }, "geometry": { "type": "Polygon", "coordinates": [ [ [ 110.249336504704758, -1.966052830823985 ], [ 110.249695830818396, -1.966052830823985 ], [ 110.249695830818396, -1.965873167767161 ], [ 110.249336504704758, -1.965873167767161 ], [ 110.249336504704758, -1.966052830823985 ] ] ] } },
{ "type": "Feature", "properties": { "count": 1, "label": 1, "cluster_id": 58 }, "geometry": { "type": "Polygon", "coordinates": [ [ [ 110.24951616776157, -1.96677148305128 ], [ 110.249695830818396, -1.96677148305128 ], [ 110.249695830818396, -1.966591819994457 ], [ 110.24951616776157, -1.966591819994457 ], [ 110.24951616776157, -1.96677148305128 ] ] ] } },
{ "type": "Feature", "properties": { "count": 1, "label": 1, "cluster_id": 58 }, "geometry": { "type": "Polygon", "coordinates": [ [ [ 110.24951616776157, -1.972520700869645 ], [ 110.249695830818396, -1.972520700869645 ], [ 110.249695830818396, -1.972341037812821 ], [ 110.24951616776157, -1.972341037812821 ], [ 110.24951616776157, -1.972520700869645 ] ] ] } },
{ "type": "Feature", "properties": { "count": 1, "label": 1, "cluster_id": 58 }, "geometry": { "type": "Polygon", "coordinates": [ [ [ 110.24951616776157, -1.975574972835652 ], [ 110.249695830818396, -1.975574972835652 ], [ 110.249695830818396, -1.975395309778828 ], [ 110.24951616776157, -1.975395309778828 ], [ 110.24951616776157, -1.975574972835652 ] ] ] } },
{ "type": "Feature", "properties": { "count": 1, "label": 1, "cluster_id": 58 }, "geometry": { "type": "Polygon", "coordinates": [ [ [ 110.24951616776157, -1.982581832051784 ], [ 110.249695830818396, -1.982581832051784 ], [ 110.249695830818396, -1.98240216899496 ], [ 110.24951616776157, -1.98240216899496 ], [ 110.24951616776157, -1.982581832051784 ] ] ] } },
{ "type": "Feature", "properties": { "count": 1, "label": 1, "cluster_id": 58 }, "geometry": { "type": "Polygon", "coordinates": [ [ [ 110.249695830818396, -1.957249341039613 ], [ 110.249875493875223, -1.957249341039613 ], [ 110.249875493875223, -1.957069677982789 ], [ 110.249695830818396, -1.957069677982789 ], [ 110.249695830818396, -1.957249341039613 ] ] ] } },
{ "type": "Feature", "properties": { "count": 1, "label": 1, "cluster_id": 58 }, "geometry": { "type": "Polygon", "coordinates": [ [ [ 110.249695830818396, -1.9594052977215 ], [ 110.249875493875223, -1.9594052977215 ], [ 110.249875493875223, -1.959225634664676 ], [ 110.249695830818396, -1.959225634664676 ], [ 110.249695830818396, -1.9594052977215 ] ] ] } },
{ "type": "Feature", "properties": { "count": 2, "label": 1, "cluster_id": 58 }, "geometry": { "type": "Polygon", "coordinates": [ [ [ 110.24951616776157, -1.960123949948796 ], [ 110.249875493875223, -1.960123949948796 ], [ 110.249875493875223, -1.959944286891972 ], [ 110.24951616776157, -1.959944286891972 ], [ 110.24951616776157, -1.960123949948796 ] ] ] } },
{ "type": "Feature", "properties": { "count": 1, "label": 1, "cluster_id": 58 }, "geometry": { "type": "Polygon", "coordinates": [ [ [ 110.249695830818396, -1.961561254403387 ], [ 110.249875493875223, -1.961561254403387 ], [ 110.249875493875223, -1.961381591346563 ], [ 110.249695830818396, -1.961381591346563 ], [ 110.249695830818396, -1.961561254403387 ] ] ] } },
{ "type": "Feature", "properties": { "count": 1, "label": 1, "cluster_id": 58 }, "geometry": { "type": "Polygon", "coordinates": [ [ [ 110.249695830818396, -1.964795189426217 ], [ 110.249875493875223, -1.964795189426217 ], [ 110.249875493875223, -1.964615526369393 ], [ 110.249695830818396, -1.964615526369393 ], [ 110.249695830818396, -1.964795189426217 ] ] ] } },
{ "type": "Feature", "properties": { "count": 3, "label": 1, "cluster_id": 58 }, "geometry": { "type": "Polygon", "coordinates": [ [ [ 110.249695830818396, -1.968568113619519 ], [ 110.249695830818396, -1.968747776676343 ], [ 110.24951616776157, -1.968747776676343 ], [ 110.24951616776157, -1.968927439733167 ], [ 110.249875493875223, -1.968927439733167 ], [ 110.249875493875223, -1.968568113619519 ], [ 110.249695830818396, -1.968568113619519 ] ] ] } },
{ "type": "Feature", "properties": { "count": 1, "label": 1, "cluster_id": 58 }, "geometry": { "type": "Polygon", "coordinates": [ [ [ 110.249695830818396, -1.969825755017287 ], [ 110.249875493875223, -1.969825755017287 ], [ 110.249875493875223, -1.969646091960463 ], [ 110.249695830818396, -1.969646091960463 ], [ 110.249695830818396, -1.969825755017287 ] ] ] } },
{ "type": "Feature", "properties": { "count": 1, "label": 1, "cluster_id": 58 }, "geometry": { "type": "Polygon", "coordinates": [ [ [ 110.249695830818396, -1.971622385585526 ], [ 110.249875493875223, -1.971622385585526 ], [ 110.249875493875223, -1.971442722528702 ], [ 110.249695830818396, -1.971442722528702 ], [ 110.249695830818396, -1.971622385585526 ] ] ] } },
{ "type": "Feature", "properties": { "count": 1, "label": 1, "cluster_id": 58 }, "geometry": { "type": "Polygon", "coordinates": [ [ [ 110.249695830818396, -1.971981711699174 ], [ 110.249875493875223, -1.971981711699174 ], [ 110.249875493875223, -1.97180204864235 ], [ 110.249695830818396, -1.97180204864235 ], [ 110.249695830818396, -1.971981711699174 ] ] ] } },
{ "type": "Feature", "properties": { "count": 1, "label": 1, "cluster_id": 58 }, "geometry": { "type": "Polygon", "coordinates": [ [ [ 110.249875493875223, -1.955273047414551 ], [ 110.250055156932049, -1.955273047414551 ], [ 110.250055156932049, -1.955093384357727 ], [ 110.249875493875223, -1.955093384357727 ], [ 110.249875493875223, -1.955273047414551 ] ] ] } },
{ "type": "Feature", "properties": { "count": 2, "label": 1, "cluster_id": 58 }, "geometry": { "type": "Polygon", "coordinates": [ [ [ 110.249875493875223, -1.957069677982789 ], [ 110.250055156932049, -1.957069677982789 ], [ 110.250055156932049, -1.956710351869142 ], [ 110.249875493875223, -1.956710351869142 ], [ 110.249875493875223, -1.957069677982789 ] ] ] } },
{ "type": "Feature", "properties": { "count": 1, "label": 1, "cluster_id": 58 }, "geometry": { "type": "Polygon", "coordinates": [ [ [ 110.249875493875223, -1.967490135278576 ], [ 110.250055156932049, -1.967490135278576 ], [ 110.250055156932049, -1.967310472221752 ], [ 110.249875493875223, -1.967310472221752 ], [ 110.249875493875223, -1.967490135278576 ] ] ] } },
{ "type": "Feature", "properties": { "count": 1, "label": 1, "cluster_id": 58 }, "geometry": { "type": "Polygon", "coordinates": [ [ [ 110.249875493875223, -1.970185081130934 ], [ 110.250055156932049, -1.970185081130934 ], [ 110.250055156932049, -1.970005418074111 ], [ 110.249875493875223, -1.970005418074111 ], [ 110.249875493875223, -1.970185081130934 ] ] ] } },
{ "type": "Feature", "properties": { "count": 1, "label": 1, "cluster_id": 58 }, "geometry": { "type": "Polygon", "coordinates": [ [ [ 110.249875493875223, -1.974856320608356 ], [ 110.250055156932049, -1.974856320608356 ], [ 110.250055156932049, -1.974676657551532 ], [ 110.249875493875223, -1.974676657551532 ], [ 110.249875493875223, -1.974856320608356 ] ] ] } },
{ "type": "Feature", "properties": { "count": 9, "label": 1, "cluster_id": 58 }, "geometry": { "type": "Polygon", "coordinates": [ [ [ 110.249875493875223, -1.957429004096437 ], [ 110.249875493875223, -1.957608667153261 ], [ 110.249695830818396, -1.957608667153261 ], [ 110.249695830818396, -1.957788330210085 ], [ 110.249875493875223, -1.957788330210085 ], [ 110.249875493875223, -1.957967993266909 ], [ 110.250414483045702, -1.957967993266909 ], [ 110.250414483045702, -1.957608667153261 ], [ 110.250234819988876, -1.957608667153261 ], [ 110.250234819988876, -1.957429004096437 ], [ 110.249875493875223, -1.957429004096437 ] ] ] } },
{ "type": "Feature", "properties": { "count": 2, "label": 1, "cluster_id": 58 }, "geometry": { "type": "Polygon", "coordinates": [ [ [ 110.250055156932049, -1.959944286891972 ], [ 110.250234819988876, -1.959944286891972 ], [ 110.250234819988876, -1.959584960778324 ], [ 110.250055156932049, -1.959584960778324 ], [ 110.250055156932049, -1.959944286891972 ] ] ] } },
{ "type": "Feature", "properties": { "count": 2, "label": 1, "cluster_id": 58 }, "geometry": { "type": "Polygon", "coordinates": [ [ [ 110.250055156932049, -1.961920580517035 ], [ 110.250234819988876, -1.961920580517035 ], [ 110.250234819988876, -1.961561254403387 ], [ 110.250055156932049, -1.961561254403387 ], [ 110.250055156932049, -1.961920580517035 ] ] ] } },
{ "type": "Feature", "properties": { "count": 9, "label": 1, "cluster_id": 58 }, "geometry": { "type": "Polygon", "coordinates": [ [ [ 110.250055156932049, -1.96353754802845 ], [ 110.250055156932049, -1.963896874142098 ], [ 110.249875493875223, -1.963896874142098 ], [ 110.249875493875223, -1.964076537198922 ], [ 110.24951616776157, -1.964076537198922 ], [ 110.24951616776157, -1.964256200255746 ], [ 110.249695830818396, -1.964256200255746 ], [ 110.249695830818396, -1.96443586331257 ], [ 110.249875493875223, -1.96443586331257 ], [ 110.249875493875223, -1.964256200255746 ], [ 110.250234819988876, -1.964256200255746 ], [ 110.250234819988876, -1.96353754802845 ], [ 110.250055156932049, -1.96353754802845 ] ] ] } },
{ "type": "Feature", "properties": { "count": 2, "label": 1, "cluster_id": 58 }, "geometry": { "type": "Polygon", "coordinates": [ [ [ 110.250055156932049, -1.965513841653513 ], [ 110.250234819988876, -1.965513841653513 ], [ 110.250234819988876, -1.965154515539865 ], [ 110.250055156932049, -1.965154515539865 ], [ 110.250055156932049, -1.965513841653513 ] ] ] } },
{ "type": "Feature", "properties": { "count": 1, "label": 1, "cluster_id": 58 }, "geometry": { "type": "Polygon", "coordinates": [ [ [ 110.250055156932049, -1.979347897028954 ], [ 110.250234819988876, -1.979347897028954 ], [ 110.250234819988876, -1.97916823397213 ], [ 110.250055156932049, -1.97916823397213 ], [ 110.250055156932049, -1.979347897028954 ] ] ] } },
{ "type": "Feature", "properties": { "count": 1, "label": 1, "cluster_id": 58 }, "geometry": { "type": "Polygon", "coordinates": [ [ [ 110.250234819988876, -1.960123949948796 ], [ 110.250414483045702, -1.960123949948796 ], [ 110.250414483045702, -1.959944286891972 ], [ 110.250234819988876, -1.959944286891972 ], [ 110.250234819988876, -1.960123949948796 ] ] ] } },
{ "type": "Feature", "properties": { "count": 1, "label": 1, "cluster_id": 58 }, "geometry": { "type": "Polygon", "coordinates": [ [ [ 110.250234819988876, -1.969286765846815 ], [ 110.250414483045702, -1.969286765846815 ], [ 110.250414483045702, -1.969107102789991 ], [ 110.250234819988876, -1.969107102789991 ], [ 110.250234819988876, -1.969286765846815 ] ] ] } },
{ "type": "Feature", "properties": { "count": 1, "label": 1, "cluster_id": 58 }, "geometry": { "type": "Polygon", "coordinates": [ [ [ 110.250234819988876, -1.972520700869645 ], [ 110.250414483045702, -1.972520700869645 ], [ 110.250414483045702, -1.972341037812821 ], [ 110.250234819988876, -1.972341037812821 ], [ 110.250234819988876, -1.972520700869645 ] ] ] } },
{ "type": "Feature", "properties": { "count": 2, "label": 1, "cluster_id": 58 }, "geometry": { "type": "Polygon", "coordinates": [ [ [ 110.250234819988876, -1.975215646722004 ], [ 110.250414483045702, -1.975215646722004 ], [ 110.250414483045702, -1.974856320608356 ], [ 110.250234819988876, -1.974856320608356 ], [ 110.250234819988876, -1.975215646722004 ] ] ] } },
{ "type": "Feature", "properties": { "count": 47, "label": 1, "cluster_id": 58 }, "geometry": { "type": "Polygon", "coordinates": [ [ [ 110.250414483045702, -1.952757764619016 ], [ 110.250414483045702, -1.95293742767584 ], [ 110.249875493875223, -1.95293742767584 ], [ 110.249875493875223, -1.953117090732664 ], [ 110.249695830818396, -1.953117090732664 ], [ 110.249695830818396, -1.953296753789487 ], [ 110.249156841647931, -1.953296753789487 ], [ 110.249156841647931, -1.953476416846311 ], [ 110.248797515534278, -1.953476416846311 ], [ 110.248797515534278, -1.954015406016783 ], [ 110.249156841647931, -1.954015406016783 ], [ 110.249156841647931, -1.954195069073607 ], [ 110.249336504704758, -1.954195069073607 ], [ 110.249336504704758, -1.953656079903135 ], [ 110.24951616776157, -1.953656079903135 ], [ 110.24951616776157, -1.953476416846311 ], [ 110.249695830818396, -1.953476416846311 ], [ 110.249695830818396, -1.953656079903135 ], [ 110.249875493875223, -1.953656079903135 ], [ 110.249875493875223, -1.953835742959959 ], [ 110.249695830818396, -1.953835742959959 ], [ 110.249695830818396, -1.954015406016783 ], [ 110.24951616776157, -1.954015406016783 ], [ 110.24951616776157, -1.954374732130431 ], [ 110.250414483045702, -1.954374732130431 ], [ 110.250414483045702, -1.953835742959959 ], [ 110.250234819988876, -1.953835742959959 ], [ 110.250234819988876, -1.953476416846311 ], [ 110.250414483045702, -1.953476416846311 ], [ 110.250414483045702, -1.953296753789487 ], [ 110.250594146102515, -1.953296753789487 ], [ 110.250594146102515, -1.952757764619016 ], [ 110.250414483045702, -1.952757764619016 ] ] ] } },
{ "type": "Feature", "properties": { "count": 3, "label": 1, "cluster_id": 58 }, "geometry": { "type": "Polygon", "coordinates": [ [ [ 110.250234819988876, -1.956530688812318 ], [ 110.250234819988876, -1.956710351869142 ], [ 110.250414483045702, -1.956710351869142 ], [ 110.250414483045702, -1.956890014925966 ], [ 110.250594146102515, -1.956890014925966 ], [ 110.250594146102515, -1.956530688812318 ], [ 110.250234819988876, -1.956530688812318 ] ] ] } },
{ "type": "Feature", "properties": { "count": 8, "label": 1, "cluster_id": 58 }, "geometry": { "type": "Polygon", "coordinates": [ [ [ 110.250414483045702, -1.964076537198922 ], [ 110.250594146102515, -1.964076537198922 ], [ 110.250594146102515, -1.96263923274433 ], [ 110.250414483045702, -1.96263923274433 ], [ 110.250414483045702, -1.964076537198922 ] ] ] } },
{ "type": "Feature", "properties": { "count": 1, "label": 1, "cluster_id": 58 }, "geometry": { "type": "Polygon", "coordinates": [ [ [ 110.250414483045702, -1.965334178596689 ], [ 110.250594146102515, -1.965334178596689 ], [ 110.250594146102515, -1.965154515539865 ], [ 110.250414483045702, -1.965154515539865 ], [ 110.250414483045702, -1.965334178596689 ] ] ] } },
{ "type": "Feature", "properties": { "count": 1, "label": 1, "cluster_id": 58 }, "geometry": { "type": "Polygon", "coordinates": [ [ [ 110.250414483045702, -1.968029124449048 ], [ 110.250594146102515, -1.968029124449048 ], [ 110.250594146102515, -1.967849461392224 ], [ 110.250414483045702, -1.967849461392224 ], [ 110.250414483045702, -1.968029124449048 ] ] ] } },
{ "type": "Feature", "properties": { "count": 1, "label": 1, "cluster_id": 58 }, "geometry": { "type": "Polygon", "coordinates": [ [ [ 110.250414483045702, -1.968568113619519 ], [ 110.250594146102515, -1.968568113619519 ], [ 110.250594146102515, -1.968388450562695 ], [ 110.250414483045702, -1.968388450562695 ], [ 110.250414483045702, -1.968568113619519 ] ] ] } },
{ "type": "Feature", "properties": { "count": 3, "label": 1, "cluster_id": 58 }, "geometry": { "type": "Polygon", "coordinates": [ [ [ 110.250055156932049, -1.97090373335823 ], [ 110.250594146102515, -1.97090373335823 ], [ 110.250594146102515, -1.970724070301406 ], [ 110.250055156932049, -1.970724070301406 ], [ 110.250055156932049, -1.97090373335823 ] ] ] } },
{ "type": "Feature", "properties": { "count": 1, "label": 1, "cluster_id": 58 }, "geometry": { "type": "Polygon", "coordinates": [ [ [ 110.250414483045702, -1.97180204864235 ], [ 110.250594146102515, -1.97180204864235 ], [ 110.250594146102515, -1.971622385585526 ], [ 110.250414483045702, -1.971622385585526 ], [ 110.250414483045702, -1.97180204864235 ] ] ] } },
{ "type": "Feature", "properties": { "count": 1, "label": 1, "cluster_id": 58 }, "geometry": { "type": "Polygon", "coordinates": [ [ [ 110.250414483045702, -1.973778342267413 ], [ 110.250594146102515, -1.973778342267413 ], [ 110.250594146102515, -1.973598679210589 ], [ 110.250414483045702, -1.973598679210589 ], [ 110.250414483045702, -1.973778342267413 ] ] ] } },
{ "type": "Feature", "properties": { "count": 1, "label": 1, "cluster_id": 58 }, "geometry": { "type": "Polygon", "coordinates": [ [ [ 110.250414483045702, -1.977730929517538 ], [ 110.250594146102515, -1.977730929517538 ], [ 110.250594146102515, -1.977551266460715 ], [ 110.250414483045702, -1.977551266460715 ], [ 110.250414483045702, -1.977730929517538 ] ] ] } },
{ "type": "Feature", "properties": { "count": 1, "label": 1, "cluster_id": 58 }, "geometry": { "type": "Polygon", "coordinates": [ [ [ 110.250594146102515, -1.959045971607853 ], [ 110.250773809159341, -1.959045971607853 ], [ 110.250773809159341, -1.958866308551029 ], [ 110.250594146102515, -1.958866308551029 ], [ 110.250594146102515, -1.959045971607853 ] ] ] } },
{ "type": "Feature", "properties": { "count": 1, "label": 1, "cluster_id": 58 }, "geometry": { "type": "Polygon", "coordinates": [ [ [ 110.250594146102515, -1.960123949948796 ], [ 110.250773809159341, -1.960123949948796 ], [ 110.250773809159341, -1.959944286891972 ], [ 110.250594146102515, -1.959944286891972 ], [ 110.250594146102515, -1.960123949948796 ] ] ] } },
{ "type": "Feature", "properties": { "count": 25, "label": 1, "cluster_id": 58 }, "geometry": { "type": "Polygon", "coordinates": [ [ [ 110.250234819988876, -1.965693504710337 ], [ 110.250234819988876, -1.966052830823985 ], [ 110.250055156932049, -1.966052830823985 ], [ 110.250055156932049, -1.965693504710337 ], [ 110.249875493875223, -1.965693504710337 ], [ 110.249875493875223, -1.966232493880809 ], [ 110.250055156932049, -1.966232493880809 ], [ 110.250055156932049, -1.966412156937632 ], [ 110.249875493875223, -1.966412156937632 ], [ 110.249875493875223, -1.966591819994457 ], [ 110.250055156932049, -1.966591819994457 ], [ 110.250055156932049, -1.967130809164928 ], [ 110.250234819988876, -1.967130809164928 ], [ 110.250234819988876, -1.966951146108104 ], [ 110.250414483045702, -1.966951146108104 ], [ 110.250414483045702, -1.96677148305128 ], [ 110.250234819988876, -1.96677148305128 ], [ 110.250234819988876, -1.966591819994457 ], [ 110.250594146102515, -1.966591819994457 ], [ 110.250594146102515, -1.966232493880809 ], [ 110.250953472216167, -1.966232493880809 ], [ 110.250953472216167, -1.966052830823985 ], [ 110.250773809159341, -1.966052830823985 ], [ 110.250773809159341, -1.965693504710337 ], [ 110.250234819988876, -1.965693504710337 ] ] ] } },
{ "type": "Feature", "properties": { "count": 1, "label": 1, "cluster_id": 58 }, "geometry": { "type": "Polygon", "coordinates": [ [ [ 110.250594146102515, -1.968388450562695 ], [ 110.250773809159341, -1.968388450562695 ], [ 110.250773809159341, -1.968208787505872 ], [ 110.250594146102515, -1.968208787505872 ], [ 110.250594146102515, -1.968388450562695 ] ] ] } },
{ "type": "Feature", "properties": { "count": 1, "label": 1, "cluster_id": 58 }, "geometry": { "type": "Polygon", "coordinates": [ [ [ 110.250594146102515, -1.968747776676343 ], [ 110.250773809159341, -1.968747776676343 ], [ 110.250773809159341, -1.968568113619519 ], [ 110.250594146102515, -1.968568113619519 ], [ 110.250594146102515, -1.968747776676343 ] ] ] } },
{ "type": "Feature", "properties": { "count": 1, "label": 1, "cluster_id": 58 }, "geometry": { "type": "Polygon", "coordinates": [ [ [ 110.250594146102515, -1.969466428903639 ], [ 110.250773809159341, -1.969466428903639 ], [ 110.250773809159341, -1.969286765846815 ], [ 110.250594146102515, -1.969286765846815 ], [ 110.250594146102515, -1.969466428903639 ] ] ] } },
{ "type": "Feature", "properties": { "count": 1, "label": 1, "cluster_id": 58 }, "geometry": { "type": "Polygon", "coordinates": [ [ [ 110.250594146102515, -1.970544407244582 ], [ 110.250773809159341, -1.970544407244582 ], [ 110.250773809159341, -1.970364744187758 ], [ 110.250594146102515, -1.970364744187758 ], [ 110.250594146102515, -1.970544407244582 ] ] ] } },
{ "type": "Feature", "properties": { "count": 1, "label": 1, "cluster_id": 58 }, "geometry": { "type": "Polygon", "coordinates": [ [ [ 110.250594146102515, -1.972161374755997 ], [ 110.250773809159341, -1.972161374755997 ], [ 110.250773809159341, -1.971981711699174 ], [ 110.250594146102515, -1.971981711699174 ], [ 110.250594146102515, -1.972161374755997 ] ] ] } },
{ "type": "Feature", "properties": { "count": 18, "label": 1, "cluster_id": 58 }, "geometry": { "type": "Polygon", "coordinates": [ [ [ 110.250594146102515, -1.981683516767664 ], [ 110.250594146102515, -1.981863179824488 ], [ 110.250234819988876, -1.981863179824488 ], [ 110.250234819988876, -1.981683516767664 ], [ 110.250055156932049, -1.981683516767664 ], [ 110.250055156932049, -1.981863179824488 ], [ 110.249875493875223, -1.981863179824488 ], [ 110.249875493875223, -1.982222505938136 ], [ 110.250414483045702, -1.982222505938136 ], [ 110.250414483045702, -1.982581832051784 ], [ 110.250953472216167, -1.982581832051784 ], [ 110.250953472216167, -1.982222505938136 ], [ 110.250773809159341, -1.982222505938136 ], [ 110.250773809159341, -1.981683516767664 ], [ 110.250594146102515, -1.981683516767664 ] ] ] } },
{ "type": "Feature", "properties": { "count": 3, "label": 1, "cluster_id": 58 }, "geometry": { "type": "Polygon", "coordinates": [ [ [ 110.250594146102515, -1.95617136269867 ], [ 110.250594146102515, -1.956530688812318 ], [ 110.250773809159341, -1.956530688812318 ], [ 110.250773809159341, -1.956351025755494 ], [ 110.250953472216167, -1.956351025755494 ], [ 110.250953472216167, -1.95617136269867 ], [ 110.250594146102515, -1.95617136269867 ] ] ] } },
{ "type": "Feature", "properties": { "count": 1, "label": 1, "cluster_id": 58 }, "geometry": { "type": "Polygon", "coordinates": [ [ [ 110.250773809159341, -1.965693504710337 ], [ 110.250953472216167, -1.965693504710337 ], [ 110.250953472216167, -1.965513841653513 ], [ 110.250773809159341, -1.965513841653513 ], [ 110.250773809159341, -1.965693504710337 ] ] ] } },
{ "type": "Feature", "properties": { "count": 1, "label": 1, "cluster_id": 58 }, "geometry": { "type": "Polygon", "coordinates": [ [ [ 110.250773809159341, -1.967130809164928 ], [ 110.250953472216167, -1.967130809164928 ], [ 110.250953472216167, -1.966951146108104 ], [ 110.250773809159341, -1.966951146108104 ], [ 110.250773809159341, -1.967130809164928 ] ] ] } },
{ "type": "Feature", "properties": { "count": 1, "label": 1, "cluster_id": 58 }, "geometry": { "type": "Polygon", "coordinates": [ [ [ 110.250773809159341, -1.967490135278576 ], [ 110.250953472216167, -1.967490135278576 ], [ 110.250953472216167, -1.967310472221752 ], [ 110.250773809159341, -1.967310472221752 ], [ 110.250773809159341, -1.967490135278576 ] ] ] } },
{ "type": "Feature", "properties": { "count": 1, "label": 1, "cluster_id": 58 }, "geometry": { "type": "Polygon", "coordinates": [ [ [ 110.250773809159341, -1.968568113619519 ], [ 110.250953472216167, -1.968568113619519 ], [ 110.250953472216167, -1.968388450562695 ], [ 110.250773809159341, -1.968388450562695 ], [ 110.250773809159341, -1.968568113619519 ] ] ] } },
{ "type": "Feature", "properties": { "count": 1, "label": 1, "cluster_id": 58 }, "geometry": { "type": "Polygon", "coordinates": [ [ [ 110.250773809159341, -1.969646091960463 ], [ 110.250953472216167, -1.969646091960463 ], [ 110.250953472216167, -1.969466428903639 ], [ 110.250773809159341, -1.969466428903639 ], [ 110.250773809159341, -1.969646091960463 ] ] ] } },
{ "type": "Feature", "properties": { "count": 1, "label": 1, "cluster_id": 58 }, "geometry": { "type": "Polygon", "coordinates": [ [ [ 110.250773809159341, -1.97916823397213 ], [ 110.250953472216167, -1.97916823397213 ], [ 110.250953472216167, -1.978988570915306 ], [ 110.250773809159341, -1.978988570915306 ], [ 110.250773809159341, -1.97916823397213 ] ] ] } },
{ "type": "Feature", "properties": { "count": 2, "label": 1, "cluster_id": 58 }, "geometry": { "type": "Polygon", "coordinates": [ [ [ 110.250773809159341, -1.963357884971626 ], [ 110.251133135272994, -1.963357884971626 ], [ 110.251133135272994, -1.963178221914802 ], [ 110.250773809159341, -1.963178221914802 ], [ 110.250773809159341, -1.963357884971626 ] ] ] } },
{ "type": "Feature", "properties": { "count": 1, "label": 1, "cluster_id": 58 }, "geometry": { "type": "Polygon", "coordinates": [ [ [ 110.250953472216167, -1.96443586331257 ], [ 110.251133135272994, -1.96443586331257 ], [ 110.251133135272994, -1.964256200255746 ], [ 110.250953472216167, -1.964256200255746 ], [ 110.250953472216167, -1.96443586331257 ] ] ] } },
{ "type": "Feature", "properties": { "count": 1, "label": 1, "cluster_id": 58 }, "geometry": { "type": "Polygon", "coordinates": [ [ [ 110.250953472216167, -1.965513841653513 ], [ 110.251133135272994, -1.965513841653513 ], [ 110.251133135272994, -1.965334178596689 ], [ 110.250953472216167, -1.965334178596689 ], [ 110.250953472216167, -1.965513841653513 ] ] ] } },
{ "type": "Feature", "properties": { "count": 2, "label": 1, "cluster_id": 58 }, "geometry": { "type": "Polygon", "coordinates": [ [ [ 110.250953472216167, -1.969107102789991 ], [ 110.251133135272994, -1.969107102789991 ], [ 110.251133135272994, -1.968747776676343 ], [ 110.250953472216167, -1.968747776676343 ], [ 110.250953472216167, -1.969107102789991 ] ] ] } },
{ "type": "Feature", "properties": { "count": 1, "label": 1, "cluster_id": 58 }, "geometry": { "type": "Polygon", "coordinates": [ [ [ 110.250953472216167, -1.971263059471878 ], [ 110.251133135272994, -1.971263059471878 ], [ 110.251133135272994, -1.971083396415054 ], [ 110.250953472216167, -1.971083396415054 ], [ 110.250953472216167, -1.971263059471878 ] ] ] } },
{ "type": "Feature", "properties": { "count": 1, "label": 1, "cluster_id": 58 }, "geometry": { "type": "Polygon", "coordinates": [ [ [ 110.250953472216167, -1.972161374755997 ], [ 110.251133135272994, -1.972161374755997 ], [ 110.251133135272994, -1.971981711699174 ], [ 110.250953472216167, -1.971981711699174 ], [ 110.250953472216167, -1.972161374755997 ] ] ] } },
{ "type": "Feature", "properties": { "count": 1, "label": 1, "cluster_id": 58 }, "geometry": { "type": "Polygon", "coordinates": [ [ [ 110.250953472216167, -1.977551266460715 ], [ 110.251133135272994, -1.977551266460715 ], [ 110.251133135272994, -1.977371603403891 ], [ 110.250953472216167, -1.977371603403891 ], [ 110.250953472216167, -1.977551266460715 ] ] ] } },
{ "type": "Feature", "properties": { "count": 1, "label": 1, "cluster_id": 58 }, "geometry": { "type": "Polygon", "coordinates": [ [ [ 110.250953472216167, -1.980605538426721 ], [ 110.251133135272994, -1.980605538426721 ], [ 110.251133135272994, -1.980425875369897 ], [ 110.250953472216167, -1.980425875369897 ], [ 110.250953472216167, -1.980605538426721 ] ] ] } },
{ "type": "Feature", "properties": { "count": 7, "label": 1, "cluster_id": 58 }, "geometry": { "type": "Polygon", "coordinates": [ [ [ 110.250953472216167, -1.953476416846311 ], [ 110.250953472216167, -1.953656079903135 ], [ 110.251133135272994, -1.953656079903135 ], [ 110.251133135272994, -1.953835742959959 ], [ 110.25131279832982, -1.953835742959959 ], [ 110.25131279832982, -1.954374732130431 ], [ 110.251492461386633, -1.954374732130431 ], [ 110.251492461386633, -1.953656079903135 ], [ 110.25131279832982, -1.953656079903135 ], [ 110.25131279832982, -1.953476416846311 ], [ 110.250953472216167, -1.953476416846311 ] ] ] } },
{ "type": "Feature", "properties": { "count": 1, "label": 1, "cluster_id": 58 }, "geometry": { "type": "Polygon", "coordinates": [ [ [ 110.251133135272994, -1.954913721300903 ], [ 110.25131279832982, -1.954913721300903 ], [ 110.25131279832982, -1.954734058244079 ], [ 110.251133135272994, -1.954734058244079 ], [ 110.251133135272994, -1.954913721300903 ] ] ] } },
{ "type": "Feature", "properties": { "count": 1, "label": 1, "cluster_id": 58 }, "geometry": { "type": "Polygon", "coordinates": [ [ [ 110.251133135272994, -1.956710351869142 ], [ 110.25131279832982, -1.956710351869142 ], [ 110.25131279832982, -1.956530688812318 ], [ 110.251133135272994, -1.956530688812318 ], [ 110.251133135272994, -1.956710351869142 ] ] ] } },
{ "type": "Feature", "properties": { "count": 2, "label": 1, "cluster_id": 58 }, "geometry": { "type": "Polygon", "coordinates": [ [ [ 110.250953472216167, -1.961381591346563 ], [ 110.25131279832982, -1.961381591346563 ], [ 110.25131279832982, -1.961201928289739 ], [ 110.250953472216167, -1.961201928289739 ], [ 110.250953472216167, -1.961381591346563 ] ] ] } },
{ "type": "Feature", "properties": { "count": 1, "label": 1, "cluster_id": 58 }, "geometry": { "type": "Polygon", "coordinates": [ [ [ 110.251133135272994, -1.961920580517035 ], [ 110.25131279832982, -1.961920580517035 ], [ 110.25131279832982, -1.961740917460211 ], [ 110.251133135272994, -1.961740917460211 ], [ 110.251133135272994, -1.961920580517035 ] ] ] } },
{ "type": "Feature", "properties": { "count": 2, "label": 1, "cluster_id": 58 }, "geometry": { "type": "Polygon", "coordinates": [ [ [ 110.251133135272994, -1.962998558857978 ], [ 110.25131279832982, -1.962998558857978 ], [ 110.25131279832982, -1.96263923274433 ], [ 110.251133135272994, -1.96263923274433 ], [ 110.251133135272994, -1.962998558857978 ] ] ] } },
{ "type": "Feature", "properties": { "count": 1, "label": 1, "cluster_id": 58 }, "geometry": { "type": "Polygon", "coordinates": [ [ [ 110.251133135272994, -1.965334178596689 ], [ 110.25131279832982, -1.965334178596689 ], [ 110.25131279832982, -1.965154515539865 ], [ 110.251133135272994, -1.965154515539865 ], [ 110.251133135272994, -1.965334178596689 ] ] ] } },
{ "type": "Feature", "properties": { "count": 2, "label": 1, "cluster_id": 58 }, "geometry": { "type": "Polygon", "coordinates": [ [ [ 110.251133135272994, -1.966232493880809 ], [ 110.25131279832982, -1.966232493880809 ], [ 110.25131279832982, -1.965873167767161 ], [ 110.251133135272994, -1.965873167767161 ], [ 110.251133135272994, -1.966232493880809 ] ] ] } },
{ "type": "Feature", "properties": { "count": 1, "label": 1, "cluster_id": 58 }, "geometry": { "type": "Polygon", "coordinates": [ [ [ 110.25131279832982, -1.955273047414551 ], [ 110.251492461386633, -1.955273047414551 ], [ 110.251492461386633, -1.955093384357727 ], [ 110.25131279832982, -1.955093384357727 ], [ 110.25131279832982, -1.955273047414551 ] ] ] } },
{ "type": "Feature", "properties": { "count": 7, "label": 1, "cluster_id": 58 }, "geometry": { "type": "Polygon", "coordinates": [ [ [ 110.25131279832982, -1.958147656323733 ], [ 110.25131279832982, -1.958686645494205 ], [ 110.251851787500286, -1.958686645494205 ], [ 110.251851787500286, -1.958327319380557 ], [ 110.251492461386633, -1.958327319380557 ], [ 110.251492461386633, -1.958147656323733 ], [ 110.25131279832982, -1.958147656323733 ] ] ] } },
{ "type": "Feature", "properties": { "count": 1, "label": 1, "cluster_id": 58 }, "geometry": { "type": "Polygon", "coordinates": [ [ [ 110.25131279832982, -1.959045971607853 ], [ 110.251492461386633, -1.959045971607853 ], [ 110.251492461386633, -1.958866308551029 ], [ 110.25131279832982, -1.958866308551029 ], [ 110.25131279832982, -1.959045971607853 ] ] ] } },
{ "type": "Feature", "properties": { "count": 1, "label": 1, "cluster_id": 58 }, "geometry": { "type": "Polygon", "coordinates": [ [ [ 110.25131279832982, -1.961201928289739 ], [ 110.251492461386633, -1.961201928289739 ], [ 110.251492461386633, -1.961022265232915 ], [ 110.25131279832982, -1.961022265232915 ], [ 110.25131279832982, -1.961201928289739 ] ] ] } },
{ "type": "Feature", "properties": { "count": 2, "label": 1, "cluster_id": 58 }, "geometry": { "type": "Polygon", "coordinates": [ [ [ 110.25131279832982, -1.964795189426217 ], [ 110.251492461386633, -1.964795189426217 ], [ 110.251492461386633, -1.96443586331257 ], [ 110.25131279832982, -1.96443586331257 ], [ 110.25131279832982, -1.964795189426217 ] ] ] } },
{ "type": "Feature", "properties": { "count": 1, "label": 1, "cluster_id": 58 }, "geometry": { "type": "Polygon", "coordinates": [ [ [ 110.25131279832982, -1.965693504710337 ], [ 110.251492461386633, -1.965693504710337 ], [ 110.251492461386633, -1.965513841653513 ], [ 110.25131279832982, -1.965513841653513 ], [ 110.25131279832982, -1.965693504710337 ] ] ] } },
{ "type": "Feature", "properties": { "count": 1, "label": 1, "cluster_id": 58 }, "geometry": { "type": "Polygon", "coordinates": [ [ [ 110.25131279832982, -1.969286765846815 ], [ 110.251492461386633, -1.969286765846815 ], [ 110.251492461386633, -1.969107102789991 ], [ 110.25131279832982, -1.969107102789991 ], [ 110.25131279832982, -1.969286765846815 ] ] ] } },
{ "type": "Feature", "properties": { "count": 1, "label": 1, "cluster_id": 58 }, "geometry": { "type": "Polygon", "coordinates": [ [ [ 110.25131279832982, -1.970724070301406 ], [ 110.251492461386633, -1.970724070301406 ], [ 110.251492461386633, -1.970544407244582 ], [ 110.25131279832982, -1.970544407244582 ], [ 110.25131279832982, -1.970724070301406 ] ] ] } },
{ "type": "Feature", "properties": { "count": 1, "label": 1, "cluster_id": 58 }, "geometry": { "type": "Polygon", "coordinates": [ [ [ 110.25131279832982, -1.975574972835652 ], [ 110.251492461386633, -1.975574972835652 ], [ 110.251492461386633, -1.975395309778828 ], [ 110.25131279832982, -1.975395309778828 ], [ 110.25131279832982, -1.975574972835652 ] ] ] } },
{ "type": "Feature", "properties": { "count": 3, "label": 1, "cluster_id": 58 }, "geometry": { "type": "Polygon", "coordinates": [ [ [ 110.25131279832982, -1.977910592574362 ], [ 110.251492461386633, -1.977910592574362 ], [ 110.251492461386633, -1.977371603403891 ], [ 110.25131279832982, -1.977371603403891 ], [ 110.25131279832982, -1.977910592574362 ] ] ] } },
{ "type": "Feature", "properties": { "count": 1, "label": 1, "cluster_id": 58 }, "geometry": { "type": "Polygon", "coordinates": [ [ [ 110.25131279832982, -1.981144527597193 ], [ 110.251492461386633, -1.981144527597193 ], [ 110.251492461386633, -1.980964864540369 ], [ 110.25131279832982, -1.980964864540369 ], [ 110.25131279832982, -1.981144527597193 ] ] ] } },
{ "type": "Feature", "properties": { "count": 1, "label": 1, "cluster_id": 58 }, "geometry": { "type": "Polygon", "coordinates": [ [ [ 110.251492461386633, -1.957608667153261 ], [ 110.251672124443459, -1.957608667153261 ], [ 110.251672124443459, -1.957429004096437 ], [ 110.251492461386633, -1.957429004096437 ], [ 110.251492461386633, -1.957608667153261 ] ] ] } },
{ "type": "Feature", "properties": { "count": 1, "label": 1, "cluster_id": 58 }, "geometry": { "type": "Polygon", "coordinates": [ [ [ 110.251492461386633, -1.961561254403387 ], [ 110.251672124443459, -1.961561254403387 ], [ 110.251672124443459, -1.961381591346563 ], [ 110.251492461386633, -1.961381591346563 ], [ 110.251492461386633, -1.961561254403387 ] ] ] } },
{ "type": "Feature", "properties": { "count": 1, "label": 1, "cluster_id": 58 }, "geometry": { "type": "Polygon", "coordinates": [ [ [ 110.251492461386633, -1.962100243573859 ], [ 110.251672124443459, -1.962100243573859 ], [ 110.251672124443459, -1.961920580517035 ], [ 110.251492461386633, -1.961920580517035 ], [ 110.251492461386633, -1.962100243573859 ] ] ] } },
{ "type": "Feature", "properties": { "count": 1, "label": 1, "cluster_id": 58 }, "geometry": { "type": "Polygon", "coordinates": [ [ [ 110.251492461386633, -1.963178221914802 ], [ 110.251672124443459, -1.963178221914802 ], [ 110.251672124443459, -1.962998558857978 ], [ 110.251492461386633, -1.962998558857978 ], [ 110.251492461386633, -1.963178221914802 ] ] ] } },
{ "type": "Feature", "properties": { "count": 2, "label": 1, "cluster_id": 58 }, "geometry": { "type": "Polygon", "coordinates": [ [ [ 110.251492461386633, -1.971981711699174 ], [ 110.251672124443459, -1.971981711699174 ], [ 110.251672124443459, -1.971622385585526 ], [ 110.251492461386633, -1.971622385585526 ], [ 110.251492461386633, -1.971981711699174 ] ] ] } },
{ "type": "Feature", "properties": { "count": 1, "label": 1, "cluster_id": 58 }, "geometry": { "type": "Polygon", "coordinates": [ [ [ 110.251492461386633, -1.980066549256249 ], [ 110.251672124443459, -1.980066549256249 ], [ 110.251672124443459, -1.979886886199425 ], [ 110.251492461386633, -1.979886886199425 ], [ 110.251492461386633, -1.980066549256249 ] ] ] } },
{ "type": "Feature", "properties": { "count": 7, "label": 1, "cluster_id": 58 }, "geometry": { "type": "Polygon", "coordinates": [ [ [ 110.251492461386633, -1.981863179824488 ], [ 110.251492461386633, -1.982042842881312 ], [ 110.25131279832982, -1.982042842881312 ], [ 110.25131279832982, -1.981863179824488 ], [ 110.250953472216167, -1.981863179824488 ], [ 110.250953472216167, -1.982042842881312 ], [ 110.251133135272994, -1.982042842881312 ], [ 110.251133135272994, -1.982222505938136 ], [ 110.25131279832982, -1.982222505938136 ], [ 110.25131279832982, -1.98240216899496 ], [ 110.251492461386633, -1.98240216899496 ], [ 110.251492461386633, -1.982222505938136 ], [ 110.251672124443459, -1.982222505938136 ], [ 110.251672124443459, -1.981863179824488 ], [ 110.251492461386633, -1.981863179824488 ] ] ] } },
{ "type": "Feature", "properties": { "count": 1, "label": 1, "cluster_id": 58 }, "geometry": { "type": "Polygon", "coordinates": [ [ [ 110.251672124443459, -1.954913721300903 ], [ 110.251851787500286, -1.954913721300903 ], [ 110.251851787500286, -1.954734058244079 ], [ 110.251672124443459, -1.954734058244079 ], [ 110.251672124443459, -1.954913721300903 ] ] ] } },
{ "type": "Feature", "properties": { "count": 3, "label": 1, "cluster_id": 58 }, "geometry": { "type": "Polygon", "coordinates": [ [ [ 110.251672124443459, -1.976113962006123 ], [ 110.251672124443459, -1.976293625062947 ], [ 110.251492461386633, -1.976293625062947 ], [ 110.251492461386633, -1.976473288119771 ], [ 110.251851787500286, -1.976473288119771 ], [ 110.251851787500286, -1.976113962006123 ], [ 110.251672124443459, -1.976113962006123 ] ] ] } },
{ "type": "Feature", "properties": { "count": 1, "label": 1, "cluster_id": 58 }, "geometry": { "type": "Polygon", "coordinates": [ [ [ 110.251672124443459, -1.980964864540369 ], [ 110.251851787500286, -1.980964864540369 ], [ 110.251851787500286, -1.980785201483545 ], [ 110.251672124443459, -1.980785201483545 ], [ 110.251672124443459, -1.980964864540369 ] ] ] } },
{ "type": "Feature", "properties": { "count": 1, "label": 1, "cluster_id": 58 }, "geometry": { "type": "Polygon", "coordinates": [ [ [ 110.251851787500286, -1.955093384357727 ], [ 110.252031450557112, -1.955093384357727 ], [ 110.252031450557112, -1.954913721300903 ], [ 110.251851787500286, -1.954913721300903 ], [ 110.251851787500286, -1.955093384357727 ] ] ] } },
{ "type": "Feature", "properties": { "count": 1, "label": 1, "cluster_id": 58 }, "geometry": { "type": "Polygon", "coordinates": [ [ [ 110.251851787500286, -1.960123949948796 ], [ 110.252031450557112, -1.960123949948796 ], [ 110.252031450557112, -1.959944286891972 ], [ 110.251851787500286, -1.959944286891972 ], [ 110.251851787500286, -1.960123949948796 ] ] ] } },
{ "type": "Feature", "properties": { "count": 1, "label": 1, "cluster_id": 58 }, "geometry": { "type": "Polygon", "coordinates": [ [ [ 110.251851787500286, -1.971263059471878 ], [ 110.252031450557112, -1.971263059471878 ], [ 110.252031450557112, -1.971083396415054 ], [ 110.251851787500286, -1.971083396415054 ], [ 110.251851787500286, -1.971263059471878 ] ] ] } },
{ "type": "Feature", "properties": { "count": 1, "label": 1, "cluster_id": 58 }, "geometry": { "type": "Polygon", "coordinates": [ [ [ 110.251851787500286, -1.972520700869645 ], [ 110.252031450557112, -1.972520700869645 ], [ 110.252031450557112, -1.972341037812821 ], [ 110.251851787500286, -1.972341037812821 ], [ 110.251851787500286, -1.972520700869645 ] ] ] } },
{ "type": "Feature", "properties": { "count": 1, "label": 1, "cluster_id": 58 }, "geometry": { "type": "Polygon", "coordinates": [ [ [ 110.251851787500286, -1.980605538426721 ], [ 110.252031450557112, -1.980605538426721 ], [ 110.252031450557112, -1.980425875369897 ], [ 110.251851787500286, -1.980425875369897 ], [ 110.251851787500286, -1.980605538426721 ] ] ] } },
{ "type": "Feature", "properties": { "count": 2, "label": 1, "cluster_id": 58 }, "geometry": { "type": "Polygon", "coordinates": [ [ [ 110.251851787500286, -1.963357884971626 ], [ 110.252211113613939, -1.963357884971626 ], [ 110.252211113613939, -1.963178221914802 ], [ 110.251851787500286, -1.963178221914802 ], [ 110.251851787500286, -1.963357884971626 ] ] ] } },
{ "type": "Feature", "properties": { "count": 1, "label": 1, "cluster_id": 58 }, "geometry": { "type": "Polygon", "coordinates": [ [ [ 110.252031450557112, -1.968568113619519 ], [ 110.252211113613939, -1.968568113619519 ], [ 110.252211113613939, -1.968388450562695 ], [ 110.252031450557112, -1.968388450562695 ], [ 110.252031450557112, -1.968568113619519 ] ] ] } },
{ "type": "Feature", "properties": { "count": 1, "label": 1, "cluster_id": 58 }, "geometry": { "type": "Polygon", "coordinates": [ [ [ 110.252031450557112, -1.970005418074111 ], [ 110.252211113613939, -1.970005418074111 ], [ 110.252211113613939, -1.969825755017287 ], [ 110.252031450557112, -1.969825755017287 ], [ 110.252031450557112, -1.970005418074111 ] ] ] } },
{ "type": "Feature", "properties": { "count": 1, "label": 1, "cluster_id": 58 }, "geometry": { "type": "Polygon", "coordinates": [ [ [ 110.252031450557112, -1.97180204864235 ], [ 110.252211113613939, -1.97180204864235 ], [ 110.252211113613939, -1.971622385585526 ], [ 110.252031450557112, -1.971622385585526 ], [ 110.252031450557112, -1.97180204864235 ] ] ] } },
{ "type": "Feature", "properties": { "count": 1, "label": 1, "cluster_id": 58 }, "geometry": { "type": "Polygon", "coordinates": [ [ [ 110.252031450557112, -1.973598679210589 ], [ 110.252211113613939, -1.973598679210589 ], [ 110.252211113613939, -1.973419016153765 ], [ 110.252031450557112, -1.973419016153765 ], [ 110.252031450557112, -1.973598679210589 ] ] ] } },
{ "type": "Feature", "properties": { "count": 1, "label": 1, "cluster_id": 58 }, "geometry": { "type": "Polygon", "coordinates": [ [ [ 110.252031450557112, -1.975395309778828 ], [ 110.252211113613939, -1.975395309778828 ], [ 110.252211113613939, -1.975215646722004 ], [ 110.252031450557112, -1.975215646722004 ], [ 110.252031450557112, -1.975395309778828 ] ] ] } },
{ "type": "Feature", "properties": { "count": 1, "label": 1, "cluster_id": 58 }, "geometry": { "type": "Polygon", "coordinates": [ [ [ 110.252031450557112, -1.976293625062947 ], [ 110.252211113613939, -1.976293625062947 ], [ 110.252211113613939, -1.976113962006123 ], [ 110.252031450557112, -1.976113962006123 ], [ 110.252031450557112, -1.976293625062947 ] ] ] } },
{ "type": "Feature", "properties": { "count": 16, "label": 1, "cluster_id": 58 }, "geometry": { "type": "Polygon", "coordinates": [ [ [ 110.252031450557112, -1.981324190654017 ], [ 110.252031450557112, -1.981683516767664 ], [ 110.252211113613939, -1.981683516767664 ], [ 110.252211113613939, -1.982042842881312 ], [ 110.251851787500286, -1.982042842881312 ], [ 110.251851787500286, -1.98240216899496 ], [ 110.252390776670765, -1.98240216899496 ], [ 110.252390776670765, -1.982222505938136 ], [ 110.252570439727577, -1.982222505938136 ], [ 110.252570439727577, -1.982042842881312 ], [ 110.252750102784404, -1.982042842881312 ], [ 110.252750102784404, -1.981683516767664 ], [ 110.252390776670765, -1.981683516767664 ], [ 110.252390776670765, -1.98150385371084 ], [ 110.252211113613939, -1.98150385371084 ], [ 110.252211113613939, -1.981324190654017 ], [ 110.252031450557112, -1.981324190654017 ] ] ] } },
{ "type": "Feature", "properties": { "count": 1, "label": 1, "cluster_id": 58 }, "geometry": { "type": "Polygon", "coordinates": [ [ [ 110.252211113613939, -1.965693504710337 ], [ 110.252390776670765, -1.965693504710337 ], [ 110.252390776670765, -1.965513841653513 ], [ 110.252211113613939, -1.965513841653513 ], [ 110.252211113613939, -1.965693504710337 ] ] ] } },
{ "type": "Feature", "properties": { "count": 1, "label": 1, "cluster_id": 58 }, "geometry": { "type": "Polygon", "coordinates": [ [ [ 110.252211113613939, -1.980066549256249 ], [ 110.252390776670765, -1.980066549256249 ], [ 110.252390776670765, -1.979886886199425 ], [ 110.252211113613939, -1.979886886199425 ], [ 110.252211113613939, -1.980066549256249 ] ] ] } },
{ "type": "Feature", "properties": { "count": 1, "label": 1, "cluster_id": 58 }, "geometry": { "type": "Polygon", "coordinates": [ [ [ 110.252211113613939, -1.980785201483545 ], [ 110.252390776670765, -1.980785201483545 ], [ 110.252390776670765, -1.980605538426721 ], [ 110.252211113613939, -1.980605538426721 ], [ 110.252211113613939, -1.980785201483545 ] ] ] } },
{ "type": "Feature", "properties": { "count": 1, "label": 1, "cluster_id": 58 }, "geometry": { "type": "Polygon", "coordinates": [ [ [ 110.252211113613939, -1.981144527597193 ], [ 110.252390776670765, -1.981144527597193 ], [ 110.252390776670765, -1.980964864540369 ], [ 110.252211113613939, -1.980964864540369 ], [ 110.252211113613939, -1.981144527597193 ] ] ] } },
{ "type": "Feature", "properties": { "count": 1, "label": 1, "cluster_id": 58 }, "geometry": { "type": "Polygon", "coordinates": [ [ [ 110.252390776670765, -1.9594052977215 ], [ 110.252570439727577, -1.9594052977215 ], [ 110.252570439727577, -1.959225634664676 ], [ 110.252390776670765, -1.959225634664676 ], [ 110.252390776670765, -1.9594052977215 ] ] ] } },
{ "type": "Feature", "properties": { "count": 1, "label": 1, "cluster_id": 58 }, "geometry": { "type": "Polygon", "coordinates": [ [ [ 110.252390776670765, -1.961381591346563 ], [ 110.252570439727577, -1.961381591346563 ], [ 110.252570439727577, -1.961201928289739 ], [ 110.252390776670765, -1.961201928289739 ], [ 110.252390776670765, -1.961381591346563 ] ] ] } },
{ "type": "Feature", "properties": { "count": 2, "label": 1, "cluster_id": 58 }, "geometry": { "type": "Polygon", "coordinates": [ [ [ 110.252390776670765, -1.962818895801155 ], [ 110.252570439727577, -1.962818895801155 ], [ 110.252570439727577, -1.962459569687507 ], [ 110.252390776670765, -1.962459569687507 ], [ 110.252390776670765, -1.962818895801155 ] ] ] } },
{ "type": "Feature", "properties": { "count": 1, "label": 1, "cluster_id": 58 }, "geometry": { "type": "Polygon", "coordinates": [ [ [ 110.252390776670765, -1.965513841653513 ], [ 110.252570439727577, -1.965513841653513 ], [ 110.252570439727577, -1.965334178596689 ], [ 110.252390776670765, -1.965334178596689 ], [ 110.252390776670765, -1.965513841653513 ] ] ] } },
{ "type": "Feature", "properties": { "count": 1, "label": 1, "cluster_id": 58 }, "geometry": { "type": "Polygon", "coordinates": [ [ [ 110.252390776670765, -1.972880026983293 ], [ 110.252570439727577, -1.972880026983293 ], [ 110.252570439727577, -1.972700363926469 ], [ 110.252390776670765, -1.972700363926469 ], [ 110.252390776670765, -1.972880026983293 ] ] ] } },
{ "type": "Feature", "properties": { "count": 1, "label": 1, "cluster_id": 58 }, "geometry": { "type": "Polygon", "coordinates": [ [ [ 110.252390776670765, -1.976473288119771 ], [ 110.252570439727577, -1.976473288119771 ], [ 110.252570439727577, -1.976293625062947 ], [ 110.252390776670765, -1.976293625062947 ], [ 110.252390776670765, -1.976473288119771 ] ] ] } },
{ "type": "Feature", "properties": { "count": 2, "label": 1, "cluster_id": 58 }, "geometry": { "type": "Polygon", "coordinates": [ [ [ 110.252390776670765, -1.979527560085778 ], [ 110.252570439727577, -1.979527560085778 ], [ 110.252570439727577, -1.97916823397213 ], [ 110.252390776670765, -1.97916823397213 ], [ 110.252390776670765, -1.979527560085778 ] ] ] } },
{ "type": "Feature", "properties": { "count": 1, "label": 1, "cluster_id": 58 }, "geometry": { "type": "Polygon", "coordinates": [ [ [ 110.252570439727577, -1.96443586331257 ], [ 110.252750102784404, -1.96443586331257 ], [ 110.252750102784404, -1.964256200255746 ], [ 110.252570439727577, -1.964256200255746 ], [ 110.252570439727577, -1.96443586331257 ] ] ] } },
{ "type": "Feature", "properties": { "count": 2, "label": 1, "cluster_id": 58 }, "geometry": { "type": "Polygon", "coordinates": [ [ [ 110.252390776670765, -1.965873167767161 ], [ 110.252750102784404, -1.965873167767161 ], [ 110.252750102784404, -1.965693504710337 ], [ 110.252390776670765, -1.965693504710337 ], [ 110.252390776670765, -1.965873167767161 ] ] ] } },
{ "type": "Feature", "properties": { "count": 1, "label": 1, "cluster_id": 58 }, "geometry": { "type": "Polygon", "coordinates": [ [ [ 110.252570439727577, -1.969286765846815 ], [ 110.252750102784404, -1.969286765846815 ], [ 110.252750102784404, -1.969107102789991 ], [ 110.252570439727577, -1.969107102789991 ], [ 110.252570439727577, -1.969286765846815 ] ] ] } },
{ "type": "Feature", "properties": { "count": 1, "label": 1, "cluster_id": 58 }, "geometry": { "type": "Polygon", "coordinates": [ [ [ 110.252570439727577, -1.973958005324236 ], [ 110.252750102784404, -1.973958005324236 ], [ 110.252750102784404, -1.973778342267413 ], [ 110.252570439727577, -1.973778342267413 ], [ 110.252570439727577, -1.973958005324236 ] ] ] } },
{ "type": "Feature", "properties": { "count": 2, "label": 1, "cluster_id": 58 }, "geometry": { "type": "Polygon", "coordinates": [ [ [ 110.252570439727577, -1.981324190654017 ], [ 110.252750102784404, -1.981324190654017 ], [ 110.252750102784404, -1.980964864540369 ], [ 110.252570439727577, -1.980964864540369 ], [ 110.252570439727577, -1.981324190654017 ] ] ] } },
{ "type": "Feature", "properties": { "count": 1, "label": 1, "cluster_id": 58 }, "geometry": { "type": "Polygon", "coordinates": [ [ [ 110.252750102784404, -1.955093384357727 ], [ 110.25292976584123, -1.955093384357727 ], [ 110.25292976584123, -1.954913721300903 ], [ 110.252750102784404, -1.954913721300903 ], [ 110.252750102784404, -1.955093384357727 ] ] ] } },
{ "type": "Feature", "properties": { "count": 7, "label": 1, "cluster_id": 58 }, "geometry": { "type": "Polygon", "coordinates": [ [ [ 110.252390776670765, -1.958147656323733 ], [ 110.252390776670765, -1.958327319380557 ], [ 110.252211113613939, -1.958327319380557 ], [ 110.252211113613939, -1.958686645494205 ], [ 110.252390776670765, -1.958686645494205 ], [ 110.252390776670765, -1.958506982437381 ], [ 110.252750102784404, -1.958506982437381 ], [ 110.252750102784404, -1.958327319380557 ], [ 110.25292976584123, -1.958327319380557 ], [ 110.25292976584123, -1.958147656323733 ], [ 110.252390776670765, -1.958147656323733 ] ] ] } },
{ "type": "Feature", "properties": { "count": 1, "label": 1, "cluster_id": 58 }, "geometry": { "type": "Polygon", "coordinates": [ [ [ 110.252750102784404, -1.965513841653513 ], [ 110.25292976584123, -1.965513841653513 ], [ 110.25292976584123, -1.965334178596689 ], [ 110.252750102784404, -1.965334178596689 ], [ 110.252750102784404, -1.965513841653513 ] ] ] } },
{ "type": "Feature", "properties": { "count": 1, "label": 1, "cluster_id": 58 }, "geometry": { "type": "Polygon", "coordinates": [ [ [ 110.252750102784404, -1.967849461392224 ], [ 110.25292976584123, -1.967849461392224 ], [ 110.25292976584123, -1.9676697983354 ], [ 110.252750102784404, -1.9676697983354 ], [ 110.252750102784404, -1.967849461392224 ] ] ] } },
{ "type": "Feature", "properties": { "count": 1, "label": 1, "cluster_id": 58 }, "geometry": { "type": "Polygon", "coordinates": [ [ [ 110.252750102784404, -1.97090373335823 ], [ 110.25292976584123, -1.97090373335823 ], [ 110.25292976584123, -1.970724070301406 ], [ 110.252750102784404, -1.970724070301406 ], [ 110.252750102784404, -1.97090373335823 ] ] ] } },
{ "type": "Feature", "properties": { "count": 1, "label": 1, "cluster_id": 58 }, "geometry": { "type": "Polygon", "coordinates": [ [ [ 110.25292976584123, -1.947367872914299 ], [ 110.253109428898057, -1.947367872914299 ], [ 110.253109428898057, -1.947188209857475 ], [ 110.25292976584123, -1.947188209857475 ], [ 110.25292976584123, -1.947367872914299 ] ] ] } },
{ "type": "Feature", "properties": { "count": 1, "label": 1, "cluster_id": 58 }, "geometry": { "type": "Polygon", "coordinates": [ [ [ 110.25292976584123, -1.96443586331257 ], [ 110.253109428898057, -1.96443586331257 ], [ 110.253109428898057, -1.964256200255746 ], [ 110.25292976584123, -1.964256200255746 ], [ 110.25292976584123, -1.96443586331257 ] ] ] } },
{ "type": "Feature", "properties": { "count": 4, "label": 1, "cluster_id": 58 }, "geometry": { "type": "Polygon", "coordinates": [ [ [ 110.25292976584123, -1.969466428903639 ], [ 110.253109428898057, -1.969466428903639 ], [ 110.253109428898057, -1.968747776676343 ], [ 110.25292976584123, -1.968747776676343 ], [ 110.25292976584123, -1.969466428903639 ] ] ] } },
{ "type": "Feature", "properties": { "count": 1, "label": 1, "cluster_id": 58 }, "geometry": { "type": "Polygon", "coordinates": [ [ [ 110.25292976584123, -1.979347897028954 ], [ 110.253109428898057, -1.979347897028954 ], [ 110.253109428898057, -1.97916823397213 ], [ 110.25292976584123, -1.97916823397213 ], [ 110.25292976584123, -1.979347897028954 ] ] ] } },
{ "type": "Feature", "properties": { "count": 10, "label": 1, "cluster_id": 58 }, "geometry": { "type": "Polygon", "coordinates": [ [ [ 110.25292976584123, -1.959944286891972 ], [ 110.25292976584123, -1.960123949948796 ], [ 110.252750102784404, -1.960123949948796 ], [ 110.252750102784404, -1.960662939119268 ], [ 110.253109428898057, -1.960662939119268 ], [ 110.253109428898057, -1.960483276062444 ], [ 110.253289091954883, -1.960483276062444 ], [ 110.253289091954883, -1.959944286891972 ], [ 110.25292976584123, -1.959944286891972 ] ] ] } },
{ "type": "Feature", "properties": { "count": 1, "label": 1, "cluster_id": 58 }, "geometry": { "type": "Polygon", "coordinates": [ [ [ 110.253109428898057, -1.965154515539865 ], [ 110.253289091954883, -1.965154515539865 ], [ 110.253289091954883, -1.964974852483041 ], [ 110.253109428898057, -1.964974852483041 ], [ 110.253109428898057, -1.965154515539865 ] ] ] } },
{ "type": "Feature", "properties": { "count": 1, "label": 1, "cluster_id": 58 }, "geometry": { "type": "Polygon", "coordinates": [ [ [ 110.253109428898057, -1.966052830823985 ], [ 110.253289091954883, -1.966052830823985 ], [ 110.253289091954883, -1.965873167767161 ], [ 110.253109428898057, -1.965873167767161 ], [ 110.253109428898057, -1.966052830823985 ] ] ] } },
{ "type": "Feature", "properties": { "count": 1, "label": 1, "cluster_id": 58 }, "geometry": { "type": "Polygon", "coordinates": [ [ [ 110.253109428898057, -1.975215646722004 ], [ 110.253289091954883, -1.975215646722004 ], [ 110.253289091954883, -1.97503598366518 ], [ 110.253109428898057, -1.97503598366518 ], [ 110.253109428898057, -1.975215646722004 ] ] ] } },
{ "type": "Feature", "properties": { "count": 2, "label": 1, "cluster_id": 58 }, "geometry": { "type": "Polygon", "coordinates": [ [ [ 110.253109428898057, -1.979886886199425 ], [ 110.253289091954883, -1.979886886199425 ], [ 110.253289091954883, -1.979527560085778 ], [ 110.253109428898057, -1.979527560085778 ], [ 110.253109428898057, -1.979886886199425 ] ] ] } },
{ "type": "Feature", "properties": { "count": 4, "label": 1, "cluster_id": 58 }, "geometry": { "type": "Polygon", "coordinates": [ [ [ 110.253289091954883, -1.961201928289739 ], [ 110.253289091954883, -1.961561254403387 ], [ 110.253109428898057, -1.961561254403387 ], [ 110.253109428898057, -1.961740917460211 ], [ 110.253468755011696, -1.961740917460211 ], [ 110.253468755011696, -1.961201928289739 ], [ 110.253289091954883, -1.961201928289739 ] ] ] } },
{ "type": "Feature", "properties": { "count": 3, "label": 1, "cluster_id": 58 }, "geometry": { "type": "Polygon", "coordinates": [ [ [ 110.253289091954883, -1.963178221914802 ], [ 110.253289091954883, -1.963357884971626 ], [ 110.253109428898057, -1.963357884971626 ], [ 110.253109428898057, -1.96353754802845 ], [ 110.253468755011696, -1.96353754802845 ], [ 110.253468755011696, -1.963178221914802 ], [ 110.253289091954883, -1.963178221914802 ] ] ] } },
{ "type": "Feature", "properties": { "count": 1, "label": 1, "cluster_id": 58 }, "geometry": { "type": "Polygon", "coordinates": [ [ [ 110.253289091954883, -1.966412156937632 ], [ 110.253468755011696, -1.966412156937632 ], [ 110.253468755011696, -1.966232493880809 ], [ 110.253289091954883, -1.966232493880809 ], [ 110.253289091954883, -1.966412156937632 ] ] ] } },
{ "type": "Feature", "properties": { "count": 1, "label": 1, "cluster_id": 58 }, "geometry": { "type": "Polygon", "coordinates": [ [ [ 110.253289091954883, -1.967490135278576 ], [ 110.253468755011696, -1.967490135278576 ], [ 110.253468755011696, -1.967310472221752 ], [ 110.253289091954883, -1.967310472221752 ], [ 110.253289091954883, -1.967490135278576 ] ] ] } },
{ "type": "Feature", "properties": { "count": 2, "label": 1, "cluster_id": 58 }, "geometry": { "type": "Polygon", "coordinates": [ [ [ 110.253289091954883, -1.970005418074111 ], [ 110.253468755011696, -1.970005418074111 ], [ 110.253468755011696, -1.969646091960463 ], [ 110.253289091954883, -1.969646091960463 ], [ 110.253289091954883, -1.970005418074111 ] ] ] } },
{ "type": "Feature", "properties": { "count": 1, "label": 1, "cluster_id": 58 }, "geometry": { "type": "Polygon", "coordinates": [ [ [ 110.253289091954883, -1.971622385585526 ], [ 110.253468755011696, -1.971622385585526 ], [ 110.253468755011696, -1.971442722528702 ], [ 110.253289091954883, -1.971442722528702 ], [ 110.253289091954883, -1.971622385585526 ] ] ] } },
{ "type": "Feature", "properties": { "count": 1, "label": 1, "cluster_id": 58 }, "geometry": { "type": "Polygon", "coordinates": [ [ [ 110.253289091954883, -1.971981711699174 ], [ 110.253468755011696, -1.971981711699174 ], [ 110.253468755011696, -1.97180204864235 ], [ 110.253289091954883, -1.97180204864235 ], [ 110.253289091954883, -1.971981711699174 ] ] ] } },
{ "type": "Feature", "properties": { "count": 1, "label": 1, "cluster_id": 58 }, "geometry": { "type": "Polygon", "coordinates": [ [ [ 110.253289091954883, -1.972341037812821 ], [ 110.253468755011696, -1.972341037812821 ], [ 110.253468755011696, -1.972161374755997 ], [ 110.253289091954883, -1.972161374755997 ], [ 110.253289091954883, -1.972341037812821 ] ] ] } },
{ "type": "Feature", "properties": { "count": 1, "label": 1, "cluster_id": 58 }, "geometry": { "type": "Polygon", "coordinates": [ [ [ 110.253289091954883, -1.974856320608356 ], [ 110.253468755011696, -1.974856320608356 ], [ 110.253468755011696, -1.974676657551532 ], [ 110.253289091954883, -1.974676657551532 ], [ 110.253289091954883, -1.974856320608356 ] ] ] } },
{ "type": "Feature", "properties": { "count": 1, "label": 1, "cluster_id": 58 }, "geometry": { "type": "Polygon", "coordinates": [ [ [ 110.253468755011696, -1.946110231516531 ], [ 110.253648418068522, -1.946110231516531 ], [ 110.253648418068522, -1.945930568459707 ], [ 110.253468755011696, -1.945930568459707 ], [ 110.253468755011696, -1.946110231516531 ] ] ] } },
{ "type": "Feature", "properties": { "count": 3, "label": 1, "cluster_id": 58 }, "geometry": { "type": "Polygon", "coordinates": [ [ [ 110.253289091954883, -1.946649220687003 ], [ 110.253289091954883, -1.947008546800651 ], [ 110.253468755011696, -1.947008546800651 ], [ 110.253468755011696, -1.946828883743827 ], [ 110.253648418068522, -1.946828883743827 ], [ 110.253648418068522, -1.946649220687003 ], [ 110.253289091954883, -1.946649220687003 ] ] ] } },
{ "type": "Feature", "properties": { "count": 1, "label": 1, "cluster_id": 58 }, "geometry": { "type": "Polygon", "coordinates": [ [ [ 110.253468755011696, -1.955273047414551 ], [ 110.253648418068522, -1.955273047414551 ], [ 110.253648418068522, -1.955093384357727 ], [ 110.253468755011696, -1.955093384357727 ], [ 110.253468755011696, -1.955273047414551 ] ] ] } },
{ "type": "Feature", "properties": { "count": 3, "label": 1, "cluster_id": 58 }, "geometry": { "type": "Polygon", "coordinates": [ [ [ 110.253468755011696, -1.956530688812318 ], [ 110.253468755011696, -1.956710351869142 ], [ 110.253289091954883, -1.956710351869142 ], [ 110.253289091954883, -1.956890014925966 ], [ 110.253648418068522, -1.956890014925966 ], [ 110.253648418068522, -1.956530688812318 ], [ 110.253468755011696, -1.956530688812318 ] ] ] } },
{ "type": "Feature", "properties": { "count": 1, "label": 1, "cluster_id": 58 }, "geometry": { "type": "Polygon", "coordinates": [ [ [ 110.253468755011696, -1.958327319380557 ], [ 110.253648418068522, -1.958327319380557 ], [ 110.253648418068522, -1.958147656323733 ], [ 110.253468755011696, -1.958147656323733 ], [ 110.253468755011696, -1.958327319380557 ] ] ] } },
{ "type": "Feature", "properties": { "count": 1, "label": 1, "cluster_id": 58 }, "geometry": { "type": "Polygon", "coordinates": [ [ [ 110.253468755011696, -1.958866308551029 ], [ 110.253648418068522, -1.958866308551029 ], [ 110.253648418068522, -1.958686645494205 ], [ 110.253468755011696, -1.958686645494205 ], [ 110.253468755011696, -1.958866308551029 ] ] ] } },
{ "type": "Feature", "properties": { "count": 2, "label": 1, "cluster_id": 58 }, "geometry": { "type": "Polygon", "coordinates": [ [ [ 110.253468755011696, -1.960662939119268 ], [ 110.253648418068522, -1.960662939119268 ], [ 110.253648418068522, -1.96030361300562 ], [ 110.253468755011696, -1.96030361300562 ], [ 110.253468755011696, -1.960662939119268 ] ] ] } },
{ "type": "Feature", "properties": { "count": 1, "label": 1, "cluster_id": 58 }, "geometry": { "type": "Polygon", "coordinates": [ [ [ 110.253468755011696, -1.964615526369393 ], [ 110.253648418068522, -1.964615526369393 ], [ 110.253648418068522, -1.96443586331257 ], [ 110.253468755011696, -1.96443586331257 ], [ 110.253468755011696, -1.964615526369393 ] ] ] } },
{ "type": "Feature", "properties": { "count": 1, "label": 1, "cluster_id": 58 }, "geometry": { "type": "Polygon", "coordinates": [ [ [ 110.253468755011696, -1.965513841653513 ], [ 110.253648418068522, -1.965513841653513 ], [ 110.253648418068522, -1.965334178596689 ], [ 110.253468755011696, -1.965334178596689 ], [ 110.253468755011696, -1.965513841653513 ] ] ] } },
{ "type": "Feature", "properties": { "count": 1, "label": 1, "cluster_id": 58 }, "geometry": { "type": "Polygon", "coordinates": [ [ [ 110.253468755011696, -1.968927439733167 ], [ 110.253648418068522, -1.968927439733167 ], [ 110.253648418068522, -1.968747776676343 ], [ 110.253468755011696, -1.968747776676343 ], [ 110.253468755011696, -1.968927439733167 ] ] ] } },
{ "type": "Feature", "properties": { "count": 1, "label": 1, "cluster_id": 58 }, "geometry": { "type": "Polygon", "coordinates": [ [ [ 110.253468755011696, -1.972700363926469 ], [ 110.253648418068522, -1.972700363926469 ], [ 110.253648418068522, -1.972520700869645 ], [ 110.253468755011696, -1.972520700869645 ], [ 110.253468755011696, -1.972700363926469 ] ] ] } },
{ "type": "Feature", "properties": { "count": 1, "label": 1, "cluster_id": 58 }, "geometry": { "type": "Polygon", "coordinates": [ [ [ 110.253468755011696, -1.97916823397213 ], [ 110.253648418068522, -1.97916823397213 ], [ 110.253648418068522, -1.978988570915306 ], [ 110.253468755011696, -1.978988570915306 ], [ 110.253468755011696, -1.97916823397213 ] ] ] } },
{ "type": "Feature", "properties": { "count": 1, "label": 1, "cluster_id": 58 }, "geometry": { "type": "Polygon", "coordinates": [ [ [ 110.253468755011696, -1.980605538426721 ], [ 110.253648418068522, -1.980605538426721 ], [ 110.253648418068522, -1.980425875369897 ], [ 110.253468755011696, -1.980425875369897 ], [ 110.253468755011696, -1.980605538426721 ] ] ] } },
{ "type": "Feature", "properties": { "count": 3, "label": 1, "cluster_id": 58 }, "geometry": { "type": "Polygon", "coordinates": [ [ [ 110.253648418068522, -1.957608667153261 ], [ 110.253828081125349, -1.957608667153261 ], [ 110.253828081125349, -1.957069677982789 ], [ 110.253648418068522, -1.957069677982789 ], [ 110.253648418068522, -1.957608667153261 ] ] ] } },
{ "type": "Feature", "properties": { "count": 1, "label": 1, "cluster_id": 58 }, "geometry": { "type": "Polygon", "coordinates": [ [ [ 110.253648418068522, -1.957967993266909 ], [ 110.253828081125349, -1.957967993266909 ], [ 110.253828081125349, -1.957788330210085 ], [ 110.253648418068522, -1.957788330210085 ], [ 110.253648418068522, -1.957967993266909 ] ] ] } },
{ "type": "Feature", "properties": { "count": 1, "label": 1, "cluster_id": 58 }, "geometry": { "type": "Polygon", "coordinates": [ [ [ 110.253648418068522, -1.959944286891972 ], [ 110.253828081125349, -1.959944286891972 ], [ 110.253828081125349, -1.959764623835148 ], [ 110.253648418068522, -1.959764623835148 ], [ 110.253648418068522, -1.959944286891972 ] ] ] } },
{ "type": "Feature", "properties": { "count": 1, "label": 1, "cluster_id": 58 }, "geometry": { "type": "Polygon", "coordinates": [ [ [ 110.253648418068522, -1.961022265232915 ], [ 110.253828081125349, -1.961022265232915 ], [ 110.253828081125349, -1.960842602176091 ], [ 110.253648418068522, -1.960842602176091 ], [ 110.253648418068522, -1.961022265232915 ] ] ] } },
{ "type": "Feature", "properties": { "count": 2, "label": 1, "cluster_id": 58 }, "geometry": { "type": "Polygon", "coordinates": [ [ [ 110.253468755011696, -1.964256200255746 ], [ 110.253828081125349, -1.964256200255746 ], [ 110.253828081125349, -1.964076537198922 ], [ 110.253468755011696, -1.964076537198922 ], [ 110.253468755011696, -1.964256200255746 ] ] ] } },
{ "type": "Feature", "properties": { "count": 1, "label": 1, "cluster_id": 58 }, "geometry": { "type": "Polygon", "coordinates": [ [ [ 110.253648418068522, -1.969466428903639 ], [ 110.253828081125349, -1.969466428903639 ], [ 110.253828081125349, -1.969286765846815 ], [ 110.253648418068522, -1.969286765846815 ], [ 110.253648418068522, -1.969466428903639 ] ] ] } },
{ "type": "Feature", "properties": { "count": 1, "label": 1, "cluster_id": 58 }, "geometry": { "type": "Polygon", "coordinates": [ [ [ 110.253648418068522, -1.979527560085778 ], [ 110.253828081125349, -1.979527560085778 ], [ 110.253828081125349, -1.979347897028954 ], [ 110.253648418068522, -1.979347897028954 ], [ 110.253648418068522, -1.979527560085778 ] ] ] } },
{ "type": "Feature", "properties": { "count": 1, "label": 1, "cluster_id": 58 }, "geometry": { "type": "Polygon", "coordinates": [ [ [ 110.253828081125349, -1.945930568459707 ], [ 110.254007744182175, -1.945930568459707 ], [ 110.254007744182175, -1.945750905402883 ], [ 110.253828081125349, -1.945750905402883 ], [ 110.253828081125349, -1.945930568459707 ] ] ] } },
{ "type": "Feature", "properties": { "count": 1, "label": 1, "cluster_id": 58 }, "geometry": { "type": "Polygon", "coordinates": [ [ [ 110.253828081125349, -1.954015406016783 ], [ 110.254007744182175, -1.954015406016783 ], [ 110.254007744182175, -1.953835742959959 ], [ 110.253828081125349, -1.953835742959959 ], [ 110.253828081125349, -1.954015406016783 ] ] ] } },
{ "type": "Feature", "properties": { "count": 1, "label": 1, "cluster_id": 58 }, "geometry": { "type": "Polygon", "coordinates": [ [ [ 110.253828081125349, -1.956890014925966 ], [ 110.254007744182175, -1.956890014925966 ], [ 110.254007744182175, -1.956710351869142 ], [ 110.253828081125349, -1.956710351869142 ], [ 110.253828081125349, -1.956890014925966 ] ] ] } },
{ "type": "Feature", "properties": { "count": 1, "label": 1, "cluster_id": 58 }, "geometry": { "type": "Polygon", "coordinates": [ [ [ 110.253828081125349, -1.960483276062444 ], [ 110.254007744182175, -1.960483276062444 ], [ 110.254007744182175, -1.96030361300562 ], [ 110.253828081125349, -1.96030361300562 ], [ 110.253828081125349, -1.960483276062444 ] ] ] } },
{ "type": "Feature", "properties": { "count": 1, "label": 1, "cluster_id": 58 }, "geometry": { "type": "Polygon", "coordinates": [ [ [ 110.253828081125349, -1.961740917460211 ], [ 110.254007744182175, -1.961740917460211 ], [ 110.254007744182175, -1.961561254403387 ], [ 110.253828081125349, -1.961561254403387 ], [ 110.253828081125349, -1.961740917460211 ] ] ] } },
{ "type": "Feature", "properties": { "count": 1, "label": 1, "cluster_id": 58 }, "geometry": { "type": "Polygon", "coordinates": [ [ [ 110.253828081125349, -1.964974852483041 ], [ 110.254007744182175, -1.964974852483041 ], [ 110.254007744182175, -1.964795189426217 ], [ 110.253828081125349, -1.964795189426217 ], [ 110.253828081125349, -1.964974852483041 ] ] ] } },
{ "type": "Feature", "properties": { "count": 1, "label": 1, "cluster_id": 58 }, "geometry": { "type": "Polygon", "coordinates": [ [ [ 110.253828081125349, -1.965334178596689 ], [ 110.254007744182175, -1.965334178596689 ], [ 110.254007744182175, -1.965154515539865 ], [ 110.253828081125349, -1.965154515539865 ], [ 110.253828081125349, -1.965334178596689 ] ] ] } },
{ "type": "Feature", "properties": { "count": 1, "label": 1, "cluster_id": 58 }, "geometry": { "type": "Polygon", "coordinates": [ [ [ 110.253828081125349, -1.968388450562695 ], [ 110.254007744182175, -1.968388450562695 ], [ 110.254007744182175, -1.968208787505872 ], [ 110.253828081125349, -1.968208787505872 ], [ 110.253828081125349, -1.968388450562695 ] ] ] } },
{ "type": "Feature", "properties": { "count": 1, "label": 1, "cluster_id": 58 }, "geometry": { "type": "Polygon", "coordinates": [ [ [ 110.253828081125349, -1.968927439733167 ], [ 110.254007744182175, -1.968927439733167 ], [ 110.254007744182175, -1.968747776676343 ], [ 110.253828081125349, -1.968747776676343 ], [ 110.253828081125349, -1.968927439733167 ] ] ] } },
{ "type": "Feature", "properties": { "count": 1, "label": 1, "cluster_id": 58 }, "geometry": { "type": "Polygon", "coordinates": [ [ [ 110.253828081125349, -1.971083396415054 ], [ 110.254007744182175, -1.971083396415054 ], [ 110.254007744182175, -1.97090373335823 ], [ 110.253828081125349, -1.97090373335823 ], [ 110.253828081125349, -1.971083396415054 ] ] ] } },
{ "type": "Feature", "properties": { "count": 1, "label": 1, "cluster_id": 58 }, "geometry": { "type": "Polygon", "coordinates": [ [ [ 110.253828081125349, -1.975934298949299 ], [ 110.254007744182175, -1.975934298949299 ], [ 110.254007744182175, -1.975754635892476 ], [ 110.253828081125349, -1.975754635892476 ], [ 110.253828081125349, -1.975934298949299 ] ] ] } },
{ "type": "Feature", "properties": { "count": 2, "label": 1, "cluster_id": 58 }, "geometry": { "type": "Polygon", "coordinates": [ [ [ 110.253828081125349, -1.977371603403891 ], [ 110.254007744182175, -1.977371603403891 ], [ 110.254007744182175, -1.977012277290243 ], [ 110.253828081125349, -1.977012277290243 ], [ 110.253828081125349, -1.977371603403891 ] ] ] } },
{ "type": "Feature", "properties": { "count": 36, "label": 1, "cluster_id": 58 }, "geometry": { "type": "Polygon", "coordinates": [ [ [ 110.254007744182175, -1.946469557630179 ], [ 110.254007744182175, -1.946649220687003 ], [ 110.253828081125349, -1.946649220687003 ], [ 110.253828081125349, -1.947008546800651 ], [ 110.254007744182175, -1.947008546800651 ], [ 110.254007744182175, -1.946828883743827 ], [ 110.254187407239002, -1.946828883743827 ], [ 110.254187407239002, -1.947008546800651 ], [ 110.254007744182175, -1.947008546800651 ], [ 110.254007744182175, -1.947188209857475 ], [ 110.253828081125349, -1.947188209857475 ], [ 110.253828081125349, -1.947367872914299 ], [ 110.253468755011696, -1.947367872914299 ], [ 110.253468755011696, -1.947188209857475 ], [ 110.253289091954883, -1.947188209857475 ], [ 110.253289091954883, -1.947727199027947 ], [ 110.253468755011696, -1.947727199027947 ], [ 110.253468755011696, -1.947547535971123 ], [ 110.253648418068522, -1.947547535971123 ], [ 110.253648418068522, -1.947727199027947 ], [ 110.254007744182175, -1.947727199027947 ], [ 110.254007744182175, -1.948086525141594 ], [ 110.254367070295828, -1.948086525141594 ], [ 110.254367070295828, -1.94790686208477 ], [ 110.25454673335264, -1.94790686208477 ], [ 110.25454673335264, -1.947727199027947 ], [ 110.254726396409467, -1.947727199027947 ], [ 110.254726396409467, -1.947547535971123 ], [ 110.25454673335264, -1.947547535971123 ], [ 110.25454673335264, -1.947008546800651 ], [ 110.254726396409467, -1.947008546800651 ], [ 110.254726396409467, -1.946828883743827 ], [ 110.25454673335264, -1.946828883743827 ], [ 110.25454673335264, -1.946649220687003 ], [ 110.254187407239002, -1.946649220687003 ], [ 110.254187407239002, -1.946469557630179 ], [ 110.254007744182175, -1.946469557630179 ] ] ] } },
{ "type": "Feature", "properties": { "count": 2, "label": 1, "cluster_id": 58 }, "geometry": { "type": "Polygon", "coordinates": [ [ [ 110.254007744182175, -1.95203911239172 ], [ 110.254187407239002, -1.95203911239172 ], [ 110.254187407239002, -1.951679786278072 ], [ 110.254007744182175, -1.951679786278072 ], [ 110.254007744182175, -1.95203911239172 ] ] ] } },
{ "type": "Feature", "properties": { "count": 1, "label": 1, "cluster_id": 58 }, "geometry": { "type": "Polygon", "coordinates": [ [ [ 110.254007744182175, -1.954554395187255 ], [ 110.254187407239002, -1.954554395187255 ], [ 110.254187407239002, -1.954374732130431 ], [ 110.254007744182175, -1.954374732130431 ], [ 110.254007744182175, -1.954554395187255 ] ] ] } },
{ "type": "Feature", "properties": { "count": 1, "label": 1, "cluster_id": 58 }, "geometry": { "type": "Polygon", "coordinates": [ [ [ 110.254007744182175, -1.955632373528198 ], [ 110.254187407239002, -1.955632373528198 ], [ 110.254187407239002, -1.955452710471374 ], [ 110.254007744182175, -1.955452710471374 ], [ 110.254007744182175, -1.955632373528198 ] ] ] } },
{ "type": "Feature", "properties": { "count": 1, "label": 1, "cluster_id": 58 }, "geometry": { "type": "Polygon", "coordinates": [ [ [ 110.254007744182175, -1.95617136269867 ], [ 110.254187407239002, -1.95617136269867 ], [ 110.254187407239002, -1.955991699641846 ], [ 110.254007744182175, -1.955991699641846 ], [ 110.254007744182175, -1.95617136269867 ] ] ] } },
{ "type": "Feature", "properties": { "count": 1, "label": 1, "cluster_id": 58 }, "geometry": { "type": "Polygon", "coordinates": [ [ [ 110.254007744182175, -1.957429004096437 ], [ 110.254187407239002, -1.957429004096437 ], [ 110.254187407239002, -1.957249341039613 ], [ 110.254007744182175, -1.957249341039613 ], [ 110.254007744182175, -1.957429004096437 ] ] ] } },
{ "type": "Feature", "properties": { "count": 1, "label": 1, "cluster_id": 58 }, "geometry": { "type": "Polygon", "coordinates": [ [ [ 110.254007744182175, -1.957967993266909 ], [ 110.254187407239002, -1.957967993266909 ], [ 110.254187407239002, -1.957788330210085 ], [ 110.254007744182175, -1.957788330210085 ], [ 110.254007744182175, -1.957967993266909 ] ] ] } },
{ "type": "Feature", "properties": { "count": 1, "label": 1, "cluster_id": 58 }, "geometry": { "type": "Polygon", "coordinates": [ [ [ 110.254007744182175, -1.96443586331257 ], [ 110.254187407239002, -1.96443586331257 ], [ 110.254187407239002, -1.964256200255746 ], [ 110.254007744182175, -1.964256200255746 ], [ 110.254007744182175, -1.96443586331257 ] ] ] } },
{ "type": "Feature", "properties": { "count": 1, "label": 1, "cluster_id": 58 }, "geometry": { "type": "Polygon", "coordinates": [ [ [ 110.254007744182175, -1.965873167767161 ], [ 110.254187407239002, -1.965873167767161 ], [ 110.254187407239002, -1.965693504710337 ], [ 110.254007744182175, -1.965693504710337 ], [ 110.254007744182175, -1.965873167767161 ] ] ] } },
{ "type": "Feature", "properties": { "count": 2, "label": 1, "cluster_id": 58 }, "geometry": { "type": "Polygon", "coordinates": [ [ [ 110.254007744182175, -1.968029124449048 ], [ 110.254187407239002, -1.968029124449048 ], [ 110.254187407239002, -1.9676697983354 ], [ 110.254007744182175, -1.9676697983354 ], [ 110.254007744182175, -1.968029124449048 ] ] ] } },
{ "type": "Feature", "properties": { "count": 1, "label": 1, "cluster_id": 58 }, "geometry": { "type": "Polygon", "coordinates": [ [ [ 110.254007744182175, -1.969107102789991 ], [ 110.254187407239002, -1.969107102789991 ], [ 110.254187407239002, -1.968927439733167 ], [ 110.254007744182175, -1.968927439733167 ], [ 110.254007744182175, -1.969107102789991 ] ] ] } },
{ "type": "Feature", "properties": { "count": 1, "label": 1, "cluster_id": 58 }, "geometry": { "type": "Polygon", "coordinates": [ [ [ 110.254007744182175, -1.971622385585526 ], [ 110.254187407239002, -1.971622385585526 ], [ 110.254187407239002, -1.971442722528702 ], [ 110.254007744182175, -1.971442722528702 ], [ 110.254007744182175, -1.971622385585526 ] ] ] } },
{ "type": "Feature", "properties": { "count": 1, "label": 1, "cluster_id": 58 }, "geometry": { "type": "Polygon", "coordinates": [ [ [ 110.254007744182175, -1.977910592574362 ], [ 110.254187407239002, -1.977910592574362 ], [ 110.254187407239002, -1.977730929517538 ], [ 110.254007744182175, -1.977730929517538 ], [ 110.254007744182175, -1.977910592574362 ] ] ] } },
{ "type": "Feature", "properties": { "count": 1, "label": 1, "cluster_id": 58 }, "geometry": { "type": "Polygon", "coordinates": [ [ [ 110.254007744182175, -1.978988570915306 ], [ 110.254187407239002, -1.978988570915306 ], [ 110.254187407239002, -1.978808907858482 ], [ 110.254007744182175, -1.978808907858482 ], [ 110.254007744182175, -1.978988570915306 ] ] ] } },
{ "type": "Feature", "properties": { "count": 3, "label": 1, "cluster_id": 58 }, "geometry": { "type": "Polygon", "coordinates": [ [ [ 110.254187407239002, -1.946110231516531 ], [ 110.254187407239002, -1.946469557630179 ], [ 110.25454673335264, -1.946469557630179 ], [ 110.25454673335264, -1.946289894573355 ], [ 110.254367070295828, -1.946289894573355 ], [ 110.254367070295828, -1.946110231516531 ], [ 110.254187407239002, -1.946110231516531 ] ] ] } },
{ "type": "Feature", "properties": { "count": 2, "label": 1, "cluster_id": 58 }, "geometry": { "type": "Polygon", "coordinates": [ [ [ 110.254007744182175, -1.954195069073607 ], [ 110.254367070295828, -1.954195069073607 ], [ 110.254367070295828, -1.954015406016783 ], [ 110.254007744182175, -1.954015406016783 ], [ 110.254007744182175, -1.954195069073607 ] ] ] } },
{ "type": "Feature", "properties": { "count": 1, "label": 1, "cluster_id": 58 }, "geometry": { "type": "Polygon", "coordinates": [ [ [ 110.254187407239002, -1.966951146108104 ], [ 110.254367070295828, -1.966951146108104 ], [ 110.254367070295828, -1.96677148305128 ], [ 110.254187407239002, -1.96677148305128 ], [ 110.254187407239002, -1.966951146108104 ] ] ] } },
{ "type": "Feature", "properties": { "count": 2, "label": 1, "cluster_id": 58 }, "geometry": { "type": "Polygon", "coordinates": [ [ [ 110.254007744182175, -1.968568113619519 ], [ 110.254367070295828, -1.968568113619519 ], [ 110.254367070295828, -1.968388450562695 ], [ 110.254007744182175, -1.968388450562695 ], [ 110.254007744182175, -1.968568113619519 ] ] ] } },
{ "type": "Feature", "properties": { "count": 20, "label": 1, "cluster_id": 58 }, "geometry": { "type": "Polygon", "coordinates": [ [ [ 110.254187407239002, -1.969286765846815 ], [ 110.254187407239002, -1.969646091960463 ], [ 110.254007744182175, -1.969646091960463 ], [ 110.254007744182175, -1.970364744187758 ], [ 110.254187407239002, -1.970364744187758 ], [ 110.254187407239002, -1.970005418074111 ], [ 110.254367070295828, -1.970005418074111 ], [ 110.254367070295828, -1.970185081130934 ], [ 110.25454673335264, -1.970185081130934 ], [ 110.25454673335264, -1.970364744187758 ], [ 110.254906059466293, -1.970364744187758 ], [ 110.254906059466293, -1.970185081130934 ], [ 110.255265385579946, -1.970185081130934 ], [ 110.255265385579946, -1.970005418074111 ], [ 110.254726396409467, -1.970005418074111 ], [ 110.254726396409467, -1.969466428903639 ], [ 110.25454673335264, -1.969466428903639 ], [ 110.25454673335264, -1.969646091960463 ], [ 110.254367070295828, -1.969646091960463 ], [ 110.254367070295828, -1.969286765846815 ], [ 110.254187407239002, -1.969286765846815 ] ] ] } },
{ "type": "Feature", "properties": { "count": 66, "label": 1, "cluster_id": 58 }, "geometry": { "type": "Polygon", "coordinates": [ [ [ 110.254007744182175, -1.95293742767584 ], [ 110.254007744182175, -1.953117090732664 ], [ 110.253289091954883, -1.953117090732664 ], [ 110.253289091954883, -1.953296753789487 ], [ 110.253109428898057, -1.953296753789487 ], [ 110.253109428898057, -1.953656079903135 ], [ 110.253289091954883, -1.953656079903135 ], [ 110.253289091954883, -1.953835742959959 ], [ 110.253109428898057, -1.953835742959959 ], [ 110.253109428898057, -1.953656079903135 ], [ 110.252570439727577, -1.953656079903135 ], [ 110.252570439727577, -1.953835742959959 ], [ 110.25292976584123, -1.953835742959959 ], [ 110.25292976584123, -1.954015406016783 ], [ 110.253289091954883, -1.954015406016783 ], [ 110.253289091954883, -1.954195069073607 ], [ 110.253109428898057, -1.954195069073607 ], [ 110.253109428898057, -1.954554395187255 ], [ 110.252750102784404, -1.954554395187255 ], [ 110.252750102784404, -1.954374732130431 ], [ 110.25292976584123, -1.954374732130431 ], [ 110.25292976584123, -1.954015406016783 ], [ 110.252031450557112, -1.954015406016783 ], [ 110.252031450557112, -1.954195069073607 ], [ 110.251851787500286, -1.954195069073607 ], [ 110.251851787500286, -1.954554395187255 ], [ 110.252031450557112, -1.954554395187255 ], [ 110.252031450557112, -1.954734058244079 ], [ 110.253468755011696, -1.954734058244079 ], [ 110.253468755011696, -1.954554395187255 ], [ 110.253648418068522, -1.954554395187255 ], [ 110.253648418068522, -1.954374732130431 ], [ 110.253468755011696, -1.954374732130431 ], [ 110.253468755011696, -1.953835742959959 ], [ 110.253648418068522, -1.953835742959959 ], [ 110.253648418068522, -1.953656079903135 ], [ 110.253828081125349, -1.953656079903135 ], [ 110.253828081125349, -1.953476416846311 ], [ 110.254007744182175, -1.953476416846311 ], [ 110.254007744182175, -1.953835742959959 ], [ 110.25454673335264, -1.953835742959959 ], [ 110.25454673335264, -1.95293742767584 ], [ 110.254007744182175, -1.95293742767584 ] ] ] } },
{ "type": "Feature", "properties": { "count": 1, "label": 1, "cluster_id": 58 }, "geometry": { "type": "Polygon", "coordinates": [ [ [ 110.254367070295828, -1.95617136269867 ], [ 110.25454673335264, -1.95617136269867 ], [ 110.25454673335264, -1.955991699641846 ], [ 110.254367070295828, -1.955991699641846 ], [ 110.254367070295828, -1.95617136269867 ] ] ] } },
{ "type": "Feature", "properties": { "count": 1, "label": 1, "cluster_id": 58 }, "geometry": { "type": "Polygon", "coordinates": [ [ [ 110.254367070295828, -1.958506982437381 ], [ 110.25454673335264, -1.958506982437381 ], [ 110.25454673335264, -1.958327319380557 ], [ 110.254367070295828, -1.958327319380557 ], [ 110.254367070295828, -1.958506982437381 ] ] ] } },
{ "type": "Feature", "properties": { "count": 1, "label": 1, "cluster_id": 58 }, "geometry": { "type": "Polygon", "coordinates": [ [ [ 110.254367070295828, -1.9594052977215 ], [ 110.25454673335264, -1.9594052977215 ], [ 110.25454673335264, -1.959225634664676 ], [ 110.254367070295828, -1.959225634664676 ], [ 110.254367070295828, -1.9594052977215 ] ] ] } },
{ "type": "Feature", "properties": { "count": 1, "label": 1, "cluster_id": 58 }, "geometry": { "type": "Polygon", "coordinates": [ [ [ 110.254367070295828, -1.962279906630683 ], [ 110.25454673335264, -1.962279906630683 ], [ 110.25454673335264, -1.962100243573859 ], [ 110.254367070295828, -1.962100243573859 ], [ 110.254367070295828, -1.962279906630683 ] ] ] } },
{ "type": "Feature", "properties": { "count": 1, "label": 1, "cluster_id": 58 }, "geometry": { "type": "Polygon", "coordinates": [ [ [ 110.254367070295828, -1.969286765846815 ], [ 110.25454673335264, -1.969286765846815 ], [ 110.25454673335264, -1.969107102789991 ], [ 110.254367070295828, -1.969107102789991 ], [ 110.254367070295828, -1.969286765846815 ] ] ] } },
{ "type": "Feature", "properties": { "count": 1, "label": 1, "cluster_id": 58 }, "geometry": { "type": "Polygon", "coordinates": [ [ [ 110.254367070295828, -1.970544407244582 ], [ 110.25454673335264, -1.970544407244582 ], [ 110.25454673335264, -1.970364744187758 ], [ 110.254367070295828, -1.970364744187758 ], [ 110.254367070295828, -1.970544407244582 ] ] ] } },
{ "type": "Feature", "properties": { "count": 1, "label": 1, "cluster_id": 58 }, "geometry": { "type": "Polygon", "coordinates": [ [ [ 110.254367070295828, -1.973419016153765 ], [ 110.25454673335264, -1.973419016153765 ], [ 110.25454673335264, -1.973239353096941 ], [ 110.254367070295828, -1.973239353096941 ], [ 110.254367070295828, -1.973419016153765 ] ] ] } },
{ "type": "Feature", "properties": { "count": 2, "label": 1, "cluster_id": 58 }, "geometry": { "type": "Polygon", "coordinates": [ [ [ 110.254187407239002, -1.976113962006123 ], [ 110.25454673335264, -1.976113962006123 ], [ 110.25454673335264, -1.975934298949299 ], [ 110.254187407239002, -1.975934298949299 ], [ 110.254187407239002, -1.976113962006123 ] ] ] } },
{ "type": "Feature", "properties": { "count": 1, "label": 1, "cluster_id": 58 }, "geometry": { "type": "Polygon", "coordinates": [ [ [ 110.254367070295828, -1.979527560085778 ], [ 110.25454673335264, -1.979527560085778 ], [ 110.25454673335264, -1.979347897028954 ], [ 110.254367070295828, -1.979347897028954 ], [ 110.254367070295828, -1.979527560085778 ] ] ] } },
{ "type": "Feature", "properties": { "count": 1, "label": 1, "cluster_id": 58 }, "geometry": { "type": "Polygon", "coordinates": [ [ [ 110.25454673335264, -1.946649220687003 ], [ 110.254726396409467, -1.946649220687003 ], [ 110.254726396409467, -1.946469557630179 ], [ 110.25454673335264, -1.946469557630179 ], [ 110.25454673335264, -1.946649220687003 ] ] ] } },
{ "type": "Feature", "properties": { "count": 1, "label": 1, "cluster_id": 58 }, "geometry": { "type": "Polygon", "coordinates": [ [ [ 110.25454673335264, -1.954734058244079 ], [ 110.254726396409467, -1.954734058244079 ], [ 110.254726396409467, -1.954554395187255 ], [ 110.25454673335264, -1.954554395187255 ], [ 110.25454673335264, -1.954734058244079 ] ] ] } },
{ "type": "Feature", "properties": { "count": 1, "label": 1, "cluster_id": 58 }, "geometry": { "type": "Polygon", "coordinates": [ [ [ 110.25454673335264, -1.955093384357727 ], [ 110.254726396409467, -1.955093384357727 ], [ 110.254726396409467, -1.954913721300903 ], [ 110.25454673335264, -1.954913721300903 ], [ 110.25454673335264, -1.955093384357727 ] ] ] } },
{ "type": "Feature", "properties": { "count": 1, "label": 1, "cluster_id": 58 }, "geometry": { "type": "Polygon", "coordinates": [ [ [ 110.25454673335264, -1.968029124449048 ], [ 110.254726396409467, -1.968029124449048 ], [ 110.254726396409467, -1.967849461392224 ], [ 110.25454673335264, -1.967849461392224 ], [ 110.25454673335264, -1.968029124449048 ] ] ] } },
{ "type": "Feature", "properties": { "count": 2, "label": 1, "cluster_id": 58 }, "geometry": { "type": "Polygon", "coordinates": [ [ [ 110.25454673335264, -1.968747776676343 ], [ 110.254726396409467, -1.968747776676343 ], [ 110.254726396409467, -1.968388450562695 ], [ 110.25454673335264, -1.968388450562695 ], [ 110.25454673335264, -1.968747776676343 ] ] ] } },
{ "type": "Feature", "properties": { "count": 1, "label": 1, "cluster_id": 58 }, "geometry": { "type": "Polygon", "coordinates": [ [ [ 110.25454673335264, -1.971981711699174 ], [ 110.254726396409467, -1.971981711699174 ], [ 110.254726396409467, -1.97180204864235 ], [ 110.25454673335264, -1.97180204864235 ], [ 110.25454673335264, -1.971981711699174 ] ] ] } },
{ "type": "Feature", "properties": { "count": 1, "label": 1, "cluster_id": 58 }, "geometry": { "type": "Polygon", "coordinates": [ [ [ 110.25454673335264, -1.97413766838106 ], [ 110.254726396409467, -1.97413766838106 ], [ 110.254726396409467, -1.973958005324236 ], [ 110.25454673335264, -1.973958005324236 ], [ 110.25454673335264, -1.97413766838106 ] ] ] } },
{ "type": "Feature", "properties": { "count": 1, "label": 1, "cluster_id": 58 }, "geometry": { "type": "Polygon", "coordinates": [ [ [ 110.25454673335264, -1.974856320608356 ], [ 110.254726396409467, -1.974856320608356 ], [ 110.254726396409467, -1.974676657551532 ], [ 110.25454673335264, -1.974676657551532 ], [ 110.25454673335264, -1.974856320608356 ] ] ] } },
{ "type": "Feature", "properties": { "count": 1, "label": 1, "cluster_id": 58 }, "geometry": { "type": "Polygon", "coordinates": [ [ [ 110.254726396409467, -1.955991699641846 ], [ 110.254906059466293, -1.955991699641846 ], [ 110.254906059466293, -1.955812036585022 ], [ 110.254726396409467, -1.955812036585022 ], [ 110.254726396409467, -1.955991699641846 ] ] ] } },
{ "type": "Feature", "properties": { "count": 1, "label": 1, "cluster_id": 58 }, "geometry": { "type": "Polygon", "coordinates": [ [ [ 110.254726396409467, -1.965513841653513 ], [ 110.254906059466293, -1.965513841653513 ], [ 110.254906059466293, -1.965334178596689 ], [ 110.254726396409467, -1.965334178596689 ], [ 110.254726396409467, -1.965513841653513 ] ] ] } },
{ "type": "Feature", "properties": { "count": 11, "label": 1, "cluster_id": 58 }, "geometry": { "type": "Polygon", "coordinates": [ [ [ 110.25454673335264, -1.977371603403891 ], [ 110.25454673335264, -1.978449581744834 ], [ 110.254906059466293, -1.978449581744834 ], [ 110.254906059466293, -1.97826991868801 ], [ 110.25508572252312, -1.97826991868801 ], [ 110.25508572252312, -1.978090255631186 ], [ 110.254726396409467, -1.978090255631186 ], [ 110.254726396409467, -1.977730929517538 ], [ 110.254906059466293, -1.977730929517538 ], [ 110.254906059466293, -1.977371603403891 ], [ 110.25454673335264, -1.977371603403891 ] ] ] } },
{ "type": "Feature", "properties": { "count": 3, "label": 1, "cluster_id": 58 }, "geometry": { "type": "Polygon", "coordinates": [ [ [ 110.254726396409467, -1.94790686208477 ], [ 110.254726396409467, -1.948266188198418 ], [ 110.254906059466293, -1.948266188198418 ], [ 110.254906059466293, -1.948086525141594 ], [ 110.25508572252312, -1.948086525141594 ], [ 110.25508572252312, -1.94790686208477 ], [ 110.254726396409467, -1.94790686208477 ] ] ] } },
{ "type": "Feature", "properties": { "count": 4, "label": 1, "cluster_id": 58 }, "geometry": { "type": "Polygon", "coordinates": [ [ [ 110.254906059466293, -1.951859449334896 ], [ 110.25508572252312, -1.951859449334896 ], [ 110.25508572252312, -1.951140797107601 ], [ 110.254906059466293, -1.951140797107601 ], [ 110.254906059466293, -1.951859449334896 ] ] ] } },
{ "type": "Feature", "properties": { "count": 1, "label": 1, "cluster_id": 58 }, "geometry": { "type": "Polygon", "coordinates": [ [ [ 110.254906059466293, -1.965693504710337 ], [ 110.25508572252312, -1.965693504710337 ], [ 110.25508572252312, -1.965513841653513 ], [ 110.254906059466293, -1.965513841653513 ], [ 110.254906059466293, -1.965693504710337 ] ] ] } },
{ "type": "Feature", "properties": { "count": 1, "label": 1, "cluster_id": 58 }, "geometry": { "type": "Polygon", "coordinates": [ [ [ 110.254906059466293, -1.979347897028954 ], [ 110.25508572252312, -1.979347897028954 ], [ 110.25508572252312, -1.97916823397213 ], [ 110.254906059466293, -1.97916823397213 ], [ 110.254906059466293, -1.979347897028954 ] ] ] } },
{ "type": "Feature", "properties": { "count": 3, "label": 1, "cluster_id": 58 }, "geometry": { "type": "Polygon", "coordinates": [ [ [ 110.25508572252312, -1.947727199027947 ], [ 110.255265385579946, -1.947727199027947 ], [ 110.255265385579946, -1.947188209857475 ], [ 110.25508572252312, -1.947188209857475 ], [ 110.25508572252312, -1.947727199027947 ] ] ] } },
{ "type": "Feature", "properties": { "count": 3, "label": 1, "cluster_id": 58 }, "geometry": { "type": "Polygon", "coordinates": [ [ [ 110.25508572252312, -1.948625514312066 ], [ 110.255265385579946, -1.948625514312066 ], [ 110.255265385579946, -1.948086525141594 ], [ 110.25508572252312, -1.948086525141594 ], [ 110.25508572252312, -1.948625514312066 ] ] ] } },
{ "type": "Feature", "properties": { "count": 2, "label": 1, "cluster_id": 58 }, "geometry": { "type": "Polygon", "coordinates": [ [ [ 110.25508572252312, -1.950242481823481 ], [ 110.255265385579946, -1.950242481823481 ], [ 110.255265385579946, -1.949883155709833 ], [ 110.25508572252312, -1.949883155709833 ], [ 110.25508572252312, -1.950242481823481 ] ] ] } },
{ "type": "Feature", "properties": { "count": 4, "label": 1, "cluster_id": 58 }, "geometry": { "type": "Polygon", "coordinates": [ [ [ 110.254906059466293, -1.954554395187255 ], [ 110.255265385579946, -1.954554395187255 ], [ 110.255265385579946, -1.954195069073607 ], [ 110.254906059466293, -1.954195069073607 ], [ 110.254906059466293, -1.954554395187255 ] ] ] } },
{ "type": "Feature", "properties": { "count": 4, "label": 1, "cluster_id": 58 }, "geometry": { "type": "Polygon", "coordinates": [ [ [ 110.254906059466293, -1.955452710471374 ], [ 110.254906059466293, -1.955632373528198 ], [ 110.25508572252312, -1.955632373528198 ], [ 110.25508572252312, -1.955991699641846 ], [ 110.255265385579946, -1.955991699641846 ], [ 110.255265385579946, -1.955452710471374 ], [ 110.254906059466293, -1.955452710471374 ] ] ] } },
{ "type": "Feature", "properties": { "count": 3, "label": 1, "cluster_id": 58 }, "geometry": { "type": "Polygon", "coordinates": [ [ [ 110.254726396409467, -1.956710351869142 ], [ 110.255265385579946, -1.956710351869142 ], [ 110.255265385579946, -1.956530688812318 ], [ 110.254726396409467, -1.956530688812318 ], [ 110.254726396409467, -1.956710351869142 ] ] ] } },
{ "type": "Feature", "properties": { "count": 1, "label": 1, "cluster_id": 58 }, "geometry": { "type": "Polygon", "coordinates": [ [ [ 110.25508572252312, -1.964615526369393 ], [ 110.255265385579946, -1.964615526369393 ], [ 110.255265385579946, -1.96443586331257 ], [ 110.25508572252312, -1.96443586331257 ], [ 110.25508572252312, -1.964615526369393 ] ] ] } },
{ "type": "Feature", "properties": { "count": 1, "label": 1, "cluster_id": 58 }, "geometry": { "type": "Polygon", "coordinates": [ [ [ 110.25508572252312, -1.972880026983293 ], [ 110.255265385579946, -1.972880026983293 ], [ 110.255265385579946, -1.972700363926469 ], [ 110.25508572252312, -1.972700363926469 ], [ 110.25508572252312, -1.972880026983293 ] ] ] } },
{ "type": "Feature", "properties": { "count": 2, "label": 1, "cluster_id": 58 }, "geometry": { "type": "Polygon", "coordinates": [ [ [ 110.25508572252312, -1.976113962006123 ], [ 110.255265385579946, -1.976113962006123 ], [ 110.255265385579946, -1.975754635892476 ], [ 110.25508572252312, -1.975754635892476 ], [ 110.25508572252312, -1.976113962006123 ] ] ] } },
{ "type": "Feature", "properties": { "count": 1, "label": 1, "cluster_id": 58 }, "geometry": { "type": "Polygon", "coordinates": [ [ [ 110.25508572252312, -1.976473288119771 ], [ 110.255265385579946, -1.976473288119771 ], [ 110.255265385579946, -1.976293625062947 ], [ 110.25508572252312, -1.976293625062947 ], [ 110.25508572252312, -1.976473288119771 ] ] ] } },
{ "type": "Feature", "properties": { "count": 2, "label": 1, "cluster_id": 58 }, "geometry": { "type": "Polygon", "coordinates": [ [ [ 110.25508572252312, -1.977910592574362 ], [ 110.255265385579946, -1.977910592574362 ], [ 110.255265385579946, -1.977551266460715 ], [ 110.25508572252312, -1.977551266460715 ], [ 110.25508572252312, -1.977910592574362 ] ] ] } },
{ "type": "Feature", "properties": { "count": 1, "label": 1, "cluster_id": 58 }, "geometry": { "type": "Polygon", "coordinates": [ [ [ 110.255265385579946, -1.951500123221249 ], [ 110.255445048636759, -1.951500123221249 ], [ 110.255445048636759, -1.951320460164425 ], [ 110.255265385579946, -1.951320460164425 ], [ 110.255265385579946, -1.951500123221249 ] ] ] } },
{ "type": "Feature", "properties": { "count": 1, "label": 1, "cluster_id": 58 }, "geometry": { "type": "Polygon", "coordinates": [ [ [ 110.255265385579946, -1.9594052977215 ], [ 110.255445048636759, -1.9594052977215 ], [ 110.255445048636759, -1.959225634664676 ], [ 110.255265385579946, -1.959225634664676 ], [ 110.255265385579946, -1.9594052977215 ] ] ] } },
{ "type": "Feature", "properties": { "count": 1, "label": 1, "cluster_id": 58 }, "geometry": { "type": "Polygon", "coordinates": [ [ [ 110.255265385579946, -1.959944286891972 ], [ 110.255445048636759, -1.959944286891972 ], [ 110.255445048636759, -1.959764623835148 ], [ 110.255265385579946, -1.959764623835148 ], [ 110.255265385579946, -1.959944286891972 ] ] ] } },
{ "type": "Feature", "properties": { "count": 1, "label": 1, "cluster_id": 58 }, "geometry": { "type": "Polygon", "coordinates": [ [ [ 110.255265385579946, -1.966412156937632 ], [ 110.255445048636759, -1.966412156937632 ], [ 110.255445048636759, -1.966232493880809 ], [ 110.255265385579946, -1.966232493880809 ], [ 110.255265385579946, -1.966412156937632 ] ] ] } },
{ "type": "Feature", "properties": { "count": 1, "label": 1, "cluster_id": 58 }, "geometry": { "type": "Polygon", "coordinates": [ [ [ 110.255265385579946, -1.973419016153765 ], [ 110.255445048636759, -1.973419016153765 ], [ 110.255445048636759, -1.973239353096941 ], [ 110.255265385579946, -1.973239353096941 ], [ 110.255265385579946, -1.973419016153765 ] ] ] } },
{ "type": "Feature", "properties": { "count": 1, "label": 1, "cluster_id": 58 }, "geometry": { "type": "Polygon", "coordinates": [ [ [ 110.255445048636759, -1.94790686208477 ], [ 110.255624711693585, -1.94790686208477 ], [ 110.255624711693585, -1.947727199027947 ], [ 110.255445048636759, -1.947727199027947 ], [ 110.255445048636759, -1.94790686208477 ] ] ] } },
{ "type": "Feature", "properties": { "count": 1, "label": 1, "cluster_id": 58 }, "geometry": { "type": "Polygon", "coordinates": [ [ [ 110.255445048636759, -1.948625514312066 ], [ 110.255624711693585, -1.948625514312066 ], [ 110.255624711693585, -1.948445851255242 ], [ 110.255445048636759, -1.948445851255242 ], [ 110.255445048636759, -1.948625514312066 ] ] ] } },
{ "type": "Feature", "properties": { "count": 1, "label": 1, "cluster_id": 58 }, "geometry": { "type": "Polygon", "coordinates": [ [ [ 110.255445048636759, -1.951140797107601 ], [ 110.255624711693585, -1.951140797107601 ], [ 110.255624711693585, -1.950961134050777 ], [ 110.255445048636759, -1.950961134050777 ], [ 110.255445048636759, -1.951140797107601 ] ] ] } },
{ "type": "Feature", "properties": { "count": 2, "label": 1, "cluster_id": 58 }, "geometry": { "type": "Polygon", "coordinates": [ [ [ 110.255445048636759, -1.952398438505368 ], [ 110.255624711693585, -1.952398438505368 ], [ 110.255624711693585, -1.95203911239172 ], [ 110.255445048636759, -1.95203911239172 ], [ 110.255445048636759, -1.952398438505368 ] ] ] } },
{ "type": "Feature", "properties": { "count": 1, "label": 1, "cluster_id": 58 }, "geometry": { "type": "Polygon", "coordinates": [ [ [ 110.255445048636759, -1.954195069073607 ], [ 110.255624711693585, -1.954195069073607 ], [ 110.255624711693585, -1.954015406016783 ], [ 110.255445048636759, -1.954015406016783 ], [ 110.255445048636759, -1.954195069073607 ] ] ] } },
{ "type": "Feature", "properties": { "count": 4, "label": 1, "cluster_id": 58 }, "geometry": { "type": "Polygon", "coordinates": [ [ [ 110.255265385579946, -1.957069677982789 ], [ 110.255624711693585, -1.957069677982789 ], [ 110.255624711693585, -1.956710351869142 ], [ 110.255265385579946, -1.956710351869142 ], [ 110.255265385579946, -1.957069677982789 ] ] ] } },
{ "type": "Feature", "properties": { "count": 2, "label": 1, "cluster_id": 58 }, "geometry": { "type": "Polygon", "coordinates": [ [ [ 110.255265385579946, -1.968568113619519 ], [ 110.255624711693585, -1.968568113619519 ], [ 110.255624711693585, -1.968388450562695 ], [ 110.255265385579946, -1.968388450562695 ], [ 110.255265385579946, -1.968568113619519 ] ] ] } },
{ "type": "Feature", "properties": { "count": 1, "label": 1, "cluster_id": 58 }, "geometry": { "type": "Polygon", "coordinates": [ [ [ 110.255445048636759, -1.968927439733167 ], [ 110.255624711693585, -1.968927439733167 ], [ 110.255624711693585, -1.968747776676343 ], [ 110.255445048636759, -1.968747776676343 ], [ 110.255445048636759, -1.968927439733167 ] ] ] } },
{ "type": "Feature", "properties": { "count": 1, "label": 1, "cluster_id": 58 }, "geometry": { "type": "Polygon", "coordinates": [ [ [ 110.255445048636759, -1.976113962006123 ], [ 110.255624711693585, -1.976113962006123 ], [ 110.255624711693585, -1.975934298949299 ], [ 110.255445048636759, -1.975934298949299 ], [ 110.255445048636759, -1.976113962006123 ] ] ] } },
{ "type": "Feature", "properties": { "count": 1, "label": 1, "cluster_id": 58 }, "geometry": { "type": "Polygon", "coordinates": [ [ [ 110.255445048636759, -1.976832614233419 ], [ 110.255624711693585, -1.976832614233419 ], [ 110.255624711693585, -1.976652951176595 ], [ 110.255445048636759, -1.976652951176595 ], [ 110.255445048636759, -1.976832614233419 ] ] ] } },
{ "type": "Feature", "properties": { "count": 2, "label": 1, "cluster_id": 58 }, "geometry": { "type": "Polygon", "coordinates": [ [ [ 110.255265385579946, -1.978629244801658 ], [ 110.255624711693585, -1.978629244801658 ], [ 110.255624711693585, -1.978449581744834 ], [ 110.255265385579946, -1.978449581744834 ], [ 110.255265385579946, -1.978629244801658 ] ] ] } },
{ "type": "Feature", "properties": { "count": 1, "label": 1, "cluster_id": 58 }, "geometry": { "type": "Polygon", "coordinates": [ [ [ 110.255624711693585, -1.950781470993953 ], [ 110.255804374750412, -1.950781470993953 ], [ 110.255804374750412, -1.950601807937129 ], [ 110.255624711693585, -1.950601807937129 ], [ 110.255624711693585, -1.950781470993953 ] ] ] } },
{ "type": "Feature", "properties": { "count": 9, "label": 1, "cluster_id": 58 }, "geometry": { "type": "Polygon", "coordinates": [ [ [ 110.255624711693585, -1.952578101562192 ], [ 110.255624711693585, -1.95293742767584 ], [ 110.25508572252312, -1.95293742767584 ], [ 110.25508572252312, -1.953296753789487 ], [ 110.255624711693585, -1.953296753789487 ], [ 110.255624711693585, -1.953117090732664 ], [ 110.255804374750412, -1.953117090732664 ], [ 110.255804374750412, -1.952578101562192 ], [ 110.255624711693585, -1.952578101562192 ] ] ] } },
{ "type": "Feature", "properties": { "count": 1, "label": 1, "cluster_id": 58 }, "geometry": { "type": "Polygon", "coordinates": [ [ [ 110.255624711693585, -1.960123949948796 ], [ 110.255804374750412, -1.960123949948796 ], [ 110.255804374750412, -1.959944286891972 ], [ 110.255624711693585, -1.959944286891972 ], [ 110.255624711693585, -1.960123949948796 ] ] ] } },
{ "type": "Feature", "properties": { "count": 1, "label": 1, "cluster_id": 58 }, "geometry": { "type": "Polygon", "coordinates": [ [ [ 110.255624711693585, -1.967490135278576 ], [ 110.255804374750412, -1.967490135278576 ], [ 110.255804374750412, -1.967310472221752 ], [ 110.255624711693585, -1.967310472221752 ], [ 110.255624711693585, -1.967490135278576 ] ] ] } },
{ "type": "Feature", "properties": { "count": 1, "label": 1, "cluster_id": 58 }, "geometry": { "type": "Polygon", "coordinates": [ [ [ 110.255624711693585, -1.974317331437884 ], [ 110.255804374750412, -1.974317331437884 ], [ 110.255804374750412, -1.97413766838106 ], [ 110.255624711693585, -1.97413766838106 ], [ 110.255624711693585, -1.974317331437884 ] ] ] } },
{ "type": "Feature", "properties": { "count": 69, "label": 1, "cluster_id": 58 }, "geometry": { "type": "Polygon", "coordinates": [ [ [ 110.255624711693585, -1.978629244801658 ], [ 110.255624711693585, -1.978988570915306 ], [ 110.255445048636759, -1.978988570915306 ], [ 110.255445048636759, -1.97916823397213 ], [ 110.255624711693585, -1.97916823397213 ], [ 110.255624711693585, -1.979347897028954 ], [ 110.255445048636759, -1.979347897028954 ], [ 110.255445048636759, -1.97916823397213 ], [ 110.255265385579946, -1.97916823397213 ], [ 110.255265385579946, -1.979347897028954 ], [ 110.25508572252312, -1.979347897028954 ], [ 110.25508572252312, -1.979707223142601 ], [ 110.254906059466293, -1.979707223142601 ], [ 110.254906059466293, -1.979527560085778 ], [ 110.25454673335264, -1.979527560085778 ], [ 110.25454673335264, -1.979707223142601 ], [ 110.254367070295828, -1.979707223142601 ], [ 110.254367070295828, -1.979886886199425 ], [ 110.254187407239002, -1.979886886199425 ], [ 110.254187407239002, -1.979527560085778 ], [ 110.254007744182175, -1.979527560085778 ], [ 110.254007744182175, -1.980066549256249 ], [ 110.253828081125349, -1.980066549256249 ], [ 110.253828081125349, -1.980605538426721 ], [ 110.253648418068522, -1.980605538426721 ], [ 110.253648418068522, -1.980785201483545 ], [ 110.254007744182175, -1.980785201483545 ], [ 110.254007744182175, -1.980964864540369 ], [ 110.254187407239002, -1.980964864540369 ], [ 110.254187407239002, -1.980425875369897 ], [ 110.254007744182175, -1.980425875369897 ], [ 110.254007744182175, -1.980246212313073 ], [ 110.254187407239002, -1.980246212313073 ], [ 110.254187407239002, -1.980425875369897 ], [ 110.254367070295828, -1.980425875369897 ], [ 110.254367070295828, -1.980066549256249 ], [ 110.25454673335264, -1.980066549256249 ], [ 110.25454673335264, -1.980785201483545 ], [ 110.254906059466293, -1.980785201483545 ], [ 110.254906059466293, -1.980605538426721 ], [ 110.255445048636759, -1.980605538426721 ], [ 110.255445048636759, -1.980425875369897 ], [ 110.255624711693585, -1.980425875369897 ], [ 110.255624711693585, -1.980066549256249 ], [ 110.255804374750412, -1.980066549256249 ], [ 110.255804374750412, -1.979707223142601 ], [ 110.255624711693585, -1.979707223142601 ], [ 110.255624711693585, -1.979527560085778 ], [ 110.255804374750412, -1.979527560085778 ], [ 110.255804374750412, -1.979347897028954 ], [ 110.255984037807238, -1.979347897028954 ], [ 110.255984037807238, -1.979527560085778 ], [ 110.256163700864064, -1.979527560085778 ], [ 110.256163700864064, -1.978988570915306 ], [ 110.255984037807238, -1.978988570915306 ], [ 110.255984037807238, -1.97916823397213 ], [ 110.255804374750412, -1.97916823397213 ], [ 110.255804374750412, -1.978629244801658 ], [ 110.255624711693585, -1.978629244801658 ] ] ] } },
{ "type": "Feature", "properties": { "count": 2, "label": 1, "cluster_id": 58 }, "geometry": { "type": "Polygon", "coordinates": [ [ [ 110.255804374750412, -1.946110231516531 ], [ 110.255984037807238, -1.946110231516531 ], [ 110.255984037807238, -1.945750905402883 ], [ 110.255804374750412, -1.945750905402883 ], [ 110.255804374750412, -1.946110231516531 ] ] ] } },
{ "type": "Feature", "properties": { "count": 1, "label": 1, "cluster_id": 58 }, "geometry": { "type": "Polygon", "coordinates": [ [ [ 110.255804374750412, -1.949164503482538 ], [ 110.255984037807238, -1.949164503482538 ], [ 110.255984037807238, -1.948984840425714 ], [ 110.255804374750412, -1.948984840425714 ], [ 110.255804374750412, -1.949164503482538 ] ] ] } },
{ "type": "Feature", "properties": { "count": 1, "label": 1, "cluster_id": 58 }, "geometry": { "type": "Polygon", "coordinates": [ [ [ 110.255804374750412, -1.949703492653009 ], [ 110.255984037807238, -1.949703492653009 ], [ 110.255984037807238, -1.949523829596185 ], [ 110.255804374750412, -1.949523829596185 ], [ 110.255804374750412, -1.949703492653009 ] ] ] } },
{ "type": "Feature", "properties": { "count": 1, "label": 1, "cluster_id": 58 }, "geometry": { "type": "Polygon", "coordinates": [ [ [ 110.255804374750412, -1.950062818766657 ], [ 110.255984037807238, -1.950062818766657 ], [ 110.255984037807238, -1.949883155709833 ], [ 110.255804374750412, -1.949883155709833 ], [ 110.255804374750412, -1.950062818766657 ] ] ] } },
{ "type": "Feature", "properties": { "count": 2, "label": 1, "cluster_id": 58 }, "geometry": { "type": "Polygon", "coordinates": [ [ [ 110.255804374750412, -1.951140797107601 ], [ 110.255984037807238, -1.951140797107601 ], [ 110.255984037807238, -1.950781470993953 ], [ 110.255804374750412, -1.950781470993953 ], [ 110.255804374750412, -1.951140797107601 ] ] ] } },
{ "type": "Feature", "properties": { "count": 1, "label": 1, "cluster_id": 58 }, "geometry": { "type": "Polygon", "coordinates": [ [ [ 110.255804374750412, -1.95203911239172 ], [ 110.255984037807238, -1.95203911239172 ], [ 110.255984037807238, -1.951859449334896 ], [ 110.255804374750412, -1.951859449334896 ], [ 110.255804374750412, -1.95203911239172 ] ] ] } },
{ "type": "Feature", "properties": { "count": 2, "label": 1, "cluster_id": 58 }, "geometry": { "type": "Polygon", "coordinates": [ [ [ 110.255804374750412, -1.954195069073607 ], [ 110.255984037807238, -1.954195069073607 ], [ 110.255984037807238, -1.953835742959959 ], [ 110.255804374750412, -1.953835742959959 ], [ 110.255804374750412, -1.954195069073607 ] ] ] } },
{ "type": "Feature", "properties": { "count": 2, "label": 1, "cluster_id": 58 }, "geometry": { "type": "Polygon", "coordinates": [ [ [ 110.255804374750412, -1.955991699641846 ], [ 110.255984037807238, -1.955991699641846 ], [ 110.255984037807238, -1.955632373528198 ], [ 110.255804374750412, -1.955632373528198 ], [ 110.255804374750412, -1.955991699641846 ] ] ] } },
{ "type": "Feature", "properties": { "count": 1, "label": 1, "cluster_id": 58 }, "geometry": { "type": "Polygon", "coordinates": [ [ [ 110.255804374750412, -1.967130809164928 ], [ 110.255984037807238, -1.967130809164928 ], [ 110.255984037807238, -1.966951146108104 ], [ 110.255804374750412, -1.966951146108104 ], [ 110.255804374750412, -1.967130809164928 ] ] ] } },
{ "type": "Feature", "properties": { "count": 1, "label": 1, "cluster_id": 58 }, "geometry": { "type": "Polygon", "coordinates": [ [ [ 110.255804374750412, -1.968568113619519 ], [ 110.255984037807238, -1.968568113619519 ], [ 110.255984037807238, -1.968388450562695 ], [ 110.255804374750412, -1.968388450562695 ], [ 110.255804374750412, -1.968568113619519 ] ] ] } },
{ "type": "Feature", "properties": { "count": 1, "label": 1, "cluster_id": 58 }, "geometry": { "type": "Polygon", "coordinates": [ [ [ 110.255804374750412, -1.974496994494708 ], [ 110.255984037807238, -1.974496994494708 ], [ 110.255984037807238, -1.974317331437884 ], [ 110.255804374750412, -1.974317331437884 ], [ 110.255804374750412, -1.974496994494708 ] ] ] } },
{ "type": "Feature", "properties": { "count": 1, "label": 1, "cluster_id": 58 }, "geometry": { "type": "Polygon", "coordinates": [ [ [ 110.255804374750412, -1.976832614233419 ], [ 110.255984037807238, -1.976832614233419 ], [ 110.255984037807238, -1.976652951176595 ], [ 110.255804374750412, -1.976652951176595 ], [ 110.255804374750412, -1.976832614233419 ] ] ] } },
{ "type": "Feature", "properties": { "count": 2, "label": 1, "cluster_id": 58 }, "geometry": { "type": "Polygon", "coordinates": [ [ [ 110.255804374750412, -1.977371603403891 ], [ 110.255984037807238, -1.977371603403891 ], [ 110.255984037807238, -1.977012277290243 ], [ 110.255804374750412, -1.977012277290243 ], [ 110.255804374750412, -1.977371603403891 ] ] ] } },
{ "type": "Feature", "properties": { "count": 1, "label": 1, "cluster_id": 58 }, "geometry": { "type": "Polygon", "coordinates": [ [ [ 110.255804374750412, -1.977730929517538 ], [ 110.255984037807238, -1.977730929517538 ], [ 110.255984037807238, -1.977551266460715 ], [ 110.255804374750412, -1.977551266460715 ], [ 110.255804374750412, -1.977730929517538 ] ] ] } },
{ "type": "Feature", "properties": { "count": 6, "label": 1, "cluster_id": 58 }, "geometry": { "type": "Polygon", "coordinates": [ [ [ 110.255984037807238, -1.948086525141594 ], [ 110.255984037807238, -1.948445851255242 ], [ 110.255804374750412, -1.948445851255242 ], [ 110.255804374750412, -1.94880517736889 ], [ 110.256163700864064, -1.94880517736889 ], [ 110.256163700864064, -1.948086525141594 ], [ 110.255984037807238, -1.948086525141594 ] ] ] } },
{ "type": "Feature", "properties": { "count": 1, "label": 1, "cluster_id": 58 }, "geometry": { "type": "Polygon", "coordinates": [ [ [ 110.255984037807238, -1.953117090732664 ], [ 110.256163700864064, -1.953117090732664 ], [ 110.256163700864064, -1.95293742767584 ], [ 110.255984037807238, -1.95293742767584 ], [ 110.255984037807238, -1.953117090732664 ] ] ] } },
{ "type": "Feature", "properties": { "count": 1, "label": 1, "cluster_id": 58 }, "geometry": { "type": "Polygon", "coordinates": [ [ [ 110.255984037807238, -1.958866308551029 ], [ 110.256163700864064, -1.958866308551029 ], [ 110.256163700864064, -1.958686645494205 ], [ 110.255984037807238, -1.958686645494205 ], [ 110.255984037807238, -1.958866308551029 ] ] ] } },
{ "type": "Feature", "properties": { "count": 1, "label": 1, "cluster_id": 58 }, "geometry": { "type": "Polygon", "coordinates": [ [ [ 110.255984037807238, -1.9676697983354 ], [ 110.256163700864064, -1.9676697983354 ], [ 110.256163700864064, -1.967490135278576 ], [ 110.255984037807238, -1.967490135278576 ], [ 110.255984037807238, -1.9676697983354 ] ] ] } },
{ "type": "Feature", "properties": { "count": 1, "label": 1, "cluster_id": 58 }, "geometry": { "type": "Polygon", "coordinates": [ [ [ 110.255984037807238, -1.968208787505872 ], [ 110.256163700864064, -1.968208787505872 ], [ 110.256163700864064, -1.968029124449048 ], [ 110.255984037807238, -1.968029124449048 ], [ 110.255984037807238, -1.968208787505872 ] ] ] } },
{ "type": "Feature", "properties": { "count": 1, "label": 1, "cluster_id": 58 }, "geometry": { "type": "Polygon", "coordinates": [ [ [ 110.255984037807238, -1.971981711699174 ], [ 110.256163700864064, -1.971981711699174 ], [ 110.256163700864064, -1.97180204864235 ], [ 110.255984037807238, -1.97180204864235 ], [ 110.255984037807238, -1.971981711699174 ] ] ] } },
{ "type": "Feature", "properties": { "count": 1, "label": 1, "cluster_id": 58 }, "geometry": { "type": "Polygon", "coordinates": [ [ [ 110.255984037807238, -1.975754635892476 ], [ 110.256163700864064, -1.975754635892476 ], [ 110.256163700864064, -1.975574972835652 ], [ 110.255984037807238, -1.975574972835652 ], [ 110.255984037807238, -1.975754635892476 ] ] ] } },
{ "type": "Feature", "properties": { "count": 1, "label": 1, "cluster_id": 58 }, "geometry": { "type": "Polygon", "coordinates": [ [ [ 110.255984037807238, -1.978449581744834 ], [ 110.256163700864064, -1.978449581744834 ], [ 110.256163700864064, -1.97826991868801 ], [ 110.255984037807238, -1.97826991868801 ], [ 110.255984037807238, -1.978449581744834 ] ] ] } },
{ "type": "Feature", "properties": { "count": 1, "label": 1, "cluster_id": 58 }, "geometry": { "type": "Polygon", "coordinates": [ [ [ 110.256163700864064, -1.949344166539362 ], [ 110.256343363920891, -1.949344166539362 ], [ 110.256343363920891, -1.949164503482538 ], [ 110.256163700864064, -1.949164503482538 ], [ 110.256163700864064, -1.949344166539362 ] ] ] } },
{ "type": "Feature", "properties": { "count": 1, "label": 1, "cluster_id": 58 }, "geometry": { "type": "Polygon", "coordinates": [ [ [ 110.256163700864064, -1.950961134050777 ], [ 110.256343363920891, -1.950961134050777 ], [ 110.256343363920891, -1.950781470993953 ], [ 110.256163700864064, -1.950781470993953 ], [ 110.256163700864064, -1.950961134050777 ] ] ] } },
{ "type": "Feature", "properties": { "count": 3, "label": 1, "cluster_id": 58 }, "geometry": { "type": "Polygon", "coordinates": [ [ [ 110.256163700864064, -1.952757764619016 ], [ 110.256343363920891, -1.952757764619016 ], [ 110.256343363920891, -1.952218775448544 ], [ 110.256163700864064, -1.952218775448544 ], [ 110.256163700864064, -1.952757764619016 ] ] ] } },
{ "type": "Feature", "properties": { "count": 9, "label": 1, "cluster_id": 58 }, "geometry": { "type": "Polygon", "coordinates": [ [ [ 110.256163700864064, -1.954015406016783 ], [ 110.256163700864064, -1.954374732130431 ], [ 110.256343363920891, -1.954374732130431 ], [ 110.256343363920891, -1.954554395187255 ], [ 110.257241679205009, -1.954554395187255 ], [ 110.257241679205009, -1.954374732130431 ], [ 110.25670269003453, -1.954374732130431 ], [ 110.25670269003453, -1.954195069073607 ], [ 110.256343363920891, -1.954195069073607 ], [ 110.256343363920891, -1.954015406016783 ], [ 110.256163700864064, -1.954015406016783 ] ] ] } },
{ "type": "Feature", "properties": { "count": 1, "label": 1, "cluster_id": 58 }, "geometry": { "type": "Polygon", "coordinates": [ [ [ 110.256163700864064, -1.96030361300562 ], [ 110.256343363920891, -1.96030361300562 ], [ 110.256343363920891, -1.960123949948796 ], [ 110.256163700864064, -1.960123949948796 ], [ 110.256163700864064, -1.96030361300562 ] ] ] } },
{ "type": "Feature", "properties": { "count": 1, "label": 1, "cluster_id": 58 }, "geometry": { "type": "Polygon", "coordinates": [ [ [ 110.256163700864064, -1.973239353096941 ], [ 110.256343363920891, -1.973239353096941 ], [ 110.256343363920891, -1.973059690040117 ], [ 110.256163700864064, -1.973059690040117 ], [ 110.256163700864064, -1.973239353096941 ] ] ] } },
{ "type": "Feature", "properties": { "count": 1, "label": 1, "cluster_id": 58 }, "geometry": { "type": "Polygon", "coordinates": [ [ [ 110.256163700864064, -1.973778342267413 ], [ 110.256343363920891, -1.973778342267413 ], [ 110.256343363920891, -1.973598679210589 ], [ 110.256163700864064, -1.973598679210589 ], [ 110.256163700864064, -1.973778342267413 ] ] ] } },
{ "type": "Feature", "properties": { "count": 1, "label": 1, "cluster_id": 58 }, "geometry": { "type": "Polygon", "coordinates": [ [ [ 110.256163700864064, -1.977730929517538 ], [ 110.256343363920891, -1.977730929517538 ], [ 110.256343363920891, -1.977551266460715 ], [ 110.256163700864064, -1.977551266460715 ], [ 110.256163700864064, -1.977730929517538 ] ] ] } },
{ "type": "Feature", "properties": { "count": 1, "label": 1, "cluster_id": 58 }, "geometry": { "type": "Polygon", "coordinates": [ [ [ 110.256163700864064, -1.978629244801658 ], [ 110.256343363920891, -1.978629244801658 ], [ 110.256343363920891, -1.978449581744834 ], [ 110.256163700864064, -1.978449581744834 ], [ 110.256163700864064, -1.978629244801658 ] ] ] } },
{ "type": "Feature", "properties": { "count": 1, "label": 1, "cluster_id": 58 }, "geometry": { "type": "Polygon", "coordinates": [ [ [ 110.256343363920891, -1.943415285664173 ], [ 110.256523026977703, -1.943415285664173 ], [ 110.256523026977703, -1.943235622607349 ], [ 110.256343363920891, -1.943235622607349 ], [ 110.256343363920891, -1.943415285664173 ] ] ] } },
{ "type": "Feature", "properties": { "count": 3, "label": 1, "cluster_id": 58 }, "geometry": { "type": "Polygon", "coordinates": [ [ [ 110.256343363920891, -1.948445851255242 ], [ 110.256523026977703, -1.948445851255242 ], [ 110.256523026977703, -1.94790686208477 ], [ 110.256343363920891, -1.94790686208477 ], [ 110.256343363920891, -1.948445851255242 ] ] ] } },
{ "type": "Feature", "properties": { "count": 1, "label": 1, "cluster_id": 58 }, "geometry": { "type": "Polygon", "coordinates": [ [ [ 110.256343363920891, -1.949523829596185 ], [ 110.256523026977703, -1.949523829596185 ], [ 110.256523026977703, -1.949344166539362 ], [ 110.256343363920891, -1.949344166539362 ], [ 110.256343363920891, -1.949523829596185 ] ] ] } },
{ "type": "Feature", "properties": { "count": 1, "label": 1, "cluster_id": 58 }, "geometry": { "type": "Polygon", "coordinates": [ [ [ 110.256343363920891, -1.953117090732664 ], [ 110.256523026977703, -1.953117090732664 ], [ 110.256523026977703, -1.95293742767584 ], [ 110.256343363920891, -1.95293742767584 ], [ 110.256343363920891, -1.953117090732664 ] ] ] } },
{ "type": "Feature", "properties": { "count": 1, "label": 1, "cluster_id": 58 }, "geometry": { "type": "Polygon", "coordinates": [ [ [ 110.256343363920891, -1.955632373528198 ], [ 110.256523026977703, -1.955632373528198 ], [ 110.256523026977703, -1.955452710471374 ], [ 110.256343363920891, -1.955452710471374 ], [ 110.256343363920891, -1.955632373528198 ] ] ] } },
{ "type": "Feature", "properties": { "count": 1, "label": 1, "cluster_id": 58 }, "geometry": { "type": "Polygon", "coordinates": [ [ [ 110.256343363920891, -1.957608667153261 ], [ 110.256523026977703, -1.957608667153261 ], [ 110.256523026977703, -1.957429004096437 ], [ 110.256343363920891, -1.957429004096437 ], [ 110.256343363920891, -1.957608667153261 ] ] ] } },
{ "type": "Feature", "properties": { "count": 1, "label": 1, "cluster_id": 58 }, "geometry": { "type": "Polygon", "coordinates": [ [ [ 110.256343363920891, -1.958686645494205 ], [ 110.256523026977703, -1.958686645494205 ], [ 110.256523026977703, -1.958506982437381 ], [ 110.256343363920891, -1.958506982437381 ], [ 110.256343363920891, -1.958686645494205 ] ] ] } },
{ "type": "Feature", "properties": { "count": 1, "label": 1, "cluster_id": 58 }, "geometry": { "type": "Polygon", "coordinates": [ [ [ 110.256343363920891, -1.963357884971626 ], [ 110.256523026977703, -1.963357884971626 ], [ 110.256523026977703, -1.963178221914802 ], [ 110.256343363920891, -1.963178221914802 ], [ 110.256343363920891, -1.963357884971626 ] ] ] } },
{ "type": "Feature", "properties": { "count": 1, "label": 1, "cluster_id": 58 }, "geometry": { "type": "Polygon", "coordinates": [ [ [ 110.256343363920891, -1.972341037812821 ], [ 110.256523026977703, -1.972341037812821 ], [ 110.256523026977703, -1.972161374755997 ], [ 110.256343363920891, -1.972161374755997 ], [ 110.256343363920891, -1.972341037812821 ] ] ] } },
{ "type": "Feature", "properties": { "count": 1, "label": 1, "cluster_id": 58 }, "geometry": { "type": "Polygon", "coordinates": [ [ [ 110.256343363920891, -1.975215646722004 ], [ 110.256523026977703, -1.975215646722004 ], [ 110.256523026977703, -1.97503598366518 ], [ 110.256343363920891, -1.97503598366518 ], [ 110.256343363920891, -1.975215646722004 ] ] ] } },
{ "type": "Feature", "properties": { "count": 1, "label": 1, "cluster_id": 58 }, "geometry": { "type": "Polygon", "coordinates": [ [ [ 110.256343363920891, -1.975574972835652 ], [ 110.256523026977703, -1.975574972835652 ], [ 110.256523026977703, -1.975395309778828 ], [ 110.256343363920891, -1.975395309778828 ], [ 110.256343363920891, -1.975574972835652 ] ] ] } },
{ "type": "Feature", "properties": { "count": 1, "label": 1, "cluster_id": 58 }, "geometry": { "type": "Polygon", "coordinates": [ [ [ 110.256343363920891, -1.97916823397213 ], [ 110.256523026977703, -1.97916823397213 ], [ 110.256523026977703, -1.978988570915306 ], [ 110.256343363920891, -1.978988570915306 ], [ 110.256343363920891, -1.97916823397213 ] ] ] } },
{ "type": "Feature", "properties": { "count": 1, "label": 1, "cluster_id": 58 }, "geometry": { "type": "Polygon", "coordinates": [ [ [ 110.256343363920891, -1.979527560085778 ], [ 110.256523026977703, -1.979527560085778 ], [ 110.256523026977703, -1.979347897028954 ], [ 110.256343363920891, -1.979347897028954 ], [ 110.256343363920891, -1.979527560085778 ] ] ] } },
{ "type": "Feature", "properties": { "count": 107, "label": 1, "cluster_id": 58 }, "geometry": { "type": "Polygon", "coordinates": [ [ [ 110.256343363920891, -1.943594948720997 ], [ 110.256343363920891, -1.944133937891468 ], [ 110.256163700864064, -1.944133937891468 ], [ 110.256163700864064, -1.944493264005116 ], [ 110.255984037807238, -1.944493264005116 ], [ 110.255984037807238, -1.944852590118764 ], [ 110.255804374750412, -1.944852590118764 ], [ 110.255804374750412, -1.945032253175588 ], [ 110.255624711693585, -1.945032253175588 ], [ 110.255624711693585, -1.94557124234606 ], [ 110.255445048636759, -1.94557124234606 ], [ 110.255445048636759, -1.945211916232412 ], [ 110.255265385579946, -1.945211916232412 ], [ 110.255265385579946, -1.945391579289236 ], [ 110.25508572252312, -1.945391579289236 ], [ 110.25508572252312, -1.94557124234606 ], [ 110.254906059466293, -1.94557124234606 ], [ 110.254906059466293, -1.945750905402883 ], [ 110.254726396409467, -1.945750905402883 ], [ 110.254726396409467, -1.946469557630179 ], [ 110.254906059466293, -1.946469557630179 ], [ 110.254906059466293, -1.947008546800651 ], [ 110.25508572252312, -1.947008546800651 ], [ 110.25508572252312, -1.946828883743827 ], [ 110.255265385579946, -1.946828883743827 ], [ 110.255265385579946, -1.947188209857475 ], [ 110.255445048636759, -1.947188209857475 ], [ 110.255445048636759, -1.947367872914299 ], [ 110.255804374750412, -1.947367872914299 ], [ 110.255804374750412, -1.94790686208477 ], [ 110.255624711693585, -1.94790686208477 ], [ 110.255624711693585, -1.948445851255242 ], [ 110.255804374750412, -1.948445851255242 ], [ 110.255804374750412, -1.948086525141594 ], [ 110.255984037807238, -1.948086525141594 ], [ 110.255984037807238, -1.947727199027947 ], [ 110.256163700864064, -1.947727199027947 ], [ 110.256163700864064, -1.947188209857475 ], [ 110.255984037807238, -1.947188209857475 ], [ 110.255984037807238, -1.947008546800651 ], [ 110.256163700864064, -1.947008546800651 ], [ 110.256163700864064, -1.946828883743827 ], [ 110.255804374750412, -1.946828883743827 ], [ 110.255804374750412, -1.946649220687003 ], [ 110.255624711693585, -1.946649220687003 ], [ 110.255624711693585, -1.946828883743827 ], [ 110.255445048636759, -1.946828883743827 ], [ 110.255445048636759, -1.946289894573355 ], [ 110.255624711693585, -1.946289894573355 ], [ 110.255624711693585, -1.945750905402883 ], [ 110.255804374750412, -1.945750905402883 ], [ 110.255804374750412, -1.945391579289236 ], [ 110.255984037807238, -1.945391579289236 ], [ 110.255984037807238, -1.94557124234606 ], [ 110.256163700864064, -1.94557124234606 ], [ 110.256163700864064, -1.945032253175588 ], [ 110.256343363920891, -1.945032253175588 ], [ 110.256343363920891, -1.944852590118764 ], [ 110.256523026977703, -1.944852590118764 ], [ 110.256523026977703, -1.945032253175588 ], [ 110.25670269003453, -1.945032253175588 ], [ 110.25670269003453, -1.945391579289236 ], [ 110.256882353091356, -1.945391579289236 ], [ 110.256882353091356, -1.945750905402883 ], [ 110.257062016148183, -1.945750905402883 ], [ 110.257062016148183, -1.94557124234606 ], [ 110.257241679205009, -1.94557124234606 ], [ 110.257241679205009, -1.945391579289236 ], [ 110.257421342261821, -1.945391579289236 ], [ 110.257421342261821, -1.945032253175588 ], [ 110.257241679205009, -1.945032253175588 ], [ 110.257241679205009, -1.944852590118764 ], [ 110.257062016148183, -1.944852590118764 ], [ 110.257062016148183, -1.944493264005116 ], [ 110.256882353091356, -1.944493264005116 ], [ 110.256882353091356, -1.944133937891468 ], [ 110.25670269003453, -1.944133937891468 ], [ 110.25670269003453, -1.943954274834645 ], [ 110.256523026977703, -1.943954274834645 ], [ 110.256523026977703, -1.943774611777821 ], [ 110.25670269003453, -1.943774611777821 ], [ 110.25670269003453, -1.943594948720997 ], [ 110.256343363920891, -1.943594948720997 ] ], [ [ 110.255804374750412, -1.947008546800651 ], [ 110.255624711693585, -1.947008546800651 ], [ 110.255624711693585, -1.947188209857475 ], [ 110.255804374750412, -1.947188209857475 ], [ 110.255804374750412, -1.947008546800651 ] ] ] } },
{ "type": "Feature", "properties": { "count": 6, "label": 1, "cluster_id": 58 }, "geometry": { "type": "Polygon", "coordinates": [ [ [ 110.256523026977703, -1.948445851255242 ], [ 110.256523026977703, -1.94880517736889 ], [ 110.256343363920891, -1.94880517736889 ], [ 110.256343363920891, -1.949164503482538 ], [ 110.25670269003453, -1.949164503482538 ], [ 110.25670269003453, -1.948445851255242 ], [ 110.256523026977703, -1.948445851255242 ] ] ] } },
{ "type": "Feature", "properties": { "count": 1, "label": 1, "cluster_id": 58 }, "geometry": { "type": "Polygon", "coordinates": [ [ [ 110.256523026977703, -1.949883155709833 ], [ 110.25670269003453, -1.949883155709833 ], [ 110.25670269003453, -1.949703492653009 ], [ 110.256523026977703, -1.949703492653009 ], [ 110.256523026977703, -1.949883155709833 ] ] ] } },
{ "type": "Feature", "properties": { "count": 2, "label": 1, "cluster_id": 58 }, "geometry": { "type": "Polygon", "coordinates": [ [ [ 110.256523026977703, -1.952578101562192 ], [ 110.25670269003453, -1.952578101562192 ], [ 110.25670269003453, -1.952218775448544 ], [ 110.256523026977703, -1.952218775448544 ], [ 110.256523026977703, -1.952578101562192 ] ] ] } },
{ "type": "Feature", "properties": { "count": 1, "label": 1, "cluster_id": 58 }, "geometry": { "type": "Polygon", "coordinates": [ [ [ 110.256523026977703, -1.957429004096437 ], [ 110.25670269003453, -1.957429004096437 ], [ 110.25670269003453, -1.957249341039613 ], [ 110.256523026977703, -1.957249341039613 ], [ 110.256523026977703, -1.957429004096437 ] ] ] } },
{ "type": "Feature", "properties": { "count": 1, "label": 1, "cluster_id": 58 }, "geometry": { "type": "Polygon", "coordinates": [ [ [ 110.256523026977703, -1.964615526369393 ], [ 110.25670269003453, -1.964615526369393 ], [ 110.25670269003453, -1.96443586331257 ], [ 110.256523026977703, -1.96443586331257 ], [ 110.256523026977703, -1.964615526369393 ] ] ] } },
{ "type": "Feature", "properties": { "count": 1, "label": 1, "cluster_id": 58 }, "geometry": { "type": "Polygon", "coordinates": [ [ [ 110.256523026977703, -1.967490135278576 ], [ 110.25670269003453, -1.967490135278576 ], [ 110.25670269003453, -1.967310472221752 ], [ 110.256523026977703, -1.967310472221752 ], [ 110.256523026977703, -1.967490135278576 ] ] ] } },
{ "type": "Feature", "properties": { "count": 1, "label": 1, "cluster_id": 58 }, "geometry": { "type": "Polygon", "coordinates": [ [ [ 110.256523026977703, -1.973059690040117 ], [ 110.25670269003453, -1.973059690040117 ], [ 110.25670269003453, -1.972880026983293 ], [ 110.256523026977703, -1.972880026983293 ], [ 110.256523026977703, -1.973059690040117 ] ] ] } },
{ "type": "Feature", "properties": { "count": 1, "label": 1, "cluster_id": 58 }, "geometry": { "type": "Polygon", "coordinates": [ [ [ 110.256523026977703, -1.974317331437884 ], [ 110.25670269003453, -1.974317331437884 ], [ 110.25670269003453, -1.97413766838106 ], [ 110.256523026977703, -1.97413766838106 ], [ 110.256523026977703, -1.974317331437884 ] ] ] } },
{ "type": "Feature", "properties": { "count": 1, "label": 1, "cluster_id": 58 }, "geometry": { "type": "Polygon", "coordinates": [ [ [ 110.256523026977703, -1.976473288119771 ], [ 110.25670269003453, -1.976473288119771 ], [ 110.25670269003453, -1.976293625062947 ], [ 110.256523026977703, -1.976293625062947 ], [ 110.256523026977703, -1.976473288119771 ] ] ] } },
{ "type": "Feature", "properties": { "count": 1, "label": 1, "cluster_id": 58 }, "geometry": { "type": "Polygon", "coordinates": [ [ [ 110.256523026977703, -1.977910592574362 ], [ 110.25670269003453, -1.977910592574362 ], [ 110.25670269003453, -1.977730929517538 ], [ 110.256523026977703, -1.977730929517538 ], [ 110.256523026977703, -1.977910592574362 ] ] ] } },
{ "type": "Feature", "properties": { "count": 1, "label": 1, "cluster_id": 58 }, "geometry": { "type": "Polygon", "coordinates": [ [ [ 110.25670269003453, -1.945930568459707 ], [ 110.256882353091356, -1.945930568459707 ], [ 110.256882353091356, -1.945750905402883 ], [ 110.25670269003453, -1.945750905402883 ], [ 110.25670269003453, -1.945930568459707 ] ] ] } },
{ "type": "Feature", "properties": { "count": 2, "label": 1, "cluster_id": 58 }, "geometry": { "type": "Polygon", "coordinates": [ [ [ 110.25670269003453, -1.947727199027947 ], [ 110.256882353091356, -1.947727199027947 ], [ 110.256882353091356, -1.947367872914299 ], [ 110.25670269003453, -1.947367872914299 ], [ 110.25670269003453, -1.947727199027947 ] ] ] } },
{ "type": "Feature", "properties": { "count": 1, "label": 1, "cluster_id": 58 }, "geometry": { "type": "Polygon", "coordinates": [ [ [ 110.25670269003453, -1.949703492653009 ], [ 110.256882353091356, -1.949703492653009 ], [ 110.256882353091356, -1.949523829596185 ], [ 110.25670269003453, -1.949523829596185 ], [ 110.25670269003453, -1.949703492653009 ] ] ] } },
{ "type": "Feature", "properties": { "count": 1, "label": 1, "cluster_id": 58 }, "geometry": { "type": "Polygon", "coordinates": [ [ [ 110.25670269003453, -1.950242481823481 ], [ 110.256882353091356, -1.950242481823481 ], [ 110.256882353091356, -1.950062818766657 ], [ 110.25670269003453, -1.950062818766657 ], [ 110.25670269003453, -1.950242481823481 ] ] ] } },
{ "type": "Feature", "properties": { "count": 1, "label": 1, "cluster_id": 58 }, "geometry": { "type": "Polygon", "coordinates": [ [ [ 110.25670269003453, -1.95293742767584 ], [ 110.256882353091356, -1.95293742767584 ], [ 110.256882353091356, -1.952757764619016 ], [ 110.25670269003453, -1.952757764619016 ], [ 110.25670269003453, -1.95293742767584 ] ] ] } },
{ "type": "Feature", "properties": { "count": 1, "label": 1, "cluster_id": 58 }, "geometry": { "type": "Polygon", "coordinates": [ [ [ 110.25670269003453, -1.955632373528198 ], [ 110.256882353091356, -1.955632373528198 ], [ 110.256882353091356, -1.955452710471374 ], [ 110.25670269003453, -1.955452710471374 ], [ 110.25670269003453, -1.955632373528198 ] ] ] } },
{ "type": "Feature", "properties": { "count": 1, "label": 1, "cluster_id": 58 }, "geometry": { "type": "Polygon", "coordinates": [ [ [ 110.25670269003453, -1.96030361300562 ], [ 110.256882353091356, -1.96030361300562 ], [ 110.256882353091356, -1.960123949948796 ], [ 110.25670269003453, -1.960123949948796 ], [ 110.25670269003453, -1.96030361300562 ] ] ] } },
{ "type": "Feature", "properties": { "count": 1, "label": 1, "cluster_id": 58 }, "geometry": { "type": "Polygon", "coordinates": [ [ [ 110.25670269003453, -1.968388450562695 ], [ 110.256882353091356, -1.968388450562695 ], [ 110.256882353091356, -1.968208787505872 ], [ 110.25670269003453, -1.968208787505872 ], [ 110.25670269003453, -1.968388450562695 ] ] ] } },
{ "type": "Feature", "properties": { "count": 1, "label": 1, "cluster_id": 58 }, "geometry": { "type": "Polygon", "coordinates": [ [ [ 110.25670269003453, -1.972700363926469 ], [ 110.256882353091356, -1.972700363926469 ], [ 110.256882353091356, -1.972520700869645 ], [ 110.25670269003453, -1.972520700869645 ], [ 110.25670269003453, -1.972700363926469 ] ] ] } },
{ "type": "Feature", "properties": { "count": 1, "label": 1, "cluster_id": 58 }, "geometry": { "type": "Polygon", "coordinates": [ [ [ 110.25670269003453, -1.975215646722004 ], [ 110.256882353091356, -1.975215646722004 ], [ 110.256882353091356, -1.97503598366518 ], [ 110.25670269003453, -1.97503598366518 ], [ 110.25670269003453, -1.975215646722004 ] ] ] } },
{ "type": "Feature", "properties": { "count": 2, "label": 1, "cluster_id": 58 }, "geometry": { "type": "Polygon", "coordinates": [ [ [ 110.25670269003453, -1.975934298949299 ], [ 110.256882353091356, -1.975934298949299 ], [ 110.256882353091356, -1.975574972835652 ], [ 110.25670269003453, -1.975574972835652 ], [ 110.25670269003453, -1.975934298949299 ] ] ] } },
{ "type": "Feature", "properties": { "count": 1, "label": 1, "cluster_id": 58 }, "geometry": { "type": "Polygon", "coordinates": [ [ [ 110.25670269003453, -1.97916823397213 ], [ 110.256882353091356, -1.97916823397213 ], [ 110.256882353091356, -1.978988570915306 ], [ 110.25670269003453, -1.978988570915306 ], [ 110.25670269003453, -1.97916823397213 ] ] ] } },
{ "type": "Feature", "properties": { "count": 3, "label": 1, "cluster_id": 58 }, "geometry": { "type": "Polygon", "coordinates": [ [ [ 110.256882353091356, -1.948984840425714 ], [ 110.256882353091356, -1.949164503482538 ], [ 110.25670269003453, -1.949164503482538 ], [ 110.25670269003453, -1.949344166539362 ], [ 110.257062016148183, -1.949344166539362 ], [ 110.257062016148183, -1.948984840425714 ], [ 110.256882353091356, -1.948984840425714 ] ] ] } },
{ "type": "Feature", "properties": { "count": 1, "label": 1, "cluster_id": 58 }, "geometry": { "type": "Polygon", "coordinates": [ [ [ 110.256882353091356, -1.949883155709833 ], [ 110.257062016148183, -1.949883155709833 ], [ 110.257062016148183, -1.949703492653009 ], [ 110.256882353091356, -1.949703492653009 ], [ 110.256882353091356, -1.949883155709833 ] ] ] } },
{ "type": "Feature", "properties": { "count": 1, "label": 1, "cluster_id": 58 }, "geometry": { "type": "Polygon", "coordinates": [ [ [ 110.256882353091356, -1.950961134050777 ], [ 110.257062016148183, -1.950961134050777 ], [ 110.257062016148183, -1.950781470993953 ], [ 110.256882353091356, -1.950781470993953 ], [ 110.256882353091356, -1.950961134050777 ] ] ] } },
{ "type": "Feature", "properties": { "count": 2, "label": 1, "cluster_id": 58 }, "geometry": { "type": "Polygon", "coordinates": [ [ [ 110.256882353091356, -1.951859449334896 ], [ 110.257062016148183, -1.951859449334896 ], [ 110.257062016148183, -1.951500123221249 ], [ 110.256882353091356, -1.951500123221249 ], [ 110.256882353091356, -1.951859449334896 ] ] ] } },
{ "type": "Feature", "properties": { "count": 1, "label": 1, "cluster_id": 58 }, "geometry": { "type": "Polygon", "coordinates": [ [ [ 110.256882353091356, -1.952398438505368 ], [ 110.257062016148183, -1.952398438505368 ], [ 110.257062016148183, -1.952218775448544 ], [ 110.256882353091356, -1.952218775448544 ], [ 110.256882353091356, -1.952398438505368 ] ] ] } },
{ "type": "Feature", "properties": { "count": 1, "label": 1, "cluster_id": 58 }, "geometry": { "type": "Polygon", "coordinates": [ [ [ 110.256882353091356, -1.954913721300903 ], [ 110.257062016148183, -1.954913721300903 ], [ 110.257062016148183, -1.954734058244079 ], [ 110.256882353091356, -1.954734058244079 ], [ 110.256882353091356, -1.954913721300903 ] ] ] } },
{ "type": "Feature", "properties": { "count": 1, "label": 1, "cluster_id": 58 }, "geometry": { "type": "Polygon", "coordinates": [ [ [ 110.256882353091356, -1.965334178596689 ], [ 110.257062016148183, -1.965334178596689 ], [ 110.257062016148183, -1.965154515539865 ], [ 110.256882353091356, -1.965154515539865 ], [ 110.256882353091356, -1.965334178596689 ] ] ] } },
{ "type": "Feature", "properties": { "count": 1, "label": 1, "cluster_id": 58 }, "geometry": { "type": "Polygon", "coordinates": [ [ [ 110.256882353091356, -1.96677148305128 ], [ 110.257062016148183, -1.96677148305128 ], [ 110.257062016148183, -1.966591819994457 ], [ 110.256882353091356, -1.966591819994457 ], [ 110.256882353091356, -1.96677148305128 ] ] ] } },
{ "type": "Feature", "properties": { "count": 1, "label": 1, "cluster_id": 58 }, "geometry": { "type": "Polygon", "coordinates": [ [ [ 110.256882353091356, -1.974856320608356 ], [ 110.257062016148183, -1.974856320608356 ], [ 110.257062016148183, -1.974676657551532 ], [ 110.256882353091356, -1.974676657551532 ], [ 110.256882353091356, -1.974856320608356 ] ] ] } },
{ "type": "Feature", "properties": { "count": 1, "label": 1, "cluster_id": 58 }, "geometry": { "type": "Polygon", "coordinates": [ [ [ 110.257062016148183, -1.945930568459707 ], [ 110.257241679205009, -1.945930568459707 ], [ 110.257241679205009, -1.945750905402883 ], [ 110.257062016148183, -1.945750905402883 ], [ 110.257062016148183, -1.945930568459707 ] ] ] } },
{ "type": "Feature", "properties": { "count": 1, "label": 1, "cluster_id": 58 }, "geometry": { "type": "Polygon", "coordinates": [ [ [ 110.257062016148183, -1.946828883743827 ], [ 110.257241679205009, -1.946828883743827 ], [ 110.257241679205009, -1.946649220687003 ], [ 110.257062016148183, -1.946649220687003 ], [ 110.257062016148183, -1.946828883743827 ] ] ] } },
{ "type": "Feature", "properties": { "count": 1, "label": 1, "cluster_id": 58 }, "geometry": { "type": "Polygon", "coordinates": [ [ [ 110.257062016148183, -1.953117090732664 ], [ 110.257241679205009, -1.953117090732664 ], [ 110.257241679205009, -1.95293742767584 ], [ 110.257062016148183, -1.95293742767584 ], [ 110.257062016148183, -1.953117090732664 ] ] ] } },
{ "type": "Feature", "properties": { "count": 1, "label": 1, "cluster_id": 58 }, "geometry": { "type": "Polygon", "coordinates": [ [ [ 110.257062016148183, -1.964615526369393 ], [ 110.257241679205009, -1.964615526369393 ], [ 110.257241679205009, -1.96443586331257 ], [ 110.257062016148183, -1.96443586331257 ], [ 110.257062016148183, -1.964615526369393 ] ] ] } },
{ "type": "Feature", "properties": { "count": 1, "label": 1, "cluster_id": 58 }, "geometry": { "type": "Polygon", "coordinates": [ [ [ 110.257062016148183, -1.975934298949299 ], [ 110.257241679205009, -1.975934298949299 ], [ 110.257241679205009, -1.975754635892476 ], [ 110.257062016148183, -1.975754635892476 ], [ 110.257062016148183, -1.975934298949299 ] ] ] } },
{ "type": "Feature", "properties": { "count": 10, "label": 1, "cluster_id": 58 }, "geometry": { "type": "Polygon", "coordinates": [ [ [ 110.257062016148183, -1.94790686208477 ], [ 110.257062016148183, -1.948266188198418 ], [ 110.256882353091356, -1.948266188198418 ], [ 110.256882353091356, -1.94790686208477 ], [ 110.25670269003453, -1.94790686208477 ], [ 110.25670269003453, -1.948445851255242 ], [ 110.256882353091356, -1.948445851255242 ], [ 110.256882353091356, -1.94880517736889 ], [ 110.257062016148183, -1.94880517736889 ], [ 110.257062016148183, -1.948445851255242 ], [ 110.257241679205009, -1.948445851255242 ], [ 110.257241679205009, -1.948086525141594 ], [ 110.257421342261821, -1.948086525141594 ], [ 110.257421342261821, -1.94790686208477 ], [ 110.257062016148183, -1.94790686208477 ] ] ] } },
{ "type": "Feature", "properties": { "count": 1, "label": 1, "cluster_id": 58 }, "geometry": { "type": "Polygon", "coordinates": [ [ [ 110.257241679205009, -1.948625514312066 ], [ 110.257421342261821, -1.948625514312066 ], [ 110.257421342261821, -1.948445851255242 ], [ 110.257241679205009, -1.948445851255242 ], [ 110.257241679205009, -1.948625514312066 ] ] ] } },
{ "type": "Feature", "properties": { "count": 1, "label": 1, "cluster_id": 58 }, "geometry": { "type": "Polygon", "coordinates": [ [ [ 110.257241679205009, -1.951500123221249 ], [ 110.257421342261821, -1.951500123221249 ], [ 110.257421342261821, -1.951320460164425 ], [ 110.257241679205009, -1.951320460164425 ], [ 110.257241679205009, -1.951500123221249 ] ] ] } },
{ "type": "Feature", "properties": { "count": 1, "label": 1, "cluster_id": 58 }, "geometry": { "type": "Polygon", "coordinates": [ [ [ 110.257241679205009, -1.952757764619016 ], [ 110.257421342261821, -1.952757764619016 ], [ 110.257421342261821, -1.952578101562192 ], [ 110.257241679205009, -1.952578101562192 ], [ 110.257241679205009, -1.952757764619016 ] ] ] } },
{ "type": "Feature", "properties": { "count": 6, "label": 1, "cluster_id": 58 }, "geometry": { "type": "Polygon", "coordinates": [ [ [ 110.257241679205009, -1.957788330210085 ], [ 110.257241679205009, -1.957967993266909 ], [ 110.256882353091356, -1.957967993266909 ], [ 110.256882353091356, -1.958506982437381 ], [ 110.257062016148183, -1.958506982437381 ], [ 110.257062016148183, -1.958147656323733 ], [ 110.257421342261821, -1.958147656323733 ], [ 110.257421342261821, -1.957788330210085 ], [ 110.257241679205009, -1.957788330210085 ] ] ] } },
{ "type": "Feature", "properties": { "count": 1, "label": 1, "cluster_id": 58 }, "geometry": { "type": "Polygon", "coordinates": [ [ [ 110.257241679205009, -1.961381591346563 ], [ 110.257421342261821, -1.961381591346563 ], [ 110.257421342261821, -1.961201928289739 ], [ 110.257241679205009, -1.961201928289739 ], [ 110.257241679205009, -1.961381591346563 ] ] ] } },
{ "type": "Feature", "properties": { "count": 1, "label": 1, "cluster_id": 58 }, "geometry": { "type": "Polygon", "coordinates": [ [ [ 110.257241679205009, -1.968388450562695 ], [ 110.257421342261821, -1.968388450562695 ], [ 110.257421342261821, -1.968208787505872 ], [ 110.257241679205009, -1.968208787505872 ], [ 110.257241679205009, -1.968388450562695 ] ] ] } },
{ "type": "Feature", "properties": { "count": 22, "label": 1, "cluster_id": 58 }, "geometry": { "type": "Polygon", "coordinates": [ [ [ 110.257241679205009, -1.970364744187758 ], [ 110.257241679205009, -1.970544407244582 ], [ 110.25670269003453, -1.970544407244582 ], [ 110.25670269003453, -1.971263059471878 ], [ 110.256882353091356, -1.971263059471878 ], [ 110.256882353091356, -1.971083396415054 ], [ 110.257062016148183, -1.971083396415054 ], [ 110.257062016148183, -1.971263059471878 ], [ 110.256882353091356, -1.971263059471878 ], [ 110.256882353091356, -1.971442722528702 ], [ 110.257241679205009, -1.971442722528702 ], [ 110.257241679205009, -1.971263059471878 ], [ 110.257780668375474, -1.971263059471878 ], [ 110.257780668375474, -1.971083396415054 ], [ 110.257960331432301, -1.971083396415054 ], [ 110.257960331432301, -1.97090373335823 ], [ 110.257241679205009, -1.97090373335823 ], [ 110.257241679205009, -1.970724070301406 ], [ 110.257421342261821, -1.970724070301406 ], [ 110.257421342261821, -1.970364744187758 ], [ 110.257241679205009, -1.970364744187758 ] ] ] } },
{ "type": "Feature", "properties": { "count": 1, "label": 1, "cluster_id": 58 }, "geometry": { "type": "Polygon", "coordinates": [ [ [ 110.257241679205009, -1.973778342267413 ], [ 110.257421342261821, -1.973778342267413 ], [ 110.257421342261821, -1.973598679210589 ], [ 110.257241679205009, -1.973598679210589 ], [ 110.257241679205009, -1.973778342267413 ] ] ] } },
{ "type": "Feature", "properties": { "count": 1, "label": 1, "cluster_id": 58 }, "geometry": { "type": "Polygon", "coordinates": [ [ [ 110.257241679205009, -1.97413766838106 ], [ 110.257421342261821, -1.97413766838106 ], [ 110.257421342261821, -1.973958005324236 ], [ 110.257241679205009, -1.973958005324236 ], [ 110.257241679205009, -1.97413766838106 ] ] ] } },
{ "type": "Feature", "properties": { "count": 2, "label": 1, "cluster_id": 58 }, "geometry": { "type": "Polygon", "coordinates": [ [ [ 110.257241679205009, -1.975215646722004 ], [ 110.257421342261821, -1.975215646722004 ], [ 110.257421342261821, -1.974856320608356 ], [ 110.257241679205009, -1.974856320608356 ], [ 110.257241679205009, -1.975215646722004 ] ] ] } },
{ "type": "Feature", "properties": { "count": 2, "label": 1, "cluster_id": 58 }, "geometry": { "type": "Polygon", "coordinates": [ [ [ 110.257241679205009, -1.975754635892476 ], [ 110.257421342261821, -1.975754635892476 ], [ 110.257421342261821, -1.975395309778828 ], [ 110.257241679205009, -1.975395309778828 ], [ 110.257241679205009, -1.975754635892476 ] ] ] } },
{ "type": "Feature", "properties": { "count": 1, "label": 1, "cluster_id": 58 }, "geometry": { "type": "Polygon", "coordinates": [ [ [ 110.257421342261821, -1.946469557630179 ], [ 110.257601005318648, -1.946469557630179 ], [ 110.257601005318648, -1.946289894573355 ], [ 110.257421342261821, -1.946289894573355 ], [ 110.257421342261821, -1.946469557630179 ] ] ] } },
{ "type": "Feature", "properties": { "count": 1, "label": 1, "cluster_id": 58 }, "geometry": { "type": "Polygon", "coordinates": [ [ [ 110.257421342261821, -1.946828883743827 ], [ 110.257601005318648, -1.946828883743827 ], [ 110.257601005318648, -1.946649220687003 ], [ 110.257421342261821, -1.946649220687003 ], [ 110.257421342261821, -1.946828883743827 ] ] ] } },
{ "type": "Feature", "properties": { "count": 2, "label": 1, "cluster_id": 58 }, "geometry": { "type": "Polygon", "coordinates": [ [ [ 110.257241679205009, -1.947727199027947 ], [ 110.257601005318648, -1.947727199027947 ], [ 110.257601005318648, -1.947547535971123 ], [ 110.257241679205009, -1.947547535971123 ], [ 110.257241679205009, -1.947727199027947 ] ] ] } },
{ "type": "Feature", "properties": { "count": 1, "label": 1, "cluster_id": 58 }, "geometry": { "type": "Polygon", "coordinates": [ [ [ 110.257421342261821, -1.950242481823481 ], [ 110.257601005318648, -1.950242481823481 ], [ 110.257601005318648, -1.950062818766657 ], [ 110.257421342261821, -1.950062818766657 ], [ 110.257421342261821, -1.950242481823481 ] ] ] } },
{ "type": "Feature", "properties": { "count": 1, "label": 1, "cluster_id": 58 }, "geometry": { "type": "Polygon", "coordinates": [ [ [ 110.257421342261821, -1.958866308551029 ], [ 110.257601005318648, -1.958866308551029 ], [ 110.257601005318648, -1.958686645494205 ], [ 110.257421342261821, -1.958686645494205 ], [ 110.257421342261821, -1.958866308551029 ] ] ] } },
{ "type": "Feature", "properties": { "count": 1, "label": 1, "cluster_id": 58 }, "geometry": { "type": "Polygon", "coordinates": [ [ [ 110.257421342261821, -1.977191940347067 ], [ 110.257601005318648, -1.977191940347067 ], [ 110.257601005318648, -1.977012277290243 ], [ 110.257421342261821, -1.977012277290243 ], [ 110.257421342261821, -1.977191940347067 ] ] ] } },
{ "type": "Feature", "properties": { "count": 1, "label": 1, "cluster_id": 58 }, "geometry": { "type": "Polygon", "coordinates": [ [ [ 110.257421342261821, -1.97916823397213 ], [ 110.257601005318648, -1.97916823397213 ], [ 110.257601005318648, -1.978988570915306 ], [ 110.257421342261821, -1.978988570915306 ], [ 110.257421342261821, -1.97916823397213 ] ] ] } },
{ "type": "Feature", "properties": { "count": 1, "label": 1, "cluster_id": 58 }, "geometry": { "type": "Polygon", "coordinates": [ [ [ 110.257601005318648, -1.945211916232412 ], [ 110.257780668375474, -1.945211916232412 ], [ 110.257780668375474, -1.945032253175588 ], [ 110.257601005318648, -1.945032253175588 ], [ 110.257601005318648, -1.945211916232412 ] ] ] } },
{ "type": "Feature", "properties": { "count": 8, "label": 1, "cluster_id": 58 }, "geometry": { "type": "Polygon", "coordinates": [ [ [ 110.257601005318648, -1.947008546800651 ], [ 110.257601005318648, -1.947188209857475 ], [ 110.257421342261821, -1.947188209857475 ], [ 110.257421342261821, -1.947008546800651 ], [ 110.257062016148183, -1.947008546800651 ], [ 110.257062016148183, -1.947547535971123 ], [ 110.257241679205009, -1.947547535971123 ], [ 110.257241679205009, -1.947367872914299 ], [ 110.257780668375474, -1.947367872914299 ], [ 110.257780668375474, -1.947008546800651 ], [ 110.257601005318648, -1.947008546800651 ] ] ] } },
{ "type": "Feature", "properties": { "count": 2, "label": 1, "cluster_id": 58 }, "geometry": { "type": "Polygon", "coordinates": [ [ [ 110.257601005318648, -1.948086525141594 ], [ 110.257780668375474, -1.948086525141594 ], [ 110.257780668375474, -1.947727199027947 ], [ 110.257601005318648, -1.947727199027947 ], [ 110.257601005318648, -1.948086525141594 ] ] ] } },
{ "type": "Feature", "properties": { "count": 5, "label": 1, "cluster_id": 58 }, "geometry": { "type": "Polygon", "coordinates": [ [ [ 110.257241679205009, -1.954913721300903 ], [ 110.257241679205009, -1.955093384357727 ], [ 110.257601005318648, -1.955093384357727 ], [ 110.257601005318648, -1.955452710471374 ], [ 110.257780668375474, -1.955452710471374 ], [ 110.257780668375474, -1.954913721300903 ], [ 110.257241679205009, -1.954913721300903 ] ] ] } },
{ "type": "Feature", "properties": { "count": 1, "label": 1, "cluster_id": 58 }, "geometry": { "type": "Polygon", "coordinates": [ [ [ 110.257601005318648, -1.955991699641846 ], [ 110.257780668375474, -1.955991699641846 ], [ 110.257780668375474, -1.955812036585022 ], [ 110.257601005318648, -1.955812036585022 ], [ 110.257601005318648, -1.955991699641846 ] ] ] } },
{ "type": "Feature", "properties": { "count": 2, "label": 1, "cluster_id": 58 }, "geometry": { "type": "Polygon", "coordinates": [ [ [ 110.257601005318648, -1.96353754802845 ], [ 110.257780668375474, -1.96353754802845 ], [ 110.257780668375474, -1.963178221914802 ], [ 110.257601005318648, -1.963178221914802 ], [ 110.257601005318648, -1.96353754802845 ] ] ] } },
{ "type": "Feature", "properties": { "count": 1, "label": 1, "cluster_id": 58 }, "geometry": { "type": "Polygon", "coordinates": [ [ [ 110.257601005318648, -1.969107102789991 ], [ 110.257780668375474, -1.969107102789991 ], [ 110.257780668375474, -1.968927439733167 ], [ 110.257601005318648, -1.968927439733167 ], [ 110.257601005318648, -1.969107102789991 ] ] ] } },
{ "type": "Feature", "properties": { "count": 1, "label": 1, "cluster_id": 58 }, "geometry": { "type": "Polygon", "coordinates": [ [ [ 110.257601005318648, -1.970544407244582 ], [ 110.257780668375474, -1.970544407244582 ], [ 110.257780668375474, -1.970364744187758 ], [ 110.257601005318648, -1.970364744187758 ], [ 110.257601005318648, -1.970544407244582 ] ] ] } },
{ "type": "Feature", "properties": { "count": 1, "label": 1, "cluster_id": 58 }, "geometry": { "type": "Polygon", "coordinates": [ [ [ 110.257601005318648, -1.973419016153765 ], [ 110.257780668375474, -1.973419016153765 ], [ 110.257780668375474, -1.973239353096941 ], [ 110.257601005318648, -1.973239353096941 ], [ 110.257601005318648, -1.973419016153765 ] ] ] } },
{ "type": "Feature", "properties": { "count": 1, "label": 1, "cluster_id": 58 }, "geometry": { "type": "Polygon", "coordinates": [ [ [ 110.257601005318648, -1.974496994494708 ], [ 110.257780668375474, -1.974496994494708 ], [ 110.257780668375474, -1.974317331437884 ], [ 110.257601005318648, -1.974317331437884 ], [ 110.257601005318648, -1.974496994494708 ] ] ] } },
{ "type": "Feature", "properties": { "count": 3, "label": 1, "cluster_id": 58 }, "geometry": { "type": "Polygon", "coordinates": [ [ [ 110.257601005318648, -1.975215646722004 ], [ 110.257780668375474, -1.975215646722004 ], [ 110.257780668375474, -1.974676657551532 ], [ 110.257601005318648, -1.974676657551532 ], [ 110.257601005318648, -1.975215646722004 ] ] ] } },
{ "type": "Feature", "properties": { "count": 1, "label": 1, "cluster_id": 58 }, "geometry": { "type": "Polygon", "coordinates": [ [ [ 110.257601005318648, -1.975574972835652 ], [ 110.257780668375474, -1.975574972835652 ], [ 110.257780668375474, -1.975395309778828 ], [ 110.257601005318648, -1.975395309778828 ], [ 110.257601005318648, -1.975574972835652 ] ] ] } },
{ "type": "Feature", "properties": { "count": 1, "label": 1, "cluster_id": 58 }, "geometry": { "type": "Polygon", "coordinates": [ [ [ 110.257601005318648, -1.976652951176595 ], [ 110.257780668375474, -1.976652951176595 ], [ 110.257780668375474, -1.976473288119771 ], [ 110.257601005318648, -1.976473288119771 ], [ 110.257601005318648, -1.976652951176595 ] ] ] } },
{ "type": "Feature", "properties": { "count": 2, "label": 1, "cluster_id": 58 }, "geometry": { "type": "Polygon", "coordinates": [ [ [ 110.257780668375474, -1.949703492653009 ], [ 110.257960331432301, -1.949703492653009 ], [ 110.257960331432301, -1.949344166539362 ], [ 110.257780668375474, -1.949344166539362 ], [ 110.257780668375474, -1.949703492653009 ] ] ] } },
{ "type": "Feature", "properties": { "count": 1, "label": 1, "cluster_id": 58 }, "geometry": { "type": "Polygon", "coordinates": [ [ [ 110.257780668375474, -1.950961134050777 ], [ 110.257960331432301, -1.950961134050777 ], [ 110.257960331432301, -1.950781470993953 ], [ 110.257780668375474, -1.950781470993953 ], [ 110.257780668375474, -1.950961134050777 ] ] ] } },
{ "type": "Feature", "properties": { "count": 1, "label": 1, "cluster_id": 58 }, "geometry": { "type": "Polygon", "coordinates": [ [ [ 110.257780668375474, -1.951500123221249 ], [ 110.257960331432301, -1.951500123221249 ], [ 110.257960331432301, -1.951320460164425 ], [ 110.257780668375474, -1.951320460164425 ], [ 110.257780668375474, -1.951500123221249 ] ] ] } },
{ "type": "Feature", "properties": { "count": 1, "label": 1, "cluster_id": 58 }, "geometry": { "type": "Polygon", "coordinates": [ [ [ 110.257780668375474, -1.964795189426217 ], [ 110.257960331432301, -1.964795189426217 ], [ 110.257960331432301, -1.964615526369393 ], [ 110.257780668375474, -1.964615526369393 ], [ 110.257780668375474, -1.964795189426217 ] ] ] } },
{ "type": "Feature", "properties": { "count": 2, "label": 1, "cluster_id": 58 }, "geometry": { "type": "Polygon", "coordinates": [ [ [ 110.257601005318648, -1.966412156937632 ], [ 110.257960331432301, -1.966412156937632 ], [ 110.257960331432301, -1.966232493880809 ], [ 110.257601005318648, -1.966232493880809 ], [ 110.257601005318648, -1.966412156937632 ] ] ] } },
{ "type": "Feature", "properties": { "count": 2, "label": 1, "cluster_id": 58 }, "geometry": { "type": "Polygon", "coordinates": [ [ [ 110.257601005318648, -1.971981711699174 ], [ 110.257960331432301, -1.971981711699174 ], [ 110.257960331432301, -1.97180204864235 ], [ 110.257601005318648, -1.97180204864235 ], [ 110.257601005318648, -1.971981711699174 ] ] ] } },
{ "type": "Feature", "properties": { "count": 2, "label": 1, "cluster_id": 58 }, "geometry": { "type": "Polygon", "coordinates": [ [ [ 110.257780668375474, -1.973239353096941 ], [ 110.257960331432301, -1.973239353096941 ], [ 110.257960331432301, -1.972880026983293 ], [ 110.257780668375474, -1.972880026983293 ], [ 110.257780668375474, -1.973239353096941 ] ] ] } },
{ "type": "Feature", "properties": { "count": 1, "label": 1, "cluster_id": 58 }, "geometry": { "type": "Polygon", "coordinates": [ [ [ 110.257780668375474, -1.974676657551532 ], [ 110.257960331432301, -1.974676657551532 ], [ 110.257960331432301, -1.974496994494708 ], [ 110.257780668375474, -1.974496994494708 ], [ 110.257780668375474, -1.974676657551532 ] ] ] } },
{ "type": "Feature", "properties": { "count": 1, "label": 1, "cluster_id": 58 }, "geometry": { "type": "Polygon", "coordinates": [ [ [ 110.257780668375474, -1.977012277290243 ], [ 110.257960331432301, -1.977012277290243 ], [ 110.257960331432301, -1.976832614233419 ], [ 110.257780668375474, -1.976832614233419 ], [ 110.257780668375474, -1.977012277290243 ] ] ] } },
{ "type": "Feature", "properties": { "count": 4, "label": 1, "cluster_id": 58 }, "geometry": { "type": "Polygon", "coordinates": [ [ [ 110.257780668375474, -1.946289894573355 ], [ 110.257780668375474, -1.946828883743827 ], [ 110.257960331432301, -1.946828883743827 ], [ 110.257960331432301, -1.946469557630179 ], [ 110.258139994489127, -1.946469557630179 ], [ 110.258139994489127, -1.946289894573355 ], [ 110.257780668375474, -1.946289894573355 ] ] ] } },
{ "type": "Feature", "properties": { "count": 1, "label": 1, "cluster_id": 58 }, "geometry": { "type": "Polygon", "coordinates": [ [ [ 110.257960331432301, -1.952398438505368 ], [ 110.258139994489127, -1.952398438505368 ], [ 110.258139994489127, -1.952218775448544 ], [ 110.257960331432301, -1.952218775448544 ], [ 110.257960331432301, -1.952398438505368 ] ] ] } },
{ "type": "Feature", "properties": { "count": 3, "label": 1, "cluster_id": 58 }, "geometry": { "type": "Polygon", "coordinates": [ [ [ 110.257960331432301, -1.953296753789487 ], [ 110.258139994489127, -1.953296753789487 ], [ 110.258139994489127, -1.952757764619016 ], [ 110.257960331432301, -1.952757764619016 ], [ 110.257960331432301, -1.953296753789487 ] ] ] } },
{ "type": "Feature", "properties": { "count": 1, "label": 1, "cluster_id": 58 }, "geometry": { "type": "Polygon", "coordinates": [ [ [ 110.257960331432301, -1.9594052977215 ], [ 110.258139994489127, -1.9594052977215 ], [ 110.258139994489127, -1.959225634664676 ], [ 110.257960331432301, -1.959225634664676 ], [ 110.257960331432301, -1.9594052977215 ] ] ] } },
{ "type": "Feature", "properties": { "count": 1, "label": 1, "cluster_id": 58 }, "geometry": { "type": "Polygon", "coordinates": [ [ [ 110.257960331432301, -1.959764623835148 ], [ 110.258139994489127, -1.959764623835148 ], [ 110.258139994489127, -1.959584960778324 ], [ 110.257960331432301, -1.959584960778324 ], [ 110.257960331432301, -1.959764623835148 ] ] ] } },
{ "type": "Feature", "properties": { "count": 2, "label": 1, "cluster_id": 58 }, "geometry": { "type": "Polygon", "coordinates": [ [ [ 110.257960331432301, -1.965334178596689 ], [ 110.258139994489127, -1.965334178596689 ], [ 110.258139994489127, -1.964974852483041 ], [ 110.257960331432301, -1.964974852483041 ], [ 110.257960331432301, -1.965334178596689 ] ] ] } },
{ "type": "Feature", "properties": { "count": 9, "label": 1, "cluster_id": 58 }, "geometry": { "type": "Polygon", "coordinates": [ [ [ 110.257960331432301, -1.971083396415054 ], [ 110.257960331432301, -1.971263059471878 ], [ 110.257780668375474, -1.971263059471878 ], [ 110.257780668375474, -1.971622385585526 ], [ 110.257960331432301, -1.971622385585526 ], [ 110.257960331432301, -1.971442722528702 ], [ 110.258139994489127, -1.971442722528702 ], [ 110.258139994489127, -1.971622385585526 ], [ 110.258678983659593, -1.971622385585526 ], [ 110.258678983659593, -1.971442722528702 ], [ 110.258499320602766, -1.971442722528702 ], [ 110.258499320602766, -1.971263059471878 ], [ 110.258139994489127, -1.971263059471878 ], [ 110.258139994489127, -1.971083396415054 ], [ 110.257960331432301, -1.971083396415054 ] ] ] } },
{ "type": "Feature", "properties": { "count": 1, "label": 1, "cluster_id": 58 }, "geometry": { "type": "Polygon", "coordinates": [ [ [ 110.257960331432301, -1.974496994494708 ], [ 110.258139994489127, -1.974496994494708 ], [ 110.258139994489127, -1.974317331437884 ], [ 110.257960331432301, -1.974317331437884 ], [ 110.257960331432301, -1.974496994494708 ] ] ] } },
{ "type": "Feature", "properties": { "count": 2, "label": 1, "cluster_id": 58 }, "geometry": { "type": "Polygon", "coordinates": [ [ [ 110.257960331432301, -1.975215646722004 ], [ 110.258139994489127, -1.975215646722004 ], [ 110.258139994489127, -1.974856320608356 ], [ 110.257960331432301, -1.974856320608356 ], [ 110.257960331432301, -1.975215646722004 ] ] ] } },
{ "type": "Feature", "properties": { "count": 6, "label": 1, "cluster_id": 58 }, "geometry": { "type": "Polygon", "coordinates": [ [ [ 110.258139994489127, -1.949703492653009 ], [ 110.258139994489127, -1.949883155709833 ], [ 110.257780668375474, -1.949883155709833 ], [ 110.257780668375474, -1.950062818766657 ], [ 110.258139994489127, -1.950062818766657 ], [ 110.258139994489127, -1.950422144880305 ], [ 110.258319657545954, -1.950422144880305 ], [ 110.258319657545954, -1.949703492653009 ], [ 110.258139994489127, -1.949703492653009 ] ] ] } },
{ "type": "Feature", "properties": { "count": 1, "label": 1, "cluster_id": 58 }, "geometry": { "type": "Polygon", "coordinates": [ [ [ 110.258139994489127, -1.951500123221249 ], [ 110.258319657545954, -1.951500123221249 ], [ 110.258319657545954, -1.951320460164425 ], [ 110.258139994489127, -1.951320460164425 ], [ 110.258139994489127, -1.951500123221249 ] ] ] } },
{ "type": "Feature", "properties": { "count": 1, "label": 1, "cluster_id": 58 }, "geometry": { "type": "Polygon", "coordinates": [ [ [ 110.258139994489127, -1.952218775448544 ], [ 110.258319657545954, -1.952218775448544 ], [ 110.258319657545954, -1.95203911239172 ], [ 110.258139994489127, -1.95203911239172 ], [ 110.258139994489127, -1.952218775448544 ] ] ] } },
{ "type": "Feature", "properties": { "count": 1, "label": 1, "cluster_id": 58 }, "geometry": { "type": "Polygon", "coordinates": [ [ [ 110.258139994489127, -1.952757764619016 ], [ 110.258319657545954, -1.952757764619016 ], [ 110.258319657545954, -1.952578101562192 ], [ 110.258139994489127, -1.952578101562192 ], [ 110.258139994489127, -1.952757764619016 ] ] ] } },
{ "type": "Feature", "properties": { "count": 1, "label": 1, "cluster_id": 58 }, "geometry": { "type": "Polygon", "coordinates": [ [ [ 110.258139994489127, -1.954195069073607 ], [ 110.258319657545954, -1.954195069073607 ], [ 110.258319657545954, -1.954015406016783 ], [ 110.258139994489127, -1.954015406016783 ], [ 110.258139994489127, -1.954195069073607 ] ] ] } },
{ "type": "Feature", "properties": { "count": 1, "label": 1, "cluster_id": 58 }, "geometry": { "type": "Polygon", "coordinates": [ [ [ 110.258139994489127, -1.954554395187255 ], [ 110.258319657545954, -1.954554395187255 ], [ 110.258319657545954, -1.954374732130431 ], [ 110.258139994489127, -1.954374732130431 ], [ 110.258139994489127, -1.954554395187255 ] ] ] } },
{ "type": "Feature", "properties": { "count": 2, "label": 1, "cluster_id": 58 }, "geometry": { "type": "Polygon", "coordinates": [ [ [ 110.258139994489127, -1.964256200255746 ], [ 110.258319657545954, -1.964256200255746 ], [ 110.258319657545954, -1.963896874142098 ], [ 110.258139994489127, -1.963896874142098 ], [ 110.258139994489127, -1.964256200255746 ] ] ] } },
{ "type": "Feature", "properties": { "count": 1, "label": 1, "cluster_id": 58 }, "geometry": { "type": "Polygon", "coordinates": [ [ [ 110.258139994489127, -1.970364744187758 ], [ 110.258319657545954, -1.970364744187758 ], [ 110.258319657545954, -1.970185081130934 ], [ 110.258139994489127, -1.970185081130934 ], [ 110.258139994489127, -1.970364744187758 ] ] ] } },
{ "type": "Feature", "properties": { "count": 5, "label": 1, "cluster_id": 58 }, "geometry": { "type": "Polygon", "coordinates": [ [ [ 110.258139994489127, -1.97180204864235 ], [ 110.258139994489127, -1.972341037812821 ], [ 110.258499320602766, -1.972341037812821 ], [ 110.258499320602766, -1.971981711699174 ], [ 110.258319657545954, -1.971981711699174 ], [ 110.258319657545954, -1.97180204864235 ], [ 110.258139994489127, -1.97180204864235 ] ] ] } },
{ "type": "Feature", "properties": { "count": 5, "label": 1, "cluster_id": 58 }, "geometry": { "type": "Polygon", "coordinates": [ [ [ 110.257960331432301, -1.973419016153765 ], [ 110.257960331432301, -1.973598679210589 ], [ 110.258139994489127, -1.973598679210589 ], [ 110.258139994489127, -1.97413766838106 ], [ 110.258319657545954, -1.97413766838106 ], [ 110.258319657545954, -1.973419016153765 ], [ 110.257960331432301, -1.973419016153765 ] ] ] } },
{ "type": "Feature", "properties": { "count": 1, "label": 1, "cluster_id": 58 }, "geometry": { "type": "Polygon", "coordinates": [ [ [ 110.258139994489127, -1.977910592574362 ], [ 110.258319657545954, -1.977910592574362 ], [ 110.258319657545954, -1.977730929517538 ], [ 110.258139994489127, -1.977730929517538 ], [ 110.258139994489127, -1.977910592574362 ] ] ] } },
{ "type": "Feature", "properties": { "count": 1, "label": 1, "cluster_id": 58 }, "geometry": { "type": "Polygon", "coordinates": [ [ [ 110.258319657545954, -1.945391579289236 ], [ 110.258499320602766, -1.945391579289236 ], [ 110.258499320602766, -1.945211916232412 ], [ 110.258319657545954, -1.945211916232412 ], [ 110.258319657545954, -1.945391579289236 ] ] ] } },
{ "type": "Feature", "properties": { "count": 1, "label": 1, "cluster_id": 58 }, "geometry": { "type": "Polygon", "coordinates": [ [ [ 110.258319657545954, -1.945750905402883 ], [ 110.258499320602766, -1.945750905402883 ], [ 110.258499320602766, -1.94557124234606 ], [ 110.258319657545954, -1.94557124234606 ], [ 110.258319657545954, -1.945750905402883 ] ] ] } },
{ "type": "Feature", "properties": { "count": 1, "label": 1, "cluster_id": 58 }, "geometry": { "type": "Polygon", "coordinates": [ [ [ 110.258319657545954, -1.949344166539362 ], [ 110.258499320602766, -1.949344166539362 ], [ 110.258499320602766, -1.949164503482538 ], [ 110.258319657545954, -1.949164503482538 ], [ 110.258319657545954, -1.949344166539362 ] ] ] } },
{ "type": "Feature", "properties": { "count": 1, "label": 1, "cluster_id": 58 }, "geometry": { "type": "Polygon", "coordinates": [ [ [ 110.258319657545954, -1.953296753789487 ], [ 110.258499320602766, -1.953296753789487 ], [ 110.258499320602766, -1.953117090732664 ], [ 110.258319657545954, -1.953117090732664 ], [ 110.258319657545954, -1.953296753789487 ] ] ] } },
{ "type": "Feature", "properties": { "count": 1, "label": 1, "cluster_id": 58 }, "geometry": { "type": "Polygon", "coordinates": [ [ [ 110.258319657545954, -1.959764623835148 ], [ 110.258499320602766, -1.959764623835148 ], [ 110.258499320602766, -1.959584960778324 ], [ 110.258319657545954, -1.959584960778324 ], [ 110.258319657545954, -1.959764623835148 ] ] ] } },
{ "type": "Feature", "properties": { "count": 1, "label": 1, "cluster_id": 58 }, "geometry": { "type": "Polygon", "coordinates": [ [ [ 110.258319657545954, -1.963178221914802 ], [ 110.258499320602766, -1.963178221914802 ], [ 110.258499320602766, -1.962998558857978 ], [ 110.258319657545954, -1.962998558857978 ], [ 110.258319657545954, -1.963178221914802 ] ] ] } },
{ "type": "Feature", "properties": { "count": 1, "label": 1, "cluster_id": 58 }, "geometry": { "type": "Polygon", "coordinates": [ [ [ 110.258319657545954, -1.963717211085274 ], [ 110.258499320602766, -1.963717211085274 ], [ 110.258499320602766, -1.96353754802845 ], [ 110.258319657545954, -1.96353754802845 ], [ 110.258319657545954, -1.963717211085274 ] ] ] } },
{ "type": "Feature", "properties": { "count": 1, "label": 1, "cluster_id": 58 }, "geometry": { "type": "Polygon", "coordinates": [ [ [ 110.258319657545954, -1.965154515539865 ], [ 110.258499320602766, -1.965154515539865 ], [ 110.258499320602766, -1.964974852483041 ], [ 110.258319657545954, -1.964974852483041 ], [ 110.258319657545954, -1.965154515539865 ] ] ] } },
{ "type": "Feature", "properties": { "count": 2, "label": 1, "cluster_id": 58 }, "geometry": { "type": "Polygon", "coordinates": [ [ [ 110.258139994489127, -1.965513841653513 ], [ 110.258499320602766, -1.965513841653513 ], [ 110.258499320602766, -1.965334178596689 ], [ 110.258139994489127, -1.965334178596689 ], [ 110.258139994489127, -1.965513841653513 ] ] ] } },
{ "type": "Feature", "properties": { "count": 1, "label": 1, "cluster_id": 58 }, "geometry": { "type": "Polygon", "coordinates": [ [ [ 110.258319657545954, -1.966232493880809 ], [ 110.258499320602766, -1.966232493880809 ], [ 110.258499320602766, -1.966052830823985 ], [ 110.258319657545954, -1.966052830823985 ], [ 110.258319657545954, -1.966232493880809 ] ] ] } },
{ "type": "Feature", "properties": { "count": 3, "label": 1, "cluster_id": 58 }, "geometry": { "type": "Polygon", "coordinates": [ [ [ 110.257960331432301, -1.966591819994457 ], [ 110.258499320602766, -1.966591819994457 ], [ 110.258499320602766, -1.966412156937632 ], [ 110.257960331432301, -1.966412156937632 ], [ 110.257960331432301, -1.966591819994457 ] ] ] } },
{ "type": "Feature", "properties": { "count": 1, "label": 1, "cluster_id": 58 }, "geometry": { "type": "Polygon", "coordinates": [ [ [ 110.258319657545954, -1.970005418074111 ], [ 110.258499320602766, -1.970005418074111 ], [ 110.258499320602766, -1.969825755017287 ], [ 110.258319657545954, -1.969825755017287 ], [ 110.258319657545954, -1.970005418074111 ] ] ] } },
{ "type": "Feature", "properties": { "count": 7, "label": 1, "cluster_id": 58 }, "geometry": { "type": "Polygon", "coordinates": [ [ [ 110.257960331432301, -1.970544407244582 ], [ 110.257960331432301, -1.97090373335823 ], [ 110.258139994489127, -1.97090373335823 ], [ 110.258139994489127, -1.970724070301406 ], [ 110.258319657545954, -1.970724070301406 ], [ 110.258319657545954, -1.971083396415054 ], [ 110.258499320602766, -1.971083396415054 ], [ 110.258499320602766, -1.97090373335823 ], [ 110.258678983659593, -1.97090373335823 ], [ 110.258678983659593, -1.970724070301406 ], [ 110.258499320602766, -1.970724070301406 ], [ 110.258499320602766, -1.970544407244582 ], [ 110.257960331432301, -1.970544407244582 ] ] ] } },
{ "type": "Feature", "properties": { "count": 1, "label": 1, "cluster_id": 58 }, "geometry": { "type": "Polygon", "coordinates": [ [ [ 110.258319657545954, -1.974496994494708 ], [ 110.258499320602766, -1.974496994494708 ], [ 110.258499320602766, -1.974317331437884 ], [ 110.258319657545954, -1.974317331437884 ], [ 110.258319657545954, -1.974496994494708 ] ] ] } },
{ "type": "Feature", "properties": { "count": 1, "label": 1, "cluster_id": 58 }, "geometry": { "type": "Polygon", "coordinates": [ [ [ 110.258319657545954, -1.97826991868801 ], [ 110.258499320602766, -1.97826991868801 ], [ 110.258499320602766, -1.978090255631186 ], [ 110.258319657545954, -1.978090255631186 ], [ 110.258319657545954, -1.97826991868801 ] ] ] } },
{ "type": "Feature", "properties": { "count": 2, "label": 1, "cluster_id": 58 }, "geometry": { "type": "Polygon", "coordinates": [ [ [ 110.258499320602766, -1.948984840425714 ], [ 110.258678983659593, -1.948984840425714 ], [ 110.258678983659593, -1.948625514312066 ], [ 110.258499320602766, -1.948625514312066 ], [ 110.258499320602766, -1.948984840425714 ] ] ] } },
{ "type": "Feature", "properties": { "count": 2, "label": 1, "cluster_id": 58 }, "geometry": { "type": "Polygon", "coordinates": [ [ [ 110.258499320602766, -1.950242481823481 ], [ 110.258678983659593, -1.950242481823481 ], [ 110.258678983659593, -1.949883155709833 ], [ 110.258499320602766, -1.949883155709833 ], [ 110.258499320602766, -1.950242481823481 ] ] ] } },
{ "type": "Feature", "properties": { "count": 1, "label": 1, "cluster_id": 58 }, "geometry": { "type": "Polygon", "coordinates": [ [ [ 110.258499320602766, -1.950601807937129 ], [ 110.258678983659593, -1.950601807937129 ], [ 110.258678983659593, -1.950422144880305 ], [ 110.258499320602766, -1.950422144880305 ], [ 110.258499320602766, -1.950601807937129 ] ] ] } },
{ "type": "Feature", "properties": { "count": 4, "label": 1, "cluster_id": 58 }, "geometry": { "type": "Polygon", "coordinates": [ [ [ 110.258319657545954, -1.951140797107601 ], [ 110.258319657545954, -1.951320460164425 ], [ 110.258499320602766, -1.951320460164425 ], [ 110.258499320602766, -1.951679786278072 ], [ 110.258678983659593, -1.951679786278072 ], [ 110.258678983659593, -1.951140797107601 ], [ 110.258319657545954, -1.951140797107601 ] ] ] } },
{ "type": "Feature", "properties": { "count": 2, "label": 1, "cluster_id": 58 }, "geometry": { "type": "Polygon", "coordinates": [ [ [ 110.258319657545954, -1.952398438505368 ], [ 110.258678983659593, -1.952398438505368 ], [ 110.258678983659593, -1.952218775448544 ], [ 110.258319657545954, -1.952218775448544 ], [ 110.258319657545954, -1.952398438505368 ] ] ] } },
{ "type": "Feature", "properties": { "count": 2, "label": 1, "cluster_id": 58 }, "geometry": { "type": "Polygon", "coordinates": [ [ [ 110.258499320602766, -1.954554395187255 ], [ 110.258678983659593, -1.954554395187255 ], [ 110.258678983659593, -1.954195069073607 ], [ 110.258499320602766, -1.954195069073607 ], [ 110.258499320602766, -1.954554395187255 ] ] ] } },
{ "type": "Feature", "properties": { "count": 1, "label": 1, "cluster_id": 58 }, "geometry": { "type": "Polygon", "coordinates": [ [ [ 110.258499320602766, -1.957249341039613 ], [ 110.258678983659593, -1.957249341039613 ], [ 110.258678983659593, -1.957069677982789 ], [ 110.258499320602766, -1.957069677982789 ], [ 110.258499320602766, -1.957249341039613 ] ] ] } },
{ "type": "Feature", "properties": { "count": 1, "label": 1, "cluster_id": 58 }, "geometry": { "type": "Polygon", "coordinates": [ [ [ 110.258499320602766, -1.967310472221752 ], [ 110.258678983659593, -1.967310472221752 ], [ 110.258678983659593, -1.967130809164928 ], [ 110.258499320602766, -1.967130809164928 ], [ 110.258499320602766, -1.967310472221752 ] ] ] } },
{ "type": "Feature", "properties": { "count": 1, "label": 1, "cluster_id": 58 }, "geometry": { "type": "Polygon", "coordinates": [ [ [ 110.258499320602766, -1.977371603403891 ], [ 110.258678983659593, -1.977371603403891 ], [ 110.258678983659593, -1.977191940347067 ], [ 110.258499320602766, -1.977191940347067 ], [ 110.258499320602766, -1.977371603403891 ] ] ] } },
{ "type": "Feature", "properties": { "count": 35, "label": 1, "cluster_id": 58 }, "geometry": { "type": "Polygon", "coordinates": [ [ [ 110.258139994489127, -1.947008546800651 ], [ 110.258139994489127, -1.947188209857475 ], [ 110.257960331432301, -1.947188209857475 ], [ 110.257960331432301, -1.947367872914299 ], [ 110.257780668375474, -1.947367872914299 ], [ 110.257780668375474, -1.947727199027947 ], [ 110.257960331432301, -1.947727199027947 ], [ 110.257960331432301, -1.948086525141594 ], [ 110.257780668375474, -1.948086525141594 ], [ 110.257780668375474, -1.948445851255242 ], [ 110.258139994489127, -1.948445851255242 ], [ 110.258139994489127, -1.948266188198418 ], [ 110.258678983659593, -1.948266188198418 ], [ 110.258678983659593, -1.948086525141594 ], [ 110.258499320602766, -1.948086525141594 ], [ 110.258499320602766, -1.947727199027947 ], [ 110.258678983659593, -1.947727199027947 ], [ 110.258678983659593, -1.947547535971123 ], [ 110.258858646716419, -1.947547535971123 ], [ 110.258858646716419, -1.947727199027947 ], [ 110.259038309773246, -1.947727199027947 ], [ 110.259038309773246, -1.947367872914299 ], [ 110.258858646716419, -1.947367872914299 ], [ 110.258858646716419, -1.947008546800651 ], [ 110.258139994489127, -1.947008546800651 ] ] ] } },
{ "type": "Feature", "properties": { "count": 1, "label": 1, "cluster_id": 58 }, "geometry": { "type": "Polygon", "coordinates": [ [ [ 110.258678983659593, -1.94790686208477 ], [ 110.258858646716419, -1.94790686208477 ], [ 110.258858646716419, -1.947727199027947 ], [ 110.258678983659593, -1.947727199027947 ], [ 110.258678983659593, -1.94790686208477 ] ] ] } },
{ "type": "Feature", "properties": { "count": 1, "label": 1, "cluster_id": 58 }, "geometry": { "type": "Polygon", "coordinates": [ [ [ 110.258678983659593, -1.949344166539362 ], [ 110.258858646716419, -1.949344166539362 ], [ 110.258858646716419, -1.949164503482538 ], [ 110.258678983659593, -1.949164503482538 ], [ 110.258678983659593, -1.949344166539362 ] ] ] } },
{ "type": "Feature", "properties": { "count": 2, "label": 1, "cluster_id": 58 }, "geometry": { "type": "Polygon", "coordinates": [ [ [ 110.258678983659593, -1.949883155709833 ], [ 110.258858646716419, -1.949883155709833 ], [ 110.258858646716419, -1.949523829596185 ], [ 110.258678983659593, -1.949523829596185 ], [ 110.258678983659593, -1.949883155709833 ] ] ] } },
{ "type": "Feature", "properties": { "count": 1, "label": 1, "cluster_id": 58 }, "geometry": { "type": "Polygon", "coordinates": [ [ [ 110.258678983659593, -1.953656079903135 ], [ 110.258858646716419, -1.953656079903135 ], [ 110.258858646716419, -1.953476416846311 ], [ 110.258678983659593, -1.953476416846311 ], [ 110.258678983659593, -1.953656079903135 ] ] ] } },
{ "type": "Feature", "properties": { "count": 1, "label": 1, "cluster_id": 58 }, "geometry": { "type": "Polygon", "coordinates": [ [ [ 110.258678983659593, -1.954195069073607 ], [ 110.258858646716419, -1.954195069073607 ], [ 110.258858646716419, -1.954015406016783 ], [ 110.258678983659593, -1.954015406016783 ], [ 110.258678983659593, -1.954195069073607 ] ] ] } },
{ "type": "Feature", "properties": { "count": 1, "label": 1, "cluster_id": 58 }, "geometry": { "type": "Polygon", "coordinates": [ [ [ 110.258678983659593, -1.963357884971626 ], [ 110.258858646716419, -1.963357884971626 ], [ 110.258858646716419, -1.963178221914802 ], [ 110.258678983659593, -1.963178221914802 ], [ 110.258678983659593, -1.963357884971626 ] ] ] } },
{ "type": "Feature", "properties": { "count": 1, "label": 1, "cluster_id": 58 }, "geometry": { "type": "Polygon", "coordinates": [ [ [ 110.258678983659593, -1.964795189426217 ], [ 110.258858646716419, -1.964795189426217 ], [ 110.258858646716419, -1.964615526369393 ], [ 110.258678983659593, -1.964615526369393 ], [ 110.258678983659593, -1.964795189426217 ] ] ] } },
{ "type": "Feature", "properties": { "count": 2, "label": 1, "cluster_id": 58 }, "geometry": { "type": "Polygon", "coordinates": [ [ [ 110.258678983659593, -1.966052830823985 ], [ 110.258858646716419, -1.966052830823985 ], [ 110.258858646716419, -1.965693504710337 ], [ 110.258678983659593, -1.965693504710337 ], [ 110.258678983659593, -1.966052830823985 ] ] ] } },
{ "type": "Feature", "properties": { "count": 3, "label": 1, "cluster_id": 58 }, "geometry": { "type": "Polygon", "coordinates": [ [ [ 110.258499320602766, -1.966232493880809 ], [ 110.258499320602766, -1.966412156937632 ], [ 110.258678983659593, -1.966412156937632 ], [ 110.258678983659593, -1.966591819994457 ], [ 110.258858646716419, -1.966591819994457 ], [ 110.258858646716419, -1.966232493880809 ], [ 110.258499320602766, -1.966232493880809 ] ] ] } },
{ "type": "Feature", "properties": { "count": 1, "label": 1, "cluster_id": 58 }, "geometry": { "type": "Polygon", "coordinates": [ [ [ 110.258678983659593, -1.971442722528702 ], [ 110.258858646716419, -1.971442722528702 ], [ 110.258858646716419, -1.971263059471878 ], [ 110.258678983659593, -1.971263059471878 ], [ 110.258678983659593, -1.971442722528702 ] ] ] } },
{ "type": "Feature", "properties": { "count": 1, "label": 1, "cluster_id": 58 }, "geometry": { "type": "Polygon", "coordinates": [ [ [ 110.258678983659593, -1.974856320608356 ], [ 110.258858646716419, -1.974856320608356 ], [ 110.258858646716419, -1.974676657551532 ], [ 110.258678983659593, -1.974676657551532 ], [ 110.258678983659593, -1.974856320608356 ] ] ] } },
{ "type": "Feature", "properties": { "count": 1, "label": 1, "cluster_id": 58 }, "geometry": { "type": "Polygon", "coordinates": [ [ [ 110.258858646716419, -1.945211916232412 ], [ 110.259038309773246, -1.945211916232412 ], [ 110.259038309773246, -1.945032253175588 ], [ 110.258858646716419, -1.945032253175588 ], [ 110.258858646716419, -1.945211916232412 ] ] ] } },
{ "type": "Feature", "properties": { "count": 1, "label": 1, "cluster_id": 58 }, "geometry": { "type": "Polygon", "coordinates": [ [ [ 110.258858646716419, -1.948445851255242 ], [ 110.259038309773246, -1.948445851255242 ], [ 110.259038309773246, -1.948266188198418 ], [ 110.258858646716419, -1.948266188198418 ], [ 110.258858646716419, -1.948445851255242 ] ] ] } },
{ "type": "Feature", "properties": { "count": 1, "label": 1, "cluster_id": 58 }, "geometry": { "type": "Polygon", "coordinates": [ [ [ 110.258858646716419, -1.94880517736889 ], [ 110.259038309773246, -1.94880517736889 ], [ 110.259038309773246, -1.948625514312066 ], [ 110.258858646716419, -1.948625514312066 ], [ 110.258858646716419, -1.94880517736889 ] ] ] } },
{ "type": "Feature", "properties": { "count": 1, "label": 1, "cluster_id": 58 }, "geometry": { "type": "Polygon", "coordinates": [ [ [ 110.258858646716419, -1.951679786278072 ], [ 110.259038309773246, -1.951679786278072 ], [ 110.259038309773246, -1.951500123221249 ], [ 110.258858646716419, -1.951500123221249 ], [ 110.258858646716419, -1.951679786278072 ] ] ] } },
{ "type": "Feature", "properties": { "count": 1, "label": 1, "cluster_id": 58 }, "geometry": { "type": "Polygon", "coordinates": [ [ [ 110.258858646716419, -1.95203911239172 ], [ 110.259038309773246, -1.95203911239172 ], [ 110.259038309773246, -1.951859449334896 ], [ 110.258858646716419, -1.951859449334896 ], [ 110.258858646716419, -1.95203911239172 ] ] ] } },
{ "type": "Feature", "properties": { "count": 2, "label": 1, "cluster_id": 58 }, "geometry": { "type": "Polygon", "coordinates": [ [ [ 110.258678983659593, -1.953117090732664 ], [ 110.259038309773246, -1.953117090732664 ], [ 110.259038309773246, -1.95293742767584 ], [ 110.258678983659593, -1.95293742767584 ], [ 110.258678983659593, -1.953117090732664 ] ] ] } },
{ "type": "Feature", "properties": { "count": 1, "label": 1, "cluster_id": 58 }, "geometry": { "type": "Polygon", "coordinates": [ [ [ 110.258858646716419, -1.954015406016783 ], [ 110.259038309773246, -1.954015406016783 ], [ 110.259038309773246, -1.953835742959959 ], [ 110.258858646716419, -1.953835742959959 ], [ 110.258858646716419, -1.954015406016783 ] ] ] } },
{ "type": "Feature", "properties": { "count": 1, "label": 1, "cluster_id": 58 }, "geometry": { "type": "Polygon", "coordinates": [ [ [ 110.258858646716419, -1.955812036585022 ], [ 110.259038309773246, -1.955812036585022 ], [ 110.259038309773246, -1.955632373528198 ], [ 110.258858646716419, -1.955632373528198 ], [ 110.258858646716419, -1.955812036585022 ] ] ] } },
{ "type": "Feature", "properties": { "count": 1, "label": 1, "cluster_id": 58 }, "geometry": { "type": "Polygon", "coordinates": [ [ [ 110.258858646716419, -1.965513841653513 ], [ 110.259038309773246, -1.965513841653513 ], [ 110.259038309773246, -1.965334178596689 ], [ 110.258858646716419, -1.965334178596689 ], [ 110.258858646716419, -1.965513841653513 ] ] ] } },
{ "type": "Feature", "properties": { "count": 11, "label": 1, "cluster_id": 58 }, "geometry": { "type": "Polygon", "coordinates": [ [ [ 110.258319657545954, -1.972880026983293 ], [ 110.258319657545954, -1.973239353096941 ], [ 110.259038309773246, -1.973239353096941 ], [ 110.259038309773246, -1.973598679210589 ], [ 110.259217972830072, -1.973598679210589 ], [ 110.259217972830072, -1.973059690040117 ], [ 110.259038309773246, -1.973059690040117 ], [ 110.259038309773246, -1.972880026983293 ], [ 110.258319657545954, -1.972880026983293 ] ] ] } },
{ "type": "Feature", "properties": { "count": 4, "label": 1, "cluster_id": 58 }, "geometry": { "type": "Polygon", "coordinates": [ [ [ 110.258499320602766, -1.973778342267413 ], [ 110.258499320602766, -1.973958005324236 ], [ 110.258678983659593, -1.973958005324236 ], [ 110.258678983659593, -1.97413766838106 ], [ 110.258858646716419, -1.97413766838106 ], [ 110.258858646716419, -1.973958005324236 ], [ 110.259038309773246, -1.973958005324236 ], [ 110.259038309773246, -1.973778342267413 ], [ 110.258499320602766, -1.973778342267413 ] ] ] } },
{ "type": "Feature", "properties": { "count": 3, "label": 1, "cluster_id": 58 }, "geometry": { "type": "Polygon", "coordinates": [ [ [ 110.258858646716419, -1.977910592574362 ], [ 110.258858646716419, -1.97826991868801 ], [ 110.259217972830072, -1.97826991868801 ], [ 110.259217972830072, -1.978090255631186 ], [ 110.259038309773246, -1.978090255631186 ], [ 110.259038309773246, -1.977910592574362 ], [ 110.258858646716419, -1.977910592574362 ] ] ] } },
{ "type": "Feature", "properties": { "count": 4, "label": 1, "cluster_id": 58 }, "geometry": { "type": "Polygon", "coordinates": [ [ [ 110.259038309773246, -1.946289894573355 ], [ 110.259038309773246, -1.946469557630179 ], [ 110.258858646716419, -1.946469557630179 ], [ 110.258858646716419, -1.946828883743827 ], [ 110.259038309773246, -1.946828883743827 ], [ 110.259038309773246, -1.946649220687003 ], [ 110.259217972830072, -1.946649220687003 ], [ 110.259217972830072, -1.946289894573355 ], [ 110.259038309773246, -1.946289894573355 ] ] ] } },
{ "type": "Feature", "properties": { "count": 1, "label": 1, "cluster_id": 58 }, "geometry": { "type": "Polygon", "coordinates": [ [ [ 110.259038309773246, -1.949164503482538 ], [ 110.259217972830072, -1.949164503482538 ], [ 110.259217972830072, -1.948984840425714 ], [ 110.259038309773246, -1.948984840425714 ], [ 110.259038309773246, -1.949164503482538 ] ] ] } },
{ "type": "Feature", "properties": { "count": 2, "label": 1, "cluster_id": 58 }, "geometry": { "type": "Polygon", "coordinates": [ [ [ 110.258858646716419, -1.950062818766657 ], [ 110.259217972830072, -1.950062818766657 ], [ 110.259217972830072, -1.949883155709833 ], [ 110.258858646716419, -1.949883155709833 ], [ 110.258858646716419, -1.950062818766657 ] ] ] } },
{ "type": "Feature", "properties": { "count": 2, "label": 1, "cluster_id": 58 }, "geometry": { "type": "Polygon", "coordinates": [ [ [ 110.258858646716419, -1.951320460164425 ], [ 110.259217972830072, -1.951320460164425 ], [ 110.259217972830072, -1.951140797107601 ], [ 110.258858646716419, -1.951140797107601 ], [ 110.258858646716419, -1.951320460164425 ] ] ] } },
{ "type": "Feature", "properties": { "count": 1, "label": 1, "cluster_id": 58 }, "geometry": { "type": "Polygon", "coordinates": [ [ [ 110.259038309773246, -1.951859449334896 ], [ 110.259217972830072, -1.951859449334896 ], [ 110.259217972830072, -1.951679786278072 ], [ 110.259038309773246, -1.951679786278072 ], [ 110.259038309773246, -1.951859449334896 ] ] ] } },
{ "type": "Feature", "properties": { "count": 1, "label": 1, "cluster_id": 58 }, "geometry": { "type": "Polygon", "coordinates": [ [ [ 110.259038309773246, -1.953296753789487 ], [ 110.259217972830072, -1.953296753789487 ], [ 110.259217972830072, -1.953117090732664 ], [ 110.259038309773246, -1.953117090732664 ], [ 110.259038309773246, -1.953296753789487 ] ] ] } },
{ "type": "Feature", "properties": { "count": 1, "label": 1, "cluster_id": 58 }, "geometry": { "type": "Polygon", "coordinates": [ [ [ 110.259038309773246, -1.959764623835148 ], [ 110.259217972830072, -1.959764623835148 ], [ 110.259217972830072, -1.959584960778324 ], [ 110.259038309773246, -1.959584960778324 ], [ 110.259038309773246, -1.959764623835148 ] ] ] } },
{ "type": "Feature", "properties": { "count": 1, "label": 1, "cluster_id": 58 }, "geometry": { "type": "Polygon", "coordinates": [ [ [ 110.259038309773246, -1.960123949948796 ], [ 110.259217972830072, -1.960123949948796 ], [ 110.259217972830072, -1.959944286891972 ], [ 110.259038309773246, -1.959944286891972 ], [ 110.259038309773246, -1.960123949948796 ] ] ] } },
{ "type": "Feature", "properties": { "count": 4, "label": 1, "cluster_id": 58 }, "geometry": { "type": "Polygon", "coordinates": [ [ [ 110.259038309773246, -1.965693504710337 ], [ 110.259038309773246, -1.966232493880809 ], [ 110.259397635886884, -1.966232493880809 ], [ 110.259397635886884, -1.966052830823985 ], [ 110.259217972830072, -1.966052830823985 ], [ 110.259217972830072, -1.965693504710337 ], [ 110.259038309773246, -1.965693504710337 ] ] ] } },
{ "type": "Feature", "properties": { "count": 14, "label": 1, "cluster_id": 58 }, "geometry": { "type": "Polygon", "coordinates": [ [ [ 110.259038309773246, -1.96677148305128 ], [ 110.259038309773246, -1.966951146108104 ], [ 110.258858646716419, -1.966951146108104 ], [ 110.258858646716419, -1.967310472221752 ], [ 110.258678983659593, -1.967310472221752 ], [ 110.258678983659593, -1.967490135278576 ], [ 110.258858646716419, -1.967490135278576 ], [ 110.258858646716419, -1.9676697983354 ], [ 110.259038309773246, -1.9676697983354 ], [ 110.259038309773246, -1.967849461392224 ], [ 110.259217972830072, -1.967849461392224 ], [ 110.259217972830072, -1.9676697983354 ], [ 110.259397635886884, -1.9676697983354 ], [ 110.259397635886884, -1.967130809164928 ], [ 110.259217972830072, -1.967130809164928 ], [ 110.259217972830072, -1.96677148305128 ], [ 110.259038309773246, -1.96677148305128 ] ] ] } },
{ "type": "Feature", "properties": { "count": 1, "label": 1, "cluster_id": 58 }, "geometry": { "type": "Polygon", "coordinates": [ [ [ 110.259038309773246, -1.974856320608356 ], [ 110.259217972830072, -1.974856320608356 ], [ 110.259217972830072, -1.974676657551532 ], [ 110.259038309773246, -1.974676657551532 ], [ 110.259038309773246, -1.974856320608356 ] ] ] } },
{ "type": "Feature", "properties": { "count": 3, "label": 1, "cluster_id": 58 }, "geometry": { "type": "Polygon", "coordinates": [ [ [ 110.259217972830072, -1.946649220687003 ], [ 110.259217972830072, -1.946828883743827 ], [ 110.259038309773246, -1.946828883743827 ], [ 110.259038309773246, -1.947008546800651 ], [ 110.259397635886884, -1.947008546800651 ], [ 110.259397635886884, -1.946649220687003 ], [ 110.259217972830072, -1.946649220687003 ] ] ] } },
{ "type": "Feature", "properties": { "count": 3, "label": 1, "cluster_id": 58 }, "geometry": { "type": "Polygon", "coordinates": [ [ [ 110.259038309773246, -1.948086525141594 ], [ 110.259038309773246, -1.948266188198418 ], [ 110.259217972830072, -1.948266188198418 ], [ 110.259217972830072, -1.948445851255242 ], [ 110.259397635886884, -1.948445851255242 ], [ 110.259397635886884, -1.948086525141594 ], [ 110.259038309773246, -1.948086525141594 ] ] ] } },
{ "type": "Feature", "properties": { "count": 1, "label": 1, "cluster_id": 58 }, "geometry": { "type": "Polygon", "coordinates": [ [ [ 110.259217972830072, -1.948984840425714 ], [ 110.259397635886884, -1.948984840425714 ], [ 110.259397635886884, -1.94880517736889 ], [ 110.259217972830072, -1.94880517736889 ], [ 110.259217972830072, -1.948984840425714 ] ] ] } },
{ "type": "Feature", "properties": { "count": 1, "label": 1, "cluster_id": 58 }, "geometry": { "type": "Polygon", "coordinates": [ [ [ 110.259217972830072, -1.950242481823481 ], [ 110.259397635886884, -1.950242481823481 ], [ 110.259397635886884, -1.950062818766657 ], [ 110.259217972830072, -1.950062818766657 ], [ 110.259217972830072, -1.950242481823481 ] ] ] } },
{ "type": "Feature", "properties": { "count": 1, "label": 1, "cluster_id": 58 }, "geometry": { "type": "Polygon", "coordinates": [ [ [ 110.259217972830072, -1.950781470993953 ], [ 110.259397635886884, -1.950781470993953 ], [ 110.259397635886884, -1.950601807937129 ], [ 110.259217972830072, -1.950601807937129 ], [ 110.259217972830072, -1.950781470993953 ] ] ] } },
{ "type": "Feature", "properties": { "count": 1, "label": 1, "cluster_id": 58 }, "geometry": { "type": "Polygon", "coordinates": [ [ [ 110.259217972830072, -1.951140797107601 ], [ 110.259397635886884, -1.951140797107601 ], [ 110.259397635886884, -1.950961134050777 ], [ 110.259217972830072, -1.950961134050777 ], [ 110.259217972830072, -1.951140797107601 ] ] ] } },
{ "type": "Feature", "properties": { "count": 2, "label": 1, "cluster_id": 58 }, "geometry": { "type": "Polygon", "coordinates": [ [ [ 110.259217972830072, -1.955632373528198 ], [ 110.259397635886884, -1.955632373528198 ], [ 110.259397635886884, -1.955273047414551 ], [ 110.259217972830072, -1.955273047414551 ], [ 110.259217972830072, -1.955632373528198 ] ] ] } },
{ "type": "Feature", "properties": { "count": 1, "label": 1, "cluster_id": 58 }, "geometry": { "type": "Polygon", "coordinates": [ [ [ 110.259217972830072, -1.955991699641846 ], [ 110.259397635886884, -1.955991699641846 ], [ 110.259397635886884, -1.955812036585022 ], [ 110.259217972830072, -1.955812036585022 ], [ 110.259217972830072, -1.955991699641846 ] ] ] } },
{ "type": "Feature", "properties": { "count": 4, "label": 1, "cluster_id": 58 }, "geometry": { "type": "Polygon", "coordinates": [ [ [ 110.259038309773246, -1.958506982437381 ], [ 110.259397635886884, -1.958506982437381 ], [ 110.259397635886884, -1.958147656323733 ], [ 110.259038309773246, -1.958147656323733 ], [ 110.259038309773246, -1.958506982437381 ] ] ] } },
{ "type": "Feature", "properties": { "count": 1, "label": 1, "cluster_id": 58 }, "geometry": { "type": "Polygon", "coordinates": [ [ [ 110.259217972830072, -1.968029124449048 ], [ 110.259397635886884, -1.968029124449048 ], [ 110.259397635886884, -1.967849461392224 ], [ 110.259217972830072, -1.967849461392224 ], [ 110.259217972830072, -1.968029124449048 ] ] ] } },
{ "type": "Feature", "properties": { "count": 1, "label": 1, "cluster_id": 58 }, "geometry": { "type": "Polygon", "coordinates": [ [ [ 110.259217972830072, -1.973059690040117 ], [ 110.259397635886884, -1.973059690040117 ], [ 110.259397635886884, -1.972880026983293 ], [ 110.259217972830072, -1.972880026983293 ], [ 110.259217972830072, -1.973059690040117 ] ] ] } },
{ "type": "Feature", "properties": { "count": 1, "label": 1, "cluster_id": 58 }, "geometry": { "type": "Polygon", "coordinates": [ [ [ 110.259217972830072, -1.97413766838106 ], [ 110.259397635886884, -1.97413766838106 ], [ 110.259397635886884, -1.973958005324236 ], [ 110.259217972830072, -1.973958005324236 ], [ 110.259217972830072, -1.97413766838106 ] ] ] } },
{ "type": "Feature", "properties": { "count": 3, "label": 1, "cluster_id": 58 }, "geometry": { "type": "Polygon", "coordinates": [ [ [ 110.258858646716419, -1.974496994494708 ], [ 110.259397635886884, -1.974496994494708 ], [ 110.259397635886884, -1.974317331437884 ], [ 110.258858646716419, -1.974317331437884 ], [ 110.258858646716419, -1.974496994494708 ] ] ] } },
{ "type": "Feature", "properties": { "count": 1, "label": 1, "cluster_id": 58 }, "geometry": { "type": "Polygon", "coordinates": [ [ [ 110.259397635886884, -1.945032253175588 ], [ 110.259577298943711, -1.945032253175588 ], [ 110.259577298943711, -1.944852590118764 ], [ 110.259397635886884, -1.944852590118764 ], [ 110.259397635886884, -1.945032253175588 ] ] ] } },
{ "type": "Feature", "properties": { "count": 1, "label": 1, "cluster_id": 58 }, "geometry": { "type": "Polygon", "coordinates": [ [ [ 110.259397635886884, -1.946649220687003 ], [ 110.259577298943711, -1.946649220687003 ], [ 110.259577298943711, -1.946469557630179 ], [ 110.259397635886884, -1.946469557630179 ], [ 110.259397635886884, -1.946649220687003 ] ] ] } },
{ "type": "Feature", "properties": { "count": 1, "label": 1, "cluster_id": 58 }, "geometry": { "type": "Polygon", "coordinates": [ [ [ 110.259397635886884, -1.949883155709833 ], [ 110.259577298943711, -1.949883155709833 ], [ 110.259577298943711, -1.949703492653009 ], [ 110.259397635886884, -1.949703492653009 ], [ 110.259397635886884, -1.949883155709833 ] ] ] } },
{ "type": "Feature", "properties": { "count": 1, "label": 1, "cluster_id": 58 }, "geometry": { "type": "Polygon", "coordinates": [ [ [ 110.259397635886884, -1.958686645494205 ], [ 110.259577298943711, -1.958686645494205 ], [ 110.259577298943711, -1.958506982437381 ], [ 110.259397635886884, -1.958506982437381 ], [ 110.259397635886884, -1.958686645494205 ] ] ] } },
{ "type": "Feature", "properties": { "count": 19, "label": 1, "cluster_id": 58 }, "geometry": { "type": "Polygon", "coordinates": [ [ [ 110.259397635886884, -1.960483276062444 ], [ 110.259397635886884, -1.960842602176091 ], [ 110.259217972830072, -1.960842602176091 ], [ 110.259217972830072, -1.961740917460211 ], [ 110.259756962000537, -1.961740917460211 ], [ 110.259756962000537, -1.960842602176091 ], [ 110.259936625057364, -1.960842602176091 ], [ 110.259936625057364, -1.960662939119268 ], [ 110.259577298943711, -1.960662939119268 ], [ 110.259577298943711, -1.960483276062444 ], [ 110.259397635886884, -1.960483276062444 ] ] ] } },
{ "type": "Feature", "properties": { "count": 1, "label": 1, "cluster_id": 58 }, "geometry": { "type": "Polygon", "coordinates": [ [ [ 110.259397635886884, -1.962998558857978 ], [ 110.259577298943711, -1.962998558857978 ], [ 110.259577298943711, -1.962818895801155 ], [ 110.259397635886884, -1.962818895801155 ], [ 110.259397635886884, -1.962998558857978 ] ] ] } },
{ "type": "Feature", "properties": { "count": 1, "label": 1, "cluster_id": 58 }, "geometry": { "type": "Polygon", "coordinates": [ [ [ 110.259397635886884, -1.973778342267413 ], [ 110.259577298943711, -1.973778342267413 ], [ 110.259577298943711, -1.973598679210589 ], [ 110.259397635886884, -1.973598679210589 ], [ 110.259397635886884, -1.973778342267413 ] ] ] } },
{ "type": "Feature", "properties": { "count": 1, "label": 1, "cluster_id": 58 }, "geometry": { "type": "Polygon", "coordinates": [ [ [ 110.259397635886884, -1.974856320608356 ], [ 110.259577298943711, -1.974856320608356 ], [ 110.259577298943711, -1.974676657551532 ], [ 110.259397635886884, -1.974676657551532 ], [ 110.259397635886884, -1.974856320608356 ] ] ] } },
{ "type": "Feature", "properties": { "count": 1, "label": 1, "cluster_id": 58 }, "geometry": { "type": "Polygon", "coordinates": [ [ [ 110.259397635886884, -1.976113962006123 ], [ 110.259577298943711, -1.976113962006123 ], [ 110.259577298943711, -1.975934298949299 ], [ 110.259397635886884, -1.975934298949299 ], [ 110.259397635886884, -1.976113962006123 ] ] ] } },
{ "type": "Feature", "properties": { "count": 1, "label": 1, "cluster_id": 58 }, "geometry": { "type": "Polygon", "coordinates": [ [ [ 110.259577298943711, -1.947547535971123 ], [ 110.259756962000537, -1.947547535971123 ], [ 110.259756962000537, -1.947367872914299 ], [ 110.259577298943711, -1.947367872914299 ], [ 110.259577298943711, -1.947547535971123 ] ] ] } },
{ "type": "Feature", "properties": { "count": 13, "label": 1, "cluster_id": 58 }, "geometry": { "type": "Polygon", "coordinates": [ [ [ 110.259577298943711, -1.950961134050777 ], [ 110.259577298943711, -1.951679786278072 ], [ 110.259397635886884, -1.951679786278072 ], [ 110.259397635886884, -1.95203911239172 ], [ 110.259038309773246, -1.95203911239172 ], [ 110.259038309773246, -1.952218775448544 ], [ 110.259397635886884, -1.952218775448544 ], [ 110.259397635886884, -1.952398438505368 ], [ 110.259756962000537, -1.952398438505368 ], [ 110.259756962000537, -1.95203911239172 ], [ 110.259577298943711, -1.95203911239172 ], [ 110.259577298943711, -1.951859449334896 ], [ 110.259756962000537, -1.951859449334896 ], [ 110.259756962000537, -1.950961134050777 ], [ 110.259577298943711, -1.950961134050777 ] ] ] } },
{ "type": "Feature", "properties": { "count": 1, "label": 1, "cluster_id": 58 }, "geometry": { "type": "Polygon", "coordinates": [ [ [ 110.259577298943711, -1.957429004096437 ], [ 110.259756962000537, -1.957429004096437 ], [ 110.259756962000537, -1.957249341039613 ], [ 110.259577298943711, -1.957249341039613 ], [ 110.259577298943711, -1.957429004096437 ] ] ] } },
{ "type": "Feature", "properties": { "count": 1, "label": 1, "cluster_id": 58 }, "geometry": { "type": "Polygon", "coordinates": [ [ [ 110.259577298943711, -1.964256200255746 ], [ 110.259756962000537, -1.964256200255746 ], [ 110.259756962000537, -1.964076537198922 ], [ 110.259577298943711, -1.964076537198922 ], [ 110.259577298943711, -1.964256200255746 ] ] ] } },
{ "type": "Feature", "properties": { "count": 20, "label": 1, "cluster_id": 58 }, "geometry": { "type": "Polygon", "coordinates": [ [ [ 110.259577298943711, -1.971263059471878 ], [ 110.259577298943711, -1.971442722528702 ], [ 110.259397635886884, -1.971442722528702 ], [ 110.259397635886884, -1.971622385585526 ], [ 110.259217972830072, -1.971622385585526 ], [ 110.259217972830072, -1.972341037812821 ], [ 110.259397635886884, -1.972341037812821 ], [ 110.259397635886884, -1.972161374755997 ], [ 110.259577298943711, -1.972161374755997 ], [ 110.259577298943711, -1.972341037812821 ], [ 110.259936625057364, -1.972341037812821 ], [ 110.259936625057364, -1.972161374755997 ], [ 110.26011628811419, -1.972161374755997 ], [ 110.26011628811419, -1.971981711699174 ], [ 110.259936625057364, -1.971981711699174 ], [ 110.259936625057364, -1.971442722528702 ], [ 110.259756962000537, -1.971442722528702 ], [ 110.259756962000537, -1.971263059471878 ], [ 110.259577298943711, -1.971263059471878 ] ] ] } },
{ "type": "Feature", "properties": { "count": 1, "label": 1, "cluster_id": 58 }, "geometry": { "type": "Polygon", "coordinates": [ [ [ 110.259577298943711, -1.97413766838106 ], [ 110.259756962000537, -1.97413766838106 ], [ 110.259756962000537, -1.973958005324236 ], [ 110.259577298943711, -1.973958005324236 ], [ 110.259577298943711, -1.97413766838106 ] ] ] } },
{ "type": "Feature", "properties": { "count": 5, "label": 1, "cluster_id": 58 }, "geometry": { "type": "Polygon", "coordinates": [ [ [ 110.259756962000537, -1.948086525141594 ], [ 110.259756962000537, -1.948266188198418 ], [ 110.259577298943711, -1.948266188198418 ], [ 110.259577298943711, -1.948445851255242 ], [ 110.259397635886884, -1.948445851255242 ], [ 110.259397635886884, -1.948625514312066 ], [ 110.259756962000537, -1.948625514312066 ], [ 110.259756962000537, -1.948445851255242 ], [ 110.259936625057364, -1.948445851255242 ], [ 110.259936625057364, -1.948086525141594 ], [ 110.259756962000537, -1.948086525141594 ] ] ] } },
{ "type": "Feature", "properties": { "count": 1, "label": 1, "cluster_id": 58 }, "geometry": { "type": "Polygon", "coordinates": [ [ [ 110.259756962000537, -1.949883155709833 ], [ 110.259936625057364, -1.949883155709833 ], [ 110.259936625057364, -1.949703492653009 ], [ 110.259756962000537, -1.949703492653009 ], [ 110.259756962000537, -1.949883155709833 ] ] ] } },
{ "type": "Feature", "properties": { "count": 3, "label": 1, "cluster_id": 58 }, "geometry": { "type": "Polygon", "coordinates": [ [ [ 110.259756962000537, -1.952398438505368 ], [ 110.259756962000537, -1.952578101562192 ], [ 110.259577298943711, -1.952578101562192 ], [ 110.259577298943711, -1.952757764619016 ], [ 110.259936625057364, -1.952757764619016 ], [ 110.259936625057364, -1.952398438505368 ], [ 110.259756962000537, -1.952398438505368 ] ] ] } },
{ "type": "Feature", "properties": { "count": 1, "label": 1, "cluster_id": 58 }, "geometry": { "type": "Polygon", "coordinates": [ [ [ 110.259756962000537, -1.957608667153261 ], [ 110.259936625057364, -1.957608667153261 ], [ 110.259936625057364, -1.957429004096437 ], [ 110.259756962000537, -1.957429004096437 ], [ 110.259756962000537, -1.957608667153261 ] ] ] } },
{ "type": "Feature", "properties": { "count": 1, "label": 1, "cluster_id": 58 }, "geometry": { "type": "Polygon", "coordinates": [ [ [ 110.259756962000537, -1.966591819994457 ], [ 110.259936625057364, -1.966591819994457 ], [ 110.259936625057364, -1.966412156937632 ], [ 110.259756962000537, -1.966412156937632 ], [ 110.259756962000537, -1.966591819994457 ] ] ] } },
{ "type": "Feature", "properties": { "count": 3, "label": 1, "cluster_id": 58 }, "geometry": { "type": "Polygon", "coordinates": [ [ [ 110.259756962000537, -1.973059690040117 ], [ 110.259936625057364, -1.973059690040117 ], [ 110.259936625057364, -1.972520700869645 ], [ 110.259756962000537, -1.972520700869645 ], [ 110.259756962000537, -1.973059690040117 ] ] ] } },
{ "type": "Feature", "properties": { "count": 1, "label": 1, "cluster_id": 58 }, "geometry": { "type": "Polygon", "coordinates": [ [ [ 110.259756962000537, -1.976113962006123 ], [ 110.259936625057364, -1.976113962006123 ], [ 110.259936625057364, -1.975934298949299 ], [ 110.259756962000537, -1.975934298949299 ], [ 110.259756962000537, -1.976113962006123 ] ] ] } },
{ "type": "Feature", "properties": { "count": 2, "label": 1, "cluster_id": 58 }, "geometry": { "type": "Polygon", "coordinates": [ [ [ 110.259756962000537, -1.945391579289236 ], [ 110.26011628811419, -1.945391579289236 ], [ 110.26011628811419, -1.945211916232412 ], [ 110.259756962000537, -1.945211916232412 ], [ 110.259756962000537, -1.945391579289236 ] ] ] } },
{ "type": "Feature", "properties": { "count": 1, "label": 1, "cluster_id": 58 }, "geometry": { "type": "Polygon", "coordinates": [ [ [ 110.259936625057364, -1.946289894573355 ], [ 110.26011628811419, -1.946289894573355 ], [ 110.26011628811419, -1.946110231516531 ], [ 110.259936625057364, -1.946110231516531 ], [ 110.259936625057364, -1.946289894573355 ] ] ] } },
{ "type": "Feature", "properties": { "count": 3, "label": 1, "cluster_id": 58 }, "geometry": { "type": "Polygon", "coordinates": [ [ [ 110.259936625057364, -1.948445851255242 ], [ 110.259936625057364, -1.948625514312066 ], [ 110.259756962000537, -1.948625514312066 ], [ 110.259756962000537, -1.94880517736889 ], [ 110.26011628811419, -1.94880517736889 ], [ 110.26011628811419, -1.948445851255242 ], [ 110.259936625057364, -1.948445851255242 ] ] ] } },
{ "type": "Feature", "properties": { "count": 2, "label": 1, "cluster_id": 58 }, "geometry": { "type": "Polygon", "coordinates": [ [ [ 110.259936625057364, -1.961561254403387 ], [ 110.26011628811419, -1.961561254403387 ], [ 110.26011628811419, -1.961201928289739 ], [ 110.259936625057364, -1.961201928289739 ], [ 110.259936625057364, -1.961561254403387 ] ] ] } },
{ "type": "Feature", "properties": { "count": 1, "label": 1, "cluster_id": 58 }, "geometry": { "type": "Polygon", "coordinates": [ [ [ 110.259936625057364, -1.964974852483041 ], [ 110.26011628811419, -1.964974852483041 ], [ 110.26011628811419, -1.964795189426217 ], [ 110.259936625057364, -1.964795189426217 ], [ 110.259936625057364, -1.964974852483041 ] ] ] } },
{ "type": "Feature", "properties": { "count": 1, "label": 1, "cluster_id": 58 }, "geometry": { "type": "Polygon", "coordinates": [ [ [ 110.259936625057364, -1.965693504710337 ], [ 110.26011628811419, -1.965693504710337 ], [ 110.26011628811419, -1.965513841653513 ], [ 110.259936625057364, -1.965513841653513 ], [ 110.259936625057364, -1.965693504710337 ] ] ] } },
{ "type": "Feature", "properties": { "count": 1, "label": 1, "cluster_id": 58 }, "geometry": { "type": "Polygon", "coordinates": [ [ [ 110.259936625057364, -1.974676657551532 ], [ 110.26011628811419, -1.974676657551532 ], [ 110.26011628811419, -1.974496994494708 ], [ 110.259936625057364, -1.974496994494708 ], [ 110.259936625057364, -1.974676657551532 ] ] ] } },
{ "type": "Feature", "properties": { "count": 4, "label": 1, "cluster_id": 58 }, "geometry": { "type": "Polygon", "coordinates": [ [ [ 110.259936625057364, -1.975574972835652 ], [ 110.26011628811419, -1.975574972835652 ], [ 110.26011628811419, -1.974856320608356 ], [ 110.259936625057364, -1.974856320608356 ], [ 110.259936625057364, -1.975574972835652 ] ] ] } },
{ "type": "Feature", "properties": { "count": 1, "label": 1, "cluster_id": 58 }, "geometry": { "type": "Polygon", "coordinates": [ [ [ 110.259936625057364, -1.977191940347067 ], [ 110.26011628811419, -1.977191940347067 ], [ 110.26011628811419, -1.977012277290243 ], [ 110.259936625057364, -1.977012277290243 ], [ 110.259936625057364, -1.977191940347067 ] ] ] } },
{ "type": "Feature", "properties": { "count": 3, "label": 1, "cluster_id": 58 }, "geometry": { "type": "Polygon", "coordinates": [ [ [ 110.26011628811419, -1.945391579289236 ], [ 110.26011628811419, -1.945750905402883 ], [ 110.260475614227829, -1.945750905402883 ], [ 110.260475614227829, -1.94557124234606 ], [ 110.260295951171017, -1.94557124234606 ], [ 110.260295951171017, -1.945391579289236 ], [ 110.26011628811419, -1.945391579289236 ] ] ] } },
{ "type": "Feature", "properties": { "count": 1, "label": 1, "cluster_id": 58 }, "geometry": { "type": "Polygon", "coordinates": [ [ [ 110.26011628811419, -1.951140797107601 ], [ 110.260295951171017, -1.951140797107601 ], [ 110.260295951171017, -1.950961134050777 ], [ 110.26011628811419, -1.950961134050777 ], [ 110.26011628811419, -1.951140797107601 ] ] ] } },
{ "type": "Feature", "properties": { "count": 2, "label": 1, "cluster_id": 58 }, "geometry": { "type": "Polygon", "coordinates": [ [ [ 110.259936625057364, -1.95203911239172 ], [ 110.260295951171017, -1.95203911239172 ], [ 110.260295951171017, -1.951859449334896 ], [ 110.259936625057364, -1.951859449334896 ], [ 110.259936625057364, -1.95203911239172 ] ] ] } },
{ "type": "Feature", "properties": { "count": 1, "label": 1, "cluster_id": 58 }, "geometry": { "type": "Polygon", "coordinates": [ [ [ 110.26011628811419, -1.952578101562192 ], [ 110.260295951171017, -1.952578101562192 ], [ 110.260295951171017, -1.952398438505368 ], [ 110.26011628811419, -1.952398438505368 ], [ 110.26011628811419, -1.952578101562192 ] ] ] } },
{ "type": "Feature", "properties": { "count": 101, "label": 1, "cluster_id": 58 }, "geometry": { "type": "Polygon", "coordinates": [ [ [ 110.26011628811419, -1.952757764619016 ], [ 110.26011628811419, -1.95293742767584 ], [ 110.259577298943711, -1.95293742767584 ], [ 110.259577298943711, -1.953117090732664 ], [ 110.26011628811419, -1.953117090732664 ], [ 110.26011628811419, -1.953296753789487 ], [ 110.259756962000537, -1.953296753789487 ], [ 110.259756962000537, -1.953656079903135 ], [ 110.259577298943711, -1.953656079903135 ], [ 110.259577298943711, -1.953296753789487 ], [ 110.259397635886884, -1.953296753789487 ], [ 110.259397635886884, -1.953476416846311 ], [ 110.259038309773246, -1.953476416846311 ], [ 110.259038309773246, -1.953656079903135 ], [ 110.259217972830072, -1.953656079903135 ], [ 110.259217972830072, -1.954015406016783 ], [ 110.259038309773246, -1.954015406016783 ], [ 110.259038309773246, -1.954195069073607 ], [ 110.258858646716419, -1.954195069073607 ], [ 110.258858646716419, -1.954734058244079 ], [ 110.258678983659593, -1.954734058244079 ], [ 110.258678983659593, -1.954913721300903 ], [ 110.258858646716419, -1.954913721300903 ], [ 110.258858646716419, -1.955093384357727 ], [ 110.259397635886884, -1.955093384357727 ], [ 110.259397635886884, -1.955273047414551 ], [ 110.259577298943711, -1.955273047414551 ], [ 110.259577298943711, -1.955632373528198 ], [ 110.259756962000537, -1.955632373528198 ], [ 110.259756962000537, -1.955273047414551 ], [ 110.259936625057364, -1.955273047414551 ], [ 110.259936625057364, -1.955632373528198 ], [ 110.26011628811419, -1.955632373528198 ], [ 110.26011628811419, -1.95617136269867 ], [ 110.260475614227829, -1.95617136269867 ], [ 110.260475614227829, -1.955812036585022 ], [ 110.261014603398309, -1.955812036585022 ], [ 110.261014603398309, -1.955452710471374 ], [ 110.260834940341482, -1.955452710471374 ], [ 110.260834940341482, -1.955273047414551 ], [ 110.260655277284656, -1.955273047414551 ], [ 110.260655277284656, -1.954913721300903 ], [ 110.260295951171017, -1.954913721300903 ], [ 110.260295951171017, -1.955273047414551 ], [ 110.26011628811419, -1.955273047414551 ], [ 110.26011628811419, -1.955093384357727 ], [ 110.259756962000537, -1.955093384357727 ], [ 110.259756962000537, -1.954554395187255 ], [ 110.259936625057364, -1.954554395187255 ], [ 110.259936625057364, -1.954913721300903 ], [ 110.26011628811419, -1.954913721300903 ], [ 110.26011628811419, -1.954734058244079 ], [ 110.260475614227829, -1.954734058244079 ], [ 110.260475614227829, -1.954554395187255 ], [ 110.260655277284656, -1.954554395187255 ], [ 110.260655277284656, -1.954195069073607 ], [ 110.260475614227829, -1.954195069073607 ], [ 110.260475614227829, -1.953835742959959 ], [ 110.260295951171017, -1.953835742959959 ], [ 110.260295951171017, -1.954015406016783 ], [ 110.26011628811419, -1.954015406016783 ], [ 110.26011628811419, -1.953656079903135 ], [ 110.259936625057364, -1.953656079903135 ], [ 110.259936625057364, -1.953476416846311 ], [ 110.260475614227829, -1.953476416846311 ], [ 110.260475614227829, -1.953296753789487 ], [ 110.260655277284656, -1.953296753789487 ], [ 110.260655277284656, -1.953117090732664 ], [ 110.260295951171017, -1.953117090732664 ], [ 110.260295951171017, -1.952757764619016 ], [ 110.26011628811419, -1.952757764619016 ] ], [ [ 110.259217972830072, -1.954374732130431 ], [ 110.259038309773246, -1.954374732130431 ], [ 110.259038309773246, -1.954734058244079 ], [ 110.259217972830072, -1.954734058244079 ], [ 110.259217972830072, -1.954913721300903 ], [ 110.259577298943711, -1.954913721300903 ], [ 110.259577298943711, -1.954734058244079 ], [ 110.259217972830072, -1.954734058244079 ], [ 110.259217972830072, -1.954374732130431 ] ], [ [ 110.259936625057364, -1.954015406016783 ], [ 110.259756962000537, -1.954015406016783 ], [ 110.259756962000537, -1.954195069073607 ], [ 110.259936625057364, -1.954195069073607 ], [ 110.259936625057364, -1.954015406016783 ] ] ] } },
{ "type": "Feature", "properties": { "count": 4, "label": 1, "cluster_id": 58 }, "geometry": { "type": "Polygon", "coordinates": [ [ [ 110.26011628811419, -1.960483276062444 ], [ 110.260295951171017, -1.960483276062444 ], [ 110.260295951171017, -1.959764623835148 ], [ 110.26011628811419, -1.959764623835148 ], [ 110.26011628811419, -1.960483276062444 ] ] ] } },
{ "type": "Feature", "properties": { "count": 1, "label": 1, "cluster_id": 58 }, "geometry": { "type": "Polygon", "coordinates": [ [ [ 110.26011628811419, -1.971981711699174 ], [ 110.260295951171017, -1.971981711699174 ], [ 110.260295951171017, -1.97180204864235 ], [ 110.26011628811419, -1.97180204864235 ], [ 110.26011628811419, -1.971981711699174 ] ] ] } },
{ "type": "Feature", "properties": { "count": 3, "label": 1, "cluster_id": 58 }, "geometry": { "type": "Polygon", "coordinates": [ [ [ 110.26011628811419, -1.976652951176595 ], [ 110.260295951171017, -1.976652951176595 ], [ 110.260295951171017, -1.976113962006123 ], [ 110.26011628811419, -1.976113962006123 ], [ 110.26011628811419, -1.976652951176595 ] ] ] } },
{ "type": "Feature", "properties": { "count": 1, "label": 1, "cluster_id": 58 }, "geometry": { "type": "Polygon", "coordinates": [ [ [ 110.26011628811419, -1.977730929517538 ], [ 110.260295951171017, -1.977730929517538 ], [ 110.260295951171017, -1.977551266460715 ], [ 110.26011628811419, -1.977551266460715 ], [ 110.26011628811419, -1.977730929517538 ] ] ] } },
{ "type": "Feature", "properties": { "count": 1, "label": 1, "cluster_id": 58 }, "geometry": { "type": "Polygon", "coordinates": [ [ [ 110.260295951171017, -1.946110231516531 ], [ 110.260475614227829, -1.946110231516531 ], [ 110.260475614227829, -1.945930568459707 ], [ 110.260295951171017, -1.945930568459707 ], [ 110.260295951171017, -1.946110231516531 ] ] ] } },
{ "type": "Feature", "properties": { "count": 1, "label": 1, "cluster_id": 58 }, "geometry": { "type": "Polygon", "coordinates": [ [ [ 110.260295951171017, -1.956710351869142 ], [ 110.260475614227829, -1.956710351869142 ], [ 110.260475614227829, -1.956530688812318 ], [ 110.260295951171017, -1.956530688812318 ], [ 110.260295951171017, -1.956710351869142 ] ] ] } },
{ "type": "Feature", "properties": { "count": 1, "label": 1, "cluster_id": 58 }, "geometry": { "type": "Polygon", "coordinates": [ [ [ 110.260295951171017, -1.964076537198922 ], [ 110.260475614227829, -1.964076537198922 ], [ 110.260475614227829, -1.963896874142098 ], [ 110.260295951171017, -1.963896874142098 ], [ 110.260295951171017, -1.964076537198922 ] ] ] } },
{ "type": "Feature", "properties": { "count": 1, "label": 1, "cluster_id": 58 }, "geometry": { "type": "Polygon", "coordinates": [ [ [ 110.260295951171017, -1.972880026983293 ], [ 110.260475614227829, -1.972880026983293 ], [ 110.260475614227829, -1.972700363926469 ], [ 110.260295951171017, -1.972700363926469 ], [ 110.260295951171017, -1.972880026983293 ] ] ] } },
{ "type": "Feature", "properties": { "count": 1, "label": 1, "cluster_id": 58 }, "geometry": { "type": "Polygon", "coordinates": [ [ [ 110.260295951171017, -1.974317331437884 ], [ 110.260475614227829, -1.974317331437884 ], [ 110.260475614227829, -1.97413766838106 ], [ 110.260295951171017, -1.97413766838106 ], [ 110.260295951171017, -1.974317331437884 ] ] ] } },
{ "type": "Feature", "properties": { "count": 1, "label": 1, "cluster_id": 58 }, "geometry": { "type": "Polygon", "coordinates": [ [ [ 110.260295951171017, -1.974856320608356 ], [ 110.260475614227829, -1.974856320608356 ], [ 110.260475614227829, -1.974676657551532 ], [ 110.260295951171017, -1.974676657551532 ], [ 110.260295951171017, -1.974856320608356 ] ] ] } },
{ "type": "Feature", "properties": { "count": 1, "label": 1, "cluster_id": 58 }, "geometry": { "type": "Polygon", "coordinates": [ [ [ 110.260295951171017, -1.975395309778828 ], [ 110.260475614227829, -1.975395309778828 ], [ 110.260475614227829, -1.975215646722004 ], [ 110.260295951171017, -1.975215646722004 ], [ 110.260295951171017, -1.975395309778828 ] ] ] } },
{ "type": "Feature", "properties": { "count": 1, "label": 1, "cluster_id": 58 }, "geometry": { "type": "Polygon", "coordinates": [ [ [ 110.260295951171017, -1.977910592574362 ], [ 110.260475614227829, -1.977910592574362 ], [ 110.260475614227829, -1.977730929517538 ], [ 110.260295951171017, -1.977730929517538 ], [ 110.260295951171017, -1.977910592574362 ] ] ] } },
{ "type": "Feature", "properties": { "count": 1, "label": 1, "cluster_id": 58 }, "geometry": { "type": "Polygon", "coordinates": [ [ [ 110.260475614227829, -1.94790686208477 ], [ 110.260655277284656, -1.94790686208477 ], [ 110.260655277284656, -1.947727199027947 ], [ 110.260475614227829, -1.947727199027947 ], [ 110.260475614227829, -1.94790686208477 ] ] ] } },
{ "type": "Feature", "properties": { "count": 1, "label": 1, "cluster_id": 58 }, "geometry": { "type": "Polygon", "coordinates": [ [ [ 110.260475614227829, -1.951500123221249 ], [ 110.260655277284656, -1.951500123221249 ], [ 110.260655277284656, -1.951320460164425 ], [ 110.260475614227829, -1.951320460164425 ], [ 110.260475614227829, -1.951500123221249 ] ] ] } },
{ "type": "Feature", "properties": { "count": 1, "label": 1, "cluster_id": 58 }, "geometry": { "type": "Polygon", "coordinates": [ [ [ 110.260475614227829, -1.956351025755494 ], [ 110.260655277284656, -1.956351025755494 ], [ 110.260655277284656, -1.95617136269867 ], [ 110.260475614227829, -1.95617136269867 ], [ 110.260475614227829, -1.956351025755494 ] ] ] } },
{ "type": "Feature", "properties": { "count": 1, "label": 1, "cluster_id": 58 }, "geometry": { "type": "Polygon", "coordinates": [ [ [ 110.260475614227829, -1.957788330210085 ], [ 110.260655277284656, -1.957788330210085 ], [ 110.260655277284656, -1.957608667153261 ], [ 110.260475614227829, -1.957608667153261 ], [ 110.260475614227829, -1.957788330210085 ] ] ] } },
{ "type": "Feature", "properties": { "count": 1, "label": 1, "cluster_id": 58 }, "geometry": { "type": "Polygon", "coordinates": [ [ [ 110.260475614227829, -1.958866308551029 ], [ 110.260655277284656, -1.958866308551029 ], [ 110.260655277284656, -1.958686645494205 ], [ 110.260475614227829, -1.958686645494205 ], [ 110.260475614227829, -1.958866308551029 ] ] ] } },
{ "type": "Feature", "properties": { "count": 2, "label": 1, "cluster_id": 58 }, "geometry": { "type": "Polygon", "coordinates": [ [ [ 110.260475614227829, -1.96030361300562 ], [ 110.260655277284656, -1.96030361300562 ], [ 110.260655277284656, -1.959944286891972 ], [ 110.260475614227829, -1.959944286891972 ], [ 110.260475614227829, -1.96030361300562 ] ] ] } },
{ "type": "Feature", "properties": { "count": 1, "label": 1, "cluster_id": 58 }, "geometry": { "type": "Polygon", "coordinates": [ [ [ 110.260475614227829, -1.963717211085274 ], [ 110.260655277284656, -1.963717211085274 ], [ 110.260655277284656, -1.96353754802845 ], [ 110.260475614227829, -1.96353754802845 ], [ 110.260475614227829, -1.963717211085274 ] ] ] } },
{ "type": "Feature", "properties": { "count": 1, "label": 1, "cluster_id": 58 }, "geometry": { "type": "Polygon", "coordinates": [ [ [ 110.260475614227829, -1.965154515539865 ], [ 110.260655277284656, -1.965154515539865 ], [ 110.260655277284656, -1.964974852483041 ], [ 110.260475614227829, -1.964974852483041 ], [ 110.260475614227829, -1.965154515539865 ] ] ] } },
{ "type": "Feature", "properties": { "count": 3, "label": 1, "cluster_id": 58 }, "geometry": { "type": "Polygon", "coordinates": [ [ [ 110.260295951171017, -1.965513841653513 ], [ 110.260295951171017, -1.965873167767161 ], [ 110.260475614227829, -1.965873167767161 ], [ 110.260475614227829, -1.965693504710337 ], [ 110.260655277284656, -1.965693504710337 ], [ 110.260655277284656, -1.965513841653513 ], [ 110.260295951171017, -1.965513841653513 ] ] ] } },
{ "type": "Feature", "properties": { "count": 1, "label": 1, "cluster_id": 58 }, "geometry": { "type": "Polygon", "coordinates": [ [ [ 110.260475614227829, -1.971442722528702 ], [ 110.260655277284656, -1.971442722528702 ], [ 110.260655277284656, -1.971263059471878 ], [ 110.260475614227829, -1.971263059471878 ], [ 110.260475614227829, -1.971442722528702 ] ] ] } },
{ "type": "Feature", "properties": { "count": 1, "label": 1, "cluster_id": 58 }, "geometry": { "type": "Polygon", "coordinates": [ [ [ 110.260475614227829, -1.973598679210589 ], [ 110.260655277284656, -1.973598679210589 ], [ 110.260655277284656, -1.973419016153765 ], [ 110.260475614227829, -1.973419016153765 ], [ 110.260475614227829, -1.973598679210589 ] ] ] } },
{ "type": "Feature", "properties": { "count": 9, "label": 1, "cluster_id": 58 }, "geometry": { "type": "Polygon", "coordinates": [ [ [ 110.260475614227829, -1.942516970380053 ], [ 110.260475614227829, -1.942696633436877 ], [ 110.260655277284656, -1.942696633436877 ], [ 110.260655277284656, -1.942876296493701 ], [ 110.260475614227829, -1.942876296493701 ], [ 110.260475614227829, -1.943415285664173 ], [ 110.260655277284656, -1.943415285664173 ], [ 110.260655277284656, -1.943594948720997 ], [ 110.260834940341482, -1.943594948720997 ], [ 110.260834940341482, -1.943235622607349 ], [ 110.260655277284656, -1.943235622607349 ], [ 110.260655277284656, -1.943055959550525 ], [ 110.260834940341482, -1.943055959550525 ], [ 110.260834940341482, -1.942516970380053 ], [ 110.260475614227829, -1.942516970380053 ] ] ] } },
{ "type": "Feature", "properties": { "count": 1, "label": 1, "cluster_id": 58 }, "geometry": { "type": "Polygon", "coordinates": [ [ [ 110.260655277284656, -1.946649220687003 ], [ 110.260834940341482, -1.946649220687003 ], [ 110.260834940341482, -1.946469557630179 ], [ 110.260655277284656, -1.946469557630179 ], [ 110.260655277284656, -1.946649220687003 ] ] ] } },
{ "type": "Feature", "properties": { "count": 1, "label": 1, "cluster_id": 58 }, "geometry": { "type": "Polygon", "coordinates": [ [ [ 110.260655277284656, -1.956710351869142 ], [ 110.260834940341482, -1.956710351869142 ], [ 110.260834940341482, -1.956530688812318 ], [ 110.260655277284656, -1.956530688812318 ], [ 110.260655277284656, -1.956710351869142 ] ] ] } },
{ "type": "Feature", "properties": { "count": 2, "label": 1, "cluster_id": 58 }, "geometry": { "type": "Polygon", "coordinates": [ [ [ 110.260475614227829, -1.962818895801155 ], [ 110.260834940341482, -1.962818895801155 ], [ 110.260834940341482, -1.96263923274433 ], [ 110.260475614227829, -1.96263923274433 ], [ 110.260475614227829, -1.962818895801155 ] ] ] } },
{ "type": "Feature", "properties": { "count": 1, "label": 1, "cluster_id": 58 }, "geometry": { "type": "Polygon", "coordinates": [ [ [ 110.260655277284656, -1.966951146108104 ], [ 110.260834940341482, -1.966951146108104 ], [ 110.260834940341482, -1.96677148305128 ], [ 110.260655277284656, -1.96677148305128 ], [ 110.260655277284656, -1.966951146108104 ] ] ] } },
{ "type": "Feature", "properties": { "count": 1, "label": 1, "cluster_id": 58 }, "geometry": { "type": "Polygon", "coordinates": [ [ [ 110.260655277284656, -1.970544407244582 ], [ 110.260834940341482, -1.970544407244582 ], [ 110.260834940341482, -1.970364744187758 ], [ 110.260655277284656, -1.970364744187758 ], [ 110.260655277284656, -1.970544407244582 ] ] ] } },
{ "type": "Feature", "properties": { "count": 2, "label": 1, "cluster_id": 58 }, "geometry": { "type": "Polygon", "coordinates": [ [ [ 110.260655277284656, -1.97413766838106 ], [ 110.260834940341482, -1.97413766838106 ], [ 110.260834940341482, -1.973778342267413 ], [ 110.260655277284656, -1.973778342267413 ], [ 110.260655277284656, -1.97413766838106 ] ] ] } },
{ "type": "Feature", "properties": { "count": 1, "label": 1, "cluster_id": 58 }, "geometry": { "type": "Polygon", "coordinates": [ [ [ 110.260834940341482, -1.944493264005116 ], [ 110.261014603398309, -1.944493264005116 ], [ 110.261014603398309, -1.944313600948292 ], [ 110.260834940341482, -1.944313600948292 ], [ 110.260834940341482, -1.944493264005116 ] ] ] } },
{ "type": "Feature", "properties": { "count": 1, "label": 1, "cluster_id": 58 }, "geometry": { "type": "Polygon", "coordinates": [ [ [ 110.260834940341482, -1.949883155709833 ], [ 110.261014603398309, -1.949883155709833 ], [ 110.261014603398309, -1.949703492653009 ], [ 110.260834940341482, -1.949703492653009 ], [ 110.260834940341482, -1.949883155709833 ] ] ] } },
{ "type": "Feature", "properties": { "count": 1, "label": 1, "cluster_id": 58 }, "geometry": { "type": "Polygon", "coordinates": [ [ [ 110.260834940341482, -1.96353754802845 ], [ 110.261014603398309, -1.96353754802845 ], [ 110.261014603398309, -1.963357884971626 ], [ 110.260834940341482, -1.963357884971626 ], [ 110.260834940341482, -1.96353754802845 ] ] ] } },
{ "type": "Feature", "properties": { "count": 1, "label": 1, "cluster_id": 58 }, "geometry": { "type": "Polygon", "coordinates": [ [ [ 110.260834940341482, -1.965334178596689 ], [ 110.261014603398309, -1.965334178596689 ], [ 110.261014603398309, -1.965154515539865 ], [ 110.260834940341482, -1.965154515539865 ], [ 110.260834940341482, -1.965334178596689 ] ] ] } },
{ "type": "Feature", "properties": { "count": 1, "label": 1, "cluster_id": 58 }, "geometry": { "type": "Polygon", "coordinates": [ [ [ 110.260834940341482, -1.974676657551532 ], [ 110.261014603398309, -1.974676657551532 ], [ 110.261014603398309, -1.974496994494708 ], [ 110.260834940341482, -1.974496994494708 ], [ 110.260834940341482, -1.974676657551532 ] ] ] } },
{ "type": "Feature", "properties": { "count": 1, "label": 1, "cluster_id": 58 }, "geometry": { "type": "Polygon", "coordinates": [ [ [ 110.261014603398309, -1.949703492653009 ], [ 110.261194266455135, -1.949703492653009 ], [ 110.261194266455135, -1.949523829596185 ], [ 110.261014603398309, -1.949523829596185 ], [ 110.261014603398309, -1.949703492653009 ] ] ] } },
{ "type": "Feature", "properties": { "count": 1, "label": 1, "cluster_id": 58 }, "geometry": { "type": "Polygon", "coordinates": [ [ [ 110.261014603398309, -1.952398438505368 ], [ 110.261194266455135, -1.952398438505368 ], [ 110.261194266455135, -1.952218775448544 ], [ 110.261014603398309, -1.952218775448544 ], [ 110.261014603398309, -1.952398438505368 ] ] ] } },
{ "type": "Feature", "properties": { "count": 1, "label": 1, "cluster_id": 58 }, "geometry": { "type": "Polygon", "coordinates": [ [ [ 110.261014603398309, -1.954015406016783 ], [ 110.261194266455135, -1.954015406016783 ], [ 110.261194266455135, -1.953835742959959 ], [ 110.261014603398309, -1.953835742959959 ], [ 110.261014603398309, -1.954015406016783 ] ] ] } },
{ "type": "Feature", "properties": { "count": 1, "label": 1, "cluster_id": 58 }, "geometry": { "type": "Polygon", "coordinates": [ [ [ 110.261014603398309, -1.956351025755494 ], [ 110.261194266455135, -1.956351025755494 ], [ 110.261194266455135, -1.95617136269867 ], [ 110.261014603398309, -1.95617136269867 ], [ 110.261014603398309, -1.956351025755494 ] ] ] } },
{ "type": "Feature", "properties": { "count": 1, "label": 1, "cluster_id": 58 }, "geometry": { "type": "Polygon", "coordinates": [ [ [ 110.261014603398309, -1.956890014925966 ], [ 110.261194266455135, -1.956890014925966 ], [ 110.261194266455135, -1.956710351869142 ], [ 110.261014603398309, -1.956710351869142 ], [ 110.261014603398309, -1.956890014925966 ] ] ] } },
{ "type": "Feature", "properties": { "count": 1, "label": 1, "cluster_id": 58 }, "geometry": { "type": "Polygon", "coordinates": [ [ [ 110.261014603398309, -1.970544407244582 ], [ 110.261194266455135, -1.970544407244582 ], [ 110.261194266455135, -1.970364744187758 ], [ 110.261014603398309, -1.970364744187758 ], [ 110.261014603398309, -1.970544407244582 ] ] ] } },
{ "type": "Feature", "properties": { "count": 1, "label": 1, "cluster_id": 58 }, "geometry": { "type": "Polygon", "coordinates": [ [ [ 110.261014603398309, -1.974317331437884 ], [ 110.261194266455135, -1.974317331437884 ], [ 110.261194266455135, -1.97413766838106 ], [ 110.261014603398309, -1.97413766838106 ], [ 110.261014603398309, -1.974317331437884 ] ] ] } },
{ "type": "Feature", "properties": { "count": 21, "label": 1, "cluster_id": 58 }, "geometry": { "type": "Polygon", "coordinates": [ [ [ 110.261014603398309, -1.977551266460715 ], [ 110.261014603398309, -1.977730929517538 ], [ 110.260655277284656, -1.977730929517538 ], [ 110.260655277284656, -1.977910592574362 ], [ 110.260475614227829, -1.977910592574362 ], [ 110.260475614227829, -1.978449581744834 ], [ 110.260834940341482, -1.978449581744834 ], [ 110.260834940341482, -1.978629244801658 ], [ 110.261553592568774, -1.978629244801658 ], [ 110.261553592568774, -1.97826991868801 ], [ 110.261194266455135, -1.97826991868801 ], [ 110.261194266455135, -1.978090255631186 ], [ 110.261014603398309, -1.978090255631186 ], [ 110.261014603398309, -1.977910592574362 ], [ 110.261194266455135, -1.977910592574362 ], [ 110.261194266455135, -1.977551266460715 ], [ 110.261014603398309, -1.977551266460715 ] ] ] } },
{ "type": "Feature", "properties": { "count": 1, "label": 1, "cluster_id": 58 }, "geometry": { "type": "Polygon", "coordinates": [ [ [ 110.261194266455135, -1.945750905402883 ], [ 110.261373929511947, -1.945750905402883 ], [ 110.261373929511947, -1.94557124234606 ], [ 110.261194266455135, -1.94557124234606 ], [ 110.261194266455135, -1.945750905402883 ] ] ] } },
{ "type": "Feature", "properties": { "count": 1, "label": 1, "cluster_id": 58 }, "geometry": { "type": "Polygon", "coordinates": [ [ [ 110.261194266455135, -1.951140797107601 ], [ 110.261373929511947, -1.951140797107601 ], [ 110.261373929511947, -1.950961134050777 ], [ 110.261194266455135, -1.950961134050777 ], [ 110.261194266455135, -1.951140797107601 ] ] ] } },
{ "type": "Feature", "properties": { "count": 2, "label": 1, "cluster_id": 58 }, "geometry": { "type": "Polygon", "coordinates": [ [ [ 110.261194266455135, -1.951679786278072 ], [ 110.261373929511947, -1.951679786278072 ], [ 110.261373929511947, -1.951320460164425 ], [ 110.261194266455135, -1.951320460164425 ], [ 110.261194266455135, -1.951679786278072 ] ] ] } },
{ "type": "Feature", "properties": { "count": 4, "label": 1, "cluster_id": 58 }, "geometry": { "type": "Polygon", "coordinates": [ [ [ 110.261014603398309, -1.954374732130431 ], [ 110.261014603398309, -1.954554395187255 ], [ 110.260834940341482, -1.954554395187255 ], [ 110.260834940341482, -1.954734058244079 ], [ 110.261194266455135, -1.954734058244079 ], [ 110.261194266455135, -1.954554395187255 ], [ 110.261373929511947, -1.954554395187255 ], [ 110.261373929511947, -1.954374732130431 ], [ 110.261014603398309, -1.954374732130431 ] ] ] } },
{ "type": "Feature", "properties": { "count": 1, "label": 1, "cluster_id": 58 }, "geometry": { "type": "Polygon", "coordinates": [ [ [ 110.261194266455135, -1.955452710471374 ], [ 110.261373929511947, -1.955452710471374 ], [ 110.261373929511947, -1.955273047414551 ], [ 110.261194266455135, -1.955273047414551 ], [ 110.261194266455135, -1.955452710471374 ] ] ] } },
{ "type": "Feature", "properties": { "count": 2, "label": 1, "cluster_id": 58 }, "geometry": { "type": "Polygon", "coordinates": [ [ [ 110.261194266455135, -1.957249341039613 ], [ 110.261373929511947, -1.957249341039613 ], [ 110.261373929511947, -1.956890014925966 ], [ 110.261194266455135, -1.956890014925966 ], [ 110.261194266455135, -1.957249341039613 ] ] ] } },
{ "type": "Feature", "properties": { "count": 2, "label": 1, "cluster_id": 58 }, "geometry": { "type": "Polygon", "coordinates": [ [ [ 110.261014603398309, -1.957608667153261 ], [ 110.261373929511947, -1.957608667153261 ], [ 110.261373929511947, -1.957429004096437 ], [ 110.261014603398309, -1.957429004096437 ], [ 110.261014603398309, -1.957608667153261 ] ] ] } },
{ "type": "Feature", "properties": { "count": 17, "label": 1, "cluster_id": 58 }, "geometry": { "type": "Polygon", "coordinates": [ [ [ 110.261194266455135, -1.957967993266909 ], [ 110.261194266455135, -1.958327319380557 ], [ 110.261014603398309, -1.958327319380557 ], [ 110.261014603398309, -1.958866308551029 ], [ 110.260834940341482, -1.958866308551029 ], [ 110.260834940341482, -1.959045971607853 ], [ 110.261014603398309, -1.959045971607853 ], [ 110.261014603398309, -1.9594052977215 ], [ 110.261553592568774, -1.9594052977215 ], [ 110.261553592568774, -1.958866308551029 ], [ 110.261373929511947, -1.958866308551029 ], [ 110.261373929511947, -1.958686645494205 ], [ 110.261194266455135, -1.958686645494205 ], [ 110.261194266455135, -1.958506982437381 ], [ 110.261373929511947, -1.958506982437381 ], [ 110.261373929511947, -1.957967993266909 ], [ 110.261194266455135, -1.957967993266909 ] ] ] } },
{ "type": "Feature", "properties": { "count": 1, "label": 1, "cluster_id": 58 }, "geometry": { "type": "Polygon", "coordinates": [ [ [ 110.261194266455135, -1.961381591346563 ], [ 110.261373929511947, -1.961381591346563 ], [ 110.261373929511947, -1.961201928289739 ], [ 110.261194266455135, -1.961201928289739 ], [ 110.261194266455135, -1.961381591346563 ] ] ] } },
{ "type": "Feature", "properties": { "count": 21, "label": 1, "cluster_id": 58 }, "geometry": { "type": "Polygon", "coordinates": [ [ [ 110.261014603398309, -1.964076537198922 ], [ 110.261014603398309, -1.964256200255746 ], [ 110.260834940341482, -1.964256200255746 ], [ 110.260834940341482, -1.96443586331257 ], [ 110.260655277284656, -1.96443586331257 ], [ 110.260655277284656, -1.964795189426217 ], [ 110.260834940341482, -1.964795189426217 ], [ 110.260834940341482, -1.964974852483041 ], [ 110.261373929511947, -1.964974852483041 ], [ 110.261373929511947, -1.965154515539865 ], [ 110.261553592568774, -1.965154515539865 ], [ 110.261553592568774, -1.964256200255746 ], [ 110.261373929511947, -1.964256200255746 ], [ 110.261373929511947, -1.964076537198922 ], [ 110.261014603398309, -1.964076537198922 ] ] ] } },
{ "type": "Feature", "properties": { "count": 1, "label": 1, "cluster_id": 58 }, "geometry": { "type": "Polygon", "coordinates": [ [ [ 110.261194266455135, -1.971981711699174 ], [ 110.261373929511947, -1.971981711699174 ], [ 110.261373929511947, -1.97180204864235 ], [ 110.261194266455135, -1.97180204864235 ], [ 110.261194266455135, -1.971981711699174 ] ] ] } },
{ "type": "Feature", "properties": { "count": 1, "label": 1, "cluster_id": 58 }, "geometry": { "type": "Polygon", "coordinates": [ [ [ 110.261194266455135, -1.976113962006123 ], [ 110.261373929511947, -1.976113962006123 ], [ 110.261373929511947, -1.975934298949299 ], [ 110.261194266455135, -1.975934298949299 ], [ 110.261194266455135, -1.976113962006123 ] ] ] } },
{ "type": "Feature", "properties": { "count": 2, "label": 1, "cluster_id": 58 }, "geometry": { "type": "Polygon", "coordinates": [ [ [ 110.261194266455135, -1.946649220687003 ], [ 110.261553592568774, -1.946649220687003 ], [ 110.261553592568774, -1.946469557630179 ], [ 110.261194266455135, -1.946469557630179 ], [ 110.261194266455135, -1.946649220687003 ] ] ] } },
{ "type": "Feature", "properties": { "count": 1, "label": 1, "cluster_id": 58 }, "geometry": { "type": "Polygon", "coordinates": [ [ [ 110.261373929511947, -1.948984840425714 ], [ 110.261553592568774, -1.948984840425714 ], [ 110.261553592568774, -1.94880517736889 ], [ 110.261373929511947, -1.94880517736889 ], [ 110.261373929511947, -1.948984840425714 ] ] ] } },
{ "type": "Feature", "properties": { "count": 1, "label": 1, "cluster_id": 58 }, "geometry": { "type": "Polygon", "coordinates": [ [ [ 110.261373929511947, -1.953476416846311 ], [ 110.261553592568774, -1.953476416846311 ], [ 110.261553592568774, -1.953296753789487 ], [ 110.261373929511947, -1.953296753789487 ], [ 110.261373929511947, -1.953476416846311 ] ] ] } },
{ "type": "Feature", "properties": { "count": 2, "label": 1, "cluster_id": 58 }, "geometry": { "type": "Polygon", "coordinates": [ [ [ 110.261373929511947, -1.956890014925966 ], [ 110.261553592568774, -1.956890014925966 ], [ 110.261553592568774, -1.956530688812318 ], [ 110.261373929511947, -1.956530688812318 ], [ 110.261373929511947, -1.956890014925966 ] ] ] } },
{ "type": "Feature", "properties": { "count": 10, "label": 1, "cluster_id": 58 }, "geometry": { "type": "Polygon", "coordinates": [ [ [ 110.261194266455135, -1.962279906630683 ], [ 110.261194266455135, -1.962459569687507 ], [ 110.261014603398309, -1.962459569687507 ], [ 110.261014603398309, -1.96263923274433 ], [ 110.261194266455135, -1.96263923274433 ], [ 110.261194266455135, -1.962998558857978 ], [ 110.261014603398309, -1.962998558857978 ], [ 110.261014603398309, -1.963178221914802 ], [ 110.261194266455135, -1.963178221914802 ], [ 110.261194266455135, -1.963357884971626 ], [ 110.261373929511947, -1.963357884971626 ], [ 110.261373929511947, -1.96263923274433 ], [ 110.261553592568774, -1.96263923274433 ], [ 110.261553592568774, -1.962279906630683 ], [ 110.261194266455135, -1.962279906630683 ] ] ] } },
{ "type": "Feature", "properties": { "count": 1, "label": 1, "cluster_id": 58 }, "geometry": { "type": "Polygon", "coordinates": [ [ [ 110.261373929511947, -1.963717211085274 ], [ 110.261553592568774, -1.963717211085274 ], [ 110.261553592568774, -1.96353754802845 ], [ 110.261373929511947, -1.96353754802845 ], [ 110.261373929511947, -1.963717211085274 ] ] ] } },
{ "type": "Feature", "properties": { "count": 1, "label": 1, "cluster_id": 58 }, "geometry": { "type": "Polygon", "coordinates": [ [ [ 110.261373929511947, -1.965513841653513 ], [ 110.261553592568774, -1.965513841653513 ], [ 110.261553592568774, -1.965334178596689 ], [ 110.261373929511947, -1.965334178596689 ], [ 110.261373929511947, -1.965513841653513 ] ] ] } },
{ "type": "Feature", "properties": { "count": 5, "label": 1, "cluster_id": 58 }, "geometry": { "type": "Polygon", "coordinates": [ [ [ 110.261014603398309, -1.969107102789991 ], [ 110.261014603398309, -1.969466428903639 ], [ 110.261373929511947, -1.969466428903639 ], [ 110.261373929511947, -1.969286765846815 ], [ 110.261553592568774, -1.969286765846815 ], [ 110.261553592568774, -1.969107102789991 ], [ 110.261014603398309, -1.969107102789991 ] ] ] } },
{ "type": "Feature", "properties": { "count": 30, "label": 1, "cluster_id": 58 }, "geometry": { "type": "Polygon", "coordinates": [ [ [ 110.261373929511947, -1.976113962006123 ], [ 110.261373929511947, -1.976473288119771 ], [ 110.261194266455135, -1.976473288119771 ], [ 110.261194266455135, -1.976293625062947 ], [ 110.260834940341482, -1.976293625062947 ], [ 110.260834940341482, -1.976113962006123 ], [ 110.260655277284656, -1.976113962006123 ], [ 110.260655277284656, -1.976293625062947 ], [ 110.260475614227829, -1.976293625062947 ], [ 110.260475614227829, -1.976473288119771 ], [ 110.260655277284656, -1.976473288119771 ], [ 110.260655277284656, -1.976652951176595 ], [ 110.260475614227829, -1.976652951176595 ], [ 110.260475614227829, -1.977012277290243 ], [ 110.260655277284656, -1.977012277290243 ], [ 110.260655277284656, -1.976832614233419 ], [ 110.260834940341482, -1.976832614233419 ], [ 110.260834940341482, -1.977191940347067 ], [ 110.260475614227829, -1.977191940347067 ], [ 110.260475614227829, -1.977371603403891 ], [ 110.260655277284656, -1.977371603403891 ], [ 110.260655277284656, -1.977551266460715 ], [ 110.260834940341482, -1.977551266460715 ], [ 110.260834940341482, -1.977371603403891 ], [ 110.261014603398309, -1.977371603403891 ], [ 110.261014603398309, -1.977012277290243 ], [ 110.261194266455135, -1.977012277290243 ], [ 110.261194266455135, -1.976832614233419 ], [ 110.261373929511947, -1.976832614233419 ], [ 110.261373929511947, -1.977012277290243 ], [ 110.261553592568774, -1.977012277290243 ], [ 110.261553592568774, -1.976652951176595 ], [ 110.261912918682427, -1.976652951176595 ], [ 110.261912918682427, -1.976293625062947 ], [ 110.2617332556256, -1.976293625062947 ], [ 110.2617332556256, -1.976473288119771 ], [ 110.261553592568774, -1.976473288119771 ], [ 110.261553592568774, -1.976113962006123 ], [ 110.261373929511947, -1.976113962006123 ] ] ] } },
{ "type": "Feature", "properties": { "count": 1, "label": 1, "cluster_id": 58 }, "geometry": { "type": "Polygon", "coordinates": [ [ [ 110.261553592568774, -1.945391579289236 ], [ 110.2617332556256, -1.945391579289236 ], [ 110.2617332556256, -1.945211916232412 ], [ 110.261553592568774, -1.945211916232412 ], [ 110.261553592568774, -1.945391579289236 ] ] ] } },
{ "type": "Feature", "properties": { "count": 1, "label": 1, "cluster_id": 58 }, "geometry": { "type": "Polygon", "coordinates": [ [ [ 110.261553592568774, -1.945750905402883 ], [ 110.2617332556256, -1.945750905402883 ], [ 110.2617332556256, -1.94557124234606 ], [ 110.261553592568774, -1.94557124234606 ], [ 110.261553592568774, -1.945750905402883 ] ] ] } },
{ "type": "Feature", "properties": { "count": 6, "label": 1, "cluster_id": 58 }, "geometry": { "type": "Polygon", "coordinates": [ [ [ 110.261553592568774, -1.946828883743827 ], [ 110.261553592568774, -1.947008546800651 ], [ 110.261373929511947, -1.947008546800651 ], [ 110.261373929511947, -1.947188209857475 ], [ 110.261553592568774, -1.947188209857475 ], [ 110.261553592568774, -1.947367872914299 ], [ 110.262092581739253, -1.947367872914299 ], [ 110.262092581739253, -1.947188209857475 ], [ 110.2617332556256, -1.947188209857475 ], [ 110.2617332556256, -1.946828883743827 ], [ 110.261553592568774, -1.946828883743827 ] ] ] } },
{ "type": "Feature", "properties": { "count": 1, "label": 1, "cluster_id": 58 }, "geometry": { "type": "Polygon", "coordinates": [ [ [ 110.261553592568774, -1.951500123221249 ], [ 110.2617332556256, -1.951500123221249 ], [ 110.2617332556256, -1.951320460164425 ], [ 110.261553592568774, -1.951320460164425 ], [ 110.261553592568774, -1.951500123221249 ] ] ] } },
{ "type": "Feature", "properties": { "count": 3, "label": 1, "cluster_id": 58 }, "geometry": { "type": "Polygon", "coordinates": [ [ [ 110.261553592568774, -1.95293742767584 ], [ 110.2617332556256, -1.95293742767584 ], [ 110.2617332556256, -1.952398438505368 ], [ 110.261553592568774, -1.952398438505368 ], [ 110.261553592568774, -1.95293742767584 ] ] ] } },
{ "type": "Feature", "properties": { "count": 1, "label": 1, "cluster_id": 58 }, "geometry": { "type": "Polygon", "coordinates": [ [ [ 110.261553592568774, -1.957788330210085 ], [ 110.2617332556256, -1.957788330210085 ], [ 110.2617332556256, -1.957608667153261 ], [ 110.261553592568774, -1.957608667153261 ], [ 110.261553592568774, -1.957788330210085 ] ] ] } },
{ "type": "Feature", "properties": { "count": 1, "label": 1, "cluster_id": 58 }, "geometry": { "type": "Polygon", "coordinates": [ [ [ 110.261553592568774, -1.959584960778324 ], [ 110.2617332556256, -1.959584960778324 ], [ 110.2617332556256, -1.9594052977215 ], [ 110.261553592568774, -1.9594052977215 ], [ 110.261553592568774, -1.959584960778324 ] ] ] } },
{ "type": "Feature", "properties": { "count": 1, "label": 1, "cluster_id": 58 }, "geometry": { "type": "Polygon", "coordinates": [ [ [ 110.261553592568774, -1.961920580517035 ], [ 110.2617332556256, -1.961920580517035 ], [ 110.2617332556256, -1.961740917460211 ], [ 110.261553592568774, -1.961740917460211 ], [ 110.261553592568774, -1.961920580517035 ] ] ] } },
{ "type": "Feature", "properties": { "count": 1, "label": 1, "cluster_id": 58 }, "geometry": { "type": "Polygon", "coordinates": [ [ [ 110.261553592568774, -1.963178221914802 ], [ 110.2617332556256, -1.963178221914802 ], [ 110.2617332556256, -1.962998558857978 ], [ 110.261553592568774, -1.962998558857978 ], [ 110.261553592568774, -1.963178221914802 ] ] ] } },
{ "type": "Feature", "properties": { "count": 3, "label": 1, "cluster_id": 58 }, "geometry": { "type": "Polygon", "coordinates": [ [ [ 110.261373929511947, -1.970005418074111 ], [ 110.261373929511947, -1.970185081130934 ], [ 110.261553592568774, -1.970185081130934 ], [ 110.261553592568774, -1.970364744187758 ], [ 110.2617332556256, -1.970364744187758 ], [ 110.2617332556256, -1.970005418074111 ], [ 110.261373929511947, -1.970005418074111 ] ] ] } },
{ "type": "Feature", "properties": { "count": 3, "label": 1, "cluster_id": 58 }, "geometry": { "type": "Polygon", "coordinates": [ [ [ 110.261553592568774, -1.942157644266405 ], [ 110.261553592568774, -1.942516970380053 ], [ 110.2617332556256, -1.942516970380053 ], [ 110.2617332556256, -1.942337307323229 ], [ 110.261912918682427, -1.942337307323229 ], [ 110.261912918682427, -1.942157644266405 ], [ 110.261553592568774, -1.942157644266405 ] ] ] } },
{ "type": "Feature", "properties": { "count": 1, "label": 1, "cluster_id": 58 }, "geometry": { "type": "Polygon", "coordinates": [ [ [ 110.2617332556256, -1.94790686208477 ], [ 110.261912918682427, -1.94790686208477 ], [ 110.261912918682427, -1.947727199027947 ], [ 110.2617332556256, -1.947727199027947 ], [ 110.2617332556256, -1.94790686208477 ] ] ] } },
{ "type": "Feature", "properties": { "count": 3, "label": 1, "cluster_id": 58 }, "geometry": { "type": "Polygon", "coordinates": [ [ [ 110.261373929511947, -1.948266188198418 ], [ 110.261912918682427, -1.948266188198418 ], [ 110.261912918682427, -1.948086525141594 ], [ 110.261373929511947, -1.948086525141594 ], [ 110.261373929511947, -1.948266188198418 ] ] ] } },
{ "type": "Feature", "properties": { "count": 1, "label": 1, "cluster_id": 58 }, "geometry": { "type": "Polygon", "coordinates": [ [ [ 110.2617332556256, -1.950242481823481 ], [ 110.261912918682427, -1.950242481823481 ], [ 110.261912918682427, -1.950062818766657 ], [ 110.2617332556256, -1.950062818766657 ], [ 110.2617332556256, -1.950242481823481 ] ] ] } },
{ "type": "Feature", "properties": { "count": 1, "label": 1, "cluster_id": 58 }, "geometry": { "type": "Polygon", "coordinates": [ [ [ 110.2617332556256, -1.950601807937129 ], [ 110.261912918682427, -1.950601807937129 ], [ 110.261912918682427, -1.950422144880305 ], [ 110.2617332556256, -1.950422144880305 ], [ 110.2617332556256, -1.950601807937129 ] ] ] } },
{ "type": "Feature", "properties": { "count": 1, "label": 1, "cluster_id": 58 }, "geometry": { "type": "Polygon", "coordinates": [ [ [ 110.2617332556256, -1.952218775448544 ], [ 110.261912918682427, -1.952218775448544 ], [ 110.261912918682427, -1.95203911239172 ], [ 110.2617332556256, -1.95203911239172 ], [ 110.2617332556256, -1.952218775448544 ] ] ] } },
{ "type": "Feature", "properties": { "count": 1, "label": 1, "cluster_id": 58 }, "geometry": { "type": "Polygon", "coordinates": [ [ [ 110.2617332556256, -1.953117090732664 ], [ 110.261912918682427, -1.953117090732664 ], [ 110.261912918682427, -1.95293742767584 ], [ 110.2617332556256, -1.95293742767584 ], [ 110.2617332556256, -1.953117090732664 ] ] ] } },
{ "type": "Feature", "properties": { "count": 1, "label": 1, "cluster_id": 58 }, "geometry": { "type": "Polygon", "coordinates": [ [ [ 110.2617332556256, -1.953476416846311 ], [ 110.261912918682427, -1.953476416846311 ], [ 110.261912918682427, -1.953296753789487 ], [ 110.2617332556256, -1.953296753789487 ], [ 110.2617332556256, -1.953476416846311 ] ] ] } },
{ "type": "Feature", "properties": { "count": 1, "label": 1, "cluster_id": 58 }, "geometry": { "type": "Polygon", "coordinates": [ [ [ 110.2617332556256, -1.956890014925966 ], [ 110.261912918682427, -1.956890014925966 ], [ 110.261912918682427, -1.956710351869142 ], [ 110.2617332556256, -1.956710351869142 ], [ 110.2617332556256, -1.956890014925966 ] ] ] } },
{ "type": "Feature", "properties": { "count": 2, "label": 1, "cluster_id": 58 }, "geometry": { "type": "Polygon", "coordinates": [ [ [ 110.2617332556256, -1.961561254403387 ], [ 110.261912918682427, -1.961561254403387 ], [ 110.261912918682427, -1.961201928289739 ], [ 110.2617332556256, -1.961201928289739 ], [ 110.2617332556256, -1.961561254403387 ] ] ] } },
{ "type": "Feature", "properties": { "count": 4, "label": 1, "cluster_id": 58 }, "geometry": { "type": "Polygon", "coordinates": [ [ [ 110.2617332556256, -1.962279906630683 ], [ 110.2617332556256, -1.962818895801155 ], [ 110.261912918682427, -1.962818895801155 ], [ 110.261912918682427, -1.96263923274433 ], [ 110.262092581739253, -1.96263923274433 ], [ 110.262092581739253, -1.962459569687507 ], [ 110.261912918682427, -1.962459569687507 ], [ 110.261912918682427, -1.962279906630683 ], [ 110.2617332556256, -1.962279906630683 ] ] ] } },
{ "type": "Feature", "properties": { "count": 1, "label": 1, "cluster_id": 58 }, "geometry": { "type": "Polygon", "coordinates": [ [ [ 110.2617332556256, -1.968747776676343 ], [ 110.261912918682427, -1.968747776676343 ], [ 110.261912918682427, -1.968568113619519 ], [ 110.2617332556256, -1.968568113619519 ], [ 110.2617332556256, -1.968747776676343 ] ] ] } },
{ "type": "Feature", "properties": { "count": 1, "label": 1, "cluster_id": 58 }, "geometry": { "type": "Polygon", "coordinates": [ [ [ 110.2617332556256, -1.970005418074111 ], [ 110.261912918682427, -1.970005418074111 ], [ 110.261912918682427, -1.969825755017287 ], [ 110.2617332556256, -1.969825755017287 ], [ 110.2617332556256, -1.970005418074111 ] ] ] } },
{ "type": "Feature", "properties": { "count": 17, "label": 1, "cluster_id": 58 }, "geometry": { "type": "Polygon", "coordinates": [ [ [ 110.2617332556256, -1.970364744187758 ], [ 110.2617332556256, -1.970544407244582 ], [ 110.261553592568774, -1.970544407244582 ], [ 110.261553592568774, -1.970724070301406 ], [ 110.261373929511947, -1.970724070301406 ], [ 110.261373929511947, -1.970544407244582 ], [ 110.261194266455135, -1.970544407244582 ], [ 110.261194266455135, -1.970724070301406 ], [ 110.260655277284656, -1.970724070301406 ], [ 110.260655277284656, -1.971263059471878 ], [ 110.261194266455135, -1.971263059471878 ], [ 110.261194266455135, -1.971083396415054 ], [ 110.261373929511947, -1.971083396415054 ], [ 110.261373929511947, -1.97090373335823 ], [ 110.2617332556256, -1.97090373335823 ], [ 110.2617332556256, -1.970724070301406 ], [ 110.261912918682427, -1.970724070301406 ], [ 110.261912918682427, -1.970364744187758 ], [ 110.2617332556256, -1.970364744187758 ] ] ] } },
{ "type": "Feature", "properties": { "count": 1, "label": 1, "cluster_id": 58 }, "geometry": { "type": "Polygon", "coordinates": [ [ [ 110.2617332556256, -1.971083396415054 ], [ 110.261912918682427, -1.971083396415054 ], [ 110.261912918682427, -1.97090373335823 ], [ 110.2617332556256, -1.97090373335823 ], [ 110.2617332556256, -1.971083396415054 ] ] ] } },
{ "type": "Feature", "properties": { "count": 1, "label": 1, "cluster_id": 58 }, "geometry": { "type": "Polygon", "coordinates": [ [ [ 110.2617332556256, -1.972161374755997 ], [ 110.261912918682427, -1.972161374755997 ], [ 110.261912918682427, -1.971981711699174 ], [ 110.2617332556256, -1.971981711699174 ], [ 110.2617332556256, -1.972161374755997 ] ] ] } },
{ "type": "Feature", "properties": { "count": 3, "label": 1, "cluster_id": 58 }, "geometry": { "type": "Polygon", "coordinates": [ [ [ 110.2617332556256, -1.973598679210589 ], [ 110.261912918682427, -1.973598679210589 ], [ 110.261912918682427, -1.973059690040117 ], [ 110.2617332556256, -1.973059690040117 ], [ 110.2617332556256, -1.973598679210589 ] ] ] } },
{ "type": "Feature", "properties": { "count": 1, "label": 1, "cluster_id": 58 }, "geometry": { "type": "Polygon", "coordinates": [ [ [ 110.2617332556256, -1.975215646722004 ], [ 110.261912918682427, -1.975215646722004 ], [ 110.261912918682427, -1.97503598366518 ], [ 110.2617332556256, -1.97503598366518 ], [ 110.2617332556256, -1.975215646722004 ] ] ] } },
{ "type": "Feature", "properties": { "count": 1, "label": 1, "cluster_id": 58 }, "geometry": { "type": "Polygon", "coordinates": [ [ [ 110.261912918682427, -1.948625514312066 ], [ 110.262092581739253, -1.948625514312066 ], [ 110.262092581739253, -1.948445851255242 ], [ 110.261912918682427, -1.948445851255242 ], [ 110.261912918682427, -1.948625514312066 ] ] ] } },
{ "type": "Feature", "properties": { "count": 2, "label": 1, "cluster_id": 58 }, "geometry": { "type": "Polygon", "coordinates": [ [ [ 110.261912918682427, -1.952578101562192 ], [ 110.262092581739253, -1.952578101562192 ], [ 110.262092581739253, -1.952218775448544 ], [ 110.261912918682427, -1.952218775448544 ], [ 110.261912918682427, -1.952578101562192 ] ] ] } },
{ "type": "Feature", "properties": { "count": 1, "label": 1, "cluster_id": 58 }, "geometry": { "type": "Polygon", "coordinates": [ [ [ 110.261912918682427, -1.960842602176091 ], [ 110.262092581739253, -1.960842602176091 ], [ 110.262092581739253, -1.960662939119268 ], [ 110.261912918682427, -1.960662939119268 ], [ 110.261912918682427, -1.960842602176091 ] ] ] } },
{ "type": "Feature", "properties": { "count": 1, "label": 1, "cluster_id": 58 }, "geometry": { "type": "Polygon", "coordinates": [ [ [ 110.261912918682427, -1.97180204864235 ], [ 110.262092581739253, -1.97180204864235 ], [ 110.262092581739253, -1.971622385585526 ], [ 110.261912918682427, -1.971622385585526 ], [ 110.261912918682427, -1.97180204864235 ] ] ] } },
{ "type": "Feature", "properties": { "count": 1, "label": 1, "cluster_id": 58 }, "geometry": { "type": "Polygon", "coordinates": [ [ [ 110.261912918682427, -1.973778342267413 ], [ 110.262092581739253, -1.973778342267413 ], [ 110.262092581739253, -1.973598679210589 ], [ 110.261912918682427, -1.973598679210589 ], [ 110.261912918682427, -1.973778342267413 ] ] ] } },
{ "type": "Feature", "properties": { "count": 2, "label": 1, "cluster_id": 58 }, "geometry": { "type": "Polygon", "coordinates": [ [ [ 110.261912918682427, -1.976293625062947 ], [ 110.262092581739253, -1.976293625062947 ], [ 110.262092581739253, -1.975934298949299 ], [ 110.261912918682427, -1.975934298949299 ], [ 110.261912918682427, -1.976293625062947 ] ] ] } },
{ "type": "Feature", "properties": { "count": 1, "label": 1, "cluster_id": 58 }, "geometry": { "type": "Polygon", "coordinates": [ [ [ 110.261912918682427, -1.978449581744834 ], [ 110.262092581739253, -1.978449581744834 ], [ 110.262092581739253, -1.97826991868801 ], [ 110.261912918682427, -1.97826991868801 ], [ 110.261912918682427, -1.978449581744834 ] ] ] } },
{ "type": "Feature", "properties": { "count": 1, "label": 1, "cluster_id": 58 }, "geometry": { "type": "Polygon", "coordinates": [ [ [ 110.262092581739253, -1.942876296493701 ], [ 110.26227224479608, -1.942876296493701 ], [ 110.26227224479608, -1.942696633436877 ], [ 110.262092581739253, -1.942696633436877 ], [ 110.262092581739253, -1.942876296493701 ] ] ] } },
{ "type": "Feature", "properties": { "count": 1, "label": 1, "cluster_id": 58 }, "geometry": { "type": "Polygon", "coordinates": [ [ [ 110.262092581739253, -1.953296753789487 ], [ 110.26227224479608, -1.953296753789487 ], [ 110.26227224479608, -1.953117090732664 ], [ 110.262092581739253, -1.953117090732664 ], [ 110.262092581739253, -1.953296753789487 ] ] ] } },
{ "type": "Feature", "properties": { "count": 2, "label": 1, "cluster_id": 58 }, "geometry": { "type": "Polygon", "coordinates": [ [ [ 110.262092581739253, -1.954015406016783 ], [ 110.26227224479608, -1.954015406016783 ], [ 110.26227224479608, -1.953656079903135 ], [ 110.262092581739253, -1.953656079903135 ], [ 110.262092581739253, -1.954015406016783 ] ] ] } },
{ "type": "Feature", "properties": { "count": 3, "label": 1, "cluster_id": 58 }, "geometry": { "type": "Polygon", "coordinates": [ [ [ 110.261912918682427, -1.954195069073607 ], [ 110.261912918682427, -1.954554395187255 ], [ 110.262092581739253, -1.954554395187255 ], [ 110.262092581739253, -1.954374732130431 ], [ 110.26227224479608, -1.954374732130431 ], [ 110.26227224479608, -1.954195069073607 ], [ 110.261912918682427, -1.954195069073607 ] ] ] } },
{ "type": "Feature", "properties": { "count": 2, "label": 1, "cluster_id": 58 }, "geometry": { "type": "Polygon", "coordinates": [ [ [ 110.262092581739253, -1.957249341039613 ], [ 110.26227224479608, -1.957249341039613 ], [ 110.26227224479608, -1.956890014925966 ], [ 110.262092581739253, -1.956890014925966 ], [ 110.262092581739253, -1.957249341039613 ] ] ] } },
{ "type": "Feature", "properties": { "count": 7, "label": 1, "cluster_id": 58 }, "geometry": { "type": "Polygon", "coordinates": [ [ [ 110.262092581739253, -1.959225634664676 ], [ 110.262092581739253, -1.960123949948796 ], [ 110.26227224479608, -1.960123949948796 ], [ 110.26227224479608, -1.959764623835148 ], [ 110.262451907852892, -1.959764623835148 ], [ 110.262451907852892, -1.9594052977215 ], [ 110.26227224479608, -1.9594052977215 ], [ 110.26227224479608, -1.959225634664676 ], [ 110.262092581739253, -1.959225634664676 ] ] ] } },
{ "type": "Feature", "properties": { "count": 10, "label": 1, "cluster_id": 58 }, "geometry": { "type": "Polygon", "coordinates": [ [ [ 110.262092581739253, -1.968747776676343 ], [ 110.262092581739253, -1.969286765846815 ], [ 110.261553592568774, -1.969286765846815 ], [ 110.261553592568774, -1.969825755017287 ], [ 110.2617332556256, -1.969825755017287 ], [ 110.2617332556256, -1.969646091960463 ], [ 110.261912918682427, -1.969646091960463 ], [ 110.261912918682427, -1.969466428903639 ], [ 110.26227224479608, -1.969466428903639 ], [ 110.26227224479608, -1.968747776676343 ], [ 110.262092581739253, -1.968747776676343 ] ] ] } },
{ "type": "Feature", "properties": { "count": 1, "label": 1, "cluster_id": 58 }, "geometry": { "type": "Polygon", "coordinates": [ [ [ 110.262092581739253, -1.97090373335823 ], [ 110.26227224479608, -1.97090373335823 ], [ 110.26227224479608, -1.970724070301406 ], [ 110.262092581739253, -1.970724070301406 ], [ 110.262092581739253, -1.97090373335823 ] ] ] } },
{ "type": "Feature", "properties": { "count": 1, "label": 1, "cluster_id": 58 }, "geometry": { "type": "Polygon", "coordinates": [ [ [ 110.262092581739253, -1.972341037812821 ], [ 110.26227224479608, -1.972341037812821 ], [ 110.26227224479608, -1.972161374755997 ], [ 110.262092581739253, -1.972161374755997 ], [ 110.262092581739253, -1.972341037812821 ] ] ] } },
{ "type": "Feature", "properties": { "count": 2, "label": 1, "cluster_id": 58 }, "geometry": { "type": "Polygon", "coordinates": [ [ [ 110.261912918682427, -1.977910592574362 ], [ 110.26227224479608, -1.977910592574362 ], [ 110.26227224479608, -1.977730929517538 ], [ 110.261912918682427, -1.977730929517538 ], [ 110.261912918682427, -1.977910592574362 ] ] ] } },
{ "type": "Feature", "properties": { "count": 81, "label": 1, "cluster_id": 58 }, "geometry": { "type": "Polygon", "coordinates": [ [ [ 110.261912918682427, -1.945391579289236 ], [ 110.261912918682427, -1.945750905402883 ], [ 110.2617332556256, -1.945750905402883 ], [ 110.2617332556256, -1.946110231516531 ], [ 110.261912918682427, -1.946110231516531 ], [ 110.261912918682427, -1.945930568459707 ], [ 110.262092581739253, -1.945930568459707 ], [ 110.262092581739253, -1.946110231516531 ], [ 110.261912918682427, -1.946110231516531 ], [ 110.261912918682427, -1.946649220687003 ], [ 110.262092581739253, -1.946649220687003 ], [ 110.262092581739253, -1.946469557630179 ], [ 110.262631570909718, -1.946469557630179 ], [ 110.262631570909718, -1.947008546800651 ], [ 110.262811233966545, -1.947008546800651 ], [ 110.262811233966545, -1.946828883743827 ], [ 110.262990897023371, -1.946828883743827 ], [ 110.262990897023371, -1.947008546800651 ], [ 110.262811233966545, -1.947008546800651 ], [ 110.262811233966545, -1.947188209857475 ], [ 110.262990897023371, -1.947188209857475 ], [ 110.262990897023371, -1.947367872914299 ], [ 110.26335022313701, -1.947367872914299 ], [ 110.26335022313701, -1.947547535971123 ], [ 110.262990897023371, -1.947547535971123 ], [ 110.262990897023371, -1.947727199027947 ], [ 110.26335022313701, -1.947727199027947 ], [ 110.26335022313701, -1.948086525141594 ], [ 110.26388921230749, -1.948086525141594 ], [ 110.26388921230749, -1.94790686208477 ], [ 110.264068875364316, -1.94790686208477 ], [ 110.264068875364316, -1.947367872914299 ], [ 110.26388921230749, -1.947367872914299 ], [ 110.26388921230749, -1.947008546800651 ], [ 110.263529886193837, -1.947008546800651 ], [ 110.263529886193837, -1.946828883743827 ], [ 110.26335022313701, -1.946828883743827 ], [ 110.26335022313701, -1.946649220687003 ], [ 110.263529886193837, -1.946649220687003 ], [ 110.263529886193837, -1.946289894573355 ], [ 110.26335022313701, -1.946289894573355 ], [ 110.26335022313701, -1.946110231516531 ], [ 110.263170560080198, -1.946110231516531 ], [ 110.263170560080198, -1.945930568459707 ], [ 110.262990897023371, -1.945930568459707 ], [ 110.262990897023371, -1.945750905402883 ], [ 110.262811233966545, -1.945750905402883 ], [ 110.262811233966545, -1.94557124234606 ], [ 110.262451907852892, -1.94557124234606 ], [ 110.262451907852892, -1.945391579289236 ], [ 110.261912918682427, -1.945391579289236 ] ] ] } },
{ "type": "Feature", "properties": { "count": 2, "label": 1, "cluster_id": 58 }, "geometry": { "type": "Polygon", "coordinates": [ [ [ 110.262092581739253, -1.951140797107601 ], [ 110.262451907852892, -1.951140797107601 ], [ 110.262451907852892, -1.950961134050777 ], [ 110.262092581739253, -1.950961134050777 ], [ 110.262092581739253, -1.951140797107601 ] ] ] } },
{ "type": "Feature", "properties": { "count": 3, "label": 1, "cluster_id": 58 }, "geometry": { "type": "Polygon", "coordinates": [ [ [ 110.262092581739253, -1.951859449334896 ], [ 110.262092581739253, -1.95203911239172 ], [ 110.26227224479608, -1.95203911239172 ], [ 110.26227224479608, -1.952218775448544 ], [ 110.262451907852892, -1.952218775448544 ], [ 110.262451907852892, -1.951859449334896 ], [ 110.262092581739253, -1.951859449334896 ] ] ] } },
{ "type": "Feature", "properties": { "count": 1, "label": 1, "cluster_id": 58 }, "geometry": { "type": "Polygon", "coordinates": [ [ [ 110.26227224479608, -1.954554395187255 ], [ 110.262451907852892, -1.954554395187255 ], [ 110.262451907852892, -1.954374732130431 ], [ 110.26227224479608, -1.954374732130431 ], [ 110.26227224479608, -1.954554395187255 ] ] ] } },
{ "type": "Feature", "properties": { "count": 1, "label": 1, "cluster_id": 58 }, "geometry": { "type": "Polygon", "coordinates": [ [ [ 110.26227224479608, -1.961022265232915 ], [ 110.262451907852892, -1.961022265232915 ], [ 110.262451907852892, -1.960842602176091 ], [ 110.26227224479608, -1.960842602176091 ], [ 110.26227224479608, -1.961022265232915 ] ] ] } },
{ "type": "Feature", "properties": { "count": 1, "label": 1, "cluster_id": 58 }, "geometry": { "type": "Polygon", "coordinates": [ [ [ 110.26227224479608, -1.962459569687507 ], [ 110.262451907852892, -1.962459569687507 ], [ 110.262451907852892, -1.962279906630683 ], [ 110.26227224479608, -1.962279906630683 ], [ 110.26227224479608, -1.962459569687507 ] ] ] } },
{ "type": "Feature", "properties": { "count": 1, "label": 1, "cluster_id": 58 }, "geometry": { "type": "Polygon", "coordinates": [ [ [ 110.26227224479608, -1.971083396415054 ], [ 110.262451907852892, -1.971083396415054 ], [ 110.262451907852892, -1.97090373335823 ], [ 110.26227224479608, -1.97090373335823 ], [ 110.26227224479608, -1.971083396415054 ] ] ] } },
{ "type": "Feature", "properties": { "count": 2, "label": 1, "cluster_id": 58 }, "geometry": { "type": "Polygon", "coordinates": [ [ [ 110.26227224479608, -1.971622385585526 ], [ 110.262451907852892, -1.971622385585526 ], [ 110.262451907852892, -1.971263059471878 ], [ 110.26227224479608, -1.971263059471878 ], [ 110.26227224479608, -1.971622385585526 ] ] ] } },
{ "type": "Feature", "properties": { "count": 1, "label": 1, "cluster_id": 58 }, "geometry": { "type": "Polygon", "coordinates": [ [ [ 110.26227224479608, -1.972520700869645 ], [ 110.262451907852892, -1.972520700869645 ], [ 110.262451907852892, -1.972341037812821 ], [ 110.26227224479608, -1.972341037812821 ], [ 110.26227224479608, -1.972520700869645 ] ] ] } },
{ "type": "Feature", "properties": { "count": 1, "label": 1, "cluster_id": 58 }, "geometry": { "type": "Polygon", "coordinates": [ [ [ 110.26227224479608, -1.973059690040117 ], [ 110.262451907852892, -1.973059690040117 ], [ 110.262451907852892, -1.972880026983293 ], [ 110.26227224479608, -1.972880026983293 ], [ 110.26227224479608, -1.973059690040117 ] ] ] } },
{ "type": "Feature", "properties": { "count": 1, "label": 1, "cluster_id": 58 }, "geometry": { "type": "Polygon", "coordinates": [ [ [ 110.26227224479608, -1.975395309778828 ], [ 110.262451907852892, -1.975395309778828 ], [ 110.262451907852892, -1.975215646722004 ], [ 110.26227224479608, -1.975215646722004 ], [ 110.26227224479608, -1.975395309778828 ] ] ] } },
{ "type": "Feature", "properties": { "count": 1, "label": 1, "cluster_id": 58 }, "geometry": { "type": "Polygon", "coordinates": [ [ [ 110.262451907852892, -1.947727199027947 ], [ 110.262631570909718, -1.947727199027947 ], [ 110.262631570909718, -1.947547535971123 ], [ 110.262451907852892, -1.947547535971123 ], [ 110.262451907852892, -1.947727199027947 ] ] ] } },
{ "type": "Feature", "properties": { "count": 14, "label": 1, "cluster_id": 58 }, "geometry": { "type": "Polygon", "coordinates": [ [ [ 110.262451907852892, -1.94790686208477 ], [ 110.262451907852892, -1.948086525141594 ], [ 110.26227224479608, -1.948086525141594 ], [ 110.26227224479608, -1.948266188198418 ], [ 110.262451907852892, -1.948266188198418 ], [ 110.262451907852892, -1.948445851255242 ], [ 110.26227224479608, -1.948445851255242 ], [ 110.26227224479608, -1.948625514312066 ], [ 110.262451907852892, -1.948625514312066 ], [ 110.262451907852892, -1.94880517736889 ], [ 110.262631570909718, -1.94880517736889 ], [ 110.262631570909718, -1.949164503482538 ], [ 110.262811233966545, -1.949164503482538 ], [ 110.262811233966545, -1.94880517736889 ], [ 110.262990897023371, -1.94880517736889 ], [ 110.262990897023371, -1.948625514312066 ], [ 110.262811233966545, -1.948625514312066 ], [ 110.262811233966545, -1.948086525141594 ], [ 110.262631570909718, -1.948086525141594 ], [ 110.262631570909718, -1.94790686208477 ], [ 110.262451907852892, -1.94790686208477 ] ] ] } },
{ "type": "Feature", "properties": { "count": 1, "label": 1, "cluster_id": 58 }, "geometry": { "type": "Polygon", "coordinates": [ [ [ 110.262451907852892, -1.952398438505368 ], [ 110.262631570909718, -1.952398438505368 ], [ 110.262631570909718, -1.952218775448544 ], [ 110.262451907852892, -1.952218775448544 ], [ 110.262451907852892, -1.952398438505368 ] ] ] } },
{ "type": "Feature", "properties": { "count": 3, "label": 1, "cluster_id": 58 }, "geometry": { "type": "Polygon", "coordinates": [ [ [ 110.262451907852892, -1.953117090732664 ], [ 110.262631570909718, -1.953117090732664 ], [ 110.262631570909718, -1.952578101562192 ], [ 110.262451907852892, -1.952578101562192 ], [ 110.262451907852892, -1.953117090732664 ] ] ] } },
{ "type": "Feature", "properties": { "count": 2, "label": 1, "cluster_id": 58 }, "geometry": { "type": "Polygon", "coordinates": [ [ [ 110.262451907852892, -1.955812036585022 ], [ 110.262631570909718, -1.955812036585022 ], [ 110.262631570909718, -1.955452710471374 ], [ 110.262451907852892, -1.955452710471374 ], [ 110.262451907852892, -1.955812036585022 ] ] ] } },
{ "type": "Feature", "properties": { "count": 9, "label": 1, "cluster_id": 58 }, "geometry": { "type": "Polygon", "coordinates": [ [ [ 110.262451907852892, -1.956890014925966 ], [ 110.262451907852892, -1.957429004096437 ], [ 110.262092581739253, -1.957429004096437 ], [ 110.262092581739253, -1.957608667153261 ], [ 110.262451907852892, -1.957608667153261 ], [ 110.262451907852892, -1.957788330210085 ], [ 110.262631570909718, -1.957788330210085 ], [ 110.262631570909718, -1.957608667153261 ], [ 110.262811233966545, -1.957608667153261 ], [ 110.262811233966545, -1.957249341039613 ], [ 110.262631570909718, -1.957249341039613 ], [ 110.262631570909718, -1.956890014925966 ], [ 110.262451907852892, -1.956890014925966 ] ] ] } },
{ "type": "Feature", "properties": { "count": 1, "label": 1, "cluster_id": 58 }, "geometry": { "type": "Polygon", "coordinates": [ [ [ 110.262451907852892, -1.960123949948796 ], [ 110.262631570909718, -1.960123949948796 ], [ 110.262631570909718, -1.959944286891972 ], [ 110.262451907852892, -1.959944286891972 ], [ 110.262451907852892, -1.960123949948796 ] ] ] } },
{ "type": "Feature", "properties": { "count": 12, "label": 1, "cluster_id": 58 }, "geometry": { "type": "Polygon", "coordinates": [ [ [ 110.262451907852892, -1.969107102789991 ], [ 110.262451907852892, -1.969646091960463 ], [ 110.261912918682427, -1.969646091960463 ], [ 110.261912918682427, -1.969825755017287 ], [ 110.26227224479608, -1.969825755017287 ], [ 110.26227224479608, -1.970005418074111 ], [ 110.262451907852892, -1.970005418074111 ], [ 110.262451907852892, -1.969825755017287 ], [ 110.262990897023371, -1.969825755017287 ], [ 110.262990897023371, -1.969646091960463 ], [ 110.262631570909718, -1.969646091960463 ], [ 110.262631570909718, -1.969466428903639 ], [ 110.262990897023371, -1.969466428903639 ], [ 110.262990897023371, -1.969286765846815 ], [ 110.262631570909718, -1.969286765846815 ], [ 110.262631570909718, -1.969107102789991 ], [ 110.262451907852892, -1.969107102789991 ] ] ] } },
{ "type": "Feature", "properties": { "count": 2, "label": 1, "cluster_id": 58 }, "geometry": { "type": "Polygon", "coordinates": [ [ [ 110.262631570909718, -1.953835742959959 ], [ 110.262811233966545, -1.953835742959959 ], [ 110.262811233966545, -1.953476416846311 ], [ 110.262631570909718, -1.953476416846311 ], [ 110.262631570909718, -1.953835742959959 ] ] ] } },
{ "type": "Feature", "properties": { "count": 1, "label": 1, "cluster_id": 58 }, "geometry": { "type": "Polygon", "coordinates": [ [ [ 110.262631570909718, -1.956351025755494 ], [ 110.262811233966545, -1.956351025755494 ], [ 110.262811233966545, -1.95617136269867 ], [ 110.262631570909718, -1.95617136269867 ], [ 110.262631570909718, -1.956351025755494 ] ] ] } },
{ "type": "Feature", "properties": { "count": 1, "label": 1, "cluster_id": 58 }, "geometry": { "type": "Polygon", "coordinates": [ [ [ 110.262631570909718, -1.956710351869142 ], [ 110.262811233966545, -1.956710351869142 ], [ 110.262811233966545, -1.956530688812318 ], [ 110.262631570909718, -1.956530688812318 ], [ 110.262631570909718, -1.956710351869142 ] ] ] } },
{ "type": "Feature", "properties": { "count": 11, "label": 1, "cluster_id": 58 }, "geometry": { "type": "Polygon", "coordinates": [ [ [ 110.262631570909718, -1.958147656323733 ], [ 110.262631570909718, -1.958506982437381 ], [ 110.262451907852892, -1.958506982437381 ], [ 110.262451907852892, -1.958866308551029 ], [ 110.262631570909718, -1.958866308551029 ], [ 110.262631570909718, -1.958686645494205 ], [ 110.262811233966545, -1.958686645494205 ], [ 110.262811233966545, -1.958866308551029 ], [ 110.263170560080198, -1.958866308551029 ], [ 110.263170560080198, -1.958327319380557 ], [ 110.262811233966545, -1.958327319380557 ], [ 110.262811233966545, -1.958147656323733 ], [ 110.262631570909718, -1.958147656323733 ] ] ] } },
{ "type": "Feature", "properties": { "count": 2, "label": 1, "cluster_id": 58 }, "geometry": { "type": "Polygon", "coordinates": [ [ [ 110.262451907852892, -1.959225634664676 ], [ 110.262811233966545, -1.959225634664676 ], [ 110.262811233966545, -1.959045971607853 ], [ 110.262451907852892, -1.959045971607853 ], [ 110.262451907852892, -1.959225634664676 ] ] ] } },
{ "type": "Feature", "properties": { "count": 1, "label": 1, "cluster_id": 58 }, "geometry": { "type": "Polygon", "coordinates": [ [ [ 110.262631570909718, -1.960483276062444 ], [ 110.262811233966545, -1.960483276062444 ], [ 110.262811233966545, -1.96030361300562 ], [ 110.262631570909718, -1.96030361300562 ], [ 110.262631570909718, -1.960483276062444 ] ] ] } },
{ "type": "Feature", "properties": { "count": 105, "label": 1, "cluster_id": 58 }, "geometry": { "type": "Polygon", "coordinates": [ [ [ 110.262451907852892, -1.962459569687507 ], [ 110.262451907852892, -1.96263923274433 ], [ 110.26227224479608, -1.96263923274433 ], [ 110.26227224479608, -1.962818895801155 ], [ 110.262451907852892, -1.962818895801155 ], [ 110.262451907852892, -1.962998558857978 ], [ 110.262092581739253, -1.962998558857978 ], [ 110.262092581739253, -1.963178221914802 ], [ 110.261912918682427, -1.963178221914802 ], [ 110.261912918682427, -1.96353754802845 ], [ 110.2617332556256, -1.96353754802845 ], [ 110.2617332556256, -1.963896874142098 ], [ 110.261553592568774, -1.963896874142098 ], [ 110.261553592568774, -1.964256200255746 ], [ 110.2617332556256, -1.964256200255746 ], [ 110.2617332556256, -1.964076537198922 ], [ 110.261912918682427, -1.964076537198922 ], [ 110.261912918682427, -1.964615526369393 ], [ 110.262092581739253, -1.964615526369393 ], [ 110.262092581739253, -1.964974852483041 ], [ 110.26227224479608, -1.964974852483041 ], [ 110.26227224479608, -1.965334178596689 ], [ 110.262451907852892, -1.965334178596689 ], [ 110.262451907852892, -1.965513841653513 ], [ 110.26335022313701, -1.965513841653513 ], [ 110.26335022313701, -1.965693504710337 ], [ 110.263529886193837, -1.965693504710337 ], [ 110.263529886193837, -1.965873167767161 ], [ 110.263709549250663, -1.965873167767161 ], [ 110.263709549250663, -1.966052830823985 ], [ 110.26388921230749, -1.966052830823985 ], [ 110.26388921230749, -1.965154515539865 ], [ 110.263709549250663, -1.965154515539865 ], [ 110.263709549250663, -1.964974852483041 ], [ 110.26335022313701, -1.964974852483041 ], [ 110.26335022313701, -1.964795189426217 ], [ 110.263170560080198, -1.964795189426217 ], [ 110.263170560080198, -1.964615526369393 ], [ 110.262631570909718, -1.964615526369393 ], [ 110.262631570909718, -1.963717211085274 ], [ 110.263170560080198, -1.963717211085274 ], [ 110.263170560080198, -1.963896874142098 ], [ 110.26335022313701, -1.963896874142098 ], [ 110.26335022313701, -1.963178221914802 ], [ 110.262990897023371, -1.963178221914802 ], [ 110.262990897023371, -1.962818895801155 ], [ 110.262631570909718, -1.962818895801155 ], [ 110.262631570909718, -1.96263923274433 ], [ 110.262811233966545, -1.96263923274433 ], [ 110.262811233966545, -1.962459569687507 ], [ 110.262451907852892, -1.962459569687507 ] ], [ [ 110.26227224479608, -1.964256200255746 ], [ 110.262092581739253, -1.964256200255746 ], [ 110.262092581739253, -1.96443586331257 ], [ 110.26227224479608, -1.96443586331257 ], [ 110.26227224479608, -1.964256200255746 ] ] ] } },
{ "type": "Feature", "properties": { "count": 85, "label": 1, "cluster_id": 58 }, "geometry": { "type": "Polygon", "coordinates": [ [ [ 110.262631570909718, -1.975754635892476 ], [ 110.262631570909718, -1.976832614233419 ], [ 110.262811233966545, -1.976832614233419 ], [ 110.262811233966545, -1.977371603403891 ], [ 110.262990897023371, -1.977371603403891 ], [ 110.262990897023371, -1.977730929517538 ], [ 110.262811233966545, -1.977730929517538 ], [ 110.262811233966545, -1.977910592574362 ], [ 110.262631570909718, -1.977910592574362 ], [ 110.262631570909718, -1.978090255631186 ], [ 110.26227224479608, -1.978090255631186 ], [ 110.26227224479608, -1.978449581744834 ], [ 110.262092581739253, -1.978449581744834 ], [ 110.262092581739253, -1.978808907858482 ], [ 110.262451907852892, -1.978808907858482 ], [ 110.262451907852892, -1.978629244801658 ], [ 110.262631570909718, -1.978629244801658 ], [ 110.262631570909718, -1.978449581744834 ], [ 110.262990897023371, -1.978449581744834 ], [ 110.262990897023371, -1.97826991868801 ], [ 110.263170560080198, -1.97826991868801 ], [ 110.263170560080198, -1.978090255631186 ], [ 110.26335022313701, -1.978090255631186 ], [ 110.26335022313701, -1.977730929517538 ], [ 110.263529886193837, -1.977730929517538 ], [ 110.263529886193837, -1.977551266460715 ], [ 110.26388921230749, -1.977551266460715 ], [ 110.26388921230749, -1.977371603403891 ], [ 110.264068875364316, -1.977371603403891 ], [ 110.264068875364316, -1.977191940347067 ], [ 110.264248538421143, -1.977191940347067 ], [ 110.264248538421143, -1.976832614233419 ], [ 110.264428201477955, -1.976832614233419 ], [ 110.264428201477955, -1.976293625062947 ], [ 110.264068875364316, -1.976293625062947 ], [ 110.264068875364316, -1.976473288119771 ], [ 110.26388921230749, -1.976473288119771 ], [ 110.26388921230749, -1.976293625062947 ], [ 110.263709549250663, -1.976293625062947 ], [ 110.263709549250663, -1.976113962006123 ], [ 110.263529886193837, -1.976113962006123 ], [ 110.263529886193837, -1.976293625062947 ], [ 110.262990897023371, -1.976293625062947 ], [ 110.262990897023371, -1.976113962006123 ], [ 110.262811233966545, -1.976113962006123 ], [ 110.262811233966545, -1.975754635892476 ], [ 110.262631570909718, -1.975754635892476 ] ], [ [ 110.263529886193837, -1.976652951176595 ], [ 110.26335022313701, -1.976652951176595 ], [ 110.26335022313701, -1.976832614233419 ], [ 110.263529886193837, -1.976832614233419 ], [ 110.263529886193837, -1.976652951176595 ] ] ] } },
{ "type": "Feature", "properties": { "count": 1, "label": 1, "cluster_id": 58 }, "geometry": { "type": "Polygon", "coordinates": [ [ [ 110.262811233966545, -1.953117090732664 ], [ 110.262990897023371, -1.953117090732664 ], [ 110.262990897023371, -1.95293742767584 ], [ 110.262811233966545, -1.95293742767584 ], [ 110.262811233966545, -1.953117090732664 ] ] ] } },
{ "type": "Feature", "properties": { "count": 2, "label": 1, "cluster_id": 58 }, "geometry": { "type": "Polygon", "coordinates": [ [ [ 110.262631570909718, -1.954554395187255 ], [ 110.262990897023371, -1.954554395187255 ], [ 110.262990897023371, -1.954374732130431 ], [ 110.262631570909718, -1.954374732130431 ], [ 110.262631570909718, -1.954554395187255 ] ] ] } },
{ "type": "Feature", "properties": { "count": 2, "label": 1, "cluster_id": 58 }, "geometry": { "type": "Polygon", "coordinates": [ [ [ 110.262811233966545, -1.964256200255746 ], [ 110.262990897023371, -1.964256200255746 ], [ 110.262990897023371, -1.963896874142098 ], [ 110.262811233966545, -1.963896874142098 ], [ 110.262811233966545, -1.964256200255746 ] ] ] } },
{ "type": "Feature", "properties": { "count": 1, "label": 1, "cluster_id": 58 }, "geometry": { "type": "Polygon", "coordinates": [ [ [ 110.262811233966545, -1.971981711699174 ], [ 110.262990897023371, -1.971981711699174 ], [ 110.262990897023371, -1.97180204864235 ], [ 110.262811233966545, -1.97180204864235 ], [ 110.262811233966545, -1.971981711699174 ] ] ] } },
{ "type": "Feature", "properties": { "count": 1, "label": 1, "cluster_id": 58 }, "geometry": { "type": "Polygon", "coordinates": [ [ [ 110.262811233966545, -1.972341037812821 ], [ 110.262990897023371, -1.972341037812821 ], [ 110.262990897023371, -1.972161374755997 ], [ 110.262811233966545, -1.972161374755997 ], [ 110.262811233966545, -1.972341037812821 ] ] ] } },
{ "type": "Feature", "properties": { "count": 1, "label": 1, "cluster_id": 58 }, "geometry": { "type": "Polygon", "coordinates": [ [ [ 110.262811233966545, -1.97503598366518 ], [ 110.262990897023371, -1.97503598366518 ], [ 110.262990897023371, -1.974856320608356 ], [ 110.262811233966545, -1.974856320608356 ], [ 110.262811233966545, -1.97503598366518 ] ] ] } },
{ "type": "Feature", "properties": { "count": 9, "label": 1, "cluster_id": 58 }, "geometry": { "type": "Polygon", "coordinates": [ [ [ 110.262811233966545, -1.94790686208477 ], [ 110.262811233966545, -1.948086525141594 ], [ 110.262990897023371, -1.948086525141594 ], [ 110.262990897023371, -1.948445851255242 ], [ 110.263170560080198, -1.948445851255242 ], [ 110.263170560080198, -1.94880517736889 ], [ 110.263529886193837, -1.94880517736889 ], [ 110.263529886193837, -1.948445851255242 ], [ 110.26335022313701, -1.948445851255242 ], [ 110.26335022313701, -1.948266188198418 ], [ 110.263170560080198, -1.948266188198418 ], [ 110.263170560080198, -1.94790686208477 ], [ 110.262811233966545, -1.94790686208477 ] ] ] } },
{ "type": "Feature", "properties": { "count": 1, "label": 1, "cluster_id": 58 }, "geometry": { "type": "Polygon", "coordinates": [ [ [ 110.262990897023371, -1.950961134050777 ], [ 110.263170560080198, -1.950961134050777 ], [ 110.263170560080198, -1.950781470993953 ], [ 110.262990897023371, -1.950781470993953 ], [ 110.262990897023371, -1.950961134050777 ] ] ] } },
{ "type": "Feature", "properties": { "count": 6, "label": 1, "cluster_id": 58 }, "geometry": { "type": "Polygon", "coordinates": [ [ [ 110.262990897023371, -1.951500123221249 ], [ 110.262990897023371, -1.951679786278072 ], [ 110.262631570909718, -1.951679786278072 ], [ 110.262631570909718, -1.95203911239172 ], [ 110.262811233966545, -1.95203911239172 ], [ 110.262811233966545, -1.951859449334896 ], [ 110.262990897023371, -1.951859449334896 ], [ 110.262990897023371, -1.95203911239172 ], [ 110.263170560080198, -1.95203911239172 ], [ 110.263170560080198, -1.951500123221249 ], [ 110.262990897023371, -1.951500123221249 ] ] ] } },
{ "type": "Feature", "properties": { "count": 5, "label": 1, "cluster_id": 58 }, "geometry": { "type": "Polygon", "coordinates": [ [ [ 110.262990897023371, -1.952218775448544 ], [ 110.262990897023371, -1.952757764619016 ], [ 110.263170560080198, -1.952757764619016 ], [ 110.263170560080198, -1.95293742767584 ], [ 110.26335022313701, -1.95293742767584 ], [ 110.26335022313701, -1.952578101562192 ], [ 110.263170560080198, -1.952578101562192 ], [ 110.263170560080198, -1.952218775448544 ], [ 110.262990897023371, -1.952218775448544 ] ] ] } },
{ "type": "Feature", "properties": { "count": 1, "label": 1, "cluster_id": 58 }, "geometry": { "type": "Polygon", "coordinates": [ [ [ 110.262990897023371, -1.953656079903135 ], [ 110.263170560080198, -1.953656079903135 ], [ 110.263170560080198, -1.953476416846311 ], [ 110.262990897023371, -1.953476416846311 ], [ 110.262990897023371, -1.953656079903135 ] ] ] } },
{ "type": "Feature", "properties": { "count": 1, "label": 1, "cluster_id": 58 }, "geometry": { "type": "Polygon", "coordinates": [ [ [ 110.262990897023371, -1.961381591346563 ], [ 110.263170560080198, -1.961381591346563 ], [ 110.263170560080198, -1.961201928289739 ], [ 110.262990897023371, -1.961201928289739 ], [ 110.262990897023371, -1.961381591346563 ] ] ] } },
{ "type": "Feature", "properties": { "count": 2, "label": 1, "cluster_id": 58 }, "geometry": { "type": "Polygon", "coordinates": [ [ [ 110.262990897023371, -1.96263923274433 ], [ 110.263170560080198, -1.96263923274433 ], [ 110.263170560080198, -1.962279906630683 ], [ 110.262990897023371, -1.962279906630683 ], [ 110.262990897023371, -1.96263923274433 ] ] ] } },
{ "type": "Feature", "properties": { "count": 1, "label": 1, "cluster_id": 58 }, "geometry": { "type": "Polygon", "coordinates": [ [ [ 110.262990897023371, -1.975395309778828 ], [ 110.263170560080198, -1.975395309778828 ], [ 110.263170560080198, -1.975215646722004 ], [ 110.262990897023371, -1.975215646722004 ], [ 110.262990897023371, -1.975395309778828 ] ] ] } },
{ "type": "Feature", "properties": { "count": 4, "label": 1, "cluster_id": 58 }, "geometry": { "type": "Polygon", "coordinates": [ [ [ 110.263170560080198, -1.954913721300903 ], [ 110.263170560080198, -1.955273047414551 ], [ 110.263709549250663, -1.955273047414551 ], [ 110.263709549250663, -1.955093384357727 ], [ 110.26335022313701, -1.955093384357727 ], [ 110.26335022313701, -1.954913721300903 ], [ 110.263170560080198, -1.954913721300903 ] ] ] } },
{ "type": "Feature", "properties": { "count": 2, "label": 1, "cluster_id": 58 }, "geometry": { "type": "Polygon", "coordinates": [ [ [ 110.263170560080198, -1.957608667153261 ], [ 110.26335022313701, -1.957608667153261 ], [ 110.26335022313701, -1.957249341039613 ], [ 110.263170560080198, -1.957249341039613 ], [ 110.263170560080198, -1.957608667153261 ] ] ] } },
{ "type": "Feature", "properties": { "count": 1, "label": 1, "cluster_id": 58 }, "geometry": { "type": "Polygon", "coordinates": [ [ [ 110.263170560080198, -1.959944286891972 ], [ 110.26335022313701, -1.959944286891972 ], [ 110.26335022313701, -1.959764623835148 ], [ 110.263170560080198, -1.959764623835148 ], [ 110.263170560080198, -1.959944286891972 ] ] ] } },
{ "type": "Feature", "properties": { "count": 1, "label": 1, "cluster_id": 58 }, "geometry": { "type": "Polygon", "coordinates": [ [ [ 110.263170560080198, -1.962998558857978 ], [ 110.26335022313701, -1.962998558857978 ], [ 110.26335022313701, -1.962818895801155 ], [ 110.263170560080198, -1.962818895801155 ], [ 110.263170560080198, -1.962998558857978 ] ] ] } },
{ "type": "Feature", "properties": { "count": 1, "label": 1, "cluster_id": 58 }, "geometry": { "type": "Polygon", "coordinates": [ [ [ 110.263170560080198, -1.968927439733167 ], [ 110.26335022313701, -1.968927439733167 ], [ 110.26335022313701, -1.968747776676343 ], [ 110.263170560080198, -1.968747776676343 ], [ 110.263170560080198, -1.968927439733167 ] ] ] } },
{ "type": "Feature", "properties": { "count": 3, "label": 1, "cluster_id": 58 }, "geometry": { "type": "Polygon", "coordinates": [ [ [ 110.26335022313701, -1.952578101562192 ], [ 110.263529886193837, -1.952578101562192 ], [ 110.263529886193837, -1.95203911239172 ], [ 110.26335022313701, -1.95203911239172 ], [ 110.26335022313701, -1.952578101562192 ] ] ] } },
{ "type": "Feature", "properties": { "count": 1, "label": 1, "cluster_id": 58 }, "geometry": { "type": "Polygon", "coordinates": [ [ [ 110.26335022313701, -1.953656079903135 ], [ 110.263529886193837, -1.953656079903135 ], [ 110.263529886193837, -1.953476416846311 ], [ 110.26335022313701, -1.953476416846311 ], [ 110.26335022313701, -1.953656079903135 ] ] ] } },
{ "type": "Feature", "properties": { "count": 5, "label": 1, "cluster_id": 58 }, "geometry": { "type": "Polygon", "coordinates": [ [ [ 110.263170560080198, -1.955812036585022 ], [ 110.263170560080198, -1.95617136269867 ], [ 110.263709549250663, -1.95617136269867 ], [ 110.263709549250663, -1.955991699641846 ], [ 110.263529886193837, -1.955991699641846 ], [ 110.263529886193837, -1.955812036585022 ], [ 110.263170560080198, -1.955812036585022 ] ] ] } },
{ "type": "Feature", "properties": { "count": 1, "label": 1, "cluster_id": 58 }, "geometry": { "type": "Polygon", "coordinates": [ [ [ 110.26335022313701, -1.957967993266909 ], [ 110.263529886193837, -1.957967993266909 ], [ 110.263529886193837, -1.957788330210085 ], [ 110.26335022313701, -1.957788330210085 ], [ 110.26335022313701, -1.957967993266909 ] ] ] } },
{ "type": "Feature", "properties": { "count": 1, "label": 1, "cluster_id": 58 }, "geometry": { "type": "Polygon", "coordinates": [ [ [ 110.26335022313701, -1.958686645494205 ], [ 110.263529886193837, -1.958686645494205 ], [ 110.263529886193837, -1.958506982437381 ], [ 110.26335022313701, -1.958506982437381 ], [ 110.26335022313701, -1.958686645494205 ] ] ] } },
{ "type": "Feature", "properties": { "count": 2, "label": 1, "cluster_id": 58 }, "geometry": { "type": "Polygon", "coordinates": [ [ [ 110.26335022313701, -1.955632373528198 ], [ 110.263709549250663, -1.955632373528198 ], [ 110.263709549250663, -1.955452710471374 ], [ 110.26335022313701, -1.955452710471374 ], [ 110.26335022313701, -1.955632373528198 ] ] ] } },
{ "type": "Feature", "properties": { "count": 2, "label": 1, "cluster_id": 58 }, "geometry": { "type": "Polygon", "coordinates": [ [ [ 110.263529886193837, -1.963178221914802 ], [ 110.263709549250663, -1.963178221914802 ], [ 110.263709549250663, -1.962818895801155 ], [ 110.263529886193837, -1.962818895801155 ], [ 110.263529886193837, -1.963178221914802 ] ] ] } },
{ "type": "Feature", "properties": { "count": 1, "label": 1, "cluster_id": 58 }, "geometry": { "type": "Polygon", "coordinates": [ [ [ 110.263529886193837, -1.966412156937632 ], [ 110.263709549250663, -1.966412156937632 ], [ 110.263709549250663, -1.966232493880809 ], [ 110.263529886193837, -1.966232493880809 ], [ 110.263529886193837, -1.966412156937632 ] ] ] } },
{ "type": "Feature", "properties": { "count": 2, "label": 1, "cluster_id": 58 }, "geometry": { "type": "Polygon", "coordinates": [ [ [ 110.263709549250663, -1.953117090732664 ], [ 110.26388921230749, -1.953117090732664 ], [ 110.26388921230749, -1.952757764619016 ], [ 110.263709549250663, -1.952757764619016 ], [ 110.263709549250663, -1.953117090732664 ] ] ] } },
{ "type": "Feature", "properties": { "count": 1, "label": 1, "cluster_id": 58 }, "geometry": { "type": "Polygon", "coordinates": [ [ [ 110.263709549250663, -1.953476416846311 ], [ 110.26388921230749, -1.953476416846311 ], [ 110.26388921230749, -1.953296753789487 ], [ 110.263709549250663, -1.953296753789487 ], [ 110.263709549250663, -1.953476416846311 ] ] ] } },
{ "type": "Feature", "properties": { "count": 6, "label": 1, "cluster_id": 58 }, "geometry": { "type": "Polygon", "coordinates": [ [ [ 110.263529886193837, -1.958866308551029 ], [ 110.263529886193837, -1.959045971607853 ], [ 110.263709549250663, -1.959045971607853 ], [ 110.263709549250663, -1.959225634664676 ], [ 110.263529886193837, -1.959225634664676 ], [ 110.263529886193837, -1.9594052977215 ], [ 110.264068875364316, -1.9594052977215 ], [ 110.264068875364316, -1.959225634664676 ], [ 110.26388921230749, -1.959225634664676 ], [ 110.26388921230749, -1.958866308551029 ], [ 110.263529886193837, -1.958866308551029 ] ] ] } },
{ "type": "Feature", "properties": { "count": 1, "label": 1, "cluster_id": 58 }, "geometry": { "type": "Polygon", "coordinates": [ [ [ 110.263709549250663, -1.961561254403387 ], [ 110.26388921230749, -1.961561254403387 ], [ 110.26388921230749, -1.961381591346563 ], [ 110.263709549250663, -1.961381591346563 ], [ 110.263709549250663, -1.961561254403387 ] ] ] } },
{ "type": "Feature", "properties": { "count": 2, "label": 1, "cluster_id": 58 }, "geometry": { "type": "Polygon", "coordinates": [ [ [ 110.263709549250663, -1.962100243573859 ], [ 110.26388921230749, -1.962100243573859 ], [ 110.26388921230749, -1.961740917460211 ], [ 110.263709549250663, -1.961740917460211 ], [ 110.263709549250663, -1.962100243573859 ] ] ] } },
{ "type": "Feature", "properties": { "count": 1, "label": 1, "cluster_id": 58 }, "geometry": { "type": "Polygon", "coordinates": [ [ [ 110.263709549250663, -1.96353754802845 ], [ 110.26388921230749, -1.96353754802845 ], [ 110.26388921230749, -1.963357884971626 ], [ 110.263709549250663, -1.963357884971626 ], [ 110.263709549250663, -1.96353754802845 ] ] ] } },
{ "type": "Feature", "properties": { "count": 2, "label": 1, "cluster_id": 58 }, "geometry": { "type": "Polygon", "coordinates": [ [ [ 110.263529886193837, -1.968747776676343 ], [ 110.26388921230749, -1.968747776676343 ], [ 110.26388921230749, -1.968568113619519 ], [ 110.263529886193837, -1.968568113619519 ], [ 110.263529886193837, -1.968747776676343 ] ] ] } },
{ "type": "Feature", "properties": { "count": 1, "label": 1, "cluster_id": 58 }, "geometry": { "type": "Polygon", "coordinates": [ [ [ 110.263709549250663, -1.971263059471878 ], [ 110.26388921230749, -1.971263059471878 ], [ 110.26388921230749, -1.971083396415054 ], [ 110.263709549250663, -1.971083396415054 ], [ 110.263709549250663, -1.971263059471878 ] ] ] } },
{ "type": "Feature", "properties": { "count": 1, "label": 1, "cluster_id": 58 }, "geometry": { "type": "Polygon", "coordinates": [ [ [ 110.26388921230749, -1.955093384357727 ], [ 110.264068875364316, -1.955093384357727 ], [ 110.264068875364316, -1.954913721300903 ], [ 110.26388921230749, -1.954913721300903 ], [ 110.26388921230749, -1.955093384357727 ] ] ] } },
{ "type": "Feature", "properties": { "count": 1, "label": 1, "cluster_id": 58 }, "geometry": { "type": "Polygon", "coordinates": [ [ [ 110.26388921230749, -1.955452710471374 ], [ 110.264068875364316, -1.955452710471374 ], [ 110.264068875364316, -1.955273047414551 ], [ 110.26388921230749, -1.955273047414551 ], [ 110.26388921230749, -1.955452710471374 ] ] ] } },
{ "type": "Feature", "properties": { "count": 1, "label": 1, "cluster_id": 58 }, "geometry": { "type": "Polygon", "coordinates": [ [ [ 110.26388921230749, -1.955991699641846 ], [ 110.264068875364316, -1.955991699641846 ], [ 110.264068875364316, -1.955812036585022 ], [ 110.26388921230749, -1.955812036585022 ], [ 110.26388921230749, -1.955991699641846 ] ] ] } },
{ "type": "Feature", "properties": { "count": 3, "label": 1, "cluster_id": 58 }, "geometry": { "type": "Polygon", "coordinates": [ [ [ 110.263529886193837, -1.958147656323733 ], [ 110.264068875364316, -1.958147656323733 ], [ 110.264068875364316, -1.957967993266909 ], [ 110.263529886193837, -1.957967993266909 ], [ 110.263529886193837, -1.958147656323733 ] ] ] } },
{ "type": "Feature", "properties": { "count": 1, "label": 1, "cluster_id": 58 }, "geometry": { "type": "Polygon", "coordinates": [ [ [ 110.26388921230749, -1.962998558857978 ], [ 110.264068875364316, -1.962998558857978 ], [ 110.264068875364316, -1.962818895801155 ], [ 110.26388921230749, -1.962818895801155 ], [ 110.26388921230749, -1.962998558857978 ] ] ] } },
{ "type": "Feature", "properties": { "count": 2, "label": 1, "cluster_id": 58 }, "geometry": { "type": "Polygon", "coordinates": [ [ [ 110.26388921230749, -1.969107102789991 ], [ 110.264068875364316, -1.969107102789991 ], [ 110.264068875364316, -1.968747776676343 ], [ 110.26388921230749, -1.968747776676343 ], [ 110.26388921230749, -1.969107102789991 ] ] ] } },
{ "type": "Feature", "properties": { "count": 9, "label": 1, "cluster_id": 58 }, "geometry": { "type": "Polygon", "coordinates": [ [ [ 110.26388921230749, -1.972700363926469 ], [ 110.26388921230749, -1.973419016153765 ], [ 110.264068875364316, -1.973419016153765 ], [ 110.264068875364316, -1.973239353096941 ], [ 110.264428201477955, -1.973239353096941 ], [ 110.264428201477955, -1.973419016153765 ], [ 110.264787527591608, -1.973419016153765 ], [ 110.264787527591608, -1.973239353096941 ], [ 110.264607864534781, -1.973239353096941 ], [ 110.264607864534781, -1.973059690040117 ], [ 110.264068875364316, -1.973059690040117 ], [ 110.264068875364316, -1.972700363926469 ], [ 110.26388921230749, -1.972700363926469 ] ] ] } },
{ "type": "Feature", "properties": { "count": 5, "label": 1, "cluster_id": 58 }, "geometry": { "type": "Polygon", "coordinates": [ [ [ 110.26388921230749, -1.975574972835652 ], [ 110.26388921230749, -1.975754635892476 ], [ 110.263709549250663, -1.975754635892476 ], [ 110.263709549250663, -1.975934298949299 ], [ 110.26388921230749, -1.975934298949299 ], [ 110.26388921230749, -1.976293625062947 ], [ 110.264068875364316, -1.976293625062947 ], [ 110.264068875364316, -1.975574972835652 ], [ 110.26388921230749, -1.975574972835652 ] ] ] } },
{ "type": "Feature", "properties": { "count": 1, "label": 1, "cluster_id": 58 }, "geometry": { "type": "Polygon", "coordinates": [ [ [ 110.264068875364316, -1.959764623835148 ], [ 110.264248538421143, -1.959764623835148 ], [ 110.264248538421143, -1.959584960778324 ], [ 110.264068875364316, -1.959584960778324 ], [ 110.264068875364316, -1.959764623835148 ] ] ] } },
{ "type": "Feature", "properties": { "count": 3, "label": 1, "cluster_id": 58 }, "geometry": { "type": "Polygon", "coordinates": [ [ [ 110.263709549250663, -1.960123949948796 ], [ 110.264248538421143, -1.960123949948796 ], [ 110.264248538421143, -1.959944286891972 ], [ 110.263709549250663, -1.959944286891972 ], [ 110.263709549250663, -1.960123949948796 ] ] ] } },
{ "type": "Feature", "properties": { "count": 2, "label": 1, "cluster_id": 58 }, "geometry": { "type": "Polygon", "coordinates": [ [ [ 110.264068875364316, -1.962100243573859 ], [ 110.264248538421143, -1.962100243573859 ], [ 110.264248538421143, -1.961740917460211 ], [ 110.264068875364316, -1.961740917460211 ], [ 110.264068875364316, -1.962100243573859 ] ] ] } },
{ "type": "Feature", "properties": { "count": 2, "label": 1, "cluster_id": 58 }, "geometry": { "type": "Polygon", "coordinates": [ [ [ 110.26388921230749, -1.968208787505872 ], [ 110.264248538421143, -1.968208787505872 ], [ 110.264248538421143, -1.968029124449048 ], [ 110.26388921230749, -1.968029124449048 ], [ 110.26388921230749, -1.968208787505872 ] ] ] } },
{ "type": "Feature", "properties": { "count": 81, "label": 1, "cluster_id": 58 }, "geometry": { "type": "Polygon", "coordinates": [ [ [ 110.264068875364316, -1.949703492653009 ], [ 110.264068875364316, -1.949883155709833 ], [ 110.26388921230749, -1.949883155709833 ], [ 110.26388921230749, -1.950242481823481 ], [ 110.263709549250663, -1.950242481823481 ], [ 110.263709549250663, -1.950422144880305 ], [ 110.26388921230749, -1.950422144880305 ], [ 110.26388921230749, -1.950601807937129 ], [ 110.264068875364316, -1.950601807937129 ], [ 110.264068875364316, -1.950781470993953 ], [ 110.264248538421143, -1.950781470993953 ], [ 110.264248538421143, -1.950961134050777 ], [ 110.264428201477955, -1.950961134050777 ], [ 110.264428201477955, -1.950781470993953 ], [ 110.264607864534781, -1.950781470993953 ], [ 110.264607864534781, -1.950961134050777 ], [ 110.264787527591608, -1.950961134050777 ], [ 110.264787527591608, -1.951140797107601 ], [ 110.265146853705261, -1.951140797107601 ], [ 110.265146853705261, -1.951320460164425 ], [ 110.264967190648434, -1.951320460164425 ], [ 110.264967190648434, -1.951500123221249 ], [ 110.265146853705261, -1.951500123221249 ], [ 110.265146853705261, -1.951859449334896 ], [ 110.2655061798189, -1.951859449334896 ], [ 110.2655061798189, -1.95203911239172 ], [ 110.265685842875726, -1.95203911239172 ], [ 110.265685842875726, -1.952218775448544 ], [ 110.266045168989379, -1.952218775448544 ], [ 110.266045168989379, -1.952398438505368 ], [ 110.266224832046206, -1.952398438505368 ], [ 110.266224832046206, -1.951320460164425 ], [ 110.266045168989379, -1.951320460164425 ], [ 110.266045168989379, -1.951500123221249 ], [ 110.265865505932553, -1.951500123221249 ], [ 110.265865505932553, -1.950422144880305 ], [ 110.265326516762073, -1.950422144880305 ], [ 110.265326516762073, -1.950961134050777 ], [ 110.264967190648434, -1.950961134050777 ], [ 110.264967190648434, -1.950422144880305 ], [ 110.265146853705261, -1.950422144880305 ], [ 110.265146853705261, -1.950062818766657 ], [ 110.264787527591608, -1.950062818766657 ], [ 110.264787527591608, -1.949883155709833 ], [ 110.264428201477955, -1.949883155709833 ], [ 110.264428201477955, -1.949703492653009 ], [ 110.264068875364316, -1.949703492653009 ] ] ] } },
{ "type": "Feature", "properties": { "count": 1, "label": 1, "cluster_id": 58 }, "geometry": { "type": "Polygon", "coordinates": [ [ [ 110.264248538421143, -1.951320460164425 ], [ 110.264428201477955, -1.951320460164425 ], [ 110.264428201477955, -1.951140797107601 ], [ 110.264248538421143, -1.951140797107601 ], [ 110.264248538421143, -1.951320460164425 ] ] ] } },
{ "type": "Feature", "properties": { "count": 1, "label": 1, "cluster_id": 58 }, "geometry": { "type": "Polygon", "coordinates": [ [ [ 110.264248538421143, -1.952578101562192 ], [ 110.264428201477955, -1.952578101562192 ], [ 110.264428201477955, -1.952398438505368 ], [ 110.264248538421143, -1.952398438505368 ], [ 110.264248538421143, -1.952578101562192 ] ] ] } },
{ "type": "Feature", "properties": { "count": 1, "label": 1, "cluster_id": 58 }, "geometry": { "type": "Polygon", "coordinates": [ [ [ 110.264248538421143, -1.958506982437381 ], [ 110.264428201477955, -1.958506982437381 ], [ 110.264428201477955, -1.958327319380557 ], [ 110.264248538421143, -1.958327319380557 ], [ 110.264248538421143, -1.958506982437381 ] ] ] } },
{ "type": "Feature", "properties": { "count": 3, "label": 1, "cluster_id": 58 }, "geometry": { "type": "Polygon", "coordinates": [ [ [ 110.264248538421143, -1.96030361300562 ], [ 110.264248538421143, -1.960483276062444 ], [ 110.264068875364316, -1.960483276062444 ], [ 110.264068875364316, -1.960662939119268 ], [ 110.264428201477955, -1.960662939119268 ], [ 110.264428201477955, -1.96030361300562 ], [ 110.264248538421143, -1.96030361300562 ] ] ] } },
{ "type": "Feature", "properties": { "count": 1, "label": 1, "cluster_id": 58 }, "geometry": { "type": "Polygon", "coordinates": [ [ [ 110.264248538421143, -1.964795189426217 ], [ 110.264428201477955, -1.964795189426217 ], [ 110.264428201477955, -1.964615526369393 ], [ 110.264248538421143, -1.964615526369393 ], [ 110.264248538421143, -1.964795189426217 ] ] ] } },
{ "type": "Feature", "properties": { "count": 10, "label": 1, "cluster_id": 58 }, "geometry": { "type": "Polygon", "coordinates": [ [ [ 110.264248538421143, -1.948625514312066 ], [ 110.264248538421143, -1.949344166539362 ], [ 110.264428201477955, -1.949344166539362 ], [ 110.264428201477955, -1.949523829596185 ], [ 110.264607864534781, -1.949523829596185 ], [ 110.264607864534781, -1.949164503482538 ], [ 110.264787527591608, -1.949164503482538 ], [ 110.264787527591608, -1.948984840425714 ], [ 110.264607864534781, -1.948984840425714 ], [ 110.264607864534781, -1.948625514312066 ], [ 110.264248538421143, -1.948625514312066 ] ] ] } },
{ "type": "Feature", "properties": { "count": 2, "label": 1, "cluster_id": 58 }, "geometry": { "type": "Polygon", "coordinates": [ [ [ 110.264428201477955, -1.954913721300903 ], [ 110.264607864534781, -1.954913721300903 ], [ 110.264607864534781, -1.954554395187255 ], [ 110.264428201477955, -1.954554395187255 ], [ 110.264428201477955, -1.954913721300903 ] ] ] } },
{ "type": "Feature", "properties": { "count": 1, "label": 1, "cluster_id": 58 }, "geometry": { "type": "Polygon", "coordinates": [ [ [ 110.264428201477955, -1.960842602176091 ], [ 110.264607864534781, -1.960842602176091 ], [ 110.264607864534781, -1.960662939119268 ], [ 110.264428201477955, -1.960662939119268 ], [ 110.264428201477955, -1.960842602176091 ] ] ] } },
{ "type": "Feature", "properties": { "count": 1, "label": 1, "cluster_id": 58 }, "geometry": { "type": "Polygon", "coordinates": [ [ [ 110.264428201477955, -1.974317331437884 ], [ 110.264607864534781, -1.974317331437884 ], [ 110.264607864534781, -1.97413766838106 ], [ 110.264428201477955, -1.97413766838106 ], [ 110.264428201477955, -1.974317331437884 ] ] ] } },
{ "type": "Feature", "properties": { "count": 27, "label": 1, "cluster_id": 58 }, "geometry": { "type": "Polygon", "coordinates": [ [ [ 110.264607864534781, -1.953296753789487 ], [ 110.264607864534781, -1.953656079903135 ], [ 110.264248538421143, -1.953656079903135 ], [ 110.264248538421143, -1.954015406016783 ], [ 110.264428201477955, -1.954015406016783 ], [ 110.264428201477955, -1.954195069073607 ], [ 110.264607864534781, -1.954195069073607 ], [ 110.264607864534781, -1.954015406016783 ], [ 110.264787527591608, -1.954015406016783 ], [ 110.264787527591608, -1.954374732130431 ], [ 110.264607864534781, -1.954374732130431 ], [ 110.264607864534781, -1.954554395187255 ], [ 110.265146853705261, -1.954554395187255 ], [ 110.265146853705261, -1.954374732130431 ], [ 110.265326516762073, -1.954374732130431 ], [ 110.265326516762073, -1.954554395187255 ], [ 110.2655061798189, -1.954554395187255 ], [ 110.2655061798189, -1.954734058244079 ], [ 110.265685842875726, -1.954734058244079 ], [ 110.265685842875726, -1.954554395187255 ], [ 110.265865505932553, -1.954554395187255 ], [ 110.265865505932553, -1.954374732130431 ], [ 110.265685842875726, -1.954374732130431 ], [ 110.265685842875726, -1.954195069073607 ], [ 110.264967190648434, -1.954195069073607 ], [ 110.264967190648434, -1.954015406016783 ], [ 110.265146853705261, -1.954015406016783 ], [ 110.265146853705261, -1.953476416846311 ], [ 110.264967190648434, -1.953476416846311 ], [ 110.264967190648434, -1.953656079903135 ], [ 110.264787527591608, -1.953656079903135 ], [ 110.264787527591608, -1.953296753789487 ], [ 110.264607864534781, -1.953296753789487 ] ] ] } },
{ "type": "Feature", "properties": { "count": 7, "label": 1, "cluster_id": 58 }, "geometry": { "type": "Polygon", "coordinates": [ [ [ 110.264607864534781, -1.960842602176091 ], [ 110.264607864534781, -1.961201928289739 ], [ 110.264787527591608, -1.961201928289739 ], [ 110.264787527591608, -1.961740917460211 ], [ 110.265146853705261, -1.961740917460211 ], [ 110.265146853705261, -1.961561254403387 ], [ 110.264967190648434, -1.961561254403387 ], [ 110.264967190648434, -1.961022265232915 ], [ 110.264787527591608, -1.961022265232915 ], [ 110.264787527591608, -1.960842602176091 ], [ 110.264607864534781, -1.960842602176091 ] ] ] } },
{ "type": "Feature", "properties": { "count": 1, "label": 1, "cluster_id": 58 }, "geometry": { "type": "Polygon", "coordinates": [ [ [ 110.264787527591608, -1.954913721300903 ], [ 110.264967190648434, -1.954913721300903 ], [ 110.264967190648434, -1.954734058244079 ], [ 110.264787527591608, -1.954734058244079 ], [ 110.264787527591608, -1.954913721300903 ] ] ] } },
{ "type": "Feature", "properties": { "count": 1, "label": 1, "cluster_id": 58 }, "geometry": { "type": "Polygon", "coordinates": [ [ [ 110.264787527591608, -1.955452710471374 ], [ 110.264967190648434, -1.955452710471374 ], [ 110.264967190648434, -1.955273047414551 ], [ 110.264787527591608, -1.955273047414551 ], [ 110.264787527591608, -1.955452710471374 ] ] ] } },
{ "type": "Feature", "properties": { "count": 1, "label": 1, "cluster_id": 58 }, "geometry": { "type": "Polygon", "coordinates": [ [ [ 110.264787527591608, -1.964076537198922 ], [ 110.264967190648434, -1.964076537198922 ], [ 110.264967190648434, -1.963896874142098 ], [ 110.264787527591608, -1.963896874142098 ], [ 110.264787527591608, -1.964076537198922 ] ] ] } },
{ "type": "Feature", "properties": { "count": 1, "label": 1, "cluster_id": 58 }, "geometry": { "type": "Polygon", "coordinates": [ [ [ 110.264787527591608, -1.967310472221752 ], [ 110.264967190648434, -1.967310472221752 ], [ 110.264967190648434, -1.967130809164928 ], [ 110.264787527591608, -1.967130809164928 ], [ 110.264787527591608, -1.967310472221752 ] ] ] } },
{ "type": "Feature", "properties": { "count": 3, "label": 1, "cluster_id": 58 }, "geometry": { "type": "Polygon", "coordinates": [ [ [ 110.264787527591608, -1.973059690040117 ], [ 110.264967190648434, -1.973059690040117 ], [ 110.264967190648434, -1.972520700869645 ], [ 110.264787527591608, -1.972520700869645 ], [ 110.264787527591608, -1.973059690040117 ] ] ] } },
{ "type": "Feature", "properties": { "count": 1, "label": 1, "cluster_id": 58 }, "geometry": { "type": "Polygon", "coordinates": [ [ [ 110.264787527591608, -1.974496994494708 ], [ 110.264967190648434, -1.974496994494708 ], [ 110.264967190648434, -1.974317331437884 ], [ 110.264787527591608, -1.974317331437884 ], [ 110.264787527591608, -1.974496994494708 ] ] ] } },
{ "type": "Feature", "properties": { "count": 2, "label": 1, "cluster_id": 58 }, "geometry": { "type": "Polygon", "coordinates": [ [ [ 110.264967190648434, -1.952218775448544 ], [ 110.265146853705261, -1.952218775448544 ], [ 110.265146853705261, -1.951859449334896 ], [ 110.264967190648434, -1.951859449334896 ], [ 110.264967190648434, -1.952218775448544 ] ] ] } },
{ "type": "Feature", "properties": { "count": 5, "label": 1, "cluster_id": 58 }, "geometry": { "type": "Polygon", "coordinates": [ [ [ 110.264787527591608, -1.958866308551029 ], [ 110.264787527591608, -1.959225634664676 ], [ 110.264967190648434, -1.959225634664676 ], [ 110.264967190648434, -1.9594052977215 ], [ 110.265146853705261, -1.9594052977215 ], [ 110.265146853705261, -1.958866308551029 ], [ 110.264787527591608, -1.958866308551029 ] ] ] } },
{ "type": "Feature", "properties": { "count": 5, "label": 1, "cluster_id": 58 }, "geometry": { "type": "Polygon", "coordinates": [ [ [ 110.264967190648434, -1.962100243573859 ], [ 110.264967190648434, -1.962459569687507 ], [ 110.265146853705261, -1.962459569687507 ], [ 110.265146853705261, -1.96263923274433 ], [ 110.265326516762073, -1.96263923274433 ], [ 110.265326516762073, -1.962459569687507 ], [ 110.2655061798189, -1.962459569687507 ], [ 110.2655061798189, -1.962279906630683 ], [ 110.265146853705261, -1.962279906630683 ], [ 110.265146853705261, -1.962100243573859 ], [ 110.264967190648434, -1.962100243573859 ] ] ] } },
{ "type": "Feature", "properties": { "count": 1, "label": 1, "cluster_id": 58 }, "geometry": { "type": "Polygon", "coordinates": [ [ [ 110.264967190648434, -1.967130809164928 ], [ 110.265146853705261, -1.967130809164928 ], [ 110.265146853705261, -1.966951146108104 ], [ 110.264967190648434, -1.966951146108104 ], [ 110.264967190648434, -1.967130809164928 ] ] ] } },
{ "type": "Feature", "properties": { "count": 2, "label": 1, "cluster_id": 58 }, "geometry": { "type": "Polygon", "coordinates": [ [ [ 110.264967190648434, -1.972520700869645 ], [ 110.265146853705261, -1.972520700869645 ], [ 110.265146853705261, -1.972161374755997 ], [ 110.264967190648434, -1.972161374755997 ], [ 110.264967190648434, -1.972520700869645 ] ] ] } },
{ "type": "Feature", "properties": { "count": 4, "label": 1, "cluster_id": 58 }, "geometry": { "type": "Polygon", "coordinates": [ [ [ 110.265146853705261, -1.954554395187255 ], [ 110.265146853705261, -1.955093384357727 ], [ 110.2655061798189, -1.955093384357727 ], [ 110.2655061798189, -1.954913721300903 ], [ 110.265326516762073, -1.954913721300903 ], [ 110.265326516762073, -1.954554395187255 ], [ 110.265146853705261, -1.954554395187255 ] ] ] } },
{ "type": "Feature", "properties": { "count": 1, "label": 1, "cluster_id": 58 }, "geometry": { "type": "Polygon", "coordinates": [ [ [ 110.265146853705261, -1.960123949948796 ], [ 110.265326516762073, -1.960123949948796 ], [ 110.265326516762073, -1.959944286891972 ], [ 110.265146853705261, -1.959944286891972 ], [ 110.265146853705261, -1.960123949948796 ] ] ] } },
{ "type": "Feature", "properties": { "count": 2, "label": 1, "cluster_id": 58 }, "geometry": { "type": "Polygon", "coordinates": [ [ [ 110.264967190648434, -1.973239353096941 ], [ 110.265326516762073, -1.973239353096941 ], [ 110.265326516762073, -1.973059690040117 ], [ 110.264967190648434, -1.973059690040117 ], [ 110.264967190648434, -1.973239353096941 ] ] ] } },
{ "type": "Feature", "properties": { "count": 1, "label": 1, "cluster_id": 58 }, "geometry": { "type": "Polygon", "coordinates": [ [ [ 110.265326516762073, -1.952578101562192 ], [ 110.2655061798189, -1.952578101562192 ], [ 110.2655061798189, -1.952398438505368 ], [ 110.265326516762073, -1.952398438505368 ], [ 110.265326516762073, -1.952578101562192 ] ] ] } },
{ "type": "Feature", "properties": { "count": 1, "label": 1, "cluster_id": 58 }, "geometry": { "type": "Polygon", "coordinates": [ [ [ 110.265326516762073, -1.954015406016783 ], [ 110.2655061798189, -1.954015406016783 ], [ 110.2655061798189, -1.953835742959959 ], [ 110.265326516762073, -1.953835742959959 ], [ 110.265326516762073, -1.954015406016783 ] ] ] } },
{ "type": "Feature", "properties": { "count": 1, "label": 1, "cluster_id": 58 }, "geometry": { "type": "Polygon", "coordinates": [ [ [ 110.265326516762073, -1.955812036585022 ], [ 110.2655061798189, -1.955812036585022 ], [ 110.2655061798189, -1.955632373528198 ], [ 110.265326516762073, -1.955632373528198 ], [ 110.265326516762073, -1.955812036585022 ] ] ] } },
{ "type": "Feature", "properties": { "count": 3, "label": 1, "cluster_id": 58 }, "geometry": { "type": "Polygon", "coordinates": [ [ [ 110.265326516762073, -1.958327319380557 ], [ 110.265326516762073, -1.958686645494205 ], [ 110.265685842875726, -1.958686645494205 ], [ 110.265685842875726, -1.958506982437381 ], [ 110.2655061798189, -1.958506982437381 ], [ 110.2655061798189, -1.958327319380557 ], [ 110.265326516762073, -1.958327319380557 ] ] ] } },
{ "type": "Feature", "properties": { "count": 8, "label": 1, "cluster_id": 58 }, "geometry": { "type": "Polygon", "coordinates": [ [ [ 110.265146853705261, -1.967130809164928 ], [ 110.265146853705261, -1.967310472221752 ], [ 110.264967190648434, -1.967310472221752 ], [ 110.264967190648434, -1.967490135278576 ], [ 110.265146853705261, -1.967490135278576 ], [ 110.265146853705261, -1.9676697983354 ], [ 110.2655061798189, -1.9676697983354 ], [ 110.2655061798189, -1.967490135278576 ], [ 110.265685842875726, -1.967490135278576 ], [ 110.265685842875726, -1.967310472221752 ], [ 110.2655061798189, -1.967310472221752 ], [ 110.2655061798189, -1.967130809164928 ], [ 110.265146853705261, -1.967130809164928 ] ] ] } },
{ "type": "Feature", "properties": { "count": 1, "label": 1, "cluster_id": 58 }, "geometry": { "type": "Polygon", "coordinates": [ [ [ 110.265326516762073, -1.97413766838106 ], [ 110.2655061798189, -1.97413766838106 ], [ 110.2655061798189, -1.973958005324236 ], [ 110.265326516762073, -1.973958005324236 ], [ 110.265326516762073, -1.97413766838106 ] ] ] } },
{ "type": "Feature", "properties": { "count": 2, "label": 1, "cluster_id": 58 }, "geometry": { "type": "Polygon", "coordinates": [ [ [ 110.265146853705261, -1.974496994494708 ], [ 110.2655061798189, -1.974496994494708 ], [ 110.2655061798189, -1.974317331437884 ], [ 110.265146853705261, -1.974317331437884 ], [ 110.265146853705261, -1.974496994494708 ] ] ] } },
{ "type": "Feature", "properties": { "count": 2, "label": 1, "cluster_id": 58 }, "geometry": { "type": "Polygon", "coordinates": [ [ [ 110.2655061798189, -1.953835742959959 ], [ 110.265685842875726, -1.953835742959959 ], [ 110.265685842875726, -1.953476416846311 ], [ 110.2655061798189, -1.953476416846311 ], [ 110.2655061798189, -1.953835742959959 ] ] ] } },
{ "type": "Feature", "properties": { "count": 1, "label": 1, "cluster_id": 58 }, "geometry": { "type": "Polygon", "coordinates": [ [ [ 110.2655061798189, -1.955273047414551 ], [ 110.265685842875726, -1.955273047414551 ], [ 110.265685842875726, -1.955093384357727 ], [ 110.2655061798189, -1.955093384357727 ], [ 110.2655061798189, -1.955273047414551 ] ] ] } },
{ "type": "Feature", "properties": { "count": 1, "label": 1, "cluster_id": 58 }, "geometry": { "type": "Polygon", "coordinates": [ [ [ 110.2655061798189, -1.957608667153261 ], [ 110.265685842875726, -1.957608667153261 ], [ 110.265685842875726, -1.957429004096437 ], [ 110.2655061798189, -1.957429004096437 ], [ 110.2655061798189, -1.957608667153261 ] ] ] } },
{ "type": "Feature", "properties": { "count": 1, "label": 1, "cluster_id": 58 }, "geometry": { "type": "Polygon", "coordinates": [ [ [ 110.2655061798189, -1.959045971607853 ], [ 110.265685842875726, -1.959045971607853 ], [ 110.265685842875726, -1.958866308551029 ], [ 110.2655061798189, -1.958866308551029 ], [ 110.2655061798189, -1.959045971607853 ] ] ] } },
{ "type": "Feature", "properties": { "count": 2, "label": 1, "cluster_id": 58 }, "geometry": { "type": "Polygon", "coordinates": [ [ [ 110.2655061798189, -1.975934298949299 ], [ 110.265685842875726, -1.975934298949299 ], [ 110.265685842875726, -1.975574972835652 ], [ 110.2655061798189, -1.975574972835652 ], [ 110.2655061798189, -1.975934298949299 ] ] ] } },
{ "type": "Feature", "properties": { "count": 1, "label": 1, "cluster_id": 58 }, "geometry": { "type": "Polygon", "coordinates": [ [ [ 110.265685842875726, -1.957967993266909 ], [ 110.265865505932553, -1.957967993266909 ], [ 110.265865505932553, -1.957788330210085 ], [ 110.265685842875726, -1.957788330210085 ], [ 110.265685842875726, -1.957967993266909 ] ] ] } },
{ "type": "Feature", "properties": { "count": 1, "label": 1, "cluster_id": 58 }, "geometry": { "type": "Polygon", "coordinates": [ [ [ 110.265685842875726, -1.9676697983354 ], [ 110.265865505932553, -1.9676697983354 ], [ 110.265865505932553, -1.967490135278576 ], [ 110.265685842875726, -1.967490135278576 ], [ 110.265685842875726, -1.9676697983354 ] ] ] } },
{ "type": "Feature", "properties": { "count": 3, "label": 1, "cluster_id": 58 }, "geometry": { "type": "Polygon", "coordinates": [ [ [ 110.265685842875726, -1.973419016153765 ], [ 110.265685842875726, -1.973598679210589 ], [ 110.2655061798189, -1.973598679210589 ], [ 110.2655061798189, -1.973778342267413 ], [ 110.265865505932553, -1.973778342267413 ], [ 110.265865505932553, -1.973419016153765 ], [ 110.265685842875726, -1.973419016153765 ] ] ] } },
{ "type": "Feature", "properties": { "count": 2, "label": 1, "cluster_id": 58 }, "geometry": { "type": "Polygon", "coordinates": [ [ [ 110.265865505932553, -1.953835742959959 ], [ 110.266045168989379, -1.953835742959959 ], [ 110.266045168989379, -1.953476416846311 ], [ 110.265865505932553, -1.953476416846311 ], [ 110.265865505932553, -1.953835742959959 ] ] ] } },
{ "type": "Feature", "properties": { "count": 1, "label": 1, "cluster_id": 58 }, "geometry": { "type": "Polygon", "coordinates": [ [ [ 110.265865505932553, -1.955991699641846 ], [ 110.266045168989379, -1.955991699641846 ], [ 110.266045168989379, -1.955812036585022 ], [ 110.265865505932553, -1.955812036585022 ], [ 110.265865505932553, -1.955991699641846 ] ] ] } },
{ "type": "Feature", "properties": { "count": 12, "label": 1, "cluster_id": 58 }, "geometry": { "type": "Polygon", "coordinates": [ [ [ 110.265685842875726, -1.964795189426217 ], [ 110.265685842875726, -1.965154515539865 ], [ 110.2655061798189, -1.965154515539865 ], [ 110.2655061798189, -1.965334178596689 ], [ 110.265685842875726, -1.965334178596689 ], [ 110.265685842875726, -1.965513841653513 ], [ 110.266045168989379, -1.965513841653513 ], [ 110.266045168989379, -1.965334178596689 ], [ 110.266224832046206, -1.965334178596689 ], [ 110.266224832046206, -1.965154515539865 ], [ 110.266404495103018, -1.965154515539865 ], [ 110.266404495103018, -1.964974852483041 ], [ 110.266045168989379, -1.964974852483041 ], [ 110.266045168989379, -1.964795189426217 ], [ 110.265685842875726, -1.964795189426217 ] ] ] } },
{ "type": "Feature", "properties": { "count": 2, "label": 1, "cluster_id": 58 }, "geometry": { "type": "Polygon", "coordinates": [ [ [ 110.266045168989379, -1.954554395187255 ], [ 110.266224832046206, -1.954554395187255 ], [ 110.266224832046206, -1.954195069073607 ], [ 110.266045168989379, -1.954195069073607 ], [ 110.266045168989379, -1.954554395187255 ] ] ] } },
{ "type": "Feature", "properties": { "count": 1, "label": 1, "cluster_id": 58 }, "geometry": { "type": "Polygon", "coordinates": [ [ [ 110.266045168989379, -1.969107102789991 ], [ 110.266224832046206, -1.969107102789991 ], [ 110.266224832046206, -1.968927439733167 ], [ 110.266045168989379, -1.968927439733167 ], [ 110.266045168989379, -1.969107102789991 ] ] ] } },
{ "type": "Feature", "properties": { "count": 27, "label": 1, "cluster_id": 58 }, "geometry": { "type": "Polygon", "coordinates": [ [ [ 110.266045168989379, -1.961201928289739 ], [ 110.266045168989379, -1.961561254403387 ], [ 110.265865505932553, -1.961561254403387 ], [ 110.265865505932553, -1.962100243573859 ], [ 110.266224832046206, -1.962100243573859 ], [ 110.266224832046206, -1.96263923274433 ], [ 110.266404495103018, -1.96263923274433 ], [ 110.266404495103018, -1.962818895801155 ], [ 110.266763821216671, -1.962818895801155 ], [ 110.266763821216671, -1.962459569687507 ], [ 110.267123147330324, -1.962459569687507 ], [ 110.267123147330324, -1.962279906630683 ], [ 110.266763821216671, -1.962279906630683 ], [ 110.266763821216671, -1.962100243573859 ], [ 110.266943484273497, -1.962100243573859 ], [ 110.266943484273497, -1.961920580517035 ], [ 110.266584158159844, -1.961920580517035 ], [ 110.266584158159844, -1.962279906630683 ], [ 110.266404495103018, -1.962279906630683 ], [ 110.266404495103018, -1.961201928289739 ], [ 110.266045168989379, -1.961201928289739 ] ] ] } },
{ "type": "Feature", "properties": { "count": 5, "label": 1, "cluster_id": 58 }, "geometry": { "type": "Polygon", "coordinates": [ [ [ 110.266045168989379, -1.965873167767161 ], [ 110.266045168989379, -1.966232493880809 ], [ 110.266584158159844, -1.966232493880809 ], [ 110.266584158159844, -1.966052830823985 ], [ 110.266404495103018, -1.966052830823985 ], [ 110.266404495103018, -1.965873167767161 ], [ 110.266045168989379, -1.965873167767161 ] ] ] } },
{ "type": "Feature", "properties": { "count": 3, "label": 1, "cluster_id": 58 }, "geometry": { "type": "Polygon", "coordinates": [ [ [ 110.266224832046206, -1.968029124449048 ], [ 110.266224832046206, -1.968208787505872 ], [ 110.266045168989379, -1.968208787505872 ], [ 110.266045168989379, -1.968388450562695 ], [ 110.266404495103018, -1.968388450562695 ], [ 110.266404495103018, -1.968029124449048 ], [ 110.266224832046206, -1.968029124449048 ] ] ] } },
{ "type": "Feature", "properties": { "count": 1, "label": 1, "cluster_id": 58 }, "geometry": { "type": "Polygon", "coordinates": [ [ [ 110.266224832046206, -1.968747776676343 ], [ 110.266404495103018, -1.968747776676343 ], [ 110.266404495103018, -1.968568113619519 ], [ 110.266224832046206, -1.968568113619519 ], [ 110.266224832046206, -1.968747776676343 ] ] ] } },
{ "type": "Feature", "properties": { "count": 1, "label": 1, "cluster_id": 58 }, "geometry": { "type": "Polygon", "coordinates": [ [ [ 110.266404495103018, -1.969286765846815 ], [ 110.266584158159844, -1.969286765846815 ], [ 110.266584158159844, -1.969107102789991 ], [ 110.266404495103018, -1.969107102789991 ], [ 110.266404495103018, -1.969286765846815 ] ] ] } },
{ "type": "Feature", "properties": { "count": 1, "label": 1, "cluster_id": 58 }, "geometry": { "type": "Polygon", "coordinates": [ [ [ 110.266584158159844, -1.953296753789487 ], [ 110.266763821216671, -1.953296753789487 ], [ 110.266763821216671, -1.953117090732664 ], [ 110.266584158159844, -1.953117090732664 ], [ 110.266584158159844, -1.953296753789487 ] ] ] } },
{ "type": "Feature", "properties": { "count": 2, "label": 1, "cluster_id": 58 }, "geometry": { "type": "Polygon", "coordinates": [ [ [ 110.266584158159844, -1.954015406016783 ], [ 110.266763821216671, -1.954015406016783 ], [ 110.266763821216671, -1.953656079903135 ], [ 110.266584158159844, -1.953656079903135 ], [ 110.266584158159844, -1.954015406016783 ] ] ] } },
{ "type": "Feature", "properties": { "count": 1, "label": 1, "cluster_id": 58 }, "geometry": { "type": "Polygon", "coordinates": [ [ [ 110.266584158159844, -1.958147656323733 ], [ 110.266763821216671, -1.958147656323733 ], [ 110.266763821216671, -1.957967993266909 ], [ 110.266584158159844, -1.957967993266909 ], [ 110.266584158159844, -1.958147656323733 ] ] ] } },
{ "type": "Feature", "properties": { "count": 2, "label": 1, "cluster_id": 58 }, "geometry": { "type": "Polygon", "coordinates": [ [ [ 110.266584158159844, -1.961022265232915 ], [ 110.266763821216671, -1.961022265232915 ], [ 110.266763821216671, -1.960662939119268 ], [ 110.266584158159844, -1.960662939119268 ], [ 110.266584158159844, -1.961022265232915 ] ] ] } },
{ "type": "Feature", "properties": { "count": 1, "label": 1, "cluster_id": 58 }, "geometry": { "type": "Polygon", "coordinates": [ [ [ 110.266584158159844, -1.968388450562695 ], [ 110.266763821216671, -1.968388450562695 ], [ 110.266763821216671, -1.968208787505872 ], [ 110.266584158159844, -1.968208787505872 ], [ 110.266584158159844, -1.968388450562695 ] ] ] } },
{ "type": "Feature", "properties": { "count": 1, "label": 1, "cluster_id": 58 }, "geometry": { "type": "Polygon", "coordinates": [ [ [ 110.266584158159844, -1.969107102789991 ], [ 110.266763821216671, -1.969107102789991 ], [ 110.266763821216671, -1.968927439733167 ], [ 110.266584158159844, -1.968927439733167 ], [ 110.266584158159844, -1.969107102789991 ] ] ] } },
{ "type": "Feature", "properties": { "count": 2, "label": 1, "cluster_id": 58 }, "geometry": { "type": "Polygon", "coordinates": [ [ [ 110.266763821216671, -1.953656079903135 ], [ 110.266943484273497, -1.953656079903135 ], [ 110.266943484273497, -1.953296753789487 ], [ 110.266763821216671, -1.953296753789487 ], [ 110.266763821216671, -1.953656079903135 ] ] ] } },
{ "type": "Feature", "properties": { "count": 6, "label": 1, "cluster_id": 58 }, "geometry": { "type": "Polygon", "coordinates": [ [ [ 110.266584158159844, -1.954913721300903 ], [ 110.266584158159844, -1.955273047414551 ], [ 110.266943484273497, -1.955273047414551 ], [ 110.266943484273497, -1.955452710471374 ], [ 110.267123147330324, -1.955452710471374 ], [ 110.267123147330324, -1.955093384357727 ], [ 110.266943484273497, -1.955093384357727 ], [ 110.266943484273497, -1.954913721300903 ], [ 110.266584158159844, -1.954913721300903 ] ] ] } },
{ "type": "Feature", "properties": { "count": 18, "label": 1, "cluster_id": 58 }, "geometry": { "type": "Polygon", "coordinates": [ [ [ 110.266584158159844, -1.958327319380557 ], [ 110.266584158159844, -1.958506982437381 ], [ 110.266404495103018, -1.958506982437381 ], [ 110.266404495103018, -1.958686645494205 ], [ 110.266045168989379, -1.958686645494205 ], [ 110.266045168989379, -1.958866308551029 ], [ 110.266224832046206, -1.958866308551029 ], [ 110.266224832046206, -1.959584960778324 ], [ 110.266404495103018, -1.959584960778324 ], [ 110.266404495103018, -1.960123949948796 ], [ 110.266584158159844, -1.960123949948796 ], [ 110.266584158159844, -1.9594052977215 ], [ 110.266404495103018, -1.9594052977215 ], [ 110.266404495103018, -1.959045971607853 ], [ 110.266584158159844, -1.959045971607853 ], [ 110.266584158159844, -1.958866308551029 ], [ 110.266943484273497, -1.958866308551029 ], [ 110.266943484273497, -1.958686645494205 ], [ 110.266763821216671, -1.958686645494205 ], [ 110.266763821216671, -1.958506982437381 ], [ 110.266943484273497, -1.958506982437381 ], [ 110.266943484273497, -1.958327319380557 ], [ 110.266584158159844, -1.958327319380557 ] ] ] } },
{ "type": "Feature", "properties": { "count": 3, "label": 1, "cluster_id": 58 }, "geometry": { "type": "Polygon", "coordinates": [ [ [ 110.266584158159844, -1.959045971607853 ], [ 110.266584158159844, -1.959225634664676 ], [ 110.266763821216671, -1.959225634664676 ], [ 110.266763821216671, -1.9594052977215 ], [ 110.266943484273497, -1.9594052977215 ], [ 110.266943484273497, -1.959045971607853 ], [ 110.266584158159844, -1.959045971607853 ] ] ] } },
{ "type": "Feature", "properties": { "count": 1, "label": 1, "cluster_id": 58 }, "geometry": { "type": "Polygon", "coordinates": [ [ [ 110.266763821216671, -1.965154515539865 ], [ 110.266943484273497, -1.965154515539865 ], [ 110.266943484273497, -1.964974852483041 ], [ 110.266763821216671, -1.964974852483041 ], [ 110.266763821216671, -1.965154515539865 ] ] ] } },
{ "type": "Feature", "properties": { "count": 2, "label": 1, "cluster_id": 58 }, "geometry": { "type": "Polygon", "coordinates": [ [ [ 110.266943484273497, -1.952578101562192 ], [ 110.267123147330324, -1.952578101562192 ], [ 110.267123147330324, -1.952218775448544 ], [ 110.266943484273497, -1.952218775448544 ], [ 110.266943484273497, -1.952578101562192 ] ] ] } },
{ "type": "Feature", "properties": { "count": 1, "label": 1, "cluster_id": 58 }, "geometry": { "type": "Polygon", "coordinates": [ [ [ 110.266943484273497, -1.953296753789487 ], [ 110.267123147330324, -1.953296753789487 ], [ 110.267123147330324, -1.953117090732664 ], [ 110.266943484273497, -1.953117090732664 ], [ 110.266943484273497, -1.953296753789487 ] ] ] } },
{ "type": "Feature", "properties": { "count": 2, "label": 1, "cluster_id": 58 }, "geometry": { "type": "Polygon", "coordinates": [ [ [ 110.266943484273497, -1.954195069073607 ], [ 110.267123147330324, -1.954195069073607 ], [ 110.267123147330324, -1.953835742959959 ], [ 110.266943484273497, -1.953835742959959 ], [ 110.266943484273497, -1.954195069073607 ] ] ] } },
{ "type": "Feature", "properties": { "count": 1, "label": 1, "cluster_id": 58 }, "geometry": { "type": "Polygon", "coordinates": [ [ [ 110.266943484273497, -1.956530688812318 ], [ 110.267123147330324, -1.956530688812318 ], [ 110.267123147330324, -1.956351025755494 ], [ 110.266943484273497, -1.956351025755494 ], [ 110.266943484273497, -1.956530688812318 ] ] ] } },
{ "type": "Feature", "properties": { "count": 1, "label": 1, "cluster_id": 58 }, "geometry": { "type": "Polygon", "coordinates": [ [ [ 110.266943484273497, -1.957967993266909 ], [ 110.267123147330324, -1.957967993266909 ], [ 110.267123147330324, -1.957788330210085 ], [ 110.266943484273497, -1.957788330210085 ], [ 110.266943484273497, -1.957967993266909 ] ] ] } },
{ "type": "Feature", "properties": { "count": 1, "label": 1, "cluster_id": 58 }, "geometry": { "type": "Polygon", "coordinates": [ [ [ 110.266943484273497, -1.958686645494205 ], [ 110.267123147330324, -1.958686645494205 ], [ 110.267123147330324, -1.958506982437381 ], [ 110.266943484273497, -1.958506982437381 ], [ 110.266943484273497, -1.958686645494205 ] ] ] } },
{ "type": "Feature", "properties": { "count": 1, "label": 1, "cluster_id": 58 }, "geometry": { "type": "Polygon", "coordinates": [ [ [ 110.266943484273497, -1.959045971607853 ], [ 110.267123147330324, -1.959045971607853 ], [ 110.267123147330324, -1.958866308551029 ], [ 110.266943484273497, -1.958866308551029 ], [ 110.266943484273497, -1.959045971607853 ] ] ] } },
{ "type": "Feature", "properties": { "count": 2, "label": 1, "cluster_id": 58 }, "geometry": { "type": "Polygon", "coordinates": [ [ [ 110.266943484273497, -1.961022265232915 ], [ 110.267123147330324, -1.961022265232915 ], [ 110.267123147330324, -1.960662939119268 ], [ 110.266943484273497, -1.960662939119268 ], [ 110.266943484273497, -1.961022265232915 ] ] ] } },
{ "type": "Feature", "properties": { "count": 1, "label": 1, "cluster_id": 58 }, "geometry": { "type": "Polygon", "coordinates": [ [ [ 110.267123147330324, -1.951500123221249 ], [ 110.267302810387136, -1.951500123221249 ], [ 110.267302810387136, -1.951320460164425 ], [ 110.267123147330324, -1.951320460164425 ], [ 110.267123147330324, -1.951500123221249 ] ] ] } },
{ "type": "Feature", "properties": { "count": 1, "label": 1, "cluster_id": 58 }, "geometry": { "type": "Polygon", "coordinates": [ [ [ 110.267123147330324, -1.952218775448544 ], [ 110.267302810387136, -1.952218775448544 ], [ 110.267302810387136, -1.95203911239172 ], [ 110.267123147330324, -1.95203911239172 ], [ 110.267123147330324, -1.952218775448544 ] ] ] } },
{ "type": "Feature", "properties": { "count": 1, "label": 1, "cluster_id": 58 }, "geometry": { "type": "Polygon", "coordinates": [ [ [ 110.267123147330324, -1.95293742767584 ], [ 110.267302810387136, -1.95293742767584 ], [ 110.267302810387136, -1.952757764619016 ], [ 110.267123147330324, -1.952757764619016 ], [ 110.267123147330324, -1.95293742767584 ] ] ] } },
{ "type": "Feature", "properties": { "count": 1, "label": 1, "cluster_id": 58 }, "geometry": { "type": "Polygon", "coordinates": [ [ [ 110.267123147330324, -1.953656079903135 ], [ 110.267302810387136, -1.953656079903135 ], [ 110.267302810387136, -1.953476416846311 ], [ 110.267123147330324, -1.953476416846311 ], [ 110.267123147330324, -1.953656079903135 ] ] ] } },
{ "type": "Feature", "properties": { "count": 3, "label": 1, "cluster_id": 58 }, "geometry": { "type": "Polygon", "coordinates": [ [ [ 110.267123147330324, -1.959764623835148 ], [ 110.267302810387136, -1.959764623835148 ], [ 110.267302810387136, -1.959225634664676 ], [ 110.267123147330324, -1.959225634664676 ], [ 110.267123147330324, -1.959764623835148 ] ] ] } },
{ "type": "Feature", "properties": { "count": 24, "label": 1, "cluster_id": 58 }, "geometry": { "type": "Polygon", "coordinates": [ [ [ 110.266943484273497, -1.968388450562695 ], [ 110.266943484273497, -1.968747776676343 ], [ 110.267123147330324, -1.968747776676343 ], [ 110.267123147330324, -1.969107102789991 ], [ 110.267482473443962, -1.969107102789991 ], [ 110.267482473443962, -1.969286765846815 ], [ 110.267123147330324, -1.969286765846815 ], [ 110.267123147330324, -1.969646091960463 ], [ 110.267302810387136, -1.969646091960463 ], [ 110.267302810387136, -1.969825755017287 ], [ 110.267482473443962, -1.969825755017287 ], [ 110.267482473443962, -1.970005418074111 ], [ 110.267841799557615, -1.970005418074111 ], [ 110.267841799557615, -1.969825755017287 ], [ 110.267662136500789, -1.969825755017287 ], [ 110.267662136500789, -1.969646091960463 ], [ 110.267841799557615, -1.969646091960463 ], [ 110.267841799557615, -1.969466428903639 ], [ 110.267662136500789, -1.969466428903639 ], [ 110.267662136500789, -1.968568113619519 ], [ 110.267302810387136, -1.968568113619519 ], [ 110.267302810387136, -1.968388450562695 ], [ 110.266943484273497, -1.968388450562695 ] ] ] } },
{ "type": "Feature", "properties": { "count": 2, "label": 1, "cluster_id": 58 }, "geometry": { "type": "Polygon", "coordinates": [ [ [ 110.267302810387136, -1.958327319380557 ], [ 110.267482473443962, -1.958327319380557 ], [ 110.267482473443962, -1.957967993266909 ], [ 110.267302810387136, -1.957967993266909 ], [ 110.267302810387136, -1.958327319380557 ] ] ] } },
{ "type": "Feature", "properties": { "count": 1, "label": 1, "cluster_id": 58 }, "geometry": { "type": "Polygon", "coordinates": [ [ [ 110.267302810387136, -1.958686645494205 ], [ 110.267482473443962, -1.958686645494205 ], [ 110.267482473443962, -1.958506982437381 ], [ 110.267302810387136, -1.958506982437381 ], [ 110.267302810387136, -1.958686645494205 ] ] ] } },
{ "type": "Feature", "properties": { "count": 3, "label": 1, "cluster_id": 58 }, "geometry": { "type": "Polygon", "coordinates": [ [ [ 110.267302810387136, -1.960842602176091 ], [ 110.267482473443962, -1.960842602176091 ], [ 110.267482473443962, -1.96030361300562 ], [ 110.267302810387136, -1.96030361300562 ], [ 110.267302810387136, -1.960842602176091 ] ] ] } },
{ "type": "Feature", "properties": { "count": 1, "label": 1, "cluster_id": 58 }, "geometry": { "type": "Polygon", "coordinates": [ [ [ 110.267302810387136, -1.961561254403387 ], [ 110.267482473443962, -1.961561254403387 ], [ 110.267482473443962, -1.961381591346563 ], [ 110.267302810387136, -1.961381591346563 ], [ 110.267302810387136, -1.961561254403387 ] ] ] } },
{ "type": "Feature", "properties": { "count": 2, "label": 1, "cluster_id": 58 }, "geometry": { "type": "Polygon", "coordinates": [ [ [ 110.267482473443962, -1.95203911239172 ], [ 110.267662136500789, -1.95203911239172 ], [ 110.267662136500789, -1.951679786278072 ], [ 110.267482473443962, -1.951679786278072 ], [ 110.267482473443962, -1.95203911239172 ] ] ] } },
{ "type": "Feature", "properties": { "count": 1, "label": 1, "cluster_id": 58 }, "geometry": { "type": "Polygon", "coordinates": [ [ [ 110.267482473443962, -1.9594052977215 ], [ 110.267662136500789, -1.9594052977215 ], [ 110.267662136500789, -1.959225634664676 ], [ 110.267482473443962, -1.959225634664676 ], [ 110.267482473443962, -1.9594052977215 ] ] ] } },
{ "type": "Feature", "properties": { "count": 9, "label": 1, "cluster_id": 58 }, "geometry": { "type": "Polygon", "coordinates": [ [ [ 110.267302810387136, -1.965513841653513 ], [ 110.267302810387136, -1.965873167767161 ], [ 110.267123147330324, -1.965873167767161 ], [ 110.267123147330324, -1.966052830823985 ], [ 110.267482473443962, -1.966052830823985 ], [ 110.267482473443962, -1.965873167767161 ], [ 110.267662136500789, -1.965873167767161 ], [ 110.267662136500789, -1.966052830823985 ], [ 110.267841799557615, -1.966052830823985 ], [ 110.267841799557615, -1.965873167767161 ], [ 110.268021462614442, -1.965873167767161 ], [ 110.268021462614442, -1.965693504710337 ], [ 110.267662136500789, -1.965693504710337 ], [ 110.267662136500789, -1.965513841653513 ], [ 110.267302810387136, -1.965513841653513 ] ] ] } },
{ "type": "Feature", "properties": { "count": 2, "label": 1, "cluster_id": 58 }, "geometry": { "type": "Polygon", "coordinates": [ [ [ 110.267662136500789, -1.920598077447537 ], [ 110.267841799557615, -1.920598077447537 ], [ 110.267841799557615, -1.920238751333889 ], [ 110.267662136500789, -1.920238751333889 ], [ 110.267662136500789, -1.920598077447537 ] ] ] } },
{ "type": "Feature", "properties": { "count": 4, "label": 1, "cluster_id": 58 }, "geometry": { "type": "Polygon", "coordinates": [ [ [ 110.267662136500789, -1.950961134050777 ], [ 110.267662136500789, -1.951500123221249 ], [ 110.267841799557615, -1.951500123221249 ], [ 110.267841799557615, -1.951320460164425 ], [ 110.268021462614442, -1.951320460164425 ], [ 110.268021462614442, -1.951140797107601 ], [ 110.267841799557615, -1.951140797107601 ], [ 110.267841799557615, -1.950961134050777 ], [ 110.267662136500789, -1.950961134050777 ] ] ] } },
{ "type": "Feature", "properties": { "count": 9, "label": 1, "cluster_id": 58 }, "geometry": { "type": "Polygon", "coordinates": [ [ [ 110.267302810387136, -1.95293742767584 ], [ 110.267302810387136, -1.953476416846311 ], [ 110.267482473443962, -1.953476416846311 ], [ 110.267482473443962, -1.953296753789487 ], [ 110.267662136500789, -1.953296753789487 ], [ 110.267662136500789, -1.953656079903135 ], [ 110.267841799557615, -1.953656079903135 ], [ 110.267841799557615, -1.95293742767584 ], [ 110.267302810387136, -1.95293742767584 ] ] ] } },
{ "type": "Feature", "properties": { "count": 1, "label": 1, "cluster_id": 58 }, "geometry": { "type": "Polygon", "coordinates": [ [ [ 110.267662136500789, -1.955632373528198 ], [ 110.267841799557615, -1.955632373528198 ], [ 110.267841799557615, -1.955452710471374 ], [ 110.267662136500789, -1.955452710471374 ], [ 110.267662136500789, -1.955632373528198 ] ] ] } },
{ "type": "Feature", "properties": { "count": 2, "label": 1, "cluster_id": 58 }, "geometry": { "type": "Polygon", "coordinates": [ [ [ 110.267841799557615, -1.952218775448544 ], [ 110.268021462614442, -1.952218775448544 ], [ 110.268021462614442, -1.951859449334896 ], [ 110.267841799557615, -1.951859449334896 ], [ 110.267841799557615, -1.952218775448544 ] ] ] } },
{ "type": "Feature", "properties": { "count": 1, "label": 1, "cluster_id": 58 }, "geometry": { "type": "Polygon", "coordinates": [ [ [ 110.267841799557615, -1.95293742767584 ], [ 110.268021462614442, -1.95293742767584 ], [ 110.268021462614442, -1.952757764619016 ], [ 110.267841799557615, -1.952757764619016 ], [ 110.267841799557615, -1.95293742767584 ] ] ] } },
{ "type": "Feature", "properties": { "count": 1, "label": 1, "cluster_id": 58 }, "geometry": { "type": "Polygon", "coordinates": [ [ [ 110.267841799557615, -1.953835742959959 ], [ 110.268021462614442, -1.953835742959959 ], [ 110.268021462614442, -1.953656079903135 ], [ 110.267841799557615, -1.953656079903135 ], [ 110.267841799557615, -1.953835742959959 ] ] ] } },
{ "type": "Feature", "properties": { "count": 1, "label": 1, "cluster_id": 58 }, "geometry": { "type": "Polygon", "coordinates": [ [ [ 110.267841799557615, -1.957788330210085 ], [ 110.268021462614442, -1.957788330210085 ], [ 110.268021462614442, -1.957608667153261 ], [ 110.267841799557615, -1.957608667153261 ], [ 110.267841799557615, -1.957788330210085 ] ] ] } },
{ "type": "Feature", "properties": { "count": 4, "label": 1, "cluster_id": 58 }, "geometry": { "type": "Polygon", "coordinates": [ [ [ 110.267482473443962, -1.966412156937632 ], [ 110.267482473443962, -1.966591819994457 ], [ 110.267841799557615, -1.966591819994457 ], [ 110.267841799557615, -1.96677148305128 ], [ 110.268021462614442, -1.96677148305128 ], [ 110.268021462614442, -1.966412156937632 ], [ 110.267482473443962, -1.966412156937632 ] ] ] } },
{ "type": "Feature", "properties": { "count": 2, "label": 1, "cluster_id": 58 }, "geometry": { "type": "Polygon", "coordinates": [ [ [ 110.268021462614442, -1.920598077447537 ], [ 110.268201125671268, -1.920598077447537 ], [ 110.268201125671268, -1.920238751333889 ], [ 110.268021462614442, -1.920238751333889 ], [ 110.268021462614442, -1.920598077447537 ] ] ] } },
{ "type": "Feature", "properties": { "count": 2, "label": 1, "cluster_id": 58 }, "geometry": { "type": "Polygon", "coordinates": [ [ [ 110.268021462614442, -1.951859449334896 ], [ 110.268201125671268, -1.951859449334896 ], [ 110.268201125671268, -1.951500123221249 ], [ 110.268021462614442, -1.951500123221249 ], [ 110.268021462614442, -1.951859449334896 ] ] ] } },
{ "type": "Feature", "properties": { "count": 1, "label": 1, "cluster_id": 58 }, "geometry": { "type": "Polygon", "coordinates": [ [ [ 110.268021462614442, -1.952578101562192 ], [ 110.268201125671268, -1.952578101562192 ], [ 110.268201125671268, -1.952398438505368 ], [ 110.268021462614442, -1.952398438505368 ], [ 110.268021462614442, -1.952578101562192 ] ] ] } },
{ "type": "Feature", "properties": { "count": 1, "label": 1, "cluster_id": 58 }, "geometry": { "type": "Polygon", "coordinates": [ [ [ 110.268021462614442, -1.953656079903135 ], [ 110.268201125671268, -1.953656079903135 ], [ 110.268201125671268, -1.953476416846311 ], [ 110.268021462614442, -1.953476416846311 ], [ 110.268021462614442, -1.953656079903135 ] ] ] } },
{ "type": "Feature", "properties": { "count": 3, "label": 1, "cluster_id": 58 }, "geometry": { "type": "Polygon", "coordinates": [ [ [ 110.268021462614442, -1.955093384357727 ], [ 110.268201125671268, -1.955093384357727 ], [ 110.268201125671268, -1.954554395187255 ], [ 110.268021462614442, -1.954554395187255 ], [ 110.268021462614442, -1.955093384357727 ] ] ] } },
{ "type": "Feature", "properties": { "count": 1, "label": 1, "cluster_id": 58 }, "geometry": { "type": "Polygon", "coordinates": [ [ [ 110.268021462614442, -1.958686645494205 ], [ 110.268201125671268, -1.958686645494205 ], [ 110.268201125671268, -1.958506982437381 ], [ 110.268021462614442, -1.958506982437381 ], [ 110.268021462614442, -1.958686645494205 ] ] ] } },
{ "type": "Feature", "properties": { "count": 2, "label": 1, "cluster_id": 58 }, "geometry": { "type": "Polygon", "coordinates": [ [ [ 110.268021462614442, -1.960483276062444 ], [ 110.268201125671268, -1.960483276062444 ], [ 110.268201125671268, -1.960123949948796 ], [ 110.268021462614442, -1.960123949948796 ], [ 110.268021462614442, -1.960483276062444 ] ] ] } },
{ "type": "Feature", "properties": { "count": 1, "label": 1, "cluster_id": 58 }, "geometry": { "type": "Polygon", "coordinates": [ [ [ 110.268021462614442, -1.961201928289739 ], [ 110.268201125671268, -1.961201928289739 ], [ 110.268201125671268, -1.961022265232915 ], [ 110.268021462614442, -1.961022265232915 ], [ 110.268021462614442, -1.961201928289739 ] ] ] } },
{ "type": "Feature", "properties": { "count": 1, "label": 1, "cluster_id": 58 }, "geometry": { "type": "Polygon", "coordinates": [ [ [ 110.268021462614442, -1.962279906630683 ], [ 110.268201125671268, -1.962279906630683 ], [ 110.268201125671268, -1.962100243573859 ], [ 110.268021462614442, -1.962100243573859 ], [ 110.268021462614442, -1.962279906630683 ] ] ] } },
{ "type": "Feature", "properties": { "count": 1, "label": 1, "cluster_id": 58 }, "geometry": { "type": "Polygon", "coordinates": [ [ [ 110.268021462614442, -1.965513841653513 ], [ 110.268201125671268, -1.965513841653513 ], [ 110.268201125671268, -1.965334178596689 ], [ 110.268021462614442, -1.965334178596689 ], [ 110.268021462614442, -1.965513841653513 ] ] ] } },
{ "type": "Feature", "properties": { "count": 134, "label": 1, "cluster_id": 58 }, "geometry": { "type": "Polygon", "coordinates": [ [ [ 110.268201125671268, -1.946289894573355 ], [ 110.268201125671268, -1.946828883743827 ], [ 110.268380788728081, -1.946828883743827 ], [ 110.268380788728081, -1.947367872914299 ], [ 110.268201125671268, -1.947367872914299 ], [ 110.268201125671268, -1.947547535971123 ], [ 110.267662136500789, -1.947547535971123 ], [ 110.267662136500789, -1.94790686208477 ], [ 110.267841799557615, -1.94790686208477 ], [ 110.267841799557615, -1.948086525141594 ], [ 110.267662136500789, -1.948086525141594 ], [ 110.267662136500789, -1.94790686208477 ], [ 110.267482473443962, -1.94790686208477 ], [ 110.267482473443962, -1.948086525141594 ], [ 110.267123147330324, -1.948086525141594 ], [ 110.267123147330324, -1.948266188198418 ], [ 110.267302810387136, -1.948266188198418 ], [ 110.267302810387136, -1.948445851255242 ], [ 110.267482473443962, -1.948445851255242 ], [ 110.267482473443962, -1.94880517736889 ], [ 110.267662136500789, -1.94880517736889 ], [ 110.267662136500789, -1.948984840425714 ], [ 110.267841799557615, -1.948984840425714 ], [ 110.267841799557615, -1.949344166539362 ], [ 110.268021462614442, -1.949344166539362 ], [ 110.268021462614442, -1.949523829596185 ], [ 110.267841799557615, -1.949523829596185 ], [ 110.267841799557615, -1.949703492653009 ], [ 110.267123147330324, -1.949703492653009 ], [ 110.267123147330324, -1.949883155709833 ], [ 110.266763821216671, -1.949883155709833 ], [ 110.266763821216671, -1.950422144880305 ], [ 110.266404495103018, -1.950422144880305 ], [ 110.266404495103018, -1.950601807937129 ], [ 110.266224832046206, -1.950601807937129 ], [ 110.266224832046206, -1.951320460164425 ], [ 110.266584158159844, -1.951320460164425 ], [ 110.266584158159844, -1.951140797107601 ], [ 110.266763821216671, -1.951140797107601 ], [ 110.266763821216671, -1.951320460164425 ], [ 110.267123147330324, -1.951320460164425 ], [ 110.267123147330324, -1.951140797107601 ], [ 110.267302810387136, -1.951140797107601 ], [ 110.267302810387136, -1.951320460164425 ], [ 110.267482473443962, -1.951320460164425 ], [ 110.267482473443962, -1.950961134050777 ], [ 110.267302810387136, -1.950961134050777 ], [ 110.267302810387136, -1.950781470993953 ], [ 110.267123147330324, -1.950781470993953 ], [ 110.267123147330324, -1.950601807937129 ], [ 110.267302810387136, -1.950601807937129 ], [ 110.267302810387136, -1.950781470993953 ], [ 110.267482473443962, -1.950781470993953 ], [ 110.267482473443962, -1.950961134050777 ], [ 110.267662136500789, -1.950961134050777 ], [ 110.267662136500789, -1.950601807937129 ], [ 110.267841799557615, -1.950601807937129 ], [ 110.267841799557615, -1.950961134050777 ], [ 110.268021462614442, -1.950961134050777 ], [ 110.268021462614442, -1.950062818766657 ], [ 110.268380788728081, -1.950062818766657 ], [ 110.268380788728081, -1.949883155709833 ], [ 110.268201125671268, -1.949883155709833 ], [ 110.268201125671268, -1.949344166539362 ], [ 110.268380788728081, -1.949344166539362 ], [ 110.268380788728081, -1.949164503482538 ], [ 110.268201125671268, -1.949164503482538 ], [ 110.268201125671268, -1.948625514312066 ], [ 110.268740114841734, -1.948625514312066 ], [ 110.268740114841734, -1.948445851255242 ], [ 110.268560451784907, -1.948445851255242 ], [ 110.268560451784907, -1.948266188198418 ], [ 110.268021462614442, -1.948266188198418 ], [ 110.268021462614442, -1.948086525141594 ], [ 110.268380788728081, -1.948086525141594 ], [ 110.268380788728081, -1.94790686208477 ], [ 110.268740114841734, -1.94790686208477 ], [ 110.268740114841734, -1.947727199027947 ], [ 110.269099440955387, -1.947727199027947 ], [ 110.269099440955387, -1.947547535971123 ], [ 110.26891977789856, -1.947547535971123 ], [ 110.26891977789856, -1.947188209857475 ], [ 110.268740114841734, -1.947188209857475 ], [ 110.268740114841734, -1.946828883743827 ], [ 110.268560451784907, -1.946828883743827 ], [ 110.268560451784907, -1.946649220687003 ], [ 110.268740114841734, -1.946649220687003 ], [ 110.268740114841734, -1.946828883743827 ], [ 110.26891977789856, -1.946828883743827 ], [ 110.26891977789856, -1.946469557630179 ], [ 110.268380788728081, -1.946469557630179 ], [ 110.268380788728081, -1.946289894573355 ], [ 110.268201125671268, -1.946289894573355 ] ], [ [ 110.267662136500789, -1.949883155709833 ], [ 110.267482473443962, -1.949883155709833 ], [ 110.267482473443962, -1.950422144880305 ], [ 110.267662136500789, -1.950422144880305 ], [ 110.267662136500789, -1.949883155709833 ] ] ] } },
{ "type": "Feature", "properties": { "count": 1, "label": 1, "cluster_id": 58 }, "geometry": { "type": "Polygon", "coordinates": [ [ [ 110.268201125671268, -1.951500123221249 ], [ 110.268380788728081, -1.951500123221249 ], [ 110.268380788728081, -1.951320460164425 ], [ 110.268201125671268, -1.951320460164425 ], [ 110.268201125671268, -1.951500123221249 ] ] ] } },
{ "type": "Feature", "properties": { "count": 1, "label": 1, "cluster_id": 58 }, "geometry": { "type": "Polygon", "coordinates": [ [ [ 110.268201125671268, -1.958147656323733 ], [ 110.268380788728081, -1.958147656323733 ], [ 110.268380788728081, -1.957967993266909 ], [ 110.268201125671268, -1.957967993266909 ], [ 110.268201125671268, -1.958147656323733 ] ] ] } },
{ "type": "Feature", "properties": { "count": 1, "label": 1, "cluster_id": 58 }, "geometry": { "type": "Polygon", "coordinates": [ [ [ 110.268201125671268, -1.959045971607853 ], [ 110.268380788728081, -1.959045971607853 ], [ 110.268380788728081, -1.958866308551029 ], [ 110.268201125671268, -1.958866308551029 ], [ 110.268201125671268, -1.959045971607853 ] ] ] } },
{ "type": "Feature", "properties": { "count": 2, "label": 1, "cluster_id": 58 }, "geometry": { "type": "Polygon", "coordinates": [ [ [ 110.268380788728081, -1.952218775448544 ], [ 110.268560451784907, -1.952218775448544 ], [ 110.268560451784907, -1.951859449334896 ], [ 110.268380788728081, -1.951859449334896 ], [ 110.268380788728081, -1.952218775448544 ] ] ] } },
{ "type": "Feature", "properties": { "count": 1, "label": 1, "cluster_id": 58 }, "geometry": { "type": "Polygon", "coordinates": [ [ [ 110.268380788728081, -1.955093384357727 ], [ 110.268560451784907, -1.955093384357727 ], [ 110.268560451784907, -1.954913721300903 ], [ 110.268380788728081, -1.954913721300903 ], [ 110.268380788728081, -1.955093384357727 ] ] ] } },
{ "type": "Feature", "properties": { "count": 1, "label": 1, "cluster_id": 58 }, "geometry": { "type": "Polygon", "coordinates": [ [ [ 110.268380788728081, -1.96030361300562 ], [ 110.268560451784907, -1.96030361300562 ], [ 110.268560451784907, -1.960123949948796 ], [ 110.268380788728081, -1.960123949948796 ], [ 110.268380788728081, -1.96030361300562 ] ] ] } },
{ "type": "Feature", "properties": { "count": 1, "label": 1, "cluster_id": 58 }, "geometry": { "type": "Polygon", "coordinates": [ [ [ 110.268380788728081, -1.961201928289739 ], [ 110.268560451784907, -1.961201928289739 ], [ 110.268560451784907, -1.961022265232915 ], [ 110.268380788728081, -1.961022265232915 ], [ 110.268380788728081, -1.961201928289739 ] ] ] } },
{ "type": "Feature", "properties": { "count": 2, "label": 1, "cluster_id": 58 }, "geometry": { "type": "Polygon", "coordinates": [ [ [ 110.268560451784907, -1.950422144880305 ], [ 110.268740114841734, -1.950422144880305 ], [ 110.268740114841734, -1.950062818766657 ], [ 110.268560451784907, -1.950062818766657 ], [ 110.268560451784907, -1.950422144880305 ] ] ] } },
{ "type": "Feature", "properties": { "count": 3, "label": 1, "cluster_id": 58 }, "geometry": { "type": "Polygon", "coordinates": [ [ [ 110.268560451784907, -1.953835742959959 ], [ 110.268740114841734, -1.953835742959959 ], [ 110.268740114841734, -1.953296753789487 ], [ 110.268560451784907, -1.953296753789487 ], [ 110.268560451784907, -1.953835742959959 ] ] ] } },
{ "type": "Feature", "properties": { "count": 1, "label": 1, "cluster_id": 58 }, "geometry": { "type": "Polygon", "coordinates": [ [ [ 110.268560451784907, -1.962100243573859 ], [ 110.268740114841734, -1.962100243573859 ], [ 110.268740114841734, -1.961920580517035 ], [ 110.268560451784907, -1.961920580517035 ], [ 110.268560451784907, -1.962100243573859 ] ] ] } },
{ "type": "Feature", "properties": { "count": 4, "label": 1, "cluster_id": 58 }, "geometry": { "type": "Polygon", "coordinates": [ [ [ 110.268560451784907, -1.964974852483041 ], [ 110.268560451784907, -1.965154515539865 ], [ 110.268201125671268, -1.965154515539865 ], [ 110.268201125671268, -1.965334178596689 ], [ 110.268740114841734, -1.965334178596689 ], [ 110.268740114841734, -1.964974852483041 ], [ 110.268560451784907, -1.964974852483041 ] ] ] } },
{ "type": "Feature", "properties": { "count": 3, "label": 1, "cluster_id": 58 }, "geometry": { "type": "Polygon", "coordinates": [ [ [ 110.268560451784907, -1.966052830823985 ], [ 110.268560451784907, -1.966232493880809 ], [ 110.268380788728081, -1.966232493880809 ], [ 110.268380788728081, -1.966412156937632 ], [ 110.268740114841734, -1.966412156937632 ], [ 110.268740114841734, -1.966052830823985 ], [ 110.268560451784907, -1.966052830823985 ] ] ] } },
{ "type": "Feature", "properties": { "count": 1, "label": 1, "cluster_id": 58 }, "geometry": { "type": "Polygon", "coordinates": [ [ [ 110.268740114841734, -1.919879425220241 ], [ 110.26891977789856, -1.919879425220241 ], [ 110.26891977789856, -1.919699762163417 ], [ 110.268740114841734, -1.919699762163417 ], [ 110.268740114841734, -1.919879425220241 ] ] ] } },
{ "type": "Feature", "properties": { "count": 1, "label": 1, "cluster_id": 58 }, "geometry": { "type": "Polygon", "coordinates": [ [ [ 110.268740114841734, -1.920238751333889 ], [ 110.26891977789856, -1.920238751333889 ], [ 110.26891977789856, -1.920059088277065 ], [ 110.268740114841734, -1.920059088277065 ], [ 110.268740114841734, -1.920238751333889 ] ] ] } },
{ "type": "Feature", "properties": { "count": 1, "label": 1, "cluster_id": 58 }, "geometry": { "type": "Polygon", "coordinates": [ [ [ 110.268740114841734, -1.950781470993953 ], [ 110.26891977789856, -1.950781470993953 ], [ 110.26891977789856, -1.950601807937129 ], [ 110.268740114841734, -1.950601807937129 ], [ 110.268740114841734, -1.950781470993953 ] ] ] } },
{ "type": "Feature", "properties": { "count": 3, "label": 1, "cluster_id": 58 }, "geometry": { "type": "Polygon", "coordinates": [ [ [ 110.268740114841734, -1.952578101562192 ], [ 110.26891977789856, -1.952578101562192 ], [ 110.26891977789856, -1.95203911239172 ], [ 110.268740114841734, -1.95203911239172 ], [ 110.268740114841734, -1.952578101562192 ] ] ] } },
{ "type": "Feature", "properties": { "count": 4, "label": 1, "cluster_id": 58 }, "geometry": { "type": "Polygon", "coordinates": [ [ [ 110.268740114841734, -1.961740917460211 ], [ 110.26891977789856, -1.961740917460211 ], [ 110.26891977789856, -1.961022265232915 ], [ 110.268740114841734, -1.961022265232915 ], [ 110.268740114841734, -1.961740917460211 ] ] ] } },
{ "type": "Feature", "properties": { "count": 2, "label": 1, "cluster_id": 58 }, "geometry": { "type": "Polygon", "coordinates": [ [ [ 110.26891977789856, -1.950422144880305 ], [ 110.269099440955387, -1.950422144880305 ], [ 110.269099440955387, -1.950062818766657 ], [ 110.26891977789856, -1.950062818766657 ], [ 110.26891977789856, -1.950422144880305 ] ] ] } },
{ "type": "Feature", "properties": { "count": 1, "label": 1, "cluster_id": 58 }, "geometry": { "type": "Polygon", "coordinates": [ [ [ 110.26891977789856, -1.95293742767584 ], [ 110.269099440955387, -1.95293742767584 ], [ 110.269099440955387, -1.952757764619016 ], [ 110.26891977789856, -1.952757764619016 ], [ 110.26891977789856, -1.95293742767584 ] ] ] } },
{ "type": "Feature", "properties": { "count": 2, "label": 1, "cluster_id": 58 }, "geometry": { "type": "Polygon", "coordinates": [ [ [ 110.26891977789856, -1.953476416846311 ], [ 110.269099440955387, -1.953476416846311 ], [ 110.269099440955387, -1.953117090732664 ], [ 110.26891977789856, -1.953117090732664 ], [ 110.26891977789856, -1.953476416846311 ] ] ] } },
{ "type": "Feature", "properties": { "count": 1, "label": 1, "cluster_id": 58 }, "geometry": { "type": "Polygon", "coordinates": [ [ [ 110.26891977789856, -1.953835742959959 ], [ 110.269099440955387, -1.953835742959959 ], [ 110.269099440955387, -1.953656079903135 ], [ 110.26891977789856, -1.953656079903135 ], [ 110.26891977789856, -1.953835742959959 ] ] ] } },
{ "type": "Feature", "properties": { "count": 2, "label": 1, "cluster_id": 58 }, "geometry": { "type": "Polygon", "coordinates": [ [ [ 110.268740114841734, -1.962279906630683 ], [ 110.269099440955387, -1.962279906630683 ], [ 110.269099440955387, -1.962100243573859 ], [ 110.268740114841734, -1.962100243573859 ], [ 110.268740114841734, -1.962279906630683 ] ] ] } },
{ "type": "Feature", "properties": { "count": 1, "label": 1, "cluster_id": 58 }, "geometry": { "type": "Polygon", "coordinates": [ [ [ 110.26891977789856, -1.96263923274433 ], [ 110.269099440955387, -1.96263923274433 ], [ 110.269099440955387, -1.962459569687507 ], [ 110.26891977789856, -1.962459569687507 ], [ 110.26891977789856, -1.96263923274433 ] ] ] } },
{ "type": "Feature", "properties": { "count": 2, "label": 1, "cluster_id": 58 }, "geometry": { "type": "Polygon", "coordinates": [ [ [ 110.269099440955387, -1.920238751333889 ], [ 110.269279104012199, -1.920238751333889 ], [ 110.269279104012199, -1.919879425220241 ], [ 110.269099440955387, -1.919879425220241 ], [ 110.269099440955387, -1.920238751333889 ] ] ] } },
{ "type": "Feature", "properties": { "count": 7, "label": 1, "cluster_id": 58 }, "geometry": { "type": "Polygon", "coordinates": [ [ [ 110.269099440955387, -1.944852590118764 ], [ 110.269099440955387, -1.94557124234606 ], [ 110.269638430125852, -1.94557124234606 ], [ 110.269638430125852, -1.945391579289236 ], [ 110.269279104012199, -1.945391579289236 ], [ 110.269279104012199, -1.945211916232412 ], [ 110.269458767069025, -1.945211916232412 ], [ 110.269458767069025, -1.945032253175588 ], [ 110.269279104012199, -1.945032253175588 ], [ 110.269279104012199, -1.944852590118764 ], [ 110.269099440955387, -1.944852590118764 ] ] ] } },
{ "type": "Feature", "properties": { "count": 7, "label": 1, "cluster_id": 58 }, "geometry": { "type": "Polygon", "coordinates": [ [ [ 110.269099440955387, -1.945750905402883 ], [ 110.269099440955387, -1.946110231516531 ], [ 110.269279104012199, -1.946110231516531 ], [ 110.269279104012199, -1.946289894573355 ], [ 110.269458767069025, -1.946289894573355 ], [ 110.269458767069025, -1.946469557630179 ], [ 110.269638430125852, -1.946469557630179 ], [ 110.269638430125852, -1.946289894573355 ], [ 110.269818093182678, -1.946289894573355 ], [ 110.269818093182678, -1.946110231516531 ], [ 110.269458767069025, -1.946110231516531 ], [ 110.269458767069025, -1.945930568459707 ], [ 110.269279104012199, -1.945930568459707 ], [ 110.269279104012199, -1.945750905402883 ], [ 110.269099440955387, -1.945750905402883 ] ] ] } },
{ "type": "Feature", "properties": { "count": 1, "label": 1, "cluster_id": 58 }, "geometry": { "type": "Polygon", "coordinates": [ [ [ 110.269099440955387, -1.951679786278072 ], [ 110.269279104012199, -1.951679786278072 ], [ 110.269279104012199, -1.951500123221249 ], [ 110.269099440955387, -1.951500123221249 ], [ 110.269099440955387, -1.951679786278072 ] ] ] } },
{ "type": "Feature", "properties": { "count": 1, "label": 1, "cluster_id": 58 }, "geometry": { "type": "Polygon", "coordinates": [ [ [ 110.269099440955387, -1.955452710471374 ], [ 110.269279104012199, -1.955452710471374 ], [ 110.269279104012199, -1.955273047414551 ], [ 110.269099440955387, -1.955273047414551 ], [ 110.269099440955387, -1.955452710471374 ] ] ] } },
{ "type": "Feature", "properties": { "count": 2, "label": 1, "cluster_id": 58 }, "geometry": { "type": "Polygon", "coordinates": [ [ [ 110.269099440955387, -1.961740917460211 ], [ 110.269279104012199, -1.961740917460211 ], [ 110.269279104012199, -1.961381591346563 ], [ 110.269099440955387, -1.961381591346563 ], [ 110.269099440955387, -1.961740917460211 ] ] ] } },
{ "type": "Feature", "properties": { "count": 1, "label": 1, "cluster_id": 58 }, "geometry": { "type": "Polygon", "coordinates": [ [ [ 110.269279104012199, -1.918981109936122 ], [ 110.269458767069025, -1.918981109936122 ], [ 110.269458767069025, -1.918801446879298 ], [ 110.269279104012199, -1.918801446879298 ], [ 110.269279104012199, -1.918981109936122 ] ] ] } },
{ "type": "Feature", "properties": { "count": 1, "label": 1, "cluster_id": 58 }, "geometry": { "type": "Polygon", "coordinates": [ [ [ 110.269279104012199, -1.91934043604977 ], [ 110.269458767069025, -1.91934043604977 ], [ 110.269458767069025, -1.919160772992946 ], [ 110.269279104012199, -1.919160772992946 ], [ 110.269279104012199, -1.91934043604977 ] ] ] } },
{ "type": "Feature", "properties": { "count": 1, "label": 1, "cluster_id": 58 }, "geometry": { "type": "Polygon", "coordinates": [ [ [ 110.269279104012199, -1.953117090732664 ], [ 110.269458767069025, -1.953117090732664 ], [ 110.269458767069025, -1.95293742767584 ], [ 110.269279104012199, -1.95293742767584 ], [ 110.269279104012199, -1.953117090732664 ] ] ] } },
{ "type": "Feature", "properties": { "count": 1, "label": 1, "cluster_id": 58 }, "geometry": { "type": "Polygon", "coordinates": [ [ [ 110.269279104012199, -1.953476416846311 ], [ 110.269458767069025, -1.953476416846311 ], [ 110.269458767069025, -1.953296753789487 ], [ 110.269279104012199, -1.953296753789487 ], [ 110.269279104012199, -1.953476416846311 ] ] ] } },
{ "type": "Feature", "properties": { "count": 1, "label": 1, "cluster_id": 58 }, "geometry": { "type": "Polygon", "coordinates": [ [ [ 110.269458767069025, -1.920059088277065 ], [ 110.269638430125852, -1.920059088277065 ], [ 110.269638430125852, -1.919879425220241 ], [ 110.269458767069025, -1.919879425220241 ], [ 110.269458767069025, -1.920059088277065 ] ] ] } },
{ "type": "Feature", "properties": { "count": 1, "label": 1, "cluster_id": 58 }, "geometry": { "type": "Polygon", "coordinates": [ [ [ 110.269458767069025, -1.951679786278072 ], [ 110.269638430125852, -1.951679786278072 ], [ 110.269638430125852, -1.951500123221249 ], [ 110.269458767069025, -1.951500123221249 ], [ 110.269458767069025, -1.951679786278072 ] ] ] } },
{ "type": "Feature", "properties": { "count": 2, "label": 1, "cluster_id": 58 }, "geometry": { "type": "Polygon", "coordinates": [ [ [ 110.269458767069025, -1.954015406016783 ], [ 110.269638430125852, -1.954015406016783 ], [ 110.269638430125852, -1.953656079903135 ], [ 110.269458767069025, -1.953656079903135 ], [ 110.269458767069025, -1.954015406016783 ] ] ] } },
{ "type": "Feature", "properties": { "count": 2, "label": 1, "cluster_id": 58 }, "geometry": { "type": "Polygon", "coordinates": [ [ [ 110.269458767069025, -1.955452710471374 ], [ 110.269638430125852, -1.955452710471374 ], [ 110.269638430125852, -1.955093384357727 ], [ 110.269458767069025, -1.955093384357727 ], [ 110.269458767069025, -1.955452710471374 ] ] ] } },
{ "type": "Feature", "properties": { "count": 1, "label": 1, "cluster_id": 58 }, "geometry": { "type": "Polygon", "coordinates": [ [ [ 110.269458767069025, -1.955991699641846 ], [ 110.269638430125852, -1.955991699641846 ], [ 110.269638430125852, -1.955812036585022 ], [ 110.269458767069025, -1.955812036585022 ], [ 110.269458767069025, -1.955991699641846 ] ] ] } },
{ "type": "Feature", "properties": { "count": 1, "label": 1, "cluster_id": 58 }, "geometry": { "type": "Polygon", "coordinates": [ [ [ 110.269458767069025, -1.961201928289739 ], [ 110.269638430125852, -1.961201928289739 ], [ 110.269638430125852, -1.961022265232915 ], [ 110.269458767069025, -1.961022265232915 ], [ 110.269458767069025, -1.961201928289739 ] ] ] } },
{ "type": "Feature", "properties": { "count": 1, "label": 1, "cluster_id": 58 }, "geometry": { "type": "Polygon", "coordinates": [ [ [ 110.269458767069025, -1.96263923274433 ], [ 110.269638430125852, -1.96263923274433 ], [ 110.269638430125852, -1.962459569687507 ], [ 110.269458767069025, -1.962459569687507 ], [ 110.269458767069025, -1.96263923274433 ] ] ] } },
{ "type": "Feature", "properties": { "count": 1, "label": 1, "cluster_id": 58 }, "geometry": { "type": "Polygon", "coordinates": [ [ [ 110.269458767069025, -1.963717211085274 ], [ 110.269638430125852, -1.963717211085274 ], [ 110.269638430125852, -1.96353754802845 ], [ 110.269458767069025, -1.96353754802845 ], [ 110.269458767069025, -1.963717211085274 ] ] ] } },
{ "type": "Feature", "properties": { "count": 58, "label": 1, "cluster_id": 58 }, "geometry": { "type": "Polygon", "coordinates": [ [ [ 110.269458767069025, -1.969286765846815 ], [ 110.269458767069025, -1.969466428903639 ], [ 110.269279104012199, -1.969466428903639 ], [ 110.269279104012199, -1.969646091960463 ], [ 110.269099440955387, -1.969646091960463 ], [ 110.269099440955387, -1.969825755017287 ], [ 110.269279104012199, -1.969825755017287 ], [ 110.269279104012199, -1.970005418074111 ], [ 110.269458767069025, -1.970005418074111 ], [ 110.269458767069025, -1.970185081130934 ], [ 110.269279104012199, -1.970185081130934 ], [ 110.269279104012199, -1.970364744187758 ], [ 110.269099440955387, -1.970364744187758 ], [ 110.269099440955387, -1.970544407244582 ], [ 110.26891977789856, -1.970544407244582 ], [ 110.26891977789856, -1.970724070301406 ], [ 110.268560451784907, -1.970724070301406 ], [ 110.268560451784907, -1.970544407244582 ], [ 110.268380788728081, -1.970544407244582 ], [ 110.268380788728081, -1.970364744187758 ], [ 110.268560451784907, -1.970364744187758 ], [ 110.268560451784907, -1.970185081130934 ], [ 110.268201125671268, -1.970185081130934 ], [ 110.268201125671268, -1.970364744187758 ], [ 110.267662136500789, -1.970364744187758 ], [ 110.267662136500789, -1.97090373335823 ], [ 110.267841799557615, -1.97090373335823 ], [ 110.267841799557615, -1.971083396415054 ], [ 110.268201125671268, -1.971083396415054 ], [ 110.268201125671268, -1.971263059471878 ], [ 110.269099440955387, -1.971263059471878 ], [ 110.269099440955387, -1.971083396415054 ], [ 110.269458767069025, -1.971083396415054 ], [ 110.269458767069025, -1.97090373335823 ], [ 110.269638430125852, -1.97090373335823 ], [ 110.269638430125852, -1.970544407244582 ], [ 110.269818093182678, -1.970544407244582 ], [ 110.269818093182678, -1.969825755017287 ], [ 110.269638430125852, -1.969825755017287 ], [ 110.269638430125852, -1.969286765846815 ], [ 110.269458767069025, -1.969286765846815 ] ] ] } },
{ "type": "Feature", "properties": { "count": 1, "label": 1, "cluster_id": 58 }, "geometry": { "type": "Polygon", "coordinates": [ [ [ 110.269638430125852, -1.951320460164425 ], [ 110.269818093182678, -1.951320460164425 ], [ 110.269818093182678, -1.951140797107601 ], [ 110.269638430125852, -1.951140797107601 ], [ 110.269638430125852, -1.951320460164425 ] ] ] } },
{ "type": "Feature", "properties": { "count": 1, "label": 1, "cluster_id": 58 }, "geometry": { "type": "Polygon", "coordinates": [ [ [ 110.269638430125852, -1.954195069073607 ], [ 110.269818093182678, -1.954195069073607 ], [ 110.269818093182678, -1.954015406016783 ], [ 110.269638430125852, -1.954015406016783 ], [ 110.269638430125852, -1.954195069073607 ] ] ] } },
{ "type": "Feature", "properties": { "count": 1, "label": 1, "cluster_id": 58 }, "geometry": { "type": "Polygon", "coordinates": [ [ [ 110.269638430125852, -1.954554395187255 ], [ 110.269818093182678, -1.954554395187255 ], [ 110.269818093182678, -1.954374732130431 ], [ 110.269638430125852, -1.954374732130431 ], [ 110.269638430125852, -1.954554395187255 ] ] ] } },
{ "type": "Feature", "properties": { "count": 8, "label": 1, "cluster_id": 58 }, "geometry": { "type": "Polygon", "coordinates": [ [ [ 110.269638430125852, -1.961201928289739 ], [ 110.269638430125852, -1.962100243573859 ], [ 110.269458767069025, -1.962100243573859 ], [ 110.269458767069025, -1.962279906630683 ], [ 110.269818093182678, -1.962279906630683 ], [ 110.269818093182678, -1.962100243573859 ], [ 110.269997756239505, -1.962100243573859 ], [ 110.269997756239505, -1.961920580517035 ], [ 110.269818093182678, -1.961920580517035 ], [ 110.269818093182678, -1.961201928289739 ], [ 110.269638430125852, -1.961201928289739 ] ] ] } },
{ "type": "Feature", "properties": { "count": 2, "label": 1, "cluster_id": 58 }, "geometry": { "type": "Polygon", "coordinates": [ [ [ 110.269818093182678, -1.94557124234606 ], [ 110.269997756239505, -1.94557124234606 ], [ 110.269997756239505, -1.945211916232412 ], [ 110.269818093182678, -1.945211916232412 ], [ 110.269818093182678, -1.94557124234606 ] ] ] } },
{ "type": "Feature", "properties": { "count": 50, "label": 1, "cluster_id": 58 }, "geometry": { "type": "Polygon", "coordinates": [ [ [ 110.269818093182678, -1.947188209857475 ], [ 110.269818093182678, -1.947367872914299 ], [ 110.269458767069025, -1.947367872914299 ], [ 110.269458767069025, -1.947727199027947 ], [ 110.269638430125852, -1.947727199027947 ], [ 110.269638430125852, -1.94790686208477 ], [ 110.270177419296331, -1.94790686208477 ], [ 110.270177419296331, -1.948086525141594 ], [ 110.269997756239505, -1.948086525141594 ], [ 110.269997756239505, -1.948266188198418 ], [ 110.269818093182678, -1.948266188198418 ], [ 110.269818093182678, -1.948445851255242 ], [ 110.269279104012199, -1.948445851255242 ], [ 110.269279104012199, -1.948086525141594 ], [ 110.26891977789856, -1.948086525141594 ], [ 110.26891977789856, -1.94880517736889 ], [ 110.269458767069025, -1.94880517736889 ], [ 110.269458767069025, -1.948984840425714 ], [ 110.269638430125852, -1.948984840425714 ], [ 110.269638430125852, -1.94880517736889 ], [ 110.269818093182678, -1.94880517736889 ], [ 110.269818093182678, -1.948625514312066 ], [ 110.269997756239505, -1.948625514312066 ], [ 110.269997756239505, -1.94880517736889 ], [ 110.270177419296331, -1.94880517736889 ], [ 110.270177419296331, -1.948625514312066 ], [ 110.27053674540997, -1.948625514312066 ], [ 110.27053674540997, -1.948445851255242 ], [ 110.270716408466797, -1.948445851255242 ], [ 110.270716408466797, -1.948266188198418 ], [ 110.270896071523623, -1.948266188198418 ], [ 110.270896071523623, -1.947727199027947 ], [ 110.27053674540997, -1.947727199027947 ], [ 110.27053674540997, -1.94790686208477 ], [ 110.270716408466797, -1.94790686208477 ], [ 110.270716408466797, -1.948086525141594 ], [ 110.27053674540997, -1.948086525141594 ], [ 110.27053674540997, -1.94790686208477 ], [ 110.270357082353144, -1.94790686208477 ], [ 110.270357082353144, -1.947727199027947 ], [ 110.27053674540997, -1.947727199027947 ], [ 110.27053674540997, -1.947547535971123 ], [ 110.270177419296331, -1.947547535971123 ], [ 110.270177419296331, -1.947367872914299 ], [ 110.269997756239505, -1.947367872914299 ], [ 110.269997756239505, -1.947188209857475 ], [ 110.269818093182678, -1.947188209857475 ] ] ] } },
{ "type": "Feature", "properties": { "count": 1, "label": 1, "cluster_id": 58 }, "geometry": { "type": "Polygon", "coordinates": [ [ [ 110.269818093182678, -1.954015406016783 ], [ 110.269997756239505, -1.954015406016783 ], [ 110.269997756239505, -1.953835742959959 ], [ 110.269818093182678, -1.953835742959959 ], [ 110.269818093182678, -1.954015406016783 ] ] ] } },
{ "type": "Feature", "properties": { "count": 4, "label": 1, "cluster_id": 58 }, "geometry": { "type": "Polygon", "coordinates": [ [ [ 110.269818093182678, -1.955452710471374 ], [ 110.269818093182678, -1.955632373528198 ], [ 110.269638430125852, -1.955632373528198 ], [ 110.269638430125852, -1.955812036585022 ], [ 110.270177419296331, -1.955812036585022 ], [ 110.270177419296331, -1.955632373528198 ], [ 110.269997756239505, -1.955632373528198 ], [ 110.269997756239505, -1.955452710471374 ], [ 110.269818093182678, -1.955452710471374 ] ] ] } },
{ "type": "Feature", "properties": { "count": 4, "label": 1, "cluster_id": 58 }, "geometry": { "type": "Polygon", "coordinates": [ [ [ 110.269818093182678, -1.962279906630683 ], [ 110.269818093182678, -1.96263923274433 ], [ 110.270357082353144, -1.96263923274433 ], [ 110.270357082353144, -1.962459569687507 ], [ 110.269997756239505, -1.962459569687507 ], [ 110.269997756239505, -1.962279906630683 ], [ 110.269818093182678, -1.962279906630683 ] ] ] } },
{ "type": "Feature", "properties": { "count": 1, "label": 1, "cluster_id": 58 }, "geometry": { "type": "Polygon", "coordinates": [ [ [ 110.269818093182678, -1.963896874142098 ], [ 110.269997756239505, -1.963896874142098 ], [ 110.269997756239505, -1.963717211085274 ], [ 110.269818093182678, -1.963717211085274 ], [ 110.269818093182678, -1.963896874142098 ] ] ] } },
{ "type": "Feature", "properties": { "count": 1, "label": 1, "cluster_id": 58 }, "geometry": { "type": "Polygon", "coordinates": [ [ [ 110.269818093182678, -1.96443586331257 ], [ 110.269997756239505, -1.96443586331257 ], [ 110.269997756239505, -1.964256200255746 ], [ 110.269818093182678, -1.964256200255746 ], [ 110.269818093182678, -1.96443586331257 ] ] ] } },
{ "type": "Feature", "properties": { "count": 1, "label": 1, "cluster_id": 58 }, "geometry": { "type": "Polygon", "coordinates": [ [ [ 110.269997756239505, -1.951320460164425 ], [ 110.270177419296331, -1.951320460164425 ], [ 110.270177419296331, -1.951140797107601 ], [ 110.269997756239505, -1.951140797107601 ], [ 110.269997756239505, -1.951320460164425 ] ] ] } },
{ "type": "Feature", "properties": { "count": 7, "label": 1, "cluster_id": 58 }, "geometry": { "type": "Polygon", "coordinates": [ [ [ 110.269638430125852, -1.955991699641846 ], [ 110.269638430125852, -1.956710351869142 ], [ 110.269818093182678, -1.956710351869142 ], [ 110.269818093182678, -1.956351025755494 ], [ 110.269997756239505, -1.956351025755494 ], [ 110.269997756239505, -1.95617136269867 ], [ 110.270177419296331, -1.95617136269867 ], [ 110.270177419296331, -1.955991699641846 ], [ 110.269638430125852, -1.955991699641846 ] ] ] } },
{ "type": "Feature", "properties": { "count": 1, "label": 1, "cluster_id": 58 }, "geometry": { "type": "Polygon", "coordinates": [ [ [ 110.269997756239505, -1.958147656323733 ], [ 110.270177419296331, -1.958147656323733 ], [ 110.270177419296331, -1.957967993266909 ], [ 110.269997756239505, -1.957967993266909 ], [ 110.269997756239505, -1.958147656323733 ] ] ] } },
{ "type": "Feature", "properties": { "count": 1, "label": 1, "cluster_id": 58 }, "geometry": { "type": "Polygon", "coordinates": [ [ [ 110.269997756239505, -1.96030361300562 ], [ 110.270177419296331, -1.96030361300562 ], [ 110.270177419296331, -1.960123949948796 ], [ 110.269997756239505, -1.960123949948796 ], [ 110.269997756239505, -1.96030361300562 ] ] ] } },
{ "type": "Feature", "properties": { "count": 1, "label": 1, "cluster_id": 58 }, "geometry": { "type": "Polygon", "coordinates": [ [ [ 110.269997756239505, -1.960662939119268 ], [ 110.270177419296331, -1.960662939119268 ], [ 110.270177419296331, -1.960483276062444 ], [ 110.269997756239505, -1.960483276062444 ], [ 110.269997756239505, -1.960662939119268 ] ] ] } },
{ "type": "Feature", "properties": { "count": 1, "label": 1, "cluster_id": 58 }, "geometry": { "type": "Polygon", "coordinates": [ [ [ 110.269997756239505, -1.961022265232915 ], [ 110.270177419296331, -1.961022265232915 ], [ 110.270177419296331, -1.960842602176091 ], [ 110.269997756239505, -1.960842602176091 ], [ 110.269997756239505, -1.961022265232915 ] ] ] } },
{ "type": "Feature", "properties": { "count": 1, "label": 1, "cluster_id": 58 }, "geometry": { "type": "Polygon", "coordinates": [ [ [ 110.269997756239505, -1.962279906630683 ], [ 110.270177419296331, -1.962279906630683 ], [ 110.270177419296331, -1.962100243573859 ], [ 110.269997756239505, -1.962100243573859 ], [ 110.269997756239505, -1.962279906630683 ] ] ] } },
{ "type": "Feature", "properties": { "count": 9, "label": 1, "cluster_id": 58 }, "geometry": { "type": "Polygon", "coordinates": [ [ [ 110.270177419296331, -1.94467292706194 ], [ 110.270177419296331, -1.944852590118764 ], [ 110.269997756239505, -1.944852590118764 ], [ 110.269997756239505, -1.945032253175588 ], [ 110.270357082353144, -1.945032253175588 ], [ 110.270357082353144, -1.945211916232412 ], [ 110.27053674540997, -1.945211916232412 ], [ 110.27053674540997, -1.945750905402883 ], [ 110.270716408466797, -1.945750905402883 ], [ 110.270716408466797, -1.945032253175588 ], [ 110.27053674540997, -1.945032253175588 ], [ 110.27053674540997, -1.944852590118764 ], [ 110.270357082353144, -1.944852590118764 ], [ 110.270357082353144, -1.94467292706194 ], [ 110.270177419296331, -1.94467292706194 ] ] ] } },
{ "type": "Feature", "properties": { "count": 1, "label": 1, "cluster_id": 58 }, "geometry": { "type": "Polygon", "coordinates": [ [ [ 110.270177419296331, -1.945391579289236 ], [ 110.270357082353144, -1.945391579289236 ], [ 110.270357082353144, -1.945211916232412 ], [ 110.270177419296331, -1.945211916232412 ], [ 110.270177419296331, -1.945391579289236 ] ] ] } },
{ "type": "Feature", "properties": { "count": 2, "label": 1, "cluster_id": 58 }, "geometry": { "type": "Polygon", "coordinates": [ [ [ 110.269997756239505, -1.946828883743827 ], [ 110.270357082353144, -1.946828883743827 ], [ 110.270357082353144, -1.946649220687003 ], [ 110.269997756239505, -1.946649220687003 ], [ 110.269997756239505, -1.946828883743827 ] ] ] } },
{ "type": "Feature", "properties": { "count": 1, "label": 1, "cluster_id": 58 }, "geometry": { "type": "Polygon", "coordinates": [ [ [ 110.270177419296331, -1.954734058244079 ], [ 110.270357082353144, -1.954734058244079 ], [ 110.270357082353144, -1.954554395187255 ], [ 110.270177419296331, -1.954554395187255 ], [ 110.270177419296331, -1.954734058244079 ] ] ] } },
{ "type": "Feature", "properties": { "count": 1, "label": 1, "cluster_id": 58 }, "geometry": { "type": "Polygon", "coordinates": [ [ [ 110.270177419296331, -1.963896874142098 ], [ 110.270357082353144, -1.963896874142098 ], [ 110.270357082353144, -1.963717211085274 ], [ 110.270177419296331, -1.963717211085274 ], [ 110.270177419296331, -1.963896874142098 ] ] ] } },
{ "type": "Feature", "properties": { "count": 1, "label": 1, "cluster_id": 58 }, "geometry": { "type": "Polygon", "coordinates": [ [ [ 110.270177419296331, -1.964256200255746 ], [ 110.270357082353144, -1.964256200255746 ], [ 110.270357082353144, -1.964076537198922 ], [ 110.270177419296331, -1.964076537198922 ], [ 110.270177419296331, -1.964256200255746 ] ] ] } },
{ "type": "Feature", "properties": { "count": 1, "label": 1, "cluster_id": 58 }, "geometry": { "type": "Polygon", "coordinates": [ [ [ 110.270357082353144, -1.947188209857475 ], [ 110.27053674540997, -1.947188209857475 ], [ 110.27053674540997, -1.947008546800651 ], [ 110.270357082353144, -1.947008546800651 ], [ 110.270357082353144, -1.947188209857475 ] ] ] } },
{ "type": "Feature", "properties": { "count": 1, "label": 1, "cluster_id": 58 }, "geometry": { "type": "Polygon", "coordinates": [ [ [ 110.270357082353144, -1.952218775448544 ], [ 110.27053674540997, -1.952218775448544 ], [ 110.27053674540997, -1.95203911239172 ], [ 110.270357082353144, -1.95203911239172 ], [ 110.270357082353144, -1.952218775448544 ] ] ] } },
{ "type": "Feature", "properties": { "count": 103, "label": 1, "cluster_id": 58 }, "geometry": { "type": "Polygon", "coordinates": [ [ [ 110.270357082353144, -1.952398438505368 ], [ 110.270357082353144, -1.952578101562192 ], [ 110.270177419296331, -1.952578101562192 ], [ 110.270177419296331, -1.952757764619016 ], [ 110.269818093182678, -1.952757764619016 ], [ 110.269818093182678, -1.95293742767584 ], [ 110.269997756239505, -1.95293742767584 ], [ 110.269997756239505, -1.953296753789487 ], [ 110.270177419296331, -1.953296753789487 ], [ 110.270177419296331, -1.953476416846311 ], [ 110.27053674540997, -1.953476416846311 ], [ 110.27053674540997, -1.95293742767584 ], [ 110.270716408466797, -1.95293742767584 ], [ 110.270716408466797, -1.953117090732664 ], [ 110.27107573458045, -1.953117090732664 ], [ 110.27107573458045, -1.953656079903135 ], [ 110.270896071523623, -1.953656079903135 ], [ 110.270896071523623, -1.954015406016783 ], [ 110.27107573458045, -1.954015406016783 ], [ 110.27107573458045, -1.954195069073607 ], [ 110.271435060694088, -1.954195069073607 ], [ 110.271435060694088, -1.954913721300903 ], [ 110.271614723750915, -1.954913721300903 ], [ 110.271614723750915, -1.955273047414551 ], [ 110.271794386807741, -1.955273047414551 ], [ 110.271794386807741, -1.955093384357727 ], [ 110.272333375978207, -1.955093384357727 ], [ 110.272333375978207, -1.955452710471374 ], [ 110.272692702091859, -1.955452710471374 ], [ 110.272692702091859, -1.955273047414551 ], [ 110.272872365148686, -1.955273047414551 ], [ 110.272872365148686, -1.955093384357727 ], [ 110.273231691262325, -1.955093384357727 ], [ 110.273231691262325, -1.954913721300903 ], [ 110.273052028205512, -1.954913721300903 ], [ 110.273052028205512, -1.954554395187255 ], [ 110.272513039035033, -1.954554395187255 ], [ 110.272513039035033, -1.954015406016783 ], [ 110.272153712921394, -1.954015406016783 ], [ 110.272153712921394, -1.953835742959959 ], [ 110.271974049864568, -1.953835742959959 ], [ 110.271974049864568, -1.953476416846311 ], [ 110.271794386807741, -1.953476416846311 ], [ 110.271794386807741, -1.953296753789487 ], [ 110.271974049864568, -1.953296753789487 ], [ 110.271974049864568, -1.953117090732664 ], [ 110.271255397637262, -1.953117090732664 ], [ 110.271255397637262, -1.952578101562192 ], [ 110.27053674540997, -1.952578101562192 ], [ 110.27053674540997, -1.952398438505368 ], [ 110.270357082353144, -1.952398438505368 ] ], [ [ 110.271974049864568, -1.954015406016783 ], [ 110.271794386807741, -1.954015406016783 ], [ 110.271794386807741, -1.954195069073607 ], [ 110.271614723750915, -1.954195069073607 ], [ 110.271614723750915, -1.954374732130431 ], [ 110.271794386807741, -1.954374732130431 ], [ 110.271794386807741, -1.954195069073607 ], [ 110.271974049864568, -1.954195069073607 ], [ 110.271974049864568, -1.954374732130431 ], [ 110.272153712921394, -1.954374732130431 ], [ 110.272153712921394, -1.954195069073607 ], [ 110.271974049864568, -1.954195069073607 ], [ 110.271974049864568, -1.954015406016783 ] ] ] } },
{ "type": "Feature", "properties": { "count": 1, "label": 1, "cluster_id": 58 }, "geometry": { "type": "Polygon", "coordinates": [ [ [ 110.270357082353144, -1.954554395187255 ], [ 110.27053674540997, -1.954554395187255 ], [ 110.27053674540997, -1.954374732130431 ], [ 110.270357082353144, -1.954374732130431 ], [ 110.270357082353144, -1.954554395187255 ] ] ] } },
{ "type": "Feature", "properties": { "count": 1, "label": 1, "cluster_id": 58 }, "geometry": { "type": "Polygon", "coordinates": [ [ [ 110.270357082353144, -1.955812036585022 ], [ 110.27053674540997, -1.955812036585022 ], [ 110.27053674540997, -1.955632373528198 ], [ 110.270357082353144, -1.955632373528198 ], [ 110.270357082353144, -1.955812036585022 ] ] ] } },
{ "type": "Feature", "properties": { "count": 1, "label": 1, "cluster_id": 58 }, "geometry": { "type": "Polygon", "coordinates": [ [ [ 110.270357082353144, -1.956530688812318 ], [ 110.27053674540997, -1.956530688812318 ], [ 110.27053674540997, -1.956351025755494 ], [ 110.270357082353144, -1.956351025755494 ], [ 110.270357082353144, -1.956530688812318 ] ] ] } },
{ "type": "Feature", "properties": { "count": 1, "label": 1, "cluster_id": 58 }, "geometry": { "type": "Polygon", "coordinates": [ [ [ 110.27053674540997, -1.918801446879298 ], [ 110.270716408466797, -1.918801446879298 ], [ 110.270716408466797, -1.918621783822474 ], [ 110.27053674540997, -1.918621783822474 ], [ 110.27053674540997, -1.918801446879298 ] ] ] } },
{ "type": "Feature", "properties": { "count": 3, "label": 1, "cluster_id": 58 }, "geometry": { "type": "Polygon", "coordinates": [ [ [ 110.27053674540997, -1.946289894573355 ], [ 110.27053674540997, -1.946469557630179 ], [ 110.270357082353144, -1.946469557630179 ], [ 110.270357082353144, -1.946649220687003 ], [ 110.270716408466797, -1.946649220687003 ], [ 110.270716408466797, -1.946289894573355 ], [ 110.27053674540997, -1.946289894573355 ] ] ] } },
{ "type": "Feature", "properties": { "count": 1, "label": 1, "cluster_id": 58 }, "geometry": { "type": "Polygon", "coordinates": [ [ [ 110.27053674540997, -1.947367872914299 ], [ 110.270716408466797, -1.947367872914299 ], [ 110.270716408466797, -1.947188209857475 ], [ 110.27053674540997, -1.947188209857475 ], [ 110.27053674540997, -1.947367872914299 ] ] ] } },
{ "type": "Feature", "properties": { "count": 1, "label": 1, "cluster_id": 58 }, "geometry": { "type": "Polygon", "coordinates": [ [ [ 110.27053674540997, -1.949164503482538 ], [ 110.270716408466797, -1.949164503482538 ], [ 110.270716408466797, -1.948984840425714 ], [ 110.27053674540997, -1.948984840425714 ], [ 110.27053674540997, -1.949164503482538 ] ] ] } },
{ "type": "Feature", "properties": { "count": 2, "label": 1, "cluster_id": 58 }, "geometry": { "type": "Polygon", "coordinates": [ [ [ 110.27053674540997, -1.951859449334896 ], [ 110.270716408466797, -1.951859449334896 ], [ 110.270716408466797, -1.951500123221249 ], [ 110.27053674540997, -1.951500123221249 ], [ 110.27053674540997, -1.951859449334896 ] ] ] } },
{ "type": "Feature", "properties": { "count": 1, "label": 1, "cluster_id": 58 }, "geometry": { "type": "Polygon", "coordinates": [ [ [ 110.27053674540997, -1.955452710471374 ], [ 110.270716408466797, -1.955452710471374 ], [ 110.270716408466797, -1.955273047414551 ], [ 110.27053674540997, -1.955273047414551 ], [ 110.27053674540997, -1.955452710471374 ] ] ] } },
{ "type": "Feature", "properties": { "count": 5, "label": 1, "cluster_id": 58 }, "geometry": { "type": "Polygon", "coordinates": [ [ [ 110.270357082353144, -1.961381591346563 ], [ 110.270357082353144, -1.961740917460211 ], [ 110.27053674540997, -1.961740917460211 ], [ 110.27053674540997, -1.961920580517035 ], [ 110.270716408466797, -1.961920580517035 ], [ 110.270716408466797, -1.961381591346563 ], [ 110.270357082353144, -1.961381591346563 ] ] ] } },
{ "type": "Feature", "properties": { "count": 1, "label": 1, "cluster_id": 58 }, "geometry": { "type": "Polygon", "coordinates": [ [ [ 110.27053674540997, -1.962279906630683 ], [ 110.270716408466797, -1.962279906630683 ], [ 110.270716408466797, -1.962100243573859 ], [ 110.27053674540997, -1.962100243573859 ], [ 110.27053674540997, -1.962279906630683 ] ] ] } },
{ "type": "Feature", "properties": { "count": 1, "label": 1, "cluster_id": 58 }, "geometry": { "type": "Polygon", "coordinates": [ [ [ 110.27053674540997, -1.96263923274433 ], [ 110.270716408466797, -1.96263923274433 ], [ 110.270716408466797, -1.962459569687507 ], [ 110.27053674540997, -1.962459569687507 ], [ 110.27053674540997, -1.96263923274433 ] ] ] } },
{ "type": "Feature", "properties": { "count": 1, "label": 1, "cluster_id": 58 }, "geometry": { "type": "Polygon", "coordinates": [ [ [ 110.27053674540997, -1.96443586331257 ], [ 110.270716408466797, -1.96443586331257 ], [ 110.270716408466797, -1.964256200255746 ], [ 110.27053674540997, -1.964256200255746 ], [ 110.27053674540997, -1.96443586331257 ] ] ] } },
{ "type": "Feature", "properties": { "count": 1, "label": 1, "cluster_id": 58 }, "geometry": { "type": "Polygon", "coordinates": [ [ [ 110.270716408466797, -1.947547535971123 ], [ 110.270896071523623, -1.947547535971123 ], [ 110.270896071523623, -1.947367872914299 ], [ 110.270716408466797, -1.947367872914299 ], [ 110.270716408466797, -1.947547535971123 ] ] ] } },
{ "type": "Feature", "properties": { "count": 1, "label": 1, "cluster_id": 58 }, "geometry": { "type": "Polygon", "coordinates": [ [ [ 110.270716408466797, -1.958506982437381 ], [ 110.270896071523623, -1.958506982437381 ], [ 110.270896071523623, -1.958327319380557 ], [ 110.270716408466797, -1.958327319380557 ], [ 110.270716408466797, -1.958506982437381 ] ] ] } },
{ "type": "Feature", "properties": { "count": 1, "label": 1, "cluster_id": 58 }, "geometry": { "type": "Polygon", "coordinates": [ [ [ 110.270716408466797, -1.9594052977215 ], [ 110.270896071523623, -1.9594052977215 ], [ 110.270896071523623, -1.959225634664676 ], [ 110.270716408466797, -1.959225634664676 ], [ 110.270716408466797, -1.9594052977215 ] ] ] } },
{ "type": "Feature", "properties": { "count": 11, "label": 1, "cluster_id": 58 }, "geometry": { "type": "Polygon", "coordinates": [ [ [ 110.27053674540997, -1.960123949948796 ], [ 110.27053674540997, -1.96030361300562 ], [ 110.270357082353144, -1.96030361300562 ], [ 110.270357082353144, -1.960662939119268 ], [ 110.270716408466797, -1.960662939119268 ], [ 110.270716408466797, -1.960483276062444 ], [ 110.270896071523623, -1.960483276062444 ], [ 110.270896071523623, -1.961022265232915 ], [ 110.27107573458045, -1.961022265232915 ], [ 110.27107573458045, -1.96030361300562 ], [ 110.270896071523623, -1.96030361300562 ], [ 110.270896071523623, -1.960123949948796 ], [ 110.27053674540997, -1.960123949948796 ] ] ] } },
{ "type": "Feature", "properties": { "count": 2, "label": 1, "cluster_id": 58 }, "geometry": { "type": "Polygon", "coordinates": [ [ [ 110.270716408466797, -1.970364744187758 ], [ 110.270896071523623, -1.970364744187758 ], [ 110.270896071523623, -1.970005418074111 ], [ 110.270716408466797, -1.970005418074111 ], [ 110.270716408466797, -1.970364744187758 ] ] ] } },
{ "type": "Feature", "properties": { "count": 1, "label": 1, "cluster_id": 58 }, "geometry": { "type": "Polygon", "coordinates": [ [ [ 110.270896071523623, -1.919520099106593 ], [ 110.27107573458045, -1.919520099106593 ], [ 110.27107573458045, -1.91934043604977 ], [ 110.270896071523623, -1.91934043604977 ], [ 110.270896071523623, -1.919520099106593 ] ] ] } },
{ "type": "Feature", "properties": { "count": 2, "label": 1, "cluster_id": 58 }, "geometry": { "type": "Polygon", "coordinates": [ [ [ 110.270896071523623, -1.949703492653009 ], [ 110.27107573458045, -1.949703492653009 ], [ 110.27107573458045, -1.949344166539362 ], [ 110.270896071523623, -1.949344166539362 ], [ 110.270896071523623, -1.949703492653009 ] ] ] } },
{ "type": "Feature", "properties": { "count": 1, "label": 1, "cluster_id": 58 }, "geometry": { "type": "Polygon", "coordinates": [ [ [ 110.270896071523623, -1.951679786278072 ], [ 110.27107573458045, -1.951679786278072 ], [ 110.27107573458045, -1.951500123221249 ], [ 110.270896071523623, -1.951500123221249 ], [ 110.270896071523623, -1.951679786278072 ] ] ] } },
{ "type": "Feature", "properties": { "count": 2, "label": 1, "cluster_id": 58 }, "geometry": { "type": "Polygon", "coordinates": [ [ [ 110.270896071523623, -1.952218775448544 ], [ 110.27107573458045, -1.952218775448544 ], [ 110.27107573458045, -1.951859449334896 ], [ 110.270896071523623, -1.951859449334896 ], [ 110.270896071523623, -1.952218775448544 ] ] ] } },
{ "type": "Feature", "properties": { "count": 1, "label": 1, "cluster_id": 58 }, "geometry": { "type": "Polygon", "coordinates": [ [ [ 110.270896071523623, -1.957249341039613 ], [ 110.27107573458045, -1.957249341039613 ], [ 110.27107573458045, -1.957069677982789 ], [ 110.270896071523623, -1.957069677982789 ], [ 110.270896071523623, -1.957249341039613 ] ] ] } },
{ "type": "Feature", "properties": { "count": 1, "label": 1, "cluster_id": 58 }, "geometry": { "type": "Polygon", "coordinates": [ [ [ 110.270896071523623, -1.964974852483041 ], [ 110.27107573458045, -1.964974852483041 ], [ 110.27107573458045, -1.964795189426217 ], [ 110.270896071523623, -1.964795189426217 ], [ 110.270896071523623, -1.964974852483041 ] ] ] } },
{ "type": "Feature", "properties": { "count": 1, "label": 1, "cluster_id": 58 }, "geometry": { "type": "Polygon", "coordinates": [ [ [ 110.270896071523623, -1.970724070301406 ], [ 110.27107573458045, -1.970724070301406 ], [ 110.27107573458045, -1.970544407244582 ], [ 110.270896071523623, -1.970544407244582 ], [ 110.270896071523623, -1.970724070301406 ] ] ] } },
{ "type": "Feature", "properties": { "count": 1, "label": 1, "cluster_id": 58 }, "geometry": { "type": "Polygon", "coordinates": [ [ [ 110.27107573458045, -1.920059088277065 ], [ 110.271255397637262, -1.920059088277065 ], [ 110.271255397637262, -1.919879425220241 ], [ 110.27107573458045, -1.919879425220241 ], [ 110.27107573458045, -1.920059088277065 ] ] ] } },
{ "type": "Feature", "properties": { "count": 9, "label": 1, "cluster_id": 58 }, "geometry": { "type": "Polygon", "coordinates": [ [ [ 110.27107573458045, -1.945930568459707 ], [ 110.27107573458045, -1.946289894573355 ], [ 110.270896071523623, -1.946289894573355 ], [ 110.270896071523623, -1.946469557630179 ], [ 110.27107573458045, -1.946469557630179 ], [ 110.27107573458045, -1.946828883743827 ], [ 110.271255397637262, -1.946828883743827 ], [ 110.271255397637262, -1.946649220687003 ], [ 110.271435060694088, -1.946649220687003 ], [ 110.271435060694088, -1.946110231516531 ], [ 110.271255397637262, -1.946110231516531 ], [ 110.271255397637262, -1.945930568459707 ], [ 110.27107573458045, -1.945930568459707 ] ] ] } },
{ "type": "Feature", "properties": { "count": 1, "label": 1, "cluster_id": 58 }, "geometry": { "type": "Polygon", "coordinates": [ [ [ 110.27107573458045, -1.94790686208477 ], [ 110.271255397637262, -1.94790686208477 ], [ 110.271255397637262, -1.947727199027947 ], [ 110.27107573458045, -1.947727199027947 ], [ 110.27107573458045, -1.94790686208477 ] ] ] } },
{ "type": "Feature", "properties": { "count": 1, "label": 1, "cluster_id": 58 }, "geometry": { "type": "Polygon", "coordinates": [ [ [ 110.27107573458045, -1.950781470993953 ], [ 110.271255397637262, -1.950781470993953 ], [ 110.271255397637262, -1.950601807937129 ], [ 110.27107573458045, -1.950601807937129 ], [ 110.27107573458045, -1.950781470993953 ] ] ] } },
{ "type": "Feature", "properties": { "count": 3, "label": 1, "cluster_id": 58 }, "geometry": { "type": "Polygon", "coordinates": [ [ [ 110.270896071523623, -1.951140797107601 ], [ 110.270896071523623, -1.951320460164425 ], [ 110.27107573458045, -1.951320460164425 ], [ 110.27107573458045, -1.951500123221249 ], [ 110.271255397637262, -1.951500123221249 ], [ 110.271255397637262, -1.951140797107601 ], [ 110.270896071523623, -1.951140797107601 ] ] ] } },
{ "type": "Feature", "properties": { "count": 1, "label": 1, "cluster_id": 58 }, "geometry": { "type": "Polygon", "coordinates": [ [ [ 110.27107573458045, -1.954734058244079 ], [ 110.271255397637262, -1.954734058244079 ], [ 110.271255397637262, -1.954554395187255 ], [ 110.27107573458045, -1.954554395187255 ], [ 110.27107573458045, -1.954734058244079 ] ] ] } },
{ "type": "Feature", "properties": { "count": 8, "label": 1, "cluster_id": 58 }, "geometry": { "type": "Polygon", "coordinates": [ [ [ 110.27107573458045, -1.955093384357727 ], [ 110.27107573458045, -1.955452710471374 ], [ 110.270896071523623, -1.955452710471374 ], [ 110.270896071523623, -1.955632373528198 ], [ 110.27107573458045, -1.955632373528198 ], [ 110.27107573458045, -1.95617136269867 ], [ 110.271255397637262, -1.95617136269867 ], [ 110.271255397637262, -1.955812036585022 ], [ 110.271435060694088, -1.955812036585022 ], [ 110.271435060694088, -1.955632373528198 ], [ 110.271255397637262, -1.955632373528198 ], [ 110.271255397637262, -1.955093384357727 ], [ 110.27107573458045, -1.955093384357727 ] ] ] } },
{ "type": "Feature", "properties": { "count": 1, "label": 1, "cluster_id": 58 }, "geometry": { "type": "Polygon", "coordinates": [ [ [ 110.27107573458045, -1.956530688812318 ], [ 110.271255397637262, -1.956530688812318 ], [ 110.271255397637262, -1.956351025755494 ], [ 110.27107573458045, -1.956351025755494 ], [ 110.27107573458045, -1.956530688812318 ] ] ] } },
{ "type": "Feature", "properties": { "count": 1, "label": 1, "cluster_id": 58 }, "geometry": { "type": "Polygon", "coordinates": [ [ [ 110.27107573458045, -1.962100243573859 ], [ 110.271255397637262, -1.962100243573859 ], [ 110.271255397637262, -1.961920580517035 ], [ 110.27107573458045, -1.961920580517035 ], [ 110.27107573458045, -1.962100243573859 ] ] ] } },
{ "type": "Feature", "properties": { "count": 1, "label": 1, "cluster_id": 58 }, "geometry": { "type": "Polygon", "coordinates": [ [ [ 110.27107573458045, -1.964256200255746 ], [ 110.271255397637262, -1.964256200255746 ], [ 110.271255397637262, -1.964076537198922 ], [ 110.27107573458045, -1.964076537198922 ], [ 110.27107573458045, -1.964256200255746 ] ] ] } },
{ "type": "Feature", "properties": { "count": 1, "label": 1, "cluster_id": 58 }, "geometry": { "type": "Polygon", "coordinates": [ [ [ 110.27107573458045, -1.964615526369393 ], [ 110.271255397637262, -1.964615526369393 ], [ 110.271255397637262, -1.96443586331257 ], [ 110.27107573458045, -1.96443586331257 ], [ 110.27107573458045, -1.964615526369393 ] ] ] } },
{ "type": "Feature", "properties": { "count": 5, "label": 1, "cluster_id": 58 }, "geometry": { "type": "Polygon", "coordinates": [ [ [ 110.27107573458045, -1.918621783822474 ], [ 110.27107573458045, -1.918801446879298 ], [ 110.271255397637262, -1.918801446879298 ], [ 110.271255397637262, -1.91934043604977 ], [ 110.271435060694088, -1.91934043604977 ], [ 110.271435060694088, -1.918621783822474 ], [ 110.27107573458045, -1.918621783822474 ] ] ] } },
{ "type": "Feature", "properties": { "count": 1, "label": 1, "cluster_id": 58 }, "geometry": { "type": "Polygon", "coordinates": [ [ [ 110.271255397637262, -1.948266188198418 ], [ 110.271435060694088, -1.948266188198418 ], [ 110.271435060694088, -1.948086525141594 ], [ 110.271255397637262, -1.948086525141594 ], [ 110.271255397637262, -1.948266188198418 ] ] ] } },
{ "type": "Feature", "properties": { "count": 2, "label": 1, "cluster_id": 58 }, "geometry": { "type": "Polygon", "coordinates": [ [ [ 110.271255397637262, -1.949703492653009 ], [ 110.271435060694088, -1.949703492653009 ], [ 110.271435060694088, -1.949344166539362 ], [ 110.271255397637262, -1.949344166539362 ], [ 110.271255397637262, -1.949703492653009 ] ] ] } },
{ "type": "Feature", "properties": { "count": 1, "label": 1, "cluster_id": 58 }, "geometry": { "type": "Polygon", "coordinates": [ [ [ 110.271255397637262, -1.950422144880305 ], [ 110.271435060694088, -1.950422144880305 ], [ 110.271435060694088, -1.950242481823481 ], [ 110.271255397637262, -1.950242481823481 ], [ 110.271255397637262, -1.950422144880305 ] ] ] } },
{ "type": "Feature", "properties": { "count": 1, "label": 1, "cluster_id": 58 }, "geometry": { "type": "Polygon", "coordinates": [ [ [ 110.271255397637262, -1.957249341039613 ], [ 110.271435060694088, -1.957249341039613 ], [ 110.271435060694088, -1.957069677982789 ], [ 110.271255397637262, -1.957069677982789 ], [ 110.271255397637262, -1.957249341039613 ] ] ] } },
{ "type": "Feature", "properties": { "count": 1, "label": 1, "cluster_id": 58 }, "geometry": { "type": "Polygon", "coordinates": [ [ [ 110.271255397637262, -1.96030361300562 ], [ 110.271435060694088, -1.96030361300562 ], [ 110.271435060694088, -1.960123949948796 ], [ 110.271255397637262, -1.960123949948796 ], [ 110.271255397637262, -1.96030361300562 ] ] ] } },
{ "type": "Feature", "properties": { "count": 2, "label": 1, "cluster_id": 58 }, "geometry": { "type": "Polygon", "coordinates": [ [ [ 110.271255397637262, -1.961740917460211 ], [ 110.271435060694088, -1.961740917460211 ], [ 110.271435060694088, -1.961381591346563 ], [ 110.271255397637262, -1.961381591346563 ], [ 110.271255397637262, -1.961740917460211 ] ] ] } },
{ "type": "Feature", "properties": { "count": 2, "label": 1, "cluster_id": 58 }, "geometry": { "type": "Polygon", "coordinates": [ [ [ 110.271255397637262, -1.962818895801155 ], [ 110.271435060694088, -1.962818895801155 ], [ 110.271435060694088, -1.962459569687507 ], [ 110.271255397637262, -1.962459569687507 ], [ 110.271255397637262, -1.962818895801155 ] ] ] } },
{ "type": "Feature", "properties": { "count": 30, "label": 1, "cluster_id": 58 }, "geometry": { "type": "Polygon", "coordinates": [ [ [ 110.271255397637262, -1.96677148305128 ], [ 110.271255397637262, -1.967130809164928 ], [ 110.27107573458045, -1.967130809164928 ], [ 110.27107573458045, -1.967849461392224 ], [ 110.271255397637262, -1.967849461392224 ], [ 110.271255397637262, -1.968388450562695 ], [ 110.271794386807741, -1.968388450562695 ], [ 110.271794386807741, -1.967849461392224 ], [ 110.271614723750915, -1.967849461392224 ], [ 110.271614723750915, -1.9676697983354 ], [ 110.271794386807741, -1.9676697983354 ], [ 110.271794386807741, -1.967490135278576 ], [ 110.271974049864568, -1.967490135278576 ], [ 110.271974049864568, -1.967849461392224 ], [ 110.272153712921394, -1.967849461392224 ], [ 110.272153712921394, -1.967130809164928 ], [ 110.271974049864568, -1.967130809164928 ], [ 110.271974049864568, -1.967310472221752 ], [ 110.271614723750915, -1.967310472221752 ], [ 110.271614723750915, -1.967130809164928 ], [ 110.271435060694088, -1.967130809164928 ], [ 110.271435060694088, -1.96677148305128 ], [ 110.271255397637262, -1.96677148305128 ] ] ] } },
{ "type": "Feature", "properties": { "count": 1, "label": 1, "cluster_id": 58 }, "geometry": { "type": "Polygon", "coordinates": [ [ [ 110.271435060694088, -1.948984840425714 ], [ 110.271614723750915, -1.948984840425714 ], [ 110.271614723750915, -1.94880517736889 ], [ 110.271435060694088, -1.94880517736889 ], [ 110.271435060694088, -1.948984840425714 ] ] ] } },
{ "type": "Feature", "properties": { "count": 1, "label": 1, "cluster_id": 58 }, "geometry": { "type": "Polygon", "coordinates": [ [ [ 110.271435060694088, -1.951320460164425 ], [ 110.271614723750915, -1.951320460164425 ], [ 110.271614723750915, -1.951140797107601 ], [ 110.271435060694088, -1.951140797107601 ], [ 110.271435060694088, -1.951320460164425 ] ] ] } },
{ "type": "Feature", "properties": { "count": 2, "label": 1, "cluster_id": 58 }, "geometry": { "type": "Polygon", "coordinates": [ [ [ 110.271614723750915, -1.918801446879298 ], [ 110.271794386807741, -1.918801446879298 ], [ 110.271794386807741, -1.91844212076565 ], [ 110.271614723750915, -1.91844212076565 ], [ 110.271614723750915, -1.918801446879298 ] ] ] } },
{ "type": "Feature", "properties": { "count": 2, "label": 1, "cluster_id": 58 }, "geometry": { "type": "Polygon", "coordinates": [ [ [ 110.271614723750915, -1.91934043604977 ], [ 110.271794386807741, -1.91934043604977 ], [ 110.271794386807741, -1.918981109936122 ], [ 110.271614723750915, -1.918981109936122 ], [ 110.271614723750915, -1.91934043604977 ] ] ] } },
{ "type": "Feature", "properties": { "count": 1, "label": 1, "cluster_id": 58 }, "geometry": { "type": "Polygon", "coordinates": [ [ [ 110.271614723750915, -1.945750905402883 ], [ 110.271794386807741, -1.945750905402883 ], [ 110.271794386807741, -1.94557124234606 ], [ 110.271614723750915, -1.94557124234606 ], [ 110.271614723750915, -1.945750905402883 ] ] ] } },
{ "type": "Feature", "properties": { "count": 2, "label": 1, "cluster_id": 58 }, "geometry": { "type": "Polygon", "coordinates": [ [ [ 110.271435060694088, -1.947188209857475 ], [ 110.271794386807741, -1.947188209857475 ], [ 110.271794386807741, -1.947008546800651 ], [ 110.271435060694088, -1.947008546800651 ], [ 110.271435060694088, -1.947188209857475 ] ] ] } },
{ "type": "Feature", "properties": { "count": 4, "label": 1, "cluster_id": 58 }, "geometry": { "type": "Polygon", "coordinates": [ [ [ 110.271435060694088, -1.949164503482538 ], [ 110.271435060694088, -1.949344166539362 ], [ 110.271614723750915, -1.949344166539362 ], [ 110.271614723750915, -1.949703492653009 ], [ 110.271794386807741, -1.949703492653009 ], [ 110.271794386807741, -1.949164503482538 ], [ 110.271435060694088, -1.949164503482538 ] ] ] } },
{ "type": "Feature", "properties": { "count": 2, "label": 1, "cluster_id": 58 }, "geometry": { "type": "Polygon", "coordinates": [ [ [ 110.271435060694088, -1.95293742767584 ], [ 110.271794386807741, -1.95293742767584 ], [ 110.271794386807741, -1.952757764619016 ], [ 110.271435060694088, -1.952757764619016 ], [ 110.271435060694088, -1.95293742767584 ] ] ] } },
{ "type": "Feature", "properties": { "count": 1, "label": 1, "cluster_id": 58 }, "geometry": { "type": "Polygon", "coordinates": [ [ [ 110.271614723750915, -1.962279906630683 ], [ 110.271794386807741, -1.962279906630683 ], [ 110.271794386807741, -1.962100243573859 ], [ 110.271614723750915, -1.962100243573859 ], [ 110.271614723750915, -1.962279906630683 ] ] ] } },
{ "type": "Feature", "properties": { "count": 6, "label": 1, "cluster_id": 58 }, "geometry": { "type": "Polygon", "coordinates": [ [ [ 110.271614723750915, -1.969646091960463 ], [ 110.271614723750915, -1.969825755017287 ], [ 110.27107573458045, -1.969825755017287 ], [ 110.27107573458045, -1.970185081130934 ], [ 110.271255397637262, -1.970185081130934 ], [ 110.271255397637262, -1.970005418074111 ], [ 110.271794386807741, -1.970005418074111 ], [ 110.271794386807741, -1.969646091960463 ], [ 110.271614723750915, -1.969646091960463 ] ] ] } },
{ "type": "Feature", "properties": { "count": 5, "label": 1, "cluster_id": 58 }, "geometry": { "type": "Polygon", "coordinates": [ [ [ 110.271435060694088, -1.947367872914299 ], [ 110.271435060694088, -1.947727199027947 ], [ 110.271794386807741, -1.947727199027947 ], [ 110.271794386807741, -1.947547535971123 ], [ 110.271974049864568, -1.947547535971123 ], [ 110.271974049864568, -1.947367872914299 ], [ 110.271435060694088, -1.947367872914299 ] ] ] } },
{ "type": "Feature", "properties": { "count": 2, "label": 1, "cluster_id": 58 }, "geometry": { "type": "Polygon", "coordinates": [ [ [ 110.271794386807741, -1.957249341039613 ], [ 110.271974049864568, -1.957249341039613 ], [ 110.271974049864568, -1.956890014925966 ], [ 110.271794386807741, -1.956890014925966 ], [ 110.271794386807741, -1.957249341039613 ] ] ] } },
{ "type": "Feature", "properties": { "count": 1, "label": 1, "cluster_id": 58 }, "geometry": { "type": "Polygon", "coordinates": [ [ [ 110.271794386807741, -1.958866308551029 ], [ 110.271974049864568, -1.958866308551029 ], [ 110.271974049864568, -1.958686645494205 ], [ 110.271794386807741, -1.958686645494205 ], [ 110.271794386807741, -1.958866308551029 ] ] ] } },
{ "type": "Feature", "properties": { "count": 2, "label": 1, "cluster_id": 58 }, "geometry": { "type": "Polygon", "coordinates": [ [ [ 110.271974049864568, -1.91934043604977 ], [ 110.272153712921394, -1.91934043604977 ], [ 110.272153712921394, -1.918981109936122 ], [ 110.271974049864568, -1.918981109936122 ], [ 110.271974049864568, -1.91934043604977 ] ] ] } },
{ "type": "Feature", "properties": { "count": 1, "label": 1, "cluster_id": 58 }, "geometry": { "type": "Polygon", "coordinates": [ [ [ 110.271974049864568, -1.948625514312066 ], [ 110.272153712921394, -1.948625514312066 ], [ 110.272153712921394, -1.948445851255242 ], [ 110.271974049864568, -1.948445851255242 ], [ 110.271974049864568, -1.948625514312066 ] ] ] } },
{ "type": "Feature", "properties": { "count": 22, "label": 1, "cluster_id": 58 }, "geometry": { "type": "Polygon", "coordinates": [ [ [ 110.271794386807741, -1.950242481823481 ], [ 110.271794386807741, -1.950422144880305 ], [ 110.271614723750915, -1.950422144880305 ], [ 110.271614723750915, -1.950601807937129 ], [ 110.271435060694088, -1.950601807937129 ], [ 110.271435060694088, -1.950961134050777 ], [ 110.271614723750915, -1.950961134050777 ], [ 110.271614723750915, -1.951140797107601 ], [ 110.272153712921394, -1.951140797107601 ], [ 110.272153712921394, -1.951500123221249 ], [ 110.272513039035033, -1.951500123221249 ], [ 110.272513039035033, -1.951320460164425 ], [ 110.272333375978207, -1.951320460164425 ], [ 110.272333375978207, -1.950601807937129 ], [ 110.272153712921394, -1.950601807937129 ], [ 110.272153712921394, -1.950242481823481 ], [ 110.271794386807741, -1.950242481823481 ] ] ] } },
{ "type": "Feature", "properties": { "count": 2, "label": 1, "cluster_id": 58 }, "geometry": { "type": "Polygon", "coordinates": [ [ [ 110.271974049864568, -1.956530688812318 ], [ 110.272153712921394, -1.956530688812318 ], [ 110.272153712921394, -1.95617136269867 ], [ 110.271974049864568, -1.95617136269867 ], [ 110.271974049864568, -1.956530688812318 ] ] ] } },
{ "type": "Feature", "properties": { "count": 1, "label": 1, "cluster_id": 58 }, "geometry": { "type": "Polygon", "coordinates": [ [ [ 110.271974049864568, -1.970005418074111 ], [ 110.272153712921394, -1.970005418074111 ], [ 110.272153712921394, -1.969825755017287 ], [ 110.271974049864568, -1.969825755017287 ], [ 110.271974049864568, -1.970005418074111 ] ] ] } },
{ "type": "Feature", "properties": { "count": 3, "label": 1, "cluster_id": 58 }, "geometry": { "type": "Polygon", "coordinates": [ [ [ 110.272153712921394, -1.91844212076565 ], [ 110.272153712921394, -1.918801446879298 ], [ 110.272513039035033, -1.918801446879298 ], [ 110.272513039035033, -1.918621783822474 ], [ 110.272333375978207, -1.918621783822474 ], [ 110.272333375978207, -1.91844212076565 ], [ 110.272153712921394, -1.91844212076565 ] ] ] } },
{ "type": "Feature", "properties": { "count": 1, "label": 1, "cluster_id": 58 }, "geometry": { "type": "Polygon", "coordinates": [ [ [ 110.272153712921394, -1.919520099106593 ], [ 110.272333375978207, -1.919520099106593 ], [ 110.272333375978207, -1.91934043604977 ], [ 110.272153712921394, -1.91934043604977 ], [ 110.272153712921394, -1.919520099106593 ] ] ] } },
{ "type": "Feature", "properties": { "count": 3, "label": 1, "cluster_id": 58 }, "geometry": { "type": "Polygon", "coordinates": [ [ [ 110.272153712921394, -1.945750905402883 ], [ 110.272153712921394, -1.946110231516531 ], [ 110.272513039035033, -1.946110231516531 ], [ 110.272513039035033, -1.945930568459707 ], [ 110.272333375978207, -1.945930568459707 ], [ 110.272333375978207, -1.945750905402883 ], [ 110.272153712921394, -1.945750905402883 ] ] ] } },
{ "type": "Feature", "properties": { "count": 1, "label": 1, "cluster_id": 58 }, "geometry": { "type": "Polygon", "coordinates": [ [ [ 110.272153712921394, -1.947367872914299 ], [ 110.272333375978207, -1.947367872914299 ], [ 110.272333375978207, -1.947188209857475 ], [ 110.272153712921394, -1.947188209857475 ], [ 110.272153712921394, -1.947367872914299 ] ] ] } },
{ "type": "Feature", "properties": { "count": 1, "label": 1, "cluster_id": 58 }, "geometry": { "type": "Polygon", "coordinates": [ [ [ 110.272153712921394, -1.952398438505368 ], [ 110.272333375978207, -1.952398438505368 ], [ 110.272333375978207, -1.952218775448544 ], [ 110.272153712921394, -1.952218775448544 ], [ 110.272153712921394, -1.952398438505368 ] ] ] } },
{ "type": "Feature", "properties": { "count": 1, "label": 1, "cluster_id": 58 }, "geometry": { "type": "Polygon", "coordinates": [ [ [ 110.272153712921394, -1.95293742767584 ], [ 110.272333375978207, -1.95293742767584 ], [ 110.272333375978207, -1.952757764619016 ], [ 110.272153712921394, -1.952757764619016 ], [ 110.272153712921394, -1.95293742767584 ] ] ] } },
{ "type": "Feature", "properties": { "count": 2, "label": 1, "cluster_id": 58 }, "geometry": { "type": "Polygon", "coordinates": [ [ [ 110.272153712921394, -1.958147656323733 ], [ 110.272333375978207, -1.958147656323733 ], [ 110.272333375978207, -1.957788330210085 ], [ 110.272153712921394, -1.957788330210085 ], [ 110.272153712921394, -1.958147656323733 ] ] ] } },
{ "type": "Feature", "properties": { "count": 2, "label": 1, "cluster_id": 58 }, "geometry": { "type": "Polygon", "coordinates": [ [ [ 110.272153712921394, -1.961561254403387 ], [ 110.272333375978207, -1.961561254403387 ], [ 110.272333375978207, -1.961201928289739 ], [ 110.272153712921394, -1.961201928289739 ], [ 110.272153712921394, -1.961561254403387 ] ] ] } },
{ "type": "Feature", "properties": { "count": 2, "label": 1, "cluster_id": 58 }, "geometry": { "type": "Polygon", "coordinates": [ [ [ 110.272153712921394, -1.96353754802845 ], [ 110.272333375978207, -1.96353754802845 ], [ 110.272333375978207, -1.963178221914802 ], [ 110.272153712921394, -1.963178221914802 ], [ 110.272153712921394, -1.96353754802845 ] ] ] } },
{ "type": "Feature", "properties": { "count": 1, "label": 1, "cluster_id": 58 }, "geometry": { "type": "Polygon", "coordinates": [ [ [ 110.272153712921394, -1.963896874142098 ], [ 110.272333375978207, -1.963896874142098 ], [ 110.272333375978207, -1.963717211085274 ], [ 110.272153712921394, -1.963717211085274 ], [ 110.272153712921394, -1.963896874142098 ] ] ] } },
{ "type": "Feature", "properties": { "count": 3, "label": 1, "cluster_id": 58 }, "geometry": { "type": "Polygon", "coordinates": [ [ [ 110.272333375978207, -1.949164503482538 ], [ 110.272513039035033, -1.949164503482538 ], [ 110.272513039035033, -1.948625514312066 ], [ 110.272333375978207, -1.948625514312066 ], [ 110.272333375978207, -1.949164503482538 ] ] ] } },
{ "type": "Feature", "properties": { "count": 2, "label": 1, "cluster_id": 58 }, "geometry": { "type": "Polygon", "coordinates": [ [ [ 110.272153712921394, -1.951859449334896 ], [ 110.272513039035033, -1.951859449334896 ], [ 110.272513039035033, -1.951679786278072 ], [ 110.272153712921394, -1.951679786278072 ], [ 110.272153712921394, -1.951859449334896 ] ] ] } },
{ "type": "Feature", "properties": { "count": 1, "label": 1, "cluster_id": 58 }, "geometry": { "type": "Polygon", "coordinates": [ [ [ 110.272333375978207, -1.9676697983354 ], [ 110.272513039035033, -1.9676697983354 ], [ 110.272513039035033, -1.967490135278576 ], [ 110.272333375978207, -1.967490135278576 ], [ 110.272333375978207, -1.9676697983354 ] ] ] } },
{ "type": "Feature", "properties": { "count": 1, "label": 1, "cluster_id": 58 }, "geometry": { "type": "Polygon", "coordinates": [ [ [ 110.272513039035033, -1.919879425220241 ], [ 110.272692702091859, -1.919879425220241 ], [ 110.272692702091859, -1.919699762163417 ], [ 110.272513039035033, -1.919699762163417 ], [ 110.272513039035033, -1.919879425220241 ] ] ] } },
{ "type": "Feature", "properties": { "count": 3, "label": 1, "cluster_id": 58 }, "geometry": { "type": "Polygon", "coordinates": [ [ [ 110.272333375978207, -1.920957403561185 ], [ 110.272333375978207, -1.921316729674833 ], [ 110.272513039035033, -1.921316729674833 ], [ 110.272513039035033, -1.921137066618009 ], [ 110.272692702091859, -1.921137066618009 ], [ 110.272692702091859, -1.920957403561185 ], [ 110.272333375978207, -1.920957403561185 ] ] ] } },
{ "type": "Feature", "properties": { "count": 16, "label": 1, "cluster_id": 58 }, "geometry": { "type": "Polygon", "coordinates": [ [ [ 110.272513039035033, -1.947188209857475 ], [ 110.272513039035033, -1.947367872914299 ], [ 110.272333375978207, -1.947367872914299 ], [ 110.272333375978207, -1.947727199027947 ], [ 110.271974049864568, -1.947727199027947 ], [ 110.271974049864568, -1.94790686208477 ], [ 110.271794386807741, -1.94790686208477 ], [ 110.271794386807741, -1.948086525141594 ], [ 110.271614723750915, -1.948086525141594 ], [ 110.271614723750915, -1.948266188198418 ], [ 110.272153712921394, -1.948266188198418 ], [ 110.272153712921394, -1.948086525141594 ], [ 110.272333375978207, -1.948086525141594 ], [ 110.272333375978207, -1.94790686208477 ], [ 110.272513039035033, -1.94790686208477 ], [ 110.272513039035033, -1.948086525141594 ], [ 110.272692702091859, -1.948086525141594 ], [ 110.272692702091859, -1.947188209857475 ], [ 110.272513039035033, -1.947188209857475 ] ] ] } },
{ "type": "Feature", "properties": { "count": 1, "label": 1, "cluster_id": 58 }, "geometry": { "type": "Polygon", "coordinates": [ [ [ 110.272513039035033, -1.951140797107601 ], [ 110.272692702091859, -1.951140797107601 ], [ 110.272692702091859, -1.950961134050777 ], [ 110.272513039035033, -1.950961134050777 ], [ 110.272513039035033, -1.951140797107601 ] ] ] } },
{ "type": "Feature", "properties": { "count": 1, "label": 1, "cluster_id": 58 }, "geometry": { "type": "Polygon", "coordinates": [ [ [ 110.272513039035033, -1.952398438505368 ], [ 110.272692702091859, -1.952398438505368 ], [ 110.272692702091859, -1.952218775448544 ], [ 110.272513039035033, -1.952218775448544 ], [ 110.272513039035033, -1.952398438505368 ] ] ] } },
{ "type": "Feature", "properties": { "count": 1, "label": 1, "cluster_id": 58 }, "geometry": { "type": "Polygon", "coordinates": [ [ [ 110.272513039035033, -1.958147656323733 ], [ 110.272692702091859, -1.958147656323733 ], [ 110.272692702091859, -1.957967993266909 ], [ 110.272513039035033, -1.957967993266909 ], [ 110.272513039035033, -1.958147656323733 ] ] ] } },
{ "type": "Feature", "properties": { "count": 1, "label": 1, "cluster_id": 58 }, "geometry": { "type": "Polygon", "coordinates": [ [ [ 110.272513039035033, -1.967849461392224 ], [ 110.272692702091859, -1.967849461392224 ], [ 110.272692702091859, -1.9676697983354 ], [ 110.272513039035033, -1.9676697983354 ], [ 110.272513039035033, -1.967849461392224 ] ] ] } },
{ "type": "Feature", "properties": { "count": 1, "label": 1, "cluster_id": 58 }, "geometry": { "type": "Polygon", "coordinates": [ [ [ 110.272692702091859, -1.948984840425714 ], [ 110.272872365148686, -1.948984840425714 ], [ 110.272872365148686, -1.94880517736889 ], [ 110.272692702091859, -1.94880517736889 ], [ 110.272692702091859, -1.948984840425714 ] ] ] } },
{ "type": "Feature", "properties": { "count": 1, "label": 1, "cluster_id": 58 }, "geometry": { "type": "Polygon", "coordinates": [ [ [ 110.272692702091859, -1.950422144880305 ], [ 110.272872365148686, -1.950422144880305 ], [ 110.272872365148686, -1.950242481823481 ], [ 110.272692702091859, -1.950242481823481 ], [ 110.272692702091859, -1.950422144880305 ] ] ] } },
{ "type": "Feature", "properties": { "count": 1, "label": 1, "cluster_id": 58 }, "geometry": { "type": "Polygon", "coordinates": [ [ [ 110.272692702091859, -1.950781470993953 ], [ 110.272872365148686, -1.950781470993953 ], [ 110.272872365148686, -1.950601807937129 ], [ 110.272692702091859, -1.950601807937129 ], [ 110.272692702091859, -1.950781470993953 ] ] ] } },
{ "type": "Feature", "properties": { "count": 2, "label": 1, "cluster_id": 58 }, "geometry": { "type": "Polygon", "coordinates": [ [ [ 110.272692702091859, -1.957429004096437 ], [ 110.272872365148686, -1.957429004096437 ], [ 110.272872365148686, -1.957069677982789 ], [ 110.272692702091859, -1.957069677982789 ], [ 110.272692702091859, -1.957429004096437 ] ] ] } },
{ "type": "Feature", "properties": { "count": 1, "label": 1, "cluster_id": 58 }, "geometry": { "type": "Polygon", "coordinates": [ [ [ 110.272872365148686, -1.94790686208477 ], [ 110.273052028205512, -1.94790686208477 ], [ 110.273052028205512, -1.947727199027947 ], [ 110.272872365148686, -1.947727199027947 ], [ 110.272872365148686, -1.94790686208477 ] ] ] } },
{ "type": "Feature", "properties": { "count": 1, "label": 1, "cluster_id": 58 }, "geometry": { "type": "Polygon", "coordinates": [ [ [ 110.272872365148686, -1.948266188198418 ], [ 110.273052028205512, -1.948266188198418 ], [ 110.273052028205512, -1.948086525141594 ], [ 110.272872365148686, -1.948086525141594 ], [ 110.272872365148686, -1.948266188198418 ] ] ] } },
{ "type": "Feature", "properties": { "count": 2, "label": 1, "cluster_id": 58 }, "geometry": { "type": "Polygon", "coordinates": [ [ [ 110.272692702091859, -1.952578101562192 ], [ 110.273052028205512, -1.952578101562192 ], [ 110.273052028205512, -1.952398438505368 ], [ 110.272692702091859, -1.952398438505368 ], [ 110.272692702091859, -1.952578101562192 ] ] ] } },
{ "type": "Feature", "properties": { "count": 1, "label": 1, "cluster_id": 58 }, "geometry": { "type": "Polygon", "coordinates": [ [ [ 110.272872365148686, -1.953835742959959 ], [ 110.273052028205512, -1.953835742959959 ], [ 110.273052028205512, -1.953656079903135 ], [ 110.272872365148686, -1.953656079903135 ], [ 110.272872365148686, -1.953835742959959 ] ] ] } },
{ "type": "Feature", "properties": { "count": 1, "label": 1, "cluster_id": 58 }, "geometry": { "type": "Polygon", "coordinates": [ [ [ 110.272872365148686, -1.96353754802845 ], [ 110.273052028205512, -1.96353754802845 ], [ 110.273052028205512, -1.963357884971626 ], [ 110.272872365148686, -1.963357884971626 ], [ 110.272872365148686, -1.96353754802845 ] ] ] } },
{ "type": "Feature", "properties": { "count": 1, "label": 1, "cluster_id": 58 }, "geometry": { "type": "Polygon", "coordinates": [ [ [ 110.272872365148686, -1.969466428903639 ], [ 110.273052028205512, -1.969466428903639 ], [ 110.273052028205512, -1.969286765846815 ], [ 110.272872365148686, -1.969286765846815 ], [ 110.272872365148686, -1.969466428903639 ] ] ] } },
{ "type": "Feature", "properties": { "count": 35, "label": 1, "cluster_id": 58 }, "geometry": { "type": "Polygon", "coordinates": [ [ [ 110.273052028205512, -1.93820505701628 ], [ 110.273052028205512, -1.938384720073103 ], [ 110.272692702091859, -1.938384720073103 ], [ 110.272692702091859, -1.939103372300399 ], [ 110.273052028205512, -1.939103372300399 ], [ 110.273052028205512, -1.939283035357223 ], [ 110.273411354319151, -1.939283035357223 ], [ 110.273411354319151, -1.939462698414047 ], [ 110.273770680432804, -1.939462698414047 ], [ 110.273770680432804, -1.939283035357223 ], [ 110.274130006546457, -1.939283035357223 ], [ 110.274130006546457, -1.938744046186751 ], [ 110.273591017375978, -1.938744046186751 ], [ 110.273591017375978, -1.938384720073103 ], [ 110.273231691262325, -1.938384720073103 ], [ 110.273231691262325, -1.93820505701628 ], [ 110.273052028205512, -1.93820505701628 ] ] ] } },
{ "type": "Feature", "properties": { "count": 1, "label": 1, "cluster_id": 58 }, "geometry": { "type": "Polygon", "coordinates": [ [ [ 110.273052028205512, -1.949883155709833 ], [ 110.273231691262325, -1.949883155709833 ], [ 110.273231691262325, -1.949703492653009 ], [ 110.273052028205512, -1.949703492653009 ], [ 110.273052028205512, -1.949883155709833 ] ] ] } },
{ "type": "Feature", "properties": { "count": 1, "label": 1, "cluster_id": 58 }, "geometry": { "type": "Polygon", "coordinates": [ [ [ 110.273052028205512, -1.951140797107601 ], [ 110.273231691262325, -1.951140797107601 ], [ 110.273231691262325, -1.950961134050777 ], [ 110.273052028205512, -1.950961134050777 ], [ 110.273052028205512, -1.951140797107601 ] ] ] } },
{ "type": "Feature", "properties": { "count": 1, "label": 1, "cluster_id": 58 }, "geometry": { "type": "Polygon", "coordinates": [ [ [ 110.273052028205512, -1.953117090732664 ], [ 110.273231691262325, -1.953117090732664 ], [ 110.273231691262325, -1.95293742767584 ], [ 110.273052028205512, -1.95293742767584 ], [ 110.273052028205512, -1.953117090732664 ] ] ] } },
{ "type": "Feature", "properties": { "count": 1, "label": 1, "cluster_id": 58 }, "geometry": { "type": "Polygon", "coordinates": [ [ [ 110.273052028205512, -1.965334178596689 ], [ 110.273231691262325, -1.965334178596689 ], [ 110.273231691262325, -1.965154515539865 ], [ 110.273052028205512, -1.965154515539865 ], [ 110.273052028205512, -1.965334178596689 ] ] ] } },
{ "type": "Feature", "properties": { "count": 1, "label": 1, "cluster_id": 58 }, "geometry": { "type": "Polygon", "coordinates": [ [ [ 110.273052028205512, -1.969107102789991 ], [ 110.273231691262325, -1.969107102789991 ], [ 110.273231691262325, -1.968927439733167 ], [ 110.273052028205512, -1.968927439733167 ], [ 110.273052028205512, -1.969107102789991 ] ] ] } },
{ "type": "Feature", "properties": { "count": 3, "label": 1, "cluster_id": 58 }, "geometry": { "type": "Polygon", "coordinates": [ [ [ 110.273231691262325, -1.92167605578848 ], [ 110.273411354319151, -1.92167605578848 ], [ 110.273411354319151, -1.921137066618009 ], [ 110.273231691262325, -1.921137066618009 ], [ 110.273231691262325, -1.92167605578848 ] ] ] } },
{ "type": "Feature", "properties": { "count": 2, "label": 1, "cluster_id": 58 }, "geometry": { "type": "Polygon", "coordinates": [ [ [ 110.273231691262325, -1.937666067845808 ], [ 110.273411354319151, -1.937666067845808 ], [ 110.273411354319151, -1.93730674173216 ], [ 110.273231691262325, -1.93730674173216 ], [ 110.273231691262325, -1.937666067845808 ] ] ] } },
{ "type": "Feature", "properties": { "count": 55, "label": 1, "cluster_id": 58 }, "geometry": { "type": "Polygon", "coordinates": [ [ [ 110.273052028205512, -1.941798318152758 ], [ 110.273052028205512, -1.941977981209582 ], [ 110.272872365148686, -1.941977981209582 ], [ 110.272872365148686, -1.942696633436877 ], [ 110.273231691262325, -1.942696633436877 ], [ 110.273231691262325, -1.942876296493701 ], [ 110.273411354319151, -1.942876296493701 ], [ 110.273411354319151, -1.943055959550525 ], [ 110.273770680432804, -1.943055959550525 ], [ 110.273770680432804, -1.942876296493701 ], [ 110.273950343489631, -1.942876296493701 ], [ 110.273950343489631, -1.942696633436877 ], [ 110.274130006546457, -1.942696633436877 ], [ 110.274130006546457, -1.942516970380053 ], [ 110.274309669603269, -1.942516970380053 ], [ 110.274309669603269, -1.943055959550525 ], [ 110.274130006546457, -1.943055959550525 ], [ 110.274130006546457, -1.943235622607349 ], [ 110.274489332660096, -1.943235622607349 ], [ 110.274489332660096, -1.942516970380053 ], [ 110.274848658773749, -1.942516970380053 ], [ 110.274848658773749, -1.943055959550525 ], [ 110.275567311001041, -1.943055959550525 ], [ 110.275567311001041, -1.942696633436877 ], [ 110.275387647944214, -1.942696633436877 ], [ 110.275387647944214, -1.942516970380053 ], [ 110.275746974057867, -1.942516970380053 ], [ 110.275746974057867, -1.942337307323229 ], [ 110.275207984887388, -1.942337307323229 ], [ 110.275207984887388, -1.942157644266405 ], [ 110.274309669603269, -1.942157644266405 ], [ 110.274309669603269, -1.941977981209582 ], [ 110.273950343489631, -1.941977981209582 ], [ 110.273950343489631, -1.942337307323229 ], [ 110.273770680432804, -1.942337307323229 ], [ 110.273770680432804, -1.942696633436877 ], [ 110.273411354319151, -1.942696633436877 ], [ 110.273411354319151, -1.942516970380053 ], [ 110.273231691262325, -1.942516970380053 ], [ 110.273231691262325, -1.941977981209582 ], [ 110.273411354319151, -1.941977981209582 ], [ 110.273411354319151, -1.941798318152758 ], [ 110.273052028205512, -1.941798318152758 ] ] ] } },
{ "type": "Feature", "properties": { "count": 1, "label": 1, "cluster_id": 58 }, "geometry": { "type": "Polygon", "coordinates": [ [ [ 110.273231691262325, -1.947547535971123 ], [ 110.273411354319151, -1.947547535971123 ], [ 110.273411354319151, -1.947367872914299 ], [ 110.273231691262325, -1.947367872914299 ], [ 110.273231691262325, -1.947547535971123 ] ] ] } },
{ "type": "Feature", "properties": { "count": 1, "label": 1, "cluster_id": 58 }, "geometry": { "type": "Polygon", "coordinates": [ [ [ 110.273231691262325, -1.949703492653009 ], [ 110.273411354319151, -1.949703492653009 ], [ 110.273411354319151, -1.949523829596185 ], [ 110.273231691262325, -1.949523829596185 ], [ 110.273231691262325, -1.949703492653009 ] ] ] } },
{ "type": "Feature", "properties": { "count": 1, "label": 1, "cluster_id": 58 }, "geometry": { "type": "Polygon", "coordinates": [ [ [ 110.273231691262325, -1.955632373528198 ], [ 110.273411354319151, -1.955632373528198 ], [ 110.273411354319151, -1.955452710471374 ], [ 110.273231691262325, -1.955452710471374 ], [ 110.273231691262325, -1.955632373528198 ] ] ] } },
{ "type": "Feature", "properties": { "count": 1, "label": 1, "cluster_id": 58 }, "geometry": { "type": "Polygon", "coordinates": [ [ [ 110.273231691262325, -1.963717211085274 ], [ 110.273411354319151, -1.963717211085274 ], [ 110.273411354319151, -1.96353754802845 ], [ 110.273231691262325, -1.96353754802845 ], [ 110.273231691262325, -1.963717211085274 ] ] ] } },
{ "type": "Feature", "properties": { "count": 2, "label": 1, "cluster_id": 58 }, "geometry": { "type": "Polygon", "coordinates": [ [ [ 110.273231691262325, -1.918621783822474 ], [ 110.273591017375978, -1.918621783822474 ], [ 110.273591017375978, -1.91844212076565 ], [ 110.273231691262325, -1.91844212076565 ], [ 110.273231691262325, -1.918621783822474 ] ] ] } },
{ "type": "Feature", "properties": { "count": 1, "label": 1, "cluster_id": 58 }, "geometry": { "type": "Polygon", "coordinates": [ [ [ 110.273411354319151, -1.936049100334393 ], [ 110.273591017375978, -1.936049100334393 ], [ 110.273591017375978, -1.935869437277569 ], [ 110.273411354319151, -1.935869437277569 ], [ 110.273411354319151, -1.936049100334393 ] ] ] } },
{ "type": "Feature", "properties": { "count": 45, "label": 1, "cluster_id": 58 }, "geometry": { "type": "Polygon", "coordinates": [ [ [ 110.273411354319151, -1.939822024527695 ], [ 110.273411354319151, -1.94054067675499 ], [ 110.273591017375978, -1.94054067675499 ], [ 110.273591017375978, -1.940720339811814 ], [ 110.273770680432804, -1.940720339811814 ], [ 110.273770680432804, -1.940900002868638 ], [ 110.273950343489631, -1.940900002868638 ], [ 110.273950343489631, -1.94143899203911 ], [ 110.273770680432804, -1.94143899203911 ], [ 110.273770680432804, -1.941618655095934 ], [ 110.273950343489631, -1.941618655095934 ], [ 110.273950343489631, -1.941798318152758 ], [ 110.274489332660096, -1.941798318152758 ], [ 110.274489332660096, -1.941618655095934 ], [ 110.274668995716922, -1.941618655095934 ], [ 110.274668995716922, -1.941259328982286 ], [ 110.274489332660096, -1.941259328982286 ], [ 110.274489332660096, -1.941079665925462 ], [ 110.274848658773749, -1.941079665925462 ], [ 110.274848658773749, -1.940720339811814 ], [ 110.274489332660096, -1.940720339811814 ], [ 110.274489332660096, -1.940361013698166 ], [ 110.274668995716922, -1.940361013698166 ], [ 110.274668995716922, -1.940181350641343 ], [ 110.274309669603269, -1.940181350641343 ], [ 110.274309669603269, -1.940361013698166 ], [ 110.273950343489631, -1.940361013698166 ], [ 110.273950343489631, -1.940181350641343 ], [ 110.273770680432804, -1.940181350641343 ], [ 110.273770680432804, -1.940001687584519 ], [ 110.273591017375978, -1.940001687584519 ], [ 110.273591017375978, -1.939822024527695 ], [ 110.273411354319151, -1.939822024527695 ] ] ] } },
{ "type": "Feature", "properties": { "count": 15, "label": 1, "cluster_id": 58 }, "geometry": { "type": "Polygon", "coordinates": [ [ [ 110.272872365148686, -1.948445851255242 ], [ 110.272872365148686, -1.94880517736889 ], [ 110.273052028205512, -1.94880517736889 ], [ 110.273052028205512, -1.948984840425714 ], [ 110.272872365148686, -1.948984840425714 ], [ 110.272872365148686, -1.949164503482538 ], [ 110.273052028205512, -1.949164503482538 ], [ 110.273052028205512, -1.949344166539362 ], [ 110.273231691262325, -1.949344166539362 ], [ 110.273231691262325, -1.949164503482538 ], [ 110.273411354319151, -1.949164503482538 ], [ 110.273411354319151, -1.948984840425714 ], [ 110.273591017375978, -1.948984840425714 ], [ 110.273591017375978, -1.948445851255242 ], [ 110.272872365148686, -1.948445851255242 ] ] ] } },
{ "type": "Feature", "properties": { "count": 1, "label": 1, "cluster_id": 58 }, "geometry": { "type": "Polygon", "coordinates": [ [ [ 110.273411354319151, -1.949883155709833 ], [ 110.273591017375978, -1.949883155709833 ], [ 110.273591017375978, -1.949703492653009 ], [ 110.273411354319151, -1.949703492653009 ], [ 110.273411354319151, -1.949883155709833 ] ] ] } },
{ "type": "Feature", "properties": { "count": 1, "label": 1, "cluster_id": 58 }, "geometry": { "type": "Polygon", "coordinates": [ [ [ 110.273411354319151, -1.952757764619016 ], [ 110.273591017375978, -1.952757764619016 ], [ 110.273591017375978, -1.952578101562192 ], [ 110.273411354319151, -1.952578101562192 ], [ 110.273411354319151, -1.952757764619016 ] ] ] } },
{ "type": "Feature", "properties": { "count": 1, "label": 1, "cluster_id": 58 }, "geometry": { "type": "Polygon", "coordinates": [ [ [ 110.273411354319151, -1.953117090732664 ], [ 110.273591017375978, -1.953117090732664 ], [ 110.273591017375978, -1.95293742767584 ], [ 110.273411354319151, -1.95293742767584 ], [ 110.273411354319151, -1.953117090732664 ] ] ] } },
{ "type": "Feature", "properties": { "count": 2, "label": 1, "cluster_id": 58 }, "geometry": { "type": "Polygon", "coordinates": [ [ [ 110.273231691262325, -1.954015406016783 ], [ 110.273591017375978, -1.954015406016783 ], [ 110.273591017375978, -1.953835742959959 ], [ 110.273231691262325, -1.953835742959959 ], [ 110.273231691262325, -1.954015406016783 ] ] ] } },
{ "type": "Feature", "properties": { "count": 1, "label": 1, "cluster_id": 58 }, "geometry": { "type": "Polygon", "coordinates": [ [ [ 110.273411354319151, -1.954374732130431 ], [ 110.273591017375978, -1.954374732130431 ], [ 110.273591017375978, -1.954195069073607 ], [ 110.273411354319151, -1.954195069073607 ], [ 110.273411354319151, -1.954374732130431 ] ] ] } },
{ "type": "Feature", "properties": { "count": 1, "label": 1, "cluster_id": 58 }, "geometry": { "type": "Polygon", "coordinates": [ [ [ 110.273411354319151, -1.954734058244079 ], [ 110.273591017375978, -1.954734058244079 ], [ 110.273591017375978, -1.954554395187255 ], [ 110.273411354319151, -1.954554395187255 ], [ 110.273411354319151, -1.954734058244079 ] ] ] } },
{ "type": "Feature", "properties": { "count": 2, "label": 1, "cluster_id": 58 }, "geometry": { "type": "Polygon", "coordinates": [ [ [ 110.273411354319151, -1.958506982437381 ], [ 110.273591017375978, -1.958506982437381 ], [ 110.273591017375978, -1.958147656323733 ], [ 110.273411354319151, -1.958147656323733 ], [ 110.273411354319151, -1.958506982437381 ] ] ] } },
{ "type": "Feature", "properties": { "count": 289, "label": 1, "cluster_id": 58 }, "geometry": { "type": "Polygon", "coordinates": [ [ [ 110.273231691262325, -1.965334178596689 ], [ 110.273231691262325, -1.965693504710337 ], [ 110.272333375978207, -1.965693504710337 ], [ 110.272333375978207, -1.966232493880809 ], [ 110.271974049864568, -1.966232493880809 ], [ 110.271974049864568, -1.966951146108104 ], [ 110.272333375978207, -1.966951146108104 ], [ 110.272333375978207, -1.967310472221752 ], [ 110.272513039035033, -1.967310472221752 ], [ 110.272513039035033, -1.967490135278576 ], [ 110.272872365148686, -1.967490135278576 ], [ 110.272872365148686, -1.967310472221752 ], [ 110.272692702091859, -1.967310472221752 ], [ 110.272692702091859, -1.967130809164928 ], [ 110.272872365148686, -1.967130809164928 ], [ 110.272872365148686, -1.966951146108104 ], [ 110.273052028205512, -1.966951146108104 ], [ 110.273052028205512, -1.967130809164928 ], [ 110.273231691262325, -1.967130809164928 ], [ 110.273231691262325, -1.967310472221752 ], [ 110.273411354319151, -1.967310472221752 ], [ 110.273411354319151, -1.967490135278576 ], [ 110.273231691262325, -1.967490135278576 ], [ 110.273231691262325, -1.9676697983354 ], [ 110.273052028205512, -1.9676697983354 ], [ 110.273052028205512, -1.968029124449048 ], [ 110.272872365148686, -1.968029124449048 ], [ 110.272872365148686, -1.968388450562695 ], [ 110.272692702091859, -1.968388450562695 ], [ 110.272692702091859, -1.968029124449048 ], [ 110.272513039035033, -1.968029124449048 ], [ 110.272513039035033, -1.968388450562695 ], [ 110.272153712921394, -1.968388450562695 ], [ 110.272153712921394, -1.968568113619519 ], [ 110.271794386807741, -1.968568113619519 ], [ 110.271794386807741, -1.968927439733167 ], [ 110.271974049864568, -1.968927439733167 ], [ 110.271974049864568, -1.969286765846815 ], [ 110.272333375978207, -1.969286765846815 ], [ 110.272333375978207, -1.969466428903639 ], [ 110.271974049864568, -1.969466428903639 ], [ 110.271974049864568, -1.969646091960463 ], [ 110.272153712921394, -1.969646091960463 ], [ 110.272153712921394, -1.969825755017287 ], [ 110.272513039035033, -1.969825755017287 ], [ 110.272513039035033, -1.969286765846815 ], [ 110.272872365148686, -1.969286765846815 ], [ 110.272872365148686, -1.968927439733167 ], [ 110.272692702091859, -1.968927439733167 ], [ 110.272692702091859, -1.968568113619519 ], [ 110.273052028205512, -1.968568113619519 ], [ 110.273052028205512, -1.968388450562695 ], [ 110.273411354319151, -1.968388450562695 ], [ 110.273411354319151, -1.968568113619519 ], [ 110.273591017375978, -1.968568113619519 ], [ 110.273591017375978, -1.968388450562695 ], [ 110.273770680432804, -1.968388450562695 ], [ 110.273770680432804, -1.968568113619519 ], [ 110.274130006546457, -1.968568113619519 ], [ 110.274130006546457, -1.969107102789991 ], [ 110.274309669603269, -1.969107102789991 ], [ 110.274309669603269, -1.968747776676343 ], [ 110.274668995716922, -1.968747776676343 ], [ 110.274668995716922, -1.968927439733167 ], [ 110.275028321830575, -1.968927439733167 ], [ 110.275028321830575, -1.969107102789991 ], [ 110.275207984887388, -1.969107102789991 ], [ 110.275207984887388, -1.969286765846815 ], [ 110.275567311001041, -1.969286765846815 ], [ 110.275567311001041, -1.969107102789991 ], [ 110.275746974057867, -1.969107102789991 ], [ 110.275746974057867, -1.968927439733167 ], [ 110.275567311001041, -1.968927439733167 ], [ 110.275567311001041, -1.968747776676343 ], [ 110.275746974057867, -1.968747776676343 ], [ 110.275746974057867, -1.967849461392224 ], [ 110.275926637114694, -1.967849461392224 ], [ 110.275926637114694, -1.9676697983354 ], [ 110.275746974057867, -1.9676697983354 ], [ 110.275746974057867, -1.967310472221752 ], [ 110.275567311001041, -1.967310472221752 ], [ 110.275567311001041, -1.967130809164928 ], [ 110.275207984887388, -1.967130809164928 ], [ 110.275207984887388, -1.966951146108104 ], [ 110.275387647944214, -1.966951146108104 ], [ 110.275387647944214, -1.966591819994457 ], [ 110.275207984887388, -1.966591819994457 ], [ 110.275207984887388, -1.96677148305128 ], [ 110.274848658773749, -1.96677148305128 ], [ 110.274848658773749, -1.966591819994457 ], [ 110.274668995716922, -1.966591819994457 ], [ 110.274668995716922, -1.966412156937632 ], [ 110.274489332660096, -1.966412156937632 ], [ 110.274489332660096, -1.966232493880809 ], [ 110.274309669603269, -1.966232493880809 ], [ 110.274309669603269, -1.966052830823985 ], [ 110.274130006546457, -1.966052830823985 ], [ 110.274130006546457, -1.965873167767161 ], [ 110.273770680432804, -1.965873167767161 ], [ 110.273770680432804, -1.965693504710337 ], [ 110.273950343489631, -1.965693504710337 ], [ 110.273950343489631, -1.965513841653513 ], [ 110.273591017375978, -1.965513841653513 ], [ 110.273591017375978, -1.965334178596689 ], [ 110.273231691262325, -1.965334178596689 ] ] ] } },
{ "type": "Feature", "properties": { "count": 1, "label": 1, "cluster_id": 58 }, "geometry": { "type": "Polygon", "coordinates": [ [ [ 110.273591017375978, -1.942157644266405 ], [ 110.273770680432804, -1.942157644266405 ], [ 110.273770680432804, -1.941977981209582 ], [ 110.273591017375978, -1.941977981209582 ], [ 110.273591017375978, -1.942157644266405 ] ] ] } },
{ "type": "Feature", "properties": { "count": 1, "label": 1, "cluster_id": 58 }, "geometry": { "type": "Polygon", "coordinates": [ [ [ 110.273591017375978, -1.949164503482538 ], [ 110.273770680432804, -1.949164503482538 ], [ 110.273770680432804, -1.948984840425714 ], [ 110.273591017375978, -1.948984840425714 ], [ 110.273591017375978, -1.949164503482538 ] ] ] } },
{ "type": "Feature", "properties": { "count": 1, "label": 1, "cluster_id": 58 }, "geometry": { "type": "Polygon", "coordinates": [ [ [ 110.273591017375978, -1.964974852483041 ], [ 110.273770680432804, -1.964974852483041 ], [ 110.273770680432804, -1.964795189426217 ], [ 110.273591017375978, -1.964795189426217 ], [ 110.273591017375978, -1.964974852483041 ] ] ] } },
{ "type": "Feature", "properties": { "count": 4, "label": 1, "cluster_id": 58 }, "geometry": { "type": "Polygon", "coordinates": [ [ [ 110.273770680432804, -1.935869437277569 ], [ 110.273770680432804, -1.936049100334393 ], [ 110.273591017375978, -1.936049100334393 ], [ 110.273591017375978, -1.936408426448041 ], [ 110.273770680432804, -1.936408426448041 ], [ 110.273770680432804, -1.936228763391217 ], [ 110.273950343489631, -1.936228763391217 ], [ 110.273950343489631, -1.935869437277569 ], [ 110.273770680432804, -1.935869437277569 ] ] ] } },
{ "type": "Feature", "properties": { "count": 1, "label": 1, "cluster_id": 58 }, "geometry": { "type": "Polygon", "coordinates": [ [ [ 110.273770680432804, -1.948984840425714 ], [ 110.273950343489631, -1.948984840425714 ], [ 110.273950343489631, -1.94880517736889 ], [ 110.273770680432804, -1.94880517736889 ], [ 110.273770680432804, -1.948984840425714 ] ] ] } },
{ "type": "Feature", "properties": { "count": 3, "label": 1, "cluster_id": 58 }, "geometry": { "type": "Polygon", "coordinates": [ [ [ 110.273770680432804, -1.950242481823481 ], [ 110.273950343489631, -1.950242481823481 ], [ 110.273950343489631, -1.949703492653009 ], [ 110.273770680432804, -1.949703492653009 ], [ 110.273770680432804, -1.950242481823481 ] ] ] } },
{ "type": "Feature", "properties": { "count": 2, "label": 1, "cluster_id": 58 }, "geometry": { "type": "Polygon", "coordinates": [ [ [ 110.273770680432804, -1.952398438505368 ], [ 110.273950343489631, -1.952398438505368 ], [ 110.273950343489631, -1.95203911239172 ], [ 110.273770680432804, -1.95203911239172 ], [ 110.273770680432804, -1.952398438505368 ] ] ] } },
{ "type": "Feature", "properties": { "count": 2, "label": 1, "cluster_id": 58 }, "geometry": { "type": "Polygon", "coordinates": [ [ [ 110.273770680432804, -1.954374732130431 ], [ 110.273950343489631, -1.954374732130431 ], [ 110.273950343489631, -1.954015406016783 ], [ 110.273770680432804, -1.954015406016783 ], [ 110.273770680432804, -1.954374732130431 ] ] ] } },
{ "type": "Feature", "properties": { "count": 1, "label": 1, "cluster_id": 58 }, "geometry": { "type": "Polygon", "coordinates": [ [ [ 110.273770680432804, -1.954734058244079 ], [ 110.273950343489631, -1.954734058244079 ], [ 110.273950343489631, -1.954554395187255 ], [ 110.273770680432804, -1.954554395187255 ], [ 110.273770680432804, -1.954734058244079 ] ] ] } },
{ "type": "Feature", "properties": { "count": 1, "label": 1, "cluster_id": 58 }, "geometry": { "type": "Polygon", "coordinates": [ [ [ 110.273950343489631, -1.938384720073103 ], [ 110.274130006546457, -1.938384720073103 ], [ 110.274130006546457, -1.93820505701628 ], [ 110.273950343489631, -1.93820505701628 ], [ 110.273950343489631, -1.938384720073103 ] ] ] } },
{ "type": "Feature", "properties": { "count": 1, "label": 1, "cluster_id": 58 }, "geometry": { "type": "Polygon", "coordinates": [ [ [ 110.273950343489631, -1.939822024527695 ], [ 110.274130006546457, -1.939822024527695 ], [ 110.274130006546457, -1.939642361470871 ], [ 110.273950343489631, -1.939642361470871 ], [ 110.273950343489631, -1.939822024527695 ] ] ] } },
{ "type": "Feature", "properties": { "count": 1, "label": 1, "cluster_id": 58 }, "geometry": { "type": "Polygon", "coordinates": [ [ [ 110.273950343489631, -1.948266188198418 ], [ 110.274130006546457, -1.948266188198418 ], [ 110.274130006546457, -1.948086525141594 ], [ 110.273950343489631, -1.948086525141594 ], [ 110.273950343489631, -1.948266188198418 ] ] ] } },
{ "type": "Feature", "properties": { "count": 1, "label": 1, "cluster_id": 58 }, "geometry": { "type": "Polygon", "coordinates": [ [ [ 110.273950343489631, -1.957069677982789 ], [ 110.274130006546457, -1.957069677982789 ], [ 110.274130006546457, -1.956890014925966 ], [ 110.273950343489631, -1.956890014925966 ], [ 110.273950343489631, -1.957069677982789 ] ] ] } },
{ "type": "Feature", "properties": { "count": 1, "label": 1, "cluster_id": 58 }, "geometry": { "type": "Polygon", "coordinates": [ [ [ 110.273950343489631, -1.958147656323733 ], [ 110.274130006546457, -1.958147656323733 ], [ 110.274130006546457, -1.957967993266909 ], [ 110.273950343489631, -1.957967993266909 ], [ 110.273950343489631, -1.958147656323733 ] ] ] } },
{ "type": "Feature", "properties": { "count": 1, "label": 1, "cluster_id": 58 }, "geometry": { "type": "Polygon", "coordinates": [ [ [ 110.274130006546457, -1.923113360243072 ], [ 110.274309669603269, -1.923113360243072 ], [ 110.274309669603269, -1.922933697186248 ], [ 110.274130006546457, -1.922933697186248 ], [ 110.274130006546457, -1.923113360243072 ] ] ] } },
{ "type": "Feature", "properties": { "count": 1, "label": 1, "cluster_id": 58 }, "geometry": { "type": "Polygon", "coordinates": [ [ [ 110.274130006546457, -1.936228763391217 ], [ 110.274309669603269, -1.936228763391217 ], [ 110.274309669603269, -1.936049100334393 ], [ 110.274130006546457, -1.936049100334393 ], [ 110.274130006546457, -1.936228763391217 ] ] ] } },
{ "type": "Feature", "properties": { "count": 1, "label": 1, "cluster_id": 58 }, "geometry": { "type": "Polygon", "coordinates": [ [ [ 110.274130006546457, -1.936767752561688 ], [ 110.274309669603269, -1.936767752561688 ], [ 110.274309669603269, -1.936588089504864 ], [ 110.274130006546457, -1.936588089504864 ], [ 110.274130006546457, -1.936767752561688 ] ] ] } },
{ "type": "Feature", "properties": { "count": 2, "label": 1, "cluster_id": 58 }, "geometry": { "type": "Polygon", "coordinates": [ [ [ 110.274130006546457, -1.950062818766657 ], [ 110.274309669603269, -1.950062818766657 ], [ 110.274309669603269, -1.949703492653009 ], [ 110.274130006546457, -1.949703492653009 ], [ 110.274130006546457, -1.950062818766657 ] ] ] } },
{ "type": "Feature", "properties": { "count": 1, "label": 1, "cluster_id": 58 }, "geometry": { "type": "Polygon", "coordinates": [ [ [ 110.274130006546457, -1.951320460164425 ], [ 110.274309669603269, -1.951320460164425 ], [ 110.274309669603269, -1.951140797107601 ], [ 110.274130006546457, -1.951140797107601 ], [ 110.274130006546457, -1.951320460164425 ] ] ] } },
{ "type": "Feature", "properties": { "count": 1, "label": 1, "cluster_id": 58 }, "geometry": { "type": "Polygon", "coordinates": [ [ [ 110.274130006546457, -1.952398438505368 ], [ 110.274309669603269, -1.952398438505368 ], [ 110.274309669603269, -1.952218775448544 ], [ 110.274130006546457, -1.952218775448544 ], [ 110.274130006546457, -1.952398438505368 ] ] ] } },
{ "type": "Feature", "properties": { "count": 1, "label": 1, "cluster_id": 58 }, "geometry": { "type": "Polygon", "coordinates": [ [ [ 110.274130006546457, -1.954913721300903 ], [ 110.274309669603269, -1.954913721300903 ], [ 110.274309669603269, -1.954734058244079 ], [ 110.274130006546457, -1.954734058244079 ], [ 110.274130006546457, -1.954913721300903 ] ] ] } },
{ "type": "Feature", "properties": { "count": 1, "label": 1, "cluster_id": 58 }, "geometry": { "type": "Polygon", "coordinates": [ [ [ 110.274130006546457, -1.964974852483041 ], [ 110.274309669603269, -1.964974852483041 ], [ 110.274309669603269, -1.964795189426217 ], [ 110.274130006546457, -1.964795189426217 ], [ 110.274130006546457, -1.964974852483041 ] ] ] } },
{ "type": "Feature", "properties": { "count": 1, "label": 1, "cluster_id": 58 }, "geometry": { "type": "Polygon", "coordinates": [ [ [ 110.274130006546457, -1.965873167767161 ], [ 110.274309669603269, -1.965873167767161 ], [ 110.274309669603269, -1.965693504710337 ], [ 110.274130006546457, -1.965693504710337 ], [ 110.274130006546457, -1.965873167767161 ] ] ] } },
{ "type": "Feature", "properties": { "count": 4, "label": 1, "cluster_id": 58 }, "geometry": { "type": "Polygon", "coordinates": [ [ [ 110.274309669603269, -1.92167605578848 ], [ 110.274309669603269, -1.921855718845304 ], [ 110.274130006546457, -1.921855718845304 ], [ 110.274130006546457, -1.922035381902128 ], [ 110.274668995716922, -1.922035381902128 ], [ 110.274668995716922, -1.921855718845304 ], [ 110.274489332660096, -1.921855718845304 ], [ 110.274489332660096, -1.92167605578848 ], [ 110.274309669603269, -1.92167605578848 ] ] ] } },
{ "type": "Feature", "properties": { "count": 1, "label": 1, "cluster_id": 58 }, "geometry": { "type": "Polygon", "coordinates": [ [ [ 110.274309669603269, -1.922933697186248 ], [ 110.274489332660096, -1.922933697186248 ], [ 110.274489332660096, -1.922754034129424 ], [ 110.274309669603269, -1.922754034129424 ], [ 110.274309669603269, -1.922933697186248 ] ] ] } },
{ "type": "Feature", "properties": { "count": 61, "label": 1, "cluster_id": 58 }, "geometry": { "type": "Polygon", "coordinates": [ [ [ 110.273770680432804, -1.933533817538858 ], [ 110.273770680432804, -1.933713480595682 ], [ 110.273411354319151, -1.933713480595682 ], [ 110.273411354319151, -1.933893143652506 ], [ 110.273052028205512, -1.933893143652506 ], [ 110.273052028205512, -1.93407280670933 ], [ 110.272872365148686, -1.93407280670933 ], [ 110.272872365148686, -1.934971121993449 ], [ 110.273052028205512, -1.934971121993449 ], [ 110.273052028205512, -1.935150785050273 ], [ 110.273231691262325, -1.935150785050273 ], [ 110.273231691262325, -1.935330448107097 ], [ 110.273411354319151, -1.935330448107097 ], [ 110.273411354319151, -1.935510111163921 ], [ 110.273591017375978, -1.935510111163921 ], [ 110.273591017375978, -1.935150785050273 ], [ 110.273411354319151, -1.935150785050273 ], [ 110.273411354319151, -1.934791458936625 ], [ 110.273770680432804, -1.934791458936625 ], [ 110.273770680432804, -1.934971121993449 ], [ 110.273950343489631, -1.934971121993449 ], [ 110.273950343489631, -1.934611795879801 ], [ 110.273591017375978, -1.934611795879801 ], [ 110.273591017375978, -1.934432132822978 ], [ 110.274130006546457, -1.934432132822978 ], [ 110.274130006546457, -1.934791458936625 ], [ 110.274309669603269, -1.934791458936625 ], [ 110.274309669603269, -1.934611795879801 ], [ 110.274668995716922, -1.934611795879801 ], [ 110.274668995716922, -1.934252469766154 ], [ 110.274489332660096, -1.934252469766154 ], [ 110.274489332660096, -1.933893143652506 ], [ 110.274668995716922, -1.933893143652506 ], [ 110.274668995716922, -1.933713480595682 ], [ 110.274489332660096, -1.933713480595682 ], [ 110.274489332660096, -1.933533817538858 ], [ 110.273770680432804, -1.933533817538858 ] ] ] } },
{ "type": "Feature", "properties": { "count": 140, "label": 1, "cluster_id": 58 }, "geometry": { "type": "Polygon", "coordinates": [ [ [ 110.273950343489631, -1.943415285664173 ], [ 110.273950343489631, -1.943774611777821 ], [ 110.273770680432804, -1.943774611777821 ], [ 110.273770680432804, -1.944493264005116 ], [ 110.273591017375978, -1.944493264005116 ], [ 110.273591017375978, -1.944852590118764 ], [ 110.273770680432804, -1.944852590118764 ], [ 110.273770680432804, -1.945032253175588 ], [ 110.273411354319151, -1.945032253175588 ], [ 110.273411354319151, -1.945391579289236 ], [ 110.273231691262325, -1.945391579289236 ], [ 110.273231691262325, -1.946110231516531 ], [ 110.273052028205512, -1.946110231516531 ], [ 110.273052028205512, -1.945750905402883 ], [ 110.272872365148686, -1.945750905402883 ], [ 110.272872365148686, -1.946110231516531 ], [ 110.272692702091859, -1.946110231516531 ], [ 110.272692702091859, -1.946289894573355 ], [ 110.272872365148686, -1.946289894573355 ], [ 110.272872365148686, -1.946469557630179 ], [ 110.273052028205512, -1.946469557630179 ], [ 110.273052028205512, -1.946649220687003 ], [ 110.272513039035033, -1.946649220687003 ], [ 110.272513039035033, -1.946828883743827 ], [ 110.273591017375978, -1.946828883743827 ], [ 110.273591017375978, -1.946649220687003 ], [ 110.273770680432804, -1.946649220687003 ], [ 110.273770680432804, -1.946828883743827 ], [ 110.273591017375978, -1.946828883743827 ], [ 110.273591017375978, -1.947008546800651 ], [ 110.273950343489631, -1.947008546800651 ], [ 110.273950343489631, -1.946649220687003 ], [ 110.274130006546457, -1.946649220687003 ], [ 110.274130006546457, -1.946828883743827 ], [ 110.274309669603269, -1.946828883743827 ], [ 110.274309669603269, -1.947008546800651 ], [ 110.274130006546457, -1.947008546800651 ], [ 110.274130006546457, -1.947188209857475 ], [ 110.274309669603269, -1.947188209857475 ], [ 110.274309669603269, -1.947367872914299 ], [ 110.274489332660096, -1.947367872914299 ], [ 110.274489332660096, -1.947547535971123 ], [ 110.274668995716922, -1.947547535971123 ], [ 110.274668995716922, -1.947367872914299 ], [ 110.275028321830575, -1.947367872914299 ], [ 110.275028321830575, -1.947008546800651 ], [ 110.275746974057867, -1.947008546800651 ], [ 110.275746974057867, -1.947367872914299 ], [ 110.275926637114694, -1.947367872914299 ], [ 110.275926637114694, -1.947008546800651 ], [ 110.276285963228332, -1.947008546800651 ], [ 110.276285963228332, -1.946828883743827 ], [ 110.275926637114694, -1.946828883743827 ], [ 110.275926637114694, -1.946469557630179 ], [ 110.275567311001041, -1.946469557630179 ], [ 110.275567311001041, -1.946289894573355 ], [ 110.275387647944214, -1.946289894573355 ], [ 110.275387647944214, -1.946110231516531 ], [ 110.275207984887388, -1.946110231516531 ], [ 110.275207984887388, -1.946289894573355 ], [ 110.274130006546457, -1.946289894573355 ], [ 110.274130006546457, -1.945930568459707 ], [ 110.273950343489631, -1.945930568459707 ], [ 110.273950343489631, -1.946110231516531 ], [ 110.273770680432804, -1.946110231516531 ], [ 110.273770680432804, -1.946289894573355 ], [ 110.273591017375978, -1.946289894573355 ], [ 110.273591017375978, -1.946110231516531 ], [ 110.273770680432804, -1.946110231516531 ], [ 110.273770680432804, -1.945750905402883 ], [ 110.273591017375978, -1.945750905402883 ], [ 110.273591017375978, -1.94557124234606 ], [ 110.273950343489631, -1.94557124234606 ], [ 110.273950343489631, -1.945391579289236 ], [ 110.274130006546457, -1.945391579289236 ], [ 110.274130006546457, -1.94557124234606 ], [ 110.273950343489631, -1.94557124234606 ], [ 110.273950343489631, -1.945750905402883 ], [ 110.274309669603269, -1.945750905402883 ], [ 110.274309669603269, -1.94467292706194 ], [ 110.274130006546457, -1.94467292706194 ], [ 110.274130006546457, -1.944133937891468 ], [ 110.274489332660096, -1.944133937891468 ], [ 110.274489332660096, -1.944313600948292 ], [ 110.274668995716922, -1.944313600948292 ], [ 110.274668995716922, -1.943774611777821 ], [ 110.274489332660096, -1.943774611777821 ], [ 110.274489332660096, -1.943415285664173 ], [ 110.273950343489631, -1.943415285664173 ] ] ] } },
{ "type": "Feature", "properties": { "count": 2, "label": 1, "cluster_id": 58 }, "geometry": { "type": "Polygon", "coordinates": [ [ [ 110.274309669603269, -1.948625514312066 ], [ 110.274489332660096, -1.948625514312066 ], [ 110.274489332660096, -1.948266188198418 ], [ 110.274309669603269, -1.948266188198418 ], [ 110.274309669603269, -1.948625514312066 ] ] ] } },
{ "type": "Feature", "properties": { "count": 1, "label": 1, "cluster_id": 58 }, "geometry": { "type": "Polygon", "coordinates": [ [ [ 110.274309669603269, -1.960123949948796 ], [ 110.274489332660096, -1.960123949948796 ], [ 110.274489332660096, -1.959944286891972 ], [ 110.274309669603269, -1.959944286891972 ], [ 110.274309669603269, -1.960123949948796 ] ] ] } },
{ "type": "Feature", "properties": { "count": 5, "label": 1, "cluster_id": 58 }, "geometry": { "type": "Polygon", "coordinates": [ [ [ 110.274309669603269, -1.964076537198922 ], [ 110.274309669603269, -1.96443586331257 ], [ 110.274130006546457, -1.96443586331257 ], [ 110.274130006546457, -1.964615526369393 ], [ 110.274309669603269, -1.964615526369393 ], [ 110.274309669603269, -1.964795189426217 ], [ 110.274489332660096, -1.964795189426217 ], [ 110.274489332660096, -1.964076537198922 ], [ 110.274309669603269, -1.964076537198922 ] ] ] } },
{ "type": "Feature", "properties": { "count": 34, "label": 1, "cluster_id": 58 }, "geometry": { "type": "Polygon", "coordinates": [ [ [ 110.274489332660096, -1.936408426448041 ], [ 110.274489332660096, -1.936947415618512 ], [ 110.274130006546457, -1.936947415618512 ], [ 110.274130006546457, -1.93730674173216 ], [ 110.273950343489631, -1.93730674173216 ], [ 110.273950343489631, -1.937486404788984 ], [ 110.274130006546457, -1.937486404788984 ], [ 110.274130006546457, -1.93820505701628 ], [ 110.274309669603269, -1.93820505701628 ], [ 110.274309669603269, -1.938025393959456 ], [ 110.274668995716922, -1.938025393959456 ], [ 110.274668995716922, -1.937845730902632 ], [ 110.274848658773749, -1.937845730902632 ], [ 110.274848658773749, -1.937666067845808 ], [ 110.275028321830575, -1.937666067845808 ], [ 110.275028321830575, -1.937486404788984 ], [ 110.274848658773749, -1.937486404788984 ], [ 110.274848658773749, -1.937127078675336 ], [ 110.275028321830575, -1.937127078675336 ], [ 110.275028321830575, -1.936947415618512 ], [ 110.275207984887388, -1.936947415618512 ], [ 110.275207984887388, -1.936767752561688 ], [ 110.274848658773749, -1.936767752561688 ], [ 110.274848658773749, -1.936588089504864 ], [ 110.274668995716922, -1.936588089504864 ], [ 110.274668995716922, -1.936408426448041 ], [ 110.274489332660096, -1.936408426448041 ] ] ] } },
{ "type": "Feature", "properties": { "count": 1, "label": 1, "cluster_id": 58 }, "geometry": { "type": "Polygon", "coordinates": [ [ [ 110.274489332660096, -1.945211916232412 ], [ 110.274668995716922, -1.945211916232412 ], [ 110.274668995716922, -1.945032253175588 ], [ 110.274489332660096, -1.945032253175588 ], [ 110.274489332660096, -1.945211916232412 ] ] ] } },
{ "type": "Feature", "properties": { "count": 1, "label": 1, "cluster_id": 58 }, "geometry": { "type": "Polygon", "coordinates": [ [ [ 110.274489332660096, -1.94790686208477 ], [ 110.274668995716922, -1.94790686208477 ], [ 110.274668995716922, -1.947727199027947 ], [ 110.274489332660096, -1.947727199027947 ], [ 110.274489332660096, -1.94790686208477 ] ] ] } },
{ "type": "Feature", "properties": { "count": 1, "label": 1, "cluster_id": 58 }, "geometry": { "type": "Polygon", "coordinates": [ [ [ 110.274489332660096, -1.948984840425714 ], [ 110.274668995716922, -1.948984840425714 ], [ 110.274668995716922, -1.94880517736889 ], [ 110.274489332660096, -1.94880517736889 ], [ 110.274489332660096, -1.948984840425714 ] ] ] } },
{ "type": "Feature", "properties": { "count": 1, "label": 1, "cluster_id": 58 }, "geometry": { "type": "Polygon", "coordinates": [ [ [ 110.274489332660096, -1.950781470993953 ], [ 110.274668995716922, -1.950781470993953 ], [ 110.274668995716922, -1.950601807937129 ], [ 110.274489332660096, -1.950601807937129 ], [ 110.274489332660096, -1.950781470993953 ] ] ] } },
{ "type": "Feature", "properties": { "count": 1, "label": 1, "cluster_id": 58 }, "geometry": { "type": "Polygon", "coordinates": [ [ [ 110.274489332660096, -1.954015406016783 ], [ 110.274668995716922, -1.954015406016783 ], [ 110.274668995716922, -1.953835742959959 ], [ 110.274489332660096, -1.953835742959959 ], [ 110.274489332660096, -1.954015406016783 ] ] ] } },
{ "type": "Feature", "properties": { "count": 2, "label": 1, "cluster_id": 58 }, "geometry": { "type": "Polygon", "coordinates": [ [ [ 110.274489332660096, -1.958866308551029 ], [ 110.274668995716922, -1.958866308551029 ], [ 110.274668995716922, -1.958506982437381 ], [ 110.274489332660096, -1.958506982437381 ], [ 110.274489332660096, -1.958866308551029 ] ] ] } },
{ "type": "Feature", "properties": { "count": 1, "label": 1, "cluster_id": 58 }, "geometry": { "type": "Polygon", "coordinates": [ [ [ 110.274489332660096, -1.959944286891972 ], [ 110.274668995716922, -1.959944286891972 ], [ 110.274668995716922, -1.959764623835148 ], [ 110.274489332660096, -1.959764623835148 ], [ 110.274489332660096, -1.959944286891972 ] ] ] } },
{ "type": "Feature", "properties": { "count": 1, "label": 1, "cluster_id": 58 }, "geometry": { "type": "Polygon", "coordinates": [ [ [ 110.274489332660096, -1.961022265232915 ], [ 110.274668995716922, -1.961022265232915 ], [ 110.274668995716922, -1.960842602176091 ], [ 110.274489332660096, -1.960842602176091 ], [ 110.274489332660096, -1.961022265232915 ] ] ] } },
{ "type": "Feature", "properties": { "count": 1, "label": 1, "cluster_id": 58 }, "geometry": { "type": "Polygon", "coordinates": [ [ [ 110.274489332660096, -1.961740917460211 ], [ 110.274668995716922, -1.961740917460211 ], [ 110.274668995716922, -1.961561254403387 ], [ 110.274489332660096, -1.961561254403387 ], [ 110.274489332660096, -1.961740917460211 ] ] ] } },
{ "type": "Feature", "properties": { "count": 2, "label": 1, "cluster_id": 58 }, "geometry": { "type": "Polygon", "coordinates": [ [ [ 110.274489332660096, -1.965154515539865 ], [ 110.274668995716922, -1.965154515539865 ], [ 110.274668995716922, -1.964795189426217 ], [ 110.274489332660096, -1.964795189426217 ], [ 110.274489332660096, -1.965154515539865 ] ] ] } },
{ "type": "Feature", "properties": { "count": 4, "label": 1, "cluster_id": 58 }, "geometry": { "type": "Polygon", "coordinates": [ [ [ 110.274489332660096, -1.965693504710337 ], [ 110.274489332660096, -1.966052830823985 ], [ 110.274668995716922, -1.966052830823985 ], [ 110.274668995716922, -1.966232493880809 ], [ 110.274848658773749, -1.966232493880809 ], [ 110.274848658773749, -1.965873167767161 ], [ 110.274668995716922, -1.965873167767161 ], [ 110.274668995716922, -1.965693504710337 ], [ 110.274489332660096, -1.965693504710337 ] ] ] } },
{ "type": "Feature", "properties": { "count": 1, "label": 1, "cluster_id": 58 }, "geometry": { "type": "Polygon", "coordinates": [ [ [ 110.274668995716922, -1.92167605578848 ], [ 110.274848658773749, -1.92167605578848 ], [ 110.274848658773749, -1.921496392731656 ], [ 110.274668995716922, -1.921496392731656 ], [ 110.274668995716922, -1.92167605578848 ] ] ] } },
{ "type": "Feature", "properties": { "count": 1, "label": 1, "cluster_id": 58 }, "geometry": { "type": "Polygon", "coordinates": [ [ [ 110.274668995716922, -1.935510111163921 ], [ 110.274848658773749, -1.935510111163921 ], [ 110.274848658773749, -1.935330448107097 ], [ 110.274668995716922, -1.935330448107097 ], [ 110.274668995716922, -1.935510111163921 ] ] ] } },
{ "type": "Feature", "properties": { "count": 1, "label": 1, "cluster_id": 58 }, "geometry": { "type": "Polygon", "coordinates": [ [ [ 110.274668995716922, -1.945930568459707 ], [ 110.274848658773749, -1.945930568459707 ], [ 110.274848658773749, -1.945750905402883 ], [ 110.274668995716922, -1.945750905402883 ], [ 110.274668995716922, -1.945930568459707 ] ] ] } },
{ "type": "Feature", "properties": { "count": 1, "label": 1, "cluster_id": 58 }, "geometry": { "type": "Polygon", "coordinates": [ [ [ 110.274668995716922, -1.947727199027947 ], [ 110.274848658773749, -1.947727199027947 ], [ 110.274848658773749, -1.947547535971123 ], [ 110.274668995716922, -1.947547535971123 ], [ 110.274668995716922, -1.947727199027947 ] ] ] } },
{ "type": "Feature", "properties": { "count": 2, "label": 1, "cluster_id": 58 }, "geometry": { "type": "Polygon", "coordinates": [ [ [ 110.274668995716922, -1.951320460164425 ], [ 110.274848658773749, -1.951320460164425 ], [ 110.274848658773749, -1.950961134050777 ], [ 110.274668995716922, -1.950961134050777 ], [ 110.274668995716922, -1.951320460164425 ] ] ] } },
{ "type": "Feature", "properties": { "count": 1, "label": 1, "cluster_id": 58 }, "geometry": { "type": "Polygon", "coordinates": [ [ [ 110.274848658773749, -1.918262457708826 ], [ 110.275028321830575, -1.918262457708826 ], [ 110.275028321830575, -1.918082794652002 ], [ 110.274848658773749, -1.918082794652002 ], [ 110.274848658773749, -1.918262457708826 ] ] ] } },
{ "type": "Feature", "properties": { "count": 1, "label": 1, "cluster_id": 58 }, "geometry": { "type": "Polygon", "coordinates": [ [ [ 110.274848658773749, -1.936588089504864 ], [ 110.275028321830575, -1.936588089504864 ], [ 110.275028321830575, -1.936408426448041 ], [ 110.274848658773749, -1.936408426448041 ], [ 110.274848658773749, -1.936588089504864 ] ] ] } },
{ "type": "Feature", "properties": { "count": 1, "label": 1, "cluster_id": 58 }, "geometry": { "type": "Polygon", "coordinates": [ [ [ 110.274848658773749, -1.940361013698166 ], [ 110.275028321830575, -1.940361013698166 ], [ 110.275028321830575, -1.940181350641343 ], [ 110.274848658773749, -1.940181350641343 ], [ 110.274848658773749, -1.940361013698166 ] ] ] } },
{ "type": "Feature", "properties": { "count": 4, "label": 1, "cluster_id": 58 }, "geometry": { "type": "Polygon", "coordinates": [ [ [ 110.274848658773749, -1.949883155709833 ], [ 110.274848658773749, -1.950062818766657 ], [ 110.274668995716922, -1.950062818766657 ], [ 110.274668995716922, -1.950242481823481 ], [ 110.274848658773749, -1.950242481823481 ], [ 110.274848658773749, -1.950422144880305 ], [ 110.275028321830575, -1.950422144880305 ], [ 110.275028321830575, -1.949883155709833 ], [ 110.274848658773749, -1.949883155709833 ] ] ] } },
{ "type": "Feature", "properties": { "count": 1, "label": 1, "cluster_id": 58 }, "geometry": { "type": "Polygon", "coordinates": [ [ [ 110.274848658773749, -1.950781470993953 ], [ 110.275028321830575, -1.950781470993953 ], [ 110.275028321830575, -1.950601807937129 ], [ 110.274848658773749, -1.950601807937129 ], [ 110.274848658773749, -1.950781470993953 ] ] ] } },
{ "type": "Feature", "properties": { "count": 1, "label": 1, "cluster_id": 58 }, "geometry": { "type": "Polygon", "coordinates": [ [ [ 110.274848658773749, -1.959944286891972 ], [ 110.275028321830575, -1.959944286891972 ], [ 110.275028321830575, -1.959764623835148 ], [ 110.274848658773749, -1.959764623835148 ], [ 110.274848658773749, -1.959944286891972 ] ] ] } },
{ "type": "Feature", "properties": { "count": 1, "label": 1, "cluster_id": 58 }, "geometry": { "type": "Polygon", "coordinates": [ [ [ 110.274848658773749, -1.961561254403387 ], [ 110.275028321830575, -1.961561254403387 ], [ 110.275028321830575, -1.961381591346563 ], [ 110.274848658773749, -1.961381591346563 ], [ 110.274848658773749, -1.961561254403387 ] ] ] } },
{ "type": "Feature", "properties": { "count": 1, "label": 1, "cluster_id": 58 }, "geometry": { "type": "Polygon", "coordinates": [ [ [ 110.274848658773749, -1.96353754802845 ], [ 110.275028321830575, -1.96353754802845 ], [ 110.275028321830575, -1.963357884971626 ], [ 110.274848658773749, -1.963357884971626 ], [ 110.274848658773749, -1.96353754802845 ] ] ] } },
{ "type": "Feature", "properties": { "count": 1, "label": 1, "cluster_id": 58 }, "geometry": { "type": "Polygon", "coordinates": [ [ [ 110.275028321830575, -1.946110231516531 ], [ 110.275207984887388, -1.946110231516531 ], [ 110.275207984887388, -1.945930568459707 ], [ 110.275028321830575, -1.945930568459707 ], [ 110.275028321830575, -1.946110231516531 ] ] ] } },
{ "type": "Feature", "properties": { "count": 1, "label": 1, "cluster_id": 58 }, "geometry": { "type": "Polygon", "coordinates": [ [ [ 110.275028321830575, -1.947547535971123 ], [ 110.275207984887388, -1.947547535971123 ], [ 110.275207984887388, -1.947367872914299 ], [ 110.275028321830575, -1.947367872914299 ], [ 110.275028321830575, -1.947547535971123 ] ] ] } },
{ "type": "Feature", "properties": { "count": 1, "label": 1, "cluster_id": 58 }, "geometry": { "type": "Polygon", "coordinates": [ [ [ 110.275028321830575, -1.94880517736889 ], [ 110.275207984887388, -1.94880517736889 ], [ 110.275207984887388, -1.948625514312066 ], [ 110.275028321830575, -1.948625514312066 ], [ 110.275028321830575, -1.94880517736889 ] ] ] } },
{ "type": "Feature", "properties": { "count": 1, "label": 1, "cluster_id": 58 }, "geometry": { "type": "Polygon", "coordinates": [ [ [ 110.275028321830575, -1.954374732130431 ], [ 110.275207984887388, -1.954374732130431 ], [ 110.275207984887388, -1.954195069073607 ], [ 110.275028321830575, -1.954195069073607 ], [ 110.275028321830575, -1.954374732130431 ] ] ] } },
{ "type": "Feature", "properties": { "count": 2, "label": 1, "cluster_id": 58 }, "geometry": { "type": "Polygon", "coordinates": [ [ [ 110.275207984887388, -1.935689774220745 ], [ 110.275387647944214, -1.935689774220745 ], [ 110.275387647944214, -1.935330448107097 ], [ 110.275207984887388, -1.935330448107097 ], [ 110.275207984887388, -1.935689774220745 ] ] ] } },
{ "type": "Feature", "properties": { "count": 2, "label": 1, "cluster_id": 58 }, "geometry": { "type": "Polygon", "coordinates": [ [ [ 110.275207984887388, -1.94054067675499 ], [ 110.275387647944214, -1.94054067675499 ], [ 110.275387647944214, -1.940181350641343 ], [ 110.275207984887388, -1.940181350641343 ], [ 110.275207984887388, -1.94054067675499 ] ] ] } },
{ "type": "Feature", "properties": { "count": 2, "label": 1, "cluster_id": 58 }, "geometry": { "type": "Polygon", "coordinates": [ [ [ 110.275207984887388, -1.95293742767584 ], [ 110.275387647944214, -1.95293742767584 ], [ 110.275387647944214, -1.952578101562192 ], [ 110.275207984887388, -1.952578101562192 ], [ 110.275207984887388, -1.95293742767584 ] ] ] } },
{ "type": "Feature", "properties": { "count": 1, "label": 1, "cluster_id": 58 }, "geometry": { "type": "Polygon", "coordinates": [ [ [ 110.275207984887388, -1.954734058244079 ], [ 110.275387647944214, -1.954734058244079 ], [ 110.275387647944214, -1.954554395187255 ], [ 110.275207984887388, -1.954554395187255 ], [ 110.275207984887388, -1.954734058244079 ] ] ] } },
{ "type": "Feature", "properties": { "count": 1, "label": 1, "cluster_id": 58 }, "geometry": { "type": "Polygon", "coordinates": [ [ [ 110.275207984887388, -1.955991699641846 ], [ 110.275387647944214, -1.955991699641846 ], [ 110.275387647944214, -1.955812036585022 ], [ 110.275207984887388, -1.955812036585022 ], [ 110.275207984887388, -1.955991699641846 ] ] ] } },
{ "type": "Feature", "properties": { "count": 4, "label": 1, "cluster_id": 58 }, "geometry": { "type": "Polygon", "coordinates": [ [ [ 110.275207984887388, -1.957967993266909 ], [ 110.275207984887388, -1.958327319380557 ], [ 110.275028321830575, -1.958327319380557 ], [ 110.275028321830575, -1.958506982437381 ], [ 110.275387647944214, -1.958506982437381 ], [ 110.275387647944214, -1.957967993266909 ], [ 110.275207984887388, -1.957967993266909 ] ] ] } },
{ "type": "Feature", "properties": { "count": 1, "label": 1, "cluster_id": 58 }, "geometry": { "type": "Polygon", "coordinates": [ [ [ 110.275207984887388, -1.960123949948796 ], [ 110.275387647944214, -1.960123949948796 ], [ 110.275387647944214, -1.959944286891972 ], [ 110.275207984887388, -1.959944286891972 ], [ 110.275207984887388, -1.960123949948796 ] ] ] } },
{ "type": "Feature", "properties": { "count": 2, "label": 1, "cluster_id": 58 }, "geometry": { "type": "Polygon", "coordinates": [ [ [ 110.275207984887388, -1.964256200255746 ], [ 110.275387647944214, -1.964256200255746 ], [ 110.275387647944214, -1.963896874142098 ], [ 110.275207984887388, -1.963896874142098 ], [ 110.275207984887388, -1.964256200255746 ] ] ] } },
{ "type": "Feature", "properties": { "count": 4, "label": 1, "cluster_id": 58 }, "geometry": { "type": "Polygon", "coordinates": [ [ [ 110.275028321830575, -1.965154515539865 ], [ 110.275387647944214, -1.965154515539865 ], [ 110.275387647944214, -1.964795189426217 ], [ 110.275028321830575, -1.964795189426217 ], [ 110.275028321830575, -1.965154515539865 ] ] ] } },
{ "type": "Feature", "properties": { "count": 7, "label": 1, "cluster_id": 58 }, "geometry": { "type": "Polygon", "coordinates": [ [ [ 110.275028321830575, -1.965873167767161 ], [ 110.275028321830575, -1.966232493880809 ], [ 110.274848658773749, -1.966232493880809 ], [ 110.274848658773749, -1.966412156937632 ], [ 110.275028321830575, -1.966412156937632 ], [ 110.275028321830575, -1.966591819994457 ], [ 110.275207984887388, -1.966591819994457 ], [ 110.275207984887388, -1.966232493880809 ], [ 110.275387647944214, -1.966232493880809 ], [ 110.275387647944214, -1.965873167767161 ], [ 110.275028321830575, -1.965873167767161 ] ] ] } },
{ "type": "Feature", "properties": { "count": 1, "label": 1, "cluster_id": 58 }, "geometry": { "type": "Polygon", "coordinates": [ [ [ 110.275387647944214, -1.941079665925462 ], [ 110.275567311001041, -1.941079665925462 ], [ 110.275567311001041, -1.940900002868638 ], [ 110.275387647944214, -1.940900002868638 ], [ 110.275387647944214, -1.941079665925462 ] ] ] } },
{ "type": "Feature", "properties": { "count": 1, "label": 1, "cluster_id": 58 }, "geometry": { "type": "Polygon", "coordinates": [ [ [ 110.275387647944214, -1.947727199027947 ], [ 110.275567311001041, -1.947727199027947 ], [ 110.275567311001041, -1.947547535971123 ], [ 110.275387647944214, -1.947547535971123 ], [ 110.275387647944214, -1.947727199027947 ] ] ] } },
{ "type": "Feature", "properties": { "count": 2, "label": 1, "cluster_id": 58 }, "geometry": { "type": "Polygon", "coordinates": [ [ [ 110.275207984887388, -1.948984840425714 ], [ 110.275567311001041, -1.948984840425714 ], [ 110.275567311001041, -1.94880517736889 ], [ 110.275207984887388, -1.94880517736889 ], [ 110.275207984887388, -1.948984840425714 ] ] ] } },
{ "type": "Feature", "properties": { "count": 2, "label": 1, "cluster_id": 58 }, "geometry": { "type": "Polygon", "coordinates": [ [ [ 110.275207984887388, -1.950601807937129 ], [ 110.275567311001041, -1.950601807937129 ], [ 110.275567311001041, -1.950422144880305 ], [ 110.275207984887388, -1.950422144880305 ], [ 110.275207984887388, -1.950601807937129 ] ] ] } },
{ "type": "Feature", "properties": { "count": 1, "label": 1, "cluster_id": 58 }, "geometry": { "type": "Polygon", "coordinates": [ [ [ 110.275387647944214, -1.959225634664676 ], [ 110.275567311001041, -1.959225634664676 ], [ 110.275567311001041, -1.959045971607853 ], [ 110.275387647944214, -1.959045971607853 ], [ 110.275387647944214, -1.959225634664676 ] ] ] } },
{ "type": "Feature", "properties": { "count": 1, "label": 1, "cluster_id": 58 }, "geometry": { "type": "Polygon", "coordinates": [ [ [ 110.275567311001041, -1.920777740504361 ], [ 110.275746974057867, -1.920777740504361 ], [ 110.275746974057867, -1.920598077447537 ], [ 110.275567311001041, -1.920598077447537 ], [ 110.275567311001041, -1.920777740504361 ] ] ] } },
{ "type": "Feature", "properties": { "count": 1, "label": 1, "cluster_id": 58 }, "geometry": { "type": "Polygon", "coordinates": [ [ [ 110.275567311001041, -1.921496392731656 ], [ 110.275746974057867, -1.921496392731656 ], [ 110.275746974057867, -1.921316729674833 ], [ 110.275567311001041, -1.921316729674833 ], [ 110.275567311001041, -1.921496392731656 ] ] ] } },
{ "type": "Feature", "properties": { "count": 1, "label": 1, "cluster_id": 58 }, "geometry": { "type": "Polygon", "coordinates": [ [ [ 110.275567311001041, -1.948086525141594 ], [ 110.275746974057867, -1.948086525141594 ], [ 110.275746974057867, -1.94790686208477 ], [ 110.275567311001041, -1.94790686208477 ], [ 110.275567311001041, -1.948086525141594 ] ] ] } },
{ "type": "Feature", "properties": { "count": 1, "label": 1, "cluster_id": 58 }, "geometry": { "type": "Polygon", "coordinates": [ [ [ 110.275567311001041, -1.948625514312066 ], [ 110.275746974057867, -1.948625514312066 ], [ 110.275746974057867, -1.948445851255242 ], [ 110.275567311001041, -1.948445851255242 ], [ 110.275567311001041, -1.948625514312066 ] ] ] } },
{ "type": "Feature", "properties": { "count": 1, "label": 1, "cluster_id": 58 }, "geometry": { "type": "Polygon", "coordinates": [ [ [ 110.275567311001041, -1.952398438505368 ], [ 110.275746974057867, -1.952398438505368 ], [ 110.275746974057867, -1.952218775448544 ], [ 110.275567311001041, -1.952218775448544 ], [ 110.275567311001041, -1.952398438505368 ] ] ] } },
{ "type": "Feature", "properties": { "count": 2, "label": 1, "cluster_id": 58 }, "geometry": { "type": "Polygon", "coordinates": [ [ [ 110.275567311001041, -1.95293742767584 ], [ 110.275746974057867, -1.95293742767584 ], [ 110.275746974057867, -1.952578101562192 ], [ 110.275567311001041, -1.952578101562192 ], [ 110.275567311001041, -1.95293742767584 ] ] ] } },
{ "type": "Feature", "properties": { "count": 1, "label": 1, "cluster_id": 58 }, "geometry": { "type": "Polygon", "coordinates": [ [ [ 110.275567311001041, -1.953476416846311 ], [ 110.275746974057867, -1.953476416846311 ], [ 110.275746974057867, -1.953296753789487 ], [ 110.275567311001041, -1.953296753789487 ], [ 110.275567311001041, -1.953476416846311 ] ] ] } },
{ "type": "Feature", "properties": { "count": 8, "label": 1, "cluster_id": 58 }, "geometry": { "type": "Polygon", "coordinates": [ [ [ 110.275387647944214, -1.953835742959959 ], [ 110.275387647944214, -1.954015406016783 ], [ 110.275207984887388, -1.954015406016783 ], [ 110.275207984887388, -1.954195069073607 ], [ 110.275387647944214, -1.954195069073607 ], [ 110.275387647944214, -1.954554395187255 ], [ 110.275567311001041, -1.954554395187255 ], [ 110.275567311001041, -1.954374732130431 ], [ 110.275746974057867, -1.954374732130431 ], [ 110.275746974057867, -1.953835742959959 ], [ 110.275387647944214, -1.953835742959959 ] ] ] } },
{ "type": "Feature", "properties": { "count": 1, "label": 1, "cluster_id": 58 }, "geometry": { "type": "Polygon", "coordinates": [ [ [ 110.275567311001041, -1.962818895801155 ], [ 110.275746974057867, -1.962818895801155 ], [ 110.275746974057867, -1.96263923274433 ], [ 110.275567311001041, -1.96263923274433 ], [ 110.275567311001041, -1.962818895801155 ] ] ] } },
{ "type": "Feature", "properties": { "count": 27, "label": 1, "cluster_id": 58 }, "geometry": { "type": "Polygon", "coordinates": [ [ [ 110.275387647944214, -1.916106501026939 ], [ 110.275387647944214, -1.916286164083763 ], [ 110.275207984887388, -1.916286164083763 ], [ 110.275207984887388, -1.916825153254235 ], [ 110.275387647944214, -1.916825153254235 ], [ 110.275387647944214, -1.917184479367883 ], [ 110.275567311001041, -1.917184479367883 ], [ 110.275567311001041, -1.917004816311059 ], [ 110.276285963228332, -1.917004816311059 ], [ 110.276285963228332, -1.916286164083763 ], [ 110.275926637114694, -1.916286164083763 ], [ 110.275926637114694, -1.916106501026939 ], [ 110.275387647944214, -1.916106501026939 ] ] ] } },
{ "type": "Feature", "properties": { "count": 1, "label": 1, "cluster_id": 58 }, "geometry": { "type": "Polygon", "coordinates": [ [ [ 110.275746974057867, -1.918262457708826 ], [ 110.275926637114694, -1.918262457708826 ], [ 110.275926637114694, -1.918082794652002 ], [ 110.275746974057867, -1.918082794652002 ], [ 110.275746974057867, -1.918262457708826 ] ] ] } },
{ "type": "Feature", "properties": { "count": 1, "label": 1, "cluster_id": 58 }, "geometry": { "type": "Polygon", "coordinates": [ [ [ 110.275746974057867, -1.920059088277065 ], [ 110.275926637114694, -1.920059088277065 ], [ 110.275926637114694, -1.919879425220241 ], [ 110.275746974057867, -1.919879425220241 ], [ 110.275746974057867, -1.920059088277065 ] ] ] } },
{ "type": "Feature", "properties": { "count": 9, "label": 1, "cluster_id": 58 }, "geometry": { "type": "Polygon", "coordinates": [ [ [ 110.275746974057867, -1.950601807937129 ], [ 110.275746974057867, -1.951500123221249 ], [ 110.275926637114694, -1.951500123221249 ], [ 110.275926637114694, -1.951679786278072 ], [ 110.27610630017152, -1.951679786278072 ], [ 110.27610630017152, -1.951320460164425 ], [ 110.275926637114694, -1.951320460164425 ], [ 110.275926637114694, -1.951140797107601 ], [ 110.276285963228332, -1.951140797107601 ], [ 110.276285963228332, -1.950961134050777 ], [ 110.275926637114694, -1.950961134050777 ], [ 110.275926637114694, -1.950601807937129 ], [ 110.275746974057867, -1.950601807937129 ] ] ] } },
{ "type": "Feature", "properties": { "count": 1, "label": 1, "cluster_id": 58 }, "geometry": { "type": "Polygon", "coordinates": [ [ [ 110.275746974057867, -1.955093384357727 ], [ 110.275926637114694, -1.955093384357727 ], [ 110.275926637114694, -1.954913721300903 ], [ 110.275746974057867, -1.954913721300903 ], [ 110.275746974057867, -1.955093384357727 ] ] ] } },
{ "type": "Feature", "properties": { "count": 1, "label": 1, "cluster_id": 58 }, "geometry": { "type": "Polygon", "coordinates": [ [ [ 110.275746974057867, -1.964974852483041 ], [ 110.275926637114694, -1.964974852483041 ], [ 110.275926637114694, -1.964795189426217 ], [ 110.275746974057867, -1.964795189426217 ], [ 110.275746974057867, -1.964974852483041 ] ] ] } },
{ "type": "Feature", "properties": { "count": 1, "label": 1, "cluster_id": 58 }, "geometry": { "type": "Polygon", "coordinates": [ [ [ 110.275746974057867, -1.96677148305128 ], [ 110.275926637114694, -1.96677148305128 ], [ 110.275926637114694, -1.966591819994457 ], [ 110.275746974057867, -1.966591819994457 ], [ 110.275746974057867, -1.96677148305128 ] ] ] } },
{ "type": "Feature", "properties": { "count": 1, "label": 1, "cluster_id": 58 }, "geometry": { "type": "Polygon", "coordinates": [ [ [ 110.275926637114694, -1.917903131595178 ], [ 110.27610630017152, -1.917903131595178 ], [ 110.27610630017152, -1.917723468538354 ], [ 110.275926637114694, -1.917723468538354 ], [ 110.275926637114694, -1.917903131595178 ] ] ] } },
{ "type": "Feature", "properties": { "count": 2, "label": 1, "cluster_id": 58 }, "geometry": { "type": "Polygon", "coordinates": [ [ [ 110.275926637114694, -1.91934043604977 ], [ 110.27610630017152, -1.91934043604977 ], [ 110.27610630017152, -1.918981109936122 ], [ 110.275926637114694, -1.918981109936122 ], [ 110.275926637114694, -1.91934043604977 ] ] ] } },
{ "type": "Feature", "properties": { "count": 1, "label": 1, "cluster_id": 58 }, "geometry": { "type": "Polygon", "coordinates": [ [ [ 110.275926637114694, -1.920418414390713 ], [ 110.27610630017152, -1.920418414390713 ], [ 110.27610630017152, -1.920238751333889 ], [ 110.275926637114694, -1.920238751333889 ], [ 110.275926637114694, -1.920418414390713 ] ] ] } },
{ "type": "Feature", "properties": { "count": 1, "label": 1, "cluster_id": 58 }, "geometry": { "type": "Polygon", "coordinates": [ [ [ 110.275926637114694, -1.940720339811814 ], [ 110.27610630017152, -1.940720339811814 ], [ 110.27610630017152, -1.94054067675499 ], [ 110.275926637114694, -1.94054067675499 ], [ 110.275926637114694, -1.940720339811814 ] ] ] } },
{ "type": "Feature", "properties": { "count": 1, "label": 1, "cluster_id": 58 }, "geometry": { "type": "Polygon", "coordinates": [ [ [ 110.275926637114694, -1.948266188198418 ], [ 110.27610630017152, -1.948266188198418 ], [ 110.27610630017152, -1.948086525141594 ], [ 110.275926637114694, -1.948086525141594 ], [ 110.275926637114694, -1.948266188198418 ] ] ] } },
{ "type": "Feature", "properties": { "count": 1, "label": 1, "cluster_id": 58 }, "geometry": { "type": "Polygon", "coordinates": [ [ [ 110.275926637114694, -1.948625514312066 ], [ 110.27610630017152, -1.948625514312066 ], [ 110.27610630017152, -1.948445851255242 ], [ 110.275926637114694, -1.948445851255242 ], [ 110.275926637114694, -1.948625514312066 ] ] ] } },
{ "type": "Feature", "properties": { "count": 1, "label": 1, "cluster_id": 58 }, "geometry": { "type": "Polygon", "coordinates": [ [ [ 110.275926637114694, -1.949344166539362 ], [ 110.27610630017152, -1.949344166539362 ], [ 110.27610630017152, -1.949164503482538 ], [ 110.275926637114694, -1.949164503482538 ], [ 110.275926637114694, -1.949344166539362 ] ] ] } },
{ "type": "Feature", "properties": { "count": 1, "label": 1, "cluster_id": 58 }, "geometry": { "type": "Polygon", "coordinates": [ [ [ 110.275926637114694, -1.95293742767584 ], [ 110.27610630017152, -1.95293742767584 ], [ 110.27610630017152, -1.952757764619016 ], [ 110.275926637114694, -1.952757764619016 ], [ 110.275926637114694, -1.95293742767584 ] ] ] } },
{ "type": "Feature", "properties": { "count": 1, "label": 1, "cluster_id": 58 }, "geometry": { "type": "Polygon", "coordinates": [ [ [ 110.275926637114694, -1.954195069073607 ], [ 110.27610630017152, -1.954195069073607 ], [ 110.27610630017152, -1.954015406016783 ], [ 110.275926637114694, -1.954015406016783 ], [ 110.275926637114694, -1.954195069073607 ] ] ] } },
{ "type": "Feature", "properties": { "count": 1, "label": 1, "cluster_id": 58 }, "geometry": { "type": "Polygon", "coordinates": [ [ [ 110.275926637114694, -1.965334178596689 ], [ 110.27610630017152, -1.965334178596689 ], [ 110.27610630017152, -1.965154515539865 ], [ 110.275926637114694, -1.965154515539865 ], [ 110.275926637114694, -1.965334178596689 ] ] ] } },
{ "type": "Feature", "properties": { "count": 1, "label": 1, "cluster_id": 58 }, "geometry": { "type": "Polygon", "coordinates": [ [ [ 110.275926637114694, -1.968388450562695 ], [ 110.27610630017152, -1.968388450562695 ], [ 110.27610630017152, -1.968208787505872 ], [ 110.275926637114694, -1.968208787505872 ], [ 110.275926637114694, -1.968388450562695 ] ] ] } },
{ "type": "Feature", "properties": { "count": 1, "label": 1, "cluster_id": 58 }, "geometry": { "type": "Polygon", "coordinates": [ [ [ 110.27610630017152, -1.90370975010609 ], [ 110.276285963228332, -1.90370975010609 ], [ 110.276285963228332, -1.903530087049266 ], [ 110.27610630017152, -1.903530087049266 ], [ 110.27610630017152, -1.90370975010609 ] ] ] } },
{ "type": "Feature", "properties": { "count": 4, "label": 1, "cluster_id": 58 }, "geometry": { "type": "Polygon", "coordinates": [ [ [ 110.27610630017152, -1.941977981209582 ], [ 110.27610630017152, -1.942516970380053 ], [ 110.276285963228332, -1.942516970380053 ], [ 110.276285963228332, -1.942337307323229 ], [ 110.276465626285159, -1.942337307323229 ], [ 110.276465626285159, -1.942157644266405 ], [ 110.276285963228332, -1.942157644266405 ], [ 110.276285963228332, -1.941977981209582 ], [ 110.27610630017152, -1.941977981209582 ] ] ] } },
{ "type": "Feature", "properties": { "count": 1, "label": 1, "cluster_id": 58 }, "geometry": { "type": "Polygon", "coordinates": [ [ [ 110.27610630017152, -1.94790686208477 ], [ 110.276285963228332, -1.94790686208477 ], [ 110.276285963228332, -1.947727199027947 ], [ 110.27610630017152, -1.947727199027947 ], [ 110.27610630017152, -1.94790686208477 ] ] ] } },
{ "type": "Feature", "properties": { "count": 1, "label": 1, "cluster_id": 58 }, "geometry": { "type": "Polygon", "coordinates": [ [ [ 110.27610630017152, -1.948445851255242 ], [ 110.276285963228332, -1.948445851255242 ], [ 110.276285963228332, -1.948266188198418 ], [ 110.27610630017152, -1.948266188198418 ], [ 110.27610630017152, -1.948445851255242 ] ] ] } },
{ "type": "Feature", "properties": { "count": 1, "label": 1, "cluster_id": 58 }, "geometry": { "type": "Polygon", "coordinates": [ [ [ 110.27610630017152, -1.949703492653009 ], [ 110.276285963228332, -1.949703492653009 ], [ 110.276285963228332, -1.949523829596185 ], [ 110.27610630017152, -1.949523829596185 ], [ 110.27610630017152, -1.949703492653009 ] ] ] } },
{ "type": "Feature", "properties": { "count": 1, "label": 1, "cluster_id": 58 }, "geometry": { "type": "Polygon", "coordinates": [ [ [ 110.27610630017152, -1.957249341039613 ], [ 110.276285963228332, -1.957249341039613 ], [ 110.276285963228332, -1.957069677982789 ], [ 110.27610630017152, -1.957069677982789 ], [ 110.27610630017152, -1.957249341039613 ] ] ] } },
{ "type": "Feature", "properties": { "count": 3, "label": 1, "cluster_id": 58 }, "geometry": { "type": "Polygon", "coordinates": [ [ [ 110.27610630017152, -1.957967993266909 ], [ 110.276285963228332, -1.957967993266909 ], [ 110.276285963228332, -1.957429004096437 ], [ 110.27610630017152, -1.957429004096437 ], [ 110.27610630017152, -1.957967993266909 ] ] ] } },
{ "type": "Feature", "properties": { "count": 1, "label": 1, "cluster_id": 58 }, "geometry": { "type": "Polygon", "coordinates": [ [ [ 110.276285963228332, -1.920418414390713 ], [ 110.276465626285159, -1.920418414390713 ], [ 110.276465626285159, -1.920238751333889 ], [ 110.276285963228332, -1.920238751333889 ], [ 110.276285963228332, -1.920418414390713 ] ] ] } },
{ "type": "Feature", "properties": { "count": 3, "label": 1, "cluster_id": 58 }, "geometry": { "type": "Polygon", "coordinates": [ [ [ 110.27610630017152, -1.934432132822978 ], [ 110.27610630017152, -1.934791458936625 ], [ 110.276285963228332, -1.934791458936625 ], [ 110.276285963228332, -1.934611795879801 ], [ 110.276465626285159, -1.934611795879801 ], [ 110.276465626285159, -1.934432132822978 ], [ 110.27610630017152, -1.934432132822978 ] ] ] } },
{ "type": "Feature", "properties": { "count": 3, "label": 1, "cluster_id": 58 }, "geometry": { "type": "Polygon", "coordinates": [ [ [ 110.27610630017152, -1.938025393959456 ], [ 110.27610630017152, -1.938384720073103 ], [ 110.276285963228332, -1.938384720073103 ], [ 110.276285963228332, -1.93820505701628 ], [ 110.276465626285159, -1.93820505701628 ], [ 110.276465626285159, -1.938025393959456 ], [ 110.27610630017152, -1.938025393959456 ] ] ] } },
{ "type": "Feature", "properties": { "count": 1, "label": 1, "cluster_id": 58 }, "geometry": { "type": "Polygon", "coordinates": [ [ [ 110.276285963228332, -1.938923709243575 ], [ 110.276465626285159, -1.938923709243575 ], [ 110.276465626285159, -1.938744046186751 ], [ 110.276285963228332, -1.938744046186751 ], [ 110.276285963228332, -1.938923709243575 ] ] ] } },
{ "type": "Feature", "properties": { "count": 1, "label": 1, "cluster_id": 58 }, "geometry": { "type": "Polygon", "coordinates": [ [ [ 110.276285963228332, -1.945032253175588 ], [ 110.276465626285159, -1.945032253175588 ], [ 110.276465626285159, -1.944852590118764 ], [ 110.276285963228332, -1.944852590118764 ], [ 110.276285963228332, -1.945032253175588 ] ] ] } },
{ "type": "Feature", "properties": { "count": 1, "label": 1, "cluster_id": 58 }, "geometry": { "type": "Polygon", "coordinates": [ [ [ 110.276285963228332, -1.954913721300903 ], [ 110.276465626285159, -1.954913721300903 ], [ 110.276465626285159, -1.954734058244079 ], [ 110.276285963228332, -1.954734058244079 ], [ 110.276285963228332, -1.954913721300903 ] ] ] } },
{ "type": "Feature", "properties": { "count": 3, "label": 1, "cluster_id": 58 }, "geometry": { "type": "Polygon", "coordinates": [ [ [ 110.276465626285159, -1.917004816311059 ], [ 110.276645289341985, -1.917004816311059 ], [ 110.276645289341985, -1.916465827140587 ], [ 110.276465626285159, -1.916465827140587 ], [ 110.276465626285159, -1.917004816311059 ] ] ] } },
{ "type": "Feature", "properties": { "count": 2, "label": 1, "cluster_id": 58 }, "geometry": { "type": "Polygon", "coordinates": [ [ [ 110.276285963228332, -1.918082794652002 ], [ 110.276645289341985, -1.918082794652002 ], [ 110.276645289341985, -1.917903131595178 ], [ 110.276285963228332, -1.917903131595178 ], [ 110.276285963228332, -1.918082794652002 ] ] ] } },
{ "type": "Feature", "properties": { "count": 1, "label": 1, "cluster_id": 58 }, "geometry": { "type": "Polygon", "coordinates": [ [ [ 110.276465626285159, -1.937666067845808 ], [ 110.276645289341985, -1.937666067845808 ], [ 110.276645289341985, -1.937486404788984 ], [ 110.276465626285159, -1.937486404788984 ], [ 110.276465626285159, -1.937666067845808 ] ] ] } },
{ "type": "Feature", "properties": { "count": 4, "label": 1, "cluster_id": 58 }, "geometry": { "type": "Polygon", "coordinates": [ [ [ 110.27610630017152, -1.941618655095934 ], [ 110.27610630017152, -1.941798318152758 ], [ 110.276465626285159, -1.941798318152758 ], [ 110.276465626285159, -1.941977981209582 ], [ 110.276645289341985, -1.941977981209582 ], [ 110.276645289341985, -1.941618655095934 ], [ 110.27610630017152, -1.941618655095934 ] ] ] } },
{ "type": "Feature", "properties": { "count": 2, "label": 1, "cluster_id": 58 }, "geometry": { "type": "Polygon", "coordinates": [ [ [ 110.276285963228332, -1.947188209857475 ], [ 110.276645289341985, -1.947188209857475 ], [ 110.276645289341985, -1.947008546800651 ], [ 110.276285963228332, -1.947008546800651 ], [ 110.276285963228332, -1.947188209857475 ] ] ] } },
{ "type": "Feature", "properties": { "count": 2, "label": 1, "cluster_id": 58 }, "geometry": { "type": "Polygon", "coordinates": [ [ [ 110.276465626285159, -1.948445851255242 ], [ 110.276645289341985, -1.948445851255242 ], [ 110.276645289341985, -1.948086525141594 ], [ 110.276465626285159, -1.948086525141594 ], [ 110.276465626285159, -1.948445851255242 ] ] ] } },
{ "type": "Feature", "properties": { "count": 2, "label": 1, "cluster_id": 58 }, "geometry": { "type": "Polygon", "coordinates": [ [ [ 110.276465626285159, -1.950601807937129 ], [ 110.276645289341985, -1.950601807937129 ], [ 110.276645289341985, -1.950242481823481 ], [ 110.276465626285159, -1.950242481823481 ], [ 110.276465626285159, -1.950601807937129 ] ] ] } },
{ "type": "Feature", "properties": { "count": 1, "label": 1, "cluster_id": 58 }, "geometry": { "type": "Polygon", "coordinates": [ [ [ 110.276465626285159, -1.959225634664676 ], [ 110.276645289341985, -1.959225634664676 ], [ 110.276645289341985, -1.959045971607853 ], [ 110.276465626285159, -1.959045971607853 ], [ 110.276465626285159, -1.959225634664676 ] ] ] } },
{ "type": "Feature", "properties": { "count": 1, "label": 1, "cluster_id": 58 }, "geometry": { "type": "Polygon", "coordinates": [ [ [ 110.276465626285159, -1.959764623835148 ], [ 110.276645289341985, -1.959764623835148 ], [ 110.276645289341985, -1.959584960778324 ], [ 110.276465626285159, -1.959584960778324 ], [ 110.276465626285159, -1.959764623835148 ] ] ] } },
{ "type": "Feature", "properties": { "count": 2, "label": 1, "cluster_id": 58 }, "geometry": { "type": "Polygon", "coordinates": [ [ [ 110.276465626285159, -1.962998558857978 ], [ 110.276645289341985, -1.962998558857978 ], [ 110.276645289341985, -1.96263923274433 ], [ 110.276465626285159, -1.96263923274433 ], [ 110.276465626285159, -1.962998558857978 ] ] ] } },
{ "type": "Feature", "properties": { "count": 1, "label": 1, "cluster_id": 58 }, "geometry": { "type": "Polygon", "coordinates": [ [ [ 110.276465626285159, -1.969286765846815 ], [ 110.276645289341985, -1.969286765846815 ], [ 110.276645289341985, -1.969107102789991 ], [ 110.276465626285159, -1.969107102789991 ], [ 110.276465626285159, -1.969286765846815 ] ] ] } },
{ "type": "Feature", "properties": { "count": 1, "label": 1, "cluster_id": 58 }, "geometry": { "type": "Polygon", "coordinates": [ [ [ 110.276645289341985, -1.916286164083763 ], [ 110.276824952398812, -1.916286164083763 ], [ 110.276824952398812, -1.916106501026939 ], [ 110.276645289341985, -1.916106501026939 ], [ 110.276645289341985, -1.916286164083763 ] ] ] } },
{ "type": "Feature", "properties": { "count": 1, "label": 1, "cluster_id": 58 }, "geometry": { "type": "Polygon", "coordinates": [ [ [ 110.276645289341985, -1.919879425220241 ], [ 110.276824952398812, -1.919879425220241 ], [ 110.276824952398812, -1.919699762163417 ], [ 110.276645289341985, -1.919699762163417 ], [ 110.276645289341985, -1.919879425220241 ] ] ] } },
{ "type": "Feature", "properties": { "count": 2, "label": 1, "cluster_id": 58 }, "geometry": { "type": "Polygon", "coordinates": [ [ [ 110.276645289341985, -1.935689774220745 ], [ 110.276824952398812, -1.935689774220745 ], [ 110.276824952398812, -1.935330448107097 ], [ 110.276645289341985, -1.935330448107097 ], [ 110.276645289341985, -1.935689774220745 ] ] ] } },
{ "type": "Feature", "properties": { "count": 28, "label": 1, "cluster_id": 58 }, "geometry": { "type": "Polygon", "coordinates": [ [ [ 110.276645289341985, -1.936228763391217 ], [ 110.276645289341985, -1.936588089504864 ], [ 110.276285963228332, -1.936588089504864 ], [ 110.276285963228332, -1.936947415618512 ], [ 110.276465626285159, -1.936947415618512 ], [ 110.276465626285159, -1.937127078675336 ], [ 110.276645289341985, -1.937127078675336 ], [ 110.276645289341985, -1.937486404788984 ], [ 110.276824952398812, -1.937486404788984 ], [ 110.276824952398812, -1.93730674173216 ], [ 110.277004615455638, -1.93730674173216 ], [ 110.277004615455638, -1.937127078675336 ], [ 110.277363941569277, -1.937127078675336 ], [ 110.277363941569277, -1.93730674173216 ], [ 110.277543604626104, -1.93730674173216 ], [ 110.277543604626104, -1.937486404788984 ], [ 110.27772326768293, -1.937486404788984 ], [ 110.27772326768293, -1.93730674173216 ], [ 110.277902930739756, -1.93730674173216 ], [ 110.277902930739756, -1.937127078675336 ], [ 110.278082593796583, -1.937127078675336 ], [ 110.278082593796583, -1.936947415618512 ], [ 110.27772326768293, -1.936947415618512 ], [ 110.27772326768293, -1.936767752561688 ], [ 110.277543604626104, -1.936767752561688 ], [ 110.277543604626104, -1.936947415618512 ], [ 110.277363941569277, -1.936947415618512 ], [ 110.277363941569277, -1.936408426448041 ], [ 110.277184278512451, -1.936408426448041 ], [ 110.277184278512451, -1.936767752561688 ], [ 110.277004615455638, -1.936767752561688 ], [ 110.277004615455638, -1.936947415618512 ], [ 110.276645289341985, -1.936947415618512 ], [ 110.276645289341985, -1.936767752561688 ], [ 110.276824952398812, -1.936767752561688 ], [ 110.276824952398812, -1.936228763391217 ], [ 110.276645289341985, -1.936228763391217 ] ] ] } },
{ "type": "Feature", "properties": { "count": 3, "label": 1, "cluster_id": 58 }, "geometry": { "type": "Polygon", "coordinates": [ [ [ 110.276285963228332, -1.94054067675499 ], [ 110.276824952398812, -1.94054067675499 ], [ 110.276824952398812, -1.940361013698166 ], [ 110.276285963228332, -1.940361013698166 ], [ 110.276285963228332, -1.94054067675499 ] ] ] } },
{ "type": "Feature", "properties": { "count": 1, "label": 1, "cluster_id": 58 }, "geometry": { "type": "Polygon", "coordinates": [ [ [ 110.276645289341985, -1.945211916232412 ], [ 110.276824952398812, -1.945211916232412 ], [ 110.276824952398812, -1.945032253175588 ], [ 110.276645289341985, -1.945032253175588 ], [ 110.276645289341985, -1.945211916232412 ] ] ] } },
{ "type": "Feature", "properties": { "count": 2, "label": 1, "cluster_id": 58 }, "geometry": { "type": "Polygon", "coordinates": [ [ [ 110.276645289341985, -1.954734058244079 ], [ 110.276824952398812, -1.954734058244079 ], [ 110.276824952398812, -1.954374732130431 ], [ 110.276645289341985, -1.954374732130431 ], [ 110.276645289341985, -1.954734058244079 ] ] ] } },
{ "type": "Feature", "properties": { "count": 1, "label": 1, "cluster_id": 58 }, "geometry": { "type": "Polygon", "coordinates": [ [ [ 110.276645289341985, -1.955991699641846 ], [ 110.276824952398812, -1.955991699641846 ], [ 110.276824952398812, -1.955812036585022 ], [ 110.276645289341985, -1.955812036585022 ], [ 110.276645289341985, -1.955991699641846 ] ] ] } },
{ "type": "Feature", "properties": { "count": 5, "label": 1, "cluster_id": 58 }, "geometry": { "type": "Polygon", "coordinates": [ [ [ 110.276465626285159, -1.964615526369393 ], [ 110.276465626285159, -1.965154515539865 ], [ 110.276645289341985, -1.965154515539865 ], [ 110.276645289341985, -1.964974852483041 ], [ 110.276824952398812, -1.964974852483041 ], [ 110.276824952398812, -1.964615526369393 ], [ 110.276465626285159, -1.964615526369393 ] ] ] } },
{ "type": "Feature", "properties": { "count": 1, "label": 1, "cluster_id": 58 }, "geometry": { "type": "Polygon", "coordinates": [ [ [ 110.276645289341985, -1.967490135278576 ], [ 110.276824952398812, -1.967490135278576 ], [ 110.276824952398812, -1.967310472221752 ], [ 110.276645289341985, -1.967310472221752 ], [ 110.276645289341985, -1.967490135278576 ] ] ] } },
{ "type": "Feature", "properties": { "count": 2, "label": 1, "cluster_id": 58 }, "geometry": { "type": "Polygon", "coordinates": [ [ [ 110.276824952398812, -1.916825153254235 ], [ 110.277004615455638, -1.916825153254235 ], [ 110.277004615455638, -1.916465827140587 ], [ 110.276824952398812, -1.916465827140587 ], [ 110.276824952398812, -1.916825153254235 ] ] ] } },
{ "type": "Feature", "properties": { "count": 1, "label": 1, "cluster_id": 58 }, "geometry": { "type": "Polygon", "coordinates": [ [ [ 110.276824952398812, -1.918262457708826 ], [ 110.277004615455638, -1.918262457708826 ], [ 110.277004615455638, -1.918082794652002 ], [ 110.276824952398812, -1.918082794652002 ], [ 110.276824952398812, -1.918262457708826 ] ] ] } },
{ "type": "Feature", "properties": { "count": 2, "label": 1, "cluster_id": 58 }, "geometry": { "type": "Polygon", "coordinates": [ [ [ 110.276824952398812, -1.918981109936122 ], [ 110.277004615455638, -1.918981109936122 ], [ 110.277004615455638, -1.918621783822474 ], [ 110.276824952398812, -1.918621783822474 ], [ 110.276824952398812, -1.918981109936122 ] ] ] } },
{ "type": "Feature", "properties": { "count": 1, "label": 1, "cluster_id": 58 }, "geometry": { "type": "Polygon", "coordinates": [ [ [ 110.276824952398812, -1.91934043604977 ], [ 110.277004615455638, -1.91934043604977 ], [ 110.277004615455638, -1.919160772992946 ], [ 110.276824952398812, -1.919160772992946 ], [ 110.276824952398812, -1.91934043604977 ] ] ] } },
{ "type": "Feature", "properties": { "count": 1, "label": 1, "cluster_id": 58 }, "geometry": { "type": "Polygon", "coordinates": [ [ [ 110.276824952398812, -1.941618655095934 ], [ 110.277004615455638, -1.941618655095934 ], [ 110.277004615455638, -1.94143899203911 ], [ 110.276824952398812, -1.94143899203911 ], [ 110.276824952398812, -1.941618655095934 ] ] ] } },
{ "type": "Feature", "properties": { "count": 1, "label": 1, "cluster_id": 58 }, "geometry": { "type": "Polygon", "coordinates": [ [ [ 110.276824952398812, -1.941977981209582 ], [ 110.277004615455638, -1.941977981209582 ], [ 110.277004615455638, -1.941798318152758 ], [ 110.276824952398812, -1.941798318152758 ], [ 110.276824952398812, -1.941977981209582 ] ] ] } },
{ "type": "Feature", "properties": { "count": 1, "label": 1, "cluster_id": 58 }, "geometry": { "type": "Polygon", "coordinates": [ [ [ 110.276824952398812, -1.948625514312066 ], [ 110.277004615455638, -1.948625514312066 ], [ 110.277004615455638, -1.948445851255242 ], [ 110.276824952398812, -1.948445851255242 ], [ 110.276824952398812, -1.948625514312066 ] ] ] } },
{ "type": "Feature", "properties": { "count": 1, "label": 1, "cluster_id": 58 }, "geometry": { "type": "Polygon", "coordinates": [ [ [ 110.276824952398812, -1.949523829596185 ], [ 110.277004615455638, -1.949523829596185 ], [ 110.277004615455638, -1.949344166539362 ], [ 110.276824952398812, -1.949344166539362 ], [ 110.276824952398812, -1.949523829596185 ] ] ] } },
{ "type": "Feature", "properties": { "count": 1, "label": 1, "cluster_id": 58 }, "geometry": { "type": "Polygon", "coordinates": [ [ [ 110.276824952398812, -1.95203911239172 ], [ 110.277004615455638, -1.95203911239172 ], [ 110.277004615455638, -1.951859449334896 ], [ 110.276824952398812, -1.951859449334896 ], [ 110.276824952398812, -1.95203911239172 ] ] ] } },
{ "type": "Feature", "properties": { "count": 1, "label": 1, "cluster_id": 58 }, "geometry": { "type": "Polygon", "coordinates": [ [ [ 110.276824952398812, -1.955812036585022 ], [ 110.277004615455638, -1.955812036585022 ], [ 110.277004615455638, -1.955632373528198 ], [ 110.276824952398812, -1.955632373528198 ], [ 110.276824952398812, -1.955812036585022 ] ] ] } },
{ "type": "Feature", "properties": { "count": 1, "label": 1, "cluster_id": 58 }, "geometry": { "type": "Polygon", "coordinates": [ [ [ 110.276824952398812, -1.957788330210085 ], [ 110.277004615455638, -1.957788330210085 ], [ 110.277004615455638, -1.957608667153261 ], [ 110.276824952398812, -1.957608667153261 ], [ 110.276824952398812, -1.957788330210085 ] ] ] } },
{ "type": "Feature", "properties": { "count": 2, "label": 1, "cluster_id": 58 }, "geometry": { "type": "Polygon", "coordinates": [ [ [ 110.276824952398812, -1.959944286891972 ], [ 110.277004615455638, -1.959944286891972 ], [ 110.277004615455638, -1.959584960778324 ], [ 110.276824952398812, -1.959584960778324 ], [ 110.276824952398812, -1.959944286891972 ] ] ] } },
{ "type": "Feature", "properties": { "count": 1, "label": 1, "cluster_id": 58 }, "geometry": { "type": "Polygon", "coordinates": [ [ [ 110.276824952398812, -1.960842602176091 ], [ 110.277004615455638, -1.960842602176091 ], [ 110.277004615455638, -1.960662939119268 ], [ 110.276824952398812, -1.960662939119268 ], [ 110.276824952398812, -1.960842602176091 ] ] ] } },
{ "type": "Feature", "properties": { "count": 1, "label": 1, "cluster_id": 58 }, "geometry": { "type": "Polygon", "coordinates": [ [ [ 110.276824952398812, -1.968208787505872 ], [ 110.277004615455638, -1.968208787505872 ], [ 110.277004615455638, -1.968029124449048 ], [ 110.276824952398812, -1.968029124449048 ], [ 110.276824952398812, -1.968208787505872 ] ] ] } },
{ "type": "Feature", "properties": { "count": 1, "label": 1, "cluster_id": 58 }, "geometry": { "type": "Polygon", "coordinates": [ [ [ 110.276824952398812, -1.969107102789991 ], [ 110.277004615455638, -1.969107102789991 ], [ 110.277004615455638, -1.968927439733167 ], [ 110.276824952398812, -1.968927439733167 ], [ 110.276824952398812, -1.969107102789991 ] ] ] } },
{ "type": "Feature", "properties": { "count": 1, "label": 1, "cluster_id": 58 }, "geometry": { "type": "Polygon", "coordinates": [ [ [ 110.277004615455638, -1.949344166539362 ], [ 110.277184278512451, -1.949344166539362 ], [ 110.277184278512451, -1.949164503482538 ], [ 110.277004615455638, -1.949164503482538 ], [ 110.277004615455638, -1.949344166539362 ] ] ] } },
{ "type": "Feature", "properties": { "count": 1, "label": 1, "cluster_id": 58 }, "geometry": { "type": "Polygon", "coordinates": [ [ [ 110.277004615455638, -1.964256200255746 ], [ 110.277184278512451, -1.964256200255746 ], [ 110.277184278512451, -1.964076537198922 ], [ 110.277004615455638, -1.964076537198922 ], [ 110.277004615455638, -1.964256200255746 ] ] ] } },
{ "type": "Feature", "properties": { "count": 1, "label": 1, "cluster_id": 58 }, "geometry": { "type": "Polygon", "coordinates": [ [ [ 110.277004615455638, -1.964615526369393 ], [ 110.277184278512451, -1.964615526369393 ], [ 110.277184278512451, -1.96443586331257 ], [ 110.277004615455638, -1.96443586331257 ], [ 110.277004615455638, -1.964615526369393 ] ] ] } },
{ "type": "Feature", "properties": { "count": 1, "label": 1, "cluster_id": 58 }, "geometry": { "type": "Polygon", "coordinates": [ [ [ 110.277184278512451, -1.904787728447033 ], [ 110.277363941569277, -1.904787728447033 ], [ 110.277363941569277, -1.90460806539021 ], [ 110.277184278512451, -1.90460806539021 ], [ 110.277184278512451, -1.904787728447033 ] ] ] } },
{ "type": "Feature", "properties": { "count": 1, "label": 1, "cluster_id": 58 }, "geometry": { "type": "Polygon", "coordinates": [ [ [ 110.277184278512451, -1.939822024527695 ], [ 110.277363941569277, -1.939822024527695 ], [ 110.277363941569277, -1.939642361470871 ], [ 110.277184278512451, -1.939642361470871 ], [ 110.277184278512451, -1.939822024527695 ] ] ] } },
{ "type": "Feature", "properties": { "count": 1, "label": 1, "cluster_id": 58 }, "geometry": { "type": "Polygon", "coordinates": [ [ [ 110.277184278512451, -1.945032253175588 ], [ 110.277363941569277, -1.945032253175588 ], [ 110.277363941569277, -1.944852590118764 ], [ 110.277184278512451, -1.944852590118764 ], [ 110.277184278512451, -1.945032253175588 ] ] ] } },
{ "type": "Feature", "properties": { "count": 3, "label": 1, "cluster_id": 58 }, "geometry": { "type": "Polygon", "coordinates": [ [ [ 110.277184278512451, -1.952578101562192 ], [ 110.277363941569277, -1.952578101562192 ], [ 110.277363941569277, -1.95203911239172 ], [ 110.277184278512451, -1.95203911239172 ], [ 110.277184278512451, -1.952578101562192 ] ] ] } },
{ "type": "Feature", "properties": { "count": 2, "label": 1, "cluster_id": 58 }, "geometry": { "type": "Polygon", "coordinates": [ [ [ 110.277184278512451, -1.955991699641846 ], [ 110.277363941569277, -1.955991699641846 ], [ 110.277363941569277, -1.955632373528198 ], [ 110.277184278512451, -1.955632373528198 ], [ 110.277184278512451, -1.955991699641846 ] ] ] } },
{ "type": "Feature", "properties": { "count": 2, "label": 1, "cluster_id": 58 }, "geometry": { "type": "Polygon", "coordinates": [ [ [ 110.277184278512451, -1.957967993266909 ], [ 110.277363941569277, -1.957967993266909 ], [ 110.277363941569277, -1.957608667153261 ], [ 110.277184278512451, -1.957608667153261 ], [ 110.277184278512451, -1.957967993266909 ] ] ] } },
{ "type": "Feature", "properties": { "count": 1, "label": 1, "cluster_id": 58 }, "geometry": { "type": "Polygon", "coordinates": [ [ [ 110.277184278512451, -1.958506982437381 ], [ 110.277363941569277, -1.958506982437381 ], [ 110.277363941569277, -1.958327319380557 ], [ 110.277184278512451, -1.958327319380557 ], [ 110.277184278512451, -1.958506982437381 ] ] ] } },
{ "type": "Feature", "properties": { "count": 6, "label": 1, "cluster_id": 58 }, "geometry": { "type": "Polygon", "coordinates": [ [ [ 110.277184278512451, -1.959764623835148 ], [ 110.277184278512451, -1.959944286891972 ], [ 110.277004615455638, -1.959944286891972 ], [ 110.277004615455638, -1.960123949948796 ], [ 110.276824952398812, -1.960123949948796 ], [ 110.276824952398812, -1.960483276062444 ], [ 110.277004615455638, -1.960483276062444 ], [ 110.277004615455638, -1.96030361300562 ], [ 110.277184278512451, -1.96030361300562 ], [ 110.277184278512451, -1.960123949948796 ], [ 110.277363941569277, -1.960123949948796 ], [ 110.277363941569277, -1.959764623835148 ], [ 110.277184278512451, -1.959764623835148 ] ] ] } },
{ "type": "Feature", "properties": { "count": 42, "label": 1, "cluster_id": 58 }, "geometry": { "type": "Polygon", "coordinates": [ [ [ 110.277184278512451, -1.960483276062444 ], [ 110.277184278512451, -1.961022265232915 ], [ 110.277363941569277, -1.961022265232915 ], [ 110.277363941569277, -1.961381591346563 ], [ 110.277543604626104, -1.961381591346563 ], [ 110.277543604626104, -1.961561254403387 ], [ 110.277363941569277, -1.961561254403387 ], [ 110.277363941569277, -1.961740917460211 ], [ 110.277543604626104, -1.961740917460211 ], [ 110.277543604626104, -1.961920580517035 ], [ 110.277902930739756, -1.961920580517035 ], [ 110.277902930739756, -1.961740917460211 ], [ 110.27772326768293, -1.961740917460211 ], [ 110.27772326768293, -1.961381591346563 ], [ 110.278082593796583, -1.961381591346563 ], [ 110.278082593796583, -1.961920580517035 ], [ 110.278801246023875, -1.961920580517035 ], [ 110.278801246023875, -1.961740917460211 ], [ 110.278980909080701, -1.961740917460211 ], [ 110.278980909080701, -1.962100243573859 ], [ 110.279160572137513, -1.962100243573859 ], [ 110.279160572137513, -1.961740917460211 ], [ 110.27934023519434, -1.961740917460211 ], [ 110.27934023519434, -1.961381591346563 ], [ 110.278801246023875, -1.961381591346563 ], [ 110.278801246023875, -1.961561254403387 ], [ 110.278621582967048, -1.961561254403387 ], [ 110.278621582967048, -1.961201928289739 ], [ 110.278262256853395, -1.961201928289739 ], [ 110.278262256853395, -1.960842602176091 ], [ 110.278082593796583, -1.960842602176091 ], [ 110.278082593796583, -1.961201928289739 ], [ 110.277902930739756, -1.961201928289739 ], [ 110.277902930739756, -1.960842602176091 ], [ 110.277363941569277, -1.960842602176091 ], [ 110.277363941569277, -1.960483276062444 ], [ 110.277184278512451, -1.960483276062444 ] ] ] } },
{ "type": "Feature", "properties": { "count": 2, "label": 1, "cluster_id": 58 }, "geometry": { "type": "Polygon", "coordinates": [ [ [ 110.277184278512451, -1.96263923274433 ], [ 110.277363941569277, -1.96263923274433 ], [ 110.277363941569277, -1.962279906630683 ], [ 110.277184278512451, -1.962279906630683 ], [ 110.277184278512451, -1.96263923274433 ] ] ] } },
{ "type": "Feature", "properties": { "count": 1, "label": 1, "cluster_id": 58 }, "geometry": { "type": "Polygon", "coordinates": [ [ [ 110.277184278512451, -1.963357884971626 ], [ 110.277363941569277, -1.963357884971626 ], [ 110.277363941569277, -1.963178221914802 ], [ 110.277184278512451, -1.963178221914802 ], [ 110.277184278512451, -1.963357884971626 ] ] ] } },
{ "type": "Feature", "properties": { "count": 1, "label": 1, "cluster_id": 58 }, "geometry": { "type": "Polygon", "coordinates": [ [ [ 110.277184278512451, -1.969107102789991 ], [ 110.277363941569277, -1.969107102789991 ], [ 110.277363941569277, -1.968927439733167 ], [ 110.277184278512451, -1.968927439733167 ], [ 110.277184278512451, -1.969107102789991 ] ] ] } },
{ "type": "Feature", "properties": { "count": 1, "label": 1, "cluster_id": 58 }, "geometry": { "type": "Polygon", "coordinates": [ [ [ 110.277184278512451, -1.970185081130934 ], [ 110.277363941569277, -1.970185081130934 ], [ 110.277363941569277, -1.970005418074111 ], [ 110.277184278512451, -1.970005418074111 ], [ 110.277184278512451, -1.970185081130934 ] ] ] } },
{ "type": "Feature", "properties": { "count": 1, "label": 1, "cluster_id": 58 }, "geometry": { "type": "Polygon", "coordinates": [ [ [ 110.277363941569277, -1.904967391503857 ], [ 110.277543604626104, -1.904967391503857 ], [ 110.277543604626104, -1.904787728447033 ], [ 110.277363941569277, -1.904787728447033 ], [ 110.277363941569277, -1.904967391503857 ] ] ] } },
{ "type": "Feature", "properties": { "count": 2, "label": 1, "cluster_id": 58 }, "geometry": { "type": "Polygon", "coordinates": [ [ [ 110.277184278512451, -1.922035381902128 ], [ 110.277543604626104, -1.922035381902128 ], [ 110.277543604626104, -1.921855718845304 ], [ 110.277184278512451, -1.921855718845304 ], [ 110.277184278512451, -1.922035381902128 ] ] ] } },
{ "type": "Feature", "properties": { "count": 166, "label": 1, "cluster_id": 58 }, "geometry": { "type": "Polygon", "coordinates": [ [ [ 110.277184278512451, -1.932096513084267 ], [ 110.277184278512451, -1.932276176141091 ], [ 110.276824952398812, -1.932276176141091 ], [ 110.276824952398812, -1.932096513084267 ], [ 110.276465626285159, -1.932096513084267 ], [ 110.276465626285159, -1.932276176141091 ], [ 110.27610630017152, -1.932276176141091 ], [ 110.27610630017152, -1.932455839197915 ], [ 110.275926637114694, -1.932455839197915 ], [ 110.275926637114694, -1.932815165311562 ], [ 110.275746974057867, -1.932815165311562 ], [ 110.275746974057867, -1.933354154482034 ], [ 110.275926637114694, -1.933354154482034 ], [ 110.275926637114694, -1.933713480595682 ], [ 110.27610630017152, -1.933713480595682 ], [ 110.27610630017152, -1.933893143652506 ], [ 110.276285963228332, -1.933893143652506 ], [ 110.276285963228332, -1.93407280670933 ], [ 110.27610630017152, -1.93407280670933 ], [ 110.27610630017152, -1.934252469766154 ], [ 110.276645289341985, -1.934252469766154 ], [ 110.276645289341985, -1.934432132822978 ], [ 110.276824952398812, -1.934432132822978 ], [ 110.276824952398812, -1.934252469766154 ], [ 110.277184278512451, -1.934252469766154 ], [ 110.277184278512451, -1.934611795879801 ], [ 110.277543604626104, -1.934611795879801 ], [ 110.277543604626104, -1.934252469766154 ], [ 110.27772326768293, -1.934252469766154 ], [ 110.27772326768293, -1.933893143652506 ], [ 110.277902930739756, -1.933893143652506 ], [ 110.277902930739756, -1.933533817538858 ], [ 110.278262256853395, -1.933533817538858 ], [ 110.278262256853395, -1.933354154482034 ], [ 110.278801246023875, -1.933354154482034 ], [ 110.278801246023875, -1.932994828368386 ], [ 110.278980909080701, -1.932994828368386 ], [ 110.278980909080701, -1.93317449142521 ], [ 110.27934023519434, -1.93317449142521 ], [ 110.27934023519434, -1.933533817538858 ], [ 110.279519898251166, -1.933533817538858 ], [ 110.279519898251166, -1.933354154482034 ], [ 110.280058887421646, -1.933354154482034 ], [ 110.280058887421646, -1.933533817538858 ], [ 110.280238550478458, -1.933533817538858 ], [ 110.280238550478458, -1.933713480595682 ], [ 110.280597876592111, -1.933713480595682 ], [ 110.280597876592111, -1.93407280670933 ], [ 110.280777539648938, -1.93407280670933 ], [ 110.280777539648938, -1.933713480595682 ], [ 110.280957202705764, -1.933713480595682 ], [ 110.280957202705764, -1.933533817538858 ], [ 110.280418213535285, -1.933533817538858 ], [ 110.280418213535285, -1.93317449142521 ], [ 110.280058887421646, -1.93317449142521 ], [ 110.280058887421646, -1.932994828368386 ], [ 110.279160572137513, -1.932994828368386 ], [ 110.279160572137513, -1.932815165311562 ], [ 110.278801246023875, -1.932815165311562 ], [ 110.278801246023875, -1.932455839197915 ], [ 110.278262256853395, -1.932455839197915 ], [ 110.278262256853395, -1.932815165311562 ], [ 110.27772326768293, -1.932815165311562 ], [ 110.27772326768293, -1.932635502254739 ], [ 110.277543604626104, -1.932635502254739 ], [ 110.277543604626104, -1.932096513084267 ], [ 110.277184278512451, -1.932096513084267 ] ], [ [ 110.27772326768293, -1.933533817538858 ], [ 110.277543604626104, -1.933533817538858 ], [ 110.277543604626104, -1.933713480595682 ], [ 110.27772326768293, -1.933713480595682 ], [ 110.27772326768293, -1.933533817538858 ] ] ] } },
{ "type": "Feature", "properties": { "count": 19, "label": 1, "cluster_id": 58 }, "geometry": { "type": "Polygon", "coordinates": [ [ [ 110.277363941569277, -1.940001687584519 ], [ 110.277363941569277, -1.940361013698166 ], [ 110.277184278512451, -1.940361013698166 ], [ 110.277184278512451, -1.94054067675499 ], [ 110.277004615455638, -1.94054067675499 ], [ 110.277004615455638, -1.940720339811814 ], [ 110.276824952398812, -1.940720339811814 ], [ 110.276824952398812, -1.940900002868638 ], [ 110.277004615455638, -1.940900002868638 ], [ 110.277004615455638, -1.941079665925462 ], [ 110.277184278512451, -1.941079665925462 ], [ 110.277184278512451, -1.941259328982286 ], [ 110.277363941569277, -1.941259328982286 ], [ 110.277363941569277, -1.941079665925462 ], [ 110.27772326768293, -1.941079665925462 ], [ 110.27772326768293, -1.940900002868638 ], [ 110.277902930739756, -1.940900002868638 ], [ 110.277902930739756, -1.940720339811814 ], [ 110.27772326768293, -1.940720339811814 ], [ 110.27772326768293, -1.94054067675499 ], [ 110.277543604626104, -1.94054067675499 ], [ 110.277543604626104, -1.940001687584519 ], [ 110.277363941569277, -1.940001687584519 ] ] ] } },
{ "type": "Feature", "properties": { "count": 1, "label": 1, "cluster_id": 58 }, "geometry": { "type": "Polygon", "coordinates": [ [ [ 110.277363941569277, -1.941798318152758 ], [ 110.277543604626104, -1.941798318152758 ], [ 110.277543604626104, -1.941618655095934 ], [ 110.277363941569277, -1.941618655095934 ], [ 110.277363941569277, -1.941798318152758 ] ] ] } },
{ "type": "Feature", "properties": { "count": 3, "label": 1, "cluster_id": 58 }, "geometry": { "type": "Polygon", "coordinates": [ [ [ 110.277004615455638, -1.942157644266405 ], [ 110.277543604626104, -1.942157644266405 ], [ 110.277543604626104, -1.941977981209582 ], [ 110.277004615455638, -1.941977981209582 ], [ 110.277004615455638, -1.942157644266405 ] ] ] } },
{ "type": "Feature", "properties": { "count": 1, "label": 1, "cluster_id": 58 }, "geometry": { "type": "Polygon", "coordinates": [ [ [ 110.277363941569277, -1.944313600948292 ], [ 110.277543604626104, -1.944313600948292 ], [ 110.277543604626104, -1.944133937891468 ], [ 110.277363941569277, -1.944133937891468 ], [ 110.277363941569277, -1.944313600948292 ] ] ] } },
{ "type": "Feature", "properties": { "count": 1, "label": 1, "cluster_id": 58 }, "geometry": { "type": "Polygon", "coordinates": [ [ [ 110.277363941569277, -1.946649220687003 ], [ 110.277543604626104, -1.946649220687003 ], [ 110.277543604626104, -1.946469557630179 ], [ 110.277363941569277, -1.946469557630179 ], [ 110.277363941569277, -1.946649220687003 ] ] ] } },
{ "type": "Feature", "properties": { "count": 2, "label": 1, "cluster_id": 58 }, "geometry": { "type": "Polygon", "coordinates": [ [ [ 110.277363941569277, -1.95203911239172 ], [ 110.277543604626104, -1.95203911239172 ], [ 110.277543604626104, -1.951679786278072 ], [ 110.277363941569277, -1.951679786278072 ], [ 110.277363941569277, -1.95203911239172 ] ] ] } },
{ "type": "Feature", "properties": { "count": 1, "label": 1, "cluster_id": 58 }, "geometry": { "type": "Polygon", "coordinates": [ [ [ 110.277363941569277, -1.955273047414551 ], [ 110.277543604626104, -1.955273047414551 ], [ 110.277543604626104, -1.955093384357727 ], [ 110.277363941569277, -1.955093384357727 ], [ 110.277363941569277, -1.955273047414551 ] ] ] } },
{ "type": "Feature", "properties": { "count": 1, "label": 1, "cluster_id": 58 }, "geometry": { "type": "Polygon", "coordinates": [ [ [ 110.277363941569277, -1.960483276062444 ], [ 110.277543604626104, -1.960483276062444 ], [ 110.277543604626104, -1.96030361300562 ], [ 110.277363941569277, -1.96030361300562 ], [ 110.277363941569277, -1.960483276062444 ] ] ] } },
{ "type": "Feature", "properties": { "count": 1, "label": 1, "cluster_id": 58 }, "geometry": { "type": "Polygon", "coordinates": [ [ [ 110.277363941569277, -1.965513841653513 ], [ 110.277543604626104, -1.965513841653513 ], [ 110.277543604626104, -1.965334178596689 ], [ 110.277363941569277, -1.965334178596689 ], [ 110.277363941569277, -1.965513841653513 ] ] ] } },
{ "type": "Feature", "properties": { "count": 1, "label": 1, "cluster_id": 58 }, "geometry": { "type": "Polygon", "coordinates": [ [ [ 110.277543604626104, -1.904787728447033 ], [ 110.27772326768293, -1.904787728447033 ], [ 110.27772326768293, -1.90460806539021 ], [ 110.277543604626104, -1.90460806539021 ], [ 110.277543604626104, -1.904787728447033 ] ] ] } },
{ "type": "Feature", "properties": { "count": 1, "label": 1, "cluster_id": 58 }, "geometry": { "type": "Polygon", "coordinates": [ [ [ 110.277543604626104, -1.905326717617505 ], [ 110.27772326768293, -1.905326717617505 ], [ 110.27772326768293, -1.905147054560681 ], [ 110.277543604626104, -1.905147054560681 ], [ 110.277543604626104, -1.905326717617505 ] ] ] } },
{ "type": "Feature", "properties": { "count": 25, "label": 1, "cluster_id": 58 }, "geometry": { "type": "Polygon", "coordinates": [ [ [ 110.277184278512451, -1.920238751333889 ], [ 110.277184278512451, -1.920777740504361 ], [ 110.276824952398812, -1.920777740504361 ], [ 110.276824952398812, -1.920418414390713 ], [ 110.276645289341985, -1.920418414390713 ], [ 110.276645289341985, -1.920777740504361 ], [ 110.276285963228332, -1.920777740504361 ], [ 110.276285963228332, -1.920957403561185 ], [ 110.276645289341985, -1.920957403561185 ], [ 110.276645289341985, -1.921496392731656 ], [ 110.277004615455638, -1.921496392731656 ], [ 110.277004615455638, -1.921316729674833 ], [ 110.277184278512451, -1.921316729674833 ], [ 110.277184278512451, -1.921496392731656 ], [ 110.277363941569277, -1.921496392731656 ], [ 110.277363941569277, -1.921316729674833 ], [ 110.277543604626104, -1.921316729674833 ], [ 110.277543604626104, -1.920957403561185 ], [ 110.277363941569277, -1.920957403561185 ], [ 110.277363941569277, -1.920418414390713 ], [ 110.27772326768293, -1.920418414390713 ], [ 110.27772326768293, -1.920238751333889 ], [ 110.277184278512451, -1.920238751333889 ] ], [ [ 110.277004615455638, -1.920957403561185 ], [ 110.276824952398812, -1.920957403561185 ], [ 110.276824952398812, -1.921137066618009 ], [ 110.277004615455638, -1.921137066618009 ], [ 110.277004615455638, -1.920957403561185 ] ] ] } },
{ "type": "Feature", "properties": { "count": 3, "label": 1, "cluster_id": 58 }, "geometry": { "type": "Polygon", "coordinates": [ [ [ 110.277363941569277, -1.936228763391217 ], [ 110.277363941569277, -1.936408426448041 ], [ 110.277543604626104, -1.936408426448041 ], [ 110.277543604626104, -1.936588089504864 ], [ 110.27772326768293, -1.936588089504864 ], [ 110.27772326768293, -1.936228763391217 ], [ 110.277363941569277, -1.936228763391217 ] ] ] } },
{ "type": "Feature", "properties": { "count": 27, "label": 1, "cluster_id": 58 }, "geometry": { "type": "Polygon", "coordinates": [ [ [ 110.277363941569277, -1.937666067845808 ], [ 110.277363941569277, -1.937845730902632 ], [ 110.277184278512451, -1.937845730902632 ], [ 110.277184278512451, -1.938025393959456 ], [ 110.277004615455638, -1.938025393959456 ], [ 110.277004615455638, -1.937845730902632 ], [ 110.276824952398812, -1.937845730902632 ], [ 110.276824952398812, -1.938025393959456 ], [ 110.276645289341985, -1.938025393959456 ], [ 110.276645289341985, -1.93820505701628 ], [ 110.276824952398812, -1.93820505701628 ], [ 110.276824952398812, -1.938384720073103 ], [ 110.276645289341985, -1.938384720073103 ], [ 110.276645289341985, -1.938564383129927 ], [ 110.276824952398812, -1.938564383129927 ], [ 110.276824952398812, -1.938744046186751 ], [ 110.277004615455638, -1.938744046186751 ], [ 110.277004615455638, -1.938923709243575 ], [ 110.27772326768293, -1.938923709243575 ], [ 110.27772326768293, -1.938564383129927 ], [ 110.277902930739756, -1.938564383129927 ], [ 110.277902930739756, -1.938384720073103 ], [ 110.277363941569277, -1.938384720073103 ], [ 110.277363941569277, -1.938564383129927 ], [ 110.277184278512451, -1.938564383129927 ], [ 110.277184278512451, -1.93820505701628 ], [ 110.277363941569277, -1.93820505701628 ], [ 110.277363941569277, -1.938025393959456 ], [ 110.27772326768293, -1.938025393959456 ], [ 110.27772326768293, -1.937666067845808 ], [ 110.277363941569277, -1.937666067845808 ] ] ] } },
{ "type": "Feature", "properties": { "count": 3, "label": 1, "cluster_id": 58 }, "geometry": { "type": "Polygon", "coordinates": [ [ [ 110.277543604626104, -1.940001687584519 ], [ 110.27772326768293, -1.940001687584519 ], [ 110.27772326768293, -1.939462698414047 ], [ 110.277543604626104, -1.939462698414047 ], [ 110.277543604626104, -1.940001687584519 ] ] ] } },
{ "type": "Feature", "properties": { "count": 3, "label": 1, "cluster_id": 58 }, "geometry": { "type": "Polygon", "coordinates": [ [ [ 110.277184278512451, -1.945391579289236 ], [ 110.27772326768293, -1.945391579289236 ], [ 110.27772326768293, -1.945211916232412 ], [ 110.277184278512451, -1.945211916232412 ], [ 110.277184278512451, -1.945391579289236 ] ] ] } },
{ "type": "Feature", "properties": { "count": 1, "label": 1, "cluster_id": 58 }, "geometry": { "type": "Polygon", "coordinates": [ [ [ 110.277543604626104, -1.947188209857475 ], [ 110.27772326768293, -1.947188209857475 ], [ 110.27772326768293, -1.947008546800651 ], [ 110.277543604626104, -1.947008546800651 ], [ 110.277543604626104, -1.947188209857475 ] ] ] } },
{ "type": "Feature", "properties": { "count": 1, "label": 1, "cluster_id": 58 }, "geometry": { "type": "Polygon", "coordinates": [ [ [ 110.277543604626104, -1.957429004096437 ], [ 110.27772326768293, -1.957429004096437 ], [ 110.27772326768293, -1.957249341039613 ], [ 110.277543604626104, -1.957249341039613 ], [ 110.277543604626104, -1.957429004096437 ] ] ] } },
{ "type": "Feature", "properties": { "count": 1, "label": 1, "cluster_id": 58 }, "geometry": { "type": "Polygon", "coordinates": [ [ [ 110.277543604626104, -1.9594052977215 ], [ 110.27772326768293, -1.9594052977215 ], [ 110.27772326768293, -1.959225634664676 ], [ 110.277543604626104, -1.959225634664676 ], [ 110.277543604626104, -1.9594052977215 ] ] ] } },
{ "type": "Feature", "properties": { "count": 1, "label": 1, "cluster_id": 58 }, "geometry": { "type": "Polygon", "coordinates": [ [ [ 110.277543604626104, -1.9676697983354 ], [ 110.27772326768293, -1.9676697983354 ], [ 110.27772326768293, -1.967490135278576 ], [ 110.277543604626104, -1.967490135278576 ], [ 110.277543604626104, -1.9676697983354 ] ] ] } },
{ "type": "Feature", "properties": { "count": 1, "label": 1, "cluster_id": 58 }, "geometry": { "type": "Polygon", "coordinates": [ [ [ 110.27772326768293, -1.922035381902128 ], [ 110.277902930739756, -1.922035381902128 ], [ 110.277902930739756, -1.921855718845304 ], [ 110.27772326768293, -1.921855718845304 ], [ 110.27772326768293, -1.922035381902128 ] ] ] } },
{ "type": "Feature", "properties": { "count": 1, "label": 1, "cluster_id": 58 }, "geometry": { "type": "Polygon", "coordinates": [ [ [ 110.27772326768293, -1.926347295265902 ], [ 110.277902930739756, -1.926347295265902 ], [ 110.277902930739756, -1.926167632209078 ], [ 110.27772326768293, -1.926167632209078 ], [ 110.27772326768293, -1.926347295265902 ] ] ] } },
{ "type": "Feature", "properties": { "count": 2, "label": 1, "cluster_id": 58 }, "geometry": { "type": "Polygon", "coordinates": [ [ [ 110.27772326768293, -1.94054067675499 ], [ 110.277902930739756, -1.94054067675499 ], [ 110.277902930739756, -1.940181350641343 ], [ 110.27772326768293, -1.940181350641343 ], [ 110.27772326768293, -1.94054067675499 ] ] ] } },
{ "type": "Feature", "properties": { "count": 1, "label": 1, "cluster_id": 58 }, "geometry": { "type": "Polygon", "coordinates": [ [ [ 110.27772326768293, -1.942337307323229 ], [ 110.277902930739756, -1.942337307323229 ], [ 110.277902930739756, -1.942157644266405 ], [ 110.27772326768293, -1.942157644266405 ], [ 110.27772326768293, -1.942337307323229 ] ] ] } },
{ "type": "Feature", "properties": { "count": 2, "label": 1, "cluster_id": 58 }, "geometry": { "type": "Polygon", "coordinates": [ [ [ 110.27772326768293, -1.942876296493701 ], [ 110.277902930739756, -1.942876296493701 ], [ 110.277902930739756, -1.942516970380053 ], [ 110.27772326768293, -1.942516970380053 ], [ 110.27772326768293, -1.942876296493701 ] ] ] } },
{ "type": "Feature", "properties": { "count": 1, "label": 1, "cluster_id": 58 }, "geometry": { "type": "Polygon", "coordinates": [ [ [ 110.27772326768293, -1.944493264005116 ], [ 110.277902930739756, -1.944493264005116 ], [ 110.277902930739756, -1.944313600948292 ], [ 110.27772326768293, -1.944313600948292 ], [ 110.27772326768293, -1.944493264005116 ] ] ] } },
{ "type": "Feature", "properties": { "count": 1, "label": 1, "cluster_id": 58 }, "geometry": { "type": "Polygon", "coordinates": [ [ [ 110.27772326768293, -1.949344166539362 ], [ 110.277902930739756, -1.949344166539362 ], [ 110.277902930739756, -1.949164503482538 ], [ 110.27772326768293, -1.949164503482538 ], [ 110.27772326768293, -1.949344166539362 ] ] ] } },
{ "type": "Feature", "properties": { "count": 2, "label": 1, "cluster_id": 58 }, "geometry": { "type": "Polygon", "coordinates": [ [ [ 110.27772326768293, -1.955273047414551 ], [ 110.277902930739756, -1.955273047414551 ], [ 110.277902930739756, -1.954913721300903 ], [ 110.27772326768293, -1.954913721300903 ], [ 110.27772326768293, -1.955273047414551 ] ] ] } },
{ "type": "Feature", "properties": { "count": 2, "label": 1, "cluster_id": 58 }, "geometry": { "type": "Polygon", "coordinates": [ [ [ 110.277902930739756, -1.905326717617505 ], [ 110.278082593796583, -1.905326717617505 ], [ 110.278082593796583, -1.904967391503857 ], [ 110.277902930739756, -1.904967391503857 ], [ 110.277902930739756, -1.905326717617505 ] ] ] } },
{ "type": "Feature", "properties": { "count": 1, "label": 1, "cluster_id": 58 }, "geometry": { "type": "Polygon", "coordinates": [ [ [ 110.277902930739756, -1.912872566004109 ], [ 110.278082593796583, -1.912872566004109 ], [ 110.278082593796583, -1.912692902947285 ], [ 110.277902930739756, -1.912692902947285 ], [ 110.277902930739756, -1.912872566004109 ] ] ] } },
{ "type": "Feature", "properties": { "count": 1, "label": 1, "cluster_id": 58 }, "geometry": { "type": "Polygon", "coordinates": [ [ [ 110.277902930739756, -1.920059088277065 ], [ 110.278082593796583, -1.920059088277065 ], [ 110.278082593796583, -1.919879425220241 ], [ 110.277902930739756, -1.919879425220241 ], [ 110.277902930739756, -1.920059088277065 ] ] ] } },
{ "type": "Feature", "properties": { "count": 1, "label": 1, "cluster_id": 58 }, "geometry": { "type": "Polygon", "coordinates": [ [ [ 110.277902930739756, -1.9225743710726 ], [ 110.278082593796583, -1.9225743710726 ], [ 110.278082593796583, -1.922394708015776 ], [ 110.277902930739756, -1.922394708015776 ], [ 110.277902930739756, -1.9225743710726 ] ] ] } },
{ "type": "Feature", "properties": { "count": 2, "label": 1, "cluster_id": 58 }, "geometry": { "type": "Polygon", "coordinates": [ [ [ 110.277902930739756, -1.934971121993449 ], [ 110.278082593796583, -1.934971121993449 ], [ 110.278082593796583, -1.934611795879801 ], [ 110.277902930739756, -1.934611795879801 ], [ 110.277902930739756, -1.934971121993449 ] ] ] } },
{ "type": "Feature", "properties": { "count": 4, "label": 1, "cluster_id": 58 }, "geometry": { "type": "Polygon", "coordinates": [ [ [ 110.277902930739756, -1.937666067845808 ], [ 110.277902930739756, -1.938025393959456 ], [ 110.27772326768293, -1.938025393959456 ], [ 110.27772326768293, -1.93820505701628 ], [ 110.278082593796583, -1.93820505701628 ], [ 110.278082593796583, -1.937666067845808 ], [ 110.277902930739756, -1.937666067845808 ] ] ] } },
{ "type": "Feature", "properties": { "count": 1, "label": 1, "cluster_id": 58 }, "geometry": { "type": "Polygon", "coordinates": [ [ [ 110.277902930739756, -1.941079665925462 ], [ 110.278082593796583, -1.941079665925462 ], [ 110.278082593796583, -1.940900002868638 ], [ 110.277902930739756, -1.940900002868638 ], [ 110.277902930739756, -1.941079665925462 ] ] ] } },
{ "type": "Feature", "properties": { "count": 1, "label": 1, "cluster_id": 58 }, "geometry": { "type": "Polygon", "coordinates": [ [ [ 110.277902930739756, -1.945391579289236 ], [ 110.278082593796583, -1.945391579289236 ], [ 110.278082593796583, -1.945211916232412 ], [ 110.277902930739756, -1.945211916232412 ], [ 110.277902930739756, -1.945391579289236 ] ] ] } },
{ "type": "Feature", "properties": { "count": 2, "label": 1, "cluster_id": 58 }, "geometry": { "type": "Polygon", "coordinates": [ [ [ 110.277902930739756, -1.947008546800651 ], [ 110.278082593796583, -1.947008546800651 ], [ 110.278082593796583, -1.946649220687003 ], [ 110.277902930739756, -1.946649220687003 ], [ 110.277902930739756, -1.947008546800651 ] ] ] } },
{ "type": "Feature", "properties": { "count": 5, "label": 1, "cluster_id": 58 }, "geometry": { "type": "Polygon", "coordinates": [ [ [ 110.277902930739756, -1.947727199027947 ], [ 110.277902930739756, -1.94790686208477 ], [ 110.27772326768293, -1.94790686208477 ], [ 110.27772326768293, -1.948445851255242 ], [ 110.277902930739756, -1.948445851255242 ], [ 110.277902930739756, -1.948086525141594 ], [ 110.278082593796583, -1.948086525141594 ], [ 110.278082593796583, -1.947727199027947 ], [ 110.277902930739756, -1.947727199027947 ] ] ] } },
{ "type": "Feature", "properties": { "count": 1, "label": 1, "cluster_id": 58 }, "geometry": { "type": "Polygon", "coordinates": [ [ [ 110.277902930739756, -1.950242481823481 ], [ 110.278082593796583, -1.950242481823481 ], [ 110.278082593796583, -1.950062818766657 ], [ 110.277902930739756, -1.950062818766657 ], [ 110.277902930739756, -1.950242481823481 ] ] ] } },
{ "type": "Feature", "properties": { "count": 1, "label": 1, "cluster_id": 58 }, "geometry": { "type": "Polygon", "coordinates": [ [ [ 110.277902930739756, -1.952578101562192 ], [ 110.278082593796583, -1.952578101562192 ], [ 110.278082593796583, -1.952398438505368 ], [ 110.277902930739756, -1.952398438505368 ], [ 110.277902930739756, -1.952578101562192 ] ] ] } },
{ "type": "Feature", "properties": { "count": 1, "label": 1, "cluster_id": 58 }, "geometry": { "type": "Polygon", "coordinates": [ [ [ 110.277902930739756, -1.953656079903135 ], [ 110.278082593796583, -1.953656079903135 ], [ 110.278082593796583, -1.953476416846311 ], [ 110.277902930739756, -1.953476416846311 ], [ 110.277902930739756, -1.953656079903135 ] ] ] } },
{ "type": "Feature", "properties": { "count": 2, "label": 1, "cluster_id": 58 }, "geometry": { "type": "Polygon", "coordinates": [ [ [ 110.277902930739756, -1.954734058244079 ], [ 110.278082593796583, -1.954734058244079 ], [ 110.278082593796583, -1.954374732130431 ], [ 110.277902930739756, -1.954374732130431 ], [ 110.277902930739756, -1.954734058244079 ] ] ] } },
{ "type": "Feature", "properties": { "count": 1, "label": 1, "cluster_id": 58 }, "geometry": { "type": "Polygon", "coordinates": [ [ [ 110.277902930739756, -1.957608667153261 ], [ 110.278082593796583, -1.957608667153261 ], [ 110.278082593796583, -1.957429004096437 ], [ 110.277902930739756, -1.957429004096437 ], [ 110.277902930739756, -1.957608667153261 ] ] ] } },
{ "type": "Feature", "properties": { "count": 1, "label": 1, "cluster_id": 58 }, "geometry": { "type": "Polygon", "coordinates": [ [ [ 110.277902930739756, -1.9594052977215 ], [ 110.278082593796583, -1.9594052977215 ], [ 110.278082593796583, -1.959225634664676 ], [ 110.277902930739756, -1.959225634664676 ], [ 110.277902930739756, -1.9594052977215 ] ] ] } },
{ "type": "Feature", "properties": { "count": 1, "label": 1, "cluster_id": 58 }, "geometry": { "type": "Polygon", "coordinates": [ [ [ 110.277902930739756, -1.960842602176091 ], [ 110.278082593796583, -1.960842602176091 ], [ 110.278082593796583, -1.960662939119268 ], [ 110.277902930739756, -1.960662939119268 ], [ 110.277902930739756, -1.960842602176091 ] ] ] } },
{ "type": "Feature", "properties": { "count": 8, "label": 1, "cluster_id": 58 }, "geometry": { "type": "Polygon", "coordinates": [ [ [ 110.277902930739756, -1.961920580517035 ], [ 110.277902930739756, -1.962100243573859 ], [ 110.277543604626104, -1.962100243573859 ], [ 110.277543604626104, -1.962459569687507 ], [ 110.277902930739756, -1.962459569687507 ], [ 110.277902930739756, -1.96263923274433 ], [ 110.278082593796583, -1.96263923274433 ], [ 110.278082593796583, -1.961920580517035 ], [ 110.277902930739756, -1.961920580517035 ] ] ] } },
{ "type": "Feature", "properties": { "count": 1, "label": 1, "cluster_id": 58 }, "geometry": { "type": "Polygon", "coordinates": [ [ [ 110.277902930739756, -1.967130809164928 ], [ 110.278082593796583, -1.967130809164928 ], [ 110.278082593796583, -1.966951146108104 ], [ 110.277902930739756, -1.966951146108104 ], [ 110.277902930739756, -1.967130809164928 ] ] ] } },
{ "type": "Feature", "properties": { "count": 1, "label": 1, "cluster_id": 58 }, "geometry": { "type": "Polygon", "coordinates": [ [ [ 110.278082593796583, -1.90784200041304 ], [ 110.278262256853395, -1.90784200041304 ], [ 110.278262256853395, -1.907662337356216 ], [ 110.278082593796583, -1.907662337356216 ], [ 110.278082593796583, -1.90784200041304 ] ] ] } },
{ "type": "Feature", "properties": { "count": 1, "label": 1, "cluster_id": 58 }, "geometry": { "type": "Polygon", "coordinates": [ [ [ 110.278082593796583, -1.913231892117757 ], [ 110.278262256853395, -1.913231892117757 ], [ 110.278262256853395, -1.913052229060933 ], [ 110.278082593796583, -1.913052229060933 ], [ 110.278082593796583, -1.913231892117757 ] ] ] } },
{ "type": "Feature", "properties": { "count": 1, "label": 1, "cluster_id": 58 }, "geometry": { "type": "Polygon", "coordinates": [ [ [ 110.278082593796583, -1.925987969152254 ], [ 110.278262256853395, -1.925987969152254 ], [ 110.278262256853395, -1.92580830609543 ], [ 110.278082593796583, -1.92580830609543 ], [ 110.278082593796583, -1.925987969152254 ] ] ] } },
{ "type": "Feature", "properties": { "count": 2, "label": 1, "cluster_id": 58 }, "geometry": { "type": "Polygon", "coordinates": [ [ [ 110.278082593796583, -1.926526958322726 ], [ 110.278262256853395, -1.926526958322726 ], [ 110.278262256853395, -1.926167632209078 ], [ 110.278082593796583, -1.926167632209078 ], [ 110.278082593796583, -1.926526958322726 ] ] ] } },
{ "type": "Feature", "properties": { "count": 4, "label": 1, "cluster_id": 58 }, "geometry": { "type": "Polygon", "coordinates": [ [ [ 110.278082593796583, -1.933713480595682 ], [ 110.278082593796583, -1.93407280670933 ], [ 110.278621582967048, -1.93407280670933 ], [ 110.278621582967048, -1.933893143652506 ], [ 110.278262256853395, -1.933893143652506 ], [ 110.278262256853395, -1.933713480595682 ], [ 110.278082593796583, -1.933713480595682 ] ] ] } },
{ "type": "Feature", "properties": { "count": 1, "label": 1, "cluster_id": 58 }, "geometry": { "type": "Polygon", "coordinates": [ [ [ 110.278082593796583, -1.942516970380053 ], [ 110.278262256853395, -1.942516970380053 ], [ 110.278262256853395, -1.942337307323229 ], [ 110.278082593796583, -1.942337307323229 ], [ 110.278082593796583, -1.942516970380053 ] ] ] } },
{ "type": "Feature", "properties": { "count": 7, "label": 1, "cluster_id": 58 }, "geometry": { "type": "Polygon", "coordinates": [ [ [ 110.278082593796583, -1.945750905402883 ], [ 110.278082593796583, -1.945930568459707 ], [ 110.277902930739756, -1.945930568459707 ], [ 110.277902930739756, -1.946469557630179 ], [ 110.278262256853395, -1.946469557630179 ], [ 110.278262256853395, -1.945750905402883 ], [ 110.278082593796583, -1.945750905402883 ] ] ] } },
{ "type": "Feature", "properties": { "count": 1, "label": 1, "cluster_id": 58 }, "geometry": { "type": "Polygon", "coordinates": [ [ [ 110.278082593796583, -1.957249341039613 ], [ 110.278262256853395, -1.957249341039613 ], [ 110.278262256853395, -1.957069677982789 ], [ 110.278082593796583, -1.957069677982789 ], [ 110.278082593796583, -1.957249341039613 ] ] ] } },
{ "type": "Feature", "properties": { "count": 1, "label": 1, "cluster_id": 58 }, "geometry": { "type": "Polygon", "coordinates": [ [ [ 110.278082593796583, -1.964615526369393 ], [ 110.278262256853395, -1.964615526369393 ], [ 110.278262256853395, -1.96443586331257 ], [ 110.278082593796583, -1.96443586331257 ], [ 110.278082593796583, -1.964615526369393 ] ] ] } },
{ "type": "Feature", "properties": { "count": 1, "label": 1, "cluster_id": 58 }, "geometry": { "type": "Polygon", "coordinates": [ [ [ 110.278082593796583, -1.965513841653513 ], [ 110.278262256853395, -1.965513841653513 ], [ 110.278262256853395, -1.965334178596689 ], [ 110.278082593796583, -1.965334178596689 ], [ 110.278082593796583, -1.965513841653513 ] ] ] } },
{ "type": "Feature", "properties": { "count": 1, "label": 1, "cluster_id": 58 }, "geometry": { "type": "Polygon", "coordinates": [ [ [ 110.278082593796583, -1.970724070301406 ], [ 110.278262256853395, -1.970724070301406 ], [ 110.278262256853395, -1.970544407244582 ], [ 110.278082593796583, -1.970544407244582 ], [ 110.278082593796583, -1.970724070301406 ] ] ] } },
{ "type": "Feature", "properties": { "count": 1, "label": 1, "cluster_id": 58 }, "geometry": { "type": "Polygon", "coordinates": [ [ [ 110.278262256853395, -1.913591218231405 ], [ 110.278441919910222, -1.913591218231405 ], [ 110.278441919910222, -1.913411555174581 ], [ 110.278262256853395, -1.913411555174581 ], [ 110.278262256853395, -1.913591218231405 ] ] ] } },
{ "type": "Feature", "properties": { "count": 1, "label": 1, "cluster_id": 58 }, "geometry": { "type": "Polygon", "coordinates": [ [ [ 110.278262256853395, -1.919520099106593 ], [ 110.278441919910222, -1.919520099106593 ], [ 110.278441919910222, -1.91934043604977 ], [ 110.278262256853395, -1.91934043604977 ], [ 110.278262256853395, -1.919520099106593 ] ] ] } },
{ "type": "Feature", "properties": { "count": 2, "label": 1, "cluster_id": 58 }, "geometry": { "type": "Polygon", "coordinates": [ [ [ 110.278262256853395, -1.921855718845304 ], [ 110.278441919910222, -1.921855718845304 ], [ 110.278441919910222, -1.921496392731656 ], [ 110.278262256853395, -1.921496392731656 ], [ 110.278262256853395, -1.921855718845304 ] ] ] } },
{ "type": "Feature", "properties": { "count": 2, "label": 1, "cluster_id": 58 }, "geometry": { "type": "Polygon", "coordinates": [ [ [ 110.278082593796583, -1.922215044958952 ], [ 110.278441919910222, -1.922215044958952 ], [ 110.278441919910222, -1.922035381902128 ], [ 110.278082593796583, -1.922035381902128 ], [ 110.278082593796583, -1.922215044958952 ] ] ] } },
{ "type": "Feature", "properties": { "count": 1, "label": 1, "cluster_id": 58 }, "geometry": { "type": "Polygon", "coordinates": [ [ [ 110.278262256853395, -1.9225743710726 ], [ 110.278441919910222, -1.9225743710726 ], [ 110.278441919910222, -1.922394708015776 ], [ 110.278262256853395, -1.922394708015776 ], [ 110.278262256853395, -1.9225743710726 ] ] ] } },
{ "type": "Feature", "properties": { "count": 1, "label": 1, "cluster_id": 58 }, "geometry": { "type": "Polygon", "coordinates": [ [ [ 110.278262256853395, -1.926167632209078 ], [ 110.278441919910222, -1.926167632209078 ], [ 110.278441919910222, -1.925987969152254 ], [ 110.278262256853395, -1.925987969152254 ], [ 110.278262256853395, -1.926167632209078 ] ] ] } },
{ "type": "Feature", "properties": { "count": 1, "label": 1, "cluster_id": 58 }, "geometry": { "type": "Polygon", "coordinates": [ [ [ 110.278262256853395, -1.935150785050273 ], [ 110.278441919910222, -1.935150785050273 ], [ 110.278441919910222, -1.934971121993449 ], [ 110.278262256853395, -1.934971121993449 ], [ 110.278262256853395, -1.935150785050273 ] ] ] } },
{ "type": "Feature", "properties": { "count": 1, "label": 1, "cluster_id": 58 }, "geometry": { "type": "Polygon", "coordinates": [ [ [ 110.278262256853395, -1.936408426448041 ], [ 110.278441919910222, -1.936408426448041 ], [ 110.278441919910222, -1.936228763391217 ], [ 110.278262256853395, -1.936228763391217 ], [ 110.278262256853395, -1.936408426448041 ] ] ] } },
{ "type": "Feature", "properties": { "count": 2, "label": 1, "cluster_id": 58 }, "geometry": { "type": "Polygon", "coordinates": [ [ [ 110.278262256853395, -1.949703492653009 ], [ 110.278441919910222, -1.949703492653009 ], [ 110.278441919910222, -1.949344166539362 ], [ 110.278262256853395, -1.949344166539362 ], [ 110.278262256853395, -1.949703492653009 ] ] ] } },
{ "type": "Feature", "properties": { "count": 1, "label": 1, "cluster_id": 58 }, "geometry": { "type": "Polygon", "coordinates": [ [ [ 110.278262256853395, -1.951859449334896 ], [ 110.278441919910222, -1.951859449334896 ], [ 110.278441919910222, -1.951679786278072 ], [ 110.278262256853395, -1.951679786278072 ], [ 110.278262256853395, -1.951859449334896 ] ] ] } },
{ "type": "Feature", "properties": { "count": 1, "label": 1, "cluster_id": 58 }, "geometry": { "type": "Polygon", "coordinates": [ [ [ 110.278262256853395, -1.954734058244079 ], [ 110.278441919910222, -1.954734058244079 ], [ 110.278441919910222, -1.954554395187255 ], [ 110.278262256853395, -1.954554395187255 ], [ 110.278262256853395, -1.954734058244079 ] ] ] } },
{ "type": "Feature", "properties": { "count": 6, "label": 1, "cluster_id": 58 }, "geometry": { "type": "Polygon", "coordinates": [ [ [ 110.277902930739756, -1.957788330210085 ], [ 110.277902930739756, -1.957967993266909 ], [ 110.278262256853395, -1.957967993266909 ], [ 110.278262256853395, -1.958327319380557 ], [ 110.278621582967048, -1.958327319380557 ], [ 110.278621582967048, -1.958147656323733 ], [ 110.278441919910222, -1.958147656323733 ], [ 110.278441919910222, -1.957788330210085 ], [ 110.277902930739756, -1.957788330210085 ] ] ] } },
{ "type": "Feature", "properties": { "count": 1, "label": 1, "cluster_id": 58 }, "geometry": { "type": "Polygon", "coordinates": [ [ [ 110.278262256853395, -1.968208787505872 ], [ 110.278441919910222, -1.968208787505872 ], [ 110.278441919910222, -1.968029124449048 ], [ 110.278262256853395, -1.968029124449048 ], [ 110.278262256853395, -1.968208787505872 ] ] ] } },
{ "type": "Feature", "properties": { "count": 2, "label": 1, "cluster_id": 58 }, "geometry": { "type": "Polygon", "coordinates": [ [ [ 110.278441919910222, -1.913950544345052 ], [ 110.278621582967048, -1.913950544345052 ], [ 110.278621582967048, -1.913591218231405 ], [ 110.278441919910222, -1.913591218231405 ], [ 110.278441919910222, -1.913950544345052 ] ] ] } },
{ "type": "Feature", "properties": { "count": 1, "label": 1, "cluster_id": 58 }, "geometry": { "type": "Polygon", "coordinates": [ [ [ 110.278441919910222, -1.918981109936122 ], [ 110.278621582967048, -1.918981109936122 ], [ 110.278621582967048, -1.918801446879298 ], [ 110.278441919910222, -1.918801446879298 ], [ 110.278441919910222, -1.918981109936122 ] ] ] } },
{ "type": "Feature", "properties": { "count": 4, "label": 1, "cluster_id": 58 }, "geometry": { "type": "Polygon", "coordinates": [ [ [ 110.278441919910222, -1.919520099106593 ], [ 110.278441919910222, -1.919699762163417 ], [ 110.278262256853395, -1.919699762163417 ], [ 110.278262256853395, -1.920059088277065 ], [ 110.278441919910222, -1.920059088277065 ], [ 110.278441919910222, -1.919879425220241 ], [ 110.278621582967048, -1.919879425220241 ], [ 110.278621582967048, -1.919520099106593 ], [ 110.278441919910222, -1.919520099106593 ] ] ] } },
{ "type": "Feature", "properties": { "count": 1, "label": 1, "cluster_id": 58 }, "geometry": { "type": "Polygon", "coordinates": [ [ [ 110.278441919910222, -1.925269316924958 ], [ 110.278621582967048, -1.925269316924958 ], [ 110.278621582967048, -1.925089653868135 ], [ 110.278441919910222, -1.925089653868135 ], [ 110.278441919910222, -1.925269316924958 ] ] ] } },
{ "type": "Feature", "properties": { "count": 1, "label": 1, "cluster_id": 58 }, "geometry": { "type": "Polygon", "coordinates": [ [ [ 110.278441919910222, -1.934971121993449 ], [ 110.278621582967048, -1.934971121993449 ], [ 110.278621582967048, -1.934791458936625 ], [ 110.278441919910222, -1.934791458936625 ], [ 110.278441919910222, -1.934971121993449 ] ] ] } },
{ "type": "Feature", "properties": { "count": 13, "label": 1, "cluster_id": 58 }, "geometry": { "type": "Polygon", "coordinates": [ [ [ 110.278262256853395, -1.936947415618512 ], [ 110.278262256853395, -1.93730674173216 ], [ 110.277902930739756, -1.93730674173216 ], [ 110.277902930739756, -1.937486404788984 ], [ 110.278082593796583, -1.937486404788984 ], [ 110.278082593796583, -1.937666067845808 ], [ 110.278262256853395, -1.937666067845808 ], [ 110.278262256853395, -1.93820505701628 ], [ 110.278441919910222, -1.93820505701628 ], [ 110.278441919910222, -1.937486404788984 ], [ 110.278621582967048, -1.937486404788984 ], [ 110.278621582967048, -1.936947415618512 ], [ 110.278262256853395, -1.936947415618512 ] ] ] } },
{ "type": "Feature", "properties": { "count": 2, "label": 1, "cluster_id": 58 }, "geometry": { "type": "Polygon", "coordinates": [ [ [ 110.278262256853395, -1.939103372300399 ], [ 110.278621582967048, -1.939103372300399 ], [ 110.278621582967048, -1.938923709243575 ], [ 110.278262256853395, -1.938923709243575 ], [ 110.278262256853395, -1.939103372300399 ] ] ] } },
{ "type": "Feature", "properties": { "count": 2, "label": 1, "cluster_id": 58 }, "geometry": { "type": "Polygon", "coordinates": [ [ [ 110.278441919910222, -1.939822024527695 ], [ 110.278621582967048, -1.939822024527695 ], [ 110.278621582967048, -1.939462698414047 ], [ 110.278441919910222, -1.939462698414047 ], [ 110.278441919910222, -1.939822024527695 ] ] ] } },
{ "type": "Feature", "properties": { "count": 3, "label": 1, "cluster_id": 58 }, "geometry": { "type": "Polygon", "coordinates": [ [ [ 110.278441919910222, -1.948984840425714 ], [ 110.278621582967048, -1.948984840425714 ], [ 110.278621582967048, -1.948445851255242 ], [ 110.278441919910222, -1.948445851255242 ], [ 110.278441919910222, -1.948984840425714 ] ] ] } },
{ "type": "Feature", "properties": { "count": 6, "label": 1, "cluster_id": 58 }, "geometry": { "type": "Polygon", "coordinates": [ [ [ 110.278441919910222, -1.958506982437381 ], [ 110.278441919910222, -1.958686645494205 ], [ 110.278262256853395, -1.958686645494205 ], [ 110.278262256853395, -1.9594052977215 ], [ 110.278441919910222, -1.9594052977215 ], [ 110.278441919910222, -1.958866308551029 ], [ 110.278621582967048, -1.958866308551029 ], [ 110.278621582967048, -1.958506982437381 ], [ 110.278441919910222, -1.958506982437381 ] ] ] } },
{ "type": "Feature", "properties": { "count": 1, "label": 1, "cluster_id": 58 }, "geometry": { "type": "Polygon", "coordinates": [ [ [ 110.278441919910222, -1.965154515539865 ], [ 110.278621582967048, -1.965154515539865 ], [ 110.278621582967048, -1.964974852483041 ], [ 110.278441919910222, -1.964974852483041 ], [ 110.278441919910222, -1.965154515539865 ] ] ] } },
{ "type": "Feature", "properties": { "count": 4, "label": 1, "cluster_id": 58 }, "geometry": { "type": "Polygon", "coordinates": [ [ [ 110.278441919910222, -1.966591819994457 ], [ 110.278441919910222, -1.966951146108104 ], [ 110.278262256853395, -1.966951146108104 ], [ 110.278262256853395, -1.967130809164928 ], [ 110.278621582967048, -1.967130809164928 ], [ 110.278621582967048, -1.966591819994457 ], [ 110.278441919910222, -1.966591819994457 ] ] ] } },
{ "type": "Feature", "properties": { "count": 19, "label": 1, "cluster_id": 58 }, "geometry": { "type": "Polygon", "coordinates": [ [ [ 110.278441919910222, -1.968208787505872 ], [ 110.278441919910222, -1.968388450562695 ], [ 110.278082593796583, -1.968388450562695 ], [ 110.278082593796583, -1.968568113619519 ], [ 110.278262256853395, -1.968568113619519 ], [ 110.278262256853395, -1.968747776676343 ], [ 110.278441919910222, -1.968747776676343 ], [ 110.278441919910222, -1.968927439733167 ], [ 110.278801246023875, -1.968927439733167 ], [ 110.278801246023875, -1.969107102789991 ], [ 110.278980909080701, -1.969107102789991 ], [ 110.278980909080701, -1.968927439733167 ], [ 110.27934023519434, -1.968927439733167 ], [ 110.27934023519434, -1.968747776676343 ], [ 110.279519898251166, -1.968747776676343 ], [ 110.279519898251166, -1.968388450562695 ], [ 110.27934023519434, -1.968388450562695 ], [ 110.27934023519434, -1.968568113619519 ], [ 110.278801246023875, -1.968568113619519 ], [ 110.278801246023875, -1.968388450562695 ], [ 110.278621582967048, -1.968388450562695 ], [ 110.278621582967048, -1.968208787505872 ], [ 110.278441919910222, -1.968208787505872 ] ] ] } },
{ "type": "Feature", "properties": { "count": 1, "label": 1, "cluster_id": 58 }, "geometry": { "type": "Polygon", "coordinates": [ [ [ 110.278621582967048, -1.920059088277065 ], [ 110.278801246023875, -1.920059088277065 ], [ 110.278801246023875, -1.919879425220241 ], [ 110.278621582967048, -1.919879425220241 ], [ 110.278621582967048, -1.920059088277065 ] ] ] } },
{ "type": "Feature", "properties": { "count": 1, "label": 1, "cluster_id": 58 }, "geometry": { "type": "Polygon", "coordinates": [ [ [ 110.278621582967048, -1.9225743710726 ], [ 110.278801246023875, -1.9225743710726 ], [ 110.278801246023875, -1.922394708015776 ], [ 110.278621582967048, -1.922394708015776 ], [ 110.278621582967048, -1.9225743710726 ] ] ] } },
{ "type": "Feature", "properties": { "count": 1, "label": 1, "cluster_id": 58 }, "geometry": { "type": "Polygon", "coordinates": [ [ [ 110.278621582967048, -1.926347295265902 ], [ 110.278801246023875, -1.926347295265902 ], [ 110.278801246023875, -1.926167632209078 ], [ 110.278621582967048, -1.926167632209078 ], [ 110.278621582967048, -1.926347295265902 ] ] ] } },
{ "type": "Feature", "properties": { "count": 1, "label": 1, "cluster_id": 58 }, "geometry": { "type": "Polygon", "coordinates": [ [ [ 110.278621582967048, -1.934611795879801 ], [ 110.278801246023875, -1.934611795879801 ], [ 110.278801246023875, -1.934432132822978 ], [ 110.278621582967048, -1.934432132822978 ], [ 110.278621582967048, -1.934611795879801 ] ] ] } },
{ "type": "Feature", "properties": { "count": 1, "label": 1, "cluster_id": 58 }, "geometry": { "type": "Polygon", "coordinates": [ [ [ 110.278621582967048, -1.935869437277569 ], [ 110.278801246023875, -1.935869437277569 ], [ 110.278801246023875, -1.935689774220745 ], [ 110.278621582967048, -1.935689774220745 ], [ 110.278621582967048, -1.935869437277569 ] ] ] } },
{ "type": "Feature", "properties": { "count": 1, "label": 1, "cluster_id": 58 }, "geometry": { "type": "Polygon", "coordinates": [ [ [ 110.278621582967048, -1.936588089504864 ], [ 110.278801246023875, -1.936588089504864 ], [ 110.278801246023875, -1.936408426448041 ], [ 110.278621582967048, -1.936408426448041 ], [ 110.278621582967048, -1.936588089504864 ] ] ] } },
{ "type": "Feature", "properties": { "count": 1, "label": 1, "cluster_id": 58 }, "geometry": { "type": "Polygon", "coordinates": [ [ [ 110.278621582967048, -1.940181350641343 ], [ 110.278801246023875, -1.940181350641343 ], [ 110.278801246023875, -1.940001687584519 ], [ 110.278621582967048, -1.940001687584519 ], [ 110.278621582967048, -1.940181350641343 ] ] ] } },
{ "type": "Feature", "properties": { "count": 1, "label": 1, "cluster_id": 58 }, "geometry": { "type": "Polygon", "coordinates": [ [ [ 110.278621582967048, -1.954734058244079 ], [ 110.278801246023875, -1.954734058244079 ], [ 110.278801246023875, -1.954554395187255 ], [ 110.278621582967048, -1.954554395187255 ], [ 110.278621582967048, -1.954734058244079 ] ] ] } },
{ "type": "Feature", "properties": { "count": 1, "label": 1, "cluster_id": 58 }, "geometry": { "type": "Polygon", "coordinates": [ [ [ 110.278621582967048, -1.959045971607853 ], [ 110.278801246023875, -1.959045971607853 ], [ 110.278801246023875, -1.958866308551029 ], [ 110.278621582967048, -1.958866308551029 ], [ 110.278621582967048, -1.959045971607853 ] ] ] } },
{ "type": "Feature", "properties": { "count": 1, "label": 1, "cluster_id": 58 }, "geometry": { "type": "Polygon", "coordinates": [ [ [ 110.278801246023875, -1.919699762163417 ], [ 110.278980909080701, -1.919699762163417 ], [ 110.278980909080701, -1.919520099106593 ], [ 110.278801246023875, -1.919520099106593 ], [ 110.278801246023875, -1.919699762163417 ] ] ] } },
{ "type": "Feature", "properties": { "count": 6, "label": 1, "cluster_id": 58 }, "geometry": { "type": "Polygon", "coordinates": [ [ [ 110.278621582967048, -1.925269316924958 ], [ 110.278621582967048, -1.925628643038606 ], [ 110.278441919910222, -1.925628643038606 ], [ 110.278441919910222, -1.925987969152254 ], [ 110.278621582967048, -1.925987969152254 ], [ 110.278621582967048, -1.92580830609543 ], [ 110.278801246023875, -1.92580830609543 ], [ 110.278801246023875, -1.925448979981782 ], [ 110.278980909080701, -1.925448979981782 ], [ 110.278980909080701, -1.925269316924958 ], [ 110.278621582967048, -1.925269316924958 ] ] ] } },
{ "type": "Feature", "properties": { "count": 2, "label": 1, "cluster_id": 58 }, "geometry": { "type": "Polygon", "coordinates": [ [ [ 110.278621582967048, -1.934252469766154 ], [ 110.278980909080701, -1.934252469766154 ], [ 110.278980909080701, -1.93407280670933 ], [ 110.278621582967048, -1.93407280670933 ], [ 110.278621582967048, -1.934252469766154 ] ] ] } },
{ "type": "Feature", "properties": { "count": 3, "label": 1, "cluster_id": 58 }, "geometry": { "type": "Polygon", "coordinates": [ [ [ 110.278621582967048, -1.939283035357223 ], [ 110.278621582967048, -1.939462698414047 ], [ 110.278801246023875, -1.939462698414047 ], [ 110.278801246023875, -1.939642361470871 ], [ 110.278980909080701, -1.939642361470871 ], [ 110.278980909080701, -1.939283035357223 ], [ 110.278621582967048, -1.939283035357223 ] ] ] } },
{ "type": "Feature", "properties": { "count": 1, "label": 1, "cluster_id": 58 }, "geometry": { "type": "Polygon", "coordinates": [ [ [ 110.278801246023875, -1.942337307323229 ], [ 110.278980909080701, -1.942337307323229 ], [ 110.278980909080701, -1.942157644266405 ], [ 110.278801246023875, -1.942157644266405 ], [ 110.278801246023875, -1.942337307323229 ] ] ] } },
{ "type": "Feature", "properties": { "count": 1, "label": 1, "cluster_id": 58 }, "geometry": { "type": "Polygon", "coordinates": [ [ [ 110.278801246023875, -1.946289894573355 ], [ 110.278980909080701, -1.946289894573355 ], [ 110.278980909080701, -1.946110231516531 ], [ 110.278801246023875, -1.946110231516531 ], [ 110.278801246023875, -1.946289894573355 ] ] ] } },
{ "type": "Feature", "properties": { "count": 10, "label": 1, "cluster_id": 58 }, "geometry": { "type": "Polygon", "coordinates": [ [ [ 110.278801246023875, -1.946649220687003 ], [ 110.278801246023875, -1.947008546800651 ], [ 110.278441919910222, -1.947008546800651 ], [ 110.278441919910222, -1.947727199027947 ], [ 110.278621582967048, -1.947727199027947 ], [ 110.278621582967048, -1.947367872914299 ], [ 110.278980909080701, -1.947367872914299 ], [ 110.278980909080701, -1.946649220687003 ], [ 110.278801246023875, -1.946649220687003 ] ] ] } },
{ "type": "Feature", "properties": { "count": 2, "label": 1, "cluster_id": 58 }, "geometry": { "type": "Polygon", "coordinates": [ [ [ 110.278801246023875, -1.94790686208477 ], [ 110.278980909080701, -1.94790686208477 ], [ 110.278980909080701, -1.947547535971123 ], [ 110.278801246023875, -1.947547535971123 ], [ 110.278801246023875, -1.94790686208477 ] ] ] } },
{ "type": "Feature", "properties": { "count": 1, "label": 1, "cluster_id": 58 }, "geometry": { "type": "Polygon", "coordinates": [ [ [ 110.278801246023875, -1.950422144880305 ], [ 110.278980909080701, -1.950422144880305 ], [ 110.278980909080701, -1.950242481823481 ], [ 110.278801246023875, -1.950242481823481 ], [ 110.278801246023875, -1.950422144880305 ] ] ] } },
{ "type": "Feature", "properties": { "count": 1, "label": 1, "cluster_id": 58 }, "geometry": { "type": "Polygon", "coordinates": [ [ [ 110.278801246023875, -1.951500123221249 ], [ 110.278980909080701, -1.951500123221249 ], [ 110.278980909080701, -1.951320460164425 ], [ 110.278801246023875, -1.951320460164425 ], [ 110.278801246023875, -1.951500123221249 ] ] ] } },
{ "type": "Feature", "properties": { "count": 1, "label": 1, "cluster_id": 58 }, "geometry": { "type": "Polygon", "coordinates": [ [ [ 110.278801246023875, -1.958866308551029 ], [ 110.278980909080701, -1.958866308551029 ], [ 110.278980909080701, -1.958686645494205 ], [ 110.278801246023875, -1.958686645494205 ], [ 110.278801246023875, -1.958866308551029 ] ] ] } },
{ "type": "Feature", "properties": { "count": 2, "label": 1, "cluster_id": 58 }, "geometry": { "type": "Polygon", "coordinates": [ [ [ 110.278801246023875, -1.960123949948796 ], [ 110.278980909080701, -1.960123949948796 ], [ 110.278980909080701, -1.959764623835148 ], [ 110.278801246023875, -1.959764623835148 ], [ 110.278801246023875, -1.960123949948796 ] ] ] } },
{ "type": "Feature", "properties": { "count": 1, "label": 1, "cluster_id": 58 }, "geometry": { "type": "Polygon", "coordinates": [ [ [ 110.278801246023875, -1.965693504710337 ], [ 110.278980909080701, -1.965693504710337 ], [ 110.278980909080701, -1.965513841653513 ], [ 110.278801246023875, -1.965513841653513 ], [ 110.278801246023875, -1.965693504710337 ] ] ] } },
{ "type": "Feature", "properties": { "count": 1, "label": 1, "cluster_id": 58 }, "geometry": { "type": "Polygon", "coordinates": [ [ [ 110.278980909080701, -1.914848859629172 ], [ 110.279160572137513, -1.914848859629172 ], [ 110.279160572137513, -1.914669196572348 ], [ 110.278980909080701, -1.914669196572348 ], [ 110.278980909080701, -1.914848859629172 ] ] ] } },
{ "type": "Feature", "properties": { "count": 1, "label": 1, "cluster_id": 58 }, "geometry": { "type": "Polygon", "coordinates": [ [ [ 110.278980909080701, -1.933533817538858 ], [ 110.279160572137513, -1.933533817538858 ], [ 110.279160572137513, -1.933354154482034 ], [ 110.278980909080701, -1.933354154482034 ], [ 110.278980909080701, -1.933533817538858 ] ] ] } },
{ "type": "Feature", "properties": { "count": 1, "label": 1, "cluster_id": 58 }, "geometry": { "type": "Polygon", "coordinates": [ [ [ 110.278980909080701, -1.933893143652506 ], [ 110.279160572137513, -1.933893143652506 ], [ 110.279160572137513, -1.933713480595682 ], [ 110.278980909080701, -1.933713480595682 ], [ 110.278980909080701, -1.933893143652506 ] ] ] } },
{ "type": "Feature", "properties": { "count": 1, "label": 1, "cluster_id": 58 }, "geometry": { "type": "Polygon", "coordinates": [ [ [ 110.278980909080701, -1.934432132822978 ], [ 110.279160572137513, -1.934432132822978 ], [ 110.279160572137513, -1.934252469766154 ], [ 110.278980909080701, -1.934252469766154 ], [ 110.278980909080701, -1.934432132822978 ] ] ] } },
{ "type": "Feature", "properties": { "count": 2, "label": 1, "cluster_id": 58 }, "geometry": { "type": "Polygon", "coordinates": [ [ [ 110.278980909080701, -1.935510111163921 ], [ 110.279160572137513, -1.935510111163921 ], [ 110.279160572137513, -1.935150785050273 ], [ 110.278980909080701, -1.935150785050273 ], [ 110.278980909080701, -1.935510111163921 ] ] ] } },
{ "type": "Feature", "properties": { "count": 1, "label": 1, "cluster_id": 58 }, "geometry": { "type": "Polygon", "coordinates": [ [ [ 110.278980909080701, -1.935869437277569 ], [ 110.279160572137513, -1.935869437277569 ], [ 110.279160572137513, -1.935689774220745 ], [ 110.278980909080701, -1.935689774220745 ], [ 110.278980909080701, -1.935869437277569 ] ] ] } },
{ "type": "Feature", "properties": { "count": 1, "label": 1, "cluster_id": 58 }, "geometry": { "type": "Polygon", "coordinates": [ [ [ 110.278980909080701, -1.938744046186751 ], [ 110.279160572137513, -1.938744046186751 ], [ 110.279160572137513, -1.938564383129927 ], [ 110.278980909080701, -1.938564383129927 ], [ 110.278980909080701, -1.938744046186751 ] ] ] } },
{ "type": "Feature", "properties": { "count": 1, "label": 1, "cluster_id": 58 }, "geometry": { "type": "Polygon", "coordinates": [ [ [ 110.278980909080701, -1.946469557630179 ], [ 110.279160572137513, -1.946469557630179 ], [ 110.279160572137513, -1.946289894573355 ], [ 110.278980909080701, -1.946289894573355 ], [ 110.278980909080701, -1.946469557630179 ] ] ] } },
{ "type": "Feature", "properties": { "count": 1, "label": 1, "cluster_id": 58 }, "geometry": { "type": "Polygon", "coordinates": [ [ [ 110.278980909080701, -1.953656079903135 ], [ 110.279160572137513, -1.953656079903135 ], [ 110.279160572137513, -1.953476416846311 ], [ 110.278980909080701, -1.953476416846311 ], [ 110.278980909080701, -1.953656079903135 ] ] ] } },
{ "type": "Feature", "properties": { "count": 1, "label": 1, "cluster_id": 58 }, "geometry": { "type": "Polygon", "coordinates": [ [ [ 110.278980909080701, -1.957608667153261 ], [ 110.279160572137513, -1.957608667153261 ], [ 110.279160572137513, -1.957429004096437 ], [ 110.278980909080701, -1.957429004096437 ], [ 110.278980909080701, -1.957608667153261 ] ] ] } },
{ "type": "Feature", "properties": { "count": 1, "label": 1, "cluster_id": 58 }, "geometry": { "type": "Polygon", "coordinates": [ [ [ 110.278980909080701, -1.960842602176091 ], [ 110.279160572137513, -1.960842602176091 ], [ 110.279160572137513, -1.960662939119268 ], [ 110.278980909080701, -1.960662939119268 ], [ 110.278980909080701, -1.960842602176091 ] ] ] } },
{ "type": "Feature", "properties": { "count": 1, "label": 1, "cluster_id": 58 }, "geometry": { "type": "Polygon", "coordinates": [ [ [ 110.278980909080701, -1.966052830823985 ], [ 110.279160572137513, -1.966052830823985 ], [ 110.279160572137513, -1.965873167767161 ], [ 110.278980909080701, -1.965873167767161 ], [ 110.278980909080701, -1.966052830823985 ] ] ] } },
{ "type": "Feature", "properties": { "count": 1, "label": 1, "cluster_id": 58 }, "geometry": { "type": "Polygon", "coordinates": [ [ [ 110.278980909080701, -1.9676697983354 ], [ 110.279160572137513, -1.9676697983354 ], [ 110.279160572137513, -1.967490135278576 ], [ 110.278980909080701, -1.967490135278576 ], [ 110.278980909080701, -1.9676697983354 ] ] ] } },
{ "type": "Feature", "properties": { "count": 1, "label": 1, "cluster_id": 58 }, "geometry": { "type": "Polygon", "coordinates": [ [ [ 110.279160572137513, -1.915567511856468 ], [ 110.27934023519434, -1.915567511856468 ], [ 110.27934023519434, -1.915387848799644 ], [ 110.279160572137513, -1.915387848799644 ], [ 110.279160572137513, -1.915567511856468 ] ] ] } },
{ "type": "Feature", "properties": { "count": 3, "label": 1, "cluster_id": 58 }, "geometry": { "type": "Polygon", "coordinates": [ [ [ 110.279160572137513, -1.925089653868135 ], [ 110.27934023519434, -1.925089653868135 ], [ 110.27934023519434, -1.924550664697663 ], [ 110.279160572137513, -1.924550664697663 ], [ 110.279160572137513, -1.925089653868135 ] ] ] } },
{ "type": "Feature", "properties": { "count": 1, "label": 1, "cluster_id": 58 }, "geometry": { "type": "Polygon", "coordinates": [ [ [ 110.279160572137513, -1.925628643038606 ], [ 110.27934023519434, -1.925628643038606 ], [ 110.27934023519434, -1.925448979981782 ], [ 110.279160572137513, -1.925448979981782 ], [ 110.279160572137513, -1.925628643038606 ] ] ] } },
{ "type": "Feature", "properties": { "count": 1, "label": 1, "cluster_id": 58 }, "geometry": { "type": "Polygon", "coordinates": [ [ [ 110.279160572137513, -1.934971121993449 ], [ 110.27934023519434, -1.934971121993449 ], [ 110.27934023519434, -1.934791458936625 ], [ 110.279160572137513, -1.934791458936625 ], [ 110.279160572137513, -1.934971121993449 ] ] ] } },
{ "type": "Feature", "properties": { "count": 1, "label": 1, "cluster_id": 58 }, "geometry": { "type": "Polygon", "coordinates": [ [ [ 110.279160572137513, -1.936588089504864 ], [ 110.27934023519434, -1.936588089504864 ], [ 110.27934023519434, -1.936408426448041 ], [ 110.279160572137513, -1.936408426448041 ], [ 110.279160572137513, -1.936588089504864 ] ] ] } },
{ "type": "Feature", "properties": { "count": 15, "label": 1, "cluster_id": 58 }, "geometry": { "type": "Polygon", "coordinates": [ [ [ 110.278980909080701, -1.937845730902632 ], [ 110.278980909080701, -1.93820505701628 ], [ 110.278801246023875, -1.93820505701628 ], [ 110.278801246023875, -1.937845730902632 ], [ 110.278621582967048, -1.937845730902632 ], [ 110.278621582967048, -1.93820505701628 ], [ 110.278441919910222, -1.93820505701628 ], [ 110.278441919910222, -1.938384720073103 ], [ 110.278262256853395, -1.938384720073103 ], [ 110.278262256853395, -1.938564383129927 ], [ 110.278621582967048, -1.938564383129927 ], [ 110.278621582967048, -1.938744046186751 ], [ 110.278801246023875, -1.938744046186751 ], [ 110.278801246023875, -1.938384720073103 ], [ 110.27934023519434, -1.938384720073103 ], [ 110.27934023519434, -1.937845730902632 ], [ 110.278980909080701, -1.937845730902632 ] ] ] } },
{ "type": "Feature", "properties": { "count": 1, "label": 1, "cluster_id": 58 }, "geometry": { "type": "Polygon", "coordinates": [ [ [ 110.279160572137513, -1.942696633436877 ], [ 110.27934023519434, -1.942696633436877 ], [ 110.27934023519434, -1.942516970380053 ], [ 110.279160572137513, -1.942516970380053 ], [ 110.279160572137513, -1.942696633436877 ] ] ] } },
{ "type": "Feature", "properties": { "count": 2, "label": 1, "cluster_id": 58 }, "geometry": { "type": "Polygon", "coordinates": [ [ [ 110.279160572137513, -1.948445851255242 ], [ 110.27934023519434, -1.948445851255242 ], [ 110.27934023519434, -1.948086525141594 ], [ 110.279160572137513, -1.948086525141594 ], [ 110.279160572137513, -1.948445851255242 ] ] ] } },
{ "type": "Feature", "properties": { "count": 1, "label": 1, "cluster_id": 58 }, "geometry": { "type": "Polygon", "coordinates": [ [ [ 110.279160572137513, -1.951140797107601 ], [ 110.27934023519434, -1.951140797107601 ], [ 110.27934023519434, -1.950961134050777 ], [ 110.279160572137513, -1.950961134050777 ], [ 110.279160572137513, -1.951140797107601 ] ] ] } },
{ "type": "Feature", "properties": { "count": 1, "label": 1, "cluster_id": 58 }, "geometry": { "type": "Polygon", "coordinates": [ [ [ 110.279160572137513, -1.959045971607853 ], [ 110.27934023519434, -1.959045971607853 ], [ 110.27934023519434, -1.958866308551029 ], [ 110.279160572137513, -1.958866308551029 ], [ 110.279160572137513, -1.959045971607853 ] ] ] } },
{ "type": "Feature", "properties": { "count": 2, "label": 1, "cluster_id": 58 }, "geometry": { "type": "Polygon", "coordinates": [ [ [ 110.279160572137513, -1.908560652640335 ], [ 110.279519898251166, -1.908560652640335 ], [ 110.279519898251166, -1.908380989583512 ], [ 110.279160572137513, -1.908380989583512 ], [ 110.279160572137513, -1.908560652640335 ] ] ] } },
{ "type": "Feature", "properties": { "count": 1, "label": 1, "cluster_id": 58 }, "geometry": { "type": "Polygon", "coordinates": [ [ [ 110.27934023519434, -1.918981109936122 ], [ 110.279519898251166, -1.918981109936122 ], [ 110.279519898251166, -1.918801446879298 ], [ 110.27934023519434, -1.918801446879298 ], [ 110.27934023519434, -1.918981109936122 ] ] ] } },
{ "type": "Feature", "properties": { "count": 2, "label": 1, "cluster_id": 58 }, "geometry": { "type": "Polygon", "coordinates": [ [ [ 110.27934023519434, -1.934252469766154 ], [ 110.279519898251166, -1.934252469766154 ], [ 110.279519898251166, -1.933893143652506 ], [ 110.27934023519434, -1.933893143652506 ], [ 110.27934023519434, -1.934252469766154 ] ] ] } },
{ "type": "Feature", "properties": { "count": 2, "label": 1, "cluster_id": 58 }, "geometry": { "type": "Polygon", "coordinates": [ [ [ 110.27934023519434, -1.936049100334393 ], [ 110.279519898251166, -1.936049100334393 ], [ 110.279519898251166, -1.935689774220745 ], [ 110.27934023519434, -1.935689774220745 ], [ 110.27934023519434, -1.936049100334393 ] ] ] } },
{ "type": "Feature", "properties": { "count": 2, "label": 1, "cluster_id": 58 }, "geometry": { "type": "Polygon", "coordinates": [ [ [ 110.27934023519434, -1.94557124234606 ], [ 110.279519898251166, -1.94557124234606 ], [ 110.279519898251166, -1.945211916232412 ], [ 110.27934023519434, -1.945211916232412 ], [ 110.27934023519434, -1.94557124234606 ] ] ] } },
{ "type": "Feature", "properties": { "count": 1, "label": 1, "cluster_id": 58 }, "geometry": { "type": "Polygon", "coordinates": [ [ [ 110.27934023519434, -1.951679786278072 ], [ 110.279519898251166, -1.951679786278072 ], [ 110.279519898251166, -1.951500123221249 ], [ 110.27934023519434, -1.951500123221249 ], [ 110.27934023519434, -1.951679786278072 ] ] ] } },
{ "type": "Feature", "properties": { "count": 2, "label": 1, "cluster_id": 58 }, "geometry": { "type": "Polygon", "coordinates": [ [ [ 110.27934023519434, -1.955632373528198 ], [ 110.279519898251166, -1.955632373528198 ], [ 110.279519898251166, -1.955273047414551 ], [ 110.27934023519434, -1.955273047414551 ], [ 110.27934023519434, -1.955632373528198 ] ] ] } },
{ "type": "Feature", "properties": { "count": 1, "label": 1, "cluster_id": 58 }, "geometry": { "type": "Polygon", "coordinates": [ [ [ 110.27934023519434, -1.956710351869142 ], [ 110.279519898251166, -1.956710351869142 ], [ 110.279519898251166, -1.956530688812318 ], [ 110.27934023519434, -1.956530688812318 ], [ 110.27934023519434, -1.956710351869142 ] ] ] } },
{ "type": "Feature", "properties": { "count": 1, "label": 1, "cluster_id": 58 }, "geometry": { "type": "Polygon", "coordinates": [ [ [ 110.27934023519434, -1.9594052977215 ], [ 110.279519898251166, -1.9594052977215 ], [ 110.279519898251166, -1.959225634664676 ], [ 110.27934023519434, -1.959225634664676 ], [ 110.27934023519434, -1.9594052977215 ] ] ] } },
{ "type": "Feature", "properties": { "count": 9, "label": 1, "cluster_id": 58 }, "geometry": { "type": "Polygon", "coordinates": [ [ [ 110.278980909080701, -1.962818895801155 ], [ 110.279519898251166, -1.962818895801155 ], [ 110.279519898251166, -1.962279906630683 ], [ 110.278980909080701, -1.962279906630683 ], [ 110.278980909080701, -1.962818895801155 ] ] ] } },
{ "type": "Feature", "properties": { "count": 1, "label": 1, "cluster_id": 58 }, "geometry": { "type": "Polygon", "coordinates": [ [ [ 110.27934023519434, -1.967849461392224 ], [ 110.279519898251166, -1.967849461392224 ], [ 110.279519898251166, -1.9676697983354 ], [ 110.27934023519434, -1.9676697983354 ], [ 110.27934023519434, -1.967849461392224 ] ] ] } },
{ "type": "Feature", "properties": { "count": 1, "label": 1, "cluster_id": 58 }, "geometry": { "type": "Polygon", "coordinates": [ [ [ 110.279519898251166, -1.920238751333889 ], [ 110.279699561307993, -1.920238751333889 ], [ 110.279699561307993, -1.920059088277065 ], [ 110.279519898251166, -1.920059088277065 ], [ 110.279519898251166, -1.920238751333889 ] ] ] } },
{ "type": "Feature", "properties": { "count": 2, "label": 1, "cluster_id": 58 }, "geometry": { "type": "Polygon", "coordinates": [ [ [ 110.279519898251166, -1.924730327754487 ], [ 110.279699561307993, -1.924730327754487 ], [ 110.279699561307993, -1.924371001640839 ], [ 110.279519898251166, -1.924371001640839 ], [ 110.279519898251166, -1.924730327754487 ] ] ] } },
{ "type": "Feature", "properties": { "count": 1, "label": 1, "cluster_id": 58 }, "geometry": { "type": "Polygon", "coordinates": [ [ [ 110.279519898251166, -1.934432132822978 ], [ 110.279699561307993, -1.934432132822978 ], [ 110.279699561307993, -1.934252469766154 ], [ 110.279519898251166, -1.934252469766154 ], [ 110.279519898251166, -1.934432132822978 ] ] ] } },
{ "type": "Feature", "properties": { "count": 4, "label": 1, "cluster_id": 58 }, "geometry": { "type": "Polygon", "coordinates": [ [ [ 110.27934023519434, -1.935510111163921 ], [ 110.279699561307993, -1.935510111163921 ], [ 110.279699561307993, -1.935150785050273 ], [ 110.27934023519434, -1.935150785050273 ], [ 110.27934023519434, -1.935510111163921 ] ] ] } },
{ "type": "Feature", "properties": { "count": 1, "label": 1, "cluster_id": 58 }, "geometry": { "type": "Polygon", "coordinates": [ [ [ 110.279519898251166, -1.939822024527695 ], [ 110.279699561307993, -1.939822024527695 ], [ 110.279699561307993, -1.939642361470871 ], [ 110.279519898251166, -1.939642361470871 ], [ 110.279519898251166, -1.939822024527695 ] ] ] } },
{ "type": "Feature", "properties": { "count": 1, "label": 1, "cluster_id": 58 }, "geometry": { "type": "Polygon", "coordinates": [ [ [ 110.279519898251166, -1.941798318152758 ], [ 110.279699561307993, -1.941798318152758 ], [ 110.279699561307993, -1.941618655095934 ], [ 110.279519898251166, -1.941618655095934 ], [ 110.279519898251166, -1.941798318152758 ] ] ] } },
{ "type": "Feature", "properties": { "count": 1, "label": 1, "cluster_id": 58 }, "geometry": { "type": "Polygon", "coordinates": [ [ [ 110.279519898251166, -1.943415285664173 ], [ 110.279699561307993, -1.943415285664173 ], [ 110.279699561307993, -1.943235622607349 ], [ 110.279519898251166, -1.943235622607349 ], [ 110.279519898251166, -1.943415285664173 ] ] ] } },
{ "type": "Feature", "properties": { "count": 2, "label": 1, "cluster_id": 58 }, "geometry": { "type": "Polygon", "coordinates": [ [ [ 110.279519898251166, -1.959045971607853 ], [ 110.279699561307993, -1.959045971607853 ], [ 110.279699561307993, -1.958686645494205 ], [ 110.279519898251166, -1.958686645494205 ], [ 110.279519898251166, -1.959045971607853 ] ] ] } },
{ "type": "Feature", "properties": { "count": 1, "label": 1, "cluster_id": 58 }, "geometry": { "type": "Polygon", "coordinates": [ [ [ 110.279519898251166, -1.960123949948796 ], [ 110.279699561307993, -1.960123949948796 ], [ 110.279699561307993, -1.959944286891972 ], [ 110.279519898251166, -1.959944286891972 ], [ 110.279519898251166, -1.960123949948796 ] ] ] } },
{ "type": "Feature", "properties": { "count": 1, "label": 1, "cluster_id": 58 }, "geometry": { "type": "Polygon", "coordinates": [ [ [ 110.279519898251166, -1.962100243573859 ], [ 110.279699561307993, -1.962100243573859 ], [ 110.279699561307993, -1.961920580517035 ], [ 110.279519898251166, -1.961920580517035 ], [ 110.279519898251166, -1.962100243573859 ] ] ] } },
{ "type": "Feature", "properties": { "count": 2, "label": 1, "cluster_id": 58 }, "geometry": { "type": "Polygon", "coordinates": [ [ [ 110.279519898251166, -1.908380989583512 ], [ 110.279879224364819, -1.908380989583512 ], [ 110.279879224364819, -1.908201326526688 ], [ 110.279519898251166, -1.908201326526688 ], [ 110.279519898251166, -1.908380989583512 ] ] ] } },
{ "type": "Feature", "properties": { "count": 1, "label": 1, "cluster_id": 58 }, "geometry": { "type": "Polygon", "coordinates": [ [ [ 110.279699561307993, -1.921496392731656 ], [ 110.279879224364819, -1.921496392731656 ], [ 110.279879224364819, -1.921316729674833 ], [ 110.279699561307993, -1.921316729674833 ], [ 110.279699561307993, -1.921496392731656 ] ] ] } },
{ "type": "Feature", "properties": { "count": 1, "label": 1, "cluster_id": 58 }, "geometry": { "type": "Polygon", "coordinates": [ [ [ 110.279699561307993, -1.9225743710726 ], [ 110.279879224364819, -1.9225743710726 ], [ 110.279879224364819, -1.922394708015776 ], [ 110.279699561307993, -1.922394708015776 ], [ 110.279699561307993, -1.9225743710726 ] ] ] } },
{ "type": "Feature", "properties": { "count": 1, "label": 1, "cluster_id": 58 }, "geometry": { "type": "Polygon", "coordinates": [ [ [ 110.279699561307993, -1.934791458936625 ], [ 110.279879224364819, -1.934791458936625 ], [ 110.279879224364819, -1.934611795879801 ], [ 110.279699561307993, -1.934611795879801 ], [ 110.279699561307993, -1.934791458936625 ] ] ] } },
{ "type": "Feature", "properties": { "count": 1, "label": 1, "cluster_id": 58 }, "geometry": { "type": "Polygon", "coordinates": [ [ [ 110.279699561307993, -1.935869437277569 ], [ 110.279879224364819, -1.935869437277569 ], [ 110.279879224364819, -1.935689774220745 ], [ 110.279699561307993, -1.935689774220745 ], [ 110.279699561307993, -1.935869437277569 ] ] ] } },
{ "type": "Feature", "properties": { "count": 7, "label": 1, "cluster_id": 58 }, "geometry": { "type": "Polygon", "coordinates": [ [ [ 110.279519898251166, -1.937845730902632 ], [ 110.279519898251166, -1.938384720073103 ], [ 110.280058887421646, -1.938384720073103 ], [ 110.280058887421646, -1.93820505701628 ], [ 110.279879224364819, -1.93820505701628 ], [ 110.279879224364819, -1.937845730902632 ], [ 110.279519898251166, -1.937845730902632 ] ] ] } },
{ "type": "Feature", "properties": { "count": 2, "label": 1, "cluster_id": 58 }, "geometry": { "type": "Polygon", "coordinates": [ [ [ 110.279519898251166, -1.942516970380053 ], [ 110.279879224364819, -1.942516970380053 ], [ 110.279879224364819, -1.942337307323229 ], [ 110.279519898251166, -1.942337307323229 ], [ 110.279519898251166, -1.942516970380053 ] ] ] } },
{ "type": "Feature", "properties": { "count": 2, "label": 1, "cluster_id": 58 }, "geometry": { "type": "Polygon", "coordinates": [ [ [ 110.279699561307993, -1.948266188198418 ], [ 110.279879224364819, -1.948266188198418 ], [ 110.279879224364819, -1.94790686208477 ], [ 110.279699561307993, -1.94790686208477 ], [ 110.279699561307993, -1.948266188198418 ] ] ] } },
{ "type": "Feature", "properties": { "count": 1, "label": 1, "cluster_id": 58 }, "geometry": { "type": "Polygon", "coordinates": [ [ [ 110.279699561307993, -1.957429004096437 ], [ 110.279879224364819, -1.957429004096437 ], [ 110.279879224364819, -1.957249341039613 ], [ 110.279699561307993, -1.957249341039613 ], [ 110.279699561307993, -1.957429004096437 ] ] ] } },
{ "type": "Feature", "properties": { "count": 1, "label": 1, "cluster_id": 58 }, "geometry": { "type": "Polygon", "coordinates": [ [ [ 110.279699561307993, -1.964076537198922 ], [ 110.279879224364819, -1.964076537198922 ], [ 110.279879224364819, -1.963896874142098 ], [ 110.279699561307993, -1.963896874142098 ], [ 110.279699561307993, -1.964076537198922 ] ] ] } },
{ "type": "Feature", "properties": { "count": 1, "label": 1, "cluster_id": 58 }, "geometry": { "type": "Polygon", "coordinates": [ [ [ 110.279699561307993, -1.965334178596689 ], [ 110.279879224364819, -1.965334178596689 ], [ 110.279879224364819, -1.965154515539865 ], [ 110.279699561307993, -1.965154515539865 ], [ 110.279699561307993, -1.965334178596689 ] ] ] } },
{ "type": "Feature", "properties": { "count": 1, "label": 1, "cluster_id": 58 }, "geometry": { "type": "Polygon", "coordinates": [ [ [ 110.279699561307993, -1.968208787505872 ], [ 110.279879224364819, -1.968208787505872 ], [ 110.279879224364819, -1.968029124449048 ], [ 110.279699561307993, -1.968029124449048 ], [ 110.279699561307993, -1.968208787505872 ] ] ] } },
{ "type": "Feature", "properties": { "count": 1, "label": 1, "cluster_id": 58 }, "geometry": { "type": "Polygon", "coordinates": [ [ [ 110.279879224364819, -1.916465827140587 ], [ 110.280058887421646, -1.916465827140587 ], [ 110.280058887421646, -1.916286164083763 ], [ 110.279879224364819, -1.916286164083763 ], [ 110.279879224364819, -1.916465827140587 ] ] ] } },
{ "type": "Feature", "properties": { "count": 2, "label": 1, "cluster_id": 58 }, "geometry": { "type": "Polygon", "coordinates": [ [ [ 110.279699561307993, -1.917364142424707 ], [ 110.280058887421646, -1.917364142424707 ], [ 110.280058887421646, -1.917184479367883 ], [ 110.279699561307993, -1.917184479367883 ], [ 110.279699561307993, -1.917364142424707 ] ] ] } },
{ "type": "Feature", "properties": { "count": 1, "label": 1, "cluster_id": 58 }, "geometry": { "type": "Polygon", "coordinates": [ [ [ 110.279879224364819, -1.921316729674833 ], [ 110.280058887421646, -1.921316729674833 ], [ 110.280058887421646, -1.921137066618009 ], [ 110.279879224364819, -1.921137066618009 ], [ 110.279879224364819, -1.921316729674833 ] ] ] } },
{ "type": "Feature", "properties": { "count": 13, "label": 1, "cluster_id": 58 }, "geometry": { "type": "Polygon", "coordinates": [ [ [ 110.279879224364819, -1.934252469766154 ], [ 110.279879224364819, -1.934611795879801 ], [ 110.280238550478458, -1.934611795879801 ], [ 110.280238550478458, -1.934791458936625 ], [ 110.280058887421646, -1.934791458936625 ], [ 110.280058887421646, -1.934971121993449 ], [ 110.280418213535285, -1.934971121993449 ], [ 110.280418213535285, -1.935510111163921 ], [ 110.280597876592111, -1.935510111163921 ], [ 110.280597876592111, -1.934432132822978 ], [ 110.280058887421646, -1.934432132822978 ], [ 110.280058887421646, -1.934252469766154 ], [ 110.279879224364819, -1.934252469766154 ] ] ] } },
{ "type": "Feature", "properties": { "count": 6, "label": 1, "cluster_id": 58 }, "geometry": { "type": "Polygon", "coordinates": [ [ [ 110.279879224364819, -1.936408426448041 ], [ 110.279879224364819, -1.936588089504864 ], [ 110.279699561307993, -1.936588089504864 ], [ 110.279699561307993, -1.936947415618512 ], [ 110.280058887421646, -1.936947415618512 ], [ 110.280058887421646, -1.936767752561688 ], [ 110.280238550478458, -1.936767752561688 ], [ 110.280238550478458, -1.936588089504864 ], [ 110.280058887421646, -1.936588089504864 ], [ 110.280058887421646, -1.936408426448041 ], [ 110.279879224364819, -1.936408426448041 ] ] ] } },
{ "type": "Feature", "properties": { "count": 8, "label": 1, "cluster_id": 58 }, "geometry": { "type": "Polygon", "coordinates": [ [ [ 110.279879224364819, -1.940720339811814 ], [ 110.279879224364819, -1.941798318152758 ], [ 110.280058887421646, -1.941798318152758 ], [ 110.280058887421646, -1.941977981209582 ], [ 110.280238550478458, -1.941977981209582 ], [ 110.280238550478458, -1.941618655095934 ], [ 110.280058887421646, -1.941618655095934 ], [ 110.280058887421646, -1.940720339811814 ], [ 110.279879224364819, -1.940720339811814 ] ] ] } },
{ "type": "Feature", "properties": { "count": 2, "label": 1, "cluster_id": 58 }, "geometry": { "type": "Polygon", "coordinates": [ [ [ 110.279879224364819, -1.942876296493701 ], [ 110.280058887421646, -1.942876296493701 ], [ 110.280058887421646, -1.942516970380053 ], [ 110.279879224364819, -1.942516970380053 ], [ 110.279879224364819, -1.942876296493701 ] ] ] } },
{ "type": "Feature", "properties": { "count": 1, "label": 1, "cluster_id": 58 }, "geometry": { "type": "Polygon", "coordinates": [ [ [ 110.279879224364819, -1.943415285664173 ], [ 110.280058887421646, -1.943415285664173 ], [ 110.280058887421646, -1.943235622607349 ], [ 110.279879224364819, -1.943235622607349 ], [ 110.279879224364819, -1.943415285664173 ] ] ] } },
{ "type": "Feature", "properties": { "count": 3, "label": 1, "cluster_id": 58 }, "geometry": { "type": "Polygon", "coordinates": [ [ [ 110.279879224364819, -1.958866308551029 ], [ 110.280058887421646, -1.958866308551029 ], [ 110.280058887421646, -1.958327319380557 ], [ 110.279879224364819, -1.958327319380557 ], [ 110.279879224364819, -1.958866308551029 ] ] ] } },
{ "type": "Feature", "properties": { "count": 1, "label": 1, "cluster_id": 58 }, "geometry": { "type": "Polygon", "coordinates": [ [ [ 110.279879224364819, -1.959225634664676 ], [ 110.280058887421646, -1.959225634664676 ], [ 110.280058887421646, -1.959045971607853 ], [ 110.279879224364819, -1.959045971607853 ], [ 110.279879224364819, -1.959225634664676 ] ] ] } },
{ "type": "Feature", "properties": { "count": 1, "label": 1, "cluster_id": 58 }, "geometry": { "type": "Polygon", "coordinates": [ [ [ 110.279879224364819, -1.96030361300562 ], [ 110.280058887421646, -1.96030361300562 ], [ 110.280058887421646, -1.960123949948796 ], [ 110.279879224364819, -1.960123949948796 ], [ 110.279879224364819, -1.96030361300562 ] ] ] } },
{ "type": "Feature", "properties": { "count": 1, "label": 1, "cluster_id": 58 }, "geometry": { "type": "Polygon", "coordinates": [ [ [ 110.279879224364819, -1.962100243573859 ], [ 110.280058887421646, -1.962100243573859 ], [ 110.280058887421646, -1.961920580517035 ], [ 110.279879224364819, -1.961920580517035 ], [ 110.279879224364819, -1.962100243573859 ] ] ] } },
{ "type": "Feature", "properties": { "count": 1, "label": 1, "cluster_id": 58 }, "geometry": { "type": "Polygon", "coordinates": [ [ [ 110.279879224364819, -1.967849461392224 ], [ 110.280058887421646, -1.967849461392224 ], [ 110.280058887421646, -1.9676697983354 ], [ 110.279879224364819, -1.9676697983354 ], [ 110.279879224364819, -1.967849461392224 ] ] ] } },
{ "type": "Feature", "properties": { "count": 1, "label": 1, "cluster_id": 58 }, "geometry": { "type": "Polygon", "coordinates": [ [ [ 110.280058887421646, -1.917723468538354 ], [ 110.280238550478458, -1.917723468538354 ], [ 110.280238550478458, -1.917543805481531 ], [ 110.280058887421646, -1.917543805481531 ], [ 110.280058887421646, -1.917723468538354 ] ] ] } },
{ "type": "Feature", "properties": { "count": 2, "label": 1, "cluster_id": 58 }, "geometry": { "type": "Polygon", "coordinates": [ [ [ 110.279879224364819, -1.922754034129424 ], [ 110.280238550478458, -1.922754034129424 ], [ 110.280238550478458, -1.9225743710726 ], [ 110.279879224364819, -1.9225743710726 ], [ 110.279879224364819, -1.922754034129424 ] ] ] } },
{ "type": "Feature", "properties": { "count": 1, "label": 1, "cluster_id": 58 }, "geometry": { "type": "Polygon", "coordinates": [ [ [ 110.280058887421646, -1.948266188198418 ], [ 110.280238550478458, -1.948266188198418 ], [ 110.280238550478458, -1.948086525141594 ], [ 110.280058887421646, -1.948086525141594 ], [ 110.280058887421646, -1.948266188198418 ] ] ] } },
{ "type": "Feature", "properties": { "count": 1, "label": 1, "cluster_id": 58 }, "geometry": { "type": "Polygon", "coordinates": [ [ [ 110.280058887421646, -1.948625514312066 ], [ 110.280238550478458, -1.948625514312066 ], [ 110.280238550478458, -1.948445851255242 ], [ 110.280058887421646, -1.948445851255242 ], [ 110.280058887421646, -1.948625514312066 ] ] ] } },
{ "type": "Feature", "properties": { "count": 1, "label": 1, "cluster_id": 58 }, "geometry": { "type": "Polygon", "coordinates": [ [ [ 110.280058887421646, -1.948984840425714 ], [ 110.280238550478458, -1.948984840425714 ], [ 110.280238550478458, -1.94880517736889 ], [ 110.280058887421646, -1.94880517736889 ], [ 110.280058887421646, -1.948984840425714 ] ] ] } },
{ "type": "Feature", "properties": { "count": 1, "label": 1, "cluster_id": 58 }, "geometry": { "type": "Polygon", "coordinates": [ [ [ 110.280058887421646, -1.951859449334896 ], [ 110.280238550478458, -1.951859449334896 ], [ 110.280238550478458, -1.951679786278072 ], [ 110.280058887421646, -1.951679786278072 ], [ 110.280058887421646, -1.951859449334896 ] ] ] } },
{ "type": "Feature", "properties": { "count": 1, "label": 1, "cluster_id": 58 }, "geometry": { "type": "Polygon", "coordinates": [ [ [ 110.280058887421646, -1.95617136269867 ], [ 110.280238550478458, -1.95617136269867 ], [ 110.280238550478458, -1.955991699641846 ], [ 110.280058887421646, -1.955991699641846 ], [ 110.280058887421646, -1.95617136269867 ] ] ] } },
{ "type": "Feature", "properties": { "count": 1, "label": 1, "cluster_id": 58 }, "geometry": { "type": "Polygon", "coordinates": [ [ [ 110.280058887421646, -1.956530688812318 ], [ 110.280238550478458, -1.956530688812318 ], [ 110.280238550478458, -1.956351025755494 ], [ 110.280058887421646, -1.956351025755494 ], [ 110.280058887421646, -1.956530688812318 ] ] ] } },
{ "type": "Feature", "properties": { "count": 1, "label": 1, "cluster_id": 58 }, "geometry": { "type": "Polygon", "coordinates": [ [ [ 110.280238550478458, -1.908380989583512 ], [ 110.280418213535285, -1.908380989583512 ], [ 110.280418213535285, -1.908201326526688 ], [ 110.280238550478458, -1.908201326526688 ], [ 110.280238550478458, -1.908380989583512 ] ] ] } },
{ "type": "Feature", "properties": { "count": 1, "label": 1, "cluster_id": 58 }, "geometry": { "type": "Polygon", "coordinates": [ [ [ 110.280238550478458, -1.908919978753983 ], [ 110.280418213535285, -1.908919978753983 ], [ 110.280418213535285, -1.908740315697159 ], [ 110.280238550478458, -1.908740315697159 ], [ 110.280238550478458, -1.908919978753983 ] ] ] } },
{ "type": "Feature", "properties": { "count": 2, "label": 1, "cluster_id": 58 }, "geometry": { "type": "Polygon", "coordinates": [ [ [ 110.280238550478458, -1.936408426448041 ], [ 110.280418213535285, -1.936408426448041 ], [ 110.280418213535285, -1.936049100334393 ], [ 110.280238550478458, -1.936049100334393 ], [ 110.280238550478458, -1.936408426448041 ] ] ] } },
{ "type": "Feature", "properties": { "count": 1, "label": 1, "cluster_id": 58 }, "geometry": { "type": "Polygon", "coordinates": [ [ [ 110.280238550478458, -1.940900002868638 ], [ 110.280418213535285, -1.940900002868638 ], [ 110.280418213535285, -1.940720339811814 ], [ 110.280238550478458, -1.940720339811814 ], [ 110.280238550478458, -1.940900002868638 ] ] ] } },
{ "type": "Feature", "properties": { "count": 1, "label": 1, "cluster_id": 58 }, "geometry": { "type": "Polygon", "coordinates": [ [ [ 110.280238550478458, -1.944133937891468 ], [ 110.280418213535285, -1.944133937891468 ], [ 110.280418213535285, -1.943954274834645 ], [ 110.280238550478458, -1.943954274834645 ], [ 110.280238550478458, -1.944133937891468 ] ] ] } },
{ "type": "Feature", "properties": { "count": 1, "label": 1, "cluster_id": 58 }, "geometry": { "type": "Polygon", "coordinates": [ [ [ 110.280238550478458, -1.945211916232412 ], [ 110.280418213535285, -1.945211916232412 ], [ 110.280418213535285, -1.945032253175588 ], [ 110.280238550478458, -1.945032253175588 ], [ 110.280238550478458, -1.945211916232412 ] ] ] } },
{ "type": "Feature", "properties": { "count": 1, "label": 1, "cluster_id": 58 }, "geometry": { "type": "Polygon", "coordinates": [ [ [ 110.280238550478458, -1.959045971607853 ], [ 110.280418213535285, -1.959045971607853 ], [ 110.280418213535285, -1.958866308551029 ], [ 110.280238550478458, -1.958866308551029 ], [ 110.280238550478458, -1.959045971607853 ] ] ] } },
{ "type": "Feature", "properties": { "count": 17, "label": 1, "cluster_id": 58 }, "geometry": { "type": "Polygon", "coordinates": [ [ [ 110.280238550478458, -1.961201928289739 ], [ 110.280238550478458, -1.961381591346563 ], [ 110.280058887421646, -1.961381591346563 ], [ 110.280058887421646, -1.961201928289739 ], [ 110.279699561307993, -1.961201928289739 ], [ 110.279699561307993, -1.961740917460211 ], [ 110.280238550478458, -1.961740917460211 ], [ 110.280238550478458, -1.961920580517035 ], [ 110.280418213535285, -1.961920580517035 ], [ 110.280418213535285, -1.961740917460211 ], [ 110.280597876592111, -1.961740917460211 ], [ 110.280597876592111, -1.961920580517035 ], [ 110.280957202705764, -1.961920580517035 ], [ 110.280957202705764, -1.961740917460211 ], [ 110.280777539648938, -1.961740917460211 ], [ 110.280777539648938, -1.961561254403387 ], [ 110.280597876592111, -1.961561254403387 ], [ 110.280597876592111, -1.961381591346563 ], [ 110.280418213535285, -1.961381591346563 ], [ 110.280418213535285, -1.961201928289739 ], [ 110.280238550478458, -1.961201928289739 ] ] ] } },
{ "type": "Feature", "properties": { "count": 1, "label": 1, "cluster_id": 58 }, "geometry": { "type": "Polygon", "coordinates": [ [ [ 110.280418213535285, -1.922933697186248 ], [ 110.280597876592111, -1.922933697186248 ], [ 110.280597876592111, -1.922754034129424 ], [ 110.280418213535285, -1.922754034129424 ], [ 110.280418213535285, -1.922933697186248 ] ] ] } },
{ "type": "Feature", "properties": { "count": 2, "label": 1, "cluster_id": 58 }, "geometry": { "type": "Polygon", "coordinates": [ [ [ 110.280418213535285, -1.929581230288732 ], [ 110.280597876592111, -1.929581230288732 ], [ 110.280597876592111, -1.929221904175084 ], [ 110.280418213535285, -1.929221904175084 ], [ 110.280418213535285, -1.929581230288732 ] ] ] } },
{ "type": "Feature", "properties": { "count": 1, "label": 1, "cluster_id": 58 }, "geometry": { "type": "Polygon", "coordinates": [ [ [ 110.280418213535285, -1.937486404788984 ], [ 110.280597876592111, -1.937486404788984 ], [ 110.280597876592111, -1.93730674173216 ], [ 110.280418213535285, -1.93730674173216 ], [ 110.280418213535285, -1.937486404788984 ] ] ] } },
{ "type": "Feature", "properties": { "count": 2, "label": 1, "cluster_id": 58 }, "geometry": { "type": "Polygon", "coordinates": [ [ [ 110.280418213535285, -1.938923709243575 ], [ 110.280597876592111, -1.938923709243575 ], [ 110.280597876592111, -1.938564383129927 ], [ 110.280418213535285, -1.938564383129927 ], [ 110.280418213535285, -1.938923709243575 ] ] ] } },
{ "type": "Feature", "properties": { "count": 1, "label": 1, "cluster_id": 58 }, "geometry": { "type": "Polygon", "coordinates": [ [ [ 110.280418213535285, -1.941977981209582 ], [ 110.280597876592111, -1.941977981209582 ], [ 110.280597876592111, -1.941798318152758 ], [ 110.280418213535285, -1.941798318152758 ], [ 110.280418213535285, -1.941977981209582 ] ] ] } },
{ "type": "Feature", "properties": { "count": 4, "label": 1, "cluster_id": 58 }, "geometry": { "type": "Polygon", "coordinates": [ [ [ 110.280418213535285, -1.956530688812318 ], [ 110.280597876592111, -1.956530688812318 ], [ 110.280597876592111, -1.955812036585022 ], [ 110.280418213535285, -1.955812036585022 ], [ 110.280418213535285, -1.956530688812318 ] ] ] } },
{ "type": "Feature", "properties": { "count": 1, "label": 1, "cluster_id": 58 }, "geometry": { "type": "Polygon", "coordinates": [ [ [ 110.280418213535285, -1.959584960778324 ], [ 110.280597876592111, -1.959584960778324 ], [ 110.280597876592111, -1.9594052977215 ], [ 110.280418213535285, -1.9594052977215 ], [ 110.280418213535285, -1.959584960778324 ] ] ] } },
{ "type": "Feature", "properties": { "count": 2, "label": 1, "cluster_id": 58 }, "geometry": { "type": "Polygon", "coordinates": [ [ [ 110.280418213535285, -1.965334178596689 ], [ 110.280597876592111, -1.965334178596689 ], [ 110.280597876592111, -1.964974852483041 ], [ 110.280418213535285, -1.964974852483041 ], [ 110.280418213535285, -1.965334178596689 ] ] ] } },
{ "type": "Feature", "properties": { "count": 2, "label": 1, "cluster_id": 58 }, "geometry": { "type": "Polygon", "coordinates": [ [ [ 110.280597876592111, -1.909279304867631 ], [ 110.280777539648938, -1.909279304867631 ], [ 110.280777539648938, -1.908919978753983 ], [ 110.280597876592111, -1.908919978753983 ], [ 110.280597876592111, -1.909279304867631 ] ] ] } },
{ "type": "Feature", "properties": { "count": 1, "label": 1, "cluster_id": 58 }, "geometry": { "type": "Polygon", "coordinates": [ [ [ 110.280597876592111, -1.916465827140587 ], [ 110.280777539648938, -1.916465827140587 ], [ 110.280777539648938, -1.916286164083763 ], [ 110.280597876592111, -1.916286164083763 ], [ 110.280597876592111, -1.916465827140587 ] ] ] } },
{ "type": "Feature", "properties": { "count": 3, "label": 1, "cluster_id": 58 }, "geometry": { "type": "Polygon", "coordinates": [ [ [ 110.280418213535285, -1.917723468538354 ], [ 110.280418213535285, -1.918082794652002 ], [ 110.280597876592111, -1.918082794652002 ], [ 110.280597876592111, -1.917903131595178 ], [ 110.280777539648938, -1.917903131595178 ], [ 110.280777539648938, -1.917723468538354 ], [ 110.280418213535285, -1.917723468538354 ] ] ] } },
{ "type": "Feature", "properties": { "count": 83, "label": 1, "cluster_id": 58 }, "geometry": { "type": "Polygon", "coordinates": [ [ [ 110.280597876592111, -1.930479545572852 ], [ 110.280597876592111, -1.930659208629676 ], [ 110.280418213535285, -1.930659208629676 ], [ 110.280418213535285, -1.930838871686499 ], [ 110.280238550478458, -1.930838871686499 ], [ 110.280238550478458, -1.931198197800147 ], [ 110.280418213535285, -1.931198197800147 ], [ 110.280418213535285, -1.931557523913795 ], [ 110.280238550478458, -1.931557523913795 ], [ 110.280238550478458, -1.932276176141091 ], [ 110.280418213535285, -1.932276176141091 ], [ 110.280418213535285, -1.932635502254739 ], [ 110.280597876592111, -1.932635502254739 ], [ 110.280597876592111, -1.932815165311562 ], [ 110.280777539648938, -1.932815165311562 ], [ 110.280777539648938, -1.932635502254739 ], [ 110.281136865762576, -1.932635502254739 ], [ 110.281136865762576, -1.932455839197915 ], [ 110.281316528819403, -1.932455839197915 ], [ 110.281316528819403, -1.932635502254739 ], [ 110.281496191876229, -1.932635502254739 ], [ 110.281496191876229, -1.932455839197915 ], [ 110.281675854933056, -1.932455839197915 ], [ 110.281675854933056, -1.932276176141091 ], [ 110.282214844103521, -1.932276176141091 ], [ 110.282214844103521, -1.931916850027443 ], [ 110.282035181046709, -1.931916850027443 ], [ 110.282035181046709, -1.931557523913795 ], [ 110.281855517989882, -1.931557523913795 ], [ 110.281855517989882, -1.931916850027443 ], [ 110.281316528819403, -1.931916850027443 ], [ 110.281316528819403, -1.931737186970619 ], [ 110.281675854933056, -1.931737186970619 ], [ 110.281675854933056, -1.931557523913795 ], [ 110.281496191876229, -1.931557523913795 ], [ 110.281496191876229, -1.930838871686499 ], [ 110.281316528819403, -1.930838871686499 ], [ 110.281316528819403, -1.930659208629676 ], [ 110.280777539648938, -1.930659208629676 ], [ 110.280777539648938, -1.930479545572852 ], [ 110.280597876592111, -1.930479545572852 ] ] ] } },
{ "type": "Feature", "properties": { "count": 3, "label": 1, "cluster_id": 58 }, "geometry": { "type": "Polygon", "coordinates": [ [ [ 110.280597876592111, -1.936049100334393 ], [ 110.280777539648938, -1.936049100334393 ], [ 110.280777539648938, -1.935510111163921 ], [ 110.280597876592111, -1.935510111163921 ], [ 110.280597876592111, -1.936049100334393 ] ] ] } },
{ "type": "Feature", "properties": { "count": 2, "label": 1, "cluster_id": 58 }, "geometry": { "type": "Polygon", "coordinates": [ [ [ 110.280597876592111, -1.940181350641343 ], [ 110.280777539648938, -1.940181350641343 ], [ 110.280777539648938, -1.939822024527695 ], [ 110.280597876592111, -1.939822024527695 ], [ 110.280597876592111, -1.940181350641343 ] ] ] } },
{ "type": "Feature", "properties": { "count": 1, "label": 1, "cluster_id": 58 }, "geometry": { "type": "Polygon", "coordinates": [ [ [ 110.280597876592111, -1.942696633436877 ], [ 110.280777539648938, -1.942696633436877 ], [ 110.280777539648938, -1.942516970380053 ], [ 110.280597876592111, -1.942516970380053 ], [ 110.280597876592111, -1.942696633436877 ] ] ] } },
{ "type": "Feature", "properties": { "count": 3, "label": 1, "cluster_id": 58 }, "geometry": { "type": "Polygon", "coordinates": [ [ [ 110.280418213535285, -1.957249341039613 ], [ 110.280418213535285, -1.957608667153261 ], [ 110.280597876592111, -1.957608667153261 ], [ 110.280597876592111, -1.957429004096437 ], [ 110.280777539648938, -1.957429004096437 ], [ 110.280777539648938, -1.957249341039613 ], [ 110.280418213535285, -1.957249341039613 ] ] ] } },
{ "type": "Feature", "properties": { "count": 1, "label": 1, "cluster_id": 58 }, "geometry": { "type": "Polygon", "coordinates": [ [ [ 110.280597876592111, -1.958866308551029 ], [ 110.280777539648938, -1.958866308551029 ], [ 110.280777539648938, -1.958686645494205 ], [ 110.280597876592111, -1.958686645494205 ], [ 110.280597876592111, -1.958866308551029 ] ] ] } },
{ "type": "Feature", "properties": { "count": 1, "label": 1, "cluster_id": 58 }, "geometry": { "type": "Polygon", "coordinates": [ [ [ 110.280597876592111, -1.96030361300562 ], [ 110.280777539648938, -1.96030361300562 ], [ 110.280777539648938, -1.960123949948796 ], [ 110.280597876592111, -1.960123949948796 ], [ 110.280597876592111, -1.96030361300562 ] ] ] } },
{ "type": "Feature", "properties": { "count": 1, "label": 1, "cluster_id": 58 }, "geometry": { "type": "Polygon", "coordinates": [ [ [ 110.280597876592111, -1.960662939119268 ], [ 110.280777539648938, -1.960662939119268 ], [ 110.280777539648938, -1.960483276062444 ], [ 110.280597876592111, -1.960483276062444 ], [ 110.280597876592111, -1.960662939119268 ] ] ] } },
{ "type": "Feature", "properties": { "count": 1, "label": 1, "cluster_id": 58 }, "geometry": { "type": "Polygon", "coordinates": [ [ [ 110.280597876592111, -1.962818895801155 ], [ 110.280777539648938, -1.962818895801155 ], [ 110.280777539648938, -1.96263923274433 ], [ 110.280597876592111, -1.96263923274433 ], [ 110.280597876592111, -1.962818895801155 ] ] ] } },
{ "type": "Feature", "properties": { "count": 1, "label": 1, "cluster_id": 58 }, "geometry": { "type": "Polygon", "coordinates": [ [ [ 110.280777539648938, -1.910536946265398 ], [ 110.280957202705764, -1.910536946265398 ], [ 110.280957202705764, -1.910357283208574 ], [ 110.280777539648938, -1.910357283208574 ], [ 110.280777539648938, -1.910536946265398 ] ] ] } },
{ "type": "Feature", "properties": { "count": 1, "label": 1, "cluster_id": 58 }, "geometry": { "type": "Polygon", "coordinates": [ [ [ 110.280777539648938, -1.91844212076565 ], [ 110.280957202705764, -1.91844212076565 ], [ 110.280957202705764, -1.918262457708826 ], [ 110.280777539648938, -1.918262457708826 ], [ 110.280777539648938, -1.91844212076565 ] ] ] } },
{ "type": "Feature", "properties": { "count": 1, "label": 1, "cluster_id": 58 }, "geometry": { "type": "Polygon", "coordinates": [ [ [ 110.280777539648938, -1.919699762163417 ], [ 110.280957202705764, -1.919699762163417 ], [ 110.280957202705764, -1.919520099106593 ], [ 110.280777539648938, -1.919520099106593 ], [ 110.280777539648938, -1.919699762163417 ] ] ] } },
{ "type": "Feature", "properties": { "count": 1, "label": 1, "cluster_id": 58 }, "geometry": { "type": "Polygon", "coordinates": [ [ [ 110.280777539648938, -1.922754034129424 ], [ 110.280957202705764, -1.922754034129424 ], [ 110.280957202705764, -1.9225743710726 ], [ 110.280777539648938, -1.9225743710726 ], [ 110.280777539648938, -1.922754034129424 ] ] ] } },
{ "type": "Feature", "properties": { "count": 1, "label": 1, "cluster_id": 58 }, "geometry": { "type": "Polygon", "coordinates": [ [ [ 110.280777539648938, -1.937486404788984 ], [ 110.280957202705764, -1.937486404788984 ], [ 110.280957202705764, -1.93730674173216 ], [ 110.280777539648938, -1.93730674173216 ], [ 110.280777539648938, -1.937486404788984 ] ] ] } },
{ "type": "Feature", "properties": { "count": 1, "label": 1, "cluster_id": 58 }, "geometry": { "type": "Polygon", "coordinates": [ [ [ 110.280777539648938, -1.939283035357223 ], [ 110.280957202705764, -1.939283035357223 ], [ 110.280957202705764, -1.939103372300399 ], [ 110.280777539648938, -1.939103372300399 ], [ 110.280777539648938, -1.939283035357223 ] ] ] } },
{ "type": "Feature", "properties": { "count": 1, "label": 1, "cluster_id": 58 }, "geometry": { "type": "Polygon", "coordinates": [ [ [ 110.280777539648938, -1.940361013698166 ], [ 110.280957202705764, -1.940361013698166 ], [ 110.280957202705764, -1.940181350641343 ], [ 110.280777539648938, -1.940181350641343 ], [ 110.280777539648938, -1.940361013698166 ] ] ] } },
{ "type": "Feature", "properties": { "count": 3, "label": 1, "cluster_id": 58 }, "geometry": { "type": "Polygon", "coordinates": [ [ [ 110.280777539648938, -1.94143899203911 ], [ 110.280777539648938, -1.941618655095934 ], [ 110.280597876592111, -1.941618655095934 ], [ 110.280597876592111, -1.941798318152758 ], [ 110.280957202705764, -1.941798318152758 ], [ 110.280957202705764, -1.94143899203911 ], [ 110.280777539648938, -1.94143899203911 ] ] ] } },
{ "type": "Feature", "properties": { "count": 1, "label": 1, "cluster_id": 58 }, "geometry": { "type": "Polygon", "coordinates": [ [ [ 110.280777539648938, -1.943594948720997 ], [ 110.280957202705764, -1.943594948720997 ], [ 110.280957202705764, -1.943415285664173 ], [ 110.280777539648938, -1.943415285664173 ], [ 110.280777539648938, -1.943594948720997 ] ] ] } },
{ "type": "Feature", "properties": { "count": 2, "label": 1, "cluster_id": 58 }, "geometry": { "type": "Polygon", "coordinates": [ [ [ 110.280597876592111, -1.946828883743827 ], [ 110.280957202705764, -1.946828883743827 ], [ 110.280957202705764, -1.946649220687003 ], [ 110.280597876592111, -1.946649220687003 ], [ 110.280597876592111, -1.946828883743827 ] ] ] } },
{ "type": "Feature", "properties": { "count": 2, "label": 1, "cluster_id": 58 }, "geometry": { "type": "Polygon", "coordinates": [ [ [ 110.280777539648938, -1.95203911239172 ], [ 110.280957202705764, -1.95203911239172 ], [ 110.280957202705764, -1.951679786278072 ], [ 110.280777539648938, -1.951679786278072 ], [ 110.280777539648938, -1.95203911239172 ] ] ] } },
{ "type": "Feature", "properties": { "count": 1, "label": 1, "cluster_id": 58 }, "geometry": { "type": "Polygon", "coordinates": [ [ [ 110.280777539648938, -1.953656079903135 ], [ 110.280957202705764, -1.953656079903135 ], [ 110.280957202705764, -1.953476416846311 ], [ 110.280777539648938, -1.953476416846311 ], [ 110.280777539648938, -1.953656079903135 ] ] ] } },
{ "type": "Feature", "properties": { "count": 1, "label": 1, "cluster_id": 58 }, "geometry": { "type": "Polygon", "coordinates": [ [ [ 110.280777539648938, -1.954554395187255 ], [ 110.280957202705764, -1.954554395187255 ], [ 110.280957202705764, -1.954374732130431 ], [ 110.280777539648938, -1.954374732130431 ], [ 110.280777539648938, -1.954554395187255 ] ] ] } },
{ "type": "Feature", "properties": { "count": 1, "label": 1, "cluster_id": 58 }, "geometry": { "type": "Polygon", "coordinates": [ [ [ 110.280777539648938, -1.955452710471374 ], [ 110.280957202705764, -1.955452710471374 ], [ 110.280957202705764, -1.955273047414551 ], [ 110.280777539648938, -1.955273047414551 ], [ 110.280777539648938, -1.955452710471374 ] ] ] } },
{ "type": "Feature", "properties": { "count": 1, "label": 1, "cluster_id": 58 }, "geometry": { "type": "Polygon", "coordinates": [ [ [ 110.280777539648938, -1.959944286891972 ], [ 110.280957202705764, -1.959944286891972 ], [ 110.280957202705764, -1.959764623835148 ], [ 110.280777539648938, -1.959764623835148 ], [ 110.280777539648938, -1.959944286891972 ] ] ] } },
{ "type": "Feature", "properties": { "count": 4, "label": 1, "cluster_id": 58 }, "geometry": { "type": "Polygon", "coordinates": [ [ [ 110.280777539648938, -1.961022265232915 ], [ 110.280777539648938, -1.961201928289739 ], [ 110.280597876592111, -1.961201928289739 ], [ 110.280597876592111, -1.961381591346563 ], [ 110.281136865762576, -1.961381591346563 ], [ 110.281136865762576, -1.961201928289739 ], [ 110.280957202705764, -1.961201928289739 ], [ 110.280957202705764, -1.961022265232915 ], [ 110.280777539648938, -1.961022265232915 ] ] ] } },
{ "type": "Feature", "properties": { "count": 1, "label": 1, "cluster_id": 58 }, "geometry": { "type": "Polygon", "coordinates": [ [ [ 110.280957202705764, -1.909099641810807 ], [ 110.281136865762576, -1.909099641810807 ], [ 110.281136865762576, -1.908919978753983 ], [ 110.280957202705764, -1.908919978753983 ], [ 110.280957202705764, -1.909099641810807 ] ] ] } },
{ "type": "Feature", "properties": { "count": 1, "label": 1, "cluster_id": 58 }, "geometry": { "type": "Polygon", "coordinates": [ [ [ 110.280957202705764, -1.920059088277065 ], [ 110.281136865762576, -1.920059088277065 ], [ 110.281136865762576, -1.919879425220241 ], [ 110.280957202705764, -1.919879425220241 ], [ 110.280957202705764, -1.920059088277065 ] ] ] } },
{ "type": "Feature", "properties": { "count": 1, "label": 1, "cluster_id": 58 }, "geometry": { "type": "Polygon", "coordinates": [ [ [ 110.280957202705764, -1.922215044958952 ], [ 110.281136865762576, -1.922215044958952 ], [ 110.281136865762576, -1.922035381902128 ], [ 110.280957202705764, -1.922035381902128 ], [ 110.280957202705764, -1.922215044958952 ] ] ] } },
{ "type": "Feature", "properties": { "count": 2, "label": 1, "cluster_id": 58 }, "geometry": { "type": "Polygon", "coordinates": [ [ [ 110.280957202705764, -1.934252469766154 ], [ 110.281136865762576, -1.934252469766154 ], [ 110.281136865762576, -1.933893143652506 ], [ 110.280957202705764, -1.933893143652506 ], [ 110.280957202705764, -1.934252469766154 ] ] ] } },
{ "type": "Feature", "properties": { "count": 1, "label": 1, "cluster_id": 58 }, "geometry": { "type": "Polygon", "coordinates": [ [ [ 110.280957202705764, -1.939642361470871 ], [ 110.281136865762576, -1.939642361470871 ], [ 110.281136865762576, -1.939462698414047 ], [ 110.280957202705764, -1.939462698414047 ], [ 110.280957202705764, -1.939642361470871 ] ] ] } },
{ "type": "Feature", "properties": { "count": 1, "label": 1, "cluster_id": 58 }, "geometry": { "type": "Polygon", "coordinates": [ [ [ 110.280957202705764, -1.942876296493701 ], [ 110.281136865762576, -1.942876296493701 ], [ 110.281136865762576, -1.942696633436877 ], [ 110.280957202705764, -1.942696633436877 ], [ 110.280957202705764, -1.942876296493701 ] ] ] } },
{ "type": "Feature", "properties": { "count": 1, "label": 1, "cluster_id": 58 }, "geometry": { "type": "Polygon", "coordinates": [ [ [ 110.280957202705764, -1.948086525141594 ], [ 110.281136865762576, -1.948086525141594 ], [ 110.281136865762576, -1.94790686208477 ], [ 110.280957202705764, -1.94790686208477 ], [ 110.280957202705764, -1.948086525141594 ] ] ] } },
{ "type": "Feature", "properties": { "count": 1, "label": 1, "cluster_id": 58 }, "geometry": { "type": "Polygon", "coordinates": [ [ [ 110.280957202705764, -1.94880517736889 ], [ 110.281136865762576, -1.94880517736889 ], [ 110.281136865762576, -1.948625514312066 ], [ 110.280957202705764, -1.948625514312066 ], [ 110.280957202705764, -1.94880517736889 ] ] ] } },
{ "type": "Feature", "properties": { "count": 1, "label": 1, "cluster_id": 58 }, "geometry": { "type": "Polygon", "coordinates": [ [ [ 110.280957202705764, -1.952757764619016 ], [ 110.281136865762576, -1.952757764619016 ], [ 110.281136865762576, -1.952578101562192 ], [ 110.280957202705764, -1.952578101562192 ], [ 110.280957202705764, -1.952757764619016 ] ] ] } },
{ "type": "Feature", "properties": { "count": 1, "label": 1, "cluster_id": 58 }, "geometry": { "type": "Polygon", "coordinates": [ [ [ 110.280957202705764, -1.955273047414551 ], [ 110.281136865762576, -1.955273047414551 ], [ 110.281136865762576, -1.955093384357727 ], [ 110.280957202705764, -1.955093384357727 ], [ 110.280957202705764, -1.955273047414551 ] ] ] } },
{ "type": "Feature", "properties": { "count": 1, "label": 1, "cluster_id": 58 }, "geometry": { "type": "Polygon", "coordinates": [ [ [ 110.280957202705764, -1.959584960778324 ], [ 110.281136865762576, -1.959584960778324 ], [ 110.281136865762576, -1.9594052977215 ], [ 110.280957202705764, -1.9594052977215 ], [ 110.280957202705764, -1.959584960778324 ] ] ] } },
{ "type": "Feature", "properties": { "count": 1, "label": 1, "cluster_id": 58 }, "geometry": { "type": "Polygon", "coordinates": [ [ [ 110.280957202705764, -1.963896874142098 ], [ 110.281136865762576, -1.963896874142098 ], [ 110.281136865762576, -1.963717211085274 ], [ 110.280957202705764, -1.963717211085274 ], [ 110.280957202705764, -1.963896874142098 ] ] ] } },
{ "type": "Feature", "properties": { "count": 1, "label": 1, "cluster_id": 58 }, "geometry": { "type": "Polygon", "coordinates": [ [ [ 110.280957202705764, -1.964615526369393 ], [ 110.281136865762576, -1.964615526369393 ], [ 110.281136865762576, -1.96443586331257 ], [ 110.280957202705764, -1.96443586331257 ], [ 110.280957202705764, -1.964615526369393 ] ] ] } },
{ "type": "Feature", "properties": { "count": 1, "label": 1, "cluster_id": 58 }, "geometry": { "type": "Polygon", "coordinates": [ [ [ 110.280957202705764, -1.965334178596689 ], [ 110.281136865762576, -1.965334178596689 ], [ 110.281136865762576, -1.965154515539865 ], [ 110.280957202705764, -1.965154515539865 ], [ 110.280957202705764, -1.965334178596689 ] ] ] } },
{ "type": "Feature", "properties": { "count": 3, "label": 1, "cluster_id": 58 }, "geometry": { "type": "Polygon", "coordinates": [ [ [ 110.281136865762576, -1.909997957094927 ], [ 110.281316528819403, -1.909997957094927 ], [ 110.281316528819403, -1.909458967924455 ], [ 110.281136865762576, -1.909458967924455 ], [ 110.281136865762576, -1.909997957094927 ] ] ] } },
{ "type": "Feature", "properties": { "count": 1, "label": 1, "cluster_id": 58 }, "geometry": { "type": "Polygon", "coordinates": [ [ [ 110.281136865762576, -1.935510111163921 ], [ 110.281316528819403, -1.935510111163921 ], [ 110.281316528819403, -1.935330448107097 ], [ 110.281136865762576, -1.935330448107097 ], [ 110.281136865762576, -1.935510111163921 ] ] ] } },
{ "type": "Feature", "properties": { "count": 1, "label": 1, "cluster_id": 58 }, "geometry": { "type": "Polygon", "coordinates": [ [ [ 110.281136865762576, -1.936049100334393 ], [ 110.281316528819403, -1.936049100334393 ], [ 110.281316528819403, -1.935869437277569 ], [ 110.281136865762576, -1.935869437277569 ], [ 110.281136865762576, -1.936049100334393 ] ] ] } },
{ "type": "Feature", "properties": { "count": 1, "label": 1, "cluster_id": 58 }, "geometry": { "type": "Polygon", "coordinates": [ [ [ 110.281136865762576, -1.944313600948292 ], [ 110.281316528819403, -1.944313600948292 ], [ 110.281316528819403, -1.944133937891468 ], [ 110.281136865762576, -1.944133937891468 ], [ 110.281136865762576, -1.944313600948292 ] ] ] } },
{ "type": "Feature", "properties": { "count": 2, "label": 1, "cluster_id": 58 }, "geometry": { "type": "Polygon", "coordinates": [ [ [ 110.280957202705764, -1.946110231516531 ], [ 110.281316528819403, -1.946110231516531 ], [ 110.281316528819403, -1.945930568459707 ], [ 110.280957202705764, -1.945930568459707 ], [ 110.280957202705764, -1.946110231516531 ] ] ] } },
{ "type": "Feature", "properties": { "count": 1, "label": 1, "cluster_id": 58 }, "geometry": { "type": "Polygon", "coordinates": [ [ [ 110.281136865762576, -1.94790686208477 ], [ 110.281316528819403, -1.94790686208477 ], [ 110.281316528819403, -1.947727199027947 ], [ 110.281136865762576, -1.947727199027947 ], [ 110.281136865762576, -1.94790686208477 ] ] ] } },
{ "type": "Feature", "properties": { "count": 1, "label": 1, "cluster_id": 58 }, "geometry": { "type": "Polygon", "coordinates": [ [ [ 110.281136865762576, -1.951679786278072 ], [ 110.281316528819403, -1.951679786278072 ], [ 110.281316528819403, -1.951500123221249 ], [ 110.281136865762576, -1.951500123221249 ], [ 110.281136865762576, -1.951679786278072 ] ] ] } },
{ "type": "Feature", "properties": { "count": 1, "label": 1, "cluster_id": 58 }, "geometry": { "type": "Polygon", "coordinates": [ [ [ 110.281136865762576, -1.955632373528198 ], [ 110.281316528819403, -1.955632373528198 ], [ 110.281316528819403, -1.955452710471374 ], [ 110.281136865762576, -1.955452710471374 ], [ 110.281136865762576, -1.955632373528198 ] ] ] } },
{ "type": "Feature", "properties": { "count": 1, "label": 1, "cluster_id": 58 }, "geometry": { "type": "Polygon", "coordinates": [ [ [ 110.281136865762576, -1.958147656323733 ], [ 110.281316528819403, -1.958147656323733 ], [ 110.281316528819403, -1.957967993266909 ], [ 110.281136865762576, -1.957967993266909 ], [ 110.281136865762576, -1.958147656323733 ] ] ] } },
{ "type": "Feature", "properties": { "count": 1, "label": 1, "cluster_id": 58 }, "geometry": { "type": "Polygon", "coordinates": [ [ [ 110.281136865762576, -1.958506982437381 ], [ 110.281316528819403, -1.958506982437381 ], [ 110.281316528819403, -1.958327319380557 ], [ 110.281136865762576, -1.958327319380557 ], [ 110.281136865762576, -1.958506982437381 ] ] ] } },
{ "type": "Feature", "properties": { "count": 1, "label": 1, "cluster_id": 58 }, "geometry": { "type": "Polygon", "coordinates": [ [ [ 110.281136865762576, -1.964974852483041 ], [ 110.281316528819403, -1.964974852483041 ], [ 110.281316528819403, -1.964795189426217 ], [ 110.281136865762576, -1.964795189426217 ], [ 110.281136865762576, -1.964974852483041 ] ] ] } },
{ "type": "Feature", "properties": { "count": 1, "label": 1, "cluster_id": 58 }, "geometry": { "type": "Polygon", "coordinates": [ [ [ 110.281316528819403, -1.910536946265398 ], [ 110.281496191876229, -1.910536946265398 ], [ 110.281496191876229, -1.910357283208574 ], [ 110.281316528819403, -1.910357283208574 ], [ 110.281316528819403, -1.910536946265398 ] ] ] } },
{ "type": "Feature", "properties": { "count": 1, "label": 1, "cluster_id": 58 }, "geometry": { "type": "Polygon", "coordinates": [ [ [ 110.281316528819403, -1.920418414390713 ], [ 110.281496191876229, -1.920418414390713 ], [ 110.281496191876229, -1.920238751333889 ], [ 110.281316528819403, -1.920238751333889 ], [ 110.281316528819403, -1.920418414390713 ] ] ] } },
{ "type": "Feature", "properties": { "count": 7, "label": 1, "cluster_id": 58 }, "geometry": { "type": "Polygon", "coordinates": [ [ [ 110.281316528819403, -1.929760893345556 ], [ 110.281316528819403, -1.930479545572852 ], [ 110.281675854933056, -1.930479545572852 ], [ 110.281675854933056, -1.92994055640238 ], [ 110.281496191876229, -1.92994055640238 ], [ 110.281496191876229, -1.929760893345556 ], [ 110.281316528819403, -1.929760893345556 ] ] ] } },
{ "type": "Feature", "properties": { "count": 1, "label": 1, "cluster_id": 58 }, "geometry": { "type": "Polygon", "coordinates": [ [ [ 110.281316528819403, -1.932994828368386 ], [ 110.281496191876229, -1.932994828368386 ], [ 110.281496191876229, -1.932815165311562 ], [ 110.281316528819403, -1.932815165311562 ], [ 110.281316528819403, -1.932994828368386 ] ] ] } },
{ "type": "Feature", "properties": { "count": 7, "label": 1, "cluster_id": 58 }, "geometry": { "type": "Polygon", "coordinates": [ [ [ 110.281316528819403, -1.93317449142521 ], [ 110.281316528819403, -1.933354154482034 ], [ 110.281136865762576, -1.933354154482034 ], [ 110.281136865762576, -1.933893143652506 ], [ 110.281496191876229, -1.933893143652506 ], [ 110.281496191876229, -1.93317449142521 ], [ 110.281316528819403, -1.93317449142521 ] ] ] } },
{ "type": "Feature", "properties": { "count": 2, "label": 1, "cluster_id": 58 }, "geometry": { "type": "Polygon", "coordinates": [ [ [ 110.281316528819403, -1.934432132822978 ], [ 110.281496191876229, -1.934432132822978 ], [ 110.281496191876229, -1.93407280670933 ], [ 110.281316528819403, -1.93407280670933 ], [ 110.281316528819403, -1.934432132822978 ] ] ] } },
{ "type": "Feature", "properties": { "count": 3, "label": 1, "cluster_id": 58 }, "geometry": { "type": "Polygon", "coordinates": [ [ [ 110.280957202705764, -1.934791458936625 ], [ 110.281496191876229, -1.934791458936625 ], [ 110.281496191876229, -1.934611795879801 ], [ 110.280957202705764, -1.934611795879801 ], [ 110.280957202705764, -1.934791458936625 ] ] ] } },
{ "type": "Feature", "properties": { "count": 8, "label": 1, "cluster_id": 58 }, "geometry": { "type": "Polygon", "coordinates": [ [ [ 110.281316528819403, -1.940720339811814 ], [ 110.281316528819403, -1.940900002868638 ], [ 110.280957202705764, -1.940900002868638 ], [ 110.280957202705764, -1.941259328982286 ], [ 110.281675854933056, -1.941259328982286 ], [ 110.281675854933056, -1.941079665925462 ], [ 110.281496191876229, -1.941079665925462 ], [ 110.281496191876229, -1.940720339811814 ], [ 110.281316528819403, -1.940720339811814 ] ] ] } },
{ "type": "Feature", "properties": { "count": 1, "label": 1, "cluster_id": 58 }, "geometry": { "type": "Polygon", "coordinates": [ [ [ 110.281316528819403, -1.949703492653009 ], [ 110.281496191876229, -1.949703492653009 ], [ 110.281496191876229, -1.949523829596185 ], [ 110.281316528819403, -1.949523829596185 ], [ 110.281316528819403, -1.949703492653009 ] ] ] } },
{ "type": "Feature", "properties": { "count": 1, "label": 1, "cluster_id": 58 }, "geometry": { "type": "Polygon", "coordinates": [ [ [ 110.281316528819403, -1.950062818766657 ], [ 110.281496191876229, -1.950062818766657 ], [ 110.281496191876229, -1.949883155709833 ], [ 110.281316528819403, -1.949883155709833 ], [ 110.281316528819403, -1.950062818766657 ] ] ] } },
{ "type": "Feature", "properties": { "count": 2, "label": 1, "cluster_id": 58 }, "geometry": { "type": "Polygon", "coordinates": [ [ [ 110.281316528819403, -1.950601807937129 ], [ 110.281496191876229, -1.950601807937129 ], [ 110.281496191876229, -1.950242481823481 ], [ 110.281316528819403, -1.950242481823481 ], [ 110.281316528819403, -1.950601807937129 ] ] ] } },
{ "type": "Feature", "properties": { "count": 1, "label": 1, "cluster_id": 58 }, "geometry": { "type": "Polygon", "coordinates": [ [ [ 110.281316528819403, -1.951140797107601 ], [ 110.281496191876229, -1.951140797107601 ], [ 110.281496191876229, -1.950961134050777 ], [ 110.281316528819403, -1.950961134050777 ], [ 110.281316528819403, -1.951140797107601 ] ] ] } },
{ "type": "Feature", "properties": { "count": 1, "label": 1, "cluster_id": 58 }, "geometry": { "type": "Polygon", "coordinates": [ [ [ 110.281316528819403, -1.956710351869142 ], [ 110.281496191876229, -1.956710351869142 ], [ 110.281496191876229, -1.956530688812318 ], [ 110.281316528819403, -1.956530688812318 ], [ 110.281316528819403, -1.956710351869142 ] ] ] } },
{ "type": "Feature", "properties": { "count": 1, "label": 1, "cluster_id": 58 }, "geometry": { "type": "Polygon", "coordinates": [ [ [ 110.281316528819403, -1.957069677982789 ], [ 110.281496191876229, -1.957069677982789 ], [ 110.281496191876229, -1.956890014925966 ], [ 110.281316528819403, -1.956890014925966 ], [ 110.281316528819403, -1.957069677982789 ] ] ] } },
{ "type": "Feature", "properties": { "count": 1, "label": 1, "cluster_id": 58 }, "geometry": { "type": "Polygon", "coordinates": [ [ [ 110.281316528819403, -1.959764623835148 ], [ 110.281496191876229, -1.959764623835148 ], [ 110.281496191876229, -1.959584960778324 ], [ 110.281316528819403, -1.959584960778324 ], [ 110.281316528819403, -1.959764623835148 ] ] ] } },
{ "type": "Feature", "properties": { "count": 3, "label": 1, "cluster_id": 58 }, "geometry": { "type": "Polygon", "coordinates": [ [ [ 110.281316528819403, -1.961201928289739 ], [ 110.281316528819403, -1.961381591346563 ], [ 110.281136865762576, -1.961381591346563 ], [ 110.281136865762576, -1.961561254403387 ], [ 110.281496191876229, -1.961561254403387 ], [ 110.281496191876229, -1.961201928289739 ], [ 110.281316528819403, -1.961201928289739 ] ] ] } },
{ "type": "Feature", "properties": { "count": 1, "label": 1, "cluster_id": 58 }, "geometry": { "type": "Polygon", "coordinates": [ [ [ 110.281316528819403, -1.961920580517035 ], [ 110.281496191876229, -1.961920580517035 ], [ 110.281496191876229, -1.961740917460211 ], [ 110.281316528819403, -1.961740917460211 ], [ 110.281316528819403, -1.961920580517035 ] ] ] } },
{ "type": "Feature", "properties": { "count": 1, "label": 1, "cluster_id": 58 }, "geometry": { "type": "Polygon", "coordinates": [ [ [ 110.281496191876229, -1.910896272379046 ], [ 110.281675854933056, -1.910896272379046 ], [ 110.281675854933056, -1.910716609322222 ], [ 110.281496191876229, -1.910716609322222 ], [ 110.281496191876229, -1.910896272379046 ] ] ] } },
{ "type": "Feature", "properties": { "count": 1, "label": 1, "cluster_id": 58 }, "geometry": { "type": "Polygon", "coordinates": [ [ [ 110.281496191876229, -1.938025393959456 ], [ 110.281675854933056, -1.938025393959456 ], [ 110.281675854933056, -1.937845730902632 ], [ 110.281496191876229, -1.937845730902632 ], [ 110.281496191876229, -1.938025393959456 ] ] ] } },
{ "type": "Feature", "properties": { "count": 4, "label": 1, "cluster_id": 58 }, "geometry": { "type": "Polygon", "coordinates": [ [ [ 110.281316528819403, -1.938923709243575 ], [ 110.281316528819403, -1.939462698414047 ], [ 110.281496191876229, -1.939462698414047 ], [ 110.281496191876229, -1.939103372300399 ], [ 110.281675854933056, -1.939103372300399 ], [ 110.281675854933056, -1.938923709243575 ], [ 110.281316528819403, -1.938923709243575 ] ] ] } },
{ "type": "Feature", "properties": { "count": 1, "label": 1, "cluster_id": 58 }, "geometry": { "type": "Polygon", "coordinates": [ [ [ 110.281496191876229, -1.952218775448544 ], [ 110.281675854933056, -1.952218775448544 ], [ 110.281675854933056, -1.95203911239172 ], [ 110.281496191876229, -1.95203911239172 ], [ 110.281496191876229, -1.952218775448544 ] ] ] } },
{ "type": "Feature", "properties": { "count": 1, "label": 1, "cluster_id": 58 }, "geometry": { "type": "Polygon", "coordinates": [ [ [ 110.281496191876229, -1.955991699641846 ], [ 110.281675854933056, -1.955991699641846 ], [ 110.281675854933056, -1.955812036585022 ], [ 110.281496191876229, -1.955812036585022 ], [ 110.281496191876229, -1.955991699641846 ] ] ] } },
{ "type": "Feature", "properties": { "count": 1, "label": 1, "cluster_id": 58 }, "geometry": { "type": "Polygon", "coordinates": [ [ [ 110.281496191876229, -1.956351025755494 ], [ 110.281675854933056, -1.956351025755494 ], [ 110.281675854933056, -1.95617136269867 ], [ 110.281496191876229, -1.95617136269867 ], [ 110.281496191876229, -1.956351025755494 ] ] ] } },
{ "type": "Feature", "properties": { "count": 1, "label": 1, "cluster_id": 58 }, "geometry": { "type": "Polygon", "coordinates": [ [ [ 110.281496191876229, -1.957788330210085 ], [ 110.281675854933056, -1.957788330210085 ], [ 110.281675854933056, -1.957608667153261 ], [ 110.281496191876229, -1.957608667153261 ], [ 110.281496191876229, -1.957788330210085 ] ] ] } },
{ "type": "Feature", "properties": { "count": 1, "label": 1, "cluster_id": 58 }, "geometry": { "type": "Polygon", "coordinates": [ [ [ 110.281496191876229, -1.958686645494205 ], [ 110.281675854933056, -1.958686645494205 ], [ 110.281675854933056, -1.958506982437381 ], [ 110.281496191876229, -1.958506982437381 ], [ 110.281496191876229, -1.958686645494205 ] ] ] } },
{ "type": "Feature", "properties": { "count": 1, "label": 1, "cluster_id": 58 }, "geometry": { "type": "Polygon", "coordinates": [ [ [ 110.281675854933056, -1.91107593543587 ], [ 110.281855517989882, -1.91107593543587 ], [ 110.281855517989882, -1.910896272379046 ], [ 110.281675854933056, -1.910896272379046 ], [ 110.281675854933056, -1.91107593543587 ] ] ] } },
{ "type": "Feature", "properties": { "count": 1, "label": 1, "cluster_id": 58 }, "geometry": { "type": "Polygon", "coordinates": [ [ [ 110.281675854933056, -1.92994055640238 ], [ 110.281855517989882, -1.92994055640238 ], [ 110.281855517989882, -1.929760893345556 ], [ 110.281675854933056, -1.929760893345556 ], [ 110.281675854933056, -1.92994055640238 ] ] ] } },
{ "type": "Feature", "properties": { "count": 1, "label": 1, "cluster_id": 58 }, "geometry": { "type": "Polygon", "coordinates": [ [ [ 110.281675854933056, -1.931198197800147 ], [ 110.281855517989882, -1.931198197800147 ], [ 110.281855517989882, -1.931018534743323 ], [ 110.281675854933056, -1.931018534743323 ], [ 110.281675854933056, -1.931198197800147 ] ] ] } },
{ "type": "Feature", "properties": { "count": 1, "label": 1, "cluster_id": 58 }, "geometry": { "type": "Polygon", "coordinates": [ [ [ 110.281675854933056, -1.934252469766154 ], [ 110.281855517989882, -1.934252469766154 ], [ 110.281855517989882, -1.93407280670933 ], [ 110.281675854933056, -1.93407280670933 ], [ 110.281675854933056, -1.934252469766154 ] ] ] } },
{ "type": "Feature", "properties": { "count": 1, "label": 1, "cluster_id": 58 }, "geometry": { "type": "Polygon", "coordinates": [ [ [ 110.281675854933056, -1.936588089504864 ], [ 110.281855517989882, -1.936588089504864 ], [ 110.281855517989882, -1.936408426448041 ], [ 110.281675854933056, -1.936408426448041 ], [ 110.281675854933056, -1.936588089504864 ] ] ] } },
{ "type": "Feature", "properties": { "count": 1, "label": 1, "cluster_id": 58 }, "geometry": { "type": "Polygon", "coordinates": [ [ [ 110.281675854933056, -1.938384720073103 ], [ 110.281855517989882, -1.938384720073103 ], [ 110.281855517989882, -1.93820505701628 ], [ 110.281675854933056, -1.93820505701628 ], [ 110.281675854933056, -1.938384720073103 ] ] ] } },
{ "type": "Feature", "properties": { "count": 3, "label": 1, "cluster_id": 58 }, "geometry": { "type": "Polygon", "coordinates": [ [ [ 110.281496191876229, -1.940361013698166 ], [ 110.281496191876229, -1.94054067675499 ], [ 110.281675854933056, -1.94054067675499 ], [ 110.281675854933056, -1.940720339811814 ], [ 110.281855517989882, -1.940720339811814 ], [ 110.281855517989882, -1.940361013698166 ], [ 110.281496191876229, -1.940361013698166 ] ] ] } },
{ "type": "Feature", "properties": { "count": 1, "label": 1, "cluster_id": 58 }, "geometry": { "type": "Polygon", "coordinates": [ [ [ 110.281675854933056, -1.942337307323229 ], [ 110.281855517989882, -1.942337307323229 ], [ 110.281855517989882, -1.942157644266405 ], [ 110.281675854933056, -1.942157644266405 ], [ 110.281675854933056, -1.942337307323229 ] ] ] } },
{ "type": "Feature", "properties": { "count": 1, "label": 1, "cluster_id": 58 }, "geometry": { "type": "Polygon", "coordinates": [ [ [ 110.281675854933056, -1.951140797107601 ], [ 110.281855517989882, -1.951140797107601 ], [ 110.281855517989882, -1.950961134050777 ], [ 110.281675854933056, -1.950961134050777 ], [ 110.281675854933056, -1.951140797107601 ] ] ] } },
{ "type": "Feature", "properties": { "count": 2, "label": 1, "cluster_id": 58 }, "geometry": { "type": "Polygon", "coordinates": [ [ [ 110.281496191876229, -1.960123949948796 ], [ 110.281855517989882, -1.960123949948796 ], [ 110.281855517989882, -1.959944286891972 ], [ 110.281496191876229, -1.959944286891972 ], [ 110.281496191876229, -1.960123949948796 ] ] ] } },
{ "type": "Feature", "properties": { "count": 1, "label": 1, "cluster_id": 58 }, "geometry": { "type": "Polygon", "coordinates": [ [ [ 110.281675854933056, -1.96443586331257 ], [ 110.281855517989882, -1.96443586331257 ], [ 110.281855517989882, -1.964256200255746 ], [ 110.281675854933056, -1.964256200255746 ], [ 110.281675854933056, -1.96443586331257 ] ] ] } },
{ "type": "Feature", "properties": { "count": 1, "label": 1, "cluster_id": 58 }, "geometry": { "type": "Polygon", "coordinates": [ [ [ 110.281675854933056, -1.966591819994457 ], [ 110.281855517989882, -1.966591819994457 ], [ 110.281855517989882, -1.966412156937632 ], [ 110.281675854933056, -1.966412156937632 ], [ 110.281675854933056, -1.966591819994457 ] ] ] } },
{ "type": "Feature", "properties": { "count": 3, "label": 1, "cluster_id": 58 }, "geometry": { "type": "Polygon", "coordinates": [ [ [ 110.281855517989882, -1.91107593543587 ], [ 110.281855517989882, -1.911435261549518 ], [ 110.282214844103521, -1.911435261549518 ], [ 110.282214844103521, -1.911255598492694 ], [ 110.282035181046709, -1.911255598492694 ], [ 110.282035181046709, -1.91107593543587 ], [ 110.281855517989882, -1.91107593543587 ] ] ] } },
{ "type": "Feature", "properties": { "count": 1, "label": 1, "cluster_id": 58 }, "geometry": { "type": "Polygon", "coordinates": [ [ [ 110.281855517989882, -1.916825153254235 ], [ 110.282035181046709, -1.916825153254235 ], [ 110.282035181046709, -1.916645490197411 ], [ 110.281855517989882, -1.916645490197411 ], [ 110.281855517989882, -1.916825153254235 ] ] ] } },
{ "type": "Feature", "properties": { "count": 1, "label": 1, "cluster_id": 58 }, "geometry": { "type": "Polygon", "coordinates": [ [ [ 110.281855517989882, -1.930838871686499 ], [ 110.282035181046709, -1.930838871686499 ], [ 110.282035181046709, -1.930659208629676 ], [ 110.281855517989882, -1.930659208629676 ], [ 110.281855517989882, -1.930838871686499 ] ] ] } },
{ "type": "Feature", "properties": { "count": 2, "label": 1, "cluster_id": 58 }, "geometry": { "type": "Polygon", "coordinates": [ [ [ 110.281675854933056, -1.93317449142521 ], [ 110.282035181046709, -1.93317449142521 ], [ 110.282035181046709, -1.932994828368386 ], [ 110.281675854933056, -1.932994828368386 ], [ 110.281675854933056, -1.93317449142521 ] ] ] } },
{ "type": "Feature", "properties": { "count": 11, "label": 1, "cluster_id": 58 }, "geometry": { "type": "Polygon", "coordinates": [ [ [ 110.281855517989882, -1.934791458936625 ], [ 110.281855517989882, -1.935330448107097 ], [ 110.282753833274, -1.935330448107097 ], [ 110.282753833274, -1.934971121993449 ], [ 110.282035181046709, -1.934971121993449 ], [ 110.282035181046709, -1.934791458936625 ], [ 110.281855517989882, -1.934791458936625 ] ] ] } },
{ "type": "Feature", "properties": { "count": 3, "label": 1, "cluster_id": 58 }, "geometry": { "type": "Polygon", "coordinates": [ [ [ 110.281675854933056, -1.94143899203911 ], [ 110.281675854933056, -1.941798318152758 ], [ 110.281855517989882, -1.941798318152758 ], [ 110.281855517989882, -1.941618655095934 ], [ 110.282035181046709, -1.941618655095934 ], [ 110.282035181046709, -1.94143899203911 ], [ 110.281675854933056, -1.94143899203911 ] ] ] } },
{ "type": "Feature", "properties": { "count": 1, "label": 1, "cluster_id": 58 }, "geometry": { "type": "Polygon", "coordinates": [ [ [ 110.281855517989882, -1.952578101562192 ], [ 110.282035181046709, -1.952578101562192 ], [ 110.282035181046709, -1.952398438505368 ], [ 110.281855517989882, -1.952398438505368 ], [ 110.281855517989882, -1.952578101562192 ] ] ] } },
{ "type": "Feature", "properties": { "count": 1, "label": 1, "cluster_id": 58 }, "geometry": { "type": "Polygon", "coordinates": [ [ [ 110.281855517989882, -1.953117090732664 ], [ 110.282035181046709, -1.953117090732664 ], [ 110.282035181046709, -1.95293742767584 ], [ 110.281855517989882, -1.95293742767584 ], [ 110.281855517989882, -1.953117090732664 ] ] ] } },
{ "type": "Feature", "properties": { "count": 7, "label": 1, "cluster_id": 58 }, "geometry": { "type": "Polygon", "coordinates": [ [ [ 110.281855517989882, -1.953296753789487 ], [ 110.281855517989882, -1.953476416846311 ], [ 110.281675854933056, -1.953476416846311 ], [ 110.281675854933056, -1.953296753789487 ], [ 110.281496191876229, -1.953296753789487 ], [ 110.281496191876229, -1.953656079903135 ], [ 110.281675854933056, -1.953656079903135 ], [ 110.281675854933056, -1.953835742959959 ], [ 110.281855517989882, -1.953835742959959 ], [ 110.281855517989882, -1.953656079903135 ], [ 110.282214844103521, -1.953656079903135 ], [ 110.282214844103521, -1.953476416846311 ], [ 110.282035181046709, -1.953476416846311 ], [ 110.282035181046709, -1.953296753789487 ], [ 110.281855517989882, -1.953296753789487 ] ] ] } },
{ "type": "Feature", "properties": { "count": 1, "label": 1, "cluster_id": 58 }, "geometry": { "type": "Polygon", "coordinates": [ [ [ 110.281855517989882, -1.955273047414551 ], [ 110.282035181046709, -1.955273047414551 ], [ 110.282035181046709, -1.955093384357727 ], [ 110.281855517989882, -1.955093384357727 ], [ 110.281855517989882, -1.955273047414551 ] ] ] } },
{ "type": "Feature", "properties": { "count": 1, "label": 1, "cluster_id": 58 }, "geometry": { "type": "Polygon", "coordinates": [ [ [ 110.281855517989882, -1.955991699641846 ], [ 110.282035181046709, -1.955991699641846 ], [ 110.282035181046709, -1.955812036585022 ], [ 110.281855517989882, -1.955812036585022 ], [ 110.281855517989882, -1.955991699641846 ] ] ] } },
{ "type": "Feature", "properties": { "count": 1, "label": 1, "cluster_id": 58 }, "geometry": { "type": "Polygon", "coordinates": [ [ [ 110.281855517989882, -1.957788330210085 ], [ 110.282035181046709, -1.957788330210085 ], [ 110.282035181046709, -1.957608667153261 ], [ 110.281855517989882, -1.957608667153261 ], [ 110.281855517989882, -1.957788330210085 ] ] ] } },
{ "type": "Feature", "properties": { "count": 3, "label": 1, "cluster_id": 58 }, "geometry": { "type": "Polygon", "coordinates": [ [ [ 110.281855517989882, -1.96030361300562 ], [ 110.281855517989882, -1.960662939119268 ], [ 110.282214844103521, -1.960662939119268 ], [ 110.282214844103521, -1.960483276062444 ], [ 110.282035181046709, -1.960483276062444 ], [ 110.282035181046709, -1.96030361300562 ], [ 110.281855517989882, -1.96030361300562 ] ] ] } },
{ "type": "Feature", "properties": { "count": 3, "label": 1, "cluster_id": 58 }, "geometry": { "type": "Polygon", "coordinates": [ [ [ 110.282035181046709, -1.908919978753983 ], [ 110.282035181046709, -1.909279304867631 ], [ 110.282394507160348, -1.909279304867631 ], [ 110.282394507160348, -1.909099641810807 ], [ 110.282214844103521, -1.909099641810807 ], [ 110.282214844103521, -1.908919978753983 ], [ 110.282035181046709, -1.908919978753983 ] ] ] } },
{ "type": "Feature", "properties": { "count": 1, "label": 1, "cluster_id": 58 }, "geometry": { "type": "Polygon", "coordinates": [ [ [ 110.282035181046709, -1.91844212076565 ], [ 110.282214844103521, -1.91844212076565 ], [ 110.282214844103521, -1.918262457708826 ], [ 110.282035181046709, -1.918262457708826 ], [ 110.282035181046709, -1.91844212076565 ] ] ] } },
{ "type": "Feature", "properties": { "count": 1, "label": 1, "cluster_id": 58 }, "geometry": { "type": "Polygon", "coordinates": [ [ [ 110.282035181046709, -1.927425273606845 ], [ 110.282214844103521, -1.927425273606845 ], [ 110.282214844103521, -1.927245610550021 ], [ 110.282035181046709, -1.927245610550021 ], [ 110.282035181046709, -1.927425273606845 ] ] ] } },
{ "type": "Feature", "properties": { "count": 1, "label": 1, "cluster_id": 58 }, "geometry": { "type": "Polygon", "coordinates": [ [ [ 110.282035181046709, -1.931198197800147 ], [ 110.282214844103521, -1.931198197800147 ], [ 110.282214844103521, -1.931018534743323 ], [ 110.282035181046709, -1.931018534743323 ], [ 110.282035181046709, -1.931198197800147 ] ] ] } },
{ "type": "Feature", "properties": { "count": 1, "label": 1, "cluster_id": 58 }, "geometry": { "type": "Polygon", "coordinates": [ [ [ 110.282035181046709, -1.934611795879801 ], [ 110.282214844103521, -1.934611795879801 ], [ 110.282214844103521, -1.934432132822978 ], [ 110.282035181046709, -1.934432132822978 ], [ 110.282035181046709, -1.934611795879801 ] ] ] } },
{ "type": "Feature", "properties": { "count": 1, "label": 1, "cluster_id": 58 }, "geometry": { "type": "Polygon", "coordinates": [ [ [ 110.282035181046709, -1.940720339811814 ], [ 110.282214844103521, -1.940720339811814 ], [ 110.282214844103521, -1.94054067675499 ], [ 110.282035181046709, -1.94054067675499 ], [ 110.282035181046709, -1.940720339811814 ] ] ] } },
{ "type": "Feature", "properties": { "count": 1, "label": 1, "cluster_id": 58 }, "geometry": { "type": "Polygon", "coordinates": [ [ [ 110.282035181046709, -1.94143899203911 ], [ 110.282214844103521, -1.94143899203911 ], [ 110.282214844103521, -1.941259328982286 ], [ 110.282035181046709, -1.941259328982286 ], [ 110.282035181046709, -1.94143899203911 ] ] ] } },
{ "type": "Feature", "properties": { "count": 1, "label": 1, "cluster_id": 58 }, "geometry": { "type": "Polygon", "coordinates": [ [ [ 110.282035181046709, -1.94880517736889 ], [ 110.282214844103521, -1.94880517736889 ], [ 110.282214844103521, -1.948625514312066 ], [ 110.282035181046709, -1.948625514312066 ], [ 110.282035181046709, -1.94880517736889 ] ] ] } },
{ "type": "Feature", "properties": { "count": 1, "label": 1, "cluster_id": 58 }, "geometry": { "type": "Polygon", "coordinates": [ [ [ 110.282035181046709, -1.949344166539362 ], [ 110.282214844103521, -1.949344166539362 ], [ 110.282214844103521, -1.949164503482538 ], [ 110.282035181046709, -1.949164503482538 ], [ 110.282035181046709, -1.949344166539362 ] ] ] } },
{ "type": "Feature", "properties": { "count": 30, "label": 1, "cluster_id": 58 }, "geometry": { "type": "Polygon", "coordinates": [ [ [ 110.282035181046709, -1.951679786278072 ], [ 110.282035181046709, -1.951859449334896 ], [ 110.281675854933056, -1.951859449334896 ], [ 110.281675854933056, -1.95203911239172 ], [ 110.281855517989882, -1.95203911239172 ], [ 110.281855517989882, -1.952218775448544 ], [ 110.282214844103521, -1.952218775448544 ], [ 110.282214844103521, -1.952578101562192 ], [ 110.282394507160348, -1.952578101562192 ], [ 110.282394507160348, -1.952398438505368 ], [ 110.283292822444466, -1.952398438505368 ], [ 110.283292822444466, -1.952218775448544 ], [ 110.283472485501292, -1.952218775448544 ], [ 110.283472485501292, -1.952578101562192 ], [ 110.283652148558119, -1.952578101562192 ], [ 110.283652148558119, -1.952398438505368 ], [ 110.283831811614945, -1.952398438505368 ], [ 110.283831811614945, -1.952218775448544 ], [ 110.284011474671772, -1.952218775448544 ], [ 110.284011474671772, -1.95203911239172 ], [ 110.283652148558119, -1.95203911239172 ], [ 110.283652148558119, -1.951859449334896 ], [ 110.283113159387639, -1.951859449334896 ], [ 110.283113159387639, -1.95203911239172 ], [ 110.282933496330827, -1.95203911239172 ], [ 110.282933496330827, -1.951859449334896 ], [ 110.282753833274, -1.951859449334896 ], [ 110.282753833274, -1.952218775448544 ], [ 110.282574170217174, -1.952218775448544 ], [ 110.282574170217174, -1.951859449334896 ], [ 110.282394507160348, -1.951859449334896 ], [ 110.282394507160348, -1.95203911239172 ], [ 110.282214844103521, -1.95203911239172 ], [ 110.282214844103521, -1.951679786278072 ], [ 110.282035181046709, -1.951679786278072 ] ] ] } },
{ "type": "Feature", "properties": { "count": 1, "label": 1, "cluster_id": 58 }, "geometry": { "type": "Polygon", "coordinates": [ [ [ 110.282035181046709, -1.960123949948796 ], [ 110.282214844103521, -1.960123949948796 ], [ 110.282214844103521, -1.959944286891972 ], [ 110.282035181046709, -1.959944286891972 ], [ 110.282035181046709, -1.960123949948796 ] ] ] } },
{ "type": "Feature", "properties": { "count": 4, "label": 1, "cluster_id": 58 }, "geometry": { "type": "Polygon", "coordinates": [ [ [ 110.282214844103521, -1.911435261549518 ], [ 110.282214844103521, -1.911794587663166 ], [ 110.282394507160348, -1.911794587663166 ], [ 110.282394507160348, -1.911974250719989 ], [ 110.282574170217174, -1.911974250719989 ], [ 110.282574170217174, -1.911614924606342 ], [ 110.282394507160348, -1.911614924606342 ], [ 110.282394507160348, -1.911435261549518 ], [ 110.282214844103521, -1.911435261549518 ] ] ] } },
{ "type": "Feature", "properties": { "count": 1, "label": 1, "cluster_id": 58 }, "geometry": { "type": "Polygon", "coordinates": [ [ [ 110.282214844103521, -1.922215044958952 ], [ 110.282394507160348, -1.922215044958952 ], [ 110.282394507160348, -1.922035381902128 ], [ 110.282214844103521, -1.922035381902128 ], [ 110.282214844103521, -1.922215044958952 ] ] ] } },
{ "type": "Feature", "properties": { "count": 1, "label": 1, "cluster_id": 58 }, "geometry": { "type": "Polygon", "coordinates": [ [ [ 110.282214844103521, -1.930659208629676 ], [ 110.282394507160348, -1.930659208629676 ], [ 110.282394507160348, -1.930479545572852 ], [ 110.282214844103521, -1.930479545572852 ], [ 110.282214844103521, -1.930659208629676 ] ] ] } },
{ "type": "Feature", "properties": { "count": 13, "label": 1, "cluster_id": 58 }, "geometry": { "type": "Polygon", "coordinates": [ [ [ 110.282214844103521, -1.93317449142521 ], [ 110.282214844103521, -1.933354154482034 ], [ 110.282035181046709, -1.933354154482034 ], [ 110.282035181046709, -1.933713480595682 ], [ 110.282214844103521, -1.933713480595682 ], [ 110.282214844103521, -1.933893143652506 ], [ 110.282394507160348, -1.933893143652506 ], [ 110.282394507160348, -1.934252469766154 ], [ 110.282574170217174, -1.934252469766154 ], [ 110.282574170217174, -1.933713480595682 ], [ 110.282753833274, -1.933713480595682 ], [ 110.282753833274, -1.933354154482034 ], [ 110.282394507160348, -1.933354154482034 ], [ 110.282394507160348, -1.93317449142521 ], [ 110.282214844103521, -1.93317449142521 ] ] ] } },
{ "type": "Feature", "properties": { "count": 1, "label": 1, "cluster_id": 58 }, "geometry": { "type": "Polygon", "coordinates": [ [ [ 110.282214844103521, -1.938384720073103 ], [ 110.282394507160348, -1.938384720073103 ], [ 110.282394507160348, -1.93820505701628 ], [ 110.282214844103521, -1.93820505701628 ], [ 110.282214844103521, -1.938384720073103 ] ] ] } },
{ "type": "Feature", "properties": { "count": 1, "label": 1, "cluster_id": 58 }, "geometry": { "type": "Polygon", "coordinates": [ [ [ 110.282214844103521, -1.944852590118764 ], [ 110.282394507160348, -1.944852590118764 ], [ 110.282394507160348, -1.94467292706194 ], [ 110.282214844103521, -1.94467292706194 ], [ 110.282214844103521, -1.944852590118764 ] ] ] } },
{ "type": "Feature", "properties": { "count": 2, "label": 1, "cluster_id": 58 }, "geometry": { "type": "Polygon", "coordinates": [ [ [ 110.282214844103521, -1.956890014925966 ], [ 110.282394507160348, -1.956890014925966 ], [ 110.282394507160348, -1.956530688812318 ], [ 110.282214844103521, -1.956530688812318 ], [ 110.282214844103521, -1.956890014925966 ] ] ] } },
{ "type": "Feature", "properties": { "count": 1, "label": 1, "cluster_id": 58 }, "geometry": { "type": "Polygon", "coordinates": [ [ [ 110.282214844103521, -1.959584960778324 ], [ 110.282394507160348, -1.959584960778324 ], [ 110.282394507160348, -1.9594052977215 ], [ 110.282214844103521, -1.9594052977215 ], [ 110.282214844103521, -1.959584960778324 ] ] ] } },
{ "type": "Feature", "properties": { "count": 1, "label": 1, "cluster_id": 58 }, "geometry": { "type": "Polygon", "coordinates": [ [ [ 110.282214844103521, -1.962279906630683 ], [ 110.282394507160348, -1.962279906630683 ], [ 110.282394507160348, -1.962100243573859 ], [ 110.282214844103521, -1.962100243573859 ], [ 110.282214844103521, -1.962279906630683 ] ] ] } },
{ "type": "Feature", "properties": { "count": 1, "label": 1, "cluster_id": 58 }, "geometry": { "type": "Polygon", "coordinates": [ [ [ 110.282394507160348, -1.916286164083763 ], [ 110.282574170217174, -1.916286164083763 ], [ 110.282574170217174, -1.916106501026939 ], [ 110.282394507160348, -1.916106501026939 ], [ 110.282394507160348, -1.916286164083763 ] ] ] } },
{ "type": "Feature", "properties": { "count": 1, "label": 1, "cluster_id": 58 }, "geometry": { "type": "Polygon", "coordinates": [ [ [ 110.282394507160348, -1.920418414390713 ], [ 110.282574170217174, -1.920418414390713 ], [ 110.282574170217174, -1.920238751333889 ], [ 110.282394507160348, -1.920238751333889 ], [ 110.282394507160348, -1.920418414390713 ] ] ] } },
{ "type": "Feature", "properties": { "count": 1, "label": 1, "cluster_id": 58 }, "geometry": { "type": "Polygon", "coordinates": [ [ [ 110.282394507160348, -1.921316729674833 ], [ 110.282574170217174, -1.921316729674833 ], [ 110.282574170217174, -1.921137066618009 ], [ 110.282394507160348, -1.921137066618009 ], [ 110.282394507160348, -1.921316729674833 ] ] ] } },
{ "type": "Feature", "properties": { "count": 1, "label": 1, "cluster_id": 58 }, "geometry": { "type": "Polygon", "coordinates": [ [ [ 110.282394507160348, -1.924191338584015 ], [ 110.282574170217174, -1.924191338584015 ], [ 110.282574170217174, -1.924011675527191 ], [ 110.282394507160348, -1.924011675527191 ], [ 110.282394507160348, -1.924191338584015 ] ] ] } },
{ "type": "Feature", "properties": { "count": 1, "label": 1, "cluster_id": 58 }, "geometry": { "type": "Polygon", "coordinates": [ [ [ 110.282394507160348, -1.930120219459204 ], [ 110.282574170217174, -1.930120219459204 ], [ 110.282574170217174, -1.92994055640238 ], [ 110.282394507160348, -1.92994055640238 ], [ 110.282394507160348, -1.930120219459204 ] ] ] } },
{ "type": "Feature", "properties": { "count": 8, "label": 1, "cluster_id": 58 }, "geometry": { "type": "Polygon", "coordinates": [ [ [ 110.282394507160348, -1.931018534743323 ], [ 110.282394507160348, -1.931198197800147 ], [ 110.282214844103521, -1.931198197800147 ], [ 110.282214844103521, -1.931557523913795 ], [ 110.282394507160348, -1.931557523913795 ], [ 110.282394507160348, -1.931737186970619 ], [ 110.282753833274, -1.931737186970619 ], [ 110.282753833274, -1.931377860856971 ], [ 110.282574170217174, -1.931377860856971 ], [ 110.282574170217174, -1.931018534743323 ], [ 110.282394507160348, -1.931018534743323 ] ] ] } },
{ "type": "Feature", "properties": { "count": 1, "label": 1, "cluster_id": 58 }, "geometry": { "type": "Polygon", "coordinates": [ [ [ 110.282394507160348, -1.939283035357223 ], [ 110.282574170217174, -1.939283035357223 ], [ 110.282574170217174, -1.939103372300399 ], [ 110.282394507160348, -1.939103372300399 ], [ 110.282394507160348, -1.939283035357223 ] ] ] } },
{ "type": "Feature", "properties": { "count": 1, "label": 1, "cluster_id": 58 }, "geometry": { "type": "Polygon", "coordinates": [ [ [ 110.282394507160348, -1.941977981209582 ], [ 110.282574170217174, -1.941977981209582 ], [ 110.282574170217174, -1.941798318152758 ], [ 110.282394507160348, -1.941798318152758 ], [ 110.282394507160348, -1.941977981209582 ] ] ] } },
{ "type": "Feature", "properties": { "count": 1, "label": 1, "cluster_id": 58 }, "geometry": { "type": "Polygon", "coordinates": [ [ [ 110.282394507160348, -1.955452710471374 ], [ 110.282574170217174, -1.955452710471374 ], [ 110.282574170217174, -1.955273047414551 ], [ 110.282394507160348, -1.955273047414551 ], [ 110.282394507160348, -1.955452710471374 ] ] ] } },
{ "type": "Feature", "properties": { "count": 18, "label": 1, "cluster_id": 58 }, "geometry": { "type": "Polygon", "coordinates": [ [ [ 110.282214844103521, -1.960662939119268 ], [ 110.282214844103521, -1.961022265232915 ], [ 110.281675854933056, -1.961022265232915 ], [ 110.281675854933056, -1.961740917460211 ], [ 110.281855517989882, -1.961740917460211 ], [ 110.281855517989882, -1.961201928289739 ], [ 110.282035181046709, -1.961201928289739 ], [ 110.282035181046709, -1.961561254403387 ], [ 110.282214844103521, -1.961561254403387 ], [ 110.282214844103521, -1.961920580517035 ], [ 110.282394507160348, -1.961920580517035 ], [ 110.282394507160348, -1.961561254403387 ], [ 110.282574170217174, -1.961561254403387 ], [ 110.282574170217174, -1.961381591346563 ], [ 110.282214844103521, -1.961381591346563 ], [ 110.282214844103521, -1.961201928289739 ], [ 110.282574170217174, -1.961201928289739 ], [ 110.282574170217174, -1.960662939119268 ], [ 110.282214844103521, -1.960662939119268 ] ] ] } },
{ "type": "Feature", "properties": { "count": 1, "label": 1, "cluster_id": 58 }, "geometry": { "type": "Polygon", "coordinates": [ [ [ 110.282394507160348, -1.965334178596689 ], [ 110.282574170217174, -1.965334178596689 ], [ 110.282574170217174, -1.965154515539865 ], [ 110.282394507160348, -1.965154515539865 ], [ 110.282394507160348, -1.965334178596689 ] ] ] } },
{ "type": "Feature", "properties": { "count": 2, "label": 1, "cluster_id": 58 }, "geometry": { "type": "Polygon", "coordinates": [ [ [ 110.282574170217174, -1.911614924606342 ], [ 110.282753833274, -1.911614924606342 ], [ 110.282753833274, -1.911255598492694 ], [ 110.282574170217174, -1.911255598492694 ], [ 110.282574170217174, -1.911614924606342 ] ] ] } },
{ "type": "Feature", "properties": { "count": 1, "label": 1, "cluster_id": 58 }, "geometry": { "type": "Polygon", "coordinates": [ [ [ 110.282574170217174, -1.912153913776813 ], [ 110.282753833274, -1.912153913776813 ], [ 110.282753833274, -1.911974250719989 ], [ 110.282574170217174, -1.911974250719989 ], [ 110.282574170217174, -1.912153913776813 ] ] ] } },
{ "type": "Feature", "properties": { "count": 5, "label": 1, "cluster_id": 58 }, "geometry": { "type": "Polygon", "coordinates": [ [ [ 110.282394507160348, -1.912513239890461 ], [ 110.282394507160348, -1.912872566004109 ], [ 110.282574170217174, -1.912872566004109 ], [ 110.282574170217174, -1.913052229060933 ], [ 110.282753833274, -1.913052229060933 ], [ 110.282753833274, -1.912513239890461 ], [ 110.282394507160348, -1.912513239890461 ] ] ] } },
{ "type": "Feature", "properties": { "count": 1, "label": 1, "cluster_id": 58 }, "geometry": { "type": "Polygon", "coordinates": [ [ [ 110.282574170217174, -1.916465827140587 ], [ 110.282753833274, -1.916465827140587 ], [ 110.282753833274, -1.916286164083763 ], [ 110.282574170217174, -1.916286164083763 ], [ 110.282574170217174, -1.916465827140587 ] ] ] } },
{ "type": "Feature", "properties": { "count": 6, "label": 1, "cluster_id": 58 }, "geometry": { "type": "Polygon", "coordinates": [ [ [ 110.282214844103521, -1.923293023299895 ], [ 110.282753833274, -1.923293023299895 ], [ 110.282753833274, -1.922933697186248 ], [ 110.282214844103521, -1.922933697186248 ], [ 110.282214844103521, -1.923293023299895 ] ] ] } },
{ "type": "Feature", "properties": { "count": 1, "label": 1, "cluster_id": 58 }, "geometry": { "type": "Polygon", "coordinates": [ [ [ 110.282574170217174, -1.925269316924958 ], [ 110.282753833274, -1.925269316924958 ], [ 110.282753833274, -1.925089653868135 ], [ 110.282574170217174, -1.925089653868135 ], [ 110.282574170217174, -1.925269316924958 ] ] ] } },
{ "type": "Feature", "properties": { "count": 1, "label": 1, "cluster_id": 58 }, "geometry": { "type": "Polygon", "coordinates": [ [ [ 110.282574170217174, -1.927604936663669 ], [ 110.282753833274, -1.927604936663669 ], [ 110.282753833274, -1.927425273606845 ], [ 110.282574170217174, -1.927425273606845 ], [ 110.282574170217174, -1.927604936663669 ] ] ] } },
{ "type": "Feature", "properties": { "count": 1, "label": 1, "cluster_id": 58 }, "geometry": { "type": "Polygon", "coordinates": [ [ [ 110.282574170217174, -1.934791458936625 ], [ 110.282753833274, -1.934791458936625 ], [ 110.282753833274, -1.934611795879801 ], [ 110.282574170217174, -1.934611795879801 ], [ 110.282574170217174, -1.934791458936625 ] ] ] } },
{ "type": "Feature", "properties": { "count": 20, "label": 1, "cluster_id": 58 }, "geometry": { "type": "Polygon", "coordinates": [ [ [ 110.282574170217174, -1.935510111163921 ], [ 110.282574170217174, -1.935689774220745 ], [ 110.282214844103521, -1.935689774220745 ], [ 110.282214844103521, -1.935510111163921 ], [ 110.282035181046709, -1.935510111163921 ], [ 110.282035181046709, -1.935869437277569 ], [ 110.281675854933056, -1.935869437277569 ], [ 110.281675854933056, -1.936049100334393 ], [ 110.281855517989882, -1.936049100334393 ], [ 110.281855517989882, -1.936228763391217 ], [ 110.282035181046709, -1.936228763391217 ], [ 110.282035181046709, -1.936049100334393 ], [ 110.282214844103521, -1.936049100334393 ], [ 110.282214844103521, -1.936588089504864 ], [ 110.282394507160348, -1.936588089504864 ], [ 110.282394507160348, -1.936408426448041 ], [ 110.282574170217174, -1.936408426448041 ], [ 110.282574170217174, -1.936049100334393 ], [ 110.282933496330827, -1.936049100334393 ], [ 110.282933496330827, -1.935689774220745 ], [ 110.282753833274, -1.935689774220745 ], [ 110.282753833274, -1.935510111163921 ], [ 110.282574170217174, -1.935510111163921 ] ] ] } },
{ "type": "Feature", "properties": { "count": 1, "label": 1, "cluster_id": 58 }, "geometry": { "type": "Polygon", "coordinates": [ [ [ 110.282574170217174, -1.939103372300399 ], [ 110.282753833274, -1.939103372300399 ], [ 110.282753833274, -1.938923709243575 ], [ 110.282574170217174, -1.938923709243575 ], [ 110.282574170217174, -1.939103372300399 ] ] ] } },
{ "type": "Feature", "properties": { "count": 1, "label": 1, "cluster_id": 58 }, "geometry": { "type": "Polygon", "coordinates": [ [ [ 110.282574170217174, -1.941079665925462 ], [ 110.282753833274, -1.941079665925462 ], [ 110.282753833274, -1.940900002868638 ], [ 110.282574170217174, -1.940900002868638 ], [ 110.282574170217174, -1.941079665925462 ] ] ] } },
{ "type": "Feature", "properties": { "count": 1, "label": 1, "cluster_id": 58 }, "geometry": { "type": "Polygon", "coordinates": [ [ [ 110.282574170217174, -1.944852590118764 ], [ 110.282753833274, -1.944852590118764 ], [ 110.282753833274, -1.94467292706194 ], [ 110.282574170217174, -1.94467292706194 ], [ 110.282574170217174, -1.944852590118764 ] ] ] } },
{ "type": "Feature", "properties": { "count": 1, "label": 1, "cluster_id": 58 }, "geometry": { "type": "Polygon", "coordinates": [ [ [ 110.282574170217174, -1.956890014925966 ], [ 110.282753833274, -1.956890014925966 ], [ 110.282753833274, -1.956710351869142 ], [ 110.282574170217174, -1.956710351869142 ], [ 110.282574170217174, -1.956890014925966 ] ] ] } },
{ "type": "Feature", "properties": { "count": 3, "label": 1, "cluster_id": 58 }, "geometry": { "type": "Polygon", "coordinates": [ [ [ 110.282574170217174, -1.958686645494205 ], [ 110.282753833274, -1.958686645494205 ], [ 110.282753833274, -1.958147656323733 ], [ 110.282574170217174, -1.958147656323733 ], [ 110.282574170217174, -1.958686645494205 ] ] ] } },
{ "type": "Feature", "properties": { "count": 1, "label": 1, "cluster_id": 58 }, "geometry": { "type": "Polygon", "coordinates": [ [ [ 110.282574170217174, -1.961740917460211 ], [ 110.282753833274, -1.961740917460211 ], [ 110.282753833274, -1.961561254403387 ], [ 110.282574170217174, -1.961561254403387 ], [ 110.282574170217174, -1.961740917460211 ] ] ] } },
{ "type": "Feature", "properties": { "count": 1, "label": 1, "cluster_id": 58 }, "geometry": { "type": "Polygon", "coordinates": [ [ [ 110.282574170217174, -1.963896874142098 ], [ 110.282753833274, -1.963896874142098 ], [ 110.282753833274, -1.963717211085274 ], [ 110.282574170217174, -1.963717211085274 ], [ 110.282574170217174, -1.963896874142098 ] ] ] } },
{ "type": "Feature", "properties": { "count": 1, "label": 1, "cluster_id": 58 }, "geometry": { "type": "Polygon", "coordinates": [ [ [ 110.282753833274, -1.924191338584015 ], [ 110.282933496330827, -1.924191338584015 ], [ 110.282933496330827, -1.924011675527191 ], [ 110.282753833274, -1.924011675527191 ], [ 110.282753833274, -1.924191338584015 ] ] ] } },
{ "type": "Feature", "properties": { "count": 2, "label": 1, "cluster_id": 58 }, "geometry": { "type": "Polygon", "coordinates": [ [ [ 110.282753833274, -1.92580830609543 ], [ 110.282933496330827, -1.92580830609543 ], [ 110.282933496330827, -1.925448979981782 ], [ 110.282753833274, -1.925448979981782 ], [ 110.282753833274, -1.92580830609543 ] ] ] } },
{ "type": "Feature", "properties": { "count": 1, "label": 1, "cluster_id": 58 }, "geometry": { "type": "Polygon", "coordinates": [ [ [ 110.282753833274, -1.927065947493197 ], [ 110.282933496330827, -1.927065947493197 ], [ 110.282933496330827, -1.926886284436374 ], [ 110.282753833274, -1.926886284436374 ], [ 110.282753833274, -1.927065947493197 ] ] ] } },
{ "type": "Feature", "properties": { "count": 4, "label": 1, "cluster_id": 58 }, "geometry": { "type": "Polygon", "coordinates": [ [ [ 110.282753833274, -1.930659208629676 ], [ 110.282933496330827, -1.930659208629676 ], [ 110.282933496330827, -1.92994055640238 ], [ 110.282753833274, -1.92994055640238 ], [ 110.282753833274, -1.930659208629676 ] ] ] } },
{ "type": "Feature", "properties": { "count": 3, "label": 1, "cluster_id": 58 }, "geometry": { "type": "Polygon", "coordinates": [ [ [ 110.282753833274, -1.931377860856971 ], [ 110.282933496330827, -1.931377860856971 ], [ 110.282933496330827, -1.930838871686499 ], [ 110.282753833274, -1.930838871686499 ], [ 110.282753833274, -1.931377860856971 ] ] ] } },
{ "type": "Feature", "properties": { "count": 12, "label": 1, "cluster_id": 58 }, "geometry": { "type": "Polygon", "coordinates": [ [ [ 110.282753833274, -1.931737186970619 ], [ 110.282753833274, -1.931916850027443 ], [ 110.282574170217174, -1.931916850027443 ], [ 110.282574170217174, -1.932096513084267 ], [ 110.282394507160348, -1.932096513084267 ], [ 110.282394507160348, -1.932635502254739 ], [ 110.282214844103521, -1.932635502254739 ], [ 110.282214844103521, -1.932815165311562 ], [ 110.282574170217174, -1.932815165311562 ], [ 110.282574170217174, -1.932635502254739 ], [ 110.282753833274, -1.932635502254739 ], [ 110.282753833274, -1.932276176141091 ], [ 110.282933496330827, -1.932276176141091 ], [ 110.282933496330827, -1.931737186970619 ], [ 110.282753833274, -1.931737186970619 ] ] ] } },
{ "type": "Feature", "properties": { "count": 1, "label": 1, "cluster_id": 58 }, "geometry": { "type": "Polygon", "coordinates": [ [ [ 110.282753833274, -1.942696633436877 ], [ 110.282933496330827, -1.942696633436877 ], [ 110.282933496330827, -1.942516970380053 ], [ 110.282753833274, -1.942516970380053 ], [ 110.282753833274, -1.942696633436877 ] ] ] } },
{ "type": "Feature", "properties": { "count": 1, "label": 1, "cluster_id": 58 }, "geometry": { "type": "Polygon", "coordinates": [ [ [ 110.282753833274, -1.94880517736889 ], [ 110.282933496330827, -1.94880517736889 ], [ 110.282933496330827, -1.948625514312066 ], [ 110.282753833274, -1.948625514312066 ], [ 110.282753833274, -1.94880517736889 ] ] ] } },
{ "type": "Feature", "properties": { "count": 1, "label": 1, "cluster_id": 58 }, "geometry": { "type": "Polygon", "coordinates": [ [ [ 110.282753833274, -1.956351025755494 ], [ 110.282933496330827, -1.956351025755494 ], [ 110.282933496330827, -1.95617136269867 ], [ 110.282753833274, -1.95617136269867 ], [ 110.282753833274, -1.956351025755494 ] ] ] } },
{ "type": "Feature", "properties": { "count": 3, "label": 1, "cluster_id": 58 }, "geometry": { "type": "Polygon", "coordinates": [ [ [ 110.282753833274, -1.9594052977215 ], [ 110.282933496330827, -1.9594052977215 ], [ 110.282933496330827, -1.958866308551029 ], [ 110.282753833274, -1.958866308551029 ], [ 110.282753833274, -1.9594052977215 ] ] ] } },
{ "type": "Feature", "properties": { "count": 6, "label": 1, "cluster_id": 58 }, "geometry": { "type": "Polygon", "coordinates": [ [ [ 110.282753833274, -1.961022265232915 ], [ 110.282753833274, -1.961201928289739 ], [ 110.282574170217174, -1.961201928289739 ], [ 110.282574170217174, -1.961381591346563 ], [ 110.282753833274, -1.961381591346563 ], [ 110.282753833274, -1.961561254403387 ], [ 110.282933496330827, -1.961561254403387 ], [ 110.282933496330827, -1.961381591346563 ], [ 110.283292822444466, -1.961381591346563 ], [ 110.283292822444466, -1.961201928289739 ], [ 110.282933496330827, -1.961201928289739 ], [ 110.282933496330827, -1.961022265232915 ], [ 110.282753833274, -1.961022265232915 ] ] ] } },
{ "type": "Feature", "properties": { "count": 2, "label": 1, "cluster_id": 58 }, "geometry": { "type": "Polygon", "coordinates": [ [ [ 110.282753833274, -1.965693504710337 ], [ 110.282933496330827, -1.965693504710337 ], [ 110.282933496330827, -1.965334178596689 ], [ 110.282753833274, -1.965334178596689 ], [ 110.282753833274, -1.965693504710337 ] ] ] } },
{ "type": "Feature", "properties": { "count": 1, "label": 1, "cluster_id": 58 }, "geometry": { "type": "Polygon", "coordinates": [ [ [ 110.282933496330827, -1.912333576833637 ], [ 110.283113159387639, -1.912333576833637 ], [ 110.283113159387639, -1.912153913776813 ], [ 110.282933496330827, -1.912153913776813 ], [ 110.282933496330827, -1.912333576833637 ] ] ] } },
{ "type": "Feature", "properties": { "count": 2, "label": 1, "cluster_id": 58 }, "geometry": { "type": "Polygon", "coordinates": [ [ [ 110.282933496330827, -1.91844212076565 ], [ 110.283113159387639, -1.91844212076565 ], [ 110.283113159387639, -1.918082794652002 ], [ 110.282933496330827, -1.918082794652002 ], [ 110.282933496330827, -1.91844212076565 ] ] ] } },
{ "type": "Feature", "properties": { "count": 1, "label": 1, "cluster_id": 58 }, "geometry": { "type": "Polygon", "coordinates": [ [ [ 110.282933496330827, -1.926167632209078 ], [ 110.283113159387639, -1.926167632209078 ], [ 110.283113159387639, -1.925987969152254 ], [ 110.282933496330827, -1.925987969152254 ], [ 110.282933496330827, -1.926167632209078 ] ] ] } },
{ "type": "Feature", "properties": { "count": 1, "label": 1, "cluster_id": 58 }, "geometry": { "type": "Polygon", "coordinates": [ [ [ 110.282933496330827, -1.929760893345556 ], [ 110.283113159387639, -1.929760893345556 ], [ 110.283113159387639, -1.929581230288732 ], [ 110.282933496330827, -1.929581230288732 ], [ 110.282933496330827, -1.929760893345556 ] ] ] } },
{ "type": "Feature", "properties": { "count": 1, "label": 1, "cluster_id": 58 }, "geometry": { "type": "Polygon", "coordinates": [ [ [ 110.282933496330827, -1.933354154482034 ], [ 110.283113159387639, -1.933354154482034 ], [ 110.283113159387639, -1.93317449142521 ], [ 110.282933496330827, -1.93317449142521 ], [ 110.282933496330827, -1.933354154482034 ] ] ] } },
{ "type": "Feature", "properties": { "count": 1, "label": 1, "cluster_id": 58 }, "geometry": { "type": "Polygon", "coordinates": [ [ [ 110.282933496330827, -1.933713480595682 ], [ 110.283113159387639, -1.933713480595682 ], [ 110.283113159387639, -1.933533817538858 ], [ 110.282933496330827, -1.933533817538858 ], [ 110.282933496330827, -1.933713480595682 ] ] ] } },
{ "type": "Feature", "properties": { "count": 1, "label": 1, "cluster_id": 58 }, "geometry": { "type": "Polygon", "coordinates": [ [ [ 110.282933496330827, -1.93820505701628 ], [ 110.283113159387639, -1.93820505701628 ], [ 110.283113159387639, -1.938025393959456 ], [ 110.282933496330827, -1.938025393959456 ], [ 110.282933496330827, -1.93820505701628 ] ] ] } },
{ "type": "Feature", "properties": { "count": 1, "label": 1, "cluster_id": 58 }, "geometry": { "type": "Polygon", "coordinates": [ [ [ 110.282933496330827, -1.940181350641343 ], [ 110.283113159387639, -1.940181350641343 ], [ 110.283113159387639, -1.940001687584519 ], [ 110.282933496330827, -1.940001687584519 ], [ 110.282933496330827, -1.940181350641343 ] ] ] } },
{ "type": "Feature", "properties": { "count": 1, "label": 1, "cluster_id": 58 }, "geometry": { "type": "Polygon", "coordinates": [ [ [ 110.282933496330827, -1.953656079903135 ], [ 110.283113159387639, -1.953656079903135 ], [ 110.283113159387639, -1.953476416846311 ], [ 110.282933496330827, -1.953476416846311 ], [ 110.282933496330827, -1.953656079903135 ] ] ] } },
{ "type": "Feature", "properties": { "count": 22, "label": 1, "cluster_id": 58 }, "geometry": { "type": "Polygon", "coordinates": [ [ [ 110.282933496330827, -1.955093384357727 ], [ 110.282933496330827, -1.95617136269867 ], [ 110.283113159387639, -1.95617136269867 ], [ 110.283113159387639, -1.956351025755494 ], [ 110.283292822444466, -1.956351025755494 ], [ 110.283292822444466, -1.955991699641846 ], [ 110.283113159387639, -1.955991699641846 ], [ 110.283113159387639, -1.955812036585022 ], [ 110.283292822444466, -1.955812036585022 ], [ 110.283292822444466, -1.955991699641846 ], [ 110.283472485501292, -1.955991699641846 ], [ 110.283472485501292, -1.95617136269867 ], [ 110.283652148558119, -1.95617136269867 ], [ 110.283652148558119, -1.955812036585022 ], [ 110.283831811614945, -1.955812036585022 ], [ 110.283831811614945, -1.955452710471374 ], [ 110.284011474671772, -1.955452710471374 ], [ 110.284011474671772, -1.955273047414551 ], [ 110.283652148558119, -1.955273047414551 ], [ 110.283652148558119, -1.955452710471374 ], [ 110.283472485501292, -1.955452710471374 ], [ 110.283472485501292, -1.955273047414551 ], [ 110.283292822444466, -1.955273047414551 ], [ 110.283292822444466, -1.955452710471374 ], [ 110.283113159387639, -1.955452710471374 ], [ 110.283113159387639, -1.955093384357727 ], [ 110.282933496330827, -1.955093384357727 ] ] ] } },
{ "type": "Feature", "properties": { "count": 2, "label": 1, "cluster_id": 58 }, "geometry": { "type": "Polygon", "coordinates": [ [ [ 110.282933496330827, -1.958686645494205 ], [ 110.283113159387639, -1.958686645494205 ], [ 110.283113159387639, -1.958327319380557 ], [ 110.282933496330827, -1.958327319380557 ], [ 110.282933496330827, -1.958686645494205 ] ] ] } },
{ "type": "Feature", "properties": { "count": 1, "label": 1, "cluster_id": 58 }, "geometry": { "type": "Polygon", "coordinates": [ [ [ 110.283113159387639, -1.916465827140587 ], [ 110.283292822444466, -1.916465827140587 ], [ 110.283292822444466, -1.916286164083763 ], [ 110.283113159387639, -1.916286164083763 ], [ 110.283113159387639, -1.916465827140587 ] ] ] } },
{ "type": "Feature", "properties": { "count": 1, "label": 1, "cluster_id": 58 }, "geometry": { "type": "Polygon", "coordinates": [ [ [ 110.283113159387639, -1.918801446879298 ], [ 110.283292822444466, -1.918801446879298 ], [ 110.283292822444466, -1.918621783822474 ], [ 110.283113159387639, -1.918621783822474 ], [ 110.283113159387639, -1.918801446879298 ] ] ] } },
{ "type": "Feature", "properties": { "count": 12, "label": 1, "cluster_id": 58 }, "geometry": { "type": "Polygon", "coordinates": [ [ [ 110.282214844103521, -1.922754034129424 ], [ 110.283292822444466, -1.922754034129424 ], [ 110.283292822444466, -1.922394708015776 ], [ 110.282214844103521, -1.922394708015776 ], [ 110.282214844103521, -1.922754034129424 ] ] ] } },
{ "type": "Feature", "properties": { "count": 1, "label": 1, "cluster_id": 58 }, "geometry": { "type": "Polygon", "coordinates": [ [ [ 110.283113159387639, -1.924011675527191 ], [ 110.283292822444466, -1.924011675527191 ], [ 110.283292822444466, -1.923832012470367 ], [ 110.283113159387639, -1.923832012470367 ], [ 110.283113159387639, -1.924011675527191 ] ] ] } },
{ "type": "Feature", "properties": { "count": 2, "label": 1, "cluster_id": 58 }, "geometry": { "type": "Polygon", "coordinates": [ [ [ 110.283113159387639, -1.92580830609543 ], [ 110.283292822444466, -1.92580830609543 ], [ 110.283292822444466, -1.925448979981782 ], [ 110.283113159387639, -1.925448979981782 ], [ 110.283113159387639, -1.92580830609543 ] ] ] } },
{ "type": "Feature", "properties": { "count": 1, "label": 1, "cluster_id": 58 }, "geometry": { "type": "Polygon", "coordinates": [ [ [ 110.283113159387639, -1.928503251947789 ], [ 110.283292822444466, -1.928503251947789 ], [ 110.283292822444466, -1.928323588890965 ], [ 110.283113159387639, -1.928323588890965 ], [ 110.283113159387639, -1.928503251947789 ] ] ] } },
{ "type": "Feature", "properties": { "count": 1, "label": 1, "cluster_id": 58 }, "geometry": { "type": "Polygon", "coordinates": [ [ [ 110.283113159387639, -1.933533817538858 ], [ 110.283292822444466, -1.933533817538858 ], [ 110.283292822444466, -1.933354154482034 ], [ 110.283113159387639, -1.933354154482034 ], [ 110.283113159387639, -1.933533817538858 ] ] ] } },
{ "type": "Feature", "properties": { "count": 2, "label": 1, "cluster_id": 58 }, "geometry": { "type": "Polygon", "coordinates": [ [ [ 110.282933496330827, -1.934971121993449 ], [ 110.283292822444466, -1.934971121993449 ], [ 110.283292822444466, -1.934791458936625 ], [ 110.282933496330827, -1.934791458936625 ], [ 110.282933496330827, -1.934971121993449 ] ] ] } },
{ "type": "Feature", "properties": { "count": 2, "label": 1, "cluster_id": 58 }, "geometry": { "type": "Polygon", "coordinates": [ [ [ 110.283113159387639, -1.936228763391217 ], [ 110.283292822444466, -1.936228763391217 ], [ 110.283292822444466, -1.935869437277569 ], [ 110.283113159387639, -1.935869437277569 ], [ 110.283113159387639, -1.936228763391217 ] ] ] } },
{ "type": "Feature", "properties": { "count": 1, "label": 1, "cluster_id": 58 }, "geometry": { "type": "Polygon", "coordinates": [ [ [ 110.283113159387639, -1.939822024527695 ], [ 110.283292822444466, -1.939822024527695 ], [ 110.283292822444466, -1.939642361470871 ], [ 110.283113159387639, -1.939642361470871 ], [ 110.283113159387639, -1.939822024527695 ] ] ] } },
{ "type": "Feature", "properties": { "count": 1, "label": 1, "cluster_id": 58 }, "geometry": { "type": "Polygon", "coordinates": [ [ [ 110.283113159387639, -1.942876296493701 ], [ 110.283292822444466, -1.942876296493701 ], [ 110.283292822444466, -1.942696633436877 ], [ 110.283113159387639, -1.942696633436877 ], [ 110.283113159387639, -1.942876296493701 ] ] ] } },
{ "type": "Feature", "properties": { "count": 5, "label": 1, "cluster_id": 58 }, "geometry": { "type": "Polygon", "coordinates": [ [ [ 110.282574170217174, -1.948984840425714 ], [ 110.282574170217174, -1.949164503482538 ], [ 110.282933496330827, -1.949164503482538 ], [ 110.282933496330827, -1.949344166539362 ], [ 110.283113159387639, -1.949344166539362 ], [ 110.283113159387639, -1.949164503482538 ], [ 110.283292822444466, -1.949164503482538 ], [ 110.283292822444466, -1.948984840425714 ], [ 110.282574170217174, -1.948984840425714 ] ] ] } },
{ "type": "Feature", "properties": { "count": 2, "label": 1, "cluster_id": 58 }, "geometry": { "type": "Polygon", "coordinates": [ [ [ 110.283113159387639, -1.957788330210085 ], [ 110.283292822444466, -1.957788330210085 ], [ 110.283292822444466, -1.957429004096437 ], [ 110.283113159387639, -1.957429004096437 ], [ 110.283113159387639, -1.957788330210085 ] ] ] } },
{ "type": "Feature", "properties": { "count": 2, "label": 1, "cluster_id": 58 }, "geometry": { "type": "Polygon", "coordinates": [ [ [ 110.283113159387639, -1.958327319380557 ], [ 110.283292822444466, -1.958327319380557 ], [ 110.283292822444466, -1.957967993266909 ], [ 110.283113159387639, -1.957967993266909 ], [ 110.283113159387639, -1.958327319380557 ] ] ] } },
{ "type": "Feature", "properties": { "count": 2, "label": 1, "cluster_id": 58 }, "geometry": { "type": "Polygon", "coordinates": [ [ [ 110.283113159387639, -1.9594052977215 ], [ 110.283292822444466, -1.9594052977215 ], [ 110.283292822444466, -1.959045971607853 ], [ 110.283113159387639, -1.959045971607853 ], [ 110.283113159387639, -1.9594052977215 ] ] ] } },
{ "type": "Feature", "properties": { "count": 4, "label": 1, "cluster_id": 58 }, "geometry": { "type": "Polygon", "coordinates": [ [ [ 110.283113159387639, -1.913591218231405 ], [ 110.283472485501292, -1.913591218231405 ], [ 110.283472485501292, -1.913231892117757 ], [ 110.283113159387639, -1.913231892117757 ], [ 110.283113159387639, -1.913591218231405 ] ] ] } },
{ "type": "Feature", "properties": { "count": 1, "label": 1, "cluster_id": 58 }, "geometry": { "type": "Polygon", "coordinates": [ [ [ 110.283292822444466, -1.916106501026939 ], [ 110.283472485501292, -1.916106501026939 ], [ 110.283472485501292, -1.915926837970115 ], [ 110.283292822444466, -1.915926837970115 ], [ 110.283292822444466, -1.916106501026939 ] ] ] } },
{ "type": "Feature", "properties": { "count": 1, "label": 1, "cluster_id": 58 }, "geometry": { "type": "Polygon", "coordinates": [ [ [ 110.283292822444466, -1.924371001640839 ], [ 110.283472485501292, -1.924371001640839 ], [ 110.283472485501292, -1.924191338584015 ], [ 110.283292822444466, -1.924191338584015 ], [ 110.283292822444466, -1.924371001640839 ] ] ] } },
{ "type": "Feature", "properties": { "count": 1, "label": 1, "cluster_id": 58 }, "geometry": { "type": "Polygon", "coordinates": [ [ [ 110.283292822444466, -1.926167632209078 ], [ 110.283472485501292, -1.926167632209078 ], [ 110.283472485501292, -1.925987969152254 ], [ 110.283292822444466, -1.925987969152254 ], [ 110.283292822444466, -1.926167632209078 ] ] ] } },
{ "type": "Feature", "properties": { "count": 1, "label": 1, "cluster_id": 58 }, "geometry": { "type": "Polygon", "coordinates": [ [ [ 110.283292822444466, -1.929760893345556 ], [ 110.283472485501292, -1.929760893345556 ], [ 110.283472485501292, -1.929581230288732 ], [ 110.283292822444466, -1.929581230288732 ], [ 110.283292822444466, -1.929760893345556 ] ] ] } },
{ "type": "Feature", "properties": { "count": 1, "label": 1, "cluster_id": 58 }, "geometry": { "type": "Polygon", "coordinates": [ [ [ 110.283292822444466, -1.931916850027443 ], [ 110.283472485501292, -1.931916850027443 ], [ 110.283472485501292, -1.931737186970619 ], [ 110.283292822444466, -1.931737186970619 ], [ 110.283292822444466, -1.931916850027443 ] ] ] } },
{ "type": "Feature", "properties": { "count": 6, "label": 1, "cluster_id": 58 }, "geometry": { "type": "Polygon", "coordinates": [ [ [ 110.283113159387639, -1.932096513084267 ], [ 110.283113159387639, -1.932276176141091 ], [ 110.282933496330827, -1.932276176141091 ], [ 110.282933496330827, -1.932455839197915 ], [ 110.283292822444466, -1.932455839197915 ], [ 110.283292822444466, -1.932635502254739 ], [ 110.283472485501292, -1.932635502254739 ], [ 110.283472485501292, -1.932096513084267 ], [ 110.283113159387639, -1.932096513084267 ] ] ] } },
{ "type": "Feature", "properties": { "count": 2, "label": 1, "cluster_id": 58 }, "geometry": { "type": "Polygon", "coordinates": [ [ [ 110.283292822444466, -1.933354154482034 ], [ 110.283472485501292, -1.933354154482034 ], [ 110.283472485501292, -1.932994828368386 ], [ 110.283292822444466, -1.932994828368386 ], [ 110.283292822444466, -1.933354154482034 ] ] ] } },
{ "type": "Feature", "properties": { "count": 1, "label": 1, "cluster_id": 58 }, "geometry": { "type": "Polygon", "coordinates": [ [ [ 110.283292822444466, -1.938025393959456 ], [ 110.283472485501292, -1.938025393959456 ], [ 110.283472485501292, -1.937845730902632 ], [ 110.283292822444466, -1.937845730902632 ], [ 110.283292822444466, -1.938025393959456 ] ] ] } },
{ "type": "Feature", "properties": { "count": 1, "label": 1, "cluster_id": 58 }, "geometry": { "type": "Polygon", "coordinates": [ [ [ 110.283292822444466, -1.940900002868638 ], [ 110.283472485501292, -1.940900002868638 ], [ 110.283472485501292, -1.940720339811814 ], [ 110.283292822444466, -1.940720339811814 ], [ 110.283292822444466, -1.940900002868638 ] ] ] } },
{ "type": "Feature", "properties": { "count": 1, "label": 1, "cluster_id": 58 }, "geometry": { "type": "Polygon", "coordinates": [ [ [ 110.283292822444466, -1.942337307323229 ], [ 110.283472485501292, -1.942337307323229 ], [ 110.283472485501292, -1.942157644266405 ], [ 110.283292822444466, -1.942157644266405 ], [ 110.283292822444466, -1.942337307323229 ] ] ] } },
{ "type": "Feature", "properties": { "count": 5, "label": 1, "cluster_id": 58 }, "geometry": { "type": "Polygon", "coordinates": [ [ [ 110.283292822444466, -1.943235622607349 ], [ 110.283292822444466, -1.943594948720997 ], [ 110.283113159387639, -1.943594948720997 ], [ 110.283113159387639, -1.943954274834645 ], [ 110.283292822444466, -1.943954274834645 ], [ 110.283292822444466, -1.943774611777821 ], [ 110.283472485501292, -1.943774611777821 ], [ 110.283472485501292, -1.943235622607349 ], [ 110.283292822444466, -1.943235622607349 ] ] ] } },
{ "type": "Feature", "properties": { "count": 1, "label": 1, "cluster_id": 58 }, "geometry": { "type": "Polygon", "coordinates": [ [ [ 110.283292822444466, -1.948625514312066 ], [ 110.283472485501292, -1.948625514312066 ], [ 110.283472485501292, -1.948445851255242 ], [ 110.283292822444466, -1.948445851255242 ], [ 110.283292822444466, -1.948625514312066 ] ] ] } },
{ "type": "Feature", "properties": { "count": 1, "label": 1, "cluster_id": 58 }, "geometry": { "type": "Polygon", "coordinates": [ [ [ 110.283292822444466, -1.953117090732664 ], [ 110.283472485501292, -1.953117090732664 ], [ 110.283472485501292, -1.95293742767584 ], [ 110.283292822444466, -1.95293742767584 ], [ 110.283292822444466, -1.953117090732664 ] ] ] } },
{ "type": "Feature", "properties": { "count": 1, "label": 1, "cluster_id": 58 }, "geometry": { "type": "Polygon", "coordinates": [ [ [ 110.283292822444466, -1.953656079903135 ], [ 110.283472485501292, -1.953656079903135 ], [ 110.283472485501292, -1.953476416846311 ], [ 110.283292822444466, -1.953476416846311 ], [ 110.283292822444466, -1.953656079903135 ] ] ] } },
{ "type": "Feature", "properties": { "count": 1, "label": 1, "cluster_id": 58 }, "geometry": { "type": "Polygon", "coordinates": [ [ [ 110.283292822444466, -1.956710351869142 ], [ 110.283472485501292, -1.956710351869142 ], [ 110.283472485501292, -1.956530688812318 ], [ 110.283292822444466, -1.956530688812318 ], [ 110.283292822444466, -1.956710351869142 ] ] ] } },
{ "type": "Feature", "properties": { "count": 1, "label": 1, "cluster_id": 58 }, "geometry": { "type": "Polygon", "coordinates": [ [ [ 110.283292822444466, -1.957429004096437 ], [ 110.283472485501292, -1.957429004096437 ], [ 110.283472485501292, -1.957249341039613 ], [ 110.283292822444466, -1.957249341039613 ], [ 110.283292822444466, -1.957429004096437 ] ] ] } },
{ "type": "Feature", "properties": { "count": 1, "label": 1, "cluster_id": 58 }, "geometry": { "type": "Polygon", "coordinates": [ [ [ 110.283292822444466, -1.959584960778324 ], [ 110.283472485501292, -1.959584960778324 ], [ 110.283472485501292, -1.9594052977215 ], [ 110.283292822444466, -1.9594052977215 ], [ 110.283292822444466, -1.959584960778324 ] ] ] } },
{ "type": "Feature", "properties": { "count": 3, "label": 1, "cluster_id": 58 }, "geometry": { "type": "Polygon", "coordinates": [ [ [ 110.283292822444466, -1.912692902947285 ], [ 110.283292822444466, -1.913052229060933 ], [ 110.283472485501292, -1.913052229060933 ], [ 110.283472485501292, -1.912872566004109 ], [ 110.283652148558119, -1.912872566004109 ], [ 110.283652148558119, -1.912692902947285 ], [ 110.283292822444466, -1.912692902947285 ] ] ] } },
{ "type": "Feature", "properties": { "count": 2, "label": 1, "cluster_id": 58 }, "geometry": { "type": "Polygon", "coordinates": [ [ [ 110.283292822444466, -1.922394708015776 ], [ 110.283652148558119, -1.922394708015776 ], [ 110.283652148558119, -1.922215044958952 ], [ 110.283292822444466, -1.922215044958952 ], [ 110.283292822444466, -1.922394708015776 ] ] ] } },
{ "type": "Feature", "properties": { "count": 1, "label": 1, "cluster_id": 58 }, "geometry": { "type": "Polygon", "coordinates": [ [ [ 110.283472485501292, -1.925448979981782 ], [ 110.283652148558119, -1.925448979981782 ], [ 110.283652148558119, -1.925269316924958 ], [ 110.283472485501292, -1.925269316924958 ], [ 110.283472485501292, -1.925448979981782 ] ] ] } },
{ "type": "Feature", "properties": { "count": 3, "label": 1, "cluster_id": 58 }, "geometry": { "type": "Polygon", "coordinates": [ [ [ 110.283472485501292, -1.926886284436374 ], [ 110.283652148558119, -1.926886284436374 ], [ 110.283652148558119, -1.926347295265902 ], [ 110.283472485501292, -1.926347295265902 ], [ 110.283472485501292, -1.926886284436374 ] ] ] } },
{ "type": "Feature", "properties": { "count": 2, "label": 1, "cluster_id": 58 }, "geometry": { "type": "Polygon", "coordinates": [ [ [ 110.283472485501292, -1.930299882516028 ], [ 110.283652148558119, -1.930299882516028 ], [ 110.283652148558119, -1.92994055640238 ], [ 110.283472485501292, -1.92994055640238 ], [ 110.283472485501292, -1.930299882516028 ] ] ] } },
{ "type": "Feature", "properties": { "count": 1, "label": 1, "cluster_id": 58 }, "geometry": { "type": "Polygon", "coordinates": [ [ [ 110.283472485501292, -1.931737186970619 ], [ 110.283652148558119, -1.931737186970619 ], [ 110.283652148558119, -1.931557523913795 ], [ 110.283472485501292, -1.931557523913795 ], [ 110.283472485501292, -1.931737186970619 ] ] ] } },
{ "type": "Feature", "properties": { "count": 5, "label": 1, "cluster_id": 58 }, "geometry": { "type": "Polygon", "coordinates": [ [ [ 110.283472485501292, -1.93407280670933 ], [ 110.283472485501292, -1.934611795879801 ], [ 110.283652148558119, -1.934611795879801 ], [ 110.283652148558119, -1.934432132822978 ], [ 110.284011474671772, -1.934432132822978 ], [ 110.284011474671772, -1.934252469766154 ], [ 110.283652148558119, -1.934252469766154 ], [ 110.283652148558119, -1.93407280670933 ], [ 110.283472485501292, -1.93407280670933 ] ] ] } },
{ "type": "Feature", "properties": { "count": 2, "label": 1, "cluster_id": 58 }, "geometry": { "type": "Polygon", "coordinates": [ [ [ 110.283472485501292, -1.940001687584519 ], [ 110.283652148558119, -1.940001687584519 ], [ 110.283652148558119, -1.939642361470871 ], [ 110.283472485501292, -1.939642361470871 ], [ 110.283472485501292, -1.940001687584519 ] ] ] } },
{ "type": "Feature", "properties": { "count": 1, "label": 1, "cluster_id": 58 }, "geometry": { "type": "Polygon", "coordinates": [ [ [ 110.283472485501292, -1.944493264005116 ], [ 110.283652148558119, -1.944493264005116 ], [ 110.283652148558119, -1.944313600948292 ], [ 110.283472485501292, -1.944313600948292 ], [ 110.283472485501292, -1.944493264005116 ] ] ] } },
{ "type": "Feature", "properties": { "count": 1, "label": 1, "cluster_id": 58 }, "geometry": { "type": "Polygon", "coordinates": [ [ [ 110.283472485501292, -1.948984840425714 ], [ 110.283652148558119, -1.948984840425714 ], [ 110.283652148558119, -1.94880517736889 ], [ 110.283472485501292, -1.94880517736889 ], [ 110.283472485501292, -1.948984840425714 ] ] ] } },
{ "type": "Feature", "properties": { "count": 1, "label": 1, "cluster_id": 58 }, "geometry": { "type": "Polygon", "coordinates": [ [ [ 110.283472485501292, -1.951500123221249 ], [ 110.283652148558119, -1.951500123221249 ], [ 110.283652148558119, -1.951320460164425 ], [ 110.283472485501292, -1.951320460164425 ], [ 110.283472485501292, -1.951500123221249 ] ] ] } },
{ "type": "Feature", "properties": { "count": 1, "label": 1, "cluster_id": 58 }, "geometry": { "type": "Polygon", "coordinates": [ [ [ 110.283472485501292, -1.954015406016783 ], [ 110.283652148558119, -1.954015406016783 ], [ 110.283652148558119, -1.953835742959959 ], [ 110.283472485501292, -1.953835742959959 ], [ 110.283472485501292, -1.954015406016783 ] ] ] } },
{ "type": "Feature", "properties": { "count": 6, "label": 1, "cluster_id": 58 }, "geometry": { "type": "Polygon", "coordinates": [ [ [ 110.283472485501292, -1.958327319380557 ], [ 110.283472485501292, -1.958506982437381 ], [ 110.283292822444466, -1.958506982437381 ], [ 110.283292822444466, -1.959045971607853 ], [ 110.283472485501292, -1.959045971607853 ], [ 110.283472485501292, -1.958866308551029 ], [ 110.283652148558119, -1.958866308551029 ], [ 110.283652148558119, -1.958327319380557 ], [ 110.283472485501292, -1.958327319380557 ] ] ] } },
{ "type": "Feature", "properties": { "count": 1, "label": 1, "cluster_id": 58 }, "geometry": { "type": "Polygon", "coordinates": [ [ [ 110.283472485501292, -1.959225634664676 ], [ 110.283652148558119, -1.959225634664676 ], [ 110.283652148558119, -1.959045971607853 ], [ 110.283472485501292, -1.959045971607853 ], [ 110.283472485501292, -1.959225634664676 ] ] ] } },
{ "type": "Feature", "properties": { "count": 1, "label": 1, "cluster_id": 58 }, "geometry": { "type": "Polygon", "coordinates": [ [ [ 110.283652148558119, -1.923832012470367 ], [ 110.283831811614945, -1.923832012470367 ], [ 110.283831811614945, -1.923652349413543 ], [ 110.283652148558119, -1.923652349413543 ], [ 110.283652148558119, -1.923832012470367 ] ] ] } },
{ "type": "Feature", "properties": { "count": 1, "label": 1, "cluster_id": 58 }, "geometry": { "type": "Polygon", "coordinates": [ [ [ 110.283652148558119, -1.924909990811311 ], [ 110.283831811614945, -1.924909990811311 ], [ 110.283831811614945, -1.924730327754487 ], [ 110.283652148558119, -1.924730327754487 ], [ 110.283652148558119, -1.924909990811311 ] ] ] } },
{ "type": "Feature", "properties": { "count": 1, "label": 1, "cluster_id": 58 }, "geometry": { "type": "Polygon", "coordinates": [ [ [ 110.283652148558119, -1.931557523913795 ], [ 110.283831811614945, -1.931557523913795 ], [ 110.283831811614945, -1.931377860856971 ], [ 110.283652148558119, -1.931377860856971 ], [ 110.283652148558119, -1.931557523913795 ] ] ] } },
{ "type": "Feature", "properties": { "count": 1, "label": 1, "cluster_id": 58 }, "geometry": { "type": "Polygon", "coordinates": [ [ [ 110.283652148558119, -1.937845730902632 ], [ 110.283831811614945, -1.937845730902632 ], [ 110.283831811614945, -1.937666067845808 ], [ 110.283652148558119, -1.937666067845808 ], [ 110.283652148558119, -1.937845730902632 ] ] ] } },
{ "type": "Feature", "properties": { "count": 1, "label": 1, "cluster_id": 58 }, "geometry": { "type": "Polygon", "coordinates": [ [ [ 110.283652148558119, -1.940900002868638 ], [ 110.283831811614945, -1.940900002868638 ], [ 110.283831811614945, -1.940720339811814 ], [ 110.283652148558119, -1.940720339811814 ], [ 110.283652148558119, -1.940900002868638 ] ] ] } },
{ "type": "Feature", "properties": { "count": 1, "label": 1, "cluster_id": 58 }, "geometry": { "type": "Polygon", "coordinates": [ [ [ 110.283652148558119, -1.943594948720997 ], [ 110.283831811614945, -1.943594948720997 ], [ 110.283831811614945, -1.943415285664173 ], [ 110.283652148558119, -1.943415285664173 ], [ 110.283652148558119, -1.943594948720997 ] ] ] } },
{ "type": "Feature", "properties": { "count": 1, "label": 1, "cluster_id": 58 }, "geometry": { "type": "Polygon", "coordinates": [ [ [ 110.283652148558119, -1.945750905402883 ], [ 110.283831811614945, -1.945750905402883 ], [ 110.283831811614945, -1.94557124234606 ], [ 110.283652148558119, -1.94557124234606 ], [ 110.283652148558119, -1.945750905402883 ] ] ] } },
{ "type": "Feature", "properties": { "count": 4, "label": 1, "cluster_id": 58 }, "geometry": { "type": "Polygon", "coordinates": [ [ [ 110.283652148558119, -1.94790686208477 ], [ 110.283652148558119, -1.948086525141594 ], [ 110.283472485501292, -1.948086525141594 ], [ 110.283472485501292, -1.948445851255242 ], [ 110.283652148558119, -1.948445851255242 ], [ 110.283652148558119, -1.948266188198418 ], [ 110.283831811614945, -1.948266188198418 ], [ 110.283831811614945, -1.94790686208477 ], [ 110.283652148558119, -1.94790686208477 ] ] ] } },
{ "type": "Feature", "properties": { "count": 1, "label": 1, "cluster_id": 58 }, "geometry": { "type": "Polygon", "coordinates": [ [ [ 110.283652148558119, -1.94880517736889 ], [ 110.283831811614945, -1.94880517736889 ], [ 110.283831811614945, -1.948625514312066 ], [ 110.283652148558119, -1.948625514312066 ], [ 110.283652148558119, -1.94880517736889 ] ] ] } },
{ "type": "Feature", "properties": { "count": 1, "label": 1, "cluster_id": 58 }, "geometry": { "type": "Polygon", "coordinates": [ [ [ 110.283652148558119, -1.953296753789487 ], [ 110.283831811614945, -1.953296753789487 ], [ 110.283831811614945, -1.953117090732664 ], [ 110.283652148558119, -1.953117090732664 ], [ 110.283652148558119, -1.953296753789487 ] ] ] } },
{ "type": "Feature", "properties": { "count": 1, "label": 1, "cluster_id": 58 }, "geometry": { "type": "Polygon", "coordinates": [ [ [ 110.283652148558119, -1.957608667153261 ], [ 110.283831811614945, -1.957608667153261 ], [ 110.283831811614945, -1.957429004096437 ], [ 110.283652148558119, -1.957429004096437 ], [ 110.283652148558119, -1.957608667153261 ] ] ] } },
{ "type": "Feature", "properties": { "count": 6, "label": 1, "cluster_id": 58 }, "geometry": { "type": "Polygon", "coordinates": [ [ [ 110.283831811614945, -1.913231892117757 ], [ 110.283831811614945, -1.913950544345052 ], [ 110.284011474671772, -1.913950544345052 ], [ 110.284011474671772, -1.913770881288229 ], [ 110.284191137728584, -1.913770881288229 ], [ 110.284191137728584, -1.913411555174581 ], [ 110.284011474671772, -1.913411555174581 ], [ 110.284011474671772, -1.913231892117757 ], [ 110.283831811614945, -1.913231892117757 ] ] ] } },
{ "type": "Feature", "properties": { "count": 1, "label": 1, "cluster_id": 58 }, "geometry": { "type": "Polygon", "coordinates": [ [ [ 110.283831811614945, -1.917543805481531 ], [ 110.284011474671772, -1.917543805481531 ], [ 110.284011474671772, -1.917364142424707 ], [ 110.283831811614945, -1.917364142424707 ], [ 110.283831811614945, -1.917543805481531 ] ] ] } },
{ "type": "Feature", "properties": { "count": 1, "label": 1, "cluster_id": 58 }, "geometry": { "type": "Polygon", "coordinates": [ [ [ 110.283831811614945, -1.927604936663669 ], [ 110.284011474671772, -1.927604936663669 ], [ 110.284011474671772, -1.927425273606845 ], [ 110.283831811614945, -1.927425273606845 ], [ 110.283831811614945, -1.927604936663669 ] ] ] } },
{ "type": "Feature", "properties": { "count": 1, "label": 1, "cluster_id": 58 }, "geometry": { "type": "Polygon", "coordinates": [ [ [ 110.283831811614945, -1.930120219459204 ], [ 110.284011474671772, -1.930120219459204 ], [ 110.284011474671772, -1.92994055640238 ], [ 110.283831811614945, -1.92994055640238 ], [ 110.283831811614945, -1.930120219459204 ] ] ] } },
{ "type": "Feature", "properties": { "count": 1, "label": 1, "cluster_id": 58 }, "geometry": { "type": "Polygon", "coordinates": [ [ [ 110.283831811614945, -1.930838871686499 ], [ 110.284011474671772, -1.930838871686499 ], [ 110.284011474671772, -1.930659208629676 ], [ 110.283831811614945, -1.930659208629676 ], [ 110.283831811614945, -1.930838871686499 ] ] ] } },
{ "type": "Feature", "properties": { "count": 7, "label": 1, "cluster_id": 58 }, "geometry": { "type": "Polygon", "coordinates": [ [ [ 110.283831811614945, -1.936228763391217 ], [ 110.283831811614945, -1.936408426448041 ], [ 110.283652148558119, -1.936408426448041 ], [ 110.283652148558119, -1.936228763391217 ], [ 110.283472485501292, -1.936228763391217 ], [ 110.283472485501292, -1.936588089504864 ], [ 110.283652148558119, -1.936588089504864 ], [ 110.283652148558119, -1.936767752561688 ], [ 110.284011474671772, -1.936767752561688 ], [ 110.284011474671772, -1.936228763391217 ], [ 110.283831811614945, -1.936228763391217 ] ] ] } },
{ "type": "Feature", "properties": { "count": 2, "label": 1, "cluster_id": 58 }, "geometry": { "type": "Polygon", "coordinates": [ [ [ 110.283831811614945, -1.940001687584519 ], [ 110.284011474671772, -1.940001687584519 ], [ 110.284011474671772, -1.939642361470871 ], [ 110.283831811614945, -1.939642361470871 ], [ 110.283831811614945, -1.940001687584519 ] ] ] } },
{ "type": "Feature", "properties": { "count": 1, "label": 1, "cluster_id": 58 }, "geometry": { "type": "Polygon", "coordinates": [ [ [ 110.283831811614945, -1.95293742767584 ], [ 110.284011474671772, -1.95293742767584 ], [ 110.284011474671772, -1.952757764619016 ], [ 110.283831811614945, -1.952757764619016 ], [ 110.283831811614945, -1.95293742767584 ] ] ] } },
{ "type": "Feature", "properties": { "count": 9, "label": 1, "cluster_id": 58 }, "geometry": { "type": "Polygon", "coordinates": [ [ [ 110.283831811614945, -1.953296753789487 ], [ 110.283831811614945, -1.953656079903135 ], [ 110.283652148558119, -1.953656079903135 ], [ 110.283652148558119, -1.953835742959959 ], [ 110.283831811614945, -1.953835742959959 ], [ 110.283831811614945, -1.954015406016783 ], [ 110.283652148558119, -1.954015406016783 ], [ 110.283652148558119, -1.954554395187255 ], [ 110.283831811614945, -1.954554395187255 ], [ 110.283831811614945, -1.954195069073607 ], [ 110.284011474671772, -1.954195069073607 ], [ 110.284011474671772, -1.953296753789487 ], [ 110.283831811614945, -1.953296753789487 ] ] ] } },
{ "type": "Feature", "properties": { "count": 7, "label": 1, "cluster_id": 58 }, "geometry": { "type": "Polygon", "coordinates": [ [ [ 110.283652148558119, -1.95617136269867 ], [ 110.283652148558119, -1.956351025755494 ], [ 110.283831811614945, -1.956351025755494 ], [ 110.283831811614945, -1.956710351869142 ], [ 110.284011474671772, -1.956710351869142 ], [ 110.284011474671772, -1.956530688812318 ], [ 110.284550463842237, -1.956530688812318 ], [ 110.284550463842237, -1.956351025755494 ], [ 110.284011474671772, -1.956351025755494 ], [ 110.284011474671772, -1.95617136269867 ], [ 110.283652148558119, -1.95617136269867 ] ] ] } },
{ "type": "Feature", "properties": { "count": 1, "label": 1, "cluster_id": 58 }, "geometry": { "type": "Polygon", "coordinates": [ [ [ 110.283831811614945, -1.9594052977215 ], [ 110.284011474671772, -1.9594052977215 ], [ 110.284011474671772, -1.959225634664676 ], [ 110.283831811614945, -1.959225634664676 ], [ 110.283831811614945, -1.9594052977215 ] ] ] } },
{ "type": "Feature", "properties": { "count": 1, "label": 1, "cluster_id": 58 }, "geometry": { "type": "Polygon", "coordinates": [ [ [ 110.284011474671772, -1.912153913776813 ], [ 110.284191137728584, -1.912153913776813 ], [ 110.284191137728584, -1.911974250719989 ], [ 110.284011474671772, -1.911974250719989 ], [ 110.284011474671772, -1.912153913776813 ] ] ] } },
{ "type": "Feature", "properties": { "count": 4, "label": 1, "cluster_id": 58 }, "geometry": { "type": "Polygon", "coordinates": [ [ [ 110.284011474671772, -1.912692902947285 ], [ 110.284011474671772, -1.912872566004109 ], [ 110.283652148558119, -1.912872566004109 ], [ 110.283652148558119, -1.913052229060933 ], [ 110.284191137728584, -1.913052229060933 ], [ 110.284191137728584, -1.912692902947285 ], [ 110.284011474671772, -1.912692902947285 ] ] ] } },
{ "type": "Feature", "properties": { "count": 2, "label": 1, "cluster_id": 58 }, "geometry": { "type": "Polygon", "coordinates": [ [ [ 110.284011474671772, -1.919699762163417 ], [ 110.284191137728584, -1.919699762163417 ], [ 110.284191137728584, -1.91934043604977 ], [ 110.284011474671772, -1.91934043604977 ], [ 110.284011474671772, -1.919699762163417 ] ] ] } },
{ "type": "Feature", "properties": { "count": 1, "label": 1, "cluster_id": 58 }, "geometry": { "type": "Polygon", "coordinates": [ [ [ 110.284011474671772, -1.922754034129424 ], [ 110.284191137728584, -1.922754034129424 ], [ 110.284191137728584, -1.9225743710726 ], [ 110.284011474671772, -1.9225743710726 ], [ 110.284011474671772, -1.922754034129424 ] ] ] } },
{ "type": "Feature", "properties": { "count": 1, "label": 1, "cluster_id": 58 }, "geometry": { "type": "Polygon", "coordinates": [ [ [ 110.284011474671772, -1.924011675527191 ], [ 110.284191137728584, -1.924011675527191 ], [ 110.284191137728584, -1.923832012470367 ], [ 110.284011474671772, -1.923832012470367 ], [ 110.284011474671772, -1.924011675527191 ] ] ] } },
{ "type": "Feature", "properties": { "count": 3, "label": 1, "cluster_id": 58 }, "geometry": { "type": "Polygon", "coordinates": [ [ [ 110.284011474671772, -1.925269316924958 ], [ 110.284011474671772, -1.925448979981782 ], [ 110.283831811614945, -1.925448979981782 ], [ 110.283831811614945, -1.925628643038606 ], [ 110.284191137728584, -1.925628643038606 ], [ 110.284191137728584, -1.925269316924958 ], [ 110.284011474671772, -1.925269316924958 ] ] ] } },
{ "type": "Feature", "properties": { "count": 2, "label": 1, "cluster_id": 58 }, "geometry": { "type": "Polygon", "coordinates": [ [ [ 110.284011474671772, -1.926347295265902 ], [ 110.284191137728584, -1.926347295265902 ], [ 110.284191137728584, -1.925987969152254 ], [ 110.284011474671772, -1.925987969152254 ], [ 110.284011474671772, -1.926347295265902 ] ] ] } },
{ "type": "Feature", "properties": { "count": 4, "label": 1, "cluster_id": 58 }, "geometry": { "type": "Polygon", "coordinates": [ [ [ 110.284011474671772, -1.932455839197915 ], [ 110.284191137728584, -1.932455839197915 ], [ 110.284191137728584, -1.931737186970619 ], [ 110.284011474671772, -1.931737186970619 ], [ 110.284011474671772, -1.932455839197915 ] ] ] } },
{ "type": "Feature", "properties": { "count": 1, "label": 1, "cluster_id": 58 }, "geometry": { "type": "Polygon", "coordinates": [ [ [ 110.284011474671772, -1.942516970380053 ], [ 110.284191137728584, -1.942516970380053 ], [ 110.284191137728584, -1.942337307323229 ], [ 110.284011474671772, -1.942337307323229 ], [ 110.284011474671772, -1.942516970380053 ] ] ] } },
{ "type": "Feature", "properties": { "count": 1, "label": 1, "cluster_id": 58 }, "geometry": { "type": "Polygon", "coordinates": [ [ [ 110.284011474671772, -1.943774611777821 ], [ 110.284191137728584, -1.943774611777821 ], [ 110.284191137728584, -1.943594948720997 ], [ 110.284011474671772, -1.943594948720997 ], [ 110.284011474671772, -1.943774611777821 ] ] ] } },
{ "type": "Feature", "properties": { "count": 1, "label": 1, "cluster_id": 58 }, "geometry": { "type": "Polygon", "coordinates": [ [ [ 110.284011474671772, -1.944852590118764 ], [ 110.284191137728584, -1.944852590118764 ], [ 110.284191137728584, -1.94467292706194 ], [ 110.284011474671772, -1.94467292706194 ], [ 110.284011474671772, -1.944852590118764 ] ] ] } },
{ "type": "Feature", "properties": { "count": 1, "label": 1, "cluster_id": 58 }, "geometry": { "type": "Polygon", "coordinates": [ [ [ 110.284011474671772, -1.948086525141594 ], [ 110.284191137728584, -1.948086525141594 ], [ 110.284191137728584, -1.94790686208477 ], [ 110.284011474671772, -1.94790686208477 ], [ 110.284011474671772, -1.948086525141594 ] ] ] } },
{ "type": "Feature", "properties": { "count": 1, "label": 1, "cluster_id": 58 }, "geometry": { "type": "Polygon", "coordinates": [ [ [ 110.284011474671772, -1.949523829596185 ], [ 110.284191137728584, -1.949523829596185 ], [ 110.284191137728584, -1.949344166539362 ], [ 110.284011474671772, -1.949344166539362 ], [ 110.284011474671772, -1.949523829596185 ] ] ] } },
{ "type": "Feature", "properties": { "count": 1, "label": 1, "cluster_id": 58 }, "geometry": { "type": "Polygon", "coordinates": [ [ [ 110.284011474671772, -1.954374732130431 ], [ 110.284191137728584, -1.954374732130431 ], [ 110.284191137728584, -1.954195069073607 ], [ 110.284011474671772, -1.954195069073607 ], [ 110.284011474671772, -1.954374732130431 ] ] ] } },
{ "type": "Feature", "properties": { "count": 1, "label": 1, "cluster_id": 58 }, "geometry": { "type": "Polygon", "coordinates": [ [ [ 110.284191137728584, -1.913231892117757 ], [ 110.28437080078541, -1.913231892117757 ], [ 110.28437080078541, -1.913052229060933 ], [ 110.284191137728584, -1.913052229060933 ], [ 110.284191137728584, -1.913231892117757 ] ] ] } },
{ "type": "Feature", "properties": { "count": 1, "label": 1, "cluster_id": 58 }, "geometry": { "type": "Polygon", "coordinates": [ [ [ 110.284191137728584, -1.925089653868135 ], [ 110.28437080078541, -1.925089653868135 ], [ 110.28437080078541, -1.924909990811311 ], [ 110.284191137728584, -1.924909990811311 ], [ 110.284191137728584, -1.925089653868135 ] ] ] } },
{ "type": "Feature", "properties": { "count": 2, "label": 1, "cluster_id": 58 }, "geometry": { "type": "Polygon", "coordinates": [ [ [ 110.284191137728584, -1.931018534743323 ], [ 110.28437080078541, -1.931018534743323 ], [ 110.28437080078541, -1.930659208629676 ], [ 110.284191137728584, -1.930659208629676 ], [ 110.284191137728584, -1.931018534743323 ] ] ] } },
{ "type": "Feature", "properties": { "count": 110, "label": 1, "cluster_id": 58 }, "geometry": { "type": "Polygon", "coordinates": [ [ [ 110.284191137728584, -1.932455839197915 ], [ 110.284191137728584, -1.932635502254739 ], [ 110.284011474671772, -1.932635502254739 ], [ 110.284011474671772, -1.93317449142521 ], [ 110.283831811614945, -1.93317449142521 ], [ 110.283831811614945, -1.933533817538858 ], [ 110.284011474671772, -1.933533817538858 ], [ 110.284011474671772, -1.933713480595682 ], [ 110.283652148558119, -1.933713480595682 ], [ 110.283652148558119, -1.93407280670933 ], [ 110.284011474671772, -1.93407280670933 ], [ 110.284011474671772, -1.934252469766154 ], [ 110.284191137728584, -1.934252469766154 ], [ 110.284191137728584, -1.934432132822978 ], [ 110.284011474671772, -1.934432132822978 ], [ 110.284011474671772, -1.934611795879801 ], [ 110.284191137728584, -1.934611795879801 ], [ 110.284191137728584, -1.934791458936625 ], [ 110.283831811614945, -1.934791458936625 ], [ 110.283831811614945, -1.935150785050273 ], [ 110.284011474671772, -1.935150785050273 ], [ 110.284011474671772, -1.935330448107097 ], [ 110.28437080078541, -1.935330448107097 ], [ 110.28437080078541, -1.934791458936625 ], [ 110.284550463842237, -1.934791458936625 ], [ 110.284550463842237, -1.934611795879801 ], [ 110.284730126899063, -1.934611795879801 ], [ 110.284730126899063, -1.934432132822978 ], [ 110.28490978995589, -1.934432132822978 ], [ 110.28490978995589, -1.934611795879801 ], [ 110.284730126899063, -1.934611795879801 ], [ 110.284730126899063, -1.935150785050273 ], [ 110.28490978995589, -1.935150785050273 ], [ 110.28490978995589, -1.935330448107097 ], [ 110.285448779126355, -1.935330448107097 ], [ 110.285448779126355, -1.934791458936625 ], [ 110.285628442183182, -1.934791458936625 ], [ 110.285628442183182, -1.935150785050273 ], [ 110.285808105240008, -1.935150785050273 ], [ 110.285808105240008, -1.934432132822978 ], [ 110.285987768296835, -1.934432132822978 ], [ 110.285987768296835, -1.93407280670933 ], [ 110.285628442183182, -1.93407280670933 ], [ 110.285628442183182, -1.933893143652506 ], [ 110.285448779126355, -1.933893143652506 ], [ 110.285448779126355, -1.933713480595682 ], [ 110.285089453012702, -1.933713480595682 ], [ 110.285089453012702, -1.933533817538858 ], [ 110.28490978995589, -1.933533817538858 ], [ 110.28490978995589, -1.933713480595682 ], [ 110.284730126899063, -1.933713480595682 ], [ 110.284730126899063, -1.933893143652506 ], [ 110.284550463842237, -1.933893143652506 ], [ 110.284550463842237, -1.933354154482034 ], [ 110.284730126899063, -1.933354154482034 ], [ 110.284730126899063, -1.933533817538858 ], [ 110.28490978995589, -1.933533817538858 ], [ 110.28490978995589, -1.93317449142521 ], [ 110.284730126899063, -1.93317449142521 ], [ 110.284730126899063, -1.932994828368386 ], [ 110.28490978995589, -1.932994828368386 ], [ 110.28490978995589, -1.93317449142521 ], [ 110.285089453012702, -1.93317449142521 ], [ 110.285089453012702, -1.932815165311562 ], [ 110.28490978995589, -1.932815165311562 ], [ 110.28490978995589, -1.932635502254739 ], [ 110.284730126899063, -1.932635502254739 ], [ 110.284730126899063, -1.932815165311562 ], [ 110.284550463842237, -1.932815165311562 ], [ 110.284550463842237, -1.932635502254739 ], [ 110.28437080078541, -1.932635502254739 ], [ 110.28437080078541, -1.932455839197915 ], [ 110.284191137728584, -1.932455839197915 ] ] ] } },
{ "type": "Feature", "properties": { "count": 1, "label": 1, "cluster_id": 58 }, "geometry": { "type": "Polygon", "coordinates": [ [ [ 110.284191137728584, -1.936767752561688 ], [ 110.28437080078541, -1.936767752561688 ], [ 110.28437080078541, -1.936588089504864 ], [ 110.284191137728584, -1.936588089504864 ], [ 110.284191137728584, -1.936767752561688 ] ] ] } },
{ "type": "Feature", "properties": { "count": 1, "label": 1, "cluster_id": 58 }, "geometry": { "type": "Polygon", "coordinates": [ [ [ 110.284191137728584, -1.939642361470871 ], [ 110.28437080078541, -1.939642361470871 ], [ 110.28437080078541, -1.939462698414047 ], [ 110.284191137728584, -1.939462698414047 ], [ 110.284191137728584, -1.939642361470871 ] ] ] } },
{ "type": "Feature", "properties": { "count": 1, "label": 1, "cluster_id": 58 }, "geometry": { "type": "Polygon", "coordinates": [ [ [ 110.284191137728584, -1.942876296493701 ], [ 110.28437080078541, -1.942876296493701 ], [ 110.28437080078541, -1.942696633436877 ], [ 110.284191137728584, -1.942696633436877 ], [ 110.284191137728584, -1.942876296493701 ] ] ] } },
{ "type": "Feature", "properties": { "count": 1, "label": 1, "cluster_id": 58 }, "geometry": { "type": "Polygon", "coordinates": [ [ [ 110.284191137728584, -1.947727199027947 ], [ 110.28437080078541, -1.947727199027947 ], [ 110.28437080078541, -1.947547535971123 ], [ 110.284191137728584, -1.947547535971123 ], [ 110.284191137728584, -1.947727199027947 ] ] ] } },
{ "type": "Feature", "properties": { "count": 6, "label": 1, "cluster_id": 58 }, "geometry": { "type": "Polygon", "coordinates": [ [ [ 110.284191137728584, -1.953296753789487 ], [ 110.284191137728584, -1.954195069073607 ], [ 110.28437080078541, -1.954195069073607 ], [ 110.28437080078541, -1.953835742959959 ], [ 110.284550463842237, -1.953835742959959 ], [ 110.284550463842237, -1.953656079903135 ], [ 110.28437080078541, -1.953656079903135 ], [ 110.28437080078541, -1.953296753789487 ], [ 110.284191137728584, -1.953296753789487 ] ] ] } },
{ "type": "Feature", "properties": { "count": 2, "label": 1, "cluster_id": 58 }, "geometry": { "type": "Polygon", "coordinates": [ [ [ 110.284011474671772, -1.956890014925966 ], [ 110.28437080078541, -1.956890014925966 ], [ 110.28437080078541, -1.956710351869142 ], [ 110.284011474671772, -1.956710351869142 ], [ 110.284011474671772, -1.956890014925966 ] ] ] } },
{ "type": "Feature", "properties": { "count": 2, "label": 1, "cluster_id": 58 }, "geometry": { "type": "Polygon", "coordinates": [ [ [ 110.284011474671772, -1.959225634664676 ], [ 110.28437080078541, -1.959225634664676 ], [ 110.28437080078541, -1.959045971607853 ], [ 110.284011474671772, -1.959045971607853 ], [ 110.284011474671772, -1.959225634664676 ] ] ] } },
{ "type": "Feature", "properties": { "count": 1, "label": 1, "cluster_id": 58 }, "geometry": { "type": "Polygon", "coordinates": [ [ [ 110.28437080078541, -1.923113360243072 ], [ 110.284550463842237, -1.923113360243072 ], [ 110.284550463842237, -1.922933697186248 ], [ 110.28437080078541, -1.922933697186248 ], [ 110.28437080078541, -1.923113360243072 ] ] ] } },
{ "type": "Feature", "properties": { "count": 1, "label": 1, "cluster_id": 58 }, "geometry": { "type": "Polygon", "coordinates": [ [ [ 110.28437080078541, -1.926347295265902 ], [ 110.284550463842237, -1.926347295265902 ], [ 110.284550463842237, -1.926167632209078 ], [ 110.28437080078541, -1.926167632209078 ], [ 110.28437080078541, -1.926347295265902 ] ] ] } },
{ "type": "Feature", "properties": { "count": 4, "label": 1, "cluster_id": 58 }, "geometry": { "type": "Polygon", "coordinates": [ [ [ 110.284191137728584, -1.92994055640238 ], [ 110.284191137728584, -1.930479545572852 ], [ 110.28437080078541, -1.930479545572852 ], [ 110.28437080078541, -1.930120219459204 ], [ 110.284550463842237, -1.930120219459204 ], [ 110.284550463842237, -1.92994055640238 ], [ 110.284191137728584, -1.92994055640238 ] ] ] } },
{ "type": "Feature", "properties": { "count": 1, "label": 1, "cluster_id": 58 }, "geometry": { "type": "Polygon", "coordinates": [ [ [ 110.28437080078541, -1.930659208629676 ], [ 110.284550463842237, -1.930659208629676 ], [ 110.284550463842237, -1.930479545572852 ], [ 110.28437080078541, -1.930479545572852 ], [ 110.28437080078541, -1.930659208629676 ] ] ] } },
{ "type": "Feature", "properties": { "count": 1, "label": 1, "cluster_id": 58 }, "geometry": { "type": "Polygon", "coordinates": [ [ [ 110.28437080078541, -1.935689774220745 ], [ 110.284550463842237, -1.935689774220745 ], [ 110.284550463842237, -1.935510111163921 ], [ 110.28437080078541, -1.935510111163921 ], [ 110.28437080078541, -1.935689774220745 ] ] ] } },
{ "type": "Feature", "properties": { "count": 1, "label": 1, "cluster_id": 58 }, "geometry": { "type": "Polygon", "coordinates": [ [ [ 110.28437080078541, -1.942516970380053 ], [ 110.284550463842237, -1.942516970380053 ], [ 110.284550463842237, -1.942337307323229 ], [ 110.28437080078541, -1.942337307323229 ], [ 110.28437080078541, -1.942516970380053 ] ] ] } },
{ "type": "Feature", "properties": { "count": 1, "label": 1, "cluster_id": 58 }, "geometry": { "type": "Polygon", "coordinates": [ [ [ 110.28437080078541, -1.943594948720997 ], [ 110.284550463842237, -1.943594948720997 ], [ 110.284550463842237, -1.943415285664173 ], [ 110.28437080078541, -1.943415285664173 ], [ 110.28437080078541, -1.943594948720997 ] ] ] } },
{ "type": "Feature", "properties": { "count": 2, "label": 1, "cluster_id": 58 }, "geometry": { "type": "Polygon", "coordinates": [ [ [ 110.284191137728584, -1.943954274834645 ], [ 110.284550463842237, -1.943954274834645 ], [ 110.284550463842237, -1.943774611777821 ], [ 110.284191137728584, -1.943774611777821 ], [ 110.284191137728584, -1.943954274834645 ] ] ] } },
{ "type": "Feature", "properties": { "count": 1, "label": 1, "cluster_id": 58 }, "geometry": { "type": "Polygon", "coordinates": [ [ [ 110.28437080078541, -1.949523829596185 ], [ 110.284550463842237, -1.949523829596185 ], [ 110.284550463842237, -1.949344166539362 ], [ 110.28437080078541, -1.949344166539362 ], [ 110.28437080078541, -1.949523829596185 ] ] ] } },
{ "type": "Feature", "properties": { "count": 1, "label": 1, "cluster_id": 58 }, "geometry": { "type": "Polygon", "coordinates": [ [ [ 110.28437080078541, -1.951320460164425 ], [ 110.284550463842237, -1.951320460164425 ], [ 110.284550463842237, -1.951140797107601 ], [ 110.28437080078541, -1.951140797107601 ], [ 110.28437080078541, -1.951320460164425 ] ] ] } },
{ "type": "Feature", "properties": { "count": 1, "label": 1, "cluster_id": 58 }, "geometry": { "type": "Polygon", "coordinates": [ [ [ 110.28437080078541, -1.958866308551029 ], [ 110.284550463842237, -1.958866308551029 ], [ 110.284550463842237, -1.958686645494205 ], [ 110.28437080078541, -1.958686645494205 ], [ 110.28437080078541, -1.958866308551029 ] ] ] } },
{ "type": "Feature", "properties": { "count": 45, "label": 1, "cluster_id": 58 }, "geometry": { "type": "Polygon", "coordinates": [ [ [ 110.284191137728584, -1.961201928289739 ], [ 110.284191137728584, -1.962100243573859 ], [ 110.284011474671772, -1.962100243573859 ], [ 110.284011474671772, -1.961920580517035 ], [ 110.283831811614945, -1.961920580517035 ], [ 110.283831811614945, -1.962279906630683 ], [ 110.283652148558119, -1.962279906630683 ], [ 110.283652148558119, -1.961920580517035 ], [ 110.283113159387639, -1.961920580517035 ], [ 110.283113159387639, -1.962100243573859 ], [ 110.282933496330827, -1.962100243573859 ], [ 110.282933496330827, -1.961920580517035 ], [ 110.282753833274, -1.961920580517035 ], [ 110.282753833274, -1.962100243573859 ], [ 110.282574170217174, -1.962100243573859 ], [ 110.282574170217174, -1.962279906630683 ], [ 110.283113159387639, -1.962279906630683 ], [ 110.283113159387639, -1.962459569687507 ], [ 110.282933496330827, -1.962459569687507 ], [ 110.282933496330827, -1.962818895801155 ], [ 110.283472485501292, -1.962818895801155 ], [ 110.283472485501292, -1.962998558857978 ], [ 110.283652148558119, -1.962998558857978 ], [ 110.283652148558119, -1.962818895801155 ], [ 110.283831811614945, -1.962818895801155 ], [ 110.283831811614945, -1.962998558857978 ], [ 110.284011474671772, -1.962998558857978 ], [ 110.284011474671772, -1.962279906630683 ], [ 110.284191137728584, -1.962279906630683 ], [ 110.284191137728584, -1.96263923274433 ], [ 110.28437080078541, -1.96263923274433 ], [ 110.28437080078541, -1.962459569687507 ], [ 110.284730126899063, -1.962459569687507 ], [ 110.284730126899063, -1.962279906630683 ], [ 110.28437080078541, -1.962279906630683 ], [ 110.28437080078541, -1.961920580517035 ], [ 110.284550463842237, -1.961920580517035 ], [ 110.284550463842237, -1.961561254403387 ], [ 110.28437080078541, -1.961561254403387 ], [ 110.28437080078541, -1.961381591346563 ], [ 110.284550463842237, -1.961381591346563 ], [ 110.284550463842237, -1.961201928289739 ], [ 110.284191137728584, -1.961201928289739 ] ] ] } },
{ "type": "Feature", "properties": { "count": 6, "label": 1, "cluster_id": 58 }, "geometry": { "type": "Polygon", "coordinates": [ [ [ 110.284550463842237, -1.912513239890461 ], [ 110.284550463842237, -1.912692902947285 ], [ 110.28437080078541, -1.912692902947285 ], [ 110.28437080078541, -1.913052229060933 ], [ 110.284550463842237, -1.913052229060933 ], [ 110.284550463842237, -1.912872566004109 ], [ 110.284730126899063, -1.912872566004109 ], [ 110.284730126899063, -1.913052229060933 ], [ 110.28490978995589, -1.913052229060933 ], [ 110.28490978995589, -1.912692902947285 ], [ 110.284730126899063, -1.912692902947285 ], [ 110.284730126899063, -1.912513239890461 ], [ 110.284550463842237, -1.912513239890461 ] ] ] } },
{ "type": "Feature", "properties": { "count": 1, "label": 1, "cluster_id": 58 }, "geometry": { "type": "Polygon", "coordinates": [ [ [ 110.284550463842237, -1.913950544345052 ], [ 110.284730126899063, -1.913950544345052 ], [ 110.284730126899063, -1.913770881288229 ], [ 110.284550463842237, -1.913770881288229 ], [ 110.284550463842237, -1.913950544345052 ] ] ] } },
{ "type": "Feature", "properties": { "count": 1, "label": 1, "cluster_id": 58 }, "geometry": { "type": "Polygon", "coordinates": [ [ [ 110.284550463842237, -1.918262457708826 ], [ 110.284730126899063, -1.918262457708826 ], [ 110.284730126899063, -1.918082794652002 ], [ 110.284550463842237, -1.918082794652002 ], [ 110.284550463842237, -1.918262457708826 ] ] ] } },
{ "type": "Feature", "properties": { "count": 1, "label": 1, "cluster_id": 58 }, "geometry": { "type": "Polygon", "coordinates": [ [ [ 110.284550463842237, -1.920957403561185 ], [ 110.284730126899063, -1.920957403561185 ], [ 110.284730126899063, -1.920777740504361 ], [ 110.284550463842237, -1.920777740504361 ], [ 110.284550463842237, -1.920957403561185 ] ] ] } },
{ "type": "Feature", "properties": { "count": 1, "label": 1, "cluster_id": 58 }, "geometry": { "type": "Polygon", "coordinates": [ [ [ 110.284550463842237, -1.921855718845304 ], [ 110.284730126899063, -1.921855718845304 ], [ 110.284730126899063, -1.92167605578848 ], [ 110.284550463842237, -1.92167605578848 ], [ 110.284550463842237, -1.921855718845304 ] ] ] } },
{ "type": "Feature", "properties": { "count": 1, "label": 1, "cluster_id": 58 }, "geometry": { "type": "Polygon", "coordinates": [ [ [ 110.284550463842237, -1.926167632209078 ], [ 110.284730126899063, -1.926167632209078 ], [ 110.284730126899063, -1.925987969152254 ], [ 110.284550463842237, -1.925987969152254 ], [ 110.284550463842237, -1.926167632209078 ] ] ] } },
{ "type": "Feature", "properties": { "count": 1, "label": 1, "cluster_id": 58 }, "geometry": { "type": "Polygon", "coordinates": [ [ [ 110.284550463842237, -1.930838871686499 ], [ 110.284730126899063, -1.930838871686499 ], [ 110.284730126899063, -1.930659208629676 ], [ 110.284550463842237, -1.930659208629676 ], [ 110.284550463842237, -1.930838871686499 ] ] ] } },
{ "type": "Feature", "properties": { "count": 2, "label": 1, "cluster_id": 58 }, "geometry": { "type": "Polygon", "coordinates": [ [ [ 110.28437080078541, -1.931916850027443 ], [ 110.284730126899063, -1.931916850027443 ], [ 110.284730126899063, -1.931737186970619 ], [ 110.28437080078541, -1.931737186970619 ], [ 110.28437080078541, -1.931916850027443 ] ] ] } },
{ "type": "Feature", "properties": { "count": 1, "label": 1, "cluster_id": 58 }, "geometry": { "type": "Polygon", "coordinates": [ [ [ 110.284550463842237, -1.942696633436877 ], [ 110.284730126899063, -1.942696633436877 ], [ 110.284730126899063, -1.942516970380053 ], [ 110.284550463842237, -1.942516970380053 ], [ 110.284550463842237, -1.942696633436877 ] ] ] } },
{ "type": "Feature", "properties": { "count": 2, "label": 1, "cluster_id": 58 }, "geometry": { "type": "Polygon", "coordinates": [ [ [ 110.284550463842237, -1.953656079903135 ], [ 110.284730126899063, -1.953656079903135 ], [ 110.284730126899063, -1.953296753789487 ], [ 110.284550463842237, -1.953296753789487 ], [ 110.284550463842237, -1.953656079903135 ] ] ] } },
{ "type": "Feature", "properties": { "count": 1, "label": 1, "cluster_id": 58 }, "geometry": { "type": "Polygon", "coordinates": [ [ [ 110.284550463842237, -1.955991699641846 ], [ 110.284730126899063, -1.955991699641846 ], [ 110.284730126899063, -1.955812036585022 ], [ 110.284550463842237, -1.955812036585022 ], [ 110.284550463842237, -1.955991699641846 ] ] ] } },
{ "type": "Feature", "properties": { "count": 1, "label": 1, "cluster_id": 58 }, "geometry": { "type": "Polygon", "coordinates": [ [ [ 110.284550463842237, -1.961561254403387 ], [ 110.284730126899063, -1.961561254403387 ], [ 110.284730126899063, -1.961381591346563 ], [ 110.284550463842237, -1.961381591346563 ], [ 110.284550463842237, -1.961561254403387 ] ] ] } },
{ "type": "Feature", "properties": { "count": 1, "label": 1, "cluster_id": 58 }, "geometry": { "type": "Polygon", "coordinates": [ [ [ 110.284550463842237, -1.962818895801155 ], [ 110.284730126899063, -1.962818895801155 ], [ 110.284730126899063, -1.96263923274433 ], [ 110.284550463842237, -1.96263923274433 ], [ 110.284550463842237, -1.962818895801155 ] ] ] } },
{ "type": "Feature", "properties": { "count": 10, "label": 1, "cluster_id": 58 }, "geometry": { "type": "Polygon", "coordinates": [ [ [ 110.28437080078541, -1.915747174913291 ], [ 110.28437080078541, -1.916286164083763 ], [ 110.284550463842237, -1.916286164083763 ], [ 110.284550463842237, -1.916465827140587 ], [ 110.284730126899063, -1.916465827140587 ], [ 110.284730126899063, -1.916286164083763 ], [ 110.28490978995589, -1.916286164083763 ], [ 110.28490978995589, -1.915747174913291 ], [ 110.28437080078541, -1.915747174913291 ] ] ] } },
{ "type": "Feature", "properties": { "count": 1, "label": 1, "cluster_id": 58 }, "geometry": { "type": "Polygon", "coordinates": [ [ [ 110.284730126899063, -1.916645490197411 ], [ 110.28490978995589, -1.916645490197411 ], [ 110.28490978995589, -1.916465827140587 ], [ 110.284730126899063, -1.916465827140587 ], [ 110.284730126899063, -1.916645490197411 ] ] ] } },
{ "type": "Feature", "properties": { "count": 1, "label": 1, "cluster_id": 58 }, "geometry": { "type": "Polygon", "coordinates": [ [ [ 110.284730126899063, -1.925448979981782 ], [ 110.28490978995589, -1.925448979981782 ], [ 110.28490978995589, -1.925269316924958 ], [ 110.284730126899063, -1.925269316924958 ], [ 110.284730126899063, -1.925448979981782 ] ] ] } },
{ "type": "Feature", "properties": { "count": 1, "label": 1, "cluster_id": 58 }, "geometry": { "type": "Polygon", "coordinates": [ [ [ 110.284730126899063, -1.927425273606845 ], [ 110.28490978995589, -1.927425273606845 ], [ 110.28490978995589, -1.927245610550021 ], [ 110.284730126899063, -1.927245610550021 ], [ 110.284730126899063, -1.927425273606845 ] ] ] } },
{ "type": "Feature", "properties": { "count": 1, "label": 1, "cluster_id": 58 }, "geometry": { "type": "Polygon", "coordinates": [ [ [ 110.284730126899063, -1.930299882516028 ], [ 110.28490978995589, -1.930299882516028 ], [ 110.28490978995589, -1.930120219459204 ], [ 110.284730126899063, -1.930120219459204 ], [ 110.284730126899063, -1.930299882516028 ] ] ] } },
{ "type": "Feature", "properties": { "count": 1, "label": 1, "cluster_id": 58 }, "geometry": { "type": "Polygon", "coordinates": [ [ [ 110.284730126899063, -1.940181350641343 ], [ 110.28490978995589, -1.940181350641343 ], [ 110.28490978995589, -1.940001687584519 ], [ 110.284730126899063, -1.940001687584519 ], [ 110.284730126899063, -1.940181350641343 ] ] ] } },
{ "type": "Feature", "properties": { "count": 1, "label": 1, "cluster_id": 58 }, "geometry": { "type": "Polygon", "coordinates": [ [ [ 110.284730126899063, -1.940900002868638 ], [ 110.28490978995589, -1.940900002868638 ], [ 110.28490978995589, -1.940720339811814 ], [ 110.284730126899063, -1.940720339811814 ], [ 110.284730126899063, -1.940900002868638 ] ] ] } },
{ "type": "Feature", "properties": { "count": 1, "label": 1, "cluster_id": 58 }, "geometry": { "type": "Polygon", "coordinates": [ [ [ 110.284730126899063, -1.951320460164425 ], [ 110.28490978995589, -1.951320460164425 ], [ 110.28490978995589, -1.951140797107601 ], [ 110.284730126899063, -1.951140797107601 ], [ 110.284730126899063, -1.951320460164425 ] ] ] } },
{ "type": "Feature", "properties": { "count": 4, "label": 1, "cluster_id": 58 }, "geometry": { "type": "Polygon", "coordinates": [ [ [ 110.28490978995589, -1.926886284436374 ], [ 110.285089453012702, -1.926886284436374 ], [ 110.285089453012702, -1.926167632209078 ], [ 110.28490978995589, -1.926167632209078 ], [ 110.28490978995589, -1.926886284436374 ] ] ] } },
{ "type": "Feature", "properties": { "count": 1, "label": 1, "cluster_id": 58 }, "geometry": { "type": "Polygon", "coordinates": [ [ [ 110.28490978995589, -1.927784599720493 ], [ 110.285089453012702, -1.927784599720493 ], [ 110.285089453012702, -1.927604936663669 ], [ 110.28490978995589, -1.927604936663669 ], [ 110.28490978995589, -1.927784599720493 ] ] ] } },
{ "type": "Feature", "properties": { "count": 1, "label": 1, "cluster_id": 58 }, "geometry": { "type": "Polygon", "coordinates": [ [ [ 110.28490978995589, -1.928682915004613 ], [ 110.285089453012702, -1.928682915004613 ], [ 110.285089453012702, -1.928503251947789 ], [ 110.28490978995589, -1.928503251947789 ], [ 110.28490978995589, -1.928682915004613 ] ] ] } },
{ "type": "Feature", "properties": { "count": 1, "label": 1, "cluster_id": 58 }, "geometry": { "type": "Polygon", "coordinates": [ [ [ 110.28490978995589, -1.92994055640238 ], [ 110.285089453012702, -1.92994055640238 ], [ 110.285089453012702, -1.929760893345556 ], [ 110.28490978995589, -1.929760893345556 ], [ 110.28490978995589, -1.92994055640238 ] ] ] } },
{ "type": "Feature", "properties": { "count": 1, "label": 1, "cluster_id": 58 }, "geometry": { "type": "Polygon", "coordinates": [ [ [ 110.28490978995589, -1.935689774220745 ], [ 110.285089453012702, -1.935689774220745 ], [ 110.285089453012702, -1.935510111163921 ], [ 110.28490978995589, -1.935510111163921 ], [ 110.28490978995589, -1.935689774220745 ] ] ] } },
{ "type": "Feature", "properties": { "count": 1, "label": 1, "cluster_id": 58 }, "geometry": { "type": "Polygon", "coordinates": [ [ [ 110.28490978995589, -1.940001687584519 ], [ 110.285089453012702, -1.940001687584519 ], [ 110.285089453012702, -1.939822024527695 ], [ 110.28490978995589, -1.939822024527695 ], [ 110.28490978995589, -1.940001687584519 ] ] ] } },
{ "type": "Feature", "properties": { "count": 1, "label": 1, "cluster_id": 58 }, "geometry": { "type": "Polygon", "coordinates": [ [ [ 110.28490978995589, -1.945930568459707 ], [ 110.285089453012702, -1.945930568459707 ], [ 110.285089453012702, -1.945750905402883 ], [ 110.28490978995589, -1.945750905402883 ], [ 110.28490978995589, -1.945930568459707 ] ] ] } },
{ "type": "Feature", "properties": { "count": 2, "label": 1, "cluster_id": 58 }, "geometry": { "type": "Polygon", "coordinates": [ [ [ 110.284730126899063, -1.948445851255242 ], [ 110.285089453012702, -1.948445851255242 ], [ 110.285089453012702, -1.948266188198418 ], [ 110.284730126899063, -1.948266188198418 ], [ 110.284730126899063, -1.948445851255242 ] ] ] } },
{ "type": "Feature", "properties": { "count": 1, "label": 1, "cluster_id": 58 }, "geometry": { "type": "Polygon", "coordinates": [ [ [ 110.28490978995589, -1.951140797107601 ], [ 110.285089453012702, -1.951140797107601 ], [ 110.285089453012702, -1.950961134050777 ], [ 110.28490978995589, -1.950961134050777 ], [ 110.28490978995589, -1.951140797107601 ] ] ] } },
{ "type": "Feature", "properties": { "count": 3, "label": 1, "cluster_id": 58 }, "geometry": { "type": "Polygon", "coordinates": [ [ [ 110.284730126899063, -1.955632373528198 ], [ 110.284730126899063, -1.955812036585022 ], [ 110.28490978995589, -1.955812036585022 ], [ 110.28490978995589, -1.955991699641846 ], [ 110.285089453012702, -1.955991699641846 ], [ 110.285089453012702, -1.955632373528198 ], [ 110.284730126899063, -1.955632373528198 ] ] ] } },
{ "type": "Feature", "properties": { "count": 2, "label": 1, "cluster_id": 58 }, "geometry": { "type": "Polygon", "coordinates": [ [ [ 110.28490978995589, -1.959944286891972 ], [ 110.285089453012702, -1.959944286891972 ], [ 110.285089453012702, -1.959584960778324 ], [ 110.28490978995589, -1.959584960778324 ], [ 110.28490978995589, -1.959944286891972 ] ] ] } },
{ "type": "Feature", "properties": { "count": 2, "label": 1, "cluster_id": 58 }, "geometry": { "type": "Polygon", "coordinates": [ [ [ 110.285089453012702, -1.917184479367883 ], [ 110.285269116069529, -1.917184479367883 ], [ 110.285269116069529, -1.916825153254235 ], [ 110.285089453012702, -1.916825153254235 ], [ 110.285089453012702, -1.917184479367883 ] ] ] } },
{ "type": "Feature", "properties": { "count": 1, "label": 1, "cluster_id": 58 }, "geometry": { "type": "Polygon", "coordinates": [ [ [ 110.285089453012702, -1.921316729674833 ], [ 110.285269116069529, -1.921316729674833 ], [ 110.285269116069529, -1.921137066618009 ], [ 110.285089453012702, -1.921137066618009 ], [ 110.285089453012702, -1.921316729674833 ] ] ] } },
{ "type": "Feature", "properties": { "count": 1, "label": 1, "cluster_id": 58 }, "geometry": { "type": "Polygon", "coordinates": [ [ [ 110.285089453012702, -1.9225743710726 ], [ 110.285269116069529, -1.9225743710726 ], [ 110.285269116069529, -1.922394708015776 ], [ 110.285089453012702, -1.922394708015776 ], [ 110.285089453012702, -1.9225743710726 ] ] ] } },
{ "type": "Feature", "properties": { "count": 23, "label": 1, "cluster_id": 58 }, "geometry": { "type": "Polygon", "coordinates": [ [ [ 110.285089453012702, -1.923472686356719 ], [ 110.285089453012702, -1.923652349413543 ], [ 110.28490978995589, -1.923652349413543 ], [ 110.28490978995589, -1.923832012470367 ], [ 110.284730126899063, -1.923832012470367 ], [ 110.284730126899063, -1.924191338584015 ], [ 110.284550463842237, -1.924191338584015 ], [ 110.284550463842237, -1.924371001640839 ], [ 110.28437080078541, -1.924371001640839 ], [ 110.28437080078541, -1.924011675527191 ], [ 110.284191137728584, -1.924011675527191 ], [ 110.284191137728584, -1.924730327754487 ], [ 110.284550463842237, -1.924730327754487 ], [ 110.284550463842237, -1.924909990811311 ], [ 110.284730126899063, -1.924909990811311 ], [ 110.284730126899063, -1.924730327754487 ], [ 110.28490978995589, -1.924730327754487 ], [ 110.28490978995589, -1.924371001640839 ], [ 110.285089453012702, -1.924371001640839 ], [ 110.285089453012702, -1.924011675527191 ], [ 110.285269116069529, -1.924011675527191 ], [ 110.285269116069529, -1.923832012470367 ], [ 110.285448779126355, -1.923832012470367 ], [ 110.285448779126355, -1.923652349413543 ], [ 110.285269116069529, -1.923652349413543 ], [ 110.285269116069529, -1.923472686356719 ], [ 110.285089453012702, -1.923472686356719 ] ] ] } },
{ "type": "Feature", "properties": { "count": 1, "label": 1, "cluster_id": 58 }, "geometry": { "type": "Polygon", "coordinates": [ [ [ 110.285089453012702, -1.927425273606845 ], [ 110.285269116069529, -1.927425273606845 ], [ 110.285269116069529, -1.927245610550021 ], [ 110.285089453012702, -1.927245610550021 ], [ 110.285089453012702, -1.927425273606845 ] ] ] } },
{ "type": "Feature", "properties": { "count": 1, "label": 1, "cluster_id": 58 }, "geometry": { "type": "Polygon", "coordinates": [ [ [ 110.285089453012702, -1.928862578061437 ], [ 110.285269116069529, -1.928862578061437 ], [ 110.285269116069529, -1.928682915004613 ], [ 110.285089453012702, -1.928682915004613 ], [ 110.285089453012702, -1.928862578061437 ] ] ] } },
{ "type": "Feature", "properties": { "count": 8, "label": 1, "cluster_id": 58 }, "geometry": { "type": "Polygon", "coordinates": [ [ [ 110.285089453012702, -1.935869437277569 ], [ 110.285089453012702, -1.936049100334393 ], [ 110.284730126899063, -1.936049100334393 ], [ 110.284730126899063, -1.936588089504864 ], [ 110.285089453012702, -1.936588089504864 ], [ 110.285089453012702, -1.936228763391217 ], [ 110.285269116069529, -1.936228763391217 ], [ 110.285269116069529, -1.935869437277569 ], [ 110.285089453012702, -1.935869437277569 ] ] ] } },
{ "type": "Feature", "properties": { "count": 7, "label": 1, "cluster_id": 58 }, "geometry": { "type": "Polygon", "coordinates": [ [ [ 110.285089453012702, -1.936588089504864 ], [ 110.285089453012702, -1.936767752561688 ], [ 110.28490978995589, -1.936767752561688 ], [ 110.28490978995589, -1.937666067845808 ], [ 110.285089453012702, -1.937666067845808 ], [ 110.285089453012702, -1.936947415618512 ], [ 110.285269116069529, -1.936947415618512 ], [ 110.285269116069529, -1.936588089504864 ], [ 110.285089453012702, -1.936588089504864 ] ] ] } },
{ "type": "Feature", "properties": { "count": 2, "label": 1, "cluster_id": 58 }, "geometry": { "type": "Polygon", "coordinates": [ [ [ 110.285089453012702, -1.940361013698166 ], [ 110.285269116069529, -1.940361013698166 ], [ 110.285269116069529, -1.940001687584519 ], [ 110.285089453012702, -1.940001687584519 ], [ 110.285089453012702, -1.940361013698166 ] ] ] } },
{ "type": "Feature", "properties": { "count": 1, "label": 1, "cluster_id": 58 }, "geometry": { "type": "Polygon", "coordinates": [ [ [ 110.285089453012702, -1.94467292706194 ], [ 110.285269116069529, -1.94467292706194 ], [ 110.285269116069529, -1.944493264005116 ], [ 110.285089453012702, -1.944493264005116 ], [ 110.285089453012702, -1.94467292706194 ] ] ] } },
{ "type": "Feature", "properties": { "count": 2, "label": 1, "cluster_id": 58 }, "geometry": { "type": "Polygon", "coordinates": [ [ [ 110.285089453012702, -1.946828883743827 ], [ 110.285269116069529, -1.946828883743827 ], [ 110.285269116069529, -1.946469557630179 ], [ 110.285089453012702, -1.946469557630179 ], [ 110.285089453012702, -1.946828883743827 ] ] ] } },
{ "type": "Feature", "properties": { "count": 1, "label": 1, "cluster_id": 58 }, "geometry": { "type": "Polygon", "coordinates": [ [ [ 110.285089453012702, -1.949703492653009 ], [ 110.285269116069529, -1.949703492653009 ], [ 110.285269116069529, -1.949523829596185 ], [ 110.285089453012702, -1.949523829596185 ], [ 110.285089453012702, -1.949703492653009 ] ] ] } },
{ "type": "Feature", "properties": { "count": 1, "label": 1, "cluster_id": 58 }, "geometry": { "type": "Polygon", "coordinates": [ [ [ 110.285089453012702, -1.954913721300903 ], [ 110.285269116069529, -1.954913721300903 ], [ 110.285269116069529, -1.954734058244079 ], [ 110.285089453012702, -1.954734058244079 ], [ 110.285089453012702, -1.954913721300903 ] ] ] } },
{ "type": "Feature", "properties": { "count": 1, "label": 1, "cluster_id": 58 }, "geometry": { "type": "Polygon", "coordinates": [ [ [ 110.285269116069529, -1.925448979981782 ], [ 110.285448779126355, -1.925448979981782 ], [ 110.285448779126355, -1.925269316924958 ], [ 110.285269116069529, -1.925269316924958 ], [ 110.285269116069529, -1.925448979981782 ] ] ] } },
{ "type": "Feature", "properties": { "count": 1, "label": 1, "cluster_id": 58 }, "geometry": { "type": "Polygon", "coordinates": [ [ [ 110.285269116069529, -1.927784599720493 ], [ 110.285448779126355, -1.927784599720493 ], [ 110.285448779126355, -1.927604936663669 ], [ 110.285269116069529, -1.927604936663669 ], [ 110.285269116069529, -1.927784599720493 ] ] ] } },
{ "type": "Feature", "properties": { "count": 1, "label": 1, "cluster_id": 58 }, "geometry": { "type": "Polygon", "coordinates": [ [ [ 110.285269116069529, -1.929581230288732 ], [ 110.285448779126355, -1.929581230288732 ], [ 110.285448779126355, -1.929401567231908 ], [ 110.285269116069529, -1.929401567231908 ], [ 110.285269116069529, -1.929581230288732 ] ] ] } },
{ "type": "Feature", "properties": { "count": 1, "label": 1, "cluster_id": 58 }, "geometry": { "type": "Polygon", "coordinates": [ [ [ 110.285269116069529, -1.935689774220745 ], [ 110.285448779126355, -1.935689774220745 ], [ 110.285448779126355, -1.935510111163921 ], [ 110.285269116069529, -1.935510111163921 ], [ 110.285269116069529, -1.935689774220745 ] ] ] } },
{ "type": "Feature", "properties": { "count": 1, "label": 1, "cluster_id": 58 }, "geometry": { "type": "Polygon", "coordinates": [ [ [ 110.285269116069529, -1.936588089504864 ], [ 110.285448779126355, -1.936588089504864 ], [ 110.285448779126355, -1.936408426448041 ], [ 110.285269116069529, -1.936408426448041 ], [ 110.285269116069529, -1.936588089504864 ] ] ] } },
{ "type": "Feature", "properties": { "count": 1, "label": 1, "cluster_id": 58 }, "geometry": { "type": "Polygon", "coordinates": [ [ [ 110.285269116069529, -1.937666067845808 ], [ 110.285448779126355, -1.937666067845808 ], [ 110.285448779126355, -1.937486404788984 ], [ 110.285269116069529, -1.937486404788984 ], [ 110.285269116069529, -1.937666067845808 ] ] ] } },
{ "type": "Feature", "properties": { "count": 1, "label": 1, "cluster_id": 58 }, "geometry": { "type": "Polygon", "coordinates": [ [ [ 110.285269116069529, -1.945032253175588 ], [ 110.285448779126355, -1.945032253175588 ], [ 110.285448779126355, -1.944852590118764 ], [ 110.285269116069529, -1.944852590118764 ], [ 110.285269116069529, -1.945032253175588 ] ] ] } },
{ "type": "Feature", "properties": { "count": 1, "label": 1, "cluster_id": 58 }, "geometry": { "type": "Polygon", "coordinates": [ [ [ 110.285269116069529, -1.947367872914299 ], [ 110.285448779126355, -1.947367872914299 ], [ 110.285448779126355, -1.947188209857475 ], [ 110.285269116069529, -1.947188209857475 ], [ 110.285269116069529, -1.947367872914299 ] ] ] } },
{ "type": "Feature", "properties": { "count": 1, "label": 1, "cluster_id": 58 }, "geometry": { "type": "Polygon", "coordinates": [ [ [ 110.285269116069529, -1.95203911239172 ], [ 110.285448779126355, -1.95203911239172 ], [ 110.285448779126355, -1.951859449334896 ], [ 110.285269116069529, -1.951859449334896 ], [ 110.285269116069529, -1.95203911239172 ] ] ] } },
{ "type": "Feature", "properties": { "count": 57, "label": 1, "cluster_id": 58 }, "geometry": { "type": "Polygon", "coordinates": [ [ [ 110.28490978995589, -1.958327319380557 ], [ 110.28490978995589, -1.958506982437381 ], [ 110.284730126899063, -1.958506982437381 ], [ 110.284730126899063, -1.958327319380557 ], [ 110.284550463842237, -1.958327319380557 ], [ 110.284550463842237, -1.958686645494205 ], [ 110.285269116069529, -1.958686645494205 ], [ 110.285269116069529, -1.958866308551029 ], [ 110.285448779126355, -1.958866308551029 ], [ 110.285448779126355, -1.959045971607853 ], [ 110.285628442183182, -1.959045971607853 ], [ 110.285628442183182, -1.959225634664676 ], [ 110.286167431353647, -1.959225634664676 ], [ 110.286167431353647, -1.959944286891972 ], [ 110.285987768296835, -1.959944286891972 ], [ 110.285987768296835, -1.960123949948796 ], [ 110.285808105240008, -1.960123949948796 ], [ 110.285808105240008, -1.960483276062444 ], [ 110.285628442183182, -1.960483276062444 ], [ 110.285628442183182, -1.960842602176091 ], [ 110.285987768296835, -1.960842602176091 ], [ 110.285987768296835, -1.96030361300562 ], [ 110.286167431353647, -1.96030361300562 ], [ 110.286167431353647, -1.960123949948796 ], [ 110.286706420524126, -1.960123949948796 ], [ 110.286706420524126, -1.959764623835148 ], [ 110.286886083580953, -1.959764623835148 ], [ 110.286886083580953, -1.959584960778324 ], [ 110.286706420524126, -1.959584960778324 ], [ 110.286706420524126, -1.959045971607853 ], [ 110.2865267574673, -1.959045971607853 ], [ 110.2865267574673, -1.958686645494205 ], [ 110.286347094410473, -1.958686645494205 ], [ 110.286347094410473, -1.958506982437381 ], [ 110.285448779126355, -1.958506982437381 ], [ 110.285448779126355, -1.958327319380557 ], [ 110.28490978995589, -1.958327319380557 ] ] ] } },
{ "type": "Feature", "properties": { "count": 1, "label": 1, "cluster_id": 58 }, "geometry": { "type": "Polygon", "coordinates": [ [ [ 110.285269116069529, -1.959584960778324 ], [ 110.285448779126355, -1.959584960778324 ], [ 110.285448779126355, -1.9594052977215 ], [ 110.285269116069529, -1.9594052977215 ], [ 110.285269116069529, -1.959584960778324 ] ] ] } },
{ "type": "Feature", "properties": { "count": 2, "label": 1, "cluster_id": 58 }, "geometry": { "type": "Polygon", "coordinates": [ [ [ 110.285448779126355, -1.917364142424707 ], [ 110.285628442183182, -1.917364142424707 ], [ 110.285628442183182, -1.917004816311059 ], [ 110.285448779126355, -1.917004816311059 ], [ 110.285448779126355, -1.917364142424707 ] ] ] } },
{ "type": "Feature", "properties": { "count": 1, "label": 1, "cluster_id": 58 }, "geometry": { "type": "Polygon", "coordinates": [ [ [ 110.285448779126355, -1.922215044958952 ], [ 110.285628442183182, -1.922215044958952 ], [ 110.285628442183182, -1.922035381902128 ], [ 110.285448779126355, -1.922035381902128 ], [ 110.285448779126355, -1.922215044958952 ] ] ] } },
{ "type": "Feature", "properties": { "count": 2, "label": 1, "cluster_id": 58 }, "geometry": { "type": "Polygon", "coordinates": [ [ [ 110.285448779126355, -1.924191338584015 ], [ 110.285628442183182, -1.924191338584015 ], [ 110.285628442183182, -1.923832012470367 ], [ 110.285448779126355, -1.923832012470367 ], [ 110.285448779126355, -1.924191338584015 ] ] ] } },
{ "type": "Feature", "properties": { "count": 5, "label": 1, "cluster_id": 58 }, "geometry": { "type": "Polygon", "coordinates": [ [ [ 110.285448779126355, -1.925987969152254 ], [ 110.285448779126355, -1.926167632209078 ], [ 110.285269116069529, -1.926167632209078 ], [ 110.285269116069529, -1.92670662137955 ], [ 110.285448779126355, -1.92670662137955 ], [ 110.285448779126355, -1.926347295265902 ], [ 110.285628442183182, -1.926347295265902 ], [ 110.285628442183182, -1.925987969152254 ], [ 110.285448779126355, -1.925987969152254 ] ] ] } },
{ "type": "Feature", "properties": { "count": 2, "label": 1, "cluster_id": 58 }, "geometry": { "type": "Polygon", "coordinates": [ [ [ 110.285448779126355, -1.930299882516028 ], [ 110.285628442183182, -1.930299882516028 ], [ 110.285628442183182, -1.92994055640238 ], [ 110.285448779126355, -1.92994055640238 ], [ 110.285448779126355, -1.930299882516028 ] ] ] } },
{ "type": "Feature", "properties": { "count": 1, "label": 1, "cluster_id": 58 }, "geometry": { "type": "Polygon", "coordinates": [ [ [ 110.285448779126355, -1.932096513084267 ], [ 110.285628442183182, -1.932096513084267 ], [ 110.285628442183182, -1.931916850027443 ], [ 110.285448779126355, -1.931916850027443 ], [ 110.285448779126355, -1.932096513084267 ] ] ] } },
{ "type": "Feature", "properties": { "count": 1, "label": 1, "cluster_id": 58 }, "geometry": { "type": "Polygon", "coordinates": [ [ [ 110.285448779126355, -1.933713480595682 ], [ 110.285628442183182, -1.933713480595682 ], [ 110.285628442183182, -1.933533817538858 ], [ 110.285448779126355, -1.933533817538858 ], [ 110.285448779126355, -1.933713480595682 ] ] ] } },
{ "type": "Feature", "properties": { "count": 2, "label": 1, "cluster_id": 58 }, "geometry": { "type": "Polygon", "coordinates": [ [ [ 110.285448779126355, -1.936947415618512 ], [ 110.285628442183182, -1.936947415618512 ], [ 110.285628442183182, -1.936588089504864 ], [ 110.285448779126355, -1.936588089504864 ], [ 110.285448779126355, -1.936947415618512 ] ] ] } },
{ "type": "Feature", "properties": { "count": 1, "label": 1, "cluster_id": 58 }, "geometry": { "type": "Polygon", "coordinates": [ [ [ 110.285448779126355, -1.940181350641343 ], [ 110.285628442183182, -1.940181350641343 ], [ 110.285628442183182, -1.940001687584519 ], [ 110.285448779126355, -1.940001687584519 ], [ 110.285448779126355, -1.940181350641343 ] ] ] } },
{ "type": "Feature", "properties": { "count": 1, "label": 1, "cluster_id": 58 }, "geometry": { "type": "Polygon", "coordinates": [ [ [ 110.285448779126355, -1.940900002868638 ], [ 110.285628442183182, -1.940900002868638 ], [ 110.285628442183182, -1.940720339811814 ], [ 110.285448779126355, -1.940720339811814 ], [ 110.285448779126355, -1.940900002868638 ] ] ] } },
{ "type": "Feature", "properties": { "count": 1, "label": 1, "cluster_id": 58 }, "geometry": { "type": "Polygon", "coordinates": [ [ [ 110.285448779126355, -1.943415285664173 ], [ 110.285628442183182, -1.943415285664173 ], [ 110.285628442183182, -1.943235622607349 ], [ 110.285448779126355, -1.943235622607349 ], [ 110.285448779126355, -1.943415285664173 ] ] ] } },
{ "type": "Feature", "properties": { "count": 1, "label": 1, "cluster_id": 58 }, "geometry": { "type": "Polygon", "coordinates": [ [ [ 110.285448779126355, -1.943954274834645 ], [ 110.285628442183182, -1.943954274834645 ], [ 110.285628442183182, -1.943774611777821 ], [ 110.285448779126355, -1.943774611777821 ], [ 110.285448779126355, -1.943954274834645 ] ] ] } },
{ "type": "Feature", "properties": { "count": 1, "label": 1, "cluster_id": 58 }, "geometry": { "type": "Polygon", "coordinates": [ [ [ 110.285448779126355, -1.951500123221249 ], [ 110.285628442183182, -1.951500123221249 ], [ 110.285628442183182, -1.951320460164425 ], [ 110.285448779126355, -1.951320460164425 ], [ 110.285448779126355, -1.951500123221249 ] ] ] } },
{ "type": "Feature", "properties": { "count": 2, "label": 1, "cluster_id": 58 }, "geometry": { "type": "Polygon", "coordinates": [ [ [ 110.285269116069529, -1.962100243573859 ], [ 110.285628442183182, -1.962100243573859 ], [ 110.285628442183182, -1.961920580517035 ], [ 110.285269116069529, -1.961920580517035 ], [ 110.285269116069529, -1.962100243573859 ] ] ] } },
{ "type": "Feature", "properties": { "count": 6, "label": 1, "cluster_id": 58 }, "geometry": { "type": "Polygon", "coordinates": [ [ [ 110.285448779126355, -1.921496392731656 ], [ 110.285448779126355, -1.92167605578848 ], [ 110.285628442183182, -1.92167605578848 ], [ 110.285628442183182, -1.922035381902128 ], [ 110.286167431353647, -1.922035381902128 ], [ 110.286167431353647, -1.921855718845304 ], [ 110.285808105240008, -1.921855718845304 ], [ 110.285808105240008, -1.921496392731656 ], [ 110.285448779126355, -1.921496392731656 ] ] ] } },
{ "type": "Feature", "properties": { "count": 4, "label": 1, "cluster_id": 58 }, "geometry": { "type": "Polygon", "coordinates": [ [ [ 110.285628442183182, -1.9225743710726 ], [ 110.285628442183182, -1.922933697186248 ], [ 110.285808105240008, -1.922933697186248 ], [ 110.285808105240008, -1.923113360243072 ], [ 110.285987768296835, -1.923113360243072 ], [ 110.285987768296835, -1.922754034129424 ], [ 110.285808105240008, -1.922754034129424 ], [ 110.285808105240008, -1.9225743710726 ], [ 110.285628442183182, -1.9225743710726 ] ] ] } },
{ "type": "Feature", "properties": { "count": 1, "label": 1, "cluster_id": 58 }, "geometry": { "type": "Polygon", "coordinates": [ [ [ 110.285628442183182, -1.925628643038606 ], [ 110.285808105240008, -1.925628643038606 ], [ 110.285808105240008, -1.925448979981782 ], [ 110.285628442183182, -1.925448979981782 ], [ 110.285628442183182, -1.925628643038606 ] ] ] } },
{ "type": "Feature", "properties": { "count": 1, "label": 1, "cluster_id": 58 }, "geometry": { "type": "Polygon", "coordinates": [ [ [ 110.285628442183182, -1.927425273606845 ], [ 110.285808105240008, -1.927425273606845 ], [ 110.285808105240008, -1.927245610550021 ], [ 110.285628442183182, -1.927245610550021 ], [ 110.285628442183182, -1.927425273606845 ] ] ] } },
{ "type": "Feature", "properties": { "count": 1, "label": 1, "cluster_id": 58 }, "geometry": { "type": "Polygon", "coordinates": [ [ [ 110.285628442183182, -1.927784599720493 ], [ 110.285808105240008, -1.927784599720493 ], [ 110.285808105240008, -1.927604936663669 ], [ 110.285628442183182, -1.927604936663669 ], [ 110.285628442183182, -1.927784599720493 ] ] ] } },
{ "type": "Feature", "properties": { "count": 4, "label": 1, "cluster_id": 58 }, "geometry": { "type": "Polygon", "coordinates": [ [ [ 110.285628442183182, -1.931377860856971 ], [ 110.285808105240008, -1.931377860856971 ], [ 110.285808105240008, -1.930659208629676 ], [ 110.285628442183182, -1.930659208629676 ], [ 110.285628442183182, -1.931377860856971 ] ] ] } },
{ "type": "Feature", "properties": { "count": 1, "label": 1, "cluster_id": 58 }, "geometry": { "type": "Polygon", "coordinates": [ [ [ 110.285628442183182, -1.940361013698166 ], [ 110.285808105240008, -1.940361013698166 ], [ 110.285808105240008, -1.940181350641343 ], [ 110.285628442183182, -1.940181350641343 ], [ 110.285628442183182, -1.940361013698166 ] ] ] } },
{ "type": "Feature", "properties": { "count": 1, "label": 1, "cluster_id": 58 }, "geometry": { "type": "Polygon", "coordinates": [ [ [ 110.285628442183182, -1.948086525141594 ], [ 110.285808105240008, -1.948086525141594 ], [ 110.285808105240008, -1.94790686208477 ], [ 110.285628442183182, -1.94790686208477 ], [ 110.285628442183182, -1.948086525141594 ] ] ] } },
{ "type": "Feature", "properties": { "count": 3, "label": 1, "cluster_id": 58 }, "geometry": { "type": "Polygon", "coordinates": [ [ [ 110.285628442183182, -1.950961134050777 ], [ 110.285808105240008, -1.950961134050777 ], [ 110.285808105240008, -1.950422144880305 ], [ 110.285628442183182, -1.950422144880305 ], [ 110.285628442183182, -1.950961134050777 ] ] ] } },
{ "type": "Feature", "properties": { "count": 1, "label": 1, "cluster_id": 58 }, "geometry": { "type": "Polygon", "coordinates": [ [ [ 110.285808105240008, -1.916106501026939 ], [ 110.285987768296835, -1.916106501026939 ], [ 110.285987768296835, -1.915926837970115 ], [ 110.285808105240008, -1.915926837970115 ], [ 110.285808105240008, -1.916106501026939 ] ] ] } },
{ "type": "Feature", "properties": { "count": 1, "label": 1, "cluster_id": 58 }, "geometry": { "type": "Polygon", "coordinates": [ [ [ 110.285808105240008, -1.92670662137955 ], [ 110.285987768296835, -1.92670662137955 ], [ 110.285987768296835, -1.926526958322726 ], [ 110.285808105240008, -1.926526958322726 ], [ 110.285808105240008, -1.92670662137955 ] ] ] } },
{ "type": "Feature", "properties": { "count": 1, "label": 1, "cluster_id": 58 }, "geometry": { "type": "Polygon", "coordinates": [ [ [ 110.285808105240008, -1.927964262777317 ], [ 110.285987768296835, -1.927964262777317 ], [ 110.285987768296835, -1.927784599720493 ], [ 110.285808105240008, -1.927784599720493 ], [ 110.285808105240008, -1.927964262777317 ] ] ] } },
{ "type": "Feature", "properties": { "count": 3, "label": 1, "cluster_id": 58 }, "geometry": { "type": "Polygon", "coordinates": [ [ [ 110.285808105240008, -1.932994828368386 ], [ 110.285808105240008, -1.933354154482034 ], [ 110.286167431353647, -1.933354154482034 ], [ 110.286167431353647, -1.93317449142521 ], [ 110.285987768296835, -1.93317449142521 ], [ 110.285987768296835, -1.932994828368386 ], [ 110.285808105240008, -1.932994828368386 ] ] ] } },
{ "type": "Feature", "properties": { "count": 1, "label": 1, "cluster_id": 58 }, "geometry": { "type": "Polygon", "coordinates": [ [ [ 110.285808105240008, -1.936049100334393 ], [ 110.285987768296835, -1.936049100334393 ], [ 110.285987768296835, -1.935869437277569 ], [ 110.285808105240008, -1.935869437277569 ], [ 110.285808105240008, -1.936049100334393 ] ] ] } },
{ "type": "Feature", "properties": { "count": 1, "label": 1, "cluster_id": 58 }, "geometry": { "type": "Polygon", "coordinates": [ [ [ 110.285808105240008, -1.939283035357223 ], [ 110.285987768296835, -1.939283035357223 ], [ 110.285987768296835, -1.939103372300399 ], [ 110.285808105240008, -1.939103372300399 ], [ 110.285808105240008, -1.939283035357223 ] ] ] } },
{ "type": "Feature", "properties": { "count": 1, "label": 1, "cluster_id": 58 }, "geometry": { "type": "Polygon", "coordinates": [ [ [ 110.285808105240008, -1.943954274834645 ], [ 110.285987768296835, -1.943954274834645 ], [ 110.285987768296835, -1.943774611777821 ], [ 110.285808105240008, -1.943774611777821 ], [ 110.285808105240008, -1.943954274834645 ] ] ] } },
{ "type": "Feature", "properties": { "count": 1, "label": 1, "cluster_id": 58 }, "geometry": { "type": "Polygon", "coordinates": [ [ [ 110.285808105240008, -1.94467292706194 ], [ 110.285987768296835, -1.94467292706194 ], [ 110.285987768296835, -1.944493264005116 ], [ 110.285808105240008, -1.944493264005116 ], [ 110.285808105240008, -1.94467292706194 ] ] ] } },
{ "type": "Feature", "properties": { "count": 1, "label": 1, "cluster_id": 58 }, "geometry": { "type": "Polygon", "coordinates": [ [ [ 110.285808105240008, -1.947727199027947 ], [ 110.285987768296835, -1.947727199027947 ], [ 110.285987768296835, -1.947547535971123 ], [ 110.285808105240008, -1.947547535971123 ], [ 110.285808105240008, -1.947727199027947 ] ] ] } },
{ "type": "Feature", "properties": { "count": 1, "label": 1, "cluster_id": 58 }, "geometry": { "type": "Polygon", "coordinates": [ [ [ 110.285808105240008, -1.95203911239172 ], [ 110.285987768296835, -1.95203911239172 ], [ 110.285987768296835, -1.951859449334896 ], [ 110.285808105240008, -1.951859449334896 ], [ 110.285808105240008, -1.95203911239172 ] ] ] } },
{ "type": "Feature", "properties": { "count": 2, "label": 1, "cluster_id": 58 }, "geometry": { "type": "Polygon", "coordinates": [ [ [ 110.285628442183182, -1.955812036585022 ], [ 110.285987768296835, -1.955812036585022 ], [ 110.285987768296835, -1.955632373528198 ], [ 110.285628442183182, -1.955632373528198 ], [ 110.285628442183182, -1.955812036585022 ] ] ] } },
{ "type": "Feature", "properties": { "count": 1, "label": 1, "cluster_id": 58 }, "geometry": { "type": "Polygon", "coordinates": [ [ [ 110.285987768296835, -1.924550664697663 ], [ 110.286167431353647, -1.924550664697663 ], [ 110.286167431353647, -1.924371001640839 ], [ 110.285987768296835, -1.924371001640839 ], [ 110.285987768296835, -1.924550664697663 ] ] ] } },
{ "type": "Feature", "properties": { "count": 1, "label": 1, "cluster_id": 58 }, "geometry": { "type": "Polygon", "coordinates": [ [ [ 110.285987768296835, -1.931737186970619 ], [ 110.286167431353647, -1.931737186970619 ], [ 110.286167431353647, -1.931557523913795 ], [ 110.285987768296835, -1.931557523913795 ], [ 110.285987768296835, -1.931737186970619 ] ] ] } },
{ "type": "Feature", "properties": { "count": 3, "label": 1, "cluster_id": 58 }, "geometry": { "type": "Polygon", "coordinates": [ [ [ 110.285987768296835, -1.94143899203911 ], [ 110.286167431353647, -1.94143899203911 ], [ 110.286167431353647, -1.940900002868638 ], [ 110.285987768296835, -1.940900002868638 ], [ 110.285987768296835, -1.94143899203911 ] ] ] } },
{ "type": "Feature", "properties": { "count": 1, "label": 1, "cluster_id": 58 }, "geometry": { "type": "Polygon", "coordinates": [ [ [ 110.285987768296835, -1.944313600948292 ], [ 110.286167431353647, -1.944313600948292 ], [ 110.286167431353647, -1.944133937891468 ], [ 110.285987768296835, -1.944133937891468 ], [ 110.285987768296835, -1.944313600948292 ] ] ] } },
{ "type": "Feature", "properties": { "count": 1, "label": 1, "cluster_id": 58 }, "geometry": { "type": "Polygon", "coordinates": [ [ [ 110.285987768296835, -1.947188209857475 ], [ 110.286167431353647, -1.947188209857475 ], [ 110.286167431353647, -1.947008546800651 ], [ 110.285987768296835, -1.947008546800651 ], [ 110.285987768296835, -1.947188209857475 ] ] ] } },
{ "type": "Feature", "properties": { "count": 1, "label": 1, "cluster_id": 58 }, "geometry": { "type": "Polygon", "coordinates": [ [ [ 110.285987768296835, -1.952398438505368 ], [ 110.286167431353647, -1.952398438505368 ], [ 110.286167431353647, -1.952218775448544 ], [ 110.285987768296835, -1.952218775448544 ], [ 110.285987768296835, -1.952398438505368 ] ] ] } },
{ "type": "Feature", "properties": { "count": 1, "label": 1, "cluster_id": 58 }, "geometry": { "type": "Polygon", "coordinates": [ [ [ 110.285987768296835, -1.955632373528198 ], [ 110.286167431353647, -1.955632373528198 ], [ 110.286167431353647, -1.955452710471374 ], [ 110.285987768296835, -1.955452710471374 ], [ 110.285987768296835, -1.955632373528198 ] ] ] } },
{ "type": "Feature", "properties": { "count": 27, "label": 1, "cluster_id": 58 }, "geometry": { "type": "Polygon", "coordinates": [ [ [ 110.286167431353647, -1.915926837970115 ], [ 110.286167431353647, -1.916465827140587 ], [ 110.2865267574673, -1.916465827140587 ], [ 110.2865267574673, -1.917184479367883 ], [ 110.286706420524126, -1.917184479367883 ], [ 110.286706420524126, -1.917004816311059 ], [ 110.286886083580953, -1.917004816311059 ], [ 110.286886083580953, -1.917364142424707 ], [ 110.287425072751418, -1.917364142424707 ], [ 110.287425072751418, -1.917004816311059 ], [ 110.287245409694592, -1.917004816311059 ], [ 110.287245409694592, -1.917184479367883 ], [ 110.287065746637765, -1.917184479367883 ], [ 110.287065746637765, -1.917004816311059 ], [ 110.287245409694592, -1.917004816311059 ], [ 110.287245409694592, -1.916645490197411 ], [ 110.287065746637765, -1.916645490197411 ], [ 110.287065746637765, -1.916286164083763 ], [ 110.286886083580953, -1.916286164083763 ], [ 110.286886083580953, -1.916106501026939 ], [ 110.286347094410473, -1.916106501026939 ], [ 110.286347094410473, -1.915926837970115 ], [ 110.286167431353647, -1.915926837970115 ] ] ] } },
{ "type": "Feature", "properties": { "count": 18, "label": 1, "cluster_id": 58 }, "geometry": { "type": "Polygon", "coordinates": [ [ [ 110.285808105240008, -1.917004816311059 ], [ 110.285808105240008, -1.917364142424707 ], [ 110.285628442183182, -1.917364142424707 ], [ 110.285628442183182, -1.917903131595178 ], [ 110.285808105240008, -1.917903131595178 ], [ 110.285808105240008, -1.918082794652002 ], [ 110.285987768296835, -1.918082794652002 ], [ 110.285987768296835, -1.917903131595178 ], [ 110.286167431353647, -1.917903131595178 ], [ 110.286167431353647, -1.917543805481531 ], [ 110.286347094410473, -1.917543805481531 ], [ 110.286347094410473, -1.917364142424707 ], [ 110.2865267574673, -1.917364142424707 ], [ 110.2865267574673, -1.917184479367883 ], [ 110.286347094410473, -1.917184479367883 ], [ 110.286347094410473, -1.917004816311059 ], [ 110.285808105240008, -1.917004816311059 ] ] ] } },
{ "type": "Feature", "properties": { "count": 5, "label": 1, "cluster_id": 58 }, "geometry": { "type": "Polygon", "coordinates": [ [ [ 110.286167431353647, -1.924011675527191 ], [ 110.286167431353647, -1.924371001640839 ], [ 110.286347094410473, -1.924371001640839 ], [ 110.286347094410473, -1.924730327754487 ], [ 110.2865267574673, -1.924730327754487 ], [ 110.2865267574673, -1.924191338584015 ], [ 110.286347094410473, -1.924191338584015 ], [ 110.286347094410473, -1.924011675527191 ], [ 110.286167431353647, -1.924011675527191 ] ] ] } },
{ "type": "Feature", "properties": { "count": 1, "label": 1, "cluster_id": 58 }, "geometry": { "type": "Polygon", "coordinates": [ [ [ 110.286167431353647, -1.926886284436374 ], [ 110.286347094410473, -1.926886284436374 ], [ 110.286347094410473, -1.92670662137955 ], [ 110.286167431353647, -1.92670662137955 ], [ 110.286167431353647, -1.926886284436374 ] ] ] } },
{ "type": "Feature", "properties": { "count": 1, "label": 1, "cluster_id": 58 }, "geometry": { "type": "Polygon", "coordinates": [ [ [ 110.286167431353647, -1.928323588890965 ], [ 110.286347094410473, -1.928323588890965 ], [ 110.286347094410473, -1.928143925834141 ], [ 110.286167431353647, -1.928143925834141 ], [ 110.286167431353647, -1.928323588890965 ] ] ] } },
{ "type": "Feature", "properties": { "count": 1, "label": 1, "cluster_id": 58 }, "geometry": { "type": "Polygon", "coordinates": [ [ [ 110.286167431353647, -1.92904224111826 ], [ 110.286347094410473, -1.92904224111826 ], [ 110.286347094410473, -1.928862578061437 ], [ 110.286167431353647, -1.928862578061437 ], [ 110.286167431353647, -1.92904224111826 ] ] ] } },
{ "type": "Feature", "properties": { "count": 3, "label": 1, "cluster_id": 58 }, "geometry": { "type": "Polygon", "coordinates": [ [ [ 110.286167431353647, -1.930659208629676 ], [ 110.286347094410473, -1.930659208629676 ], [ 110.286347094410473, -1.930120219459204 ], [ 110.286167431353647, -1.930120219459204 ], [ 110.286167431353647, -1.930659208629676 ] ] ] } },
{ "type": "Feature", "properties": { "count": 2, "label": 1, "cluster_id": 58 }, "geometry": { "type": "Polygon", "coordinates": [ [ [ 110.286167431353647, -1.935150785050273 ], [ 110.286347094410473, -1.935150785050273 ], [ 110.286347094410473, -1.934791458936625 ], [ 110.286167431353647, -1.934791458936625 ], [ 110.286167431353647, -1.935150785050273 ] ] ] } },
{ "type": "Feature", "properties": { "count": 1, "label": 1, "cluster_id": 58 }, "geometry": { "type": "Polygon", "coordinates": [ [ [ 110.286167431353647, -1.938564383129927 ], [ 110.286347094410473, -1.938564383129927 ], [ 110.286347094410473, -1.938384720073103 ], [ 110.286167431353647, -1.938384720073103 ], [ 110.286167431353647, -1.938564383129927 ] ] ] } },
{ "type": "Feature", "properties": { "count": 1, "label": 1, "cluster_id": 58 }, "geometry": { "type": "Polygon", "coordinates": [ [ [ 110.286167431353647, -1.951500123221249 ], [ 110.286347094410473, -1.951500123221249 ], [ 110.286347094410473, -1.951320460164425 ], [ 110.286167431353647, -1.951320460164425 ], [ 110.286167431353647, -1.951500123221249 ] ] ] } },
{ "type": "Feature", "properties": { "count": 7, "label": 1, "cluster_id": 58 }, "geometry": { "type": "Polygon", "coordinates": [ [ [ 110.285987768296835, -1.936588089504864 ], [ 110.285987768296835, -1.936947415618512 ], [ 110.286706420524126, -1.936947415618512 ], [ 110.286706420524126, -1.936767752561688 ], [ 110.2865267574673, -1.936767752561688 ], [ 110.2865267574673, -1.936588089504864 ], [ 110.285987768296835, -1.936588089504864 ] ] ] } },
{ "type": "Feature", "properties": { "count": 1, "label": 1, "cluster_id": 58 }, "geometry": { "type": "Polygon", "coordinates": [ [ [ 110.286347094410473, -1.937666067845808 ], [ 110.2865267574673, -1.937666067845808 ], [ 110.2865267574673, -1.937486404788984 ], [ 110.286347094410473, -1.937486404788984 ], [ 110.286347094410473, -1.937666067845808 ] ] ] } },
{ "type": "Feature", "properties": { "count": 1, "label": 1, "cluster_id": 58 }, "geometry": { "type": "Polygon", "coordinates": [ [ [ 110.286347094410473, -1.938384720073103 ], [ 110.2865267574673, -1.938384720073103 ], [ 110.2865267574673, -1.93820505701628 ], [ 110.286347094410473, -1.93820505701628 ], [ 110.286347094410473, -1.938384720073103 ] ] ] } },
{ "type": "Feature", "properties": { "count": 4, "label": 1, "cluster_id": 58 }, "geometry": { "type": "Polygon", "coordinates": [ [ [ 110.286347094410473, -1.938564383129927 ], [ 110.286347094410473, -1.938744046186751 ], [ 110.286167431353647, -1.938744046186751 ], [ 110.286167431353647, -1.939103372300399 ], [ 110.286347094410473, -1.939103372300399 ], [ 110.286347094410473, -1.938923709243575 ], [ 110.2865267574673, -1.938923709243575 ], [ 110.2865267574673, -1.938564383129927 ], [ 110.286347094410473, -1.938564383129927 ] ] ] } },
{ "type": "Feature", "properties": { "count": 1, "label": 1, "cluster_id": 58 }, "geometry": { "type": "Polygon", "coordinates": [ [ [ 110.286347094410473, -1.943415285664173 ], [ 110.2865267574673, -1.943415285664173 ], [ 110.2865267574673, -1.943235622607349 ], [ 110.286347094410473, -1.943235622607349 ], [ 110.286347094410473, -1.943415285664173 ] ] ] } },
{ "type": "Feature", "properties": { "count": 1, "label": 1, "cluster_id": 58 }, "geometry": { "type": "Polygon", "coordinates": [ [ [ 110.286347094410473, -1.949883155709833 ], [ 110.2865267574673, -1.949883155709833 ], [ 110.2865267574673, -1.949703492653009 ], [ 110.286347094410473, -1.949703492653009 ], [ 110.286347094410473, -1.949883155709833 ] ] ] } },
{ "type": "Feature", "properties": { "count": 2, "label": 1, "cluster_id": 58 }, "geometry": { "type": "Polygon", "coordinates": [ [ [ 110.286347094410473, -1.91844212076565 ], [ 110.286706420524126, -1.91844212076565 ], [ 110.286706420524126, -1.918262457708826 ], [ 110.286347094410473, -1.918262457708826 ], [ 110.286347094410473, -1.91844212076565 ] ] ] } },
{ "type": "Feature", "properties": { "count": 15, "label": 1, "cluster_id": 58 }, "geometry": { "type": "Polygon", "coordinates": [ [ [ 110.285808105240008, -1.920777740504361 ], [ 110.285808105240008, -1.920957403561185 ], [ 110.285448779126355, -1.920957403561185 ], [ 110.285448779126355, -1.921316729674833 ], [ 110.285987768296835, -1.921316729674833 ], [ 110.285987768296835, -1.920957403561185 ], [ 110.286167431353647, -1.920957403561185 ], [ 110.286167431353647, -1.921137066618009 ], [ 110.286347094410473, -1.921137066618009 ], [ 110.286347094410473, -1.920957403561185 ], [ 110.2865267574673, -1.920957403561185 ], [ 110.2865267574673, -1.921137066618009 ], [ 110.286706420524126, -1.921137066618009 ], [ 110.286706420524126, -1.921316729674833 ], [ 110.286886083580953, -1.921316729674833 ], [ 110.286886083580953, -1.920957403561185 ], [ 110.286706420524126, -1.920957403561185 ], [ 110.286706420524126, -1.920777740504361 ], [ 110.285808105240008, -1.920777740504361 ] ] ] } },
{ "type": "Feature", "properties": { "count": 1, "label": 1, "cluster_id": 58 }, "geometry": { "type": "Polygon", "coordinates": [ [ [ 110.2865267574673, -1.921496392731656 ], [ 110.286706420524126, -1.921496392731656 ], [ 110.286706420524126, -1.921316729674833 ], [ 110.2865267574673, -1.921316729674833 ], [ 110.2865267574673, -1.921496392731656 ] ] ] } },
{ "type": "Feature", "properties": { "count": 1, "label": 1, "cluster_id": 58 }, "geometry": { "type": "Polygon", "coordinates": [ [ [ 110.2865267574673, -1.922933697186248 ], [ 110.286706420524126, -1.922933697186248 ], [ 110.286706420524126, -1.922754034129424 ], [ 110.2865267574673, -1.922754034129424 ], [ 110.2865267574673, -1.922933697186248 ] ] ] } },
{ "type": "Feature", "properties": { "count": 1, "label": 1, "cluster_id": 58 }, "geometry": { "type": "Polygon", "coordinates": [ [ [ 110.2865267574673, -1.926526958322726 ], [ 110.286706420524126, -1.926526958322726 ], [ 110.286706420524126, -1.926347295265902 ], [ 110.2865267574673, -1.926347295265902 ], [ 110.2865267574673, -1.926526958322726 ] ] ] } },
{ "type": "Feature", "properties": { "count": 1, "label": 1, "cluster_id": 58 }, "geometry": { "type": "Polygon", "coordinates": [ [ [ 110.2865267574673, -1.926886284436374 ], [ 110.286706420524126, -1.926886284436374 ], [ 110.286706420524126, -1.92670662137955 ], [ 110.2865267574673, -1.92670662137955 ], [ 110.2865267574673, -1.926886284436374 ] ] ] } },
{ "type": "Feature", "properties": { "count": 1, "label": 1, "cluster_id": 58 }, "geometry": { "type": "Polygon", "coordinates": [ [ [ 110.2865267574673, -1.927784599720493 ], [ 110.286706420524126, -1.927784599720493 ], [ 110.286706420524126, -1.927604936663669 ], [ 110.2865267574673, -1.927604936663669 ], [ 110.2865267574673, -1.927784599720493 ] ] ] } },
{ "type": "Feature", "properties": { "count": 1, "label": 1, "cluster_id": 58 }, "geometry": { "type": "Polygon", "coordinates": [ [ [ 110.2865267574673, -1.929401567231908 ], [ 110.286706420524126, -1.929401567231908 ], [ 110.286706420524126, -1.929221904175084 ], [ 110.2865267574673, -1.929221904175084 ], [ 110.2865267574673, -1.929401567231908 ] ] ] } },
{ "type": "Feature", "properties": { "count": 2, "label": 1, "cluster_id": 58 }, "geometry": { "type": "Polygon", "coordinates": [ [ [ 110.2865267574673, -1.931377860856971 ], [ 110.286706420524126, -1.931377860856971 ], [ 110.286706420524126, -1.931018534743323 ], [ 110.2865267574673, -1.931018534743323 ], [ 110.2865267574673, -1.931377860856971 ] ] ] } },
{ "type": "Feature", "properties": { "count": 1, "label": 1, "cluster_id": 58 }, "geometry": { "type": "Polygon", "coordinates": [ [ [ 110.2865267574673, -1.932096513084267 ], [ 110.286706420524126, -1.932096513084267 ], [ 110.286706420524126, -1.931916850027443 ], [ 110.2865267574673, -1.931916850027443 ], [ 110.2865267574673, -1.932096513084267 ] ] ] } },
{ "type": "Feature", "properties": { "count": 2, "label": 1, "cluster_id": 58 }, "geometry": { "type": "Polygon", "coordinates": [ [ [ 110.2865267574673, -1.93820505701628 ], [ 110.286706420524126, -1.93820505701628 ], [ 110.286706420524126, -1.937845730902632 ], [ 110.2865267574673, -1.937845730902632 ], [ 110.2865267574673, -1.93820505701628 ] ] ] } },
{ "type": "Feature", "properties": { "count": 1, "label": 1, "cluster_id": 58 }, "geometry": { "type": "Polygon", "coordinates": [ [ [ 110.2865267574673, -1.940361013698166 ], [ 110.286706420524126, -1.940361013698166 ], [ 110.286706420524126, -1.940181350641343 ], [ 110.2865267574673, -1.940181350641343 ], [ 110.2865267574673, -1.940361013698166 ] ] ] } },
{ "type": "Feature", "properties": { "count": 3, "label": 1, "cluster_id": 58 }, "geometry": { "type": "Polygon", "coordinates": [ [ [ 110.2865267574673, -1.946110231516531 ], [ 110.2865267574673, -1.946289894573355 ], [ 110.286347094410473, -1.946289894573355 ], [ 110.286347094410473, -1.946469557630179 ], [ 110.286706420524126, -1.946469557630179 ], [ 110.286706420524126, -1.946110231516531 ], [ 110.2865267574673, -1.946110231516531 ] ] ] } },
{ "type": "Feature", "properties": { "count": 1, "label": 1, "cluster_id": 58 }, "geometry": { "type": "Polygon", "coordinates": [ [ [ 110.2865267574673, -1.947188209857475 ], [ 110.286706420524126, -1.947188209857475 ], [ 110.286706420524126, -1.947008546800651 ], [ 110.2865267574673, -1.947008546800651 ], [ 110.2865267574673, -1.947188209857475 ] ] ] } },
{ "type": "Feature", "properties": { "count": 1, "label": 1, "cluster_id": 58 }, "geometry": { "type": "Polygon", "coordinates": [ [ [ 110.2865267574673, -1.955452710471374 ], [ 110.286706420524126, -1.955452710471374 ], [ 110.286706420524126, -1.955273047414551 ], [ 110.2865267574673, -1.955273047414551 ], [ 110.2865267574673, -1.955452710471374 ] ] ] } },
{ "type": "Feature", "properties": { "count": 1, "label": 1, "cluster_id": 58 }, "geometry": { "type": "Polygon", "coordinates": [ [ [ 110.2865267574673, -1.955812036585022 ], [ 110.286706420524126, -1.955812036585022 ], [ 110.286706420524126, -1.955632373528198 ], [ 110.2865267574673, -1.955632373528198 ], [ 110.2865267574673, -1.955812036585022 ] ] ] } },
{ "type": "Feature", "properties": { "count": 1, "label": 1, "cluster_id": 58 }, "geometry": { "type": "Polygon", "coordinates": [ [ [ 110.286706420524126, -1.918082794652002 ], [ 110.286886083580953, -1.918082794652002 ], [ 110.286886083580953, -1.917903131595178 ], [ 110.286706420524126, -1.917903131595178 ], [ 110.286706420524126, -1.918082794652002 ] ] ] } },
{ "type": "Feature", "properties": { "count": 1, "label": 1, "cluster_id": 58 }, "geometry": { "type": "Polygon", "coordinates": [ [ [ 110.286706420524126, -1.92670662137955 ], [ 110.286886083580953, -1.92670662137955 ], [ 110.286886083580953, -1.926526958322726 ], [ 110.286706420524126, -1.926526958322726 ], [ 110.286706420524126, -1.92670662137955 ] ] ] } },
{ "type": "Feature", "properties": { "count": 1, "label": 1, "cluster_id": 58 }, "geometry": { "type": "Polygon", "coordinates": [ [ [ 110.286706420524126, -1.931737186970619 ], [ 110.286886083580953, -1.931737186970619 ], [ 110.286886083580953, -1.931557523913795 ], [ 110.286706420524126, -1.931557523913795 ], [ 110.286706420524126, -1.931737186970619 ] ] ] } },
{ "type": "Feature", "properties": { "count": 1, "label": 1, "cluster_id": 58 }, "geometry": { "type": "Polygon", "coordinates": [ [ [ 110.286706420524126, -1.936767752561688 ], [ 110.286886083580953, -1.936767752561688 ], [ 110.286886083580953, -1.936588089504864 ], [ 110.286706420524126, -1.936588089504864 ], [ 110.286706420524126, -1.936767752561688 ] ] ] } },
{ "type": "Feature", "properties": { "count": 1, "label": 1, "cluster_id": 58 }, "geometry": { "type": "Polygon", "coordinates": [ [ [ 110.286706420524126, -1.947727199027947 ], [ 110.286886083580953, -1.947727199027947 ], [ 110.286886083580953, -1.947547535971123 ], [ 110.286706420524126, -1.947547535971123 ], [ 110.286706420524126, -1.947727199027947 ] ] ] } },
{ "type": "Feature", "properties": { "count": 2, "label": 1, "cluster_id": 58 }, "geometry": { "type": "Polygon", "coordinates": [ [ [ 110.286886083580953, -1.927964262777317 ], [ 110.287065746637765, -1.927964262777317 ], [ 110.287065746637765, -1.927604936663669 ], [ 110.286886083580953, -1.927604936663669 ], [ 110.286886083580953, -1.927964262777317 ] ] ] } },
{ "type": "Feature", "properties": { "count": 2, "label": 1, "cluster_id": 58 }, "geometry": { "type": "Polygon", "coordinates": [ [ [ 110.286886083580953, -1.929401567231908 ], [ 110.287065746637765, -1.929401567231908 ], [ 110.287065746637765, -1.92904224111826 ], [ 110.286886083580953, -1.92904224111826 ], [ 110.286886083580953, -1.929401567231908 ] ] ] } },
{ "type": "Feature", "properties": { "count": 1, "label": 1, "cluster_id": 58 }, "geometry": { "type": "Polygon", "coordinates": [ [ [ 110.286886083580953, -1.936408426448041 ], [ 110.287065746637765, -1.936408426448041 ], [ 110.287065746637765, -1.936228763391217 ], [ 110.286886083580953, -1.936228763391217 ], [ 110.286886083580953, -1.936408426448041 ] ] ] } },
{ "type": "Feature", "properties": { "count": 1, "label": 1, "cluster_id": 58 }, "geometry": { "type": "Polygon", "coordinates": [ [ [ 110.286886083580953, -1.946469557630179 ], [ 110.287065746637765, -1.946469557630179 ], [ 110.287065746637765, -1.946289894573355 ], [ 110.286886083580953, -1.946289894573355 ], [ 110.286886083580953, -1.946469557630179 ] ] ] } },
{ "type": "Feature", "properties": { "count": 1, "label": 1, "cluster_id": 58 }, "geometry": { "type": "Polygon", "coordinates": [ [ [ 110.286886083580953, -1.95203911239172 ], [ 110.287065746637765, -1.95203911239172 ], [ 110.287065746637765, -1.951859449334896 ], [ 110.286886083580953, -1.951859449334896 ], [ 110.286886083580953, -1.95203911239172 ] ] ] } },
{ "type": "Feature", "properties": { "count": 1, "label": 1, "cluster_id": 58 }, "geometry": { "type": "Polygon", "coordinates": [ [ [ 110.287065746637765, -1.928143925834141 ], [ 110.287245409694592, -1.928143925834141 ], [ 110.287245409694592, -1.927964262777317 ], [ 110.287065746637765, -1.927964262777317 ], [ 110.287065746637765, -1.928143925834141 ] ] ] } },
{ "type": "Feature", "properties": { "count": 1, "label": 1, "cluster_id": 58 }, "geometry": { "type": "Polygon", "coordinates": [ [ [ 110.287065746637765, -1.930838871686499 ], [ 110.287245409694592, -1.930838871686499 ], [ 110.287245409694592, -1.930659208629676 ], [ 110.287065746637765, -1.930659208629676 ], [ 110.287065746637765, -1.930838871686499 ] ] ] } },
{ "type": "Feature", "properties": { "count": 1, "label": 1, "cluster_id": 58 }, "geometry": { "type": "Polygon", "coordinates": [ [ [ 110.287065746637765, -1.931198197800147 ], [ 110.287245409694592, -1.931198197800147 ], [ 110.287245409694592, -1.931018534743323 ], [ 110.287065746637765, -1.931018534743323 ], [ 110.287065746637765, -1.931198197800147 ] ] ] } },
{ "type": "Feature", "properties": { "count": 1, "label": 1, "cluster_id": 58 }, "geometry": { "type": "Polygon", "coordinates": [ [ [ 110.287065746637765, -1.944852590118764 ], [ 110.287245409694592, -1.944852590118764 ], [ 110.287245409694592, -1.94467292706194 ], [ 110.287065746637765, -1.94467292706194 ], [ 110.287065746637765, -1.944852590118764 ] ] ] } },
{ "type": "Feature", "properties": { "count": 2, "label": 1, "cluster_id": 58 }, "geometry": { "type": "Polygon", "coordinates": [ [ [ 110.286886083580953, -1.948266188198418 ], [ 110.287245409694592, -1.948266188198418 ], [ 110.287245409694592, -1.948086525141594 ], [ 110.286886083580953, -1.948086525141594 ], [ 110.286886083580953, -1.948266188198418 ] ] ] } },
{ "type": "Feature", "properties": { "count": 1, "label": 1, "cluster_id": 58 }, "geometry": { "type": "Polygon", "coordinates": [ [ [ 110.287065746637765, -1.950422144880305 ], [ 110.287245409694592, -1.950422144880305 ], [ 110.287245409694592, -1.950242481823481 ], [ 110.287065746637765, -1.950242481823481 ], [ 110.287065746637765, -1.950422144880305 ] ] ] } },
{ "type": "Feature", "properties": { "count": 1, "label": 1, "cluster_id": 58 }, "geometry": { "type": "Polygon", "coordinates": [ [ [ 110.287065746637765, -1.950781470993953 ], [ 110.287245409694592, -1.950781470993953 ], [ 110.287245409694592, -1.950601807937129 ], [ 110.287065746637765, -1.950601807937129 ], [ 110.287065746637765, -1.950781470993953 ] ] ] } },
{ "type": "Feature", "properties": { "count": 3, "label": 1, "cluster_id": 58 }, "geometry": { "type": "Polygon", "coordinates": [ [ [ 110.286706420524126, -1.955632373528198 ], [ 110.287245409694592, -1.955632373528198 ], [ 110.287245409694592, -1.955452710471374 ], [ 110.286706420524126, -1.955452710471374 ], [ 110.286706420524126, -1.955632373528198 ] ] ] } },
{ "type": "Feature", "properties": { "count": 2, "label": 1, "cluster_id": 58 }, "geometry": { "type": "Polygon", "coordinates": [ [ [ 110.287245409694592, -1.929581230288732 ], [ 110.287425072751418, -1.929581230288732 ], [ 110.287425072751418, -1.929221904175084 ], [ 110.287245409694592, -1.929221904175084 ], [ 110.287245409694592, -1.929581230288732 ] ] ] } },
{ "type": "Feature", "properties": { "count": 1, "label": 1, "cluster_id": 58 }, "geometry": { "type": "Polygon", "coordinates": [ [ [ 110.287245409694592, -1.930299882516028 ], [ 110.287425072751418, -1.930299882516028 ], [ 110.287425072751418, -1.930120219459204 ], [ 110.287245409694592, -1.930120219459204 ], [ 110.287245409694592, -1.930299882516028 ] ] ] } },
{ "type": "Feature", "properties": { "count": 1, "label": 1, "cluster_id": 58 }, "geometry": { "type": "Polygon", "coordinates": [ [ [ 110.287245409694592, -1.930659208629676 ], [ 110.287425072751418, -1.930659208629676 ], [ 110.287425072751418, -1.930479545572852 ], [ 110.287245409694592, -1.930479545572852 ], [ 110.287245409694592, -1.930659208629676 ] ] ] } },
{ "type": "Feature", "properties": { "count": 1, "label": 1, "cluster_id": 58 }, "geometry": { "type": "Polygon", "coordinates": [ [ [ 110.287245409694592, -1.931018534743323 ], [ 110.287425072751418, -1.931018534743323 ], [ 110.287425072751418, -1.930838871686499 ], [ 110.287245409694592, -1.930838871686499 ], [ 110.287245409694592, -1.931018534743323 ] ] ] } },
{ "type": "Feature", "properties": { "count": 1, "label": 1, "cluster_id": 58 }, "geometry": { "type": "Polygon", "coordinates": [ [ [ 110.287245409694592, -1.940720339811814 ], [ 110.287425072751418, -1.940720339811814 ], [ 110.287425072751418, -1.94054067675499 ], [ 110.287245409694592, -1.94054067675499 ], [ 110.287245409694592, -1.940720339811814 ] ] ] } },
{ "type": "Feature", "properties": { "count": 1, "label": 1, "cluster_id": 58 }, "geometry": { "type": "Polygon", "coordinates": [ [ [ 110.287245409694592, -1.949703492653009 ], [ 110.287425072751418, -1.949703492653009 ], [ 110.287425072751418, -1.949523829596185 ], [ 110.287245409694592, -1.949523829596185 ], [ 110.287245409694592, -1.949703492653009 ] ] ] } },
{ "type": "Feature", "properties": { "count": 90, "label": 1, "cluster_id": 58 }, "geometry": { "type": "Polygon", "coordinates": [ [ [ 110.287065746637765, -1.952398438505368 ], [ 110.287065746637765, -1.952578101562192 ], [ 110.286886083580953, -1.952578101562192 ], [ 110.286886083580953, -1.952757764619016 ], [ 110.2865267574673, -1.952757764619016 ], [ 110.2865267574673, -1.952578101562192 ], [ 110.285987768296835, -1.952578101562192 ], [ 110.285987768296835, -1.952757764619016 ], [ 110.285808105240008, -1.952757764619016 ], [ 110.285808105240008, -1.95293742767584 ], [ 110.285448779126355, -1.95293742767584 ], [ 110.285448779126355, -1.952757764619016 ], [ 110.285269116069529, -1.952757764619016 ], [ 110.285269116069529, -1.953117090732664 ], [ 110.284730126899063, -1.953117090732664 ], [ 110.284730126899063, -1.953296753789487 ], [ 110.28490978995589, -1.953296753789487 ], [ 110.28490978995589, -1.953656079903135 ], [ 110.284730126899063, -1.953656079903135 ], [ 110.284730126899063, -1.953835742959959 ], [ 110.28490978995589, -1.953835742959959 ], [ 110.28490978995589, -1.954015406016783 ], [ 110.285808105240008, -1.954015406016783 ], [ 110.285808105240008, -1.953835742959959 ], [ 110.286706420524126, -1.953835742959959 ], [ 110.286706420524126, -1.953656079903135 ], [ 110.286886083580953, -1.953656079903135 ], [ 110.286886083580953, -1.953476416846311 ], [ 110.287604735808245, -1.953476416846311 ], [ 110.287604735808245, -1.953296753789487 ], [ 110.287784398865071, -1.953296753789487 ], [ 110.287784398865071, -1.953117090732664 ], [ 110.287604735808245, -1.953117090732664 ], [ 110.287604735808245, -1.95293742767584 ], [ 110.287425072751418, -1.95293742767584 ], [ 110.287425072751418, -1.952398438505368 ], [ 110.287065746637765, -1.952398438505368 ] ] ] } },
{ "type": "Feature", "properties": { "count": 2, "label": 1, "cluster_id": 58 }, "geometry": { "type": "Polygon", "coordinates": [ [ [ 110.287425072751418, -1.922754034129424 ], [ 110.287604735808245, -1.922754034129424 ], [ 110.287604735808245, -1.922394708015776 ], [ 110.287425072751418, -1.922394708015776 ], [ 110.287425072751418, -1.922754034129424 ] ] ] } },
{ "type": "Feature", "properties": { "count": 1, "label": 1, "cluster_id": 58 }, "geometry": { "type": "Polygon", "coordinates": [ [ [ 110.287425072751418, -1.924730327754487 ], [ 110.287604735808245, -1.924730327754487 ], [ 110.287604735808245, -1.924550664697663 ], [ 110.287425072751418, -1.924550664697663 ], [ 110.287425072751418, -1.924730327754487 ] ] ] } },
{ "type": "Feature", "properties": { "count": 1, "label": 1, "cluster_id": 58 }, "geometry": { "type": "Polygon", "coordinates": [ [ [ 110.287425072751418, -1.928503251947789 ], [ 110.287604735808245, -1.928503251947789 ], [ 110.287604735808245, -1.928323588890965 ], [ 110.287425072751418, -1.928323588890965 ], [ 110.287425072751418, -1.928503251947789 ] ] ] } },
{ "type": "Feature", "properties": { "count": 1, "label": 1, "cluster_id": 58 }, "geometry": { "type": "Polygon", "coordinates": [ [ [ 110.287425072751418, -1.930838871686499 ], [ 110.287604735808245, -1.930838871686499 ], [ 110.287604735808245, -1.930659208629676 ], [ 110.287425072751418, -1.930659208629676 ], [ 110.287425072751418, -1.930838871686499 ] ] ] } },
{ "type": "Feature", "properties": { "count": 1, "label": 1, "cluster_id": 58 }, "geometry": { "type": "Polygon", "coordinates": [ [ [ 110.287425072751418, -1.944493264005116 ], [ 110.287604735808245, -1.944493264005116 ], [ 110.287604735808245, -1.944313600948292 ], [ 110.287425072751418, -1.944313600948292 ], [ 110.287425072751418, -1.944493264005116 ] ] ] } },
{ "type": "Feature", "properties": { "count": 1, "label": 1, "cluster_id": 58 }, "geometry": { "type": "Polygon", "coordinates": [ [ [ 110.287604735808245, -1.920238751333889 ], [ 110.287784398865071, -1.920238751333889 ], [ 110.287784398865071, -1.920059088277065 ], [ 110.287604735808245, -1.920059088277065 ], [ 110.287604735808245, -1.920238751333889 ] ] ] } },
{ "type": "Feature", "properties": { "count": 1, "label": 1, "cluster_id": 58 }, "geometry": { "type": "Polygon", "coordinates": [ [ [ 110.287604735808245, -1.929760893345556 ], [ 110.287784398865071, -1.929760893345556 ], [ 110.287784398865071, -1.929581230288732 ], [ 110.287604735808245, -1.929581230288732 ], [ 110.287604735808245, -1.929760893345556 ] ] ] } },
{ "type": "Feature", "properties": { "count": 1, "label": 1, "cluster_id": 58 }, "geometry": { "type": "Polygon", "coordinates": [ [ [ 110.287604735808245, -1.931377860856971 ], [ 110.287784398865071, -1.931377860856971 ], [ 110.287784398865071, -1.931198197800147 ], [ 110.287604735808245, -1.931198197800147 ], [ 110.287604735808245, -1.931377860856971 ] ] ] } },
{ "type": "Feature", "properties": { "count": 1, "label": 1, "cluster_id": 58 }, "geometry": { "type": "Polygon", "coordinates": [ [ [ 110.287604735808245, -1.952218775448544 ], [ 110.287784398865071, -1.952218775448544 ], [ 110.287784398865071, -1.95203911239172 ], [ 110.287604735808245, -1.95203911239172 ], [ 110.287604735808245, -1.952218775448544 ] ] ] } },
{ "type": "Feature", "properties": { "count": 1, "label": 1, "cluster_id": 58 }, "geometry": { "type": "Polygon", "coordinates": [ [ [ 110.287604735808245, -1.952578101562192 ], [ 110.287784398865071, -1.952578101562192 ], [ 110.287784398865071, -1.952398438505368 ], [ 110.287604735808245, -1.952398438505368 ], [ 110.287604735808245, -1.952578101562192 ] ] ] } },
{ "type": "Feature", "properties": { "count": 5, "label": 1, "cluster_id": 58 }, "geometry": { "type": "Polygon", "coordinates": [ [ [ 110.287604735808245, -1.955093384357727 ], [ 110.287604735808245, -1.955273047414551 ], [ 110.287425072751418, -1.955273047414551 ], [ 110.287425072751418, -1.955452710471374 ], [ 110.287784398865071, -1.955452710471374 ], [ 110.287784398865071, -1.955632373528198 ], [ 110.287964061921897, -1.955632373528198 ], [ 110.287964061921897, -1.955273047414551 ], [ 110.287784398865071, -1.955273047414551 ], [ 110.287784398865071, -1.955093384357727 ], [ 110.287604735808245, -1.955093384357727 ] ] ] } },
{ "type": "Feature", "properties": { "count": 1, "label": 1, "cluster_id": 58 }, "geometry": { "type": "Polygon", "coordinates": [ [ [ 110.287784398865071, -1.924011675527191 ], [ 110.287964061921897, -1.924011675527191 ], [ 110.287964061921897, -1.923832012470367 ], [ 110.287784398865071, -1.923832012470367 ], [ 110.287784398865071, -1.924011675527191 ] ] ] } },
{ "type": "Feature", "properties": { "count": 1, "label": 1, "cluster_id": 58 }, "geometry": { "type": "Polygon", "coordinates": [ [ [ 110.287784398865071, -1.925089653868135 ], [ 110.287964061921897, -1.925089653868135 ], [ 110.287964061921897, -1.924909990811311 ], [ 110.287784398865071, -1.924909990811311 ], [ 110.287784398865071, -1.925089653868135 ] ] ] } },
{ "type": "Feature", "properties": { "count": 1, "label": 1, "cluster_id": 58 }, "geometry": { "type": "Polygon", "coordinates": [ [ [ 110.287784398865071, -1.926167632209078 ], [ 110.287964061921897, -1.926167632209078 ], [ 110.287964061921897, -1.925987969152254 ], [ 110.287784398865071, -1.925987969152254 ], [ 110.287784398865071, -1.926167632209078 ] ] ] } },
{ "type": "Feature", "properties": { "count": 1, "label": 1, "cluster_id": 58 }, "geometry": { "type": "Polygon", "coordinates": [ [ [ 110.287784398865071, -1.930120219459204 ], [ 110.287964061921897, -1.930120219459204 ], [ 110.287964061921897, -1.92994055640238 ], [ 110.287784398865071, -1.92994055640238 ], [ 110.287784398865071, -1.930120219459204 ] ] ] } },
{ "type": "Feature", "properties": { "count": 1, "label": 1, "cluster_id": 58 }, "geometry": { "type": "Polygon", "coordinates": [ [ [ 110.287784398865071, -1.931737186970619 ], [ 110.287964061921897, -1.931737186970619 ], [ 110.287964061921897, -1.931557523913795 ], [ 110.287784398865071, -1.931557523913795 ], [ 110.287784398865071, -1.931737186970619 ] ] ] } },
{ "type": "Feature", "properties": { "count": 1, "label": 1, "cluster_id": 58 }, "geometry": { "type": "Polygon", "coordinates": [ [ [ 110.287784398865071, -1.932096513084267 ], [ 110.287964061921897, -1.932096513084267 ], [ 110.287964061921897, -1.931916850027443 ], [ 110.287784398865071, -1.931916850027443 ], [ 110.287784398865071, -1.932096513084267 ] ] ] } },
{ "type": "Feature", "properties": { "count": 1, "label": 1, "cluster_id": 58 }, "geometry": { "type": "Polygon", "coordinates": [ [ [ 110.287784398865071, -1.939822024527695 ], [ 110.287964061921897, -1.939822024527695 ], [ 110.287964061921897, -1.939642361470871 ], [ 110.287784398865071, -1.939642361470871 ], [ 110.287784398865071, -1.939822024527695 ] ] ] } },
{ "type": "Feature", "properties": { "count": 1, "label": 1, "cluster_id": 58 }, "geometry": { "type": "Polygon", "coordinates": [ [ [ 110.287784398865071, -1.941259328982286 ], [ 110.287964061921897, -1.941259328982286 ], [ 110.287964061921897, -1.941079665925462 ], [ 110.287784398865071, -1.941079665925462 ], [ 110.287784398865071, -1.941259328982286 ] ] ] } },
{ "type": "Feature", "properties": { "count": 1, "label": 1, "cluster_id": 58 }, "geometry": { "type": "Polygon", "coordinates": [ [ [ 110.287964061921897, -1.91844212076565 ], [ 110.28814372497871, -1.91844212076565 ], [ 110.28814372497871, -1.918262457708826 ], [ 110.287964061921897, -1.918262457708826 ], [ 110.287964061921897, -1.91844212076565 ] ] ] } },
{ "type": "Feature", "properties": { "count": 6, "label": 1, "cluster_id": 58 }, "geometry": { "type": "Polygon", "coordinates": [ [ [ 110.287964061921897, -1.925628643038606 ], [ 110.287964061921897, -1.925987969152254 ], [ 110.288323388035536, -1.925987969152254 ], [ 110.288323388035536, -1.926167632209078 ], [ 110.288682714149189, -1.926167632209078 ], [ 110.288682714149189, -1.925987969152254 ], [ 110.288503051092363, -1.925987969152254 ], [ 110.288503051092363, -1.92580830609543 ], [ 110.28814372497871, -1.92580830609543 ], [ 110.28814372497871, -1.925628643038606 ], [ 110.287964061921897, -1.925628643038606 ] ] ] } },
{ "type": "Feature", "properties": { "count": 1, "label": 1, "cluster_id": 58 }, "geometry": { "type": "Polygon", "coordinates": [ [ [ 110.287964061921897, -1.942696633436877 ], [ 110.28814372497871, -1.942696633436877 ], [ 110.28814372497871, -1.942516970380053 ], [ 110.287964061921897, -1.942516970380053 ], [ 110.287964061921897, -1.942696633436877 ] ] ] } },
{ "type": "Feature", "properties": { "count": 1, "label": 1, "cluster_id": 58 }, "geometry": { "type": "Polygon", "coordinates": [ [ [ 110.287964061921897, -1.955273047414551 ], [ 110.28814372497871, -1.955273047414551 ], [ 110.28814372497871, -1.955093384357727 ], [ 110.287964061921897, -1.955093384357727 ], [ 110.287964061921897, -1.955273047414551 ] ] ] } },
{ "type": "Feature", "properties": { "count": 1, "label": 1, "cluster_id": 58 }, "geometry": { "type": "Polygon", "coordinates": [ [ [ 110.28814372497871, -1.922933697186248 ], [ 110.288323388035536, -1.922933697186248 ], [ 110.288323388035536, -1.922754034129424 ], [ 110.28814372497871, -1.922754034129424 ], [ 110.28814372497871, -1.922933697186248 ] ] ] } },
{ "type": "Feature", "properties": { "count": 1, "label": 1, "cluster_id": 58 }, "geometry": { "type": "Polygon", "coordinates": [ [ [ 110.28814372497871, -1.940900002868638 ], [ 110.288323388035536, -1.940900002868638 ], [ 110.288323388035536, -1.940720339811814 ], [ 110.28814372497871, -1.940720339811814 ], [ 110.28814372497871, -1.940900002868638 ] ] ] } },
{ "type": "Feature", "properties": { "count": 6, "label": 1, "cluster_id": 58 }, "geometry": { "type": "Polygon", "coordinates": [ [ [ 110.28814372497871, -1.941259328982286 ], [ 110.28814372497871, -1.941798318152758 ], [ 110.288323388035536, -1.941798318152758 ], [ 110.288323388035536, -1.942157644266405 ], [ 110.288503051092363, -1.942157644266405 ], [ 110.288503051092363, -1.941618655095934 ], [ 110.288323388035536, -1.941618655095934 ], [ 110.288323388035536, -1.941259328982286 ], [ 110.28814372497871, -1.941259328982286 ] ] ] } },
{ "type": "Feature", "properties": { "count": 1, "label": 1, "cluster_id": 58 }, "geometry": { "type": "Polygon", "coordinates": [ [ [ 110.28814372497871, -1.942337307323229 ], [ 110.288323388035536, -1.942337307323229 ], [ 110.288323388035536, -1.942157644266405 ], [ 110.28814372497871, -1.942157644266405 ], [ 110.28814372497871, -1.942337307323229 ] ] ] } },
{ "type": "Feature", "properties": { "count": 1, "label": 1, "cluster_id": 58 }, "geometry": { "type": "Polygon", "coordinates": [ [ [ 110.28814372497871, -1.944313600948292 ], [ 110.288323388035536, -1.944313600948292 ], [ 110.288323388035536, -1.944133937891468 ], [ 110.28814372497871, -1.944133937891468 ], [ 110.28814372497871, -1.944313600948292 ] ] ] } },
{ "type": "Feature", "properties": { "count": 6, "label": 1, "cluster_id": 58 }, "geometry": { "type": "Polygon", "coordinates": [ [ [ 110.28814372497871, -1.947727199027947 ], [ 110.28814372497871, -1.94790686208477 ], [ 110.287964061921897, -1.94790686208477 ], [ 110.287964061921897, -1.948266188198418 ], [ 110.287784398865071, -1.948266188198418 ], [ 110.287784398865071, -1.948445851255242 ], [ 110.28814372497871, -1.948445851255242 ], [ 110.28814372497871, -1.948086525141594 ], [ 110.288323388035536, -1.948086525141594 ], [ 110.288323388035536, -1.947727199027947 ], [ 110.28814372497871, -1.947727199027947 ] ] ] } },
{ "type": "Feature", "properties": { "count": 20, "label": 1, "cluster_id": 58 }, "geometry": { "type": "Polygon", "coordinates": [ [ [ 110.287425072751418, -1.949703492653009 ], [ 110.287425072751418, -1.949883155709833 ], [ 110.287245409694592, -1.949883155709833 ], [ 110.287245409694592, -1.950062818766657 ], [ 110.287604735808245, -1.950062818766657 ], [ 110.287604735808245, -1.949883155709833 ], [ 110.287964061921897, -1.949883155709833 ], [ 110.287964061921897, -1.950062818766657 ], [ 110.287784398865071, -1.950062818766657 ], [ 110.287784398865071, -1.950422144880305 ], [ 110.287604735808245, -1.950422144880305 ], [ 110.287604735808245, -1.950242481823481 ], [ 110.287425072751418, -1.950242481823481 ], [ 110.287425072751418, -1.950601807937129 ], [ 110.287964061921897, -1.950601807937129 ], [ 110.287964061921897, -1.950961134050777 ], [ 110.28814372497871, -1.950961134050777 ], [ 110.28814372497871, -1.950242481823481 ], [ 110.288323388035536, -1.950242481823481 ], [ 110.288323388035536, -1.950062818766657 ], [ 110.28814372497871, -1.950062818766657 ], [ 110.28814372497871, -1.949883155709833 ], [ 110.288323388035536, -1.949883155709833 ], [ 110.288323388035536, -1.949703492653009 ], [ 110.287425072751418, -1.949703492653009 ] ] ] } },
{ "type": "Feature", "properties": { "count": 1, "label": 1, "cluster_id": 58 }, "geometry": { "type": "Polygon", "coordinates": [ [ [ 110.28814372497871, -1.95203911239172 ], [ 110.288323388035536, -1.95203911239172 ], [ 110.288323388035536, -1.951859449334896 ], [ 110.28814372497871, -1.951859449334896 ], [ 110.28814372497871, -1.95203911239172 ] ] ] } },
{ "type": "Feature", "properties": { "count": 8, "label": 1, "cluster_id": 58 }, "geometry": { "type": "Polygon", "coordinates": [ [ [ 110.28814372497871, -1.95293742767584 ], [ 110.28814372497871, -1.953296753789487 ], [ 110.287784398865071, -1.953296753789487 ], [ 110.287784398865071, -1.953476416846311 ], [ 110.288682714149189, -1.953476416846311 ], [ 110.288682714149189, -1.953117090732664 ], [ 110.288503051092363, -1.953117090732664 ], [ 110.288503051092363, -1.953296753789487 ], [ 110.288323388035536, -1.953296753789487 ], [ 110.288323388035536, -1.95293742767584 ], [ 110.28814372497871, -1.95293742767584 ] ] ] } },
{ "type": "Feature", "properties": { "count": 1, "label": 1, "cluster_id": 58 }, "geometry": { "type": "Polygon", "coordinates": [ [ [ 110.288323388035536, -1.919520099106593 ], [ 110.288503051092363, -1.919520099106593 ], [ 110.288503051092363, -1.91934043604977 ], [ 110.288323388035536, -1.91934043604977 ], [ 110.288323388035536, -1.919520099106593 ] ] ] } },
{ "type": "Feature", "properties": { "count": 5, "label": 1, "cluster_id": 58 }, "geometry": { "type": "Polygon", "coordinates": [ [ [ 110.287964061921897, -1.928143925834141 ], [ 110.287964061921897, -1.928503251947789 ], [ 110.288323388035536, -1.928503251947789 ], [ 110.288323388035536, -1.928323588890965 ], [ 110.288503051092363, -1.928323588890965 ], [ 110.288503051092363, -1.928143925834141 ], [ 110.287964061921897, -1.928143925834141 ] ] ] } },
{ "type": "Feature", "properties": { "count": 1, "label": 1, "cluster_id": 58 }, "geometry": { "type": "Polygon", "coordinates": [ [ [ 110.288323388035536, -1.940181350641343 ], [ 110.288503051092363, -1.940181350641343 ], [ 110.288503051092363, -1.940001687584519 ], [ 110.288323388035536, -1.940001687584519 ], [ 110.288323388035536, -1.940181350641343 ] ] ] } },
{ "type": "Feature", "properties": { "count": 1, "label": 1, "cluster_id": 58 }, "geometry": { "type": "Polygon", "coordinates": [ [ [ 110.288323388035536, -1.946110231516531 ], [ 110.288503051092363, -1.946110231516531 ], [ 110.288503051092363, -1.945930568459707 ], [ 110.288323388035536, -1.945930568459707 ], [ 110.288323388035536, -1.946110231516531 ] ] ] } },
{ "type": "Feature", "properties": { "count": 4, "label": 1, "cluster_id": 58 }, "geometry": { "type": "Polygon", "coordinates": [ [ [ 110.288323388035536, -1.949344166539362 ], [ 110.288323388035536, -1.949703492653009 ], [ 110.288503051092363, -1.949703492653009 ], [ 110.288503051092363, -1.949883155709833 ], [ 110.288682714149189, -1.949883155709833 ], [ 110.288682714149189, -1.949523829596185 ], [ 110.288503051092363, -1.949523829596185 ], [ 110.288503051092363, -1.949344166539362 ], [ 110.288323388035536, -1.949344166539362 ] ] ] } },
{ "type": "Feature", "properties": { "count": 1, "label": 1, "cluster_id": 58 }, "geometry": { "type": "Polygon", "coordinates": [ [ [ 110.288323388035536, -1.953835742959959 ], [ 110.288503051092363, -1.953835742959959 ], [ 110.288503051092363, -1.953656079903135 ], [ 110.288323388035536, -1.953656079903135 ], [ 110.288323388035536, -1.953835742959959 ] ] ] } },
{ "type": "Feature", "properties": { "count": 1, "label": 1, "cluster_id": 58 }, "geometry": { "type": "Polygon", "coordinates": [ [ [ 110.288323388035536, -1.955452710471374 ], [ 110.288503051092363, -1.955452710471374 ], [ 110.288503051092363, -1.955273047414551 ], [ 110.288323388035536, -1.955273047414551 ], [ 110.288323388035536, -1.955452710471374 ] ] ] } },
{ "type": "Feature", "properties": { "count": 1, "label": 1, "cluster_id": 58 }, "geometry": { "type": "Polygon", "coordinates": [ [ [ 110.288503051092363, -1.922035381902128 ], [ 110.288682714149189, -1.922035381902128 ], [ 110.288682714149189, -1.921855718845304 ], [ 110.288503051092363, -1.921855718845304 ], [ 110.288503051092363, -1.922035381902128 ] ] ] } },
{ "type": "Feature", "properties": { "count": 1, "label": 1, "cluster_id": 58 }, "geometry": { "type": "Polygon", "coordinates": [ [ [ 110.288503051092363, -1.938564383129927 ], [ 110.288682714149189, -1.938564383129927 ], [ 110.288682714149189, -1.938384720073103 ], [ 110.288503051092363, -1.938384720073103 ], [ 110.288503051092363, -1.938564383129927 ] ] ] } },
{ "type": "Feature", "properties": { "count": 3, "label": 1, "cluster_id": 58 }, "geometry": { "type": "Polygon", "coordinates": [ [ [ 110.288503051092363, -1.945750905402883 ], [ 110.288682714149189, -1.945750905402883 ], [ 110.288682714149189, -1.945211916232412 ], [ 110.288503051092363, -1.945211916232412 ], [ 110.288503051092363, -1.945750905402883 ] ] ] } },
{ "type": "Feature", "properties": { "count": 1, "label": 1, "cluster_id": 58 }, "geometry": { "type": "Polygon", "coordinates": [ [ [ 110.288503051092363, -1.946469557630179 ], [ 110.288682714149189, -1.946469557630179 ], [ 110.288682714149189, -1.946289894573355 ], [ 110.288503051092363, -1.946289894573355 ], [ 110.288503051092363, -1.946469557630179 ] ] ] } },
{ "type": "Feature", "properties": { "count": 2, "label": 1, "cluster_id": 58 }, "geometry": { "type": "Polygon", "coordinates": [ [ [ 110.288323388035536, -1.948445851255242 ], [ 110.288682714149189, -1.948445851255242 ], [ 110.288682714149189, -1.948266188198418 ], [ 110.288323388035536, -1.948266188198418 ], [ 110.288323388035536, -1.948445851255242 ] ] ] } },
{ "type": "Feature", "properties": { "count": 2, "label": 1, "cluster_id": 58 }, "geometry": { "type": "Polygon", "coordinates": [ [ [ 110.288503051092363, -1.954195069073607 ], [ 110.288682714149189, -1.954195069073607 ], [ 110.288682714149189, -1.953835742959959 ], [ 110.288503051092363, -1.953835742959959 ], [ 110.288503051092363, -1.954195069073607 ] ] ] } },
{ "type": "Feature", "properties": { "count": 1, "label": 1, "cluster_id": 58 }, "geometry": { "type": "Polygon", "coordinates": [ [ [ 110.288682714149189, -1.919879425220241 ], [ 110.288862377206016, -1.919879425220241 ], [ 110.288862377206016, -1.919699762163417 ], [ 110.288682714149189, -1.919699762163417 ], [ 110.288682714149189, -1.919879425220241 ] ] ] } },
{ "type": "Feature", "properties": { "count": 2, "label": 1, "cluster_id": 58 }, "geometry": { "type": "Polygon", "coordinates": [ [ [ 110.288682714149189, -1.925987969152254 ], [ 110.288862377206016, -1.925987969152254 ], [ 110.288862377206016, -1.925628643038606 ], [ 110.288682714149189, -1.925628643038606 ], [ 110.288682714149189, -1.925987969152254 ] ] ] } },
{ "type": "Feature", "properties": { "count": 2, "label": 1, "cluster_id": 58 }, "geometry": { "type": "Polygon", "coordinates": [ [ [ 110.288682714149189, -1.943774611777821 ], [ 110.288862377206016, -1.943774611777821 ], [ 110.288862377206016, -1.943415285664173 ], [ 110.288682714149189, -1.943415285664173 ], [ 110.288682714149189, -1.943774611777821 ] ] ] } },
{ "type": "Feature", "properties": { "count": 1, "label": 1, "cluster_id": 58 }, "geometry": { "type": "Polygon", "coordinates": [ [ [ 110.288682714149189, -1.944852590118764 ], [ 110.288862377206016, -1.944852590118764 ], [ 110.288862377206016, -1.94467292706194 ], [ 110.288682714149189, -1.94467292706194 ], [ 110.288682714149189, -1.944852590118764 ] ] ] } },
{ "type": "Feature", "properties": { "count": 1, "label": 1, "cluster_id": 58 }, "geometry": { "type": "Polygon", "coordinates": [ [ [ 110.288682714149189, -1.949344166539362 ], [ 110.288862377206016, -1.949344166539362 ], [ 110.288862377206016, -1.949164503482538 ], [ 110.288682714149189, -1.949164503482538 ], [ 110.288682714149189, -1.949344166539362 ] ] ] } },
{ "type": "Feature", "properties": { "count": 1, "label": 1, "cluster_id": 58 }, "geometry": { "type": "Polygon", "coordinates": [ [ [ 110.288682714149189, -1.955273047414551 ], [ 110.288862377206016, -1.955273047414551 ], [ 110.288862377206016, -1.955093384357727 ], [ 110.288682714149189, -1.955093384357727 ], [ 110.288682714149189, -1.955273047414551 ] ] ] } },
{ "type": "Feature", "properties": { "count": 1, "label": 1, "cluster_id": 58 }, "geometry": { "type": "Polygon", "coordinates": [ [ [ 110.288862377206016, -1.9225743710726 ], [ 110.289042040262828, -1.9225743710726 ], [ 110.289042040262828, -1.922394708015776 ], [ 110.288862377206016, -1.922394708015776 ], [ 110.288862377206016, -1.9225743710726 ] ] ] } },
{ "type": "Feature", "properties": { "count": 1, "label": 1, "cluster_id": 58 }, "geometry": { "type": "Polygon", "coordinates": [ [ [ 110.288862377206016, -1.930479545572852 ], [ 110.289042040262828, -1.930479545572852 ], [ 110.289042040262828, -1.930299882516028 ], [ 110.288862377206016, -1.930299882516028 ], [ 110.288862377206016, -1.930479545572852 ] ] ] } },
{ "type": "Feature", "properties": { "count": 1, "label": 1, "cluster_id": 58 }, "geometry": { "type": "Polygon", "coordinates": [ [ [ 110.288862377206016, -1.943055959550525 ], [ 110.289042040262828, -1.943055959550525 ], [ 110.289042040262828, -1.942876296493701 ], [ 110.288862377206016, -1.942876296493701 ], [ 110.288862377206016, -1.943055959550525 ] ] ] } },
{ "type": "Feature", "properties": { "count": 5, "label": 1, "cluster_id": 58 }, "geometry": { "type": "Polygon", "coordinates": [ [ [ 110.288862377206016, -1.944313600948292 ], [ 110.288862377206016, -1.94467292706194 ], [ 110.289042040262828, -1.94467292706194 ], [ 110.289042040262828, -1.944852590118764 ], [ 110.289401366376481, -1.944852590118764 ], [ 110.289401366376481, -1.94467292706194 ], [ 110.289221703319654, -1.94467292706194 ], [ 110.289221703319654, -1.944493264005116 ], [ 110.289042040262828, -1.944493264005116 ], [ 110.289042040262828, -1.944313600948292 ], [ 110.288862377206016, -1.944313600948292 ] ] ] } },
{ "type": "Feature", "properties": { "count": 2, "label": 1, "cluster_id": 58 }, "geometry": { "type": "Polygon", "coordinates": [ [ [ 110.288862377206016, -1.949164503482538 ], [ 110.289042040262828, -1.949164503482538 ], [ 110.289042040262828, -1.94880517736889 ], [ 110.288862377206016, -1.94880517736889 ], [ 110.288862377206016, -1.949164503482538 ] ] ] } },
{ "type": "Feature", "properties": { "count": 2, "label": 1, "cluster_id": 58 }, "geometry": { "type": "Polygon", "coordinates": [ [ [ 110.288862377206016, -1.951679786278072 ], [ 110.289042040262828, -1.951679786278072 ], [ 110.289042040262828, -1.951320460164425 ], [ 110.288862377206016, -1.951320460164425 ], [ 110.288862377206016, -1.951679786278072 ] ] ] } },
{ "type": "Feature", "properties": { "count": 1, "label": 1, "cluster_id": 58 }, "geometry": { "type": "Polygon", "coordinates": [ [ [ 110.289042040262828, -1.923652349413543 ], [ 110.289221703319654, -1.923652349413543 ], [ 110.289221703319654, -1.923472686356719 ], [ 110.289042040262828, -1.923472686356719 ], [ 110.289042040262828, -1.923652349413543 ] ] ] } },
{ "type": "Feature", "properties": { "count": 5, "label": 1, "cluster_id": 58 }, "geometry": { "type": "Polygon", "coordinates": [ [ [ 110.288862377206016, -1.925089653868135 ], [ 110.288862377206016, -1.925628643038606 ], [ 110.289042040262828, -1.925628643038606 ], [ 110.289042040262828, -1.925448979981782 ], [ 110.289221703319654, -1.925448979981782 ], [ 110.289221703319654, -1.925089653868135 ], [ 110.288862377206016, -1.925089653868135 ] ] ] } },
{ "type": "Feature", "properties": { "count": 1, "label": 1, "cluster_id": 58 }, "geometry": { "type": "Polygon", "coordinates": [ [ [ 110.289042040262828, -1.947367872914299 ], [ 110.289221703319654, -1.947367872914299 ], [ 110.289221703319654, -1.947188209857475 ], [ 110.289042040262828, -1.947188209857475 ], [ 110.289042040262828, -1.947367872914299 ] ] ] } },
{ "type": "Feature", "properties": { "count": 1, "label": 1, "cluster_id": 58 }, "geometry": { "type": "Polygon", "coordinates": [ [ [ 110.289042040262828, -1.950422144880305 ], [ 110.289221703319654, -1.950422144880305 ], [ 110.289221703319654, -1.950242481823481 ], [ 110.289042040262828, -1.950242481823481 ], [ 110.289042040262828, -1.950422144880305 ] ] ] } },
{ "type": "Feature", "properties": { "count": 1, "label": 1, "cluster_id": 58 }, "geometry": { "type": "Polygon", "coordinates": [ [ [ 110.289042040262828, -1.952578101562192 ], [ 110.289221703319654, -1.952578101562192 ], [ 110.289221703319654, -1.952398438505368 ], [ 110.289042040262828, -1.952398438505368 ], [ 110.289042040262828, -1.952578101562192 ] ] ] } },
{ "type": "Feature", "properties": { "count": 1, "label": 1, "cluster_id": 58 }, "geometry": { "type": "Polygon", "coordinates": [ [ [ 110.289221703319654, -1.920777740504361 ], [ 110.289401366376481, -1.920777740504361 ], [ 110.289401366376481, -1.920598077447537 ], [ 110.289221703319654, -1.920598077447537 ], [ 110.289221703319654, -1.920777740504361 ] ] ] } },
{ "type": "Feature", "properties": { "count": 1, "label": 1, "cluster_id": 58 }, "geometry": { "type": "Polygon", "coordinates": [ [ [ 110.289221703319654, -1.923113360243072 ], [ 110.289401366376481, -1.923113360243072 ], [ 110.289401366376481, -1.922933697186248 ], [ 110.289221703319654, -1.922933697186248 ], [ 110.289221703319654, -1.923113360243072 ] ] ] } },
{ "type": "Feature", "properties": { "count": 1, "label": 1, "cluster_id": 58 }, "geometry": { "type": "Polygon", "coordinates": [ [ [ 110.289221703319654, -1.945750905402883 ], [ 110.289401366376481, -1.945750905402883 ], [ 110.289401366376481, -1.94557124234606 ], [ 110.289221703319654, -1.94557124234606 ], [ 110.289221703319654, -1.945750905402883 ] ] ] } },
{ "type": "Feature", "properties": { "count": 1, "label": 1, "cluster_id": 58 }, "geometry": { "type": "Polygon", "coordinates": [ [ [ 110.289221703319654, -1.951320460164425 ], [ 110.289401366376481, -1.951320460164425 ], [ 110.289401366376481, -1.951140797107601 ], [ 110.289221703319654, -1.951140797107601 ], [ 110.289221703319654, -1.951320460164425 ] ] ] } },
{ "type": "Feature", "properties": { "count": 1, "label": 1, "cluster_id": 58 }, "geometry": { "type": "Polygon", "coordinates": [ [ [ 110.289221703319654, -1.953476416846311 ], [ 110.289401366376481, -1.953476416846311 ], [ 110.289401366376481, -1.953296753789487 ], [ 110.289221703319654, -1.953296753789487 ], [ 110.289221703319654, -1.953476416846311 ] ] ] } },
{ "type": "Feature", "properties": { "count": 1, "label": 1, "cluster_id": 58 }, "geometry": { "type": "Polygon", "coordinates": [ [ [ 110.289401366376481, -1.938025393959456 ], [ 110.289581029433307, -1.938025393959456 ], [ 110.289581029433307, -1.937845730902632 ], [ 110.289401366376481, -1.937845730902632 ], [ 110.289401366376481, -1.938025393959456 ] ] ] } },
{ "type": "Feature", "properties": { "count": 1, "label": 1, "cluster_id": 58 }, "geometry": { "type": "Polygon", "coordinates": [ [ [ 110.289401366376481, -1.939283035357223 ], [ 110.289581029433307, -1.939283035357223 ], [ 110.289581029433307, -1.939103372300399 ], [ 110.289401366376481, -1.939103372300399 ], [ 110.289401366376481, -1.939283035357223 ] ] ] } },
{ "type": "Feature", "properties": { "count": 1, "label": 1, "cluster_id": 58 }, "geometry": { "type": "Polygon", "coordinates": [ [ [ 110.289401366376481, -1.944493264005116 ], [ 110.289581029433307, -1.944493264005116 ], [ 110.289581029433307, -1.944313600948292 ], [ 110.289401366376481, -1.944313600948292 ], [ 110.289401366376481, -1.944493264005116 ] ] ] } },
{ "type": "Feature", "properties": { "count": 1, "label": 1, "cluster_id": 58 }, "geometry": { "type": "Polygon", "coordinates": [ [ [ 110.289401366376481, -1.945211916232412 ], [ 110.289581029433307, -1.945211916232412 ], [ 110.289581029433307, -1.945032253175588 ], [ 110.289401366376481, -1.945032253175588 ], [ 110.289401366376481, -1.945211916232412 ] ] ] } },
{ "type": "Feature", "properties": { "count": 1, "label": 1, "cluster_id": 58 }, "geometry": { "type": "Polygon", "coordinates": [ [ [ 110.289401366376481, -1.94790686208477 ], [ 110.289581029433307, -1.94790686208477 ], [ 110.289581029433307, -1.947727199027947 ], [ 110.289401366376481, -1.947727199027947 ], [ 110.289401366376481, -1.94790686208477 ] ] ] } },
{ "type": "Feature", "properties": { "count": 1, "label": 1, "cluster_id": 58 }, "geometry": { "type": "Polygon", "coordinates": [ [ [ 110.289401366376481, -1.954015406016783 ], [ 110.289581029433307, -1.954015406016783 ], [ 110.289581029433307, -1.953835742959959 ], [ 110.289401366376481, -1.953835742959959 ], [ 110.289401366376481, -1.954015406016783 ] ] ] } },
{ "type": "Feature", "properties": { "count": 1, "label": 1, "cluster_id": 58 }, "geometry": { "type": "Polygon", "coordinates": [ [ [ 110.289581029433307, -1.927065947493197 ], [ 110.289760692490134, -1.927065947493197 ], [ 110.289760692490134, -1.926886284436374 ], [ 110.289581029433307, -1.926886284436374 ], [ 110.289581029433307, -1.927065947493197 ] ] ] } },
{ "type": "Feature", "properties": { "count": 1, "label": 1, "cluster_id": 58 }, "geometry": { "type": "Polygon", "coordinates": [ [ [ 110.289581029433307, -1.928862578061437 ], [ 110.289760692490134, -1.928862578061437 ], [ 110.289760692490134, -1.928682915004613 ], [ 110.289581029433307, -1.928682915004613 ], [ 110.289581029433307, -1.928862578061437 ] ] ] } },
{ "type": "Feature", "properties": { "count": 1, "label": 1, "cluster_id": 58 }, "geometry": { "type": "Polygon", "coordinates": [ [ [ 110.289581029433307, -1.934432132822978 ], [ 110.289760692490134, -1.934432132822978 ], [ 110.289760692490134, -1.934252469766154 ], [ 110.289581029433307, -1.934252469766154 ], [ 110.289581029433307, -1.934432132822978 ] ] ] } },
{ "type": "Feature", "properties": { "count": 1, "label": 1, "cluster_id": 58 }, "geometry": { "type": "Polygon", "coordinates": [ [ [ 110.289581029433307, -1.936228763391217 ], [ 110.289760692490134, -1.936228763391217 ], [ 110.289760692490134, -1.936049100334393 ], [ 110.289581029433307, -1.936049100334393 ], [ 110.289581029433307, -1.936228763391217 ] ] ] } },
{ "type": "Feature", "properties": { "count": 2, "label": 1, "cluster_id": 58 }, "geometry": { "type": "Polygon", "coordinates": [ [ [ 110.289581029433307, -1.941618655095934 ], [ 110.289760692490134, -1.941618655095934 ], [ 110.289760692490134, -1.941259328982286 ], [ 110.289581029433307, -1.941259328982286 ], [ 110.289581029433307, -1.941618655095934 ] ] ] } },
{ "type": "Feature", "properties": { "count": 1, "label": 1, "cluster_id": 58 }, "geometry": { "type": "Polygon", "coordinates": [ [ [ 110.289581029433307, -1.942876296493701 ], [ 110.289760692490134, -1.942876296493701 ], [ 110.289760692490134, -1.942696633436877 ], [ 110.289581029433307, -1.942696633436877 ], [ 110.289581029433307, -1.942876296493701 ] ] ] } },
{ "type": "Feature", "properties": { "count": 1, "label": 1, "cluster_id": 58 }, "geometry": { "type": "Polygon", "coordinates": [ [ [ 110.289581029433307, -1.952578101562192 ], [ 110.289760692490134, -1.952578101562192 ], [ 110.289760692490134, -1.952398438505368 ], [ 110.289581029433307, -1.952398438505368 ], [ 110.289581029433307, -1.952578101562192 ] ] ] } },
{ "type": "Feature", "properties": { "count": 1, "label": 1, "cluster_id": 58 }, "geometry": { "type": "Polygon", "coordinates": [ [ [ 110.289581029433307, -1.953476416846311 ], [ 110.289760692490134, -1.953476416846311 ], [ 110.289760692490134, -1.953296753789487 ], [ 110.289581029433307, -1.953296753789487 ], [ 110.289581029433307, -1.953476416846311 ] ] ] } },
{ "type": "Feature", "properties": { "count": 1, "label": 1, "cluster_id": 58 }, "geometry": { "type": "Polygon", "coordinates": [ [ [ 110.289760692490134, -1.928682915004613 ], [ 110.28994035554696, -1.928682915004613 ], [ 110.28994035554696, -1.928503251947789 ], [ 110.289760692490134, -1.928503251947789 ], [ 110.289760692490134, -1.928682915004613 ] ] ] } },
{ "type": "Feature", "properties": { "count": 1, "label": 1, "cluster_id": 58 }, "geometry": { "type": "Polygon", "coordinates": [ [ [ 110.289760692490134, -1.931018534743323 ], [ 110.28994035554696, -1.931018534743323 ], [ 110.28994035554696, -1.930838871686499 ], [ 110.289760692490134, -1.930838871686499 ], [ 110.289760692490134, -1.931018534743323 ] ] ] } },
{ "type": "Feature", "properties": { "count": 1, "label": 1, "cluster_id": 58 }, "geometry": { "type": "Polygon", "coordinates": [ [ [ 110.289760692490134, -1.93820505701628 ], [ 110.28994035554696, -1.93820505701628 ], [ 110.28994035554696, -1.938025393959456 ], [ 110.289760692490134, -1.938025393959456 ], [ 110.289760692490134, -1.93820505701628 ] ] ] } },
{ "type": "Feature", "properties": { "count": 3, "label": 1, "cluster_id": 58 }, "geometry": { "type": "Polygon", "coordinates": [ [ [ 110.289760692490134, -1.943954274834645 ], [ 110.28994035554696, -1.943954274834645 ], [ 110.28994035554696, -1.943415285664173 ], [ 110.289760692490134, -1.943415285664173 ], [ 110.289760692490134, -1.943954274834645 ] ] ] } },
{ "type": "Feature", "properties": { "count": 1, "label": 1, "cluster_id": 58 }, "geometry": { "type": "Polygon", "coordinates": [ [ [ 110.289760692490134, -1.947008546800651 ], [ 110.28994035554696, -1.947008546800651 ], [ 110.28994035554696, -1.946828883743827 ], [ 110.289760692490134, -1.946828883743827 ], [ 110.289760692490134, -1.947008546800651 ] ] ] } },
{ "type": "Feature", "properties": { "count": 1, "label": 1, "cluster_id": 58 }, "geometry": { "type": "Polygon", "coordinates": [ [ [ 110.289760692490134, -1.948625514312066 ], [ 110.28994035554696, -1.948625514312066 ], [ 110.28994035554696, -1.948445851255242 ], [ 110.289760692490134, -1.948445851255242 ], [ 110.289760692490134, -1.948625514312066 ] ] ] } },
{ "type": "Feature", "properties": { "count": 1, "label": 1, "cluster_id": 58 }, "geometry": { "type": "Polygon", "coordinates": [ [ [ 110.28994035554696, -1.925269316924958 ], [ 110.290120018603773, -1.925269316924958 ], [ 110.290120018603773, -1.925089653868135 ], [ 110.28994035554696, -1.925089653868135 ], [ 110.28994035554696, -1.925269316924958 ] ] ] } },
{ "type": "Feature", "properties": { "count": 2, "label": 1, "cluster_id": 58 }, "geometry": { "type": "Polygon", "coordinates": [ [ [ 110.28994035554696, -1.927245610550021 ], [ 110.290120018603773, -1.927245610550021 ], [ 110.290120018603773, -1.926886284436374 ], [ 110.28994035554696, -1.926886284436374 ], [ 110.28994035554696, -1.927245610550021 ] ] ] } },
{ "type": "Feature", "properties": { "count": 4, "label": 1, "cluster_id": 58 }, "geometry": { "type": "Polygon", "coordinates": [ [ [ 110.289760692490134, -1.93407280670933 ], [ 110.290120018603773, -1.93407280670933 ], [ 110.290120018603773, -1.933713480595682 ], [ 110.289760692490134, -1.933713480595682 ], [ 110.289760692490134, -1.93407280670933 ] ] ] } },
{ "type": "Feature", "properties": { "count": 1, "label": 1, "cluster_id": 58 }, "geometry": { "type": "Polygon", "coordinates": [ [ [ 110.28994035554696, -1.938923709243575 ], [ 110.290120018603773, -1.938923709243575 ], [ 110.290120018603773, -1.938744046186751 ], [ 110.28994035554696, -1.938744046186751 ], [ 110.28994035554696, -1.938923709243575 ] ] ] } },
{ "type": "Feature", "properties": { "count": 1, "label": 1, "cluster_id": 58 }, "geometry": { "type": "Polygon", "coordinates": [ [ [ 110.28994035554696, -1.941798318152758 ], [ 110.290120018603773, -1.941798318152758 ], [ 110.290120018603773, -1.941618655095934 ], [ 110.28994035554696, -1.941618655095934 ], [ 110.28994035554696, -1.941798318152758 ] ] ] } },
{ "type": "Feature", "properties": { "count": 2, "label": 1, "cluster_id": 58 }, "geometry": { "type": "Polygon", "coordinates": [ [ [ 110.28994035554696, -1.942876296493701 ], [ 110.290120018603773, -1.942876296493701 ], [ 110.290120018603773, -1.942516970380053 ], [ 110.28994035554696, -1.942516970380053 ], [ 110.28994035554696, -1.942876296493701 ] ] ] } },
{ "type": "Feature", "properties": { "count": 1, "label": 1, "cluster_id": 58 }, "geometry": { "type": "Polygon", "coordinates": [ [ [ 110.28994035554696, -1.946110231516531 ], [ 110.290120018603773, -1.946110231516531 ], [ 110.290120018603773, -1.945930568459707 ], [ 110.28994035554696, -1.945930568459707 ], [ 110.28994035554696, -1.946110231516531 ] ] ] } },
{ "type": "Feature", "properties": { "count": 3, "label": 1, "cluster_id": 58 }, "geometry": { "type": "Polygon", "coordinates": [ [ [ 110.28994035554696, -1.949344166539362 ], [ 110.290120018603773, -1.949344166539362 ], [ 110.290120018603773, -1.94880517736889 ], [ 110.28994035554696, -1.94880517736889 ], [ 110.28994035554696, -1.949344166539362 ] ] ] } },
{ "type": "Feature", "properties": { "count": 2, "label": 1, "cluster_id": 58 }, "geometry": { "type": "Polygon", "coordinates": [ [ [ 110.290120018603773, -1.929581230288732 ], [ 110.290299681660599, -1.929581230288732 ], [ 110.290299681660599, -1.929221904175084 ], [ 110.290120018603773, -1.929221904175084 ], [ 110.290120018603773, -1.929581230288732 ] ] ] } },
{ "type": "Feature", "properties": { "count": 1, "label": 1, "cluster_id": 58 }, "geometry": { "type": "Polygon", "coordinates": [ [ [ 110.290120018603773, -1.930299882516028 ], [ 110.290299681660599, -1.930299882516028 ], [ 110.290299681660599, -1.930120219459204 ], [ 110.290120018603773, -1.930120219459204 ], [ 110.290120018603773, -1.930299882516028 ] ] ] } },
{ "type": "Feature", "properties": { "count": 2, "label": 1, "cluster_id": 58 }, "geometry": { "type": "Polygon", "coordinates": [ [ [ 110.290120018603773, -1.944493264005116 ], [ 110.290299681660599, -1.944493264005116 ], [ 110.290299681660599, -1.944133937891468 ], [ 110.290120018603773, -1.944133937891468 ], [ 110.290120018603773, -1.944493264005116 ] ] ] } },
{ "type": "Feature", "properties": { "count": 1, "label": 1, "cluster_id": 58 }, "geometry": { "type": "Polygon", "coordinates": [ [ [ 110.290120018603773, -1.945750905402883 ], [ 110.290299681660599, -1.945750905402883 ], [ 110.290299681660599, -1.94557124234606 ], [ 110.290120018603773, -1.94557124234606 ], [ 110.290120018603773, -1.945750905402883 ] ] ] } },
{ "type": "Feature", "properties": { "count": 1, "label": 1, "cluster_id": 58 }, "geometry": { "type": "Polygon", "coordinates": [ [ [ 110.290120018603773, -1.94790686208477 ], [ 110.290299681660599, -1.94790686208477 ], [ 110.290299681660599, -1.947727199027947 ], [ 110.290120018603773, -1.947727199027947 ], [ 110.290120018603773, -1.94790686208477 ] ] ] } },
{ "type": "Feature", "properties": { "count": 1, "label": 1, "cluster_id": 58 }, "geometry": { "type": "Polygon", "coordinates": [ [ [ 110.290299681660599, -1.927425273606845 ], [ 110.290479344717426, -1.927425273606845 ], [ 110.290479344717426, -1.927245610550021 ], [ 110.290299681660599, -1.927245610550021 ], [ 110.290299681660599, -1.927425273606845 ] ] ] } },
{ "type": "Feature", "properties": { "count": 20, "label": 1, "cluster_id": 58 }, "geometry": { "type": "Polygon", "coordinates": [ [ [ 110.290299681660599, -1.933713480595682 ], [ 110.290299681660599, -1.93407280670933 ], [ 110.290120018603773, -1.93407280670933 ], [ 110.290120018603773, -1.934252469766154 ], [ 110.28994035554696, -1.934252469766154 ], [ 110.28994035554696, -1.934791458936625 ], [ 110.290120018603773, -1.934791458936625 ], [ 110.290120018603773, -1.935150785050273 ], [ 110.290299681660599, -1.935150785050273 ], [ 110.290299681660599, -1.934971121993449 ], [ 110.290659007774252, -1.934971121993449 ], [ 110.290659007774252, -1.934252469766154 ], [ 110.290479344717426, -1.934252469766154 ], [ 110.290479344717426, -1.933713480595682 ], [ 110.290299681660599, -1.933713480595682 ] ] ] } },
{ "type": "Feature", "properties": { "count": 6, "label": 1, "cluster_id": 58 }, "geometry": { "type": "Polygon", "coordinates": [ [ [ 110.290299681660599, -1.93730674173216 ], [ 110.290299681660599, -1.937486404788984 ], [ 110.290120018603773, -1.937486404788984 ], [ 110.290120018603773, -1.937666067845808 ], [ 110.28994035554696, -1.937666067845808 ], [ 110.28994035554696, -1.937845730902632 ], [ 110.290479344717426, -1.937845730902632 ], [ 110.290479344717426, -1.93730674173216 ], [ 110.290299681660599, -1.93730674173216 ] ] ] } },
{ "type": "Feature", "properties": { "count": 1, "label": 1, "cluster_id": 58 }, "geometry": { "type": "Polygon", "coordinates": [ [ [ 110.290299681660599, -1.938923709243575 ], [ 110.290479344717426, -1.938923709243575 ], [ 110.290479344717426, -1.938744046186751 ], [ 110.290299681660599, -1.938744046186751 ], [ 110.290299681660599, -1.938923709243575 ] ] ] } },
{ "type": "Feature", "properties": { "count": 2, "label": 1, "cluster_id": 58 }, "geometry": { "type": "Polygon", "coordinates": [ [ [ 110.290299681660599, -1.941618655095934 ], [ 110.290479344717426, -1.941618655095934 ], [ 110.290479344717426, -1.941259328982286 ], [ 110.290299681660599, -1.941259328982286 ], [ 110.290299681660599, -1.941618655095934 ] ] ] } },
{ "type": "Feature", "properties": { "count": 23, "label": 1, "cluster_id": 58 }, "geometry": { "type": "Polygon", "coordinates": [ [ [ 110.290299681660599, -1.945930568459707 ], [ 110.290299681660599, -1.946110231516531 ], [ 110.290120018603773, -1.946110231516531 ], [ 110.290120018603773, -1.946469557630179 ], [ 110.290299681660599, -1.946469557630179 ], [ 110.290299681660599, -1.946828883743827 ], [ 110.290120018603773, -1.946828883743827 ], [ 110.290120018603773, -1.947547535971123 ], [ 110.290299681660599, -1.947547535971123 ], [ 110.290299681660599, -1.947727199027947 ], [ 110.290479344717426, -1.947727199027947 ], [ 110.290479344717426, -1.947008546800651 ], [ 110.290838670831079, -1.947008546800651 ], [ 110.290838670831079, -1.946469557630179 ], [ 110.290659007774252, -1.946469557630179 ], [ 110.290659007774252, -1.946289894573355 ], [ 110.290479344717426, -1.946289894573355 ], [ 110.290479344717426, -1.945930568459707 ], [ 110.290299681660599, -1.945930568459707 ] ] ] } },
{ "type": "Feature", "properties": { "count": 1, "label": 1, "cluster_id": 58 }, "geometry": { "type": "Polygon", "coordinates": [ [ [ 110.290479344717426, -1.929221904175084 ], [ 110.290659007774252, -1.929221904175084 ], [ 110.290659007774252, -1.92904224111826 ], [ 110.290479344717426, -1.92904224111826 ], [ 110.290479344717426, -1.929221904175084 ] ] ] } },
{ "type": "Feature", "properties": { "count": 1, "label": 1, "cluster_id": 58 }, "geometry": { "type": "Polygon", "coordinates": [ [ [ 110.290479344717426, -1.932635502254739 ], [ 110.290659007774252, -1.932635502254739 ], [ 110.290659007774252, -1.932455839197915 ], [ 110.290479344717426, -1.932455839197915 ], [ 110.290479344717426, -1.932635502254739 ] ] ] } },
{ "type": "Feature", "properties": { "count": 2, "label": 1, "cluster_id": 58 }, "geometry": { "type": "Polygon", "coordinates": [ [ [ 110.290479344717426, -1.942157644266405 ], [ 110.290659007774252, -1.942157644266405 ], [ 110.290659007774252, -1.941798318152758 ], [ 110.290479344717426, -1.941798318152758 ], [ 110.290479344717426, -1.942157644266405 ] ] ] } },
{ "type": "Feature", "properties": { "count": 2, "label": 1, "cluster_id": 58 }, "geometry": { "type": "Polygon", "coordinates": [ [ [ 110.290479344717426, -1.944852590118764 ], [ 110.290659007774252, -1.944852590118764 ], [ 110.290659007774252, -1.944493264005116 ], [ 110.290479344717426, -1.944493264005116 ], [ 110.290479344717426, -1.944852590118764 ] ] ] } },
{ "type": "Feature", "properties": { "count": 1, "label": 1, "cluster_id": 58 }, "geometry": { "type": "Polygon", "coordinates": [ [ [ 110.290479344717426, -1.945930568459707 ], [ 110.290659007774252, -1.945930568459707 ], [ 110.290659007774252, -1.945750905402883 ], [ 110.290479344717426, -1.945750905402883 ], [ 110.290479344717426, -1.945930568459707 ] ] ] } },
{ "type": "Feature", "properties": { "count": 1, "label": 1, "cluster_id": 58 }, "geometry": { "type": "Polygon", "coordinates": [ [ [ 110.290479344717426, -1.948266188198418 ], [ 110.290659007774252, -1.948266188198418 ], [ 110.290659007774252, -1.948086525141594 ], [ 110.290479344717426, -1.948086525141594 ], [ 110.290479344717426, -1.948266188198418 ] ] ] } },
{ "type": "Feature", "properties": { "count": 2, "label": 1, "cluster_id": 58 }, "geometry": { "type": "Polygon", "coordinates": [ [ [ 110.290659007774252, -1.930120219459204 ], [ 110.290838670831079, -1.930120219459204 ], [ 110.290838670831079, -1.929760893345556 ], [ 110.290659007774252, -1.929760893345556 ], [ 110.290659007774252, -1.930120219459204 ] ] ] } },
{ "type": "Feature", "properties": { "count": 2, "label": 1, "cluster_id": 58 }, "geometry": { "type": "Polygon", "coordinates": [ [ [ 110.290479344717426, -1.930659208629676 ], [ 110.290838670831079, -1.930659208629676 ], [ 110.290838670831079, -1.930479545572852 ], [ 110.290479344717426, -1.930479545572852 ], [ 110.290479344717426, -1.930659208629676 ] ] ] } },
{ "type": "Feature", "properties": { "count": 3, "label": 1, "cluster_id": 58 }, "geometry": { "type": "Polygon", "coordinates": [ [ [ 110.290659007774252, -1.934252469766154 ], [ 110.290838670831079, -1.934252469766154 ], [ 110.290838670831079, -1.933713480595682 ], [ 110.290659007774252, -1.933713480595682 ], [ 110.290659007774252, -1.934252469766154 ] ] ] } },
{ "type": "Feature", "properties": { "count": 1, "label": 1, "cluster_id": 58 }, "geometry": { "type": "Polygon", "coordinates": [ [ [ 110.290659007774252, -1.938025393959456 ], [ 110.290838670831079, -1.938025393959456 ], [ 110.290838670831079, -1.937845730902632 ], [ 110.290659007774252, -1.937845730902632 ], [ 110.290659007774252, -1.938025393959456 ] ] ] } },
{ "type": "Feature", "properties": { "count": 1, "label": 1, "cluster_id": 58 }, "geometry": { "type": "Polygon", "coordinates": [ [ [ 110.290659007774252, -1.943415285664173 ], [ 110.290838670831079, -1.943415285664173 ], [ 110.290838670831079, -1.943235622607349 ], [ 110.290659007774252, -1.943235622607349 ], [ 110.290659007774252, -1.943415285664173 ] ] ] } },
{ "type": "Feature", "properties": { "count": 1, "label": 1, "cluster_id": 58 }, "geometry": { "type": "Polygon", "coordinates": [ [ [ 110.290659007774252, -1.950062818766657 ], [ 110.290838670831079, -1.950062818766657 ], [ 110.290838670831079, -1.949883155709833 ], [ 110.290659007774252, -1.949883155709833 ], [ 110.290659007774252, -1.950062818766657 ] ] ] } },
{ "type": "Feature", "properties": { "count": 3, "label": 1, "cluster_id": 58 }, "geometry": { "type": "Polygon", "coordinates": [ [ [ 110.290838670831079, -1.928503251947789 ], [ 110.290838670831079, -1.928862578061437 ], [ 110.291197996944717, -1.928862578061437 ], [ 110.291197996944717, -1.928682915004613 ], [ 110.291018333887891, -1.928682915004613 ], [ 110.291018333887891, -1.928503251947789 ], [ 110.290838670831079, -1.928503251947789 ] ] ] } },
{ "type": "Feature", "properties": { "count": 2, "label": 1, "cluster_id": 58 }, "geometry": { "type": "Polygon", "coordinates": [ [ [ 110.290838670831079, -1.934791458936625 ], [ 110.291018333887891, -1.934791458936625 ], [ 110.291018333887891, -1.934432132822978 ], [ 110.290838670831079, -1.934432132822978 ], [ 110.290838670831079, -1.934791458936625 ] ] ] } },
{ "type": "Feature", "properties": { "count": 1, "label": 1, "cluster_id": 58 }, "geometry": { "type": "Polygon", "coordinates": [ [ [ 110.290838670831079, -1.944493264005116 ], [ 110.291018333887891, -1.944493264005116 ], [ 110.291018333887891, -1.944313600948292 ], [ 110.290838670831079, -1.944313600948292 ], [ 110.290838670831079, -1.944493264005116 ] ] ] } },
{ "type": "Feature", "properties": { "count": 2, "label": 1, "cluster_id": 58 }, "geometry": { "type": "Polygon", "coordinates": [ [ [ 110.290838670831079, -1.945032253175588 ], [ 110.291018333887891, -1.945032253175588 ], [ 110.291018333887891, -1.94467292706194 ], [ 110.290838670831079, -1.94467292706194 ], [ 110.290838670831079, -1.945032253175588 ] ] ] } },
{ "type": "Feature", "properties": { "count": 1, "label": 1, "cluster_id": 58 }, "geometry": { "type": "Polygon", "coordinates": [ [ [ 110.290838670831079, -1.946110231516531 ], [ 110.291018333887891, -1.946110231516531 ], [ 110.291018333887891, -1.945930568459707 ], [ 110.290838670831079, -1.945930568459707 ], [ 110.290838670831079, -1.946110231516531 ] ] ] } },
{ "type": "Feature", "properties": { "count": 1, "label": 1, "cluster_id": 58 }, "geometry": { "type": "Polygon", "coordinates": [ [ [ 110.290838670831079, -1.948445851255242 ], [ 110.291018333887891, -1.948445851255242 ], [ 110.291018333887891, -1.948266188198418 ], [ 110.290838670831079, -1.948266188198418 ], [ 110.290838670831079, -1.948445851255242 ] ] ] } },
{ "type": "Feature", "properties": { "count": 1, "label": 1, "cluster_id": 58 }, "geometry": { "type": "Polygon", "coordinates": [ [ [ 110.291018333887891, -1.930659208629676 ], [ 110.291197996944717, -1.930659208629676 ], [ 110.291197996944717, -1.930479545572852 ], [ 110.291018333887891, -1.930479545572852 ], [ 110.291018333887891, -1.930659208629676 ] ] ] } },
{ "type": "Feature", "properties": { "count": 1, "label": 1, "cluster_id": 58 }, "geometry": { "type": "Polygon", "coordinates": [ [ [ 110.291018333887891, -1.93407280670933 ], [ 110.291197996944717, -1.93407280670933 ], [ 110.291197996944717, -1.933893143652506 ], [ 110.291018333887891, -1.933893143652506 ], [ 110.291018333887891, -1.93407280670933 ] ] ] } },
{ "type": "Feature", "properties": { "count": 2, "label": 1, "cluster_id": 58 }, "geometry": { "type": "Polygon", "coordinates": [ [ [ 110.291018333887891, -1.935510111163921 ], [ 110.291197996944717, -1.935510111163921 ], [ 110.291197996944717, -1.935150785050273 ], [ 110.291018333887891, -1.935150785050273 ], [ 110.291018333887891, -1.935510111163921 ] ] ] } },
{ "type": "Feature", "properties": { "count": 2, "label": 1, "cluster_id": 58 }, "geometry": { "type": "Polygon", "coordinates": [ [ [ 110.291018333887891, -1.937486404788984 ], [ 110.291197996944717, -1.937486404788984 ], [ 110.291197996944717, -1.937127078675336 ], [ 110.291018333887891, -1.937127078675336 ], [ 110.291018333887891, -1.937486404788984 ] ] ] } },
{ "type": "Feature", "properties": { "count": 1, "label": 1, "cluster_id": 58 }, "geometry": { "type": "Polygon", "coordinates": [ [ [ 110.291018333887891, -1.94054067675499 ], [ 110.291197996944717, -1.94054067675499 ], [ 110.291197996944717, -1.940361013698166 ], [ 110.291018333887891, -1.940361013698166 ], [ 110.291018333887891, -1.94054067675499 ] ] ] } },
{ "type": "Feature", "properties": { "count": 2, "label": 1, "cluster_id": 58 }, "geometry": { "type": "Polygon", "coordinates": [ [ [ 110.291018333887891, -1.943594948720997 ], [ 110.291197996944717, -1.943594948720997 ], [ 110.291197996944717, -1.943235622607349 ], [ 110.291018333887891, -1.943235622607349 ], [ 110.291018333887891, -1.943594948720997 ] ] ] } },
{ "type": "Feature", "properties": { "count": 1, "label": 1, "cluster_id": 58 }, "geometry": { "type": "Polygon", "coordinates": [ [ [ 110.291018333887891, -1.943954274834645 ], [ 110.291197996944717, -1.943954274834645 ], [ 110.291197996944717, -1.943774611777821 ], [ 110.291018333887891, -1.943774611777821 ], [ 110.291018333887891, -1.943954274834645 ] ] ] } },
{ "type": "Feature", "properties": { "count": 2, "label": 1, "cluster_id": 58 }, "geometry": { "type": "Polygon", "coordinates": [ [ [ 110.291018333887891, -1.945930568459707 ], [ 110.291197996944717, -1.945930568459707 ], [ 110.291197996944717, -1.94557124234606 ], [ 110.291018333887891, -1.94557124234606 ], [ 110.291018333887891, -1.945930568459707 ] ] ] } },
{ "type": "Feature", "properties": { "count": 1, "label": 1, "cluster_id": 58 }, "geometry": { "type": "Polygon", "coordinates": [ [ [ 110.291018333887891, -1.94790686208477 ], [ 110.291197996944717, -1.94790686208477 ], [ 110.291197996944717, -1.947727199027947 ], [ 110.291018333887891, -1.947727199027947 ], [ 110.291018333887891, -1.94790686208477 ] ] ] } },
{ "type": "Feature", "properties": { "count": 1, "label": 1, "cluster_id": 58 }, "geometry": { "type": "Polygon", "coordinates": [ [ [ 110.291197996944717, -1.937666067845808 ], [ 110.291377660001544, -1.937666067845808 ], [ 110.291377660001544, -1.937486404788984 ], [ 110.291197996944717, -1.937486404788984 ], [ 110.291197996944717, -1.937666067845808 ] ] ] } },
{ "type": "Feature", "properties": { "count": 1, "label": 1, "cluster_id": 58 }, "geometry": { "type": "Polygon", "coordinates": [ [ [ 110.291197996944717, -1.938564383129927 ], [ 110.291377660001544, -1.938564383129927 ], [ 110.291377660001544, -1.938384720073103 ], [ 110.291197996944717, -1.938384720073103 ], [ 110.291197996944717, -1.938564383129927 ] ] ] } },
{ "type": "Feature", "properties": { "count": 2, "label": 1, "cluster_id": 58 }, "geometry": { "type": "Polygon", "coordinates": [ [ [ 110.291018333887891, -1.941618655095934 ], [ 110.291377660001544, -1.941618655095934 ], [ 110.291377660001544, -1.94143899203911 ], [ 110.291018333887891, -1.94143899203911 ], [ 110.291018333887891, -1.941618655095934 ] ] ] } },
{ "type": "Feature", "properties": { "count": 5, "label": 1, "cluster_id": 58 }, "geometry": { "type": "Polygon", "coordinates": [ [ [ 110.291197996944717, -1.944133937891468 ], [ 110.291197996944717, -1.94467292706194 ], [ 110.29155732305837, -1.94467292706194 ], [ 110.29155732305837, -1.944313600948292 ], [ 110.291377660001544, -1.944313600948292 ], [ 110.291377660001544, -1.944133937891468 ], [ 110.291197996944717, -1.944133937891468 ] ] ] } },
{ "type": "Feature", "properties": { "count": 1, "label": 1, "cluster_id": 58 }, "geometry": { "type": "Polygon", "coordinates": [ [ [ 110.291197996944717, -1.94557124234606 ], [ 110.291377660001544, -1.94557124234606 ], [ 110.291377660001544, -1.945391579289236 ], [ 110.291197996944717, -1.945391579289236 ], [ 110.291197996944717, -1.94557124234606 ] ] ] } },
{ "type": "Feature", "properties": { "count": 3, "label": 1, "cluster_id": 58 }, "geometry": { "type": "Polygon", "coordinates": [ [ [ 110.291018333887891, -1.929401567231908 ], [ 110.29155732305837, -1.929401567231908 ], [ 110.29155732305837, -1.929221904175084 ], [ 110.291018333887891, -1.929221904175084 ], [ 110.291018333887891, -1.929401567231908 ] ] ] } },
{ "type": "Feature", "properties": { "count": 9, "label": 1, "cluster_id": 58 }, "geometry": { "type": "Polygon", "coordinates": [ [ [ 110.291018333887891, -1.92994055640238 ], [ 110.291018333887891, -1.930299882516028 ], [ 110.291197996944717, -1.930299882516028 ], [ 110.291197996944717, -1.930479545572852 ], [ 110.291377660001544, -1.930479545572852 ], [ 110.291377660001544, -1.930659208629676 ], [ 110.29155732305837, -1.930659208629676 ], [ 110.29155732305837, -1.92994055640238 ], [ 110.291018333887891, -1.92994055640238 ] ] ] } },
{ "type": "Feature", "properties": { "count": 52, "label": 1, "cluster_id": 58 }, "geometry": { "type": "Polygon", "coordinates": [ [ [ 110.290838670831079, -1.931018534743323 ], [ 110.290838670831079, -1.931198197800147 ], [ 110.290479344717426, -1.931198197800147 ], [ 110.290479344717426, -1.931018534743323 ], [ 110.290299681660599, -1.931018534743323 ], [ 110.290299681660599, -1.931377860856971 ], [ 110.290479344717426, -1.931377860856971 ], [ 110.290479344717426, -1.931557523913795 ], [ 110.290299681660599, -1.931557523913795 ], [ 110.290299681660599, -1.931737186970619 ], [ 110.290479344717426, -1.931737186970619 ], [ 110.290479344717426, -1.931916850027443 ], [ 110.290299681660599, -1.931916850027443 ], [ 110.290299681660599, -1.932096513084267 ], [ 110.290659007774252, -1.932096513084267 ], [ 110.290659007774252, -1.932276176141091 ], [ 110.290838670831079, -1.932276176141091 ], [ 110.290838670831079, -1.932455839197915 ], [ 110.291018333887891, -1.932455839197915 ], [ 110.291018333887891, -1.932635502254739 ], [ 110.290838670831079, -1.932635502254739 ], [ 110.290838670831079, -1.932994828368386 ], [ 110.291197996944717, -1.932994828368386 ], [ 110.291197996944717, -1.932815165311562 ], [ 110.291377660001544, -1.932815165311562 ], [ 110.291377660001544, -1.932635502254739 ], [ 110.291197996944717, -1.932635502254739 ], [ 110.291197996944717, -1.932276176141091 ], [ 110.291377660001544, -1.932276176141091 ], [ 110.291377660001544, -1.932096513084267 ], [ 110.29155732305837, -1.932096513084267 ], [ 110.29155732305837, -1.931916850027443 ], [ 110.291736986115197, -1.931916850027443 ], [ 110.291736986115197, -1.932276176141091 ], [ 110.291916649172023, -1.932276176141091 ], [ 110.291916649172023, -1.931737186970619 ], [ 110.291736986115197, -1.931737186970619 ], [ 110.291736986115197, -1.931557523913795 ], [ 110.29155732305837, -1.931557523913795 ], [ 110.29155732305837, -1.931018534743323 ], [ 110.290838670831079, -1.931018534743323 ] ], [ [ 110.291197996944717, -1.931557523913795 ], [ 110.291018333887891, -1.931557523913795 ], [ 110.291018333887891, -1.932096513084267 ], [ 110.291197996944717, -1.932096513084267 ], [ 110.291197996944717, -1.931557523913795 ] ] ] } },
{ "type": "Feature", "properties": { "count": 1, "label": 1, "cluster_id": 58 }, "geometry": { "type": "Polygon", "coordinates": [ [ [ 110.291377660001544, -1.932994828368386 ], [ 110.29155732305837, -1.932994828368386 ], [ 110.29155732305837, -1.932815165311562 ], [ 110.291377660001544, -1.932815165311562 ], [ 110.291377660001544, -1.932994828368386 ] ] ] } },
{ "type": "Feature", "properties": { "count": 2, "label": 1, "cluster_id": 58 }, "geometry": { "type": "Polygon", "coordinates": [ [ [ 110.291377660001544, -1.94143899203911 ], [ 110.29155732305837, -1.94143899203911 ], [ 110.29155732305837, -1.941079665925462 ], [ 110.291377660001544, -1.941079665925462 ], [ 110.291377660001544, -1.94143899203911 ] ] ] } },
{ "type": "Feature", "properties": { "count": 1, "label": 1, "cluster_id": 58 }, "geometry": { "type": "Polygon", "coordinates": [ [ [ 110.291377660001544, -1.945750905402883 ], [ 110.29155732305837, -1.945750905402883 ], [ 110.29155732305837, -1.94557124234606 ], [ 110.291377660001544, -1.94557124234606 ], [ 110.291377660001544, -1.945750905402883 ] ] ] } },
{ "type": "Feature", "properties": { "count": 1, "label": 1, "cluster_id": 58 }, "geometry": { "type": "Polygon", "coordinates": [ [ [ 110.291377660001544, -1.947188209857475 ], [ 110.29155732305837, -1.947188209857475 ], [ 110.29155732305837, -1.947008546800651 ], [ 110.291377660001544, -1.947008546800651 ], [ 110.291377660001544, -1.947188209857475 ] ] ] } },
{ "type": "Feature", "properties": { "count": 1, "label": 1, "cluster_id": 58 }, "geometry": { "type": "Polygon", "coordinates": [ [ [ 110.29155732305837, -1.938564383129927 ], [ 110.291736986115197, -1.938564383129927 ], [ 110.291736986115197, -1.938384720073103 ], [ 110.29155732305837, -1.938384720073103 ], [ 110.29155732305837, -1.938564383129927 ] ] ] } },
{ "type": "Feature", "properties": { "count": 1, "label": 1, "cluster_id": 58 }, "geometry": { "type": "Polygon", "coordinates": [ [ [ 110.29155732305837, -1.941079665925462 ], [ 110.291736986115197, -1.941079665925462 ], [ 110.291736986115197, -1.940900002868638 ], [ 110.29155732305837, -1.940900002868638 ], [ 110.29155732305837, -1.941079665925462 ] ] ] } },
{ "type": "Feature", "properties": { "count": 51, "label": 1, "cluster_id": 58 }, "geometry": { "type": "Polygon", "coordinates": [ [ [ 110.29155732305837, -1.94143899203911 ], [ 110.29155732305837, -1.941618655095934 ], [ 110.291377660001544, -1.941618655095934 ], [ 110.291377660001544, -1.941798318152758 ], [ 110.29155732305837, -1.941798318152758 ], [ 110.29155732305837, -1.941977981209582 ], [ 110.291197996944717, -1.941977981209582 ], [ 110.291197996944717, -1.942157644266405 ], [ 110.290838670831079, -1.942157644266405 ], [ 110.290838670831079, -1.942696633436877 ], [ 110.290659007774252, -1.942696633436877 ], [ 110.290659007774252, -1.942516970380053 ], [ 110.290479344717426, -1.942516970380053 ], [ 110.290479344717426, -1.942157644266405 ], [ 110.290299681660599, -1.942157644266405 ], [ 110.290299681660599, -1.941977981209582 ], [ 110.290120018603773, -1.941977981209582 ], [ 110.290120018603773, -1.942516970380053 ], [ 110.290299681660599, -1.942516970380053 ], [ 110.290299681660599, -1.943055959550525 ], [ 110.291018333887891, -1.943055959550525 ], [ 110.291018333887891, -1.942696633436877 ], [ 110.291197996944717, -1.942696633436877 ], [ 110.291197996944717, -1.942876296493701 ], [ 110.291377660001544, -1.942876296493701 ], [ 110.291377660001544, -1.942337307323229 ], [ 110.291736986115197, -1.942337307323229 ], [ 110.291736986115197, -1.942516970380053 ], [ 110.291916649172023, -1.942516970380053 ], [ 110.291916649172023, -1.942696633436877 ], [ 110.292096312228836, -1.942696633436877 ], [ 110.292096312228836, -1.942516970380053 ], [ 110.292455638342489, -1.942516970380053 ], [ 110.292455638342489, -1.941977981209582 ], [ 110.292096312228836, -1.941977981209582 ], [ 110.292096312228836, -1.941618655095934 ], [ 110.291736986115197, -1.941618655095934 ], [ 110.291736986115197, -1.94143899203911 ], [ 110.29155732305837, -1.94143899203911 ] ] ] } },
{ "type": "Feature", "properties": { "count": 2, "label": 1, "cluster_id": 58 }, "geometry": { "type": "Polygon", "coordinates": [ [ [ 110.29155732305837, -1.943055959550525 ], [ 110.291736986115197, -1.943055959550525 ], [ 110.291736986115197, -1.942696633436877 ], [ 110.29155732305837, -1.942696633436877 ], [ 110.29155732305837, -1.943055959550525 ] ] ] } },
{ "type": "Feature", "properties": { "count": 1, "label": 1, "cluster_id": 58 }, "geometry": { "type": "Polygon", "coordinates": [ [ [ 110.29155732305837, -1.94557124234606 ], [ 110.291736986115197, -1.94557124234606 ], [ 110.291736986115197, -1.945391579289236 ], [ 110.29155732305837, -1.945391579289236 ], [ 110.29155732305837, -1.94557124234606 ] ] ] } },
{ "type": "Feature", "properties": { "count": 3, "label": 1, "cluster_id": 58 }, "geometry": { "type": "Polygon", "coordinates": [ [ [ 110.29155732305837, -1.947727199027947 ], [ 110.29155732305837, -1.94790686208477 ], [ 110.291377660001544, -1.94790686208477 ], [ 110.291377660001544, -1.948086525141594 ], [ 110.291736986115197, -1.948086525141594 ], [ 110.291736986115197, -1.947727199027947 ], [ 110.29155732305837, -1.947727199027947 ] ] ] } },
{ "type": "Feature", "properties": { "count": 2, "label": 1, "cluster_id": 58 }, "geometry": { "type": "Polygon", "coordinates": [ [ [ 110.291736986115197, -1.930479545572852 ], [ 110.291916649172023, -1.930479545572852 ], [ 110.291916649172023, -1.930120219459204 ], [ 110.291736986115197, -1.930120219459204 ], [ 110.291736986115197, -1.930479545572852 ] ] ] } },
{ "type": "Feature", "properties": { "count": 1, "label": 1, "cluster_id": 58 }, "geometry": { "type": "Polygon", "coordinates": [ [ [ 110.291736986115197, -1.930838871686499 ], [ 110.291916649172023, -1.930838871686499 ], [ 110.291916649172023, -1.930659208629676 ], [ 110.291736986115197, -1.930659208629676 ], [ 110.291736986115197, -1.930838871686499 ] ] ] } },
{ "type": "Feature", "properties": { "count": 2, "label": 1, "cluster_id": 58 }, "geometry": { "type": "Polygon", "coordinates": [ [ [ 110.291736986115197, -1.94143899203911 ], [ 110.291916649172023, -1.94143899203911 ], [ 110.291916649172023, -1.941079665925462 ], [ 110.291736986115197, -1.941079665925462 ], [ 110.291736986115197, -1.94143899203911 ] ] ] } },
{ "type": "Feature", "properties": { "count": 2, "label": 1, "cluster_id": 58 }, "geometry": { "type": "Polygon", "coordinates": [ [ [ 110.291736986115197, -1.94467292706194 ], [ 110.291916649172023, -1.94467292706194 ], [ 110.291916649172023, -1.944313600948292 ], [ 110.291736986115197, -1.944313600948292 ], [ 110.291736986115197, -1.94467292706194 ] ] ] } },
{ "type": "Feature", "properties": { "count": 1, "label": 1, "cluster_id": 58 }, "geometry": { "type": "Polygon", "coordinates": [ [ [ 110.291916649172023, -1.932635502254739 ], [ 110.292096312228836, -1.932635502254739 ], [ 110.292096312228836, -1.932455839197915 ], [ 110.291916649172023, -1.932455839197915 ], [ 110.291916649172023, -1.932635502254739 ] ] ] } },
{ "type": "Feature", "properties": { "count": 3, "label": 1, "cluster_id": 58 }, "geometry": { "type": "Polygon", "coordinates": [ [ [ 110.291916649172023, -1.932815165311562 ], [ 110.291916649172023, -1.93317449142521 ], [ 110.292275975285662, -1.93317449142521 ], [ 110.292275975285662, -1.932994828368386 ], [ 110.292096312228836, -1.932994828368386 ], [ 110.292096312228836, -1.932815165311562 ], [ 110.291916649172023, -1.932815165311562 ] ] ] } },
{ "type": "Feature", "properties": { "count": 1, "label": 1, "cluster_id": 58 }, "geometry": { "type": "Polygon", "coordinates": [ [ [ 110.292096312228836, -1.931198197800147 ], [ 110.292275975285662, -1.931198197800147 ], [ 110.292275975285662, -1.931018534743323 ], [ 110.292096312228836, -1.931018534743323 ], [ 110.292096312228836, -1.931198197800147 ] ] ] } },
{ "type": "Feature", "properties": { "count": 1, "label": 1, "cluster_id": 58 }, "geometry": { "type": "Polygon", "coordinates": [ [ [ 110.292096312228836, -1.936767752561688 ], [ 110.292275975285662, -1.936767752561688 ], [ 110.292275975285662, -1.936588089504864 ], [ 110.292096312228836, -1.936588089504864 ], [ 110.292096312228836, -1.936767752561688 ] ] ] } },
{ "type": "Feature", "properties": { "count": 2, "label": 1, "cluster_id": 58 }, "geometry": { "type": "Polygon", "coordinates": [ [ [ 110.292096312228836, -1.93820505701628 ], [ 110.292275975285662, -1.93820505701628 ], [ 110.292275975285662, -1.937845730902632 ], [ 110.292096312228836, -1.937845730902632 ], [ 110.292096312228836, -1.93820505701628 ] ] ] } },
{ "type": "Feature", "properties": { "count": 8, "label": 1, "cluster_id": 58 }, "geometry": { "type": "Polygon", "coordinates": [ [ [ 110.292096312228836, -1.942876296493701 ], [ 110.292096312228836, -1.943235622607349 ], [ 110.291916649172023, -1.943235622607349 ], [ 110.291916649172023, -1.943954274834645 ], [ 110.292096312228836, -1.943954274834645 ], [ 110.292096312228836, -1.943594948720997 ], [ 110.292275975285662, -1.943594948720997 ], [ 110.292275975285662, -1.942876296493701 ], [ 110.292096312228836, -1.942876296493701 ] ] ] } },
{ "type": "Feature", "properties": { "count": 1, "label": 1, "cluster_id": 58 }, "geometry": { "type": "Polygon", "coordinates": [ [ [ 110.292096312228836, -1.944313600948292 ], [ 110.292275975285662, -1.944313600948292 ], [ 110.292275975285662, -1.944133937891468 ], [ 110.292096312228836, -1.944133937891468 ], [ 110.292096312228836, -1.944313600948292 ] ] ] } },
{ "type": "Feature", "properties": { "count": 3, "label": 1, "cluster_id": 58 }, "geometry": { "type": "Polygon", "coordinates": [ [ [ 110.292096312228836, -1.931737186970619 ], [ 110.292096312228836, -1.931916850027443 ], [ 110.292275975285662, -1.931916850027443 ], [ 110.292275975285662, -1.932096513084267 ], [ 110.292455638342489, -1.932096513084267 ], [ 110.292455638342489, -1.931737186970619 ], [ 110.292096312228836, -1.931737186970619 ] ] ] } },
{ "type": "Feature", "properties": { "count": 1, "label": 1, "cluster_id": 58 }, "geometry": { "type": "Polygon", "coordinates": [ [ [ 110.292275975285662, -1.93730674173216 ], [ 110.292455638342489, -1.93730674173216 ], [ 110.292455638342489, -1.937127078675336 ], [ 110.292275975285662, -1.937127078675336 ], [ 110.292275975285662, -1.93730674173216 ] ] ] } },
{ "type": "Feature", "properties": { "count": 1, "label": 1, "cluster_id": 58 }, "geometry": { "type": "Polygon", "coordinates": [ [ [ 110.292275975285662, -1.937666067845808 ], [ 110.292455638342489, -1.937666067845808 ], [ 110.292455638342489, -1.937486404788984 ], [ 110.292275975285662, -1.937486404788984 ], [ 110.292275975285662, -1.937666067845808 ] ] ] } },
{ "type": "Feature", "properties": { "count": 7, "label": 1, "cluster_id": 58 }, "geometry": { "type": "Polygon", "coordinates": [ [ [ 110.291916649172023, -1.938564383129927 ], [ 110.291916649172023, -1.938744046186751 ], [ 110.292096312228836, -1.938744046186751 ], [ 110.292096312228836, -1.938923709243575 ], [ 110.292275975285662, -1.938923709243575 ], [ 110.292275975285662, -1.939283035357223 ], [ 110.292455638342489, -1.939283035357223 ], [ 110.292455638342489, -1.938564383129927 ], [ 110.291916649172023, -1.938564383129927 ] ] ] } },
{ "type": "Feature", "properties": { "count": 1, "label": 1, "cluster_id": 58 }, "geometry": { "type": "Polygon", "coordinates": [ [ [ 110.292275975285662, -1.941798318152758 ], [ 110.292455638342489, -1.941798318152758 ], [ 110.292455638342489, -1.941618655095934 ], [ 110.292275975285662, -1.941618655095934 ], [ 110.292275975285662, -1.941798318152758 ] ] ] } },
{ "type": "Feature", "properties": { "count": 1, "label": 1, "cluster_id": 58 }, "geometry": { "type": "Polygon", "coordinates": [ [ [ 110.292275975285662, -1.943774611777821 ], [ 110.292455638342489, -1.943774611777821 ], [ 110.292455638342489, -1.943594948720997 ], [ 110.292275975285662, -1.943594948720997 ], [ 110.292275975285662, -1.943774611777821 ] ] ] } }
]
}
