{
"type": "FeatureCollection",
"name": "cluster_314_burned_perimeter",
"crs": { "type": "name", "properties": { "name": "urn:ogc:def:crs:OGC:1.3:CRS84" } },
"features": [
{ "type": "Feature", "properties": { "count": 7, "label": 1, "cluster_id": 314 }, "geometry": { "type": "Polygon", "coordinates": [ [ [ 117.384295480352463, 1.840288691047252 ], [ 117.384295480352463, 1.840109027990428 ], [ 117.384115817295637, 1.840109027990428 ], [ 117.384115817295637, 1.839929364933604 ], [ 117.384295480352463, 1.839929364933604 ], [ 117.384295480352463, 1.839570038819956 ], [ 117.384654806466116, 1.839570038819956 ], [ 117.384654806466116, 1.839929364933604 ], [ 117.38447514340929, 1.839929364933604 ], [ 117.38447514340929, 1.840288691047252 ], [ 117.384295480352463, 1.840288691047252 ] ] ] } },
{ "type": "Feature", "properties": { "count": 1, "label": 1, "cluster_id": 314 }, "geometry": { "type": "Polygon", "coordinates": [ [ [ 117.38447514340929, 1.840648017160899 ], [ 117.384654806466116, 1.840648017160899 ], [ 117.384654806466116, 1.840827680217723 ], [ 117.38447514340929, 1.840827680217723 ], [ 117.38447514340929, 1.840648017160899 ] ] ] } },
{ "type": "Feature", "properties": { "count": 1, "label": 1, "cluster_id": 314 }, "geometry": { "type": "Polygon", "coordinates": [ [ [ 117.384654806466116, 1.841007343274547 ], [ 117.384834469522929, 1.841007343274547 ], [ 117.384834469522929, 1.841187006331371 ], [ 117.384654806466116, 1.841187006331371 ], [ 117.384654806466116, 1.841007343274547 ] ] ] } },
{ "type": "Feature", "properties": { "count": 1, "label": 1, "cluster_id": 314 }, "geometry": { "type": "Polygon", "coordinates": [ [ [ 117.385014132579755, 1.841187006331371 ], [ 117.385193795636582, 1.841187006331371 ], [ 117.385193795636582, 1.841366669388195 ], [ 117.385014132579755, 1.841366669388195 ], [ 117.385014132579755, 1.841187006331371 ] ] ] } },
{ "type": "Feature", "properties": { "count": 6, "label": 1, "cluster_id": 314 }, "geometry": { "type": "Polygon", "coordinates": [ [ [ 117.385732784807061, 1.86508219288895 ], [ 117.385732784807061, 1.864902529832127 ], [ 117.385553121750235, 1.864902529832127 ], [ 117.385553121750235, 1.864722866775303 ], [ 117.385732784807061, 1.864722866775303 ], [ 117.385732784807061, 1.864543203718479 ], [ 117.3860921109207, 1.864543203718479 ], [ 117.3860921109207, 1.864902529832127 ], [ 117.385912447863873, 1.864902529832127 ], [ 117.385912447863873, 1.86508219288895 ], [ 117.385732784807061, 1.86508219288895 ] ] ] } },
{ "type": "Feature", "properties": { "count": 1, "label": 1, "cluster_id": 314 }, "geometry": { "type": "Polygon", "coordinates": [ [ [ 117.386271773977526, 1.839390375763132 ], [ 117.386451437034353, 1.839390375763132 ], [ 117.386451437034353, 1.839570038819956 ], [ 117.386271773977526, 1.839570038819956 ], [ 117.386271773977526, 1.839390375763132 ] ] ] } },
{ "type": "Feature", "properties": { "count": 1, "label": 1, "cluster_id": 314 }, "geometry": { "type": "Polygon", "coordinates": [ [ [ 117.386451437034353, 1.863644888434359 ], [ 117.386631100091179, 1.863644888434359 ], [ 117.386631100091179, 1.863824551491183 ], [ 117.386451437034353, 1.863824551491183 ], [ 117.386451437034353, 1.863644888434359 ] ] ] } },
{ "type": "Feature", "properties": { "count": 2, "label": 1, "cluster_id": 314 }, "geometry": { "type": "Polygon", "coordinates": [ [ [ 117.386810763147992, 1.862207583979768 ], [ 117.386990426204818, 1.862207583979768 ], [ 117.386990426204818, 1.862566910093416 ], [ 117.386810763147992, 1.862566910093416 ], [ 117.386810763147992, 1.862207583979768 ] ] ] } },
{ "type": "Feature", "properties": { "count": 1, "label": 1, "cluster_id": 314 }, "geometry": { "type": "Polygon", "coordinates": [ [ [ 117.386810763147992, 1.863644888434359 ], [ 117.386990426204818, 1.863644888434359 ], [ 117.386990426204818, 1.863824551491183 ], [ 117.386810763147992, 1.863824551491183 ], [ 117.386810763147992, 1.863644888434359 ] ] ] } },
{ "type": "Feature", "properties": { "count": 1, "label": 1, "cluster_id": 314 }, "geometry": { "type": "Polygon", "coordinates": [ [ [ 117.386990426204818, 1.834359810172063 ], [ 117.387170089261645, 1.834359810172063 ], [ 117.387170089261645, 1.834539473228887 ], [ 117.386990426204818, 1.834539473228887 ], [ 117.386990426204818, 1.834359810172063 ] ] ] } },
{ "type": "Feature", "properties": { "count": 2, "label": 1, "cluster_id": 314 }, "geometry": { "type": "Polygon", "coordinates": [ [ [ 117.386990426204818, 1.860590616468353 ], [ 117.387170089261645, 1.860590616468353 ], [ 117.387170089261645, 1.860949942582001 ], [ 117.386990426204818, 1.860949942582001 ], [ 117.386990426204818, 1.860590616468353 ] ] ] } },
{ "type": "Feature", "properties": { "count": 5, "label": 1, "cluster_id": 314 }, "geometry": { "type": "Polygon", "coordinates": [ [ [ 117.387170089261645, 1.847475213320208 ], [ 117.387170089261645, 1.846936224149736 ], [ 117.387349752318471, 1.846936224149736 ], [ 117.387349752318471, 1.846756561092912 ], [ 117.387529415375298, 1.846756561092912 ], [ 117.387529415375298, 1.84711588720656 ], [ 117.387349752318471, 1.84711588720656 ], [ 117.387349752318471, 1.847475213320208 ], [ 117.387170089261645, 1.847475213320208 ] ] ] } },
{ "type": "Feature", "properties": { "count": 1, "label": 1, "cluster_id": 314 }, "geometry": { "type": "Polygon", "coordinates": [ [ [ 117.387170089261645, 1.862027920922944 ], [ 117.387349752318471, 1.862027920922944 ], [ 117.387349752318471, 1.862207583979768 ], [ 117.387170089261645, 1.862207583979768 ], [ 117.387170089261645, 1.862027920922944 ] ] ] } },
{ "type": "Feature", "properties": { "count": 1, "label": 1, "cluster_id": 314 }, "geometry": { "type": "Polygon", "coordinates": [ [ [ 117.387349752318471, 1.834539473228887 ], [ 117.387529415375298, 1.834539473228887 ], [ 117.387529415375298, 1.834719136285711 ], [ 117.387349752318471, 1.834719136285711 ], [ 117.387349752318471, 1.834539473228887 ] ] ] } },
{ "type": "Feature", "properties": { "count": 1, "label": 1, "cluster_id": 314 }, "geometry": { "type": "Polygon", "coordinates": [ [ [ 117.387349752318471, 1.846217571922441 ], [ 117.387529415375298, 1.846217571922441 ], [ 117.387529415375298, 1.846397234979265 ], [ 117.387349752318471, 1.846397234979265 ], [ 117.387349752318471, 1.846217571922441 ] ] ] } },
{ "type": "Feature", "properties": { "count": 1, "label": 1, "cluster_id": 314 }, "geometry": { "type": "Polygon", "coordinates": [ [ [ 117.387349752318471, 1.861129605638825 ], [ 117.387529415375298, 1.861129605638825 ], [ 117.387529415375298, 1.861309268695649 ], [ 117.387349752318471, 1.861309268695649 ], [ 117.387349752318471, 1.861129605638825 ] ] ] } },
{ "type": "Feature", "properties": { "count": 2, "label": 1, "cluster_id": 314 }, "geometry": { "type": "Polygon", "coordinates": [ [ [ 117.387529415375298, 1.833102168774295 ], [ 117.387709078432124, 1.833102168774295 ], [ 117.387709078432124, 1.833461494887943 ], [ 117.387529415375298, 1.833461494887943 ], [ 117.387529415375298, 1.833102168774295 ] ] ] } },
{ "type": "Feature", "properties": { "count": 1, "label": 1, "cluster_id": 314 }, "geometry": { "type": "Polygon", "coordinates": [ [ [ 117.387529415375298, 1.846576898036088 ], [ 117.387709078432124, 1.846576898036088 ], [ 117.387709078432124, 1.846756561092912 ], [ 117.387529415375298, 1.846756561092912 ], [ 117.387529415375298, 1.846576898036088 ] ] ] } },
{ "type": "Feature", "properties": { "count": 2, "label": 1, "cluster_id": 314 }, "geometry": { "type": "Polygon", "coordinates": [ [ [ 117.387349752318471, 1.85538038782046 ], [ 117.387709078432124, 1.85538038782046 ], [ 117.387709078432124, 1.855560050877284 ], [ 117.387349752318471, 1.855560050877284 ], [ 117.387349752318471, 1.85538038782046 ] ] ] } },
{ "type": "Feature", "properties": { "count": 1, "label": 1, "cluster_id": 314 }, "geometry": { "type": "Polygon", "coordinates": [ [ [ 117.387709078432124, 1.855200724763636 ], [ 117.387888741488936, 1.855200724763636 ], [ 117.387888741488936, 1.85538038782046 ], [ 117.387709078432124, 1.85538038782046 ], [ 117.387709078432124, 1.855200724763636 ] ] ] } },
{ "type": "Feature", "properties": { "count": 31, "label": 1, "cluster_id": 314 }, "geometry": { "type": "Polygon", "coordinates": [ [ [ 117.387529415375298, 1.861668594809296 ], [ 117.387529415375298, 1.861309268695649 ], [ 117.387709078432124, 1.861309268695649 ], [ 117.387709078432124, 1.860949942582001 ], [ 117.387529415375298, 1.860949942582001 ], [ 117.387529415375298, 1.860770279525177 ], [ 117.387888741488936, 1.860770279525177 ], [ 117.387888741488936, 1.860590616468353 ], [ 117.387170089261645, 1.860590616468353 ], [ 117.387170089261645, 1.860410953411529 ], [ 117.387709078432124, 1.860410953411529 ], [ 117.387709078432124, 1.860231290354705 ], [ 117.388068404545763, 1.860231290354705 ], [ 117.388068404545763, 1.860410953411529 ], [ 117.388248067602589, 1.860410953411529 ], [ 117.388248067602589, 1.860051627297881 ], [ 117.388427730659416, 1.860051627297881 ], [ 117.388427730659416, 1.860231290354705 ], [ 117.388966719829881, 1.860231290354705 ], [ 117.388966719829881, 1.860410953411529 ], [ 117.388787056773054, 1.860410953411529 ], [ 117.388787056773054, 1.860770279525177 ], [ 117.388427730659416, 1.860770279525177 ], [ 117.388427730659416, 1.860590616468353 ], [ 117.388068404545763, 1.860590616468353 ], [ 117.388068404545763, 1.860949942582001 ], [ 117.387888741488936, 1.860949942582001 ], [ 117.387888741488936, 1.861129605638825 ], [ 117.388248067602589, 1.861129605638825 ], [ 117.388248067602589, 1.861309268695649 ], [ 117.388068404545763, 1.861309268695649 ], [ 117.388068404545763, 1.861488931752472 ], [ 117.387888741488936, 1.861488931752472 ], [ 117.387888741488936, 1.861668594809296 ], [ 117.387529415375298, 1.861668594809296 ] ] ] } },
{ "type": "Feature", "properties": { "count": 1, "label": 1, "cluster_id": 314 }, "geometry": { "type": "Polygon", "coordinates": [ [ [ 117.387888741488936, 1.831664864319704 ], [ 117.388068404545763, 1.831664864319704 ], [ 117.388068404545763, 1.831844527376528 ], [ 117.387888741488936, 1.831844527376528 ], [ 117.387888741488936, 1.831664864319704 ] ] ] } },
{ "type": "Feature", "properties": { "count": 99, "label": 1, "cluster_id": 314 }, "geometry": { "type": "Polygon", "coordinates": [ [ [ 117.387349752318471, 1.838312397422189 ], [ 117.387349752318471, 1.837953071308541 ], [ 117.387170089261645, 1.837953071308541 ], [ 117.387170089261645, 1.837773408251717 ], [ 117.386631100091179, 1.837773408251717 ], [ 117.386631100091179, 1.837593745194893 ], [ 117.386271773977526, 1.837593745194893 ], [ 117.386271773977526, 1.837234419081245 ], [ 117.3860921109207, 1.837234419081245 ], [ 117.3860921109207, 1.837054756024421 ], [ 117.385912447863873, 1.837054756024421 ], [ 117.385912447863873, 1.836695429910774 ], [ 117.3860921109207, 1.836695429910774 ], [ 117.3860921109207, 1.83651576685395 ], [ 117.386271773977526, 1.83651576685395 ], [ 117.386271773977526, 1.836695429910774 ], [ 117.386451437034353, 1.836695429910774 ], [ 117.386451437034353, 1.836875092967597 ], [ 117.386631100091179, 1.836875092967597 ], [ 117.386631100091179, 1.837054756024421 ], [ 117.386810763147992, 1.837054756024421 ], [ 117.386810763147992, 1.837234419081245 ], [ 117.387170089261645, 1.837234419081245 ], [ 117.387170089261645, 1.836875092967597 ], [ 117.387349752318471, 1.836875092967597 ], [ 117.387349752318471, 1.836695429910774 ], [ 117.387170089261645, 1.836695429910774 ], [ 117.387170089261645, 1.83651576685395 ], [ 117.386990426204818, 1.83651576685395 ], [ 117.386990426204818, 1.836336103797126 ], [ 117.386631100091179, 1.836336103797126 ], [ 117.386631100091179, 1.835976777683478 ], [ 117.386990426204818, 1.835976777683478 ], [ 117.386990426204818, 1.835797114626654 ], [ 117.387529415375298, 1.835797114626654 ], [ 117.387529415375298, 1.83561745156983 ], [ 117.387709078432124, 1.83561745156983 ], [ 117.387709078432124, 1.835258125456182 ], [ 117.387888741488936, 1.835258125456182 ], [ 117.387888741488936, 1.837234419081245 ], [ 117.388248067602589, 1.837234419081245 ], [ 117.388248067602589, 1.837593745194893 ], [ 117.388068404545763, 1.837593745194893 ], [ 117.388068404545763, 1.837773408251717 ], [ 117.388248067602589, 1.837773408251717 ], [ 117.388248067602589, 1.838132734365365 ], [ 117.388068404545763, 1.838132734365365 ], [ 117.388068404545763, 1.838312397422189 ], [ 117.387349752318471, 1.838312397422189 ] ], [ [ 117.387529415375298, 1.837593745194893 ], [ 117.387349752318471, 1.837593745194893 ], [ 117.387349752318471, 1.837414082138069 ], [ 117.387529415375298, 1.837414082138069 ], [ 117.387529415375298, 1.837593745194893 ] ] ] } },
{ "type": "Feature", "properties": { "count": 1, "label": 1, "cluster_id": 314 }, "geometry": { "type": "Polygon", "coordinates": [ [ [ 117.388068404545763, 1.853224431138573 ], [ 117.388248067602589, 1.853224431138573 ], [ 117.388248067602589, 1.853404094195397 ], [ 117.388068404545763, 1.853404094195397 ], [ 117.388068404545763, 1.853224431138573 ] ] ] } },
{ "type": "Feature", "properties": { "count": 10, "label": 1, "cluster_id": 314 }, "geometry": { "type": "Polygon", "coordinates": [ [ [ 117.387888741488936, 1.856997355331875 ], [ 117.387888741488936, 1.856817692275051 ], [ 117.387709078432124, 1.856817692275051 ], [ 117.387709078432124, 1.856458366161403 ], [ 117.387888741488936, 1.856458366161403 ], [ 117.387888741488936, 1.856278703104579 ], [ 117.388068404545763, 1.856278703104579 ], [ 117.388068404545763, 1.856099040047755 ], [ 117.388248067602589, 1.856099040047755 ], [ 117.388248067602589, 1.856458366161403 ], [ 117.388068404545763, 1.856458366161403 ], [ 117.388068404545763, 1.856638029218227 ], [ 117.388248067602589, 1.856638029218227 ], [ 117.388248067602589, 1.856997355331875 ], [ 117.387888741488936, 1.856997355331875 ] ] ] } },
{ "type": "Feature", "properties": { "count": 1, "label": 1, "cluster_id": 314 }, "geometry": { "type": "Polygon", "coordinates": [ [ [ 117.388248067602589, 1.838671723535837 ], [ 117.388427730659416, 1.838671723535837 ], [ 117.388427730659416, 1.838851386592661 ], [ 117.388248067602589, 1.838851386592661 ], [ 117.388248067602589, 1.838671723535837 ] ] ] } },
{ "type": "Feature", "properties": { "count": 1, "label": 1, "cluster_id": 314 }, "geometry": { "type": "Polygon", "coordinates": [ [ [ 117.388248067602589, 1.860949942582001 ], [ 117.388427730659416, 1.860949942582001 ], [ 117.388427730659416, 1.861129605638825 ], [ 117.388248067602589, 1.861129605638825 ], [ 117.388248067602589, 1.860949942582001 ] ] ] } },
{ "type": "Feature", "properties": { "count": 1, "label": 1, "cluster_id": 314 }, "geometry": { "type": "Polygon", "coordinates": [ [ [ 117.388427730659416, 1.856997355331875 ], [ 117.388607393716242, 1.856997355331875 ], [ 117.388607393716242, 1.857177018388699 ], [ 117.388427730659416, 1.857177018388699 ], [ 117.388427730659416, 1.856997355331875 ] ] ] } },
{ "type": "Feature", "properties": { "count": 6, "label": 1, "cluster_id": 314 }, "geometry": { "type": "Polygon", "coordinates": [ [ [ 117.388427730659416, 1.859153312013762 ], [ 117.388427730659416, 1.858973648956938 ], [ 117.388248067602589, 1.858973648956938 ], [ 117.388248067602589, 1.85861432284329 ], [ 117.388607393716242, 1.85861432284329 ], [ 117.388607393716242, 1.858793985900114 ], [ 117.388787056773054, 1.858793985900114 ], [ 117.388787056773054, 1.858973648956938 ], [ 117.388607393716242, 1.858973648956938 ], [ 117.388607393716242, 1.859153312013762 ], [ 117.388427730659416, 1.859153312013762 ] ] ] } },
{ "type": "Feature", "properties": { "count": 1, "label": 1, "cluster_id": 314 }, "geometry": { "type": "Polygon", "coordinates": [ [ [ 117.388427730659416, 1.859512638127409 ], [ 117.388607393716242, 1.859512638127409 ], [ 117.388607393716242, 1.859692301184233 ], [ 117.388427730659416, 1.859692301184233 ], [ 117.388427730659416, 1.859512638127409 ] ] ] } },
{ "type": "Feature", "properties": { "count": 41, "label": 1, "cluster_id": 314 }, "geometry": { "type": "Polygon", "coordinates": [ [ [ 117.387709078432124, 1.840288691047252 ], [ 117.387709078432124, 1.840109027990428 ], [ 117.387529415375298, 1.840109027990428 ], [ 117.387529415375298, 1.839929364933604 ], [ 117.386990426204818, 1.839929364933604 ], [ 117.386990426204818, 1.840109027990428 ], [ 117.386631100091179, 1.840109027990428 ], [ 117.386631100091179, 1.839929364933604 ], [ 117.386451437034353, 1.839929364933604 ], [ 117.386451437034353, 1.839570038819956 ], [ 117.386990426204818, 1.839570038819956 ], [ 117.386990426204818, 1.839390375763132 ], [ 117.387170089261645, 1.839390375763132 ], [ 117.387170089261645, 1.839570038819956 ], [ 117.387349752318471, 1.839570038819956 ], [ 117.387349752318471, 1.839390375763132 ], [ 117.387709078432124, 1.839390375763132 ], [ 117.387709078432124, 1.839210712706308 ], [ 117.388427730659416, 1.839210712706308 ], [ 117.388427730659416, 1.839929364933604 ], [ 117.388607393716242, 1.839929364933604 ], [ 117.388607393716242, 1.840109027990428 ], [ 117.388787056773054, 1.840109027990428 ], [ 117.388787056773054, 1.840288691047252 ], [ 117.387709078432124, 1.840288691047252 ] ], [ [ 117.388248067602589, 1.840109027990428 ], [ 117.388068404545763, 1.840109027990428 ], [ 117.388068404545763, 1.839929364933604 ], [ 117.387888741488936, 1.839929364933604 ], [ 117.387888741488936, 1.83974970187678 ], [ 117.387709078432124, 1.83974970187678 ], [ 117.387709078432124, 1.839570038819956 ], [ 117.388248067602589, 1.839570038819956 ], [ 117.388248067602589, 1.840109027990428 ] ] ] } },
{ "type": "Feature", "properties": { "count": 34, "label": 1, "cluster_id": 314 }, "geometry": { "type": "Polygon", "coordinates": [ [ [ 117.388427730659416, 1.856278703104579 ], [ 117.388427730659416, 1.85538038782046 ], [ 117.388068404545763, 1.85538038782046 ], [ 117.388068404545763, 1.855021061706812 ], [ 117.388248067602589, 1.855021061706812 ], [ 117.388248067602589, 1.854661735593164 ], [ 117.388068404545763, 1.854661735593164 ], [ 117.388068404545763, 1.854122746422692 ], [ 117.388607393716242, 1.854122746422692 ], [ 117.388607393716242, 1.855021061706812 ], [ 117.388787056773054, 1.855021061706812 ], [ 117.388787056773054, 1.85538038782046 ], [ 117.388966719829881, 1.85538038782046 ], [ 117.388966719829881, 1.855919376990931 ], [ 117.388787056773054, 1.855919376990931 ], [ 117.388787056773054, 1.856278703104579 ], [ 117.388427730659416, 1.856278703104579 ] ] ] } },
{ "type": "Feature", "properties": { "count": 22, "label": 1, "cluster_id": 314 }, "geometry": { "type": "Polygon", "coordinates": [ [ [ 117.388787056773054, 1.832383516547 ], [ 117.388787056773054, 1.832203853490176 ], [ 117.388607393716242, 1.832203853490176 ], [ 117.388607393716242, 1.832024190433352 ], [ 117.388427730659416, 1.832024190433352 ], [ 117.388427730659416, 1.831305538206057 ], [ 117.388787056773054, 1.831305538206057 ], [ 117.388787056773054, 1.83148520126288 ], [ 117.388966719829881, 1.83148520126288 ], [ 117.388966719829881, 1.832024190433352 ], [ 117.389146382886707, 1.832024190433352 ], [ 117.389146382886707, 1.831664864319704 ], [ 117.38950570900036, 1.831664864319704 ], [ 117.38950570900036, 1.832024190433352 ], [ 117.389685372057187, 1.832024190433352 ], [ 117.389685372057187, 1.832203853490176 ], [ 117.388966719829881, 1.832203853490176 ], [ 117.388966719829881, 1.832383516547 ], [ 117.388787056773054, 1.832383516547 ] ] ] } },
{ "type": "Feature", "properties": { "count": 36, "label": 1, "cluster_id": 314 }, "geometry": { "type": "Polygon", "coordinates": [ [ [ 117.388607393716242, 1.846936224149736 ], [ 117.388607393716242, 1.846756561092912 ], [ 117.388427730659416, 1.846756561092912 ], [ 117.388427730659416, 1.846397234979265 ], [ 117.388248067602589, 1.846397234979265 ], [ 117.388248067602589, 1.846576898036088 ], [ 117.387709078432124, 1.846576898036088 ], [ 117.387709078432124, 1.846217571922441 ], [ 117.388068404545763, 1.846217571922441 ], [ 117.388068404545763, 1.845858245808793 ], [ 117.387888741488936, 1.845858245808793 ], [ 117.387888741488936, 1.845139593581497 ], [ 117.388427730659416, 1.845139593581497 ], [ 117.388427730659416, 1.846217571922441 ], [ 117.388966719829881, 1.846217571922441 ], [ 117.388966719829881, 1.846397234979265 ], [ 117.389146382886707, 1.846397234979265 ], [ 117.389146382886707, 1.846756561092912 ], [ 117.388966719829881, 1.846756561092912 ], [ 117.388966719829881, 1.846936224149736 ], [ 117.388607393716242, 1.846936224149736 ] ] ] } },
{ "type": "Feature", "properties": { "count": 1, "label": 1, "cluster_id": 314 }, "geometry": { "type": "Polygon", "coordinates": [ [ [ 117.388787056773054, 1.85771600755917 ], [ 117.388966719829881, 1.85771600755917 ], [ 117.388966719829881, 1.857895670615994 ], [ 117.388787056773054, 1.857895670615994 ], [ 117.388787056773054, 1.85771600755917 ] ] ] } },
{ "type": "Feature", "properties": { "count": 1, "label": 1, "cluster_id": 314 }, "geometry": { "type": "Polygon", "coordinates": [ [ [ 117.388787056773054, 1.858434659786466 ], [ 117.388966719829881, 1.858434659786466 ], [ 117.388966719829881, 1.85861432284329 ], [ 117.388787056773054, 1.85861432284329 ], [ 117.388787056773054, 1.858434659786466 ] ] ] } },
{ "type": "Feature", "properties": { "count": 3, "label": 1, "cluster_id": 314 }, "geometry": { "type": "Polygon", "coordinates": [ [ [ 117.388787056773054, 1.859692301184233 ], [ 117.388787056773054, 1.859512638127409 ], [ 117.388607393716242, 1.859512638127409 ], [ 117.388607393716242, 1.859332975070586 ], [ 117.388966719829881, 1.859332975070586 ], [ 117.388966719829881, 1.859692301184233 ], [ 117.388787056773054, 1.859692301184233 ] ] ] } },
{ "type": "Feature", "properties": { "count": 1, "label": 1, "cluster_id": 314 }, "geometry": { "type": "Polygon", "coordinates": [ [ [ 117.388787056773054, 1.870472084593668 ], [ 117.388966719829881, 1.870472084593668 ], [ 117.388966719829881, 1.870651747650492 ], [ 117.388787056773054, 1.870651747650492 ], [ 117.388787056773054, 1.870472084593668 ] ] ] } },
{ "type": "Feature", "properties": { "count": 1, "label": 1, "cluster_id": 314 }, "geometry": { "type": "Polygon", "coordinates": [ [ [ 117.388966719829881, 1.831305538206057 ], [ 117.389146382886707, 1.831305538206057 ], [ 117.389146382886707, 1.83148520126288 ], [ 117.388966719829881, 1.83148520126288 ], [ 117.388966719829881, 1.831305538206057 ] ] ] } },
{ "type": "Feature", "properties": { "count": 1, "label": 1, "cluster_id": 314 }, "geometry": { "type": "Polygon", "coordinates": [ [ [ 117.388966719829881, 1.840468354104076 ], [ 117.389146382886707, 1.840468354104076 ], [ 117.389146382886707, 1.840648017160899 ], [ 117.388966719829881, 1.840648017160899 ], [ 117.388966719829881, 1.840468354104076 ] ] ] } },
{ "type": "Feature", "properties": { "count": 1, "label": 1, "cluster_id": 314 }, "geometry": { "type": "Polygon", "coordinates": [ [ [ 117.388966719829881, 1.846936224149736 ], [ 117.389146382886707, 1.846936224149736 ], [ 117.389146382886707, 1.84711588720656 ], [ 117.388966719829881, 1.84711588720656 ], [ 117.388966719829881, 1.846936224149736 ] ] ] } },
{ "type": "Feature", "properties": { "count": 3, "label": 1, "cluster_id": 314 }, "geometry": { "type": "Polygon", "coordinates": [ [ [ 117.388787056773054, 1.857536344502347 ], [ 117.388787056773054, 1.857356681445523 ], [ 117.388966719829881, 1.857356681445523 ], [ 117.388966719829881, 1.857177018388699 ], [ 117.389146382886707, 1.857177018388699 ], [ 117.389146382886707, 1.857536344502347 ], [ 117.388787056773054, 1.857536344502347 ] ] ] } },
{ "type": "Feature", "properties": { "count": 3, "label": 1, "cluster_id": 314 }, "geometry": { "type": "Polygon", "coordinates": [ [ [ 117.388966719829881, 1.858793985900114 ], [ 117.389146382886707, 1.858793985900114 ], [ 117.389146382886707, 1.859332975070586 ], [ 117.388966719829881, 1.859332975070586 ], [ 117.388966719829881, 1.858793985900114 ] ] ] } },
{ "type": "Feature", "properties": { "count": 1, "label": 1, "cluster_id": 314 }, "geometry": { "type": "Polygon", "coordinates": [ [ [ 117.388966719829881, 1.859692301184233 ], [ 117.389146382886707, 1.859692301184233 ], [ 117.389146382886707, 1.859871964241057 ], [ 117.388966719829881, 1.859871964241057 ], [ 117.388966719829881, 1.859692301184233 ] ] ] } },
{ "type": "Feature", "properties": { "count": 1, "label": 1, "cluster_id": 314 }, "geometry": { "type": "Polygon", "coordinates": [ [ [ 117.388966719829881, 1.87011275848002 ], [ 117.389146382886707, 1.87011275848002 ], [ 117.389146382886707, 1.870292421536844 ], [ 117.388966719829881, 1.870292421536844 ], [ 117.388966719829881, 1.87011275848002 ] ] ] } },
{ "type": "Feature", "properties": { "count": 1, "label": 1, "cluster_id": 314 }, "geometry": { "type": "Polygon", "coordinates": [ [ [ 117.388966719829881, 1.874604334900617 ], [ 117.389146382886707, 1.874604334900617 ], [ 117.389146382886707, 1.874783997957441 ], [ 117.388966719829881, 1.874783997957441 ], [ 117.388966719829881, 1.874604334900617 ] ] ] } },
{ "type": "Feature", "properties": { "count": 7, "label": 1, "cluster_id": 314 }, "geometry": { "type": "Polygon", "coordinates": [ [ [ 117.388787056773054, 1.842444647729139 ], [ 117.388787056773054, 1.842264984672315 ], [ 117.388966719829881, 1.842264984672315 ], [ 117.388966719829881, 1.841905658558667 ], [ 117.389326045943534, 1.841905658558667 ], [ 117.389326045943534, 1.842444647729139 ], [ 117.388787056773054, 1.842444647729139 ] ] ] } },
{ "type": "Feature", "properties": { "count": 4, "label": 1, "cluster_id": 314 }, "geometry": { "type": "Polygon", "coordinates": [ [ [ 117.389146382886707, 1.85861432284329 ], [ 117.389146382886707, 1.858434659786466 ], [ 117.388966719829881, 1.858434659786466 ], [ 117.388966719829881, 1.858254996729642 ], [ 117.38950570900036, 1.858254996729642 ], [ 117.38950570900036, 1.858434659786466 ], [ 117.389326045943534, 1.858434659786466 ], [ 117.389326045943534, 1.85861432284329 ], [ 117.389146382886707, 1.85861432284329 ] ] ] } },
{ "type": "Feature", "properties": { "count": 2, "label": 1, "cluster_id": 314 }, "geometry": { "type": "Polygon", "coordinates": [ [ [ 117.389146382886707, 1.867417812627661 ], [ 117.389326045943534, 1.867417812627661 ], [ 117.389326045943534, 1.867777138741309 ], [ 117.389146382886707, 1.867777138741309 ], [ 117.389146382886707, 1.867417812627661 ] ] ] } },
{ "type": "Feature", "properties": { "count": 1, "label": 1, "cluster_id": 314 }, "geometry": { "type": "Polygon", "coordinates": [ [ [ 117.389146382886707, 1.869753432366372 ], [ 117.389326045943534, 1.869753432366372 ], [ 117.389326045943534, 1.869933095423196 ], [ 117.389146382886707, 1.869933095423196 ], [ 117.389146382886707, 1.869753432366372 ] ] ] } },
{ "type": "Feature", "properties": { "count": 1, "label": 1, "cluster_id": 314 }, "geometry": { "type": "Polygon", "coordinates": [ [ [ 117.389326045943534, 1.84711588720656 ], [ 117.38950570900036, 1.84711588720656 ], [ 117.38950570900036, 1.847295550263384 ], [ 117.389326045943534, 1.847295550263384 ], [ 117.389326045943534, 1.84711588720656 ] ] ] } },
{ "type": "Feature", "properties": { "count": 1, "label": 1, "cluster_id": 314 }, "geometry": { "type": "Polygon", "coordinates": [ [ [ 117.389326045943534, 1.867777138741309 ], [ 117.38950570900036, 1.867777138741309 ], [ 117.38950570900036, 1.867956801798133 ], [ 117.389326045943534, 1.867956801798133 ], [ 117.389326045943534, 1.867777138741309 ] ] ] } },
{ "type": "Feature", "properties": { "count": 2, "label": 1, "cluster_id": 314 }, "geometry": { "type": "Polygon", "coordinates": [ [ [ 117.389326045943534, 1.874963661014265 ], [ 117.38950570900036, 1.874963661014265 ], [ 117.38950570900036, 1.875322987127913 ], [ 117.389326045943534, 1.875322987127913 ], [ 117.389326045943534, 1.874963661014265 ] ] ] } },
{ "type": "Feature", "properties": { "count": 1, "label": 1, "cluster_id": 314 }, "geometry": { "type": "Polygon", "coordinates": [ [ [ 117.38950570900036, 1.858075333672818 ], [ 117.389685372057187, 1.858075333672818 ], [ 117.389685372057187, 1.858254996729642 ], [ 117.38950570900036, 1.858254996729642 ], [ 117.38950570900036, 1.858075333672818 ] ] ] } },
{ "type": "Feature", "properties": { "count": 1, "label": 1, "cluster_id": 314 }, "geometry": { "type": "Polygon", "coordinates": [ [ [ 117.38950570900036, 1.871011073764139 ], [ 117.389685372057187, 1.871011073764139 ], [ 117.389685372057187, 1.871190736820963 ], [ 117.38950570900036, 1.871190736820963 ], [ 117.38950570900036, 1.871011073764139 ] ] ] } },
{ "type": "Feature", "properties": { "count": 5, "label": 1, "cluster_id": 314 }, "geometry": { "type": "Polygon", "coordinates": [ [ [ 117.38950570900036, 1.831664864319704 ], [ 117.38950570900036, 1.831305538206057 ], [ 117.390044698170826, 1.831305538206057 ], [ 117.390044698170826, 1.83148520126288 ], [ 117.389865035113999, 1.83148520126288 ], [ 117.389865035113999, 1.831664864319704 ], [ 117.38950570900036, 1.831664864319704 ] ] ] } },
{ "type": "Feature", "properties": { "count": 5, "label": 1, "cluster_id": 314 }, "geometry": { "type": "Polygon", "coordinates": [ [ [ 117.389685372057187, 1.845498919695145 ], [ 117.389865035113999, 1.845498919695145 ], [ 117.389865035113999, 1.846397234979265 ], [ 117.389685372057187, 1.846397234979265 ], [ 117.389685372057187, 1.845498919695145 ] ] ] } },
{ "type": "Feature", "properties": { "count": 149, "label": 1, "cluster_id": 314 }, "geometry": { "type": "Polygon", "coordinates": [ [ [ 117.38950570900036, 1.851068474456686 ], [ 117.38950570900036, 1.850888811399862 ], [ 117.388966719829881, 1.850888811399862 ], [ 117.388966719829881, 1.850529485286214 ], [ 117.388787056773054, 1.850529485286214 ], [ 117.388787056773054, 1.85034982222939 ], [ 117.388607393716242, 1.85034982222939 ], [ 117.388607393716242, 1.850170159172567 ], [ 117.388068404545763, 1.850170159172567 ], [ 117.388068404545763, 1.85034982222939 ], [ 117.387529415375298, 1.85034982222939 ], [ 117.387529415375298, 1.850529485286214 ], [ 117.387170089261645, 1.850529485286214 ], [ 117.387170089261645, 1.85034982222939 ], [ 117.386631100091179, 1.85034982222939 ], [ 117.386631100091179, 1.850170159172567 ], [ 117.386271773977526, 1.850170159172567 ], [ 117.386271773977526, 1.849810833058919 ], [ 117.386451437034353, 1.849810833058919 ], [ 117.386451437034353, 1.849631170002095 ], [ 117.3860921109207, 1.849631170002095 ], [ 117.3860921109207, 1.850170159172567 ], [ 117.385912447863873, 1.850170159172567 ], [ 117.385912447863873, 1.849631170002095 ], [ 117.385732784807061, 1.849631170002095 ], [ 117.385732784807061, 1.849092180831623 ], [ 117.385912447863873, 1.849092180831623 ], [ 117.385912447863873, 1.848912517774799 ], [ 117.386451437034353, 1.848912517774799 ], [ 117.386451437034353, 1.848553191661151 ], [ 117.386990426204818, 1.848553191661151 ], [ 117.386990426204818, 1.848373528604327 ], [ 117.387529415375298, 1.848373528604327 ], [ 117.387529415375298, 1.848553191661151 ], [ 117.387709078432124, 1.848553191661151 ], [ 117.387709078432124, 1.848732854717975 ], [ 117.387888741488936, 1.848732854717975 ], [ 117.387888741488936, 1.848912517774799 ], [ 117.388068404545763, 1.848912517774799 ], [ 117.388068404545763, 1.849271843888447 ], [ 117.388427730659416, 1.849271843888447 ], [ 117.388427730659416, 1.849451506945271 ], [ 117.388248067602589, 1.849451506945271 ], [ 117.388248067602589, 1.849631170002095 ], [ 117.387888741488936, 1.849631170002095 ], [ 117.387888741488936, 1.849810833058919 ], [ 117.388248067602589, 1.849810833058919 ], [ 117.388248067602589, 1.849631170002095 ], [ 117.388607393716242, 1.849631170002095 ], [ 117.388607393716242, 1.849451506945271 ], [ 117.388787056773054, 1.849451506945271 ], [ 117.388787056773054, 1.849631170002095 ], [ 117.388966719829881, 1.849631170002095 ], [ 117.388966719829881, 1.849810833058919 ], [ 117.389146382886707, 1.849810833058919 ], [ 117.389146382886707, 1.849990496115743 ], [ 117.38950570900036, 1.849990496115743 ], [ 117.38950570900036, 1.850709148343038 ], [ 117.389685372057187, 1.850709148343038 ], [ 117.389685372057187, 1.850888811399862 ], [ 117.389865035113999, 1.850888811399862 ], [ 117.389865035113999, 1.851068474456686 ], [ 117.38950570900036, 1.851068474456686 ] ], [ [ 117.387349752318471, 1.848732854717975 ], [ 117.387170089261645, 1.848732854717975 ], [ 117.387170089261645, 1.848553191661151 ], [ 117.387349752318471, 1.848553191661151 ], [ 117.387349752318471, 1.848732854717975 ] ] ] } },
{ "type": "Feature", "properties": { "count": 4, "label": 1, "cluster_id": 314 }, "geometry": { "type": "Polygon", "coordinates": [ [ [ 117.389685372057187, 1.844600604411025 ], [ 117.390044698170826, 1.844600604411025 ], [ 117.390044698170826, 1.844959930524673 ], [ 117.389685372057187, 1.844959930524673 ], [ 117.389685372057187, 1.844600604411025 ] ] ] } },
{ "type": "Feature", "properties": { "count": 2, "label": 1, "cluster_id": 314 }, "geometry": { "type": "Polygon", "coordinates": [ [ [ 117.390044698170826, 1.847295550263384 ], [ 117.390224361227652, 1.847295550263384 ], [ 117.390224361227652, 1.847654876377032 ], [ 117.390044698170826, 1.847654876377032 ], [ 117.390044698170826, 1.847295550263384 ] ] ] } },
{ "type": "Feature", "properties": { "count": 33, "label": 1, "cluster_id": 314 }, "geometry": { "type": "Polygon", "coordinates": [ [ [ 117.390044698170826, 1.870292421536844 ], [ 117.390044698170826, 1.869394106252724 ], [ 117.389865035113999, 1.869394106252724 ], [ 117.389865035113999, 1.869573769309548 ], [ 117.389685372057187, 1.869573769309548 ], [ 117.389685372057187, 1.869394106252724 ], [ 117.38950570900036, 1.869394106252724 ], [ 117.38950570900036, 1.8692144431959 ], [ 117.389326045943534, 1.8692144431959 ], [ 117.389326045943534, 1.868495790968605 ], [ 117.38950570900036, 1.868495790968605 ], [ 117.38950570900036, 1.868316127911781 ], [ 117.389326045943534, 1.868316127911781 ], [ 117.389326045943534, 1.868136464854957 ], [ 117.38950570900036, 1.868136464854957 ], [ 117.38950570900036, 1.867956801798133 ], [ 117.389685372057187, 1.867956801798133 ], [ 117.389685372057187, 1.868136464854957 ], [ 117.389865035113999, 1.868136464854957 ], [ 117.389865035113999, 1.868316127911781 ], [ 117.390044698170826, 1.868316127911781 ], [ 117.390044698170826, 1.8692144431959 ], [ 117.390224361227652, 1.8692144431959 ], [ 117.390224361227652, 1.870292421536844 ], [ 117.390044698170826, 1.870292421536844 ] ] ] } },
{ "type": "Feature", "properties": { "count": 67, "label": 1, "cluster_id": 314 }, "geometry": { "type": "Polygon", "coordinates": [ [ [ 117.389865035113999, 1.842085321615491 ], [ 117.389865035113999, 1.841725995501843 ], [ 117.389685372057187, 1.841725995501843 ], [ 117.389685372057187, 1.841546332445019 ], [ 117.389326045943534, 1.841546332445019 ], [ 117.389326045943534, 1.841725995501843 ], [ 117.389146382886707, 1.841725995501843 ], [ 117.389146382886707, 1.841366669388195 ], [ 117.388966719829881, 1.841366669388195 ], [ 117.388966719829881, 1.841007343274547 ], [ 117.389146382886707, 1.841007343274547 ], [ 117.389146382886707, 1.840827680217723 ], [ 117.389326045943534, 1.840827680217723 ], [ 117.389326045943534, 1.840648017160899 ], [ 117.389685372057187, 1.840648017160899 ], [ 117.389685372057187, 1.841007343274547 ], [ 117.389865035113999, 1.841007343274547 ], [ 117.389865035113999, 1.840827680217723 ], [ 117.390044698170826, 1.840827680217723 ], [ 117.390044698170826, 1.840648017160899 ], [ 117.390404024284479, 1.840648017160899 ], [ 117.390404024284479, 1.840468354104076 ], [ 117.390943013454944, 1.840468354104076 ], [ 117.390943013454944, 1.840648017160899 ], [ 117.391302339568597, 1.840648017160899 ], [ 117.391302339568597, 1.841007343274547 ], [ 117.391482002625423, 1.841007343274547 ], [ 117.391482002625423, 1.841187006331371 ], [ 117.39112267651177, 1.841187006331371 ], [ 117.39112267651177, 1.841546332445019 ], [ 117.390943013454944, 1.841546332445019 ], [ 117.390943013454944, 1.841725995501843 ], [ 117.390583687341305, 1.841725995501843 ], [ 117.390583687341305, 1.841905658558667 ], [ 117.390404024284479, 1.841905658558667 ], [ 117.390404024284479, 1.842085321615491 ], [ 117.389865035113999, 1.842085321615491 ] ], [ [ 117.390763350398117, 1.841187006331371 ], [ 117.390224361227652, 1.841187006331371 ], [ 117.390224361227652, 1.840827680217723 ], [ 117.390583687341305, 1.840827680217723 ], [ 117.390583687341305, 1.840648017160899 ], [ 117.390763350398117, 1.840648017160899 ], [ 117.390763350398117, 1.840827680217723 ], [ 117.390943013454944, 1.840827680217723 ], [ 117.390943013454944, 1.841007343274547 ], [ 117.390763350398117, 1.841007343274547 ], [ 117.390763350398117, 1.841187006331371 ] ] ] } },
{ "type": "Feature", "properties": { "count": 2, "label": 1, "cluster_id": 314 }, "geometry": { "type": "Polygon", "coordinates": [ [ [ 117.390404024284479, 1.877119617696152 ], [ 117.390583687341305, 1.877119617696152 ], [ 117.390583687341305, 1.8774789438098 ], [ 117.390404024284479, 1.8774789438098 ], [ 117.390404024284479, 1.877119617696152 ] ] ] } },
{ "type": "Feature", "properties": { "count": 37, "label": 1, "cluster_id": 314 }, "geometry": { "type": "Polygon", "coordinates": [ [ [ 117.390943013454944, 1.832383516547 ], [ 117.390943013454944, 1.832203853490176 ], [ 117.390763350398117, 1.832203853490176 ], [ 117.390763350398117, 1.832024190433352 ], [ 117.390583687341305, 1.832024190433352 ], [ 117.390583687341305, 1.831664864319704 ], [ 117.390404024284479, 1.831664864319704 ], [ 117.390404024284479, 1.831305538206057 ], [ 117.390583687341305, 1.831305538206057 ], [ 117.390583687341305, 1.831125875149233 ], [ 117.390943013454944, 1.831125875149233 ], [ 117.390943013454944, 1.830946212092409 ], [ 117.391302339568597, 1.830946212092409 ], [ 117.391302339568597, 1.831125875149233 ], [ 117.391482002625423, 1.831125875149233 ], [ 117.391482002625423, 1.831305538206057 ], [ 117.39166166568225, 1.831305538206057 ], [ 117.39166166568225, 1.831664864319704 ], [ 117.391841328739062, 1.831664864319704 ], [ 117.391841328739062, 1.832024190433352 ], [ 117.391482002625423, 1.832024190433352 ], [ 117.391482002625423, 1.832203853490176 ], [ 117.39112267651177, 1.832203853490176 ], [ 117.39112267651177, 1.832383516547 ], [ 117.390943013454944, 1.832383516547 ] ], [ [ 117.391302339568597, 1.831844527376528 ], [ 117.390943013454944, 1.831844527376528 ], [ 117.390943013454944, 1.831664864319704 ], [ 117.39112267651177, 1.831664864319704 ], [ 117.39112267651177, 1.83148520126288 ], [ 117.391302339568597, 1.83148520126288 ], [ 117.391302339568597, 1.831844527376528 ] ] ] } },
{ "type": "Feature", "properties": { "count": 2, "label": 1, "cluster_id": 314 }, "geometry": { "type": "Polygon", "coordinates": [ [ [ 117.390763350398117, 1.85538038782046 ], [ 117.39112267651177, 1.85538038782046 ], [ 117.39112267651177, 1.855560050877284 ], [ 117.390763350398117, 1.855560050877284 ], [ 117.390763350398117, 1.85538038782046 ] ] ] } },
{ "type": "Feature", "properties": { "count": 2, "label": 1, "cluster_id": 314 }, "geometry": { "type": "Polygon", "coordinates": [ [ [ 117.390943013454944, 1.877119617696152 ], [ 117.391302339568597, 1.877119617696152 ], [ 117.391302339568597, 1.877299280752976 ], [ 117.390943013454944, 1.877299280752976 ], [ 117.390943013454944, 1.877119617696152 ] ] ] } },
{ "type": "Feature", "properties": { "count": 1, "label": 1, "cluster_id": 314 }, "geometry": { "type": "Polygon", "coordinates": [ [ [ 117.39166166568225, 1.840109027990428 ], [ 117.391841328739062, 1.840109027990428 ], [ 117.391841328739062, 1.840288691047252 ], [ 117.39166166568225, 1.840288691047252 ], [ 117.39166166568225, 1.840109027990428 ] ] ] } },
{ "type": "Feature", "properties": { "count": 6, "label": 1, "cluster_id": 314 }, "geometry": { "type": "Polygon", "coordinates": [ [ [ 117.391841328739062, 1.834180147115239 ], [ 117.391841328739062, 1.833461494887943 ], [ 117.39166166568225, 1.833461494887943 ], [ 117.39166166568225, 1.833281831831119 ], [ 117.392020991795889, 1.833281831831119 ], [ 117.392020991795889, 1.834180147115239 ], [ 117.391841328739062, 1.834180147115239 ] ] ] } },
{ "type": "Feature", "properties": { "count": 3, "label": 1, "cluster_id": 314 }, "geometry": { "type": "Polygon", "coordinates": [ [ [ 117.392200654852715, 1.831125875149233 ], [ 117.392380317909542, 1.831125875149233 ], [ 117.392380317909542, 1.831664864319704 ], [ 117.392200654852715, 1.831664864319704 ], [ 117.392200654852715, 1.831125875149233 ] ] ] } },
{ "type": "Feature", "properties": { "count": 5, "label": 1, "cluster_id": 314 }, "geometry": { "type": "Polygon", "coordinates": [ [ [ 117.391841328739062, 1.841187006331371 ], [ 117.391841328739062, 1.840827680217723 ], [ 117.392200654852715, 1.840827680217723 ], [ 117.392200654852715, 1.841007343274547 ], [ 117.392380317909542, 1.841007343274547 ], [ 117.392380317909542, 1.841187006331371 ], [ 117.391841328739062, 1.841187006331371 ] ] ] } },
{ "type": "Feature", "properties": { "count": 51, "label": 1, "cluster_id": 314 }, "geometry": { "type": "Polygon", "coordinates": [ [ [ 117.392020991795889, 1.876041639355209 ], [ 117.392020991795889, 1.875502650184737 ], [ 117.391841328739062, 1.875502650184737 ], [ 117.391841328739062, 1.874963661014265 ], [ 117.39166166568225, 1.874963661014265 ], [ 117.39166166568225, 1.874783997957441 ], [ 117.391482002625423, 1.874783997957441 ], [ 117.391482002625423, 1.874604334900617 ], [ 117.392919307080007, 1.874604334900617 ], [ 117.392919307080007, 1.874424671843794 ], [ 117.39273964402318, 1.874424671843794 ], [ 117.39273964402318, 1.87424500878697 ], [ 117.392919307080007, 1.87424500878697 ], [ 117.392919307080007, 1.874065345730146 ], [ 117.393098970136833, 1.874065345730146 ], [ 117.393098970136833, 1.87424500878697 ], [ 117.39327863319366, 1.87424500878697 ], [ 117.39327863319366, 1.874963661014265 ], [ 117.393098970136833, 1.874963661014265 ], [ 117.393098970136833, 1.875143324071089 ], [ 117.39273964402318, 1.875143324071089 ], [ 117.39273964402318, 1.875502650184737 ], [ 117.392559980966368, 1.875502650184737 ], [ 117.392559980966368, 1.875682313241561 ], [ 117.39273964402318, 1.875682313241561 ], [ 117.39273964402318, 1.875861976298385 ], [ 117.392380317909542, 1.875861976298385 ], [ 117.392380317909542, 1.876041639355209 ], [ 117.392020991795889, 1.876041639355209 ] ] ] } },
{ "type": "Feature", "properties": { "count": 25, "label": 1, "cluster_id": 314 }, "geometry": { "type": "Polygon", "coordinates": [ [ [ 117.392380317909542, 1.836156440740302 ], [ 117.392380317909542, 1.835797114626654 ], [ 117.392200654852715, 1.835797114626654 ], [ 117.392200654852715, 1.835437788513006 ], [ 117.392020991795889, 1.835437788513006 ], [ 117.392020991795889, 1.835258125456182 ], [ 117.391841328739062, 1.835258125456182 ], [ 117.391841328739062, 1.834898799342535 ], [ 117.392020991795889, 1.834898799342535 ], [ 117.392020991795889, 1.834719136285711 ], [ 117.39273964402318, 1.834719136285711 ], [ 117.39273964402318, 1.835078462399359 ], [ 117.392919307080007, 1.835078462399359 ], [ 117.392919307080007, 1.83561745156983 ], [ 117.392559980966368, 1.83561745156983 ], [ 117.392559980966368, 1.836156440740302 ], [ 117.392380317909542, 1.836156440740302 ] ], [ [ 117.39273964402318, 1.835437788513006 ], [ 117.392380317909542, 1.835437788513006 ], [ 117.392380317909542, 1.835078462399359 ], [ 117.392559980966368, 1.835078462399359 ], [ 117.392559980966368, 1.835258125456182 ], [ 117.39273964402318, 1.835258125456182 ], [ 117.39273964402318, 1.835437788513006 ] ] ] } },
{ "type": "Feature", "properties": { "count": 3, "label": 1, "cluster_id": 314 }, "geometry": { "type": "Polygon", "coordinates": [ [ [ 117.392200654852715, 1.850709148343038 ], [ 117.39273964402318, 1.850709148343038 ], [ 117.39273964402318, 1.850888811399862 ], [ 117.392200654852715, 1.850888811399862 ], [ 117.392200654852715, 1.850709148343038 ] ] ] } },
{ "type": "Feature", "properties": { "count": 1, "label": 1, "cluster_id": 314 }, "geometry": { "type": "Polygon", "coordinates": [ [ [ 117.39273964402318, 1.877658606866624 ], [ 117.392919307080007, 1.877658606866624 ], [ 117.392919307080007, 1.877838269923448 ], [ 117.39273964402318, 1.877838269923448 ], [ 117.39273964402318, 1.877658606866624 ] ] ] } },
{ "type": "Feature", "properties": { "count": 1, "label": 1, "cluster_id": 314 }, "geometry": { "type": "Polygon", "coordinates": [ [ [ 117.392919307080007, 1.878017932980272 ], [ 117.393098970136833, 1.878017932980272 ], [ 117.393098970136833, 1.878197596037096 ], [ 117.392919307080007, 1.878197596037096 ], [ 117.392919307080007, 1.878017932980272 ] ] ] } },
{ "type": "Feature", "properties": { "count": 5, "label": 1, "cluster_id": 314 }, "geometry": { "type": "Polygon", "coordinates": [ [ [ 117.392919307080007, 1.879634900491687 ], [ 117.392919307080007, 1.879455237434863 ], [ 117.392559980966368, 1.879455237434863 ], [ 117.392559980966368, 1.879275574378039 ], [ 117.39273964402318, 1.879275574378039 ], [ 117.39273964402318, 1.879095911321215 ], [ 117.392919307080007, 1.879095911321215 ], [ 117.392919307080007, 1.879275574378039 ], [ 117.393098970136833, 1.879275574378039 ], [ 117.393098970136833, 1.879634900491687 ], [ 117.392919307080007, 1.879634900491687 ] ] ] } },
{ "type": "Feature", "properties": { "count": 1, "label": 1, "cluster_id": 314 }, "geometry": { "type": "Polygon", "coordinates": [ [ [ 117.393098970136833, 1.879634900491687 ], [ 117.39327863319366, 1.879634900491687 ], [ 117.39327863319366, 1.879814563548511 ], [ 117.393098970136833, 1.879814563548511 ], [ 117.393098970136833, 1.879634900491687 ] ] ] } },
{ "type": "Feature", "properties": { "count": 1, "label": 1, "cluster_id": 314 }, "geometry": { "type": "Polygon", "coordinates": [ [ [ 117.39327863319366, 1.879814563548511 ], [ 117.393458296250486, 1.879814563548511 ], [ 117.393458296250486, 1.879994226605335 ], [ 117.39327863319366, 1.879994226605335 ], [ 117.39327863319366, 1.879814563548511 ] ] ] } },
{ "type": "Feature", "properties": { "count": 10, "label": 1, "cluster_id": 314 }, "geometry": { "type": "Polygon", "coordinates": [ [ [ 117.393637959307313, 1.85034982222939 ], [ 117.393637959307313, 1.850170159172567 ], [ 117.393458296250486, 1.850170159172567 ], [ 117.393458296250486, 1.849631170002095 ], [ 117.393997285420951, 1.849631170002095 ], [ 117.393997285420951, 1.850170159172567 ], [ 117.393817622364125, 1.850170159172567 ], [ 117.393817622364125, 1.85034982222939 ], [ 117.393637959307313, 1.85034982222939 ] ] ] } },
{ "type": "Feature", "properties": { "count": 1, "label": 1, "cluster_id": 314 }, "geometry": { "type": "Polygon", "coordinates": [ [ [ 117.393637959307313, 1.872089052105083 ], [ 117.393817622364125, 1.872089052105083 ], [ 117.393817622364125, 1.872268715161907 ], [ 117.393637959307313, 1.872268715161907 ], [ 117.393637959307313, 1.872089052105083 ] ] ] } },
{ "type": "Feature", "properties": { "count": 31, "label": 1, "cluster_id": 314 }, "geometry": { "type": "Polygon", "coordinates": [ [ [ 117.393817622364125, 1.863105899263888 ], [ 117.393817622364125, 1.862926236207064 ], [ 117.393637959307313, 1.862926236207064 ], [ 117.393637959307313, 1.86274657315024 ], [ 117.393458296250486, 1.86274657315024 ], [ 117.393458296250486, 1.862566910093416 ], [ 117.39327863319366, 1.862566910093416 ], [ 117.39327863319366, 1.862207583979768 ], [ 117.393098970136833, 1.862207583979768 ], [ 117.393098970136833, 1.862027920922944 ], [ 117.393458296250486, 1.862027920922944 ], [ 117.393458296250486, 1.862207583979768 ], [ 117.393637959307313, 1.862207583979768 ], [ 117.393637959307313, 1.862027920922944 ], [ 117.393458296250486, 1.862027920922944 ], [ 117.393458296250486, 1.861488931752472 ], [ 117.393817622364125, 1.861488931752472 ], [ 117.393817622364125, 1.862027920922944 ], [ 117.393997285420951, 1.862027920922944 ], [ 117.393997285420951, 1.862387247036592 ], [ 117.394356611534604, 1.862387247036592 ], [ 117.394356611534604, 1.86274657315024 ], [ 117.394536274591431, 1.86274657315024 ], [ 117.394536274591431, 1.862926236207064 ], [ 117.393997285420951, 1.862926236207064 ], [ 117.393997285420951, 1.863105899263888 ], [ 117.393817622364125, 1.863105899263888 ] ] ] } },
{ "type": "Feature", "properties": { "count": 1, "label": 1, "cluster_id": 314 }, "geometry": { "type": "Polygon", "coordinates": [ [ [ 117.394176948477778, 1.831844527376528 ], [ 117.394356611534604, 1.831844527376528 ], [ 117.394356611534604, 1.832024190433352 ], [ 117.394176948477778, 1.832024190433352 ], [ 117.394176948477778, 1.831844527376528 ] ] ] } },
{ "type": "Feature", "properties": { "count": 117, "label": 1, "cluster_id": 314 }, "geometry": { "type": "Polygon", "coordinates": [ [ [ 117.393817622364125, 1.835258125456182 ], [ 117.393817622364125, 1.834898799342535 ], [ 117.393637959307313, 1.834898799342535 ], [ 117.393637959307313, 1.834180147115239 ], [ 117.39327863319366, 1.834180147115239 ], [ 117.39327863319366, 1.834000484058415 ], [ 117.392919307080007, 1.834000484058415 ], [ 117.392919307080007, 1.833641157944767 ], [ 117.393098970136833, 1.833641157944767 ], [ 117.393098970136833, 1.833281831831119 ], [ 117.39273964402318, 1.833281831831119 ], [ 117.39273964402318, 1.833102168774295 ], [ 117.392559980966368, 1.833102168774295 ], [ 117.392559980966368, 1.833461494887943 ], [ 117.392380317909542, 1.833461494887943 ], [ 117.392380317909542, 1.833281831831119 ], [ 117.392200654852715, 1.833281831831119 ], [ 117.392200654852715, 1.832922505717472 ], [ 117.392020991795889, 1.832922505717472 ], [ 117.392020991795889, 1.832742842660648 ], [ 117.391841328739062, 1.832742842660648 ], [ 117.391841328739062, 1.832563179603824 ], [ 117.393098970136833, 1.832563179603824 ], [ 117.393098970136833, 1.832383516547 ], [ 117.393817622364125, 1.832383516547 ], [ 117.393817622364125, 1.832563179603824 ], [ 117.393997285420951, 1.832563179603824 ], [ 117.393997285420951, 1.832742842660648 ], [ 117.394176948477778, 1.832742842660648 ], [ 117.394176948477778, 1.832383516547 ], [ 117.394536274591431, 1.832383516547 ], [ 117.394536274591431, 1.832203853490176 ], [ 117.394715937648243, 1.832203853490176 ], [ 117.394715937648243, 1.832563179603824 ], [ 117.394536274591431, 1.832563179603824 ], [ 117.394536274591431, 1.832922505717472 ], [ 117.394715937648243, 1.832922505717472 ], [ 117.394715937648243, 1.833102168774295 ], [ 117.394176948477778, 1.833102168774295 ], [ 117.394176948477778, 1.833281831831119 ], [ 117.394356611534604, 1.833281831831119 ], [ 117.394356611534604, 1.833461494887943 ], [ 117.394536274591431, 1.833461494887943 ], [ 117.394536274591431, 1.834719136285711 ], [ 117.394715937648243, 1.834719136285711 ], [ 117.394715937648243, 1.835078462399359 ], [ 117.394536274591431, 1.835078462399359 ], [ 117.394536274591431, 1.835258125456182 ], [ 117.393817622364125, 1.835258125456182 ] ], [ [ 117.394356611534604, 1.834180147115239 ], [ 117.394176948477778, 1.834180147115239 ], [ 117.394176948477778, 1.834000484058415 ], [ 117.393637959307313, 1.834000484058415 ], [ 117.393637959307313, 1.833820821001591 ], [ 117.39327863319366, 1.833820821001591 ], [ 117.39327863319366, 1.833641157944767 ], [ 117.393458296250486, 1.833641157944767 ], [ 117.393458296250486, 1.833281831831119 ], [ 117.393817622364125, 1.833281831831119 ], [ 117.393817622364125, 1.833102168774295 ], [ 117.393997285420951, 1.833102168774295 ], [ 117.393997285420951, 1.833281831831119 ], [ 117.393817622364125, 1.833281831831119 ], [ 117.393817622364125, 1.833641157944767 ], [ 117.394176948477778, 1.833641157944767 ], [ 117.394176948477778, 1.834000484058415 ], [ 117.394356611534604, 1.834000484058415 ], [ 117.394356611534604, 1.834180147115239 ] ] ] } },
{ "type": "Feature", "properties": { "count": 147, "label": 1, "cluster_id": 314 }, "geometry": { "type": "Polygon", "coordinates": [ [ [ 117.394356611534604, 1.848373528604327 ], [ 117.394356611534604, 1.848193865547503 ], [ 117.394176948477778, 1.848193865547503 ], [ 117.394176948477778, 1.84801420249068 ], [ 117.393997285420951, 1.84801420249068 ], [ 117.393997285420951, 1.847834539433856 ], [ 117.393817622364125, 1.847834539433856 ], [ 117.393817622364125, 1.847295550263384 ], [ 117.393458296250486, 1.847295550263384 ], [ 117.393458296250486, 1.847475213320208 ], [ 117.39327863319366, 1.847475213320208 ], [ 117.39327863319366, 1.847654876377032 ], [ 117.39273964402318, 1.847654876377032 ], [ 117.39273964402318, 1.84711588720656 ], [ 117.392559980966368, 1.84711588720656 ], [ 117.392559980966368, 1.846936224149736 ], [ 117.39273964402318, 1.846936224149736 ], [ 117.39273964402318, 1.846397234979265 ], [ 117.392559980966368, 1.846397234979265 ], [ 117.392559980966368, 1.846037908865617 ], [ 117.39273964402318, 1.846037908865617 ], [ 117.39273964402318, 1.845858245808793 ], [ 117.392919307080007, 1.845858245808793 ], [ 117.392919307080007, 1.845498919695145 ], [ 117.393458296250486, 1.845498919695145 ], [ 117.393458296250486, 1.845139593581497 ], [ 117.393997285420951, 1.845139593581497 ], [ 117.393997285420951, 1.845319256638321 ], [ 117.393817622364125, 1.845319256638321 ], [ 117.393817622364125, 1.845678582751969 ], [ 117.393997285420951, 1.845678582751969 ], [ 117.393997285420951, 1.845319256638321 ], [ 117.394176948477778, 1.845319256638321 ], [ 117.394176948477778, 1.845498919695145 ], [ 117.394356611534604, 1.845498919695145 ], [ 117.394356611534604, 1.845858245808793 ], [ 117.394536274591431, 1.845858245808793 ], [ 117.394536274591431, 1.846037908865617 ], [ 117.395075263761896, 1.846037908865617 ], [ 117.395075263761896, 1.846217571922441 ], [ 117.395254926818723, 1.846217571922441 ], [ 117.395254926818723, 1.846576898036088 ], [ 117.395434589875549, 1.846576898036088 ], [ 117.395434589875549, 1.846936224149736 ], [ 117.39489560070507, 1.846936224149736 ], [ 117.39489560070507, 1.846576898036088 ], [ 117.394536274591431, 1.846576898036088 ], [ 117.394536274591431, 1.846936224149736 ], [ 117.394715937648243, 1.846936224149736 ], [ 117.394715937648243, 1.84711588720656 ], [ 117.394176948477778, 1.84711588720656 ], [ 117.394176948477778, 1.847295550263384 ], [ 117.394356611534604, 1.847295550263384 ], [ 117.394356611534604, 1.847475213320208 ], [ 117.394536274591431, 1.847475213320208 ], [ 117.394536274591431, 1.847295550263384 ], [ 117.39489560070507, 1.847295550263384 ], [ 117.39489560070507, 1.847475213320208 ], [ 117.395434589875549, 1.847475213320208 ], [ 117.395434589875549, 1.847834539433856 ], [ 117.395254926818723, 1.847834539433856 ], [ 117.395254926818723, 1.84801420249068 ], [ 117.395075263761896, 1.84801420249068 ], [ 117.395075263761896, 1.847834539433856 ], [ 117.39489560070507, 1.847834539433856 ], [ 117.39489560070507, 1.84801420249068 ], [ 117.394715937648243, 1.84801420249068 ], [ 117.394715937648243, 1.848193865547503 ], [ 117.394536274591431, 1.848193865547503 ], [ 117.394536274591431, 1.848373528604327 ], [ 117.394356611534604, 1.848373528604327 ] ], [ [ 117.39327863319366, 1.846397234979265 ], [ 117.393098970136833, 1.846397234979265 ], [ 117.393098970136833, 1.846217571922441 ], [ 117.39327863319366, 1.846217571922441 ], [ 117.39327863319366, 1.846397234979265 ] ], [ [ 117.393997285420951, 1.846936224149736 ], [ 117.393637959307313, 1.846936224149736 ], [ 117.393637959307313, 1.846397234979265 ], [ 117.393997285420951, 1.846397234979265 ], [ 117.393997285420951, 1.846037908865617 ], [ 117.394176948477778, 1.846037908865617 ], [ 117.394176948477778, 1.846217571922441 ], [ 117.394356611534604, 1.846217571922441 ], [ 117.394356611534604, 1.846397234979265 ], [ 117.394176948477778, 1.846397234979265 ], [ 117.394176948477778, 1.846576898036088 ], [ 117.394356611534604, 1.846576898036088 ], [ 117.394356611534604, 1.846756561092912 ], [ 117.393997285420951, 1.846756561092912 ], [ 117.393997285420951, 1.846936224149736 ] ] ] } },
{ "type": "Feature", "properties": { "count": 38, "label": 1, "cluster_id": 314 }, "geometry": { "type": "Polygon", "coordinates": [ [ [ 117.393817622364125, 1.851966789740805 ], [ 117.393817622364125, 1.851787126683982 ], [ 117.393458296250486, 1.851787126683982 ], [ 117.393458296250486, 1.851427800570334 ], [ 117.39327863319366, 1.851427800570334 ], [ 117.39327863319366, 1.85124813751351 ], [ 117.393098970136833, 1.85124813751351 ], [ 117.393098970136833, 1.851068474456686 ], [ 117.39273964402318, 1.851068474456686 ], [ 117.39273964402318, 1.850888811399862 ], [ 117.393997285420951, 1.850888811399862 ], [ 117.393997285420951, 1.851068474456686 ], [ 117.394356611534604, 1.851068474456686 ], [ 117.394356611534604, 1.85124813751351 ], [ 117.394536274591431, 1.85124813751351 ], [ 117.394536274591431, 1.851427800570334 ], [ 117.394715937648243, 1.851427800570334 ], [ 117.394715937648243, 1.851787126683982 ], [ 117.394536274591431, 1.851787126683982 ], [ 117.394536274591431, 1.851966789740805 ], [ 117.393817622364125, 1.851966789740805 ] ], [ [ 117.393997285420951, 1.851607463627158 ], [ 117.393817622364125, 1.851607463627158 ], [ 117.393817622364125, 1.851427800570334 ], [ 117.393997285420951, 1.851427800570334 ], [ 117.393997285420951, 1.851607463627158 ] ] ] } },
{ "type": "Feature", "properties": { "count": 3, "label": 1, "cluster_id": 314 }, "geometry": { "type": "Polygon", "coordinates": [ [ [ 117.394715937648243, 1.842624310785963 ], [ 117.394715937648243, 1.842264984672315 ], [ 117.39489560070507, 1.842264984672315 ], [ 117.39489560070507, 1.842444647729139 ], [ 117.395075263761896, 1.842444647729139 ], [ 117.395075263761896, 1.842624310785963 ], [ 117.394715937648243, 1.842624310785963 ] ] ] } },
{ "type": "Feature", "properties": { "count": 1, "label": 1, "cluster_id": 314 }, "geometry": { "type": "Polygon", "coordinates": [ [ [ 117.395075263761896, 1.869394106252724 ], [ 117.395254926818723, 1.869394106252724 ], [ 117.395254926818723, 1.869573769309548 ], [ 117.395075263761896, 1.869573769309548 ], [ 117.395075263761896, 1.869394106252724 ] ] ] } },
{ "type": "Feature", "properties": { "count": 40, "label": 1, "cluster_id": 314 }, "geometry": { "type": "Polygon", "coordinates": [ [ [ 117.395614252932376, 1.837414082138069 ], [ 117.395614252932376, 1.836156440740302 ], [ 117.395793915989188, 1.836156440740302 ], [ 117.395793915989188, 1.836336103797126 ], [ 117.396153242102841, 1.836336103797126 ], [ 117.396153242102841, 1.836156440740302 ], [ 117.396332905159667, 1.836156440740302 ], [ 117.396332905159667, 1.835797114626654 ], [ 117.396692231273306, 1.835797114626654 ], [ 117.396692231273306, 1.835976777683478 ], [ 117.397051557386959, 1.835976777683478 ], [ 117.397051557386959, 1.83651576685395 ], [ 117.396871894330133, 1.83651576685395 ], [ 117.396871894330133, 1.836695429910774 ], [ 117.396512568216494, 1.836695429910774 ], [ 117.396512568216494, 1.836875092967597 ], [ 117.396332905159667, 1.836875092967597 ], [ 117.396332905159667, 1.837054756024421 ], [ 117.396153242102841, 1.837054756024421 ], [ 117.396153242102841, 1.837234419081245 ], [ 117.395793915989188, 1.837234419081245 ], [ 117.395793915989188, 1.837414082138069 ], [ 117.395614252932376, 1.837414082138069 ] ] ] } },
{ "type": "Feature", "properties": { "count": 1, "label": 1, "cluster_id": 314 }, "geometry": { "type": "Polygon", "coordinates": [ [ [ 117.395793915989188, 1.81765114588744 ], [ 117.395973579046014, 1.81765114588744 ], [ 117.395973579046014, 1.817830808944264 ], [ 117.395793915989188, 1.817830808944264 ], [ 117.395793915989188, 1.81765114588744 ] ] ] } },
{ "type": "Feature", "properties": { "count": 5, "label": 1, "cluster_id": 314 }, "geometry": { "type": "Polygon", "coordinates": [ [ [ 117.396153242102841, 1.820525754796622 ], [ 117.396153242102841, 1.820346091739798 ], [ 117.395793915989188, 1.820346091739798 ], [ 117.395793915989188, 1.820166428682974 ], [ 117.395973579046014, 1.820166428682974 ], [ 117.395973579046014, 1.819986765626151 ], [ 117.396153242102841, 1.819986765626151 ], [ 117.396153242102841, 1.820166428682974 ], [ 117.396332905159667, 1.820166428682974 ], [ 117.396332905159667, 1.820525754796622 ], [ 117.396153242102841, 1.820525754796622 ] ] ] } },
{ "type": "Feature", "properties": { "count": 27, "label": 1, "cluster_id": 314 }, "geometry": { "type": "Polygon", "coordinates": [ [ [ 117.396512568216494, 1.841905658558667 ], [ 117.396512568216494, 1.841546332445019 ], [ 117.396692231273306, 1.841546332445019 ], [ 117.396692231273306, 1.841007343274547 ], [ 117.397770209614251, 1.841007343274547 ], [ 117.397770209614251, 1.841546332445019 ], [ 117.397949872671077, 1.841546332445019 ], [ 117.397949872671077, 1.841725995501843 ], [ 117.396692231273306, 1.841725995501843 ], [ 117.396692231273306, 1.841905658558667 ], [ 117.396512568216494, 1.841905658558667 ] ] ] } },
{ "type": "Feature", "properties": { "count": 1, "label": 1, "cluster_id": 314 }, "geometry": { "type": "Polygon", "coordinates": [ [ [ 117.396692231273306, 1.8774789438098 ], [ 117.396871894330133, 1.8774789438098 ], [ 117.396871894330133, 1.877658606866624 ], [ 117.396692231273306, 1.877658606866624 ], [ 117.396692231273306, 1.8774789438098 ] ] ] } },
{ "type": "Feature", "properties": { "count": 2, "label": 1, "cluster_id": 314 }, "geometry": { "type": "Polygon", "coordinates": [ [ [ 117.396871894330133, 1.877658606866624 ], [ 117.397051557386959, 1.877658606866624 ], [ 117.397051557386959, 1.878017932980272 ], [ 117.396871894330133, 1.878017932980272 ], [ 117.396871894330133, 1.877658606866624 ] ] ] } },
{ "type": "Feature", "properties": { "count": 5, "label": 1, "cluster_id": 314 }, "geometry": { "type": "Polygon", "coordinates": [ [ [ 117.397410883500612, 1.837234419081245 ], [ 117.397410883500612, 1.837054756024421 ], [ 117.397590546557439, 1.837054756024421 ], [ 117.397590546557439, 1.836875092967597 ], [ 117.397949872671077, 1.836875092967597 ], [ 117.397949872671077, 1.837234419081245 ], [ 117.397410883500612, 1.837234419081245 ] ] ] } },
{ "type": "Feature", "properties": { "count": 2, "label": 1, "cluster_id": 314 }, "geometry": { "type": "Polygon", "coordinates": [ [ [ 117.397770209614251, 1.834180147115239 ], [ 117.398129535727904, 1.834180147115239 ], [ 117.398129535727904, 1.834359810172063 ], [ 117.397770209614251, 1.834359810172063 ], [ 117.397770209614251, 1.834180147115239 ] ] ] } },
{ "type": "Feature", "properties": { "count": 3, "label": 1, "cluster_id": 314 }, "geometry": { "type": "Polygon", "coordinates": [ [ [ 117.398129535727904, 1.841725995501843 ], [ 117.398668524898369, 1.841725995501843 ], [ 117.398668524898369, 1.841905658558667 ], [ 117.398129535727904, 1.841905658558667 ], [ 117.398129535727904, 1.841725995501843 ] ] ] } },
{ "type": "Feature", "properties": { "count": 2, "label": 1, "cluster_id": 314 }, "geometry": { "type": "Polygon", "coordinates": [ [ [ 117.40046515546662, 1.880353552718982 ], [ 117.400644818523432, 1.880353552718982 ], [ 117.400644818523432, 1.88071287883263 ], [ 117.40046515546662, 1.88071287883263 ], [ 117.40046515546662, 1.880353552718982 ] ] ] } },
{ "type": "Feature", "properties": { "count": 6, "label": 1, "cluster_id": 314 }, "geometry": { "type": "Polygon", "coordinates": [ [ [ 117.40046515546662, 1.876400965468856 ], [ 117.40046515546662, 1.876041639355209 ], [ 117.400644818523432, 1.876041639355209 ], [ 117.400644818523432, 1.875861976298385 ], [ 117.400824481580258, 1.875861976298385 ], [ 117.400824481580258, 1.876041639355209 ], [ 117.401004144637085, 1.876041639355209 ], [ 117.401004144637085, 1.876221302412033 ], [ 117.400824481580258, 1.876221302412033 ], [ 117.400824481580258, 1.876400965468856 ], [ 117.40046515546662, 1.876400965468856 ] ] ] } },
{ "type": "Feature", "properties": { "count": 2, "label": 1, "cluster_id": 314 }, "geometry": { "type": "Polygon", "coordinates": [ [ [ 117.400644818523432, 1.88071287883263 ], [ 117.400824481580258, 1.88071287883263 ], [ 117.400824481580258, 1.881072204946278 ], [ 117.400644818523432, 1.881072204946278 ], [ 117.400644818523432, 1.88071287883263 ] ] ] } },
{ "type": "Feature", "properties": { "count": 5, "label": 1, "cluster_id": 314 }, "geometry": { "type": "Polygon", "coordinates": [ [ [ 117.401183807693911, 1.854302409479516 ], [ 117.401183807693911, 1.854122746422692 ], [ 117.400644818523432, 1.854122746422692 ], [ 117.400644818523432, 1.853943083365868 ], [ 117.401363470750738, 1.853943083365868 ], [ 117.401363470750738, 1.854302409479516 ], [ 117.401183807693911, 1.854302409479516 ] ] ] } },
{ "type": "Feature", "properties": { "count": 35, "label": 1, "cluster_id": 314 }, "geometry": { "type": "Polygon", "coordinates": [ [ [ 117.400824481580258, 1.843342963013258 ], [ 117.400824481580258, 1.843163299956434 ], [ 117.401004144637085, 1.843163299956434 ], [ 117.401004144637085, 1.84298363689961 ], [ 117.401183807693911, 1.84298363689961 ], [ 117.401183807693911, 1.842444647729139 ], [ 117.401363470750738, 1.842444647729139 ], [ 117.401363470750738, 1.842264984672315 ], [ 117.401543133807564, 1.842264984672315 ], [ 117.401543133807564, 1.842085321615491 ], [ 117.401363470750738, 1.842085321615491 ], [ 117.401363470750738, 1.841905658558667 ], [ 117.401543133807564, 1.841905658558667 ], [ 117.401543133807564, 1.841725995501843 ], [ 117.401722796864377, 1.841725995501843 ], [ 117.401722796864377, 1.841546332445019 ], [ 117.401902459921203, 1.841546332445019 ], [ 117.401902459921203, 1.841905658558667 ], [ 117.40208212297803, 1.841905658558667 ], [ 117.40208212297803, 1.842624310785963 ], [ 117.401902459921203, 1.842624310785963 ], [ 117.401902459921203, 1.842803973842786 ], [ 117.401722796864377, 1.842803973842786 ], [ 117.401722796864377, 1.843342963013258 ], [ 117.400824481580258, 1.843342963013258 ] ] ] } },
{ "type": "Feature", "properties": { "count": 16, "label": 1, "cluster_id": 314 }, "geometry": { "type": "Polygon", "coordinates": [ [ [ 117.401722796864377, 1.876400965468856 ], [ 117.401722796864377, 1.876221302412033 ], [ 117.401543133807564, 1.876221302412033 ], [ 117.401543133807564, 1.876041639355209 ], [ 117.401902459921203, 1.876041639355209 ], [ 117.401902459921203, 1.875861976298385 ], [ 117.40208212297803, 1.875861976298385 ], [ 117.40208212297803, 1.875682313241561 ], [ 117.402261786034856, 1.875682313241561 ], [ 117.402261786034856, 1.875322987127913 ], [ 117.402441449091683, 1.875322987127913 ], [ 117.402441449091683, 1.875143324071089 ], [ 117.402621112148495, 1.875143324071089 ], [ 117.402621112148495, 1.875502650184737 ], [ 117.402441449091683, 1.875502650184737 ], [ 117.402441449091683, 1.876221302412033 ], [ 117.40208212297803, 1.876221302412033 ], [ 117.40208212297803, 1.876400965468856 ], [ 117.401722796864377, 1.876400965468856 ] ] ] } },
{ "type": "Feature", "properties": { "count": 27, "label": 1, "cluster_id": 314 }, "geometry": { "type": "Polygon", "coordinates": [ [ [ 117.401902459921203, 1.861309268695649 ], [ 117.401902459921203, 1.861129605638825 ], [ 117.401722796864377, 1.861129605638825 ], [ 117.401722796864377, 1.860770279525177 ], [ 117.401543133807564, 1.860770279525177 ], [ 117.401543133807564, 1.860590616468353 ], [ 117.401722796864377, 1.860590616468353 ], [ 117.401722796864377, 1.860410953411529 ], [ 117.401902459921203, 1.860410953411529 ], [ 117.401902459921203, 1.860231290354705 ], [ 117.402441449091683, 1.860231290354705 ], [ 117.402441449091683, 1.860410953411529 ], [ 117.402621112148495, 1.860410953411529 ], [ 117.402621112148495, 1.861129605638825 ], [ 117.402441449091683, 1.861129605638825 ], [ 117.402441449091683, 1.861309268695649 ], [ 117.401902459921203, 1.861309268695649 ] ] ] } },
{ "type": "Feature", "properties": { "count": 1, "label": 1, "cluster_id": 314 }, "geometry": { "type": "Polygon", "coordinates": [ [ [ 117.402441449091683, 1.871909389048259 ], [ 117.402621112148495, 1.871909389048259 ], [ 117.402621112148495, 1.872089052105083 ], [ 117.402441449091683, 1.872089052105083 ], [ 117.402441449091683, 1.871909389048259 ] ] ] } },
{ "type": "Feature", "properties": { "count": 2, "label": 1, "cluster_id": 314 }, "geometry": { "type": "Polygon", "coordinates": [ [ [ 117.402441449091683, 1.85448207253634 ], [ 117.402800775205321, 1.85448207253634 ], [ 117.402800775205321, 1.854661735593164 ], [ 117.402441449091683, 1.854661735593164 ], [ 117.402441449091683, 1.85448207253634 ] ] ] } },
{ "type": "Feature", "properties": { "count": 1, "label": 1, "cluster_id": 314 }, "geometry": { "type": "Polygon", "coordinates": [ [ [ 117.402621112148495, 1.878197596037096 ], [ 117.402800775205321, 1.878197596037096 ], [ 117.402800775205321, 1.878377259093919 ], [ 117.402621112148495, 1.878377259093919 ], [ 117.402621112148495, 1.878197596037096 ] ] ] } },
{ "type": "Feature", "properties": { "count": 3, "label": 1, "cluster_id": 314 }, "geometry": { "type": "Polygon", "coordinates": [ [ [ 117.402980438262148, 1.852685441968101 ], [ 117.402980438262148, 1.852505778911277 ], [ 117.403160101318974, 1.852505778911277 ], [ 117.403160101318974, 1.852326115854453 ], [ 117.403339764375801, 1.852326115854453 ], [ 117.403339764375801, 1.852685441968101 ], [ 117.402980438262148, 1.852685441968101 ] ] ] } },
{ "type": "Feature", "properties": { "count": 220, "label": 1, "cluster_id": 314 }, "geometry": { "type": "Polygon", "coordinates": [ [ [ 117.403160101318974, 1.882329846344045 ], [ 117.403160101318974, 1.882150183287221 ], [ 117.402980438262148, 1.882150183287221 ], [ 117.402980438262148, 1.881970520230398 ], [ 117.402621112148495, 1.881970520230398 ], [ 117.402621112148495, 1.881251868003102 ], [ 117.402441449091683, 1.881251868003102 ], [ 117.402441449091683, 1.881072204946278 ], [ 117.402261786034856, 1.881072204946278 ], [ 117.402261786034856, 1.88071287883263 ], [ 117.402441449091683, 1.88071287883263 ], [ 117.402441449091683, 1.879994226605335 ], [ 117.402800775205321, 1.879994226605335 ], [ 117.402800775205321, 1.879814563548511 ], [ 117.402980438262148, 1.879814563548511 ], [ 117.402980438262148, 1.879634900491687 ], [ 117.403160101318974, 1.879634900491687 ], [ 117.403160101318974, 1.878736585207567 ], [ 117.403519427432627, 1.878736585207567 ], [ 117.403519427432627, 1.878916248264391 ], [ 117.40369909048944, 1.878916248264391 ], [ 117.40369909048944, 1.879095911321215 ], [ 117.404058416603092, 1.879095911321215 ], [ 117.404058416603092, 1.878916248264391 ], [ 117.405316058000864, 1.878916248264391 ], [ 117.405316058000864, 1.878736585207567 ], [ 117.40549572105769, 1.878736585207567 ], [ 117.40549572105769, 1.879095911321215 ], [ 117.406034710228155, 1.879095911321215 ], [ 117.406034710228155, 1.879455237434863 ], [ 117.406214373284982, 1.879455237434863 ], [ 117.406214373284982, 1.879634900491687 ], [ 117.406394036341808, 1.879634900491687 ], [ 117.406394036341808, 1.879814563548511 ], [ 117.406573699398621, 1.879814563548511 ], [ 117.406573699398621, 1.880173889662158 ], [ 117.406753362455447, 1.880173889662158 ], [ 117.406753362455447, 1.880353552718982 ], [ 117.406573699398621, 1.880353552718982 ], [ 117.406573699398621, 1.880533215775806 ], [ 117.406214373284982, 1.880533215775806 ], [ 117.406214373284982, 1.880353552718982 ], [ 117.405855047171329, 1.880353552718982 ], [ 117.405855047171329, 1.880173889662158 ], [ 117.40549572105769, 1.880173889662158 ], [ 117.40549572105769, 1.880353552718982 ], [ 117.405316058000864, 1.880353552718982 ], [ 117.405316058000864, 1.880533215775806 ], [ 117.405136394944037, 1.880533215775806 ], [ 117.405136394944037, 1.880353552718982 ], [ 117.404956731887211, 1.880353552718982 ], [ 117.404956731887211, 1.880173889662158 ], [ 117.404238079659919, 1.880173889662158 ], [ 117.404238079659919, 1.879994226605335 ], [ 117.404597405773558, 1.879994226605335 ], [ 117.404597405773558, 1.879814563548511 ], [ 117.404777068830384, 1.879814563548511 ], [ 117.404777068830384, 1.879634900491687 ], [ 117.405136394944037, 1.879634900491687 ], [ 117.405136394944037, 1.879455237434863 ], [ 117.404956731887211, 1.879455237434863 ], [ 117.404956731887211, 1.879275574378039 ], [ 117.404777068830384, 1.879275574378039 ], [ 117.404777068830384, 1.879634900491687 ], [ 117.404597405773558, 1.879634900491687 ], [ 117.404597405773558, 1.879455237434863 ], [ 117.404417742716745, 1.879455237434863 ], [ 117.404417742716745, 1.879634900491687 ], [ 117.404238079659919, 1.879634900491687 ], [ 117.404238079659919, 1.879994226605335 ], [ 117.404058416603092, 1.879994226605335 ], [ 117.404058416603092, 1.880353552718982 ], [ 117.403878753546266, 1.880353552718982 ], [ 117.403878753546266, 1.880533215775806 ], [ 117.404058416603092, 1.880533215775806 ], [ 117.404058416603092, 1.880353552718982 ], [ 117.404238079659919, 1.880353552718982 ], [ 117.404238079659919, 1.880533215775806 ], [ 117.404597405773558, 1.880533215775806 ], [ 117.404597405773558, 1.881072204946278 ], [ 117.404417742716745, 1.881072204946278 ], [ 117.404417742716745, 1.881431531059926 ], [ 117.404058416603092, 1.881431531059926 ], [ 117.404058416603092, 1.88161119411675 ], [ 117.403878753546266, 1.88161119411675 ], [ 117.403878753546266, 1.881790857173574 ], [ 117.40369909048944, 1.881790857173574 ], [ 117.40369909048944, 1.881970520230398 ], [ 117.403519427432627, 1.881970520230398 ], [ 117.403519427432627, 1.882150183287221 ], [ 117.403339764375801, 1.882150183287221 ], [ 117.403339764375801, 1.882329846344045 ], [ 117.403160101318974, 1.882329846344045 ] ], [ [ 117.403519427432627, 1.880173889662158 ], [ 117.403339764375801, 1.880173889662158 ], [ 117.403339764375801, 1.879994226605335 ], [ 117.403519427432627, 1.879994226605335 ], [ 117.403519427432627, 1.880173889662158 ] ], [ [ 117.403519427432627, 1.881431531059926 ], [ 117.403339764375801, 1.881431531059926 ], [ 117.403339764375801, 1.881251868003102 ], [ 117.403160101318974, 1.881251868003102 ], [ 117.403160101318974, 1.881072204946278 ], [ 117.402800775205321, 1.881072204946278 ], [ 117.402800775205321, 1.880533215775806 ], [ 117.402980438262148, 1.880533215775806 ], [ 117.402980438262148, 1.880892541889454 ], [ 117.403160101318974, 1.880892541889454 ], [ 117.403160101318974, 1.881072204946278 ], [ 117.403339764375801, 1.881072204946278 ], [ 117.403339764375801, 1.88071287883263 ], [ 117.403519427432627, 1.88071287883263 ], [ 117.403519427432627, 1.881072204946278 ], [ 117.403339764375801, 1.881072204946278 ], [ 117.403339764375801, 1.881251868003102 ], [ 117.403519427432627, 1.881251868003102 ], [ 117.403519427432627, 1.881431531059926 ] ] ] } },
{ "type": "Feature", "properties": { "count": 24, "label": 1, "cluster_id": 314 }, "geometry": { "type": "Polygon", "coordinates": [ [ [ 117.403339764375801, 1.871370399877787 ], [ 117.403339764375801, 1.871190736820963 ], [ 117.403160101318974, 1.871190736820963 ], [ 117.403160101318974, 1.870292421536844 ], [ 117.402980438262148, 1.870292421536844 ], [ 117.402980438262148, 1.869753432366372 ], [ 117.403519427432627, 1.869753432366372 ], [ 117.403519427432627, 1.870292421536844 ], [ 117.40369909048944, 1.870292421536844 ], [ 117.40369909048944, 1.871190736820963 ], [ 117.403519427432627, 1.871190736820963 ], [ 117.403519427432627, 1.871370399877787 ], [ 117.403339764375801, 1.871370399877787 ] ], [ [ 117.403519427432627, 1.871011073764139 ], [ 117.403339764375801, 1.871011073764139 ], [ 117.403339764375801, 1.870831410707315 ], [ 117.403519427432627, 1.870831410707315 ], [ 117.403519427432627, 1.871011073764139 ] ] ] } },
{ "type": "Feature", "properties": { "count": 1, "label": 1, "cluster_id": 314 }, "geometry": { "type": "Polygon", "coordinates": [ [ [ 117.403519427432627, 1.815854515319201 ], [ 117.40369909048944, 1.815854515319201 ], [ 117.40369909048944, 1.816034178376025 ], [ 117.403519427432627, 1.816034178376025 ], [ 117.403519427432627, 1.815854515319201 ] ] ] } },
{ "type": "Feature", "properties": { "count": 22, "label": 1, "cluster_id": 314 }, "geometry": { "type": "Polygon", "coordinates": [ [ [ 117.403160101318974, 1.843342963013258 ], [ 117.403160101318974, 1.843163299956434 ], [ 117.40208212297803, 1.843163299956434 ], [ 117.40208212297803, 1.84298363689961 ], [ 117.402980438262148, 1.84298363689961 ], [ 117.402980438262148, 1.842803973842786 ], [ 117.404058416603092, 1.842803973842786 ], [ 117.404058416603092, 1.843342963013258 ], [ 117.403160101318974, 1.843342963013258 ] ] ] } },
{ "type": "Feature", "properties": { "count": 9, "label": 1, "cluster_id": 314 }, "geometry": { "type": "Polygon", "coordinates": [ [ [ 117.403519427432627, 1.852505778911277 ], [ 117.403519427432627, 1.852326115854453 ], [ 117.40369909048944, 1.852326115854453 ], [ 117.40369909048944, 1.852146452797629 ], [ 117.403878753546266, 1.852146452797629 ], [ 117.403878753546266, 1.851966789740805 ], [ 117.404238079659919, 1.851966789740805 ], [ 117.404238079659919, 1.852505778911277 ], [ 117.403519427432627, 1.852505778911277 ] ] ] } },
{ "type": "Feature", "properties": { "count": 1, "label": 1, "cluster_id": 314 }, "geometry": { "type": "Polygon", "coordinates": [ [ [ 117.404417742716745, 1.879634900491687 ], [ 117.404597405773558, 1.879634900491687 ], [ 117.404597405773558, 1.879814563548511 ], [ 117.404417742716745, 1.879814563548511 ], [ 117.404417742716745, 1.879634900491687 ] ] ] } },
{ "type": "Feature", "properties": { "count": 1, "label": 1, "cluster_id": 314 }, "geometry": { "type": "Polygon", "coordinates": [ [ [ 117.404777068830384, 1.877299280752976 ], [ 117.404956731887211, 1.877299280752976 ], [ 117.404956731887211, 1.8774789438098 ], [ 117.404777068830384, 1.8774789438098 ], [ 117.404777068830384, 1.877299280752976 ] ] ] } },
{ "type": "Feature", "properties": { "count": 1, "label": 1, "cluster_id": 314 }, "geometry": { "type": "Polygon", "coordinates": [ [ [ 117.404956731887211, 1.82178339619439 ], [ 117.405136394944037, 1.82178339619439 ], [ 117.405136394944037, 1.821963059251213 ], [ 117.404956731887211, 1.821963059251213 ], [ 117.404956731887211, 1.82178339619439 ] ] ] } },
{ "type": "Feature", "properties": { "count": 15, "label": 1, "cluster_id": 314 }, "geometry": { "type": "Polygon", "coordinates": [ [ [ 117.405136394944037, 1.874424671843794 ], [ 117.405136394944037, 1.873526356559674 ], [ 117.405316058000864, 1.873526356559674 ], [ 117.405316058000864, 1.87334669350285 ], [ 117.405675384114502, 1.87334669350285 ], [ 117.405675384114502, 1.873526356559674 ], [ 117.406214373284982, 1.873526356559674 ], [ 117.406214373284982, 1.873706019616498 ], [ 117.405855047171329, 1.873706019616498 ], [ 117.405855047171329, 1.873885682673322 ], [ 117.405316058000864, 1.873885682673322 ], [ 117.405316058000864, 1.874424671843794 ], [ 117.405136394944037, 1.874424671843794 ] ] ] } },
{ "type": "Feature", "properties": { "count": 1, "label": 1, "cluster_id": 314 }, "geometry": { "type": "Polygon", "coordinates": [ [ [ 117.405136394944037, 1.8774789438098 ], [ 117.405316058000864, 1.8774789438098 ], [ 117.405316058000864, 1.877658606866624 ], [ 117.405136394944037, 1.877658606866624 ], [ 117.405136394944037, 1.8774789438098 ] ] ] } },
{ "type": "Feature", "properties": { "count": 72, "label": 1, "cluster_id": 314 }, "geometry": { "type": "Polygon", "coordinates": [ [ [ 117.405316058000864, 1.85538038782046 ], [ 117.405316058000864, 1.855200724763636 ], [ 117.404956731887211, 1.855200724763636 ], [ 117.404956731887211, 1.854661735593164 ], [ 117.404777068830384, 1.854661735593164 ], [ 117.404777068830384, 1.854302409479516 ], [ 117.404597405773558, 1.854302409479516 ], [ 117.404597405773558, 1.854122746422692 ], [ 117.404777068830384, 1.854122746422692 ], [ 117.404777068830384, 1.853763420309045 ], [ 117.404597405773558, 1.853763420309045 ], [ 117.404597405773558, 1.853943083365868 ], [ 117.404417742716745, 1.853943083365868 ], [ 117.404417742716745, 1.853763420309045 ], [ 117.404238079659919, 1.853763420309045 ], [ 117.404238079659919, 1.853583757252221 ], [ 117.404417742716745, 1.853583757252221 ], [ 117.404417742716745, 1.853404094195397 ], [ 117.404597405773558, 1.853404094195397 ], [ 117.404597405773558, 1.853224431138573 ], [ 117.405136394944037, 1.853224431138573 ], [ 117.405136394944037, 1.853044768081749 ], [ 117.405316058000864, 1.853044768081749 ], [ 117.405316058000864, 1.852865105024925 ], [ 117.40549572105769, 1.852865105024925 ], [ 117.40549572105769, 1.852685441968101 ], [ 117.405675384114502, 1.852685441968101 ], [ 117.405675384114502, 1.852865105024925 ], [ 117.405855047171329, 1.852865105024925 ], [ 117.405855047171329, 1.853044768081749 ], [ 117.405675384114502, 1.853044768081749 ], [ 117.405675384114502, 1.853583757252221 ], [ 117.40549572105769, 1.853583757252221 ], [ 117.40549572105769, 1.854122746422692 ], [ 117.405675384114502, 1.854122746422692 ], [ 117.405675384114502, 1.854302409479516 ], [ 117.405855047171329, 1.854302409479516 ], [ 117.405855047171329, 1.85538038782046 ], [ 117.405316058000864, 1.85538038782046 ] ] ] } },
{ "type": "Feature", "properties": { "count": 45, "label": 1, "cluster_id": 314 }, "geometry": { "type": "Polygon", "coordinates": [ [ [ 117.40549572105769, 1.8774789438098 ], [ 117.40549572105769, 1.877119617696152 ], [ 117.405316058000864, 1.877119617696152 ], [ 117.405316058000864, 1.876760291582504 ], [ 117.404956731887211, 1.876760291582504 ], [ 117.404956731887211, 1.876939954639328 ], [ 117.404777068830384, 1.876939954639328 ], [ 117.404777068830384, 1.877119617696152 ], [ 117.404597405773558, 1.877119617696152 ], [ 117.404597405773558, 1.877299280752976 ], [ 117.404417742716745, 1.877299280752976 ], [ 117.404417742716745, 1.877119617696152 ], [ 117.404238079659919, 1.877119617696152 ], [ 117.404238079659919, 1.876760291582504 ], [ 117.404417742716745, 1.876760291582504 ], [ 117.404417742716745, 1.87658062852568 ], [ 117.404597405773558, 1.87658062852568 ], [ 117.404597405773558, 1.876400965468856 ], [ 117.404956731887211, 1.876400965468856 ], [ 117.404956731887211, 1.876221302412033 ], [ 117.405136394944037, 1.876221302412033 ], [ 117.405136394944037, 1.876400965468856 ], [ 117.405316058000864, 1.876400965468856 ], [ 117.405316058000864, 1.87658062852568 ], [ 117.406034710228155, 1.87658062852568 ], [ 117.406034710228155, 1.876400965468856 ], [ 117.406214373284982, 1.876400965468856 ], [ 117.406214373284982, 1.87658062852568 ], [ 117.406394036341808, 1.87658062852568 ], [ 117.406394036341808, 1.876939954639328 ], [ 117.406214373284982, 1.876939954639328 ], [ 117.406214373284982, 1.877119617696152 ], [ 117.406753362455447, 1.877119617696152 ], [ 117.406753362455447, 1.877299280752976 ], [ 117.405855047171329, 1.877299280752976 ], [ 117.405855047171329, 1.8774789438098 ], [ 117.40549572105769, 1.8774789438098 ] ] ] } },
{ "type": "Feature", "properties": { "count": 12, "label": 1, "cluster_id": 314 }, "geometry": { "type": "Polygon", "coordinates": [ [ [ 117.405675384114502, 1.844959930524673 ], [ 117.405675384114502, 1.844780267467849 ], [ 117.40549572105769, 1.844780267467849 ], [ 117.40549572105769, 1.844600604411025 ], [ 117.405316058000864, 1.844600604411025 ], [ 117.405316058000864, 1.844420941354201 ], [ 117.405855047171329, 1.844420941354201 ], [ 117.405855047171329, 1.844241278297378 ], [ 117.406034710228155, 1.844241278297378 ], [ 117.406034710228155, 1.844420941354201 ], [ 117.406214373284982, 1.844420941354201 ], [ 117.406214373284982, 1.844780267467849 ], [ 117.406034710228155, 1.844780267467849 ], [ 117.406034710228155, 1.844959930524673 ], [ 117.405675384114502, 1.844959930524673 ] ] ] } },
{ "type": "Feature", "properties": { "count": 33, "label": 1, "cluster_id": 314 }, "geometry": { "type": "Polygon", "coordinates": [ [ [ 117.405855047171329, 1.876400965468856 ], [ 117.405855047171329, 1.876041639355209 ], [ 117.405675384114502, 1.876041639355209 ], [ 117.405675384114502, 1.875861976298385 ], [ 117.404777068830384, 1.875861976298385 ], [ 117.404777068830384, 1.875682313241561 ], [ 117.404597405773558, 1.875682313241561 ], [ 117.404597405773558, 1.875143324071089 ], [ 117.404777068830384, 1.875143324071089 ], [ 117.404777068830384, 1.874963661014265 ], [ 117.404956731887211, 1.874963661014265 ], [ 117.404956731887211, 1.874604334900617 ], [ 117.405136394944037, 1.874604334900617 ], [ 117.405136394944037, 1.874963661014265 ], [ 117.405316058000864, 1.874963661014265 ], [ 117.405316058000864, 1.875322987127913 ], [ 117.40549572105769, 1.875322987127913 ], [ 117.40549572105769, 1.875682313241561 ], [ 117.405855047171329, 1.875682313241561 ], [ 117.405855047171329, 1.875861976298385 ], [ 117.406573699398621, 1.875861976298385 ], [ 117.406573699398621, 1.875682313241561 ], [ 117.406753362455447, 1.875682313241561 ], [ 117.406753362455447, 1.876041639355209 ], [ 117.406034710228155, 1.876041639355209 ], [ 117.406034710228155, 1.876400965468856 ], [ 117.405855047171329, 1.876400965468856 ] ], [ [ 117.405136394944037, 1.875682313241561 ], [ 117.404956731887211, 1.875682313241561 ], [ 117.404956731887211, 1.875502650184737 ], [ 117.405136394944037, 1.875502650184737 ], [ 117.405136394944037, 1.875682313241561 ] ] ] } },
{ "type": "Feature", "properties": { "count": 1, "label": 1, "cluster_id": 314 }, "geometry": { "type": "Polygon", "coordinates": [ [ [ 117.406034710228155, 1.887001085821467 ], [ 117.406214373284982, 1.887001085821467 ], [ 117.406214373284982, 1.887180748878291 ], [ 117.406034710228155, 1.887180748878291 ], [ 117.406034710228155, 1.887001085821467 ] ] ] } },
{ "type": "Feature", "properties": { "count": 25, "label": 1, "cluster_id": 314 }, "geometry": { "type": "Polygon", "coordinates": [ [ [ 117.406034710228155, 1.844061615240554 ], [ 117.406034710228155, 1.84388195218373 ], [ 117.40549572105769, 1.84388195218373 ], [ 117.40549572105769, 1.843163299956434 ], [ 117.406394036341808, 1.843163299956434 ], [ 117.406394036341808, 1.843342963013258 ], [ 117.406573699398621, 1.843342963013258 ], [ 117.406573699398621, 1.844061615240554 ], [ 117.406034710228155, 1.844061615240554 ] ], [ [ 117.406034710228155, 1.843702289126906 ], [ 117.405855047171329, 1.843702289126906 ], [ 117.405855047171329, 1.843522626070082 ], [ 117.406034710228155, 1.843522626070082 ], [ 117.406034710228155, 1.843702289126906 ] ] ] } },
{ "type": "Feature", "properties": { "count": 2, "label": 1, "cluster_id": 314 }, "geometry": { "type": "Polygon", "coordinates": [ [ [ 117.406394036341808, 1.882689172457693 ], [ 117.406573699398621, 1.882689172457693 ], [ 117.406573699398621, 1.883048498571341 ], [ 117.406394036341808, 1.883048498571341 ], [ 117.406394036341808, 1.882689172457693 ] ] ] } },
{ "type": "Feature", "properties": { "count": 1, "label": 1, "cluster_id": 314 }, "geometry": { "type": "Polygon", "coordinates": [ [ [ 117.406573699398621, 1.852505778911277 ], [ 117.406753362455447, 1.852505778911277 ], [ 117.406753362455447, 1.852685441968101 ], [ 117.406573699398621, 1.852685441968101 ], [ 117.406573699398621, 1.852505778911277 ] ] ] } },
{ "type": "Feature", "properties": { "count": 3, "label": 1, "cluster_id": 314 }, "geometry": { "type": "Polygon", "coordinates": [ [ [ 117.406573699398621, 1.878916248264391 ], [ 117.406753362455447, 1.878916248264391 ], [ 117.406753362455447, 1.879455237434863 ], [ 117.406573699398621, 1.879455237434863 ], [ 117.406573699398621, 1.878916248264391 ] ] ] } },
{ "type": "Feature", "properties": { "count": 10, "label": 1, "cluster_id": 314 }, "geometry": { "type": "Polygon", "coordinates": [ [ [ 117.406573699398621, 1.85538038782046 ], [ 117.406573699398621, 1.854661735593164 ], [ 117.406933025512274, 1.854661735593164 ], [ 117.406933025512274, 1.854841398649988 ], [ 117.4071126885691, 1.854841398649988 ], [ 117.4071126885691, 1.855200724763636 ], [ 117.406933025512274, 1.855200724763636 ], [ 117.406933025512274, 1.85538038782046 ], [ 117.406573699398621, 1.85538038782046 ] ] ] } },
{ "type": "Feature", "properties": { "count": 21, "label": 1, "cluster_id": 314 }, "geometry": { "type": "Polygon", "coordinates": [ [ [ 117.406753362455447, 1.877119617696152 ], [ 117.406753362455447, 1.876400965468856 ], [ 117.406573699398621, 1.876400965468856 ], [ 117.406573699398621, 1.876221302412033 ], [ 117.406753362455447, 1.876221302412033 ], [ 117.406753362455447, 1.876041639355209 ], [ 117.406933025512274, 1.876041639355209 ], [ 117.406933025512274, 1.875682313241561 ], [ 117.4071126885691, 1.875682313241561 ], [ 117.4071126885691, 1.875861976298385 ], [ 117.407292351625927, 1.875861976298385 ], [ 117.407292351625927, 1.876041639355209 ], [ 117.407472014682753, 1.876041639355209 ], [ 117.407472014682753, 1.87658062852568 ], [ 117.407292351625927, 1.87658062852568 ], [ 117.407292351625927, 1.876760291582504 ], [ 117.406933025512274, 1.876760291582504 ], [ 117.406933025512274, 1.877119617696152 ], [ 117.406753362455447, 1.877119617696152 ] ] ] } },
{ "type": "Feature", "properties": { "count": 6, "label": 1, "cluster_id": 314 }, "geometry": { "type": "Polygon", "coordinates": [ [ [ 117.406573699398621, 1.877658606866624 ], [ 117.4071126885691, 1.877658606866624 ], [ 117.4071126885691, 1.878017932980272 ], [ 117.406573699398621, 1.878017932980272 ], [ 117.406573699398621, 1.877658606866624 ] ] ] } },
{ "type": "Feature", "properties": { "count": 9, "label": 1, "cluster_id": 314 }, "geometry": { "type": "Polygon", "coordinates": [ [ [ 117.406933025512274, 1.845319256638321 ], [ 117.406933025512274, 1.844780267467849 ], [ 117.4071126885691, 1.844780267467849 ], [ 117.4071126885691, 1.844600604411025 ], [ 117.407292351625927, 1.844600604411025 ], [ 117.407292351625927, 1.844780267467849 ], [ 117.407472014682753, 1.844780267467849 ], [ 117.407472014682753, 1.845139593581497 ], [ 117.407292351625927, 1.845139593581497 ], [ 117.407292351625927, 1.845319256638321 ], [ 117.406933025512274, 1.845319256638321 ] ] ] } },
{ "type": "Feature", "properties": { "count": 15, "label": 1, "cluster_id": 314 }, "geometry": { "type": "Polygon", "coordinates": [ [ [ 117.407292351625927, 1.848553191661151 ], [ 117.407292351625927, 1.848193865547503 ], [ 117.4071126885691, 1.848193865547503 ], [ 117.4071126885691, 1.84801420249068 ], [ 117.407292351625927, 1.84801420249068 ], [ 117.407292351625927, 1.847295550263384 ], [ 117.407651677739565, 1.847295550263384 ], [ 117.407651677739565, 1.847654876377032 ], [ 117.407472014682753, 1.847654876377032 ], [ 117.407472014682753, 1.84801420249068 ], [ 117.407651677739565, 1.84801420249068 ], [ 117.407651677739565, 1.847654876377032 ], [ 117.407831340796392, 1.847654876377032 ], [ 117.407831340796392, 1.848193865547503 ], [ 117.407651677739565, 1.848193865547503 ], [ 117.407651677739565, 1.848373528604327 ], [ 117.407472014682753, 1.848373528604327 ], [ 117.407472014682753, 1.848553191661151 ], [ 117.407292351625927, 1.848553191661151 ] ] ] } },
{ "type": "Feature", "properties": { "count": 3, "label": 1, "cluster_id": 314 }, "geometry": { "type": "Polygon", "coordinates": [ [ [ 117.406933025512274, 1.851966789740805 ], [ 117.407472014682753, 1.851966789740805 ], [ 117.407472014682753, 1.852146452797629 ], [ 117.406933025512274, 1.852146452797629 ], [ 117.406933025512274, 1.851966789740805 ] ] ] } },
{ "type": "Feature", "properties": { "count": 31, "label": 1, "cluster_id": 314 }, "geometry": { "type": "Polygon", "coordinates": [ [ [ 117.406933025512274, 1.887360411935115 ], [ 117.406933025512274, 1.887180748878291 ], [ 117.406753362455447, 1.887180748878291 ], [ 117.406753362455447, 1.887001085821467 ], [ 117.406933025512274, 1.887001085821467 ], [ 117.406933025512274, 1.886821422764643 ], [ 117.406753362455447, 1.886821422764643 ], [ 117.406753362455447, 1.886641759707819 ], [ 117.407472014682753, 1.886641759707819 ], [ 117.407472014682753, 1.886282433594171 ], [ 117.408011003853218, 1.886282433594171 ], [ 117.408011003853218, 1.886102770537347 ], [ 117.408190666910045, 1.886102770537347 ], [ 117.408190666910045, 1.886641759707819 ], [ 117.408011003853218, 1.886641759707819 ], [ 117.408011003853218, 1.887001085821467 ], [ 117.407831340796392, 1.887001085821467 ], [ 117.407831340796392, 1.887180748878291 ], [ 117.407472014682753, 1.887180748878291 ], [ 117.407472014682753, 1.887360411935115 ], [ 117.406933025512274, 1.887360411935115 ] ] ] } },
{ "type": "Feature", "properties": { "count": 1, "label": 1, "cluster_id": 314 }, "geometry": { "type": "Polygon", "coordinates": [ [ [ 117.407472014682753, 1.852685441968101 ], [ 117.407651677739565, 1.852685441968101 ], [ 117.407651677739565, 1.852865105024925 ], [ 117.407472014682753, 1.852865105024925 ], [ 117.407472014682753, 1.852685441968101 ] ] ] } },
{ "type": "Feature", "properties": { "count": 27, "label": 1, "cluster_id": 314 }, "geometry": { "type": "Polygon", "coordinates": [ [ [ 117.407651677739565, 1.885923107480523 ], [ 117.407651677739565, 1.885204455253228 ], [ 117.407831340796392, 1.885204455253228 ], [ 117.407831340796392, 1.884126476912284 ], [ 117.408370329966871, 1.884126476912284 ], [ 117.408370329966871, 1.884665466082756 ], [ 117.408549993023684, 1.884665466082756 ], [ 117.408549993023684, 1.88484512913958 ], [ 117.408370329966871, 1.88484512913958 ], [ 117.408370329966871, 1.885384118310052 ], [ 117.407831340796392, 1.885384118310052 ], [ 117.407831340796392, 1.885563781366876 ], [ 117.408011003853218, 1.885563781366876 ], [ 117.408011003853218, 1.8857434444237 ], [ 117.407831340796392, 1.8857434444237 ], [ 117.407831340796392, 1.885923107480523 ], [ 117.407651677739565, 1.885923107480523 ] ] ] } },
{ "type": "Feature", "properties": { "count": 1, "label": 1, "cluster_id": 314 }, "geometry": { "type": "Polygon", "coordinates": [ [ [ 117.407831340796392, 1.847475213320208 ], [ 117.408011003853218, 1.847475213320208 ], [ 117.408011003853218, 1.847654876377032 ], [ 117.407831340796392, 1.847654876377032 ], [ 117.407831340796392, 1.847475213320208 ] ] ] } },
{ "type": "Feature", "properties": { "count": 1, "label": 1, "cluster_id": 314 }, "geometry": { "type": "Polygon", "coordinates": [ [ [ 117.408190666910045, 1.847475213320208 ], [ 117.408370329966871, 1.847475213320208 ], [ 117.408370329966871, 1.847654876377032 ], [ 117.408190666910045, 1.847654876377032 ], [ 117.408190666910045, 1.847475213320208 ] ] ] } },
{ "type": "Feature", "properties": { "count": 1, "label": 1, "cluster_id": 314 }, "geometry": { "type": "Polygon", "coordinates": [ [ [ 117.408370329966871, 1.847834539433856 ], [ 117.408549993023684, 1.847834539433856 ], [ 117.408549993023684, 1.84801420249068 ], [ 117.408370329966871, 1.84801420249068 ], [ 117.408370329966871, 1.847834539433856 ] ] ] } },
{ "type": "Feature", "properties": { "count": 1, "label": 1, "cluster_id": 314 }, "geometry": { "type": "Polygon", "coordinates": [ [ [ 117.408370329966871, 1.8857434444237 ], [ 117.408549993023684, 1.8857434444237 ], [ 117.408549993023684, 1.885923107480523 ], [ 117.408370329966871, 1.885923107480523 ], [ 117.408370329966871, 1.8857434444237 ] ] ] } },
{ "type": "Feature", "properties": { "count": 2, "label": 1, "cluster_id": 314 }, "geometry": { "type": "Polygon", "coordinates": [ [ [ 117.408370329966871, 1.886641759707819 ], [ 117.408549993023684, 1.886641759707819 ], [ 117.408549993023684, 1.887001085821467 ], [ 117.408370329966871, 1.887001085821467 ], [ 117.408370329966871, 1.886641759707819 ] ] ] } },
{ "type": "Feature", "properties": { "count": 2, "label": 1, "cluster_id": 314 }, "geometry": { "type": "Polygon", "coordinates": [ [ [ 117.408549993023684, 1.847475213320208 ], [ 117.40872965608051, 1.847475213320208 ], [ 117.40872965608051, 1.847834539433856 ], [ 117.408549993023684, 1.847834539433856 ], [ 117.408549993023684, 1.847475213320208 ] ] ] } },
{ "type": "Feature", "properties": { "count": 4, "label": 1, "cluster_id": 314 }, "geometry": { "type": "Polygon", "coordinates": [ [ [ 117.408549993023684, 1.88394681385546 ], [ 117.408909319137337, 1.88394681385546 ], [ 117.408909319137337, 1.884306139969108 ], [ 117.408549993023684, 1.884306139969108 ], [ 117.408549993023684, 1.88394681385546 ] ] ] } },
{ "type": "Feature", "properties": { "count": 5, "label": 1, "cluster_id": 314 }, "geometry": { "type": "Polygon", "coordinates": [ [ [ 117.40872965608051, 1.886462096650995 ], [ 117.40872965608051, 1.886282433594171 ], [ 117.408549993023684, 1.886282433594171 ], [ 117.408549993023684, 1.885923107480523 ], [ 117.408909319137337, 1.885923107480523 ], [ 117.408909319137337, 1.886462096650995 ], [ 117.40872965608051, 1.886462096650995 ] ] ] } },
{ "type": "Feature", "properties": { "count": 21, "label": 1, "cluster_id": 314 }, "geometry": { "type": "Polygon", "coordinates": [ [ [ 117.408909319137337, 1.844959930524673 ], [ 117.408909319137337, 1.844600604411025 ], [ 117.40872965608051, 1.844600604411025 ], [ 117.40872965608051, 1.844780267467849 ], [ 117.408011003853218, 1.844780267467849 ], [ 117.408011003853218, 1.844061615240554 ], [ 117.407831340796392, 1.844061615240554 ], [ 117.407831340796392, 1.84388195218373 ], [ 117.408370329966871, 1.84388195218373 ], [ 117.408370329966871, 1.844061615240554 ], [ 117.408190666910045, 1.844061615240554 ], [ 117.408190666910045, 1.844420941354201 ], [ 117.408549993023684, 1.844420941354201 ], [ 117.408549993023684, 1.844061615240554 ], [ 117.408909319137337, 1.844061615240554 ], [ 117.408909319137337, 1.844420941354201 ], [ 117.409088982194163, 1.844420941354201 ], [ 117.409088982194163, 1.844959930524673 ], [ 117.408909319137337, 1.844959930524673 ] ] ] } },
{ "type": "Feature", "properties": { "count": 4, "label": 1, "cluster_id": 314 }, "geometry": { "type": "Polygon", "coordinates": [ [ [ 117.408909319137337, 1.885563781366876 ], [ 117.408909319137337, 1.885384118310052 ], [ 117.40872965608051, 1.885384118310052 ], [ 117.40872965608051, 1.885204455253228 ], [ 117.408909319137337, 1.885204455253228 ], [ 117.408909319137337, 1.885024792196404 ], [ 117.409088982194163, 1.885024792196404 ], [ 117.409088982194163, 1.885563781366876 ], [ 117.408909319137337, 1.885563781366876 ] ] ] } },
{ "type": "Feature", "properties": { "count": 1, "label": 1, "cluster_id": 314 }, "geometry": { "type": "Polygon", "coordinates": [ [ [ 117.409088982194163, 1.844959930524673 ], [ 117.409268645250989, 1.844959930524673 ], [ 117.409268645250989, 1.845139593581497 ], [ 117.409088982194163, 1.845139593581497 ], [ 117.409088982194163, 1.844959930524673 ] ] ] } },
{ "type": "Feature", "properties": { "count": 36, "label": 1, "cluster_id": 314 }, "geometry": { "type": "Polygon", "coordinates": [ [ [ 117.409088982194163, 1.87011275848002 ], [ 117.409088982194163, 1.869394106252724 ], [ 117.408909319137337, 1.869394106252724 ], [ 117.408909319137337, 1.8692144431959 ], [ 117.40872965608051, 1.8692144431959 ], [ 117.40872965608051, 1.868675454025429 ], [ 117.408909319137337, 1.868675454025429 ], [ 117.408909319137337, 1.868495790968605 ], [ 117.409088982194163, 1.868495790968605 ], [ 117.409088982194163, 1.868316127911781 ], [ 117.409448308307816, 1.868316127911781 ], [ 117.409448308307816, 1.868675454025429 ], [ 117.409627971364628, 1.868675454025429 ], [ 117.409627971364628, 1.868855117082252 ], [ 117.409807634421455, 1.868855117082252 ], [ 117.409807634421455, 1.869034780139076 ], [ 117.409987297478281, 1.869034780139076 ], [ 117.409987297478281, 1.869394106252724 ], [ 117.409448308307816, 1.869394106252724 ], [ 117.409448308307816, 1.869933095423196 ], [ 117.409268645250989, 1.869933095423196 ], [ 117.409268645250989, 1.87011275848002 ], [ 117.409088982194163, 1.87011275848002 ] ] ] } },
{ "type": "Feature", "properties": { "count": 47, "label": 1, "cluster_id": 314 }, "geometry": { "type": "Polygon", "coordinates": [ [ [ 117.409088982194163, 1.879455237434863 ], [ 117.409088982194163, 1.879095911321215 ], [ 117.408909319137337, 1.879095911321215 ], [ 117.408909319137337, 1.878736585207567 ], [ 117.40872965608051, 1.878736585207567 ], [ 117.40872965608051, 1.878916248264391 ], [ 117.408549993023684, 1.878916248264391 ], [ 117.408549993023684, 1.879095911321215 ], [ 117.40872965608051, 1.879095911321215 ], [ 117.40872965608051, 1.879455237434863 ], [ 117.408370329966871, 1.879455237434863 ], [ 117.408370329966871, 1.878736585207567 ], [ 117.408549993023684, 1.878736585207567 ], [ 117.408549993023684, 1.878377259093919 ], [ 117.408370329966871, 1.878377259093919 ], [ 117.408370329966871, 1.878197596037096 ], [ 117.40872965608051, 1.878197596037096 ], [ 117.40872965608051, 1.878017932980272 ], [ 117.408909319137337, 1.878017932980272 ], [ 117.408909319137337, 1.877838269923448 ], [ 117.409807634421455, 1.877838269923448 ], [ 117.409807634421455, 1.878017932980272 ], [ 117.409627971364628, 1.878017932980272 ], [ 117.409627971364628, 1.878736585207567 ], [ 117.409807634421455, 1.878736585207567 ], [ 117.409807634421455, 1.879275574378039 ], [ 117.409268645250989, 1.879275574378039 ], [ 117.409268645250989, 1.879455237434863 ], [ 117.409088982194163, 1.879455237434863 ] ], [ [ 117.409448308307816, 1.878556922150743 ], [ 117.409088982194163, 1.878556922150743 ], [ 117.409088982194163, 1.878197596037096 ], [ 117.409268645250989, 1.878197596037096 ], [ 117.409268645250989, 1.878377259093919 ], [ 117.409448308307816, 1.878377259093919 ], [ 117.409448308307816, 1.878556922150743 ] ], [ [ 117.409627971364628, 1.879095911321215 ], [ 117.409448308307816, 1.879095911321215 ], [ 117.409448308307816, 1.878916248264391 ], [ 117.409627971364628, 1.878916248264391 ], [ 117.409627971364628, 1.879095911321215 ] ] ] } },
{ "type": "Feature", "properties": { "count": 38, "label": 1, "cluster_id": 314 }, "geometry": { "type": "Polygon", "coordinates": [ [ [ 117.409448308307816, 1.818010472001088 ], [ 117.409448308307816, 1.817830808944264 ], [ 117.409268645250989, 1.817830808944264 ], [ 117.409268645250989, 1.816932493660144 ], [ 117.409448308307816, 1.816932493660144 ], [ 117.409448308307816, 1.81675283060332 ], [ 117.409807634421455, 1.81675283060332 ], [ 117.409807634421455, 1.816573167546496 ], [ 117.410166960535108, 1.816573167546496 ], [ 117.410166960535108, 1.81675283060332 ], [ 117.410526286648746, 1.81675283060332 ], [ 117.410526286648746, 1.817291819773792 ], [ 117.410346623591934, 1.817291819773792 ], [ 117.410346623591934, 1.817471482830616 ], [ 117.410166960535108, 1.817471482830616 ], [ 117.410166960535108, 1.81765114588744 ], [ 117.409987297478281, 1.81765114588744 ], [ 117.409987297478281, 1.817830808944264 ], [ 117.409627971364628, 1.817830808944264 ], [ 117.409627971364628, 1.818010472001088 ], [ 117.409448308307816, 1.818010472001088 ] ] ] } },
{ "type": "Feature", "properties": { "count": 1, "label": 1, "cluster_id": 314 }, "geometry": { "type": "Polygon", "coordinates": [ [ [ 117.409807634421455, 1.829868233751465 ], [ 117.409987297478281, 1.829868233751465 ], [ 117.409987297478281, 1.830047896808289 ], [ 117.409807634421455, 1.830047896808289 ], [ 117.409807634421455, 1.829868233751465 ] ] ] } },
{ "type": "Feature", "properties": { "count": 1, "label": 1, "cluster_id": 314 }, "geometry": { "type": "Polygon", "coordinates": [ [ [ 117.409987297478281, 1.835797114626654 ], [ 117.410166960535108, 1.835797114626654 ], [ 117.410166960535108, 1.835976777683478 ], [ 117.409987297478281, 1.835976777683478 ], [ 117.409987297478281, 1.835797114626654 ] ] ] } },
{ "type": "Feature", "properties": { "count": 4, "label": 1, "cluster_id": 314 }, "geometry": { "type": "Polygon", "coordinates": [ [ [ 117.409987297478281, 1.883587487741813 ], [ 117.410346623591934, 1.883587487741813 ], [ 117.410346623591934, 1.88394681385546 ], [ 117.409987297478281, 1.88394681385546 ], [ 117.409987297478281, 1.883587487741813 ] ] ] } },
{ "type": "Feature", "properties": { "count": 1, "label": 1, "cluster_id": 314 }, "geometry": { "type": "Polygon", "coordinates": [ [ [ 117.410705949705573, 1.834719136285711 ], [ 117.410885612762399, 1.834719136285711 ], [ 117.410885612762399, 1.834898799342535 ], [ 117.410705949705573, 1.834898799342535 ], [ 117.410705949705573, 1.834719136285711 ] ] ] } },
{ "type": "Feature", "properties": { "count": 3, "label": 1, "cluster_id": 314 }, "geometry": { "type": "Polygon", "coordinates": [ [ [ 117.410705949705573, 1.869394106252724 ], [ 117.410885612762399, 1.869394106252724 ], [ 117.410885612762399, 1.869933095423196 ], [ 117.410705949705573, 1.869933095423196 ], [ 117.410705949705573, 1.869394106252724 ] ] ] } },
{ "type": "Feature", "properties": { "count": 18, "label": 1, "cluster_id": 314 }, "geometry": { "type": "Polygon", "coordinates": [ [ [ 117.410346623591934, 1.836695429910774 ], [ 117.410346623591934, 1.83651576685395 ], [ 117.410166960535108, 1.83651576685395 ], [ 117.410166960535108, 1.836336103797126 ], [ 117.410705949705573, 1.836336103797126 ], [ 117.410705949705573, 1.836156440740302 ], [ 117.410885612762399, 1.836156440740302 ], [ 117.410885612762399, 1.835976777683478 ], [ 117.411424601932879, 1.835976777683478 ], [ 117.411424601932879, 1.836156440740302 ], [ 117.411604264989691, 1.836156440740302 ], [ 117.411604264989691, 1.836336103797126 ], [ 117.411244938876052, 1.836336103797126 ], [ 117.411244938876052, 1.83651576685395 ], [ 117.411065275819226, 1.83651576685395 ], [ 117.411065275819226, 1.836695429910774 ], [ 117.410346623591934, 1.836695429910774 ] ] ] } },
{ "type": "Feature", "properties": { "count": 11, "label": 1, "cluster_id": 314 }, "geometry": { "type": "Polygon", "coordinates": [ [ [ 117.410705949705573, 1.887719738048762 ], [ 117.410705949705573, 1.887360411935115 ], [ 117.410526286648746, 1.887360411935115 ], [ 117.410526286648746, 1.886821422764643 ], [ 117.410705949705573, 1.886821422764643 ], [ 117.410705949705573, 1.887001085821467 ], [ 117.410885612762399, 1.887001085821467 ], [ 117.410885612762399, 1.887180748878291 ], [ 117.411244938876052, 1.887180748878291 ], [ 117.411244938876052, 1.887360411935115 ], [ 117.411065275819226, 1.887360411935115 ], [ 117.411065275819226, 1.887719738048762 ], [ 117.410705949705573, 1.887719738048762 ] ] ] } },
{ "type": "Feature", "properties": { "count": 1, "label": 1, "cluster_id": 314 }, "geometry": { "type": "Polygon", "coordinates": [ [ [ 117.411065275819226, 1.819088450342031 ], [ 117.411244938876052, 1.819088450342031 ], [ 117.411244938876052, 1.819268113398855 ], [ 117.411065275819226, 1.819268113398855 ], [ 117.411065275819226, 1.819088450342031 ] ] ] } },
{ "type": "Feature", "properties": { "count": 15, "label": 1, "cluster_id": 314 }, "geometry": { "type": "Polygon", "coordinates": [ [ [ 117.411065275819226, 1.885024792196404 ], [ 117.411065275819226, 1.88484512913958 ], [ 117.410885612762399, 1.88484512913958 ], [ 117.410885612762399, 1.884665466082756 ], [ 117.410705949705573, 1.884665466082756 ], [ 117.410705949705573, 1.884485803025932 ], [ 117.410526286648746, 1.884485803025932 ], [ 117.410526286648746, 1.884126476912284 ], [ 117.410705949705573, 1.884126476912284 ], [ 117.410705949705573, 1.884306139969108 ], [ 117.410885612762399, 1.884306139969108 ], [ 117.410885612762399, 1.884485803025932 ], [ 117.411065275819226, 1.884485803025932 ], [ 117.411065275819226, 1.884306139969108 ], [ 117.411604264989691, 1.884306139969108 ], [ 117.411604264989691, 1.884665466082756 ], [ 117.411424601932879, 1.884665466082756 ], [ 117.411424601932879, 1.88484512913958 ], [ 117.411244938876052, 1.88484512913958 ], [ 117.411244938876052, 1.885024792196404 ], [ 117.411065275819226, 1.885024792196404 ] ] ] } },
{ "type": "Feature", "properties": { "count": 1, "label": 1, "cluster_id": 314 }, "geometry": { "type": "Polygon", "coordinates": [ [ [ 117.411244938876052, 1.831664864319704 ], [ 117.411424601932879, 1.831664864319704 ], [ 117.411424601932879, 1.831844527376528 ], [ 117.411244938876052, 1.831844527376528 ], [ 117.411244938876052, 1.831664864319704 ] ] ] } },
{ "type": "Feature", "properties": { "count": 1, "label": 1, "cluster_id": 314 }, "geometry": { "type": "Polygon", "coordinates": [ [ [ 117.411244938876052, 1.868136464854957 ], [ 117.411424601932879, 1.868136464854957 ], [ 117.411424601932879, 1.868316127911781 ], [ 117.411244938876052, 1.868316127911781 ], [ 117.411244938876052, 1.868136464854957 ] ] ] } },
{ "type": "Feature", "properties": { "count": 1, "label": 1, "cluster_id": 314 }, "geometry": { "type": "Polygon", "coordinates": [ [ [ 117.411424601932879, 1.824298678989924 ], [ 117.411604264989691, 1.824298678989924 ], [ 117.411604264989691, 1.824478342046748 ], [ 117.411424601932879, 1.824478342046748 ], [ 117.411424601932879, 1.824298678989924 ] ] ] } },
{ "type": "Feature", "properties": { "count": 28, "label": 1, "cluster_id": 314 }, "geometry": { "type": "Polygon", "coordinates": [ [ [ 117.411424601932879, 1.831305538206057 ], [ 117.411424601932879, 1.831125875149233 ], [ 117.411244938876052, 1.831125875149233 ], [ 117.411244938876052, 1.830946212092409 ], [ 117.411065275819226, 1.830946212092409 ], [ 117.411065275819226, 1.831125875149233 ], [ 117.410705949705573, 1.831125875149233 ], [ 117.410705949705573, 1.830766549035585 ], [ 117.410885612762399, 1.830766549035585 ], [ 117.410885612762399, 1.830586885978761 ], [ 117.410526286648746, 1.830586885978761 ], [ 117.410526286648746, 1.830407222921937 ], [ 117.410166960535108, 1.830407222921937 ], [ 117.410166960535108, 1.830227559865113 ], [ 117.409987297478281, 1.830227559865113 ], [ 117.409987297478281, 1.830047896808289 ], [ 117.410346623591934, 1.830047896808289 ], [ 117.410346623591934, 1.830227559865113 ], [ 117.410705949705573, 1.830227559865113 ], [ 117.410705949705573, 1.830407222921937 ], [ 117.411604264989691, 1.830407222921937 ], [ 117.411604264989691, 1.830586885978761 ], [ 117.411783928046518, 1.830586885978761 ], [ 117.411783928046518, 1.830766549035585 ], [ 117.411963591103344, 1.830766549035585 ], [ 117.411963591103344, 1.830946212092409 ], [ 117.411604264989691, 1.830946212092409 ], [ 117.411604264989691, 1.831305538206057 ], [ 117.411424601932879, 1.831305538206057 ] ] ] } },
{ "type": "Feature", "properties": { "count": 1, "label": 1, "cluster_id": 314 }, "geometry": { "type": "Polygon", "coordinates": [ [ [ 117.411604264989691, 1.8241190159331 ], [ 117.411783928046518, 1.8241190159331 ], [ 117.411783928046518, 1.824298678989924 ], [ 117.411604264989691, 1.824298678989924 ], [ 117.411604264989691, 1.8241190159331 ] ] ] } },
{ "type": "Feature", "properties": { "count": 1, "label": 1, "cluster_id": 314 }, "geometry": { "type": "Polygon", "coordinates": [ [ [ 117.411604264989691, 1.825735983444515 ], [ 117.411783928046518, 1.825735983444515 ], [ 117.411783928046518, 1.825915646501339 ], [ 117.411604264989691, 1.825915646501339 ], [ 117.411604264989691, 1.825735983444515 ] ] ] } },
{ "type": "Feature", "properties": { "count": 40, "label": 1, "cluster_id": 314 }, "geometry": { "type": "Polygon", "coordinates": [ [ [ 117.411424601932879, 1.833641157944767 ], [ 117.411424601932879, 1.833461494887943 ], [ 117.411604264989691, 1.833461494887943 ], [ 117.411604264989691, 1.833281831831119 ], [ 117.411424601932879, 1.833281831831119 ], [ 117.411424601932879, 1.833461494887943 ], [ 117.411244938876052, 1.833461494887943 ], [ 117.411244938876052, 1.833641157944767 ], [ 117.411065275819226, 1.833641157944767 ], [ 117.411065275819226, 1.833281831831119 ], [ 117.411244938876052, 1.833281831831119 ], [ 117.411244938876052, 1.832922505717472 ], [ 117.411963591103344, 1.832922505717472 ], [ 117.411963591103344, 1.832563179603824 ], [ 117.412322917216997, 1.832563179603824 ], [ 117.412322917216997, 1.832742842660648 ], [ 117.412502580273809, 1.832742842660648 ], [ 117.412502580273809, 1.832563179603824 ], [ 117.412682243330636, 1.832563179603824 ], [ 117.412682243330636, 1.832742842660648 ], [ 117.413041569444289, 1.832742842660648 ], [ 117.413041569444289, 1.832922505717472 ], [ 117.413580558614754, 1.832922505717472 ], [ 117.413580558614754, 1.833102168774295 ], [ 117.413400895557942, 1.833102168774295 ], [ 117.413400895557942, 1.833461494887943 ], [ 117.413221232501115, 1.833461494887943 ], [ 117.413221232501115, 1.833281831831119 ], [ 117.413041569444289, 1.833281831831119 ], [ 117.413041569444289, 1.833461494887943 ], [ 117.412682243330636, 1.833461494887943 ], [ 117.412682243330636, 1.832922505717472 ], [ 117.412502580273809, 1.832922505717472 ], [ 117.412502580273809, 1.833102168774295 ], [ 117.412143254160171, 1.833102168774295 ], [ 117.412143254160171, 1.833461494887943 ], [ 117.411963591103344, 1.833461494887943 ], [ 117.411963591103344, 1.833281831831119 ], [ 117.411783928046518, 1.833281831831119 ], [ 117.411783928046518, 1.833641157944767 ], [ 117.411424601932879, 1.833641157944767 ] ] ] } },
{ "type": "Feature", "properties": { "count": 2, "label": 1, "cluster_id": 314 }, "geometry": { "type": "Polygon", "coordinates": [ [ [ 117.411783928046518, 1.824298678989924 ], [ 117.411963591103344, 1.824298678989924 ], [ 117.411963591103344, 1.824658005103572 ], [ 117.411783928046518, 1.824658005103572 ], [ 117.411783928046518, 1.824298678989924 ] ] ] } },
{ "type": "Feature", "properties": { "count": 1, "label": 1, "cluster_id": 314 }, "geometry": { "type": "Polygon", "coordinates": [ [ [ 117.411783928046518, 1.825915646501339 ], [ 117.411963591103344, 1.825915646501339 ], [ 117.411963591103344, 1.826095309558163 ], [ 117.411783928046518, 1.826095309558163 ], [ 117.411783928046518, 1.825915646501339 ] ] ] } },
{ "type": "Feature", "properties": { "count": 11, "label": 1, "cluster_id": 314 }, "geometry": { "type": "Polygon", "coordinates": [ [ [ 117.411604264989691, 1.832563179603824 ], [ 117.411604264989691, 1.831844527376528 ], [ 117.412143254160171, 1.831844527376528 ], [ 117.412143254160171, 1.832024190433352 ], [ 117.411963591103344, 1.832024190433352 ], [ 117.411963591103344, 1.832203853490176 ], [ 117.412322917216997, 1.832203853490176 ], [ 117.412322917216997, 1.832383516547 ], [ 117.411963591103344, 1.832383516547 ], [ 117.411963591103344, 1.832563179603824 ], [ 117.411604264989691, 1.832563179603824 ] ] ] } },
{ "type": "Feature", "properties": { "count": 1, "label": 1, "cluster_id": 314 }, "geometry": { "type": "Polygon", "coordinates": [ [ [ 117.411963591103344, 1.835976777683478 ], [ 117.412143254160171, 1.835976777683478 ], [ 117.412143254160171, 1.836156440740302 ], [ 117.411963591103344, 1.836156440740302 ], [ 117.411963591103344, 1.835976777683478 ] ] ] } },
{ "type": "Feature", "properties": { "count": 158, "label": 1, "cluster_id": 314 }, "geometry": { "type": "Polygon", "coordinates": [ [ [ 117.411963591103344, 1.867597475684485 ], [ 117.411963591103344, 1.867238149570837 ], [ 117.411783928046518, 1.867238149570837 ], [ 117.411783928046518, 1.867058486514013 ], [ 117.411963591103344, 1.867058486514013 ], [ 117.411963591103344, 1.86687882345719 ], [ 117.411604264989691, 1.86687882345719 ], [ 117.411604264989691, 1.867058486514013 ], [ 117.411244938876052, 1.867058486514013 ], [ 117.411244938876052, 1.86687882345719 ], [ 117.411065275819226, 1.86687882345719 ], [ 117.411065275819226, 1.866699160400366 ], [ 117.410885612762399, 1.866699160400366 ], [ 117.410885612762399, 1.86687882345719 ], [ 117.410705949705573, 1.86687882345719 ], [ 117.410705949705573, 1.86598050817307 ], [ 117.410166960535108, 1.86598050817307 ], [ 117.410166960535108, 1.865800845116246 ], [ 117.409987297478281, 1.865800845116246 ], [ 117.409987297478281, 1.86598050817307 ], [ 117.409807634421455, 1.86598050817307 ], [ 117.409807634421455, 1.866160171229894 ], [ 117.409627971364628, 1.866160171229894 ], [ 117.409627971364628, 1.86598050817307 ], [ 117.409448308307816, 1.86598050817307 ], [ 117.409448308307816, 1.865800845116246 ], [ 117.409627971364628, 1.865800845116246 ], [ 117.409627971364628, 1.865261855945774 ], [ 117.409807634421455, 1.865261855945774 ], [ 117.409807634421455, 1.864902529832127 ], [ 117.409987297478281, 1.864902529832127 ], [ 117.409987297478281, 1.864543203718479 ], [ 117.410166960535108, 1.864543203718479 ], [ 117.410166960535108, 1.864363540661655 ], [ 117.410526286648746, 1.864363540661655 ], [ 117.410526286648746, 1.864543203718479 ], [ 117.410885612762399, 1.864543203718479 ], [ 117.410885612762399, 1.864902529832127 ], [ 117.410705949705573, 1.864902529832127 ], [ 117.410705949705573, 1.86508219288895 ], [ 117.410885612762399, 1.86508219288895 ], [ 117.410885612762399, 1.865261855945774 ], [ 117.411065275819226, 1.865261855945774 ], [ 117.411065275819226, 1.865441519002598 ], [ 117.411604264989691, 1.865441519002598 ], [ 117.411604264989691, 1.865261855945774 ], [ 117.413041569444289, 1.865261855945774 ], [ 117.413041569444289, 1.865441519002598 ], [ 117.412682243330636, 1.865441519002598 ], [ 117.412682243330636, 1.866699160400366 ], [ 117.412861906387462, 1.866699160400366 ], [ 117.412861906387462, 1.86687882345719 ], [ 117.413041569444289, 1.86687882345719 ], [ 117.413041569444289, 1.867238149570837 ], [ 117.412861906387462, 1.867238149570837 ], [ 117.412861906387462, 1.867058486514013 ], [ 117.412322917216997, 1.867058486514013 ], [ 117.412322917216997, 1.867417812627661 ], [ 117.412143254160171, 1.867417812627661 ], [ 117.412143254160171, 1.867597475684485 ], [ 117.411963591103344, 1.867597475684485 ] ], [ [ 117.411424601932879, 1.866519497343542 ], [ 117.411065275819226, 1.866519497343542 ], [ 117.411065275819226, 1.866339834286718 ], [ 117.411244938876052, 1.866339834286718 ], [ 117.411244938876052, 1.866160171229894 ], [ 117.411424601932879, 1.866160171229894 ], [ 117.411424601932879, 1.866519497343542 ] ] ] } },
{ "type": "Feature", "properties": { "count": 27, "label": 1, "cluster_id": 314 }, "geometry": { "type": "Polygon", "coordinates": [ [ [ 117.412143254160171, 1.825915646501339 ], [ 117.412143254160171, 1.825376657330868 ], [ 117.411963591103344, 1.825376657330868 ], [ 117.411963591103344, 1.825735983444515 ], [ 117.411783928046518, 1.825735983444515 ], [ 117.411783928046518, 1.825556320387692 ], [ 117.411604264989691, 1.825556320387692 ], [ 117.411604264989691, 1.825735983444515 ], [ 117.411424601932879, 1.825735983444515 ], [ 117.411424601932879, 1.825196994274044 ], [ 117.411604264989691, 1.825196994274044 ], [ 117.411604264989691, 1.82501733121722 ], [ 117.411783928046518, 1.82501733121722 ], [ 117.411783928046518, 1.824837668160396 ], [ 117.411963591103344, 1.824837668160396 ], [ 117.411963591103344, 1.824658005103572 ], [ 117.412143254160171, 1.824658005103572 ], [ 117.412143254160171, 1.824478342046748 ], [ 117.412502580273809, 1.824478342046748 ], [ 117.412502580273809, 1.82501733121722 ], [ 117.412322917216997, 1.82501733121722 ], [ 117.412322917216997, 1.825376657330868 ], [ 117.412502580273809, 1.825376657330868 ], [ 117.412502580273809, 1.825556320387692 ], [ 117.412322917216997, 1.825556320387692 ], [ 117.412322917216997, 1.825915646501339 ], [ 117.412143254160171, 1.825915646501339 ] ] ] } },
{ "type": "Feature", "properties": { "count": 7, "label": 1, "cluster_id": 314 }, "geometry": { "type": "Polygon", "coordinates": [ [ [ 117.411963591103344, 1.835078462399359 ], [ 117.411963591103344, 1.834898799342535 ], [ 117.412143254160171, 1.834898799342535 ], [ 117.412143254160171, 1.834719136285711 ], [ 117.412322917216997, 1.834719136285711 ], [ 117.412322917216997, 1.834539473228887 ], [ 117.412682243330636, 1.834539473228887 ], [ 117.412682243330636, 1.834719136285711 ], [ 117.412502580273809, 1.834719136285711 ], [ 117.412502580273809, 1.835078462399359 ], [ 117.411963591103344, 1.835078462399359 ] ] ] } },
{ "type": "Feature", "properties": { "count": 17, "label": 1, "cluster_id": 314 }, "geometry": { "type": "Polygon", "coordinates": [ [ [ 117.412322917216997, 1.857536344502347 ], [ 117.412322917216997, 1.857356681445523 ], [ 117.412143254160171, 1.857356681445523 ], [ 117.412143254160171, 1.856997355331875 ], [ 117.412322917216997, 1.856997355331875 ], [ 117.412322917216997, 1.856817692275051 ], [ 117.412502580273809, 1.856817692275051 ], [ 117.412502580273809, 1.856458366161403 ], [ 117.412682243330636, 1.856458366161403 ], [ 117.412682243330636, 1.856099040047755 ], [ 117.413041569444289, 1.856099040047755 ], [ 117.413041569444289, 1.856458366161403 ], [ 117.412861906387462, 1.856458366161403 ], [ 117.412861906387462, 1.856997355331875 ], [ 117.412682243330636, 1.856997355331875 ], [ 117.412682243330636, 1.857177018388699 ], [ 117.412502580273809, 1.857177018388699 ], [ 117.412502580273809, 1.857536344502347 ], [ 117.412322917216997, 1.857536344502347 ] ] ] } },
{ "type": "Feature", "properties": { "count": 6, "label": 1, "cluster_id": 314 }, "geometry": { "type": "Polygon", "coordinates": [ [ [ 117.411963591103344, 1.864363540661655 ], [ 117.411963591103344, 1.864004214548007 ], [ 117.412143254160171, 1.864004214548007 ], [ 117.412143254160171, 1.864183877604831 ], [ 117.412322917216997, 1.864183877604831 ], [ 117.412322917216997, 1.864004214548007 ], [ 117.412682243330636, 1.864004214548007 ], [ 117.412682243330636, 1.864183877604831 ], [ 117.412502580273809, 1.864183877604831 ], [ 117.412502580273809, 1.864363540661655 ], [ 117.411963591103344, 1.864363540661655 ] ] ] } },
{ "type": "Feature", "properties": { "count": 10, "label": 1, "cluster_id": 314 }, "geometry": { "type": "Polygon", "coordinates": [ [ [ 117.412502580273809, 1.82825126624005 ], [ 117.412502580273809, 1.828071603183226 ], [ 117.412322917216997, 1.828071603183226 ], [ 117.412322917216997, 1.827891940126402 ], [ 117.412143254160171, 1.827891940126402 ], [ 117.412143254160171, 1.827712277069578 ], [ 117.413041569444289, 1.827712277069578 ], [ 117.413041569444289, 1.828071603183226 ], [ 117.412682243330636, 1.828071603183226 ], [ 117.412682243330636, 1.82825126624005 ], [ 117.412502580273809, 1.82825126624005 ] ] ] } },
{ "type": "Feature", "properties": { "count": 2, "label": 1, "cluster_id": 314 }, "geometry": { "type": "Polygon", "coordinates": [ [ [ 117.412322917216997, 1.837414082138069 ], [ 117.412682243330636, 1.837414082138069 ], [ 117.412682243330636, 1.837593745194893 ], [ 117.412322917216997, 1.837593745194893 ], [ 117.412322917216997, 1.837414082138069 ] ] ] } },
{ "type": "Feature", "properties": { "count": 8, "label": 1, "cluster_id": 314 }, "geometry": { "type": "Polygon", "coordinates": [ [ [ 117.412502580273809, 1.858075333672818 ], [ 117.412502580273809, 1.857536344502347 ], [ 117.412861906387462, 1.857536344502347 ], [ 117.412861906387462, 1.857356681445523 ], [ 117.413041569444289, 1.857356681445523 ], [ 117.413041569444289, 1.857536344502347 ], [ 117.413221232501115, 1.857536344502347 ], [ 117.413221232501115, 1.85771600755917 ], [ 117.412861906387462, 1.85771600755917 ], [ 117.412861906387462, 1.857895670615994 ], [ 117.412682243330636, 1.857895670615994 ], [ 117.412682243330636, 1.858075333672818 ], [ 117.412502580273809, 1.858075333672818 ] ] ] } },
{ "type": "Feature", "properties": { "count": 51, "label": 1, "cluster_id": 314 }, "geometry": { "type": "Polygon", "coordinates": [ [ [ 117.412322917216997, 1.869573769309548 ], [ 117.412322917216997, 1.869394106252724 ], [ 117.412502580273809, 1.869394106252724 ], [ 117.412502580273809, 1.868855117082252 ], [ 117.412322917216997, 1.868855117082252 ], [ 117.412322917216997, 1.868136464854957 ], [ 117.412143254160171, 1.868136464854957 ], [ 117.412143254160171, 1.868316127911781 ], [ 117.411783928046518, 1.868316127911781 ], [ 117.411783928046518, 1.868136464854957 ], [ 117.411424601932879, 1.868136464854957 ], [ 117.411424601932879, 1.867956801798133 ], [ 117.411604264989691, 1.867956801798133 ], [ 117.411604264989691, 1.867777138741309 ], [ 117.411963591103344, 1.867777138741309 ], [ 117.411963591103344, 1.867956801798133 ], [ 117.412502580273809, 1.867956801798133 ], [ 117.412502580273809, 1.867597475684485 ], [ 117.412682243330636, 1.867597475684485 ], [ 117.412682243330636, 1.867417812627661 ], [ 117.413041569444289, 1.867417812627661 ], [ 117.413041569444289, 1.867777138741309 ], [ 117.413221232501115, 1.867777138741309 ], [ 117.413221232501115, 1.868136464854957 ], [ 117.413400895557942, 1.868136464854957 ], [ 117.413400895557942, 1.868316127911781 ], [ 117.413221232501115, 1.868316127911781 ], [ 117.413221232501115, 1.868495790968605 ], [ 117.413041569444289, 1.868495790968605 ], [ 117.413041569444289, 1.869034780139076 ], [ 117.412861906387462, 1.869034780139076 ], [ 117.412861906387462, 1.869394106252724 ], [ 117.412682243330636, 1.869394106252724 ], [ 117.412682243330636, 1.869573769309548 ], [ 117.412322917216997, 1.869573769309548 ] ] ] } },
{ "type": "Feature", "properties": { "count": 1, "label": 1, "cluster_id": 314 }, "geometry": { "type": "Polygon", "coordinates": [ [ [ 117.412682243330636, 1.858075333672818 ], [ 117.412861906387462, 1.858075333672818 ], [ 117.412861906387462, 1.858254996729642 ], [ 117.412682243330636, 1.858254996729642 ], [ 117.412682243330636, 1.858075333672818 ] ] ] } },
{ "type": "Feature", "properties": { "count": 1, "label": 1, "cluster_id": 314 }, "geometry": { "type": "Polygon", "coordinates": [ [ [ 117.413041569444289, 1.855919376990931 ], [ 117.413221232501115, 1.855919376990931 ], [ 117.413221232501115, 1.856099040047755 ], [ 117.413041569444289, 1.856099040047755 ], [ 117.413041569444289, 1.855919376990931 ] ] ] } },
{ "type": "Feature", "properties": { "count": 24, "label": 1, "cluster_id": 314 }, "geometry": { "type": "Polygon", "coordinates": [ [ [ 117.412682243330636, 1.818549461171559 ], [ 117.412682243330636, 1.818369798114735 ], [ 117.412502580273809, 1.818369798114735 ], [ 117.412502580273809, 1.81765114588744 ], [ 117.413400895557942, 1.81765114588744 ], [ 117.413400895557942, 1.818549461171559 ], [ 117.412682243330636, 1.818549461171559 ] ] ] } },
{ "type": "Feature", "properties": { "count": 2, "label": 1, "cluster_id": 314 }, "geometry": { "type": "Polygon", "coordinates": [ [ [ 117.413041569444289, 1.819627439512503 ], [ 117.413400895557942, 1.819627439512503 ], [ 117.413400895557942, 1.819807102569327 ], [ 117.413041569444289, 1.819807102569327 ], [ 117.413041569444289, 1.819627439512503 ] ] ] } },
{ "type": "Feature", "properties": { "count": 1, "label": 1, "cluster_id": 314 }, "geometry": { "type": "Polygon", "coordinates": [ [ [ 117.413221232501115, 1.820346091739798 ], [ 117.413400895557942, 1.820346091739798 ], [ 117.413400895557942, 1.820525754796622 ], [ 117.413221232501115, 1.820525754796622 ], [ 117.413221232501115, 1.820346091739798 ] ] ] } },
{ "type": "Feature", "properties": { "count": 3, "label": 1, "cluster_id": 314 }, "geometry": { "type": "Polygon", "coordinates": [ [ [ 117.413221232501115, 1.833820821001591 ], [ 117.413221232501115, 1.833641157944767 ], [ 117.413400895557942, 1.833641157944767 ], [ 117.413400895557942, 1.833461494887943 ], [ 117.413580558614754, 1.833461494887943 ], [ 117.413580558614754, 1.833820821001591 ], [ 117.413221232501115, 1.833820821001591 ] ] ] } },
{ "type": "Feature", "properties": { "count": 1, "label": 1, "cluster_id": 314 }, "geometry": { "type": "Polygon", "coordinates": [ [ [ 117.413760221671581, 1.821603733137566 ], [ 117.413939884728407, 1.821603733137566 ], [ 117.413939884728407, 1.82178339619439 ], [ 117.413760221671581, 1.82178339619439 ], [ 117.413760221671581, 1.821603733137566 ] ] ] } },
{ "type": "Feature", "properties": { "count": 8, "label": 1, "cluster_id": 314 }, "geometry": { "type": "Polygon", "coordinates": [ [ [ 117.413580558614754, 1.866519497343542 ], [ 117.413580558614754, 1.866339834286718 ], [ 117.413400895557942, 1.866339834286718 ], [ 117.413400895557942, 1.86598050817307 ], [ 117.413939884728407, 1.86598050817307 ], [ 117.413939884728407, 1.866519497343542 ], [ 117.413580558614754, 1.866519497343542 ] ] ] } },
{ "type": "Feature", "properties": { "count": 1, "label": 1, "cluster_id": 314 }, "geometry": { "type": "Polygon", "coordinates": [ [ [ 117.414478873898872, 1.831664864319704 ], [ 117.414658536955699, 1.831664864319704 ], [ 117.414658536955699, 1.831844527376528 ], [ 117.414478873898872, 1.831844527376528 ], [ 117.414478873898872, 1.831664864319704 ] ] ] } },
{ "type": "Feature", "properties": { "count": 5, "label": 1, "cluster_id": 314 }, "geometry": { "type": "Polygon", "coordinates": [ [ [ 117.41429921084206, 1.833102168774295 ], [ 117.41429921084206, 1.832742842660648 ], [ 117.414478873898872, 1.832742842660648 ], [ 117.414478873898872, 1.832563179603824 ], [ 117.414658536955699, 1.832563179603824 ], [ 117.414658536955699, 1.833102168774295 ], [ 117.41429921084206, 1.833102168774295 ] ] ] } },
{ "type": "Feature", "properties": { "count": 3, "label": 1, "cluster_id": 314 }, "geometry": { "type": "Polygon", "coordinates": [ [ [ 117.414478873898872, 1.860410953411529 ], [ 117.414478873898872, 1.860231290354705 ], [ 117.41429921084206, 1.860231290354705 ], [ 117.41429921084206, 1.860051627297881 ], [ 117.414658536955699, 1.860051627297881 ], [ 117.414658536955699, 1.860410953411529 ], [ 117.414478873898872, 1.860410953411529 ] ] ] } },
{ "type": "Feature", "properties": { "count": 1, "label": 1, "cluster_id": 314 }, "geometry": { "type": "Polygon", "coordinates": [ [ [ 117.414838200012525, 1.832203853490176 ], [ 117.415017863069352, 1.832203853490176 ], [ 117.415017863069352, 1.832383516547 ], [ 117.414838200012525, 1.832383516547 ], [ 117.414838200012525, 1.832203853490176 ] ] ] } },
{ "type": "Feature", "properties": { "count": 53, "label": 1, "cluster_id": 314 }, "geometry": { "type": "Polygon", "coordinates": [ [ [ 117.414478873898872, 1.858254996729642 ], [ 117.414478873898872, 1.858075333672818 ], [ 117.41429921084206, 1.858075333672818 ], [ 117.41429921084206, 1.857895670615994 ], [ 117.414838200012525, 1.857895670615994 ], [ 117.414838200012525, 1.857536344502347 ], [ 117.415017863069352, 1.857536344502347 ], [ 117.415017863069352, 1.857356681445523 ], [ 117.415197526126178, 1.857356681445523 ], [ 117.415197526126178, 1.857177018388699 ], [ 117.415377189183005, 1.857177018388699 ], [ 117.415377189183005, 1.856817692275051 ], [ 117.415556852239817, 1.856817692275051 ], [ 117.415556852239817, 1.856458366161403 ], [ 117.415736515296643, 1.856458366161403 ], [ 117.415736515296643, 1.855739713934107 ], [ 117.416095841410296, 1.855739713934107 ], [ 117.416095841410296, 1.855560050877284 ], [ 117.416634830580762, 1.855560050877284 ], [ 117.416634830580762, 1.856278703104579 ], [ 117.416455167523935, 1.856278703104579 ], [ 117.416455167523935, 1.856458366161403 ], [ 117.416095841410296, 1.856458366161403 ], [ 117.416095841410296, 1.856638029218227 ], [ 117.41591617835347, 1.856638029218227 ], [ 117.41591617835347, 1.856817692275051 ], [ 117.415736515296643, 1.856817692275051 ], [ 117.415736515296643, 1.856997355331875 ], [ 117.41591617835347, 1.856997355331875 ], [ 117.41591617835347, 1.857356681445523 ], [ 117.415736515296643, 1.857356681445523 ], [ 117.415736515296643, 1.857536344502347 ], [ 117.415197526126178, 1.857536344502347 ], [ 117.415197526126178, 1.858254996729642 ], [ 117.414478873898872, 1.858254996729642 ] ] ] } },
{ "type": "Feature", "properties": { "count": 14, "label": 1, "cluster_id": 314 }, "geometry": { "type": "Polygon", "coordinates": [ [ [ 117.415197526126178, 1.832203853490176 ], [ 117.415197526126178, 1.832024190433352 ], [ 117.415017863069352, 1.832024190433352 ], [ 117.415017863069352, 1.831844527376528 ], [ 117.414838200012525, 1.831844527376528 ], [ 117.414838200012525, 1.831664864319704 ], [ 117.414658536955699, 1.831664864319704 ], [ 117.414658536955699, 1.83148520126288 ], [ 117.414478873898872, 1.83148520126288 ], [ 117.414478873898872, 1.831305538206057 ], [ 117.415017863069352, 1.831305538206057 ], [ 117.415017863069352, 1.83148520126288 ], [ 117.415197526126178, 1.83148520126288 ], [ 117.415197526126178, 1.831664864319704 ], [ 117.415556852239817, 1.831664864319704 ], [ 117.415556852239817, 1.832024190433352 ], [ 117.415377189183005, 1.832024190433352 ], [ 117.415377189183005, 1.832203853490176 ], [ 117.415197526126178, 1.832203853490176 ] ] ] } },
{ "type": "Feature", "properties": { "count": 4, "label": 1, "cluster_id": 314 }, "geometry": { "type": "Polygon", "coordinates": [ [ [ 117.415736515296643, 1.866339834286718 ], [ 117.416095841410296, 1.866339834286718 ], [ 117.416095841410296, 1.866699160400366 ], [ 117.415736515296643, 1.866699160400366 ], [ 117.415736515296643, 1.866339834286718 ] ] ] } },
{ "type": "Feature", "properties": { "count": 1, "label": 1, "cluster_id": 314 }, "geometry": { "type": "Polygon", "coordinates": [ [ [ 117.416095841410296, 1.822681711478509 ], [ 117.416275504467123, 1.822681711478509 ], [ 117.416275504467123, 1.822861374535333 ], [ 117.416095841410296, 1.822861374535333 ], [ 117.416095841410296, 1.822681711478509 ] ] ] } },
{ "type": "Feature", "properties": { "count": 5, "label": 1, "cluster_id": 314 }, "geometry": { "type": "Polygon", "coordinates": [ [ [ 117.41591617835347, 1.863105899263888 ], [ 117.41591617835347, 1.862926236207064 ], [ 117.415736515296643, 1.862926236207064 ], [ 117.415736515296643, 1.86274657315024 ], [ 117.416275504467123, 1.86274657315024 ], [ 117.416275504467123, 1.863105899263888 ], [ 117.41591617835347, 1.863105899263888 ] ] ] } },
{ "type": "Feature", "properties": { "count": 6, "label": 1, "cluster_id": 314 }, "geometry": { "type": "Polygon", "coordinates": [ [ [ 117.416994156694415, 1.852505778911277 ], [ 117.41753314586488, 1.852505778911277 ], [ 117.41753314586488, 1.852865105024925 ], [ 117.416994156694415, 1.852865105024925 ], [ 117.416994156694415, 1.852505778911277 ] ] ] } },
{ "type": "Feature", "properties": { "count": 1, "label": 1, "cluster_id": 314 }, "geometry": { "type": "Polygon", "coordinates": [ [ [ 117.41753314586488, 1.853763420309045 ], [ 117.417712808921706, 1.853763420309045 ], [ 117.417712808921706, 1.853943083365868 ], [ 117.41753314586488, 1.853943083365868 ], [ 117.41753314586488, 1.853763420309045 ] ] ] } },
{ "type": "Feature", "properties": { "count": 1, "label": 1, "cluster_id": 314 }, "geometry": { "type": "Polygon", "coordinates": [ [ [ 117.418072135035359, 1.841725995501843 ], [ 117.418251798092186, 1.841725995501843 ], [ 117.418251798092186, 1.841905658558667 ], [ 117.418072135035359, 1.841905658558667 ], [ 117.418072135035359, 1.841725995501843 ] ] ] } },
{ "type": "Feature", "properties": { "count": 1, "label": 1, "cluster_id": 314 }, "geometry": { "type": "Polygon", "coordinates": [ [ [ 117.418251798092186, 1.838132734365365 ], [ 117.418431461149012, 1.838132734365365 ], [ 117.418431461149012, 1.838312397422189 ], [ 117.418251798092186, 1.838312397422189 ], [ 117.418251798092186, 1.838132734365365 ] ] ] } },
{ "type": "Feature", "properties": { "count": 4, "label": 1, "cluster_id": 314 }, "geometry": { "type": "Polygon", "coordinates": [ [ [ 117.418251798092186, 1.880892541889454 ], [ 117.418611124205825, 1.880892541889454 ], [ 117.418611124205825, 1.881251868003102 ], [ 117.418251798092186, 1.881251868003102 ], [ 117.418251798092186, 1.880892541889454 ] ] ] } },
{ "type": "Feature", "properties": { "count": 1, "label": 1, "cluster_id": 314 }, "geometry": { "type": "Polygon", "coordinates": [ [ [ 117.418611124205825, 1.881251868003102 ], [ 117.418790787262651, 1.881251868003102 ], [ 117.418790787262651, 1.881431531059926 ], [ 117.418611124205825, 1.881431531059926 ], [ 117.418611124205825, 1.881251868003102 ] ] ] } },
{ "type": "Feature", "properties": { "count": 119, "label": 1, "cluster_id": 314 }, "geometry": { "type": "Polygon", "coordinates": [ [ [ 117.418611124205825, 1.866519497343542 ], [ 117.418611124205825, 1.866339834286718 ], [ 117.418072135035359, 1.866339834286718 ], [ 117.418072135035359, 1.866160171229894 ], [ 117.417892471978533, 1.866160171229894 ], [ 117.417892471978533, 1.86598050817307 ], [ 117.417712808921706, 1.86598050817307 ], [ 117.417712808921706, 1.865800845116246 ], [ 117.41753314586488, 1.865800845116246 ], [ 117.41753314586488, 1.865261855945774 ], [ 117.417892471978533, 1.865261855945774 ], [ 117.417892471978533, 1.865621182059422 ], [ 117.418431461149012, 1.865621182059422 ], [ 117.418431461149012, 1.86598050817307 ], [ 117.418611124205825, 1.86598050817307 ], [ 117.418611124205825, 1.865800845116246 ], [ 117.418790787262651, 1.865800845116246 ], [ 117.418790787262651, 1.865621182059422 ], [ 117.418970450319478, 1.865621182059422 ], [ 117.418970450319478, 1.865441519002598 ], [ 117.419150113376304, 1.865441519002598 ], [ 117.419150113376304, 1.864722866775303 ], [ 117.418970450319478, 1.864722866775303 ], [ 117.418970450319478, 1.864363540661655 ], [ 117.418790787262651, 1.864363540661655 ], [ 117.418790787262651, 1.864004214548007 ], [ 117.418611124205825, 1.864004214548007 ], [ 117.418611124205825, 1.863644888434359 ], [ 117.418431461149012, 1.863644888434359 ], [ 117.418431461149012, 1.863285562320711 ], [ 117.418251798092186, 1.863285562320711 ], [ 117.418251798092186, 1.863105899263888 ], [ 117.418431461149012, 1.863105899263888 ], [ 117.418431461149012, 1.862926236207064 ], [ 117.418611124205825, 1.862926236207064 ], [ 117.418611124205825, 1.863105899263888 ], [ 117.418790787262651, 1.863105899263888 ], [ 117.418790787262651, 1.863285562320711 ], [ 117.419329776433131, 1.863285562320711 ], [ 117.419329776433131, 1.863465225377535 ], [ 117.419509439489943, 1.863465225377535 ], [ 117.419509439489943, 1.864183877604831 ], [ 117.419329776433131, 1.864183877604831 ], [ 117.419329776433131, 1.864543203718479 ], [ 117.419689102546769, 1.864543203718479 ], [ 117.419689102546769, 1.864363540661655 ], [ 117.419868765603596, 1.864363540661655 ], [ 117.419868765603596, 1.864902529832127 ], [ 117.420048428660422, 1.864902529832127 ], [ 117.420048428660422, 1.86508219288895 ], [ 117.420228091717249, 1.86508219288895 ], [ 117.420228091717249, 1.865441519002598 ], [ 117.420407754774075, 1.865441519002598 ], [ 117.420407754774075, 1.865800845116246 ], [ 117.420228091717249, 1.865800845116246 ], [ 117.420228091717249, 1.86598050817307 ], [ 117.420048428660422, 1.86598050817307 ], [ 117.420048428660422, 1.865800845116246 ], [ 117.419868765603596, 1.865800845116246 ], [ 117.419868765603596, 1.866160171229894 ], [ 117.419509439489943, 1.866160171229894 ], [ 117.419509439489943, 1.866339834286718 ], [ 117.419329776433131, 1.866339834286718 ], [ 117.419329776433131, 1.866160171229894 ], [ 117.419150113376304, 1.866160171229894 ], [ 117.419150113376304, 1.866339834286718 ], [ 117.418970450319478, 1.866339834286718 ], [ 117.418970450319478, 1.866519497343542 ], [ 117.418611124205825, 1.866519497343542 ] ] ] } },
{ "type": "Feature", "properties": { "count": 2, "label": 1, "cluster_id": 314 }, "geometry": { "type": "Polygon", "coordinates": [ [ [ 117.418970450319478, 1.872089052105083 ], [ 117.419329776433131, 1.872089052105083 ], [ 117.419329776433131, 1.872268715161907 ], [ 117.418970450319478, 1.872268715161907 ], [ 117.418970450319478, 1.872089052105083 ] ] ] } },
{ "type": "Feature", "properties": { "count": 5, "label": 1, "cluster_id": 314 }, "geometry": { "type": "Polygon", "coordinates": [ [ [ 117.418790787262651, 1.888438390276058 ], [ 117.418790787262651, 1.888258727219234 ], [ 117.418970450319478, 1.888258727219234 ], [ 117.418970450319478, 1.88807906416241 ], [ 117.419329776433131, 1.88807906416241 ], [ 117.419329776433131, 1.888438390276058 ], [ 117.418790787262651, 1.888438390276058 ] ] ] } },
{ "type": "Feature", "properties": { "count": 1, "label": 1, "cluster_id": 314 }, "geometry": { "type": "Polygon", "coordinates": [ [ [ 117.419509439489943, 1.822142722308037 ], [ 117.419689102546769, 1.822142722308037 ], [ 117.419689102546769, 1.822322385364861 ], [ 117.419509439489943, 1.822322385364861 ], [ 117.419509439489943, 1.822142722308037 ] ] ] } },
{ "type": "Feature", "properties": { "count": 4, "label": 1, "cluster_id": 314 }, "geometry": { "type": "Polygon", "coordinates": [ [ [ 117.419150113376304, 1.849451506945271 ], [ 117.419150113376304, 1.849271843888447 ], [ 117.419329776433131, 1.849271843888447 ], [ 117.419329776433131, 1.849092180831623 ], [ 117.419509439489943, 1.849092180831623 ], [ 117.419509439489943, 1.849271843888447 ], [ 117.419689102546769, 1.849271843888447 ], [ 117.419689102546769, 1.849451506945271 ], [ 117.419150113376304, 1.849451506945271 ] ] ] } },
{ "type": "Feature", "properties": { "count": 20, "label": 1, "cluster_id": 314 }, "geometry": { "type": "Polygon", "coordinates": [ [ [ 117.419689102546769, 1.86274657315024 ], [ 117.419689102546769, 1.862566910093416 ], [ 117.419509439489943, 1.862566910093416 ], [ 117.419509439489943, 1.862027920922944 ], [ 117.419689102546769, 1.862027920922944 ], [ 117.419689102546769, 1.86184825786612 ], [ 117.419329776433131, 1.86184825786612 ], [ 117.419329776433131, 1.861668594809296 ], [ 117.419509439489943, 1.861668594809296 ], [ 117.419509439489943, 1.861488931752472 ], [ 117.420048428660422, 1.861488931752472 ], [ 117.420048428660422, 1.861668594809296 ], [ 117.420228091717249, 1.861668594809296 ], [ 117.420228091717249, 1.862027920922944 ], [ 117.420048428660422, 1.862027920922944 ], [ 117.420048428660422, 1.862387247036592 ], [ 117.419868765603596, 1.862387247036592 ], [ 117.419868765603596, 1.86274657315024 ], [ 117.419689102546769, 1.86274657315024 ] ] ] } },
{ "type": "Feature", "properties": { "count": 1, "label": 1, "cluster_id": 314 }, "geometry": { "type": "Polygon", "coordinates": [ [ [ 117.420048428660422, 1.822681711478509 ], [ 117.420228091717249, 1.822681711478509 ], [ 117.420228091717249, 1.822861374535333 ], [ 117.420048428660422, 1.822861374535333 ], [ 117.420048428660422, 1.822681711478509 ] ] ] } },
{ "type": "Feature", "properties": { "count": 1, "label": 1, "cluster_id": 314 }, "geometry": { "type": "Polygon", "coordinates": [ [ [ 117.420228091717249, 1.822861374535333 ], [ 117.420407754774075, 1.822861374535333 ], [ 117.420407754774075, 1.823041037592157 ], [ 117.420228091717249, 1.823041037592157 ], [ 117.420228091717249, 1.822861374535333 ] ] ] } },
{ "type": "Feature", "properties": { "count": 18, "label": 1, "cluster_id": 314 }, "geometry": { "type": "Polygon", "coordinates": [ [ [ 117.420228091717249, 1.855021061706812 ], [ 117.420228091717249, 1.854841398649988 ], [ 117.420048428660422, 1.854841398649988 ], [ 117.420048428660422, 1.85448207253634 ], [ 117.420228091717249, 1.85448207253634 ], [ 117.420228091717249, 1.854302409479516 ], [ 117.420587417830887, 1.854302409479516 ], [ 117.420587417830887, 1.854122746422692 ], [ 117.420767080887714, 1.854122746422692 ], [ 117.420767080887714, 1.853763420309045 ], [ 117.42094674394454, 1.853763420309045 ], [ 117.42094674394454, 1.853583757252221 ], [ 117.421126407001367, 1.853583757252221 ], [ 117.421126407001367, 1.853943083365868 ], [ 117.42094674394454, 1.853943083365868 ], [ 117.42094674394454, 1.854302409479516 ], [ 117.420767080887714, 1.854302409479516 ], [ 117.420767080887714, 1.854841398649988 ], [ 117.420407754774075, 1.854841398649988 ], [ 117.420407754774075, 1.855021061706812 ], [ 117.420228091717249, 1.855021061706812 ] ] ] } },
{ "type": "Feature", "properties": { "count": 3, "label": 1, "cluster_id": 314 }, "geometry": { "type": "Polygon", "coordinates": [ [ [ 117.420048428660422, 1.861488931752472 ], [ 117.420048428660422, 1.861309268695649 ], [ 117.420228091717249, 1.861309268695649 ], [ 117.420228091717249, 1.861129605638825 ], [ 117.420407754774075, 1.861129605638825 ], [ 117.420407754774075, 1.861488931752472 ], [ 117.420048428660422, 1.861488931752472 ] ] ] } },
{ "type": "Feature", "properties": { "count": 15, "label": 1, "cluster_id": 314 }, "geometry": { "type": "Polygon", "coordinates": [ [ [ 117.420048428660422, 1.872628041275554 ], [ 117.420048428660422, 1.872448378218731 ], [ 117.419329776433131, 1.872448378218731 ], [ 117.419329776433131, 1.872268715161907 ], [ 117.419689102546769, 1.872268715161907 ], [ 117.419689102546769, 1.872089052105083 ], [ 117.419868765603596, 1.872089052105083 ], [ 117.419868765603596, 1.871909389048259 ], [ 117.420048428660422, 1.871909389048259 ], [ 117.420048428660422, 1.872089052105083 ], [ 117.420407754774075, 1.872089052105083 ], [ 117.420407754774075, 1.872268715161907 ], [ 117.420587417830887, 1.872268715161907 ], [ 117.420587417830887, 1.872628041275554 ], [ 117.420048428660422, 1.872628041275554 ] ] ] } },
{ "type": "Feature", "properties": { "count": 1, "label": 1, "cluster_id": 314 }, "geometry": { "type": "Polygon", "coordinates": [ [ [ 117.420587417830887, 1.864183877604831 ], [ 117.420767080887714, 1.864183877604831 ], [ 117.420767080887714, 1.864363540661655 ], [ 117.420587417830887, 1.864363540661655 ], [ 117.420587417830887, 1.864183877604831 ] ] ] } },
{ "type": "Feature", "properties": { "count": 2, "label": 1, "cluster_id": 314 }, "geometry": { "type": "Polygon", "coordinates": [ [ [ 117.420767080887714, 1.823220700648981 ], [ 117.42094674394454, 1.823220700648981 ], [ 117.42094674394454, 1.823580026762629 ], [ 117.420767080887714, 1.823580026762629 ], [ 117.420767080887714, 1.823220700648981 ] ] ] } },
{ "type": "Feature", "properties": { "count": 7, "label": 1, "cluster_id": 314 }, "geometry": { "type": "Polygon", "coordinates": [ [ [ 117.420767080887714, 1.861309268695649 ], [ 117.420767080887714, 1.860770279525177 ], [ 117.421306070058193, 1.860770279525177 ], [ 117.421306070058193, 1.861129605638825 ], [ 117.42094674394454, 1.861129605638825 ], [ 117.42094674394454, 1.861309268695649 ], [ 117.420767080887714, 1.861309268695649 ] ] ] } },
{ "type": "Feature", "properties": { "count": 4, "label": 1, "cluster_id": 314 }, "geometry": { "type": "Polygon", "coordinates": [ [ [ 117.42094674394454, 1.851966789740805 ], [ 117.421126407001367, 1.851966789740805 ], [ 117.421126407001367, 1.852685441968101 ], [ 117.42094674394454, 1.852685441968101 ], [ 117.42094674394454, 1.851966789740805 ] ] ] } },
{ "type": "Feature", "properties": { "count": 1, "label": 1, "cluster_id": 314 }, "geometry": { "type": "Polygon", "coordinates": [ [ [ 117.421306070058193, 1.854122746422692 ], [ 117.421485733115006, 1.854122746422692 ], [ 117.421485733115006, 1.854302409479516 ], [ 117.421306070058193, 1.854302409479516 ], [ 117.421306070058193, 1.854122746422692 ] ] ] } },
{ "type": "Feature", "properties": { "count": 1, "label": 1, "cluster_id": 314 }, "geometry": { "type": "Polygon", "coordinates": [ [ [ 117.421665396171832, 1.875861976298385 ], [ 117.421845059228659, 1.875861976298385 ], [ 117.421845059228659, 1.876041639355209 ], [ 117.421665396171832, 1.876041639355209 ], [ 117.421665396171832, 1.875861976298385 ] ] ] } },
{ "type": "Feature", "properties": { "count": 2, "label": 1, "cluster_id": 314 }, "geometry": { "type": "Polygon", "coordinates": [ [ [ 117.421845059228659, 1.840648017160899 ], [ 117.422024722285485, 1.840648017160899 ], [ 117.422024722285485, 1.841007343274547 ], [ 117.421845059228659, 1.841007343274547 ], [ 117.421845059228659, 1.840648017160899 ] ] ] } },
{ "type": "Feature", "properties": { "count": 8, "label": 1, "cluster_id": 314 }, "geometry": { "type": "Polygon", "coordinates": [ [ [ 117.421845059228659, 1.856278703104579 ], [ 117.421845059228659, 1.855919376990931 ], [ 117.421665396171832, 1.855919376990931 ], [ 117.421665396171832, 1.855560050877284 ], [ 117.422024722285485, 1.855560050877284 ], [ 117.422024722285485, 1.855739713934107 ], [ 117.422204385342312, 1.855739713934107 ], [ 117.422204385342312, 1.856099040047755 ], [ 117.422024722285485, 1.856099040047755 ], [ 117.422024722285485, 1.856278703104579 ], [ 117.421845059228659, 1.856278703104579 ] ] ] } },
{ "type": "Feature", "properties": { "count": 2, "label": 1, "cluster_id": 314 }, "geometry": { "type": "Polygon", "coordinates": [ [ [ 117.421845059228659, 1.878197596037096 ], [ 117.422024722285485, 1.878197596037096 ], [ 117.422024722285485, 1.878556922150743 ], [ 117.421845059228659, 1.878556922150743 ], [ 117.421845059228659, 1.878197596037096 ] ] ] } },
{ "type": "Feature", "properties": { "count": 2, "label": 1, "cluster_id": 314 }, "geometry": { "type": "Polygon", "coordinates": [ [ [ 117.422204385342312, 1.858973648956938 ], [ 117.422384048399138, 1.858973648956938 ], [ 117.422384048399138, 1.859332975070586 ], [ 117.422204385342312, 1.859332975070586 ], [ 117.422204385342312, 1.858973648956938 ] ] ] } },
{ "type": "Feature", "properties": { "count": 24, "label": 1, "cluster_id": 314 }, "geometry": { "type": "Polygon", "coordinates": [ [ [ 117.421845059228659, 1.858434659786466 ], [ 117.421845059228659, 1.858254996729642 ], [ 117.421665396171832, 1.858254996729642 ], [ 117.421665396171832, 1.857895670615994 ], [ 117.421845059228659, 1.857895670615994 ], [ 117.421845059228659, 1.857536344502347 ], [ 117.422024722285485, 1.857536344502347 ], [ 117.422024722285485, 1.857356681445523 ], [ 117.421845059228659, 1.857356681445523 ], [ 117.421845059228659, 1.856817692275051 ], [ 117.422024722285485, 1.856817692275051 ], [ 117.422024722285485, 1.856997355331875 ], [ 117.422204385342312, 1.856997355331875 ], [ 117.422204385342312, 1.85771600755917 ], [ 117.422384048399138, 1.85771600755917 ], [ 117.422384048399138, 1.858075333672818 ], [ 117.42256371145595, 1.858075333672818 ], [ 117.42256371145595, 1.858434659786466 ], [ 117.421845059228659, 1.858434659786466 ] ] ] } },
{ "type": "Feature", "properties": { "count": 51, "label": 1, "cluster_id": 314 }, "geometry": { "type": "Polygon", "coordinates": [ [ [ 117.421845059228659, 1.861668594809296 ], [ 117.421845059228659, 1.860590616468353 ], [ 117.421665396171832, 1.860590616468353 ], [ 117.421665396171832, 1.860231290354705 ], [ 117.422024722285485, 1.860231290354705 ], [ 117.422024722285485, 1.860051627297881 ], [ 117.422204385342312, 1.860051627297881 ], [ 117.422204385342312, 1.859692301184233 ], [ 117.422384048399138, 1.859692301184233 ], [ 117.422384048399138, 1.859332975070586 ], [ 117.422743374512777, 1.859332975070586 ], [ 117.422743374512777, 1.859512638127409 ], [ 117.42310270062643, 1.859512638127409 ], [ 117.42310270062643, 1.859871964241057 ], [ 117.422384048399138, 1.859871964241057 ], [ 117.422384048399138, 1.860770279525177 ], [ 117.422743374512777, 1.860770279525177 ], [ 117.422743374512777, 1.860949942582001 ], [ 117.422923037569603, 1.860949942582001 ], [ 117.422923037569603, 1.861488931752472 ], [ 117.422743374512777, 1.861488931752472 ], [ 117.422743374512777, 1.861309268695649 ], [ 117.42256371145595, 1.861309268695649 ], [ 117.42256371145595, 1.861668594809296 ], [ 117.421845059228659, 1.861668594809296 ] ] ] } },
{ "type": "Feature", "properties": { "count": 1, "label": 1, "cluster_id": 314 }, "geometry": { "type": "Polygon", "coordinates": [ [ [ 117.42256371145595, 1.861668594809296 ], [ 117.422743374512777, 1.861668594809296 ], [ 117.422743374512777, 1.86184825786612 ], [ 117.42256371145595, 1.86184825786612 ], [ 117.42256371145595, 1.861668594809296 ] ] ] } },
{ "type": "Feature", "properties": { "count": 5, "label": 1, "cluster_id": 314 }, "geometry": { "type": "Polygon", "coordinates": [ [ [ 117.422384048399138, 1.873706019616498 ], [ 117.422384048399138, 1.87334669350285 ], [ 117.422743374512777, 1.87334669350285 ], [ 117.422743374512777, 1.873526356559674 ], [ 117.422923037569603, 1.873526356559674 ], [ 117.422923037569603, 1.873706019616498 ], [ 117.422384048399138, 1.873706019616498 ] ] ] } },
{ "type": "Feature", "properties": { "count": 6, "label": 1, "cluster_id": 314 }, "geometry": { "type": "Polygon", "coordinates": [ [ [ 117.422923037569603, 1.858793985900114 ], [ 117.422923037569603, 1.85861432284329 ], [ 117.422743374512777, 1.85861432284329 ], [ 117.422743374512777, 1.858434659786466 ], [ 117.423462026740069, 1.858434659786466 ], [ 117.423462026740069, 1.85861432284329 ], [ 117.423282363683256, 1.85861432284329 ], [ 117.423282363683256, 1.858793985900114 ], [ 117.422923037569603, 1.858793985900114 ] ] ] } },
{ "type": "Feature", "properties": { "count": 1, "label": 1, "cluster_id": 314 }, "geometry": { "type": "Polygon", "coordinates": [ [ [ 117.423282363683256, 1.827891940126402 ], [ 117.423462026740069, 1.827891940126402 ], [ 117.423462026740069, 1.828071603183226 ], [ 117.423282363683256, 1.828071603183226 ], [ 117.423282363683256, 1.827891940126402 ] ] ] } },
{ "type": "Feature", "properties": { "count": 4, "label": 1, "cluster_id": 314 }, "geometry": { "type": "Polygon", "coordinates": [ [ [ 117.423282363683256, 1.830946212092409 ], [ 117.423282363683256, 1.830407222921937 ], [ 117.423641689796895, 1.830407222921937 ], [ 117.423641689796895, 1.830586885978761 ], [ 117.423462026740069, 1.830586885978761 ], [ 117.423462026740069, 1.830946212092409 ], [ 117.423282363683256, 1.830946212092409 ] ] ] } },
{ "type": "Feature", "properties": { "count": 11, "label": 1, "cluster_id": 314 }, "geometry": { "type": "Polygon", "coordinates": [ [ [ 117.423462026740069, 1.815674852262377 ], [ 117.423462026740069, 1.815495189205553 ], [ 117.423282363683256, 1.815495189205553 ], [ 117.423282363683256, 1.815315526148729 ], [ 117.423462026740069, 1.815315526148729 ], [ 117.423462026740069, 1.815135863091905 ], [ 117.423641689796895, 1.815135863091905 ], [ 117.423641689796895, 1.814956200035081 ], [ 117.424001015910548, 1.814956200035081 ], [ 117.424001015910548, 1.815495189205553 ], [ 117.423821352853722, 1.815495189205553 ], [ 117.423821352853722, 1.815674852262377 ], [ 117.423462026740069, 1.815674852262377 ] ] ] } },
{ "type": "Feature", "properties": { "count": 1, "label": 1, "cluster_id": 314 }, "geometry": { "type": "Polygon", "coordinates": [ [ [ 117.423641689796895, 1.828071603183226 ], [ 117.423821352853722, 1.828071603183226 ], [ 117.423821352853722, 1.82825126624005 ], [ 117.423641689796895, 1.82825126624005 ], [ 117.423641689796895, 1.828071603183226 ] ] ] } },
{ "type": "Feature", "properties": { "count": 4, "label": 1, "cluster_id": 314 }, "geometry": { "type": "Polygon", "coordinates": [ [ [ 117.423462026740069, 1.831844527376528 ], [ 117.423821352853722, 1.831844527376528 ], [ 117.423821352853722, 1.832203853490176 ], [ 117.423462026740069, 1.832203853490176 ], [ 117.423462026740069, 1.831844527376528 ] ] ] } },
{ "type": "Feature", "properties": { "count": 1, "label": 1, "cluster_id": 314 }, "geometry": { "type": "Polygon", "coordinates": [ [ [ 117.424180678967375, 1.83148520126288 ], [ 117.424360342024201, 1.83148520126288 ], [ 117.424360342024201, 1.831664864319704 ], [ 117.424180678967375, 1.831664864319704 ], [ 117.424180678967375, 1.83148520126288 ] ] ] } },
{ "type": "Feature", "properties": { "count": 1, "label": 1, "cluster_id": 314 }, "geometry": { "type": "Polygon", "coordinates": [ [ [ 117.424180678967375, 1.835797114626654 ], [ 117.424360342024201, 1.835797114626654 ], [ 117.424360342024201, 1.835976777683478 ], [ 117.424180678967375, 1.835976777683478 ], [ 117.424180678967375, 1.835797114626654 ] ] ] } },
{ "type": "Feature", "properties": { "count": 3, "label": 1, "cluster_id": 314 }, "geometry": { "type": "Polygon", "coordinates": [ [ [ 117.424180678967375, 1.842264984672315 ], [ 117.424180678967375, 1.842085321615491 ], [ 117.424001015910548, 1.842085321615491 ], [ 117.424001015910548, 1.841905658558667 ], [ 117.424360342024201, 1.841905658558667 ], [ 117.424360342024201, 1.842264984672315 ], [ 117.424180678967375, 1.842264984672315 ] ] ] } },
{ "type": "Feature", "properties": { "count": 73, "label": 1, "cluster_id": 314 }, "geometry": { "type": "Polygon", "coordinates": [ [ [ 117.424180678967375, 1.878017932980272 ], [ 117.424180678967375, 1.877838269923448 ], [ 117.424001015910548, 1.877838269923448 ], [ 117.424001015910548, 1.8774789438098 ], [ 117.423821352853722, 1.8774789438098 ], [ 117.423821352853722, 1.877299280752976 ], [ 117.423641689796895, 1.877299280752976 ], [ 117.423641689796895, 1.877119617696152 ], [ 117.423282363683256, 1.877119617696152 ], [ 117.423282363683256, 1.87658062852568 ], [ 117.423462026740069, 1.87658062852568 ], [ 117.423462026740069, 1.876400965468856 ], [ 117.423641689796895, 1.876400965468856 ], [ 117.423641689796895, 1.876221302412033 ], [ 117.424180678967375, 1.876221302412033 ], [ 117.424180678967375, 1.876400965468856 ], [ 117.424360342024201, 1.876400965468856 ], [ 117.424360342024201, 1.876041639355209 ], [ 117.425078994251493, 1.876041639355209 ], [ 117.425078994251493, 1.876221302412033 ], [ 117.425258657308319, 1.876221302412033 ], [ 117.425258657308319, 1.876400965468856 ], [ 117.425438320365132, 1.876400965468856 ], [ 117.425438320365132, 1.87658062852568 ], [ 117.425258657308319, 1.87658062852568 ], [ 117.425258657308319, 1.876939954639328 ], [ 117.425078994251493, 1.876939954639328 ], [ 117.425078994251493, 1.877119617696152 ], [ 117.424899331194666, 1.877119617696152 ], [ 117.424899331194666, 1.877299280752976 ], [ 117.42471966813784, 1.877299280752976 ], [ 117.42471966813784, 1.8774789438098 ], [ 117.424540005081013, 1.8774789438098 ], [ 117.424540005081013, 1.877658606866624 ], [ 117.424360342024201, 1.877658606866624 ], [ 117.424360342024201, 1.878017932980272 ], [ 117.424180678967375, 1.878017932980272 ] ] ] } },
{ "type": "Feature", "properties": { "count": 1, "label": 1, "cluster_id": 314 }, "geometry": { "type": "Polygon", "coordinates": [ [ [ 117.424360342024201, 1.830586885978761 ], [ 117.424540005081013, 1.830586885978761 ], [ 117.424540005081013, 1.830766549035585 ], [ 117.424360342024201, 1.830766549035585 ], [ 117.424360342024201, 1.830586885978761 ] ] ] } },
{ "type": "Feature", "properties": { "count": 3, "label": 1, "cluster_id": 314 }, "geometry": { "type": "Polygon", "coordinates": [ [ [ 117.424360342024201, 1.833820821001591 ], [ 117.424360342024201, 1.833641157944767 ], [ 117.424180678967375, 1.833641157944767 ], [ 117.424180678967375, 1.833461494887943 ], [ 117.424540005081013, 1.833461494887943 ], [ 117.424540005081013, 1.833820821001591 ], [ 117.424360342024201, 1.833820821001591 ] ] ] } },
{ "type": "Feature", "properties": { "count": 1, "label": 1, "cluster_id": 314 }, "geometry": { "type": "Polygon", "coordinates": [ [ [ 117.424540005081013, 1.830047896808289 ], [ 117.42471966813784, 1.830047896808289 ], [ 117.42471966813784, 1.830227559865113 ], [ 117.424540005081013, 1.830227559865113 ], [ 117.424540005081013, 1.830047896808289 ] ] ] } },
{ "type": "Feature", "properties": { "count": 1, "label": 1, "cluster_id": 314 }, "geometry": { "type": "Polygon", "coordinates": [ [ [ 117.42471966813784, 1.832922505717472 ], [ 117.424899331194666, 1.832922505717472 ], [ 117.424899331194666, 1.833102168774295 ], [ 117.42471966813784, 1.833102168774295 ], [ 117.42471966813784, 1.832922505717472 ] ] ] } },
{ "type": "Feature", "properties": { "count": 2, "label": 1, "cluster_id": 314 }, "geometry": { "type": "Polygon", "coordinates": [ [ [ 117.424540005081013, 1.840109027990428 ], [ 117.424899331194666, 1.840109027990428 ], [ 117.424899331194666, 1.840288691047252 ], [ 117.424540005081013, 1.840288691047252 ], [ 117.424540005081013, 1.840109027990428 ] ] ] } },
{ "type": "Feature", "properties": { "count": 1, "label": 1, "cluster_id": 314 }, "geometry": { "type": "Polygon", "coordinates": [ [ [ 117.424899331194666, 1.837593745194893 ], [ 117.425078994251493, 1.837593745194893 ], [ 117.425078994251493, 1.837773408251717 ], [ 117.424899331194666, 1.837773408251717 ], [ 117.424899331194666, 1.837593745194893 ] ] ] } },
{ "type": "Feature", "properties": { "count": 1, "label": 1, "cluster_id": 314 }, "geometry": { "type": "Polygon", "coordinates": [ [ [ 117.424899331194666, 1.838132734365365 ], [ 117.425078994251493, 1.838132734365365 ], [ 117.425078994251493, 1.838312397422189 ], [ 117.424899331194666, 1.838312397422189 ], [ 117.424899331194666, 1.838132734365365 ] ] ] } },
{ "type": "Feature", "properties": { "count": 7, "label": 1, "cluster_id": 314 }, "geometry": { "type": "Polygon", "coordinates": [ [ [ 117.425078994251493, 1.830227559865113 ], [ 117.425078994251493, 1.830047896808289 ], [ 117.42471966813784, 1.830047896808289 ], [ 117.42471966813784, 1.829868233751465 ], [ 117.424899331194666, 1.829868233751465 ], [ 117.424899331194666, 1.829688570694641 ], [ 117.425078994251493, 1.829688570694641 ], [ 117.425078994251493, 1.829508907637817 ], [ 117.425258657308319, 1.829508907637817 ], [ 117.425258657308319, 1.830227559865113 ], [ 117.425078994251493, 1.830227559865113 ] ] ] } },
{ "type": "Feature", "properties": { "count": 1, "label": 1, "cluster_id": 314 }, "geometry": { "type": "Polygon", "coordinates": [ [ [ 117.425258657308319, 1.840648017160899 ], [ 117.425438320365132, 1.840648017160899 ], [ 117.425438320365132, 1.840827680217723 ], [ 117.425258657308319, 1.840827680217723 ], [ 117.425258657308319, 1.840648017160899 ] ] ] } },
{ "type": "Feature", "properties": { "count": 5, "label": 1, "cluster_id": 314 }, "geometry": { "type": "Polygon", "coordinates": [ [ [ 117.425258657308319, 1.842264984672315 ], [ 117.425258657308319, 1.842085321615491 ], [ 117.424899331194666, 1.842085321615491 ], [ 117.424899331194666, 1.841905658558667 ], [ 117.425438320365132, 1.841905658558667 ], [ 117.425438320365132, 1.842085321615491 ], [ 117.425617983421958, 1.842085321615491 ], [ 117.425617983421958, 1.842264984672315 ], [ 117.425258657308319, 1.842264984672315 ] ] ] } },
{ "type": "Feature", "properties": { "count": 4, "label": 1, "cluster_id": 314 }, "geometry": { "type": "Polygon", "coordinates": [ [ [ 117.425617983421958, 1.814776536978257 ], [ 117.425617983421958, 1.814237547807786 ], [ 117.425797646478784, 1.814237547807786 ], [ 117.425797646478784, 1.814417210864609 ], [ 117.425977309535611, 1.814417210864609 ], [ 117.425977309535611, 1.814596873921433 ], [ 117.425797646478784, 1.814596873921433 ], [ 117.425797646478784, 1.814776536978257 ], [ 117.425617983421958, 1.814776536978257 ] ] ] } },
{ "type": "Feature", "properties": { "count": 1, "label": 1, "cluster_id": 314 }, "geometry": { "type": "Polygon", "coordinates": [ [ [ 117.426156972592437, 1.878377259093919 ], [ 117.426336635649264, 1.878377259093919 ], [ 117.426336635649264, 1.878556922150743 ], [ 117.426156972592437, 1.878556922150743 ], [ 117.426156972592437, 1.878377259093919 ] ] ] } },
{ "type": "Feature", "properties": { "count": 1, "label": 1, "cluster_id": 314 }, "geometry": { "type": "Polygon", "coordinates": [ [ [ 117.426336635649264, 1.842624310785963 ], [ 117.426516298706076, 1.842624310785963 ], [ 117.426516298706076, 1.842803973842786 ], [ 117.426336635649264, 1.842803973842786 ], [ 117.426336635649264, 1.842624310785963 ] ] ] } },
{ "type": "Feature", "properties": { "count": 3, "label": 1, "cluster_id": 314 }, "geometry": { "type": "Polygon", "coordinates": [ [ [ 117.426875624819729, 1.843342963013258 ], [ 117.426875624819729, 1.84298363689961 ], [ 117.427055287876556, 1.84298363689961 ], [ 117.427055287876556, 1.843163299956434 ], [ 117.427234950933382, 1.843163299956434 ], [ 117.427234950933382, 1.843342963013258 ], [ 117.426875624819729, 1.843342963013258 ] ] ] } },
{ "type": "Feature", "properties": { "count": 6, "label": 1, "cluster_id": 314 }, "geometry": { "type": "Polygon", "coordinates": [ [ [ 117.427055287876556, 1.844420941354201 ], [ 117.427055287876556, 1.844241278297378 ], [ 117.426875624819729, 1.844241278297378 ], [ 117.426875624819729, 1.843522626070082 ], [ 117.427055287876556, 1.843522626070082 ], [ 117.427055287876556, 1.844061615240554 ], [ 117.427234950933382, 1.844061615240554 ], [ 117.427234950933382, 1.844420941354201 ], [ 117.427055287876556, 1.844420941354201 ] ] ] } },
{ "type": "Feature", "properties": { "count": 134, "label": 1, "cluster_id": 314 }, "geometry": { "type": "Polygon", "coordinates": [ [ [ 117.427234950933382, 1.815315526148729 ], [ 117.427234950933382, 1.815135863091905 ], [ 117.427055287876556, 1.815135863091905 ], [ 117.427055287876556, 1.814956200035081 ], [ 117.426875624819729, 1.814956200035081 ], [ 117.426875624819729, 1.814776536978257 ], [ 117.426516298706076, 1.814776536978257 ], [ 117.426516298706076, 1.814417210864609 ], [ 117.426336635649264, 1.814417210864609 ], [ 117.426336635649264, 1.813339232523666 ], [ 117.427414613990194, 1.813339232523666 ], [ 117.427414613990194, 1.81351889558049 ], [ 117.427594277047021, 1.81351889558049 ], [ 117.427594277047021, 1.813159569466842 ], [ 117.427414613990194, 1.813159569466842 ], [ 117.427414613990194, 1.812979906410018 ], [ 117.427594277047021, 1.812979906410018 ], [ 117.427594277047021, 1.812800243353194 ], [ 117.427773940103847, 1.812800243353194 ], [ 117.427773940103847, 1.813339232523666 ], [ 117.428312929274327, 1.813339232523666 ], [ 117.428312929274327, 1.813159569466842 ], [ 117.428851918444792, 1.813159569466842 ], [ 117.428851918444792, 1.813339232523666 ], [ 117.429031581501619, 1.813339232523666 ], [ 117.429031581501619, 1.813698558637314 ], [ 117.429211244558445, 1.813698558637314 ], [ 117.429211244558445, 1.814057884750962 ], [ 117.429031581501619, 1.814057884750962 ], [ 117.429031581501619, 1.814237547807786 ], [ 117.428851918444792, 1.814237547807786 ], [ 117.428851918444792, 1.813878221694138 ], [ 117.428492592331139, 1.813878221694138 ], [ 117.428492592331139, 1.814417210864609 ], [ 117.428672255387966, 1.814417210864609 ], [ 117.428672255387966, 1.814237547807786 ], [ 117.428851918444792, 1.814237547807786 ], [ 117.428851918444792, 1.814417210864609 ], [ 117.429031581501619, 1.814417210864609 ], [ 117.429031581501619, 1.814776536978257 ], [ 117.428851918444792, 1.814776536978257 ], [ 117.428851918444792, 1.814956200035081 ], [ 117.428672255387966, 1.814956200035081 ], [ 117.428672255387966, 1.814776536978257 ], [ 117.428492592331139, 1.814776536978257 ], [ 117.428492592331139, 1.814956200035081 ], [ 117.428672255387966, 1.814956200035081 ], [ 117.428672255387966, 1.815135863091905 ], [ 117.427953603160674, 1.815135863091905 ], [ 117.427953603160674, 1.814956200035081 ], [ 117.427773940103847, 1.814956200035081 ], [ 117.427773940103847, 1.815135863091905 ], [ 117.427594277047021, 1.815135863091905 ], [ 117.427594277047021, 1.815315526148729 ], [ 117.427234950933382, 1.815315526148729 ] ], [ [ 117.427055287876556, 1.814057884750962 ], [ 117.426695961762903, 1.814057884750962 ], [ 117.426695961762903, 1.813878221694138 ], [ 117.427055287876556, 1.813878221694138 ], [ 117.427055287876556, 1.814057884750962 ] ], [ [ 117.427773940103847, 1.814417210864609 ], [ 117.427594277047021, 1.814417210864609 ], [ 117.427594277047021, 1.814237547807786 ], [ 117.427773940103847, 1.814237547807786 ], [ 117.427773940103847, 1.814417210864609 ] ], [ [ 117.4281332662175, 1.814417210864609 ], [ 117.427953603160674, 1.814417210864609 ], [ 117.427953603160674, 1.814237547807786 ], [ 117.4281332662175, 1.814237547807786 ], [ 117.4281332662175, 1.814417210864609 ] ], [ [ 117.427234950933382, 1.814596873921433 ], [ 117.427055287876556, 1.814596873921433 ], [ 117.427055287876556, 1.814417210864609 ], [ 117.427234950933382, 1.814417210864609 ], [ 117.427234950933382, 1.814596873921433 ] ], [ [ 117.428312929274327, 1.814956200035081 ], [ 117.4281332662175, 1.814956200035081 ], [ 117.4281332662175, 1.814776536978257 ], [ 117.428312929274327, 1.814776536978257 ], [ 117.428312929274327, 1.814956200035081 ] ] ] } },
{ "type": "Feature", "properties": { "count": 1, "label": 1, "cluster_id": 314 }, "geometry": { "type": "Polygon", "coordinates": [ [ [ 117.427773940103847, 1.845319256638321 ], [ 117.427953603160674, 1.845319256638321 ], [ 117.427953603160674, 1.845498919695145 ], [ 117.427773940103847, 1.845498919695145 ], [ 117.427773940103847, 1.845319256638321 ] ] ] } },
{ "type": "Feature", "properties": { "count": 1, "label": 1, "cluster_id": 314 }, "geometry": { "type": "Polygon", "coordinates": [ [ [ 117.4281332662175, 1.845678582751969 ], [ 117.428312929274327, 1.845678582751969 ], [ 117.428312929274327, 1.845858245808793 ], [ 117.4281332662175, 1.845858245808793 ], [ 117.4281332662175, 1.845678582751969 ] ] ] } },
{ "type": "Feature", "properties": { "count": 1, "label": 1, "cluster_id": 314 }, "geometry": { "type": "Polygon", "coordinates": [ [ [ 117.4281332662175, 1.879634900491687 ], [ 117.428312929274327, 1.879634900491687 ], [ 117.428312929274327, 1.879814563548511 ], [ 117.4281332662175, 1.879814563548511 ], [ 117.4281332662175, 1.879634900491687 ] ] ] } },
{ "type": "Feature", "properties": { "count": 2, "label": 1, "cluster_id": 314 }, "geometry": { "type": "Polygon", "coordinates": [ [ [ 117.4281332662175, 1.821244407023918 ], [ 117.428492592331139, 1.821244407023918 ], [ 117.428492592331139, 1.821424070080742 ], [ 117.4281332662175, 1.821424070080742 ], [ 117.4281332662175, 1.821244407023918 ] ] ] } },
{ "type": "Feature", "properties": { "count": 1, "label": 1, "cluster_id": 314 }, "geometry": { "type": "Polygon", "coordinates": [ [ [ 117.428672255387966, 1.821424070080742 ], [ 117.428851918444792, 1.821424070080742 ], [ 117.428851918444792, 1.821603733137566 ], [ 117.428672255387966, 1.821603733137566 ], [ 117.428672255387966, 1.821424070080742 ] ] ] } },
{ "type": "Feature", "properties": { "count": 2, "label": 1, "cluster_id": 314 }, "geometry": { "type": "Polygon", "coordinates": [ [ [ 117.428492592331139, 1.845858245808793 ], [ 117.428851918444792, 1.845858245808793 ], [ 117.428851918444792, 1.846037908865617 ], [ 117.428492592331139, 1.846037908865617 ], [ 117.428492592331139, 1.845858245808793 ] ] ] } },
{ "type": "Feature", "properties": { "count": 1, "label": 1, "cluster_id": 314 }, "geometry": { "type": "Polygon", "coordinates": [ [ [ 117.428851918444792, 1.821603733137566 ], [ 117.429031581501619, 1.821603733137566 ], [ 117.429031581501619, 1.82178339619439 ], [ 117.428851918444792, 1.82178339619439 ], [ 117.428851918444792, 1.821603733137566 ] ] ] } },
{ "type": "Feature", "properties": { "count": 1, "label": 1, "cluster_id": 314 }, "geometry": { "type": "Polygon", "coordinates": [ [ [ 117.429031581501619, 1.82178339619439 ], [ 117.429211244558445, 1.82178339619439 ], [ 117.429211244558445, 1.821963059251213 ], [ 117.429031581501619, 1.821963059251213 ], [ 117.429031581501619, 1.82178339619439 ] ] ] } },
{ "type": "Feature", "properties": { "count": 1, "label": 1, "cluster_id": 314 }, "geometry": { "type": "Polygon", "coordinates": [ [ [ 117.430468885956202, 1.868316127911781 ], [ 117.430648549013029, 1.868316127911781 ], [ 117.430648549013029, 1.868495790968605 ], [ 117.430468885956202, 1.868495790968605 ], [ 117.430468885956202, 1.868316127911781 ] ] ] } },
{ "type": "Feature", "properties": { "count": 5, "label": 1, "cluster_id": 314 }, "geometry": { "type": "Polygon", "coordinates": [ [ [ 117.430648549013029, 1.847834539433856 ], [ 117.430648549013029, 1.847654876377032 ], [ 117.430468885956202, 1.847654876377032 ], [ 117.430468885956202, 1.847475213320208 ], [ 117.431187538183508, 1.847475213320208 ], [ 117.431187538183508, 1.847654876377032 ], [ 117.430828212069855, 1.847654876377032 ], [ 117.430828212069855, 1.847834539433856 ], [ 117.430648549013029, 1.847834539433856 ] ] ] } },
{ "type": "Feature", "properties": { "count": 1, "label": 1, "cluster_id": 314 }, "geometry": { "type": "Polygon", "coordinates": [ [ [ 117.431546864297147, 1.848553191661151 ], [ 117.431726527353973, 1.848553191661151 ], [ 117.431726527353973, 1.848732854717975 ], [ 117.431546864297147, 1.848732854717975 ], [ 117.431546864297147, 1.848553191661151 ] ] ] } },
{ "type": "Feature", "properties": { "count": 1, "label": 1, "cluster_id": 314 }, "geometry": { "type": "Polygon", "coordinates": [ [ [ 117.431546864297147, 1.849451506945271 ], [ 117.431726527353973, 1.849451506945271 ], [ 117.431726527353973, 1.849631170002095 ], [ 117.431546864297147, 1.849631170002095 ], [ 117.431546864297147, 1.849451506945271 ] ] ] } },
{ "type": "Feature", "properties": { "count": 4, "label": 1, "cluster_id": 314 }, "geometry": { "type": "Polygon", "coordinates": [ [ [ 117.43136720124032, 1.869933095423196 ], [ 117.431726527353973, 1.869933095423196 ], [ 117.431726527353973, 1.870292421536844 ], [ 117.43136720124032, 1.870292421536844 ], [ 117.43136720124032, 1.869933095423196 ] ] ] } },
{ "type": "Feature", "properties": { "count": 1, "label": 1, "cluster_id": 314 }, "geometry": { "type": "Polygon", "coordinates": [ [ [ 117.432085853467626, 1.849271843888447 ], [ 117.432265516524453, 1.849271843888447 ], [ 117.432265516524453, 1.849451506945271 ], [ 117.432085853467626, 1.849451506945271 ], [ 117.432085853467626, 1.849271843888447 ] ] ] } },
{ "type": "Feature", "properties": { "count": 1, "label": 1, "cluster_id": 314 }, "geometry": { "type": "Polygon", "coordinates": [ [ [ 117.432085853467626, 1.867956801798133 ], [ 117.432265516524453, 1.867956801798133 ], [ 117.432265516524453, 1.868136464854957 ], [ 117.432085853467626, 1.868136464854957 ], [ 117.432085853467626, 1.867956801798133 ] ] ] } },
{ "type": "Feature", "properties": { "count": 1, "label": 1, "cluster_id": 314 }, "geometry": { "type": "Polygon", "coordinates": [ [ [ 117.432804505694918, 1.848912517774799 ], [ 117.432984168751744, 1.848912517774799 ], [ 117.432984168751744, 1.849092180831623 ], [ 117.432804505694918, 1.849092180831623 ], [ 117.432804505694918, 1.848912517774799 ] ] ] } },
{ "type": "Feature", "properties": { "count": 1, "label": 1, "cluster_id": 314 }, "geometry": { "type": "Polygon", "coordinates": [ [ [ 117.432804505694918, 1.868136464854957 ], [ 117.432984168751744, 1.868136464854957 ], [ 117.432984168751744, 1.868316127911781 ], [ 117.432804505694918, 1.868316127911781 ], [ 117.432804505694918, 1.868136464854957 ] ] ] } },
{ "type": "Feature", "properties": { "count": 1, "label": 1, "cluster_id": 314 }, "geometry": { "type": "Polygon", "coordinates": [ [ [ 117.433343494865383, 1.849631170002095 ], [ 117.43352315792221, 1.849631170002095 ], [ 117.43352315792221, 1.849810833058919 ], [ 117.433343494865383, 1.849810833058919 ], [ 117.433343494865383, 1.849631170002095 ] ] ] } },
{ "type": "Feature", "properties": { "count": 1, "label": 1, "cluster_id": 314 }, "geometry": { "type": "Polygon", "coordinates": [ [ [ 117.433343494865383, 1.867777138741309 ], [ 117.43352315792221, 1.867777138741309 ], [ 117.43352315792221, 1.867956801798133 ], [ 117.433343494865383, 1.867956801798133 ], [ 117.433343494865383, 1.867777138741309 ] ] ] } },
{ "type": "Feature", "properties": { "count": 1, "label": 1, "cluster_id": 314 }, "geometry": { "type": "Polygon", "coordinates": [ [ [ 117.433702820979036, 1.851607463627158 ], [ 117.433882484035863, 1.851607463627158 ], [ 117.433882484035863, 1.851787126683982 ], [ 117.433702820979036, 1.851787126683982 ], [ 117.433702820979036, 1.851607463627158 ] ] ] } },
{ "type": "Feature", "properties": { "count": 1, "label": 1, "cluster_id": 314 }, "geometry": { "type": "Polygon", "coordinates": [ [ [ 117.433702820979036, 1.852146452797629 ], [ 117.433882484035863, 1.852146452797629 ], [ 117.433882484035863, 1.852326115854453 ], [ 117.433702820979036, 1.852326115854453 ], [ 117.433702820979036, 1.852146452797629 ] ] ] } },
{ "type": "Feature", "properties": { "count": 1, "label": 1, "cluster_id": 314 }, "geometry": { "type": "Polygon", "coordinates": [ [ [ 117.433702820979036, 1.852505778911277 ], [ 117.433882484035863, 1.852505778911277 ], [ 117.433882484035863, 1.852685441968101 ], [ 117.433702820979036, 1.852685441968101 ], [ 117.433702820979036, 1.852505778911277 ] ] ] } },
{ "type": "Feature", "properties": { "count": 22, "label": 1, "cluster_id": 314 }, "geometry": { "type": "Polygon", "coordinates": [ [ [ 117.43352315792221, 1.884665466082756 ], [ 117.43352315792221, 1.884485803025932 ], [ 117.433343494865383, 1.884485803025932 ], [ 117.433343494865383, 1.884126476912284 ], [ 117.433163831808571, 1.884126476912284 ], [ 117.433163831808571, 1.883587487741813 ], [ 117.434062147092689, 1.883587487741813 ], [ 117.434062147092689, 1.88394681385546 ], [ 117.433882484035863, 1.88394681385546 ], [ 117.433882484035863, 1.884665466082756 ], [ 117.43352315792221, 1.884665466082756 ] ] ] } },
{ "type": "Feature", "properties": { "count": 4, "label": 1, "cluster_id": 314 }, "geometry": { "type": "Polygon", "coordinates": [ [ [ 117.43352315792221, 1.868316127911781 ], [ 117.434241810149516, 1.868316127911781 ], [ 117.434241810149516, 1.868495790968605 ], [ 117.43352315792221, 1.868495790968605 ], [ 117.43352315792221, 1.868316127911781 ] ] ] } },
{ "type": "Feature", "properties": { "count": 2, "label": 1, "cluster_id": 314 }, "geometry": { "type": "Polygon", "coordinates": [ [ [ 117.434421473206328, 1.856099040047755 ], [ 117.434601136263154, 1.856099040047755 ], [ 117.434601136263154, 1.856458366161403 ], [ 117.434421473206328, 1.856458366161403 ], [ 117.434421473206328, 1.856099040047755 ] ] ] } },
{ "type": "Feature", "properties": { "count": 1, "label": 1, "cluster_id": 314 }, "geometry": { "type": "Polygon", "coordinates": [ [ [ 117.434601136263154, 1.855919376990931 ], [ 117.434780799319981, 1.855919376990931 ], [ 117.434780799319981, 1.856099040047755 ], [ 117.434601136263154, 1.856099040047755 ], [ 117.434601136263154, 1.855919376990931 ] ] ] } },
{ "type": "Feature", "properties": { "count": 2, "label": 1, "cluster_id": 314 }, "geometry": { "type": "Polygon", "coordinates": [ [ [ 117.434601136263154, 1.856458366161403 ], [ 117.434780799319981, 1.856458366161403 ], [ 117.434780799319981, 1.856817692275051 ], [ 117.434601136263154, 1.856817692275051 ], [ 117.434601136263154, 1.856458366161403 ] ] ] } },
{ "type": "Feature", "properties": { "count": 6, "label": 1, "cluster_id": 314 }, "geometry": { "type": "Polygon", "coordinates": [ [ [ 117.434780799319981, 1.855919376990931 ], [ 117.434780799319981, 1.855021061706812 ], [ 117.434960462376807, 1.855021061706812 ], [ 117.434960462376807, 1.855200724763636 ], [ 117.435140125433634, 1.855200724763636 ], [ 117.435140125433634, 1.85538038782046 ], [ 117.434960462376807, 1.85538038782046 ], [ 117.434960462376807, 1.855919376990931 ], [ 117.434780799319981, 1.855919376990931 ] ] ] } },
{ "type": "Feature", "properties": { "count": 1, "label": 1, "cluster_id": 314 }, "geometry": { "type": "Polygon", "coordinates": [ [ [ 117.434780799319981, 1.856997355331875 ], [ 117.434960462376807, 1.856997355331875 ], [ 117.434960462376807, 1.857177018388699 ], [ 117.434780799319981, 1.857177018388699 ], [ 117.434780799319981, 1.856997355331875 ] ] ] } },
{ "type": "Feature", "properties": { "count": 1, "label": 1, "cluster_id": 314 }, "geometry": { "type": "Polygon", "coordinates": [ [ [ 117.434780799319981, 1.881431531059926 ], [ 117.434960462376807, 1.881431531059926 ], [ 117.434960462376807, 1.88161119411675 ], [ 117.434780799319981, 1.88161119411675 ], [ 117.434780799319981, 1.881431531059926 ] ] ] } },
{ "type": "Feature", "properties": { "count": 2, "label": 1, "cluster_id": 314 }, "geometry": { "type": "Polygon", "coordinates": [ [ [ 117.434960462376807, 1.854302409479516 ], [ 117.435140125433634, 1.854302409479516 ], [ 117.435140125433634, 1.854661735593164 ], [ 117.434960462376807, 1.854661735593164 ], [ 117.434960462376807, 1.854302409479516 ] ] ] } },
{ "type": "Feature", "properties": { "count": 1, "label": 1, "cluster_id": 314 }, "geometry": { "type": "Polygon", "coordinates": [ [ [ 117.434960462376807, 1.854841398649988 ], [ 117.435140125433634, 1.854841398649988 ], [ 117.435140125433634, 1.855021061706812 ], [ 117.434960462376807, 1.855021061706812 ], [ 117.434960462376807, 1.854841398649988 ] ] ] } },
{ "type": "Feature", "properties": { "count": 1, "label": 1, "cluster_id": 314 }, "geometry": { "type": "Polygon", "coordinates": [ [ [ 117.435140125433634, 1.854122746422692 ], [ 117.435319788490446, 1.854122746422692 ], [ 117.435319788490446, 1.854302409479516 ], [ 117.435140125433634, 1.854302409479516 ], [ 117.435140125433634, 1.854122746422692 ] ] ] } },
{ "type": "Feature", "properties": { "count": 1, "label": 1, "cluster_id": 314 }, "geometry": { "type": "Polygon", "coordinates": [ [ [ 117.435140125433634, 1.855021061706812 ], [ 117.435319788490446, 1.855021061706812 ], [ 117.435319788490446, 1.855200724763636 ], [ 117.435140125433634, 1.855200724763636 ], [ 117.435140125433634, 1.855021061706812 ] ] ] } },
{ "type": "Feature", "properties": { "count": 2, "label": 1, "cluster_id": 314 }, "geometry": { "type": "Polygon", "coordinates": [ [ [ 117.435140125433634, 1.857177018388699 ], [ 117.435319788490446, 1.857177018388699 ], [ 117.435319788490446, 1.857536344502347 ], [ 117.435140125433634, 1.857536344502347 ], [ 117.435140125433634, 1.857177018388699 ] ] ] } },
{ "type": "Feature", "properties": { "count": 1, "label": 1, "cluster_id": 314 }, "geometry": { "type": "Polygon", "coordinates": [ [ [ 117.435319788490446, 1.854302409479516 ], [ 117.435499451547273, 1.854302409479516 ], [ 117.435499451547273, 1.85448207253634 ], [ 117.435319788490446, 1.85448207253634 ], [ 117.435319788490446, 1.854302409479516 ] ] ] } },
{ "type": "Feature", "properties": { "count": 1, "label": 1, "cluster_id": 314 }, "geometry": { "type": "Polygon", "coordinates": [ [ [ 117.435679114604099, 1.857177018388699 ], [ 117.435858777660926, 1.857177018388699 ], [ 117.435858777660926, 1.857356681445523 ], [ 117.435679114604099, 1.857356681445523 ], [ 117.435679114604099, 1.857177018388699 ] ] ] } },
{ "type": "Feature", "properties": { "count": 1, "label": 1, "cluster_id": 314 }, "geometry": { "type": "Polygon", "coordinates": [ [ [ 117.435858777660926, 1.857356681445523 ], [ 117.436038440717752, 1.857356681445523 ], [ 117.436038440717752, 1.857536344502347 ], [ 117.435858777660926, 1.857536344502347 ], [ 117.435858777660926, 1.857356681445523 ] ] ] } },
{ "type": "Feature", "properties": { "count": 9, "label": 1, "cluster_id": 314 }, "geometry": { "type": "Polygon", "coordinates": [ [ [ 117.435858777660926, 1.858254996729642 ], [ 117.435858777660926, 1.858075333672818 ], [ 117.435679114604099, 1.858075333672818 ], [ 117.435679114604099, 1.857895670615994 ], [ 117.435858777660926, 1.857895670615994 ], [ 117.435858777660926, 1.85771600755917 ], [ 117.436038440717752, 1.85771600755917 ], [ 117.436038440717752, 1.857895670615994 ], [ 117.436397766831391, 1.857895670615994 ], [ 117.436397766831391, 1.858075333672818 ], [ 117.436577429888217, 1.858075333672818 ], [ 117.436577429888217, 1.858254996729642 ], [ 117.435858777660926, 1.858254996729642 ] ] ] } },
{ "type": "Feature", "properties": { "count": 1, "label": 1, "cluster_id": 314 }, "geometry": { "type": "Polygon", "coordinates": [ [ [ 117.436577429888217, 1.85771600755917 ], [ 117.436757092945044, 1.85771600755917 ], [ 117.436757092945044, 1.857895670615994 ], [ 117.436577429888217, 1.857895670615994 ], [ 117.436577429888217, 1.85771600755917 ] ] ] } },
{ "type": "Feature", "properties": { "count": 2, "label": 1, "cluster_id": 314 }, "geometry": { "type": "Polygon", "coordinates": [ [ [ 117.436757092945044, 1.857895670615994 ], [ 117.437116419058697, 1.857895670615994 ], [ 117.437116419058697, 1.858075333672818 ], [ 117.436757092945044, 1.858075333672818 ], [ 117.436757092945044, 1.857895670615994 ] ] ] } },
{ "type": "Feature", "properties": { "count": 1, "label": 1, "cluster_id": 314 }, "geometry": { "type": "Polygon", "coordinates": [ [ [ 117.437296082115509, 1.864902529832127 ], [ 117.437475745172335, 1.864902529832127 ], [ 117.437475745172335, 1.86508219288895 ], [ 117.437296082115509, 1.86508219288895 ], [ 117.437296082115509, 1.864902529832127 ] ] ] } },
{ "type": "Feature", "properties": { "count": 1, "label": 1, "cluster_id": 314 }, "geometry": { "type": "Polygon", "coordinates": [ [ [ 117.437296082115509, 1.869394106252724 ], [ 117.437475745172335, 1.869394106252724 ], [ 117.437475745172335, 1.869573769309548 ], [ 117.437296082115509, 1.869573769309548 ], [ 117.437296082115509, 1.869394106252724 ] ] ] } },
{ "type": "Feature", "properties": { "count": 4, "label": 1, "cluster_id": 314 }, "geometry": { "type": "Polygon", "coordinates": [ [ [ 117.437655408229162, 1.860590616468353 ], [ 117.437655408229162, 1.860231290354705 ], [ 117.437835071285988, 1.860231290354705 ], [ 117.437835071285988, 1.860051627297881 ], [ 117.438014734342815, 1.860051627297881 ], [ 117.438014734342815, 1.860410953411529 ], [ 117.437835071285988, 1.860410953411529 ], [ 117.437835071285988, 1.860590616468353 ], [ 117.437655408229162, 1.860590616468353 ] ] ] } },
{ "type": "Feature", "properties": { "count": 4, "label": 1, "cluster_id": 314 }, "geometry": { "type": "Polygon", "coordinates": [ [ [ 117.437655408229162, 1.860949942582001 ], [ 117.437835071285988, 1.860949942582001 ], [ 117.437835071285988, 1.861668594809296 ], [ 117.437655408229162, 1.861668594809296 ], [ 117.437655408229162, 1.860949942582001 ] ] ] } },
{ "type": "Feature", "properties": { "count": 1, "label": 1, "cluster_id": 314 }, "geometry": { "type": "Polygon", "coordinates": [ [ [ 117.437655408229162, 1.869034780139076 ], [ 117.437835071285988, 1.869034780139076 ], [ 117.437835071285988, 1.8692144431959 ], [ 117.437655408229162, 1.8692144431959 ], [ 117.437655408229162, 1.869034780139076 ] ] ] } },
{ "type": "Feature", "properties": { "count": 8, "label": 1, "cluster_id": 314 }, "geometry": { "type": "Polygon", "coordinates": [ [ [ 117.437655408229162, 1.882868835514517 ], [ 117.437655408229162, 1.882689172457693 ], [ 117.437475745172335, 1.882689172457693 ], [ 117.437475745172335, 1.882509509400869 ], [ 117.437835071285988, 1.882509509400869 ], [ 117.437835071285988, 1.882329846344045 ], [ 117.438014734342815, 1.882329846344045 ], [ 117.438014734342815, 1.882509509400869 ], [ 117.438194397399641, 1.882509509400869 ], [ 117.438194397399641, 1.882868835514517 ], [ 117.437655408229162, 1.882868835514517 ] ] ] } },
{ "type": "Feature", "properties": { "count": 1, "label": 1, "cluster_id": 314 }, "geometry": { "type": "Polygon", "coordinates": [ [ [ 117.438014734342815, 1.883407824684989 ], [ 117.438194397399641, 1.883407824684989 ], [ 117.438194397399641, 1.883587487741813 ], [ 117.438014734342815, 1.883587487741813 ], [ 117.438014734342815, 1.883407824684989 ] ] ] } },
{ "type": "Feature", "properties": { "count": 1, "label": 1, "cluster_id": 314 }, "geometry": { "type": "Polygon", "coordinates": [ [ [ 117.438194397399641, 1.858434659786466 ], [ 117.438374060456454, 1.858434659786466 ], [ 117.438374060456454, 1.85861432284329 ], [ 117.438194397399641, 1.85861432284329 ], [ 117.438194397399641, 1.858434659786466 ] ] ] } },
{ "type": "Feature", "properties": { "count": 1, "label": 1, "cluster_id": 314 }, "geometry": { "type": "Polygon", "coordinates": [ [ [ 117.438194397399641, 1.866160171229894 ], [ 117.438374060456454, 1.866160171229894 ], [ 117.438374060456454, 1.866339834286718 ], [ 117.438194397399641, 1.866339834286718 ], [ 117.438194397399641, 1.866160171229894 ] ] ] } },
{ "type": "Feature", "properties": { "count": 1, "label": 1, "cluster_id": 314 }, "geometry": { "type": "Polygon", "coordinates": [ [ [ 117.438374060456454, 1.862027920922944 ], [ 117.43855372351328, 1.862027920922944 ], [ 117.43855372351328, 1.862207583979768 ], [ 117.438374060456454, 1.862207583979768 ], [ 117.438374060456454, 1.862027920922944 ] ] ] } },
{ "type": "Feature", "properties": { "count": 2, "label": 1, "cluster_id": 314 }, "geometry": { "type": "Polygon", "coordinates": [ [ [ 117.438374060456454, 1.867417812627661 ], [ 117.43855372351328, 1.867417812627661 ], [ 117.43855372351328, 1.867777138741309 ], [ 117.438374060456454, 1.867777138741309 ], [ 117.438374060456454, 1.867417812627661 ] ] ] } },
{ "type": "Feature", "properties": { "count": 15, "label": 1, "cluster_id": 314 }, "geometry": { "type": "Polygon", "coordinates": [ [ [ 117.438194397399641, 1.88161119411675 ], [ 117.438194397399641, 1.881072204946278 ], [ 117.438374060456454, 1.881072204946278 ], [ 117.438374060456454, 1.880892541889454 ], [ 117.43855372351328, 1.880892541889454 ], [ 117.43855372351328, 1.88071287883263 ], [ 117.438374060456454, 1.88071287883263 ], [ 117.438374060456454, 1.880173889662158 ], [ 117.43855372351328, 1.880173889662158 ], [ 117.43855372351328, 1.880353552718982 ], [ 117.438733386570107, 1.880353552718982 ], [ 117.438733386570107, 1.880533215775806 ], [ 117.438913049626933, 1.880533215775806 ], [ 117.438913049626933, 1.88071287883263 ], [ 117.438733386570107, 1.88071287883263 ], [ 117.438733386570107, 1.881072204946278 ], [ 117.43855372351328, 1.881072204946278 ], [ 117.43855372351328, 1.88161119411675 ], [ 117.438194397399641, 1.88161119411675 ] ] ] } },
{ "type": "Feature", "properties": { "count": 1, "label": 1, "cluster_id": 314 }, "geometry": { "type": "Polygon", "coordinates": [ [ [ 117.438374060456454, 1.881970520230398 ], [ 117.43855372351328, 1.881970520230398 ], [ 117.43855372351328, 1.882150183287221 ], [ 117.438374060456454, 1.882150183287221 ], [ 117.438374060456454, 1.881970520230398 ] ] ] } },
{ "type": "Feature", "properties": { "count": 3, "label": 1, "cluster_id": 314 }, "geometry": { "type": "Polygon", "coordinates": [ [ [ 117.438194397399641, 1.882509509400869 ], [ 117.438194397399641, 1.882150183287221 ], [ 117.438374060456454, 1.882150183287221 ], [ 117.438374060456454, 1.882329846344045 ], [ 117.43855372351328, 1.882329846344045 ], [ 117.43855372351328, 1.882509509400869 ], [ 117.438194397399641, 1.882509509400869 ] ] ] } },
{ "type": "Feature", "properties": { "count": 5, "label": 1, "cluster_id": 314 }, "geometry": { "type": "Polygon", "coordinates": [ [ [ 117.43855372351328, 1.85448207253634 ], [ 117.43855372351328, 1.854302409479516 ], [ 117.438014734342815, 1.854302409479516 ], [ 117.438014734342815, 1.854122746422692 ], [ 117.438733386570107, 1.854122746422692 ], [ 117.438733386570107, 1.85448207253634 ], [ 117.43855372351328, 1.85448207253634 ] ] ] } },
{ "type": "Feature", "properties": { "count": 1, "label": 1, "cluster_id": 314 }, "geometry": { "type": "Polygon", "coordinates": [ [ [ 117.438733386570107, 1.858973648956938 ], [ 117.438913049626933, 1.858973648956938 ], [ 117.438913049626933, 1.859153312013762 ], [ 117.438733386570107, 1.859153312013762 ], [ 117.438733386570107, 1.858973648956938 ] ] ] } },
{ "type": "Feature", "properties": { "count": 2, "label": 1, "cluster_id": 314 }, "geometry": { "type": "Polygon", "coordinates": [ [ [ 117.43855372351328, 1.859692301184233 ], [ 117.438913049626933, 1.859692301184233 ], [ 117.438913049626933, 1.859871964241057 ], [ 117.43855372351328, 1.859871964241057 ], [ 117.43855372351328, 1.859692301184233 ] ] ] } },
{ "type": "Feature", "properties": { "count": 2, "label": 1, "cluster_id": 314 }, "geometry": { "type": "Polygon", "coordinates": [ [ [ 117.43855372351328, 1.86184825786612 ], [ 117.438913049626933, 1.86184825786612 ], [ 117.438913049626933, 1.862027920922944 ], [ 117.43855372351328, 1.862027920922944 ], [ 117.43855372351328, 1.86184825786612 ] ] ] } },
{ "type": "Feature", "properties": { "count": 3, "label": 1, "cluster_id": 314 }, "geometry": { "type": "Polygon", "coordinates": [ [ [ 117.438733386570107, 1.864722866775303 ], [ 117.438913049626933, 1.864722866775303 ], [ 117.438913049626933, 1.865261855945774 ], [ 117.438733386570107, 1.865261855945774 ], [ 117.438733386570107, 1.864722866775303 ] ] ] } },
{ "type": "Feature", "properties": { "count": 1, "label": 1, "cluster_id": 314 }, "geometry": { "type": "Polygon", "coordinates": [ [ [ 117.438913049626933, 1.867956801798133 ], [ 117.43909271268376, 1.867956801798133 ], [ 117.43909271268376, 1.868136464854957 ], [ 117.438913049626933, 1.868136464854957 ], [ 117.438913049626933, 1.867956801798133 ] ] ] } },
{ "type": "Feature", "properties": { "count": 4, "label": 1, "cluster_id": 314 }, "geometry": { "type": "Polygon", "coordinates": [ [ [ 117.43909271268376, 1.864183877604831 ], [ 117.43909271268376, 1.863824551491183 ], [ 117.439272375740572, 1.863824551491183 ], [ 117.439272375740572, 1.863644888434359 ], [ 117.439452038797398, 1.863644888434359 ], [ 117.439452038797398, 1.864004214548007 ], [ 117.439272375740572, 1.864004214548007 ], [ 117.439272375740572, 1.864183877604831 ], [ 117.43909271268376, 1.864183877604831 ] ] ] } },
{ "type": "Feature", "properties": { "count": 1, "label": 1, "cluster_id": 314 }, "geometry": { "type": "Polygon", "coordinates": [ [ [ 117.439452038797398, 1.862027920922944 ], [ 117.439631701854225, 1.862027920922944 ], [ 117.439631701854225, 1.862207583979768 ], [ 117.439452038797398, 1.862207583979768 ], [ 117.439452038797398, 1.862027920922944 ] ] ] } },
{ "type": "Feature", "properties": { "count": 2, "label": 1, "cluster_id": 314 }, "geometry": { "type": "Polygon", "coordinates": [ [ [ 117.439272375740572, 1.863105899263888 ], [ 117.439631701854225, 1.863105899263888 ], [ 117.439631701854225, 1.863285562320711 ], [ 117.439272375740572, 1.863285562320711 ], [ 117.439272375740572, 1.863105899263888 ] ] ] } },
{ "type": "Feature", "properties": { "count": 9, "label": 1, "cluster_id": 314 }, "geometry": { "type": "Polygon", "coordinates": [ [ [ 117.439631701854225, 1.863105899263888 ], [ 117.439631701854225, 1.862926236207064 ], [ 117.439452038797398, 1.862926236207064 ], [ 117.439452038797398, 1.86274657315024 ], [ 117.439811364911051, 1.86274657315024 ], [ 117.439811364911051, 1.862566910093416 ], [ 117.439991027967878, 1.862566910093416 ], [ 117.439991027967878, 1.862207583979768 ], [ 117.440170691024704, 1.862207583979768 ], [ 117.440170691024704, 1.862926236207064 ], [ 117.439811364911051, 1.862926236207064 ], [ 117.439811364911051, 1.863105899263888 ], [ 117.439631701854225, 1.863105899263888 ] ] ] } },
{ "type": "Feature", "properties": { "count": 1, "label": 1, "cluster_id": 314 }, "geometry": { "type": "Polygon", "coordinates": [ [ [ 117.439811364911051, 1.862027920922944 ], [ 117.439991027967878, 1.862027920922944 ], [ 117.439991027967878, 1.862207583979768 ], [ 117.439811364911051, 1.862207583979768 ], [ 117.439811364911051, 1.862027920922944 ] ] ] } },
{ "type": "Feature", "properties": { "count": 45, "label": 1, "cluster_id": 314 }, "geometry": { "type": "Polygon", "coordinates": [ [ [ 117.439811364911051, 1.856458366161403 ], [ 117.439811364911051, 1.855919376990931 ], [ 117.439631701854225, 1.855919376990931 ], [ 117.439631701854225, 1.856278703104579 ], [ 117.439452038797398, 1.856278703104579 ], [ 117.439452038797398, 1.856458366161403 ], [ 117.438913049626933, 1.856458366161403 ], [ 117.438913049626933, 1.856278703104579 ], [ 117.43909271268376, 1.856278703104579 ], [ 117.43909271268376, 1.856099040047755 ], [ 117.439452038797398, 1.856099040047755 ], [ 117.439452038797398, 1.855739713934107 ], [ 117.439272375740572, 1.855739713934107 ], [ 117.439272375740572, 1.855560050877284 ], [ 117.439452038797398, 1.855560050877284 ], [ 117.439452038797398, 1.855200724763636 ], [ 117.439272375740572, 1.855200724763636 ], [ 117.439272375740572, 1.855021061706812 ], [ 117.43909271268376, 1.855021061706812 ], [ 117.43909271268376, 1.854661735593164 ], [ 117.439631701854225, 1.854661735593164 ], [ 117.439631701854225, 1.854841398649988 ], [ 117.439811364911051, 1.854841398649988 ], [ 117.439811364911051, 1.85538038782046 ], [ 117.439991027967878, 1.85538038782046 ], [ 117.439991027967878, 1.855560050877284 ], [ 117.440530017138343, 1.855560050877284 ], [ 117.440530017138343, 1.856278703104579 ], [ 117.440170691024704, 1.856278703104579 ], [ 117.440170691024704, 1.856458366161403 ], [ 117.439811364911051, 1.856458366161403 ] ] ] } },
{ "type": "Feature", "properties": { "count": 2, "label": 1, "cluster_id": 314 }, "geometry": { "type": "Polygon", "coordinates": [ [ [ 117.439991027967878, 1.867956801798133 ], [ 117.440350354081517, 1.867956801798133 ], [ 117.440350354081517, 1.868136464854957 ], [ 117.439991027967878, 1.868136464854957 ], [ 117.439991027967878, 1.867956801798133 ] ] ] } },
{ "type": "Feature", "properties": { "count": 4, "label": 1, "cluster_id": 314 }, "geometry": { "type": "Polygon", "coordinates": [ [ [ 117.440170691024704, 1.864722866775303 ], [ 117.440170691024704, 1.864363540661655 ], [ 117.440350354081517, 1.864363540661655 ], [ 117.440350354081517, 1.864543203718479 ], [ 117.44070968019517, 1.864543203718479 ], [ 117.44070968019517, 1.864722866775303 ], [ 117.440170691024704, 1.864722866775303 ] ] ] } },
{ "type": "Feature", "properties": { "count": 2, "label": 1, "cluster_id": 314 }, "geometry": { "type": "Polygon", "coordinates": [ [ [ 117.44070968019517, 1.867777138741309 ], [ 117.440889343251996, 1.867777138741309 ], [ 117.440889343251996, 1.868136464854957 ], [ 117.44070968019517, 1.868136464854957 ], [ 117.44070968019517, 1.867777138741309 ] ] ] } },
{ "type": "Feature", "properties": { "count": 1, "label": 1, "cluster_id": 314 }, "geometry": { "type": "Polygon", "coordinates": [ [ [ 117.440889343251996, 1.869394106252724 ], [ 117.441069006308823, 1.869394106252724 ], [ 117.441069006308823, 1.869573769309548 ], [ 117.440889343251996, 1.869573769309548 ], [ 117.440889343251996, 1.869394106252724 ] ] ] } },
{ "type": "Feature", "properties": { "count": 4, "label": 1, "cluster_id": 314 }, "geometry": { "type": "Polygon", "coordinates": [ [ [ 117.440889343251996, 1.870651747650492 ], [ 117.440889343251996, 1.870292421536844 ], [ 117.441069006308823, 1.870292421536844 ], [ 117.441069006308823, 1.870472084593668 ], [ 117.441428332422461, 1.870472084593668 ], [ 117.441428332422461, 1.870651747650492 ], [ 117.440889343251996, 1.870651747650492 ] ] ] } },
{ "type": "Feature", "properties": { "count": 2, "label": 1, "cluster_id": 314 }, "geometry": { "type": "Polygon", "coordinates": [ [ [ 117.441248669365635, 1.862387247036592 ], [ 117.441607995479288, 1.862387247036592 ], [ 117.441607995479288, 1.862566910093416 ], [ 117.441248669365635, 1.862566910093416 ], [ 117.441248669365635, 1.862387247036592 ] ] ] } },
{ "type": "Feature", "properties": { "count": 5, "label": 1, "cluster_id": 314 }, "geometry": { "type": "Polygon", "coordinates": [ [ [ 117.441069006308823, 1.8692144431959 ], [ 117.441069006308823, 1.869034780139076 ], [ 117.441248669365635, 1.869034780139076 ], [ 117.441248669365635, 1.868855117082252 ], [ 117.441607995479288, 1.868855117082252 ], [ 117.441607995479288, 1.8692144431959 ], [ 117.441069006308823, 1.8692144431959 ] ] ] } },
{ "type": "Feature", "properties": { "count": 3, "label": 1, "cluster_id": 314 }, "geometry": { "type": "Polygon", "coordinates": [ [ [ 117.441248669365635, 1.867777138741309 ], [ 117.441787658536114, 1.867777138741309 ], [ 117.441787658536114, 1.867956801798133 ], [ 117.441248669365635, 1.867956801798133 ], [ 117.441248669365635, 1.867777138741309 ] ] ] } },
{ "type": "Feature", "properties": { "count": 1, "label": 1, "cluster_id": 314 }, "geometry": { "type": "Polygon", "coordinates": [ [ [ 117.441607995479288, 1.870292421536844 ], [ 117.441787658536114, 1.870292421536844 ], [ 117.441787658536114, 1.870472084593668 ], [ 117.441607995479288, 1.870472084593668 ], [ 117.441607995479288, 1.870292421536844 ] ] ] } },
{ "type": "Feature", "properties": { "count": 2, "label": 1, "cluster_id": 314 }, "geometry": { "type": "Polygon", "coordinates": [ [ [ 117.441787658536114, 1.868675454025429 ], [ 117.441967321592941, 1.868675454025429 ], [ 117.441967321592941, 1.869034780139076 ], [ 117.441787658536114, 1.869034780139076 ], [ 117.441787658536114, 1.868675454025429 ] ] ] } },
{ "type": "Feature", "properties": { "count": 10, "label": 1, "cluster_id": 314 }, "geometry": { "type": "Polygon", "coordinates": [ [ [ 117.442146984649767, 1.869034780139076 ], [ 117.442146984649767, 1.868675454025429 ], [ 117.441967321592941, 1.868675454025429 ], [ 117.441967321592941, 1.868495790968605 ], [ 117.442146984649767, 1.868495790968605 ], [ 117.442146984649767, 1.867956801798133 ], [ 117.442326647706579, 1.867956801798133 ], [ 117.442326647706579, 1.868316127911781 ], [ 117.442506310763406, 1.868316127911781 ], [ 117.442506310763406, 1.868495790968605 ], [ 117.442326647706579, 1.868495790968605 ], [ 117.442326647706579, 1.868675454025429 ], [ 117.442685973820232, 1.868675454025429 ], [ 117.442685973820232, 1.868855117082252 ], [ 117.442326647706579, 1.868855117082252 ], [ 117.442326647706579, 1.869034780139076 ], [ 117.442146984649767, 1.869034780139076 ] ] ] } },
{ "type": "Feature", "properties": { "count": 9, "label": 1, "cluster_id": 314 }, "geometry": { "type": "Polygon", "coordinates": [ [ [ 117.441967321592941, 1.870651747650492 ], [ 117.441967321592941, 1.870292421536844 ], [ 117.442326647706579, 1.870292421536844 ], [ 117.442326647706579, 1.87011275848002 ], [ 117.442865636877059, 1.87011275848002 ], [ 117.442865636877059, 1.870292421536844 ], [ 117.442685973820232, 1.870292421536844 ], [ 117.442685973820232, 1.870472084593668 ], [ 117.442326647706579, 1.870472084593668 ], [ 117.442326647706579, 1.870651747650492 ], [ 117.441967321592941, 1.870651747650492 ] ] ] } },
{ "type": "Feature", "properties": { "count": 1, "label": 1, "cluster_id": 314 }, "geometry": { "type": "Polygon", "coordinates": [ [ [ 117.442506310763406, 1.880892541889454 ], [ 117.442685973820232, 1.880892541889454 ], [ 117.442685973820232, 1.881072204946278 ], [ 117.442506310763406, 1.881072204946278 ], [ 117.442506310763406, 1.880892541889454 ] ] ] } },
{ "type": "Feature", "properties": { "count": 1, "label": 1, "cluster_id": 314 }, "geometry": { "type": "Polygon", "coordinates": [ [ [ 117.443584289104351, 1.87011275848002 ], [ 117.443763952161177, 1.87011275848002 ], [ 117.443763952161177, 1.870292421536844 ], [ 117.443584289104351, 1.870292421536844 ], [ 117.443584289104351, 1.87011275848002 ] ] ] } },
{ "type": "Feature", "properties": { "count": 2, "label": 1, "cluster_id": 314 }, "geometry": { "type": "Polygon", "coordinates": [ [ [ 117.443584289104351, 1.852865105024925 ], [ 117.443943615218004, 1.852865105024925 ], [ 117.443943615218004, 1.853044768081749 ], [ 117.443584289104351, 1.853044768081749 ], [ 117.443584289104351, 1.852865105024925 ] ] ] } },
{ "type": "Feature", "properties": { "count": 13, "label": 1, "cluster_id": 314 }, "geometry": { "type": "Polygon", "coordinates": [ [ [ 117.444302941331642, 1.86508219288895 ], [ 117.444302941331642, 1.864722866775303 ], [ 117.44412327827483, 1.864722866775303 ], [ 117.44412327827483, 1.864543203718479 ], [ 117.444302941331642, 1.864543203718479 ], [ 117.444302941331642, 1.864363540661655 ], [ 117.444482604388469, 1.864363540661655 ], [ 117.444482604388469, 1.864183877604831 ], [ 117.445201256615761, 1.864183877604831 ], [ 117.445201256615761, 1.864363540661655 ], [ 117.444841930502122, 1.864363540661655 ], [ 117.444841930502122, 1.864543203718479 ], [ 117.444662267445295, 1.864543203718479 ], [ 117.444662267445295, 1.864902529832127 ], [ 117.444482604388469, 1.864902529832127 ], [ 117.444482604388469, 1.86508219288895 ], [ 117.444302941331642, 1.86508219288895 ] ] ] } },
{ "type": "Feature", "properties": { "count": 2, "label": 1, "cluster_id": 314 }, "geometry": { "type": "Polygon", "coordinates": [ [ [ 117.444482604388469, 1.870292421536844 ], [ 117.444841930502122, 1.870292421536844 ], [ 117.444841930502122, 1.870472084593668 ], [ 117.444482604388469, 1.870472084593668 ], [ 117.444482604388469, 1.870292421536844 ] ] ] } },
{ "type": "Feature", "properties": { "count": 3, "label": 1, "cluster_id": 314 }, "geometry": { "type": "Polygon", "coordinates": [ [ [ 117.445201256615761, 1.864363540661655 ], [ 117.445380919672587, 1.864363540661655 ], [ 117.445380919672587, 1.864902529832127 ], [ 117.445201256615761, 1.864902529832127 ], [ 117.445201256615761, 1.864363540661655 ] ] ] } },
{ "type": "Feature", "properties": { "count": 3, "label": 1, "cluster_id": 314 }, "geometry": { "type": "Polygon", "coordinates": [ [ [ 117.445380919672587, 1.864902529832127 ], [ 117.445560582729414, 1.864902529832127 ], [ 117.445560582729414, 1.865441519002598 ], [ 117.445380919672587, 1.865441519002598 ], [ 117.445380919672587, 1.864902529832127 ] ] ] } },
{ "type": "Feature", "properties": { "count": 11, "label": 1, "cluster_id": 314 }, "geometry": { "type": "Polygon", "coordinates": [ [ [ 117.445380919672587, 1.871909389048259 ], [ 117.445380919672587, 1.871370399877787 ], [ 117.445201256615761, 1.871370399877787 ], [ 117.445201256615761, 1.870651747650492 ], [ 117.444841930502122, 1.870651747650492 ], [ 117.444841930502122, 1.870472084593668 ], [ 117.445380919672587, 1.870472084593668 ], [ 117.445380919672587, 1.871190736820963 ], [ 117.445560582729414, 1.871190736820963 ], [ 117.445560582729414, 1.871909389048259 ], [ 117.445380919672587, 1.871909389048259 ] ] ] } },
{ "type": "Feature", "properties": { "count": 3, "label": 1, "cluster_id": 314 }, "geometry": { "type": "Polygon", "coordinates": [ [ [ 117.445560582729414, 1.872268715161907 ], [ 117.44574024578624, 1.872268715161907 ], [ 117.44574024578624, 1.872807704332378 ], [ 117.445560582729414, 1.872807704332378 ], [ 117.445560582729414, 1.872268715161907 ] ] ] } },
{ "type": "Feature", "properties": { "count": 1, "label": 1, "cluster_id": 314 }, "geometry": { "type": "Polygon", "coordinates": [ [ [ 117.445560582729414, 1.873526356559674 ], [ 117.44574024578624, 1.873526356559674 ], [ 117.44574024578624, 1.873706019616498 ], [ 117.445560582729414, 1.873706019616498 ], [ 117.445560582729414, 1.873526356559674 ] ] ] } },
{ "type": "Feature", "properties": { "count": 2, "label": 1, "cluster_id": 314 }, "geometry": { "type": "Polygon", "coordinates": [ [ [ 117.445560582729414, 1.874065345730146 ], [ 117.44574024578624, 1.874065345730146 ], [ 117.44574024578624, 1.874424671843794 ], [ 117.445560582729414, 1.874424671843794 ], [ 117.445560582729414, 1.874065345730146 ] ] ] } },
{ "type": "Feature", "properties": { "count": 1, "label": 1, "cluster_id": 314 }, "geometry": { "type": "Polygon", "coordinates": [ [ [ 117.44574024578624, 1.847475213320208 ], [ 117.445919908843067, 1.847475213320208 ], [ 117.445919908843067, 1.847654876377032 ], [ 117.44574024578624, 1.847654876377032 ], [ 117.44574024578624, 1.847475213320208 ] ] ] } },
{ "type": "Feature", "properties": { "count": 1, "label": 1, "cluster_id": 314 }, "geometry": { "type": "Polygon", "coordinates": [ [ [ 117.44574024578624, 1.865621182059422 ], [ 117.445919908843067, 1.865621182059422 ], [ 117.445919908843067, 1.865800845116246 ], [ 117.44574024578624, 1.865800845116246 ], [ 117.44574024578624, 1.865621182059422 ] ] ] } },
{ "type": "Feature", "properties": { "count": 2, "label": 1, "cluster_id": 314 }, "geometry": { "type": "Polygon", "coordinates": [ [ [ 117.44574024578624, 1.873167030446026 ], [ 117.445919908843067, 1.873167030446026 ], [ 117.445919908843067, 1.873526356559674 ], [ 117.44574024578624, 1.873526356559674 ], [ 117.44574024578624, 1.873167030446026 ] ] ] } },
{ "type": "Feature", "properties": { "count": 5, "label": 1, "cluster_id": 314 }, "geometry": { "type": "Polygon", "coordinates": [ [ [ 117.445919908843067, 1.849631170002095 ], [ 117.445919908843067, 1.849271843888447 ], [ 117.446279234956705, 1.849271843888447 ], [ 117.446279234956705, 1.849451506945271 ], [ 117.446458898013532, 1.849451506945271 ], [ 117.446458898013532, 1.849631170002095 ], [ 117.445919908843067, 1.849631170002095 ] ] ] } },
{ "type": "Feature", "properties": { "count": 6, "label": 1, "cluster_id": 314 }, "geometry": { "type": "Polygon", "coordinates": [ [ [ 117.446458898013532, 1.876041639355209 ], [ 117.446458898013532, 1.875861976298385 ], [ 117.446279234956705, 1.875861976298385 ], [ 117.446279234956705, 1.875682313241561 ], [ 117.446099571899893, 1.875682313241561 ], [ 117.446099571899893, 1.875502650184737 ], [ 117.446458898013532, 1.875502650184737 ], [ 117.446458898013532, 1.875682313241561 ], [ 117.446818224127185, 1.875682313241561 ], [ 117.446818224127185, 1.875861976298385 ], [ 117.446638561070358, 1.875861976298385 ], [ 117.446638561070358, 1.876041639355209 ], [ 117.446458898013532, 1.876041639355209 ] ] ] } },
{ "type": "Feature", "properties": { "count": 7, "label": 1, "cluster_id": 314 }, "geometry": { "type": "Polygon", "coordinates": [ [ [ 117.446458898013532, 1.881970520230398 ], [ 117.446458898013532, 1.881790857173574 ], [ 117.446279234956705, 1.881790857173574 ], [ 117.446279234956705, 1.88161119411675 ], [ 117.446458898013532, 1.88161119411675 ], [ 117.446458898013532, 1.880892541889454 ], [ 117.446638561070358, 1.880892541889454 ], [ 117.446638561070358, 1.881970520230398 ], [ 117.446458898013532, 1.881970520230398 ] ] ] } },
{ "type": "Feature", "properties": { "count": 1, "label": 1, "cluster_id": 314 }, "geometry": { "type": "Polygon", "coordinates": [ [ [ 117.446818224127185, 1.863285562320711 ], [ 117.446997887184011, 1.863285562320711 ], [ 117.446997887184011, 1.863465225377535 ], [ 117.446818224127185, 1.863465225377535 ], [ 117.446818224127185, 1.863285562320711 ] ] ] } },
{ "type": "Feature", "properties": { "count": 1, "label": 1, "cluster_id": 314 }, "geometry": { "type": "Polygon", "coordinates": [ [ [ 117.446818224127185, 1.875861976298385 ], [ 117.446997887184011, 1.875861976298385 ], [ 117.446997887184011, 1.876041639355209 ], [ 117.446818224127185, 1.876041639355209 ], [ 117.446818224127185, 1.875861976298385 ] ] ] } },
{ "type": "Feature", "properties": { "count": 3, "label": 1, "cluster_id": 314 }, "geometry": { "type": "Polygon", "coordinates": [ [ [ 117.446638561070358, 1.880533215775806 ], [ 117.446638561070358, 1.880353552718982 ], [ 117.446818224127185, 1.880353552718982 ], [ 117.446818224127185, 1.880173889662158 ], [ 117.446997887184011, 1.880173889662158 ], [ 117.446997887184011, 1.880533215775806 ], [ 117.446638561070358, 1.880533215775806 ] ] ] } },
{ "type": "Feature", "properties": { "count": 2, "label": 1, "cluster_id": 314 }, "geometry": { "type": "Polygon", "coordinates": [ [ [ 117.446997887184011, 1.876041639355209 ], [ 117.44735721329765, 1.876041639355209 ], [ 117.44735721329765, 1.876221302412033 ], [ 117.446997887184011, 1.876221302412033 ], [ 117.446997887184011, 1.876041639355209 ] ] ] } },
{ "type": "Feature", "properties": { "count": 5, "label": 1, "cluster_id": 314 }, "geometry": { "type": "Polygon", "coordinates": [ [ [ 117.447177550240824, 1.879994226605335 ], [ 117.447177550240824, 1.879634900491687 ], [ 117.44735721329765, 1.879634900491687 ], [ 117.44735721329765, 1.879455237434863 ], [ 117.447536876354476, 1.879455237434863 ], [ 117.447536876354476, 1.879634900491687 ], [ 117.447716539411303, 1.879634900491687 ], [ 117.447716539411303, 1.879814563548511 ], [ 117.44735721329765, 1.879814563548511 ], [ 117.44735721329765, 1.879994226605335 ], [ 117.447177550240824, 1.879994226605335 ] ] ] } },
{ "type": "Feature", "properties": { "count": 1, "label": 1, "cluster_id": 314 }, "geometry": { "type": "Polygon", "coordinates": [ [ [ 117.44735721329765, 1.878377259093919 ], [ 117.447536876354476, 1.878377259093919 ], [ 117.447536876354476, 1.878556922150743 ], [ 117.44735721329765, 1.878556922150743 ], [ 117.44735721329765, 1.878377259093919 ] ] ] } },
{ "type": "Feature", "properties": { "count": 4, "label": 1, "cluster_id": 314 }, "geometry": { "type": "Polygon", "coordinates": [ [ [ 117.44735721329765, 1.876760291582504 ], [ 117.44735721329765, 1.876221302412033 ], [ 117.447536876354476, 1.876221302412033 ], [ 117.447536876354476, 1.87658062852568 ], [ 117.447716539411303, 1.87658062852568 ], [ 117.447716539411303, 1.876760291582504 ], [ 117.44735721329765, 1.876760291582504 ] ] ] } },
{ "type": "Feature", "properties": { "count": 10, "label": 1, "cluster_id": 314 }, "geometry": { "type": "Polygon", "coordinates": [ [ [ 117.447536876354476, 1.878377259093919 ], [ 117.447536876354476, 1.878197596037096 ], [ 117.44735721329765, 1.878197596037096 ], [ 117.44735721329765, 1.878017932980272 ], [ 117.447536876354476, 1.878017932980272 ], [ 117.447536876354476, 1.877658606866624 ], [ 117.44735721329765, 1.877658606866624 ], [ 117.44735721329765, 1.8774789438098 ], [ 117.447536876354476, 1.8774789438098 ], [ 117.447536876354476, 1.876939954639328 ], [ 117.447716539411303, 1.876939954639328 ], [ 117.447716539411303, 1.878377259093919 ], [ 117.447536876354476, 1.878377259093919 ] ] ] } },
{ "type": "Feature", "properties": { "count": 2, "label": 1, "cluster_id": 314 }, "geometry": { "type": "Polygon", "coordinates": [ [ [ 117.447536876354476, 1.879095911321215 ], [ 117.447716539411303, 1.879095911321215 ], [ 117.447716539411303, 1.879455237434863 ], [ 117.447536876354476, 1.879455237434863 ], [ 117.447536876354476, 1.879095911321215 ] ] ] } },
{ "type": "Feature", "properties": { "count": 2, "label": 1, "cluster_id": 314 }, "geometry": { "type": "Polygon", "coordinates": [ [ [ 117.447536876354476, 1.843163299956434 ], [ 117.447896202468129, 1.843163299956434 ], [ 117.447896202468129, 1.843342963013258 ], [ 117.447536876354476, 1.843342963013258 ], [ 117.447536876354476, 1.843163299956434 ] ] ] } },
{ "type": "Feature", "properties": { "count": 1, "label": 1, "cluster_id": 314 }, "geometry": { "type": "Polygon", "coordinates": [ [ [ 117.447716539411303, 1.847475213320208 ], [ 117.447896202468129, 1.847475213320208 ], [ 117.447896202468129, 1.847654876377032 ], [ 117.447716539411303, 1.847654876377032 ], [ 117.447716539411303, 1.847475213320208 ] ] ] } },
{ "type": "Feature", "properties": { "count": 2, "label": 1, "cluster_id": 314 }, "geometry": { "type": "Polygon", "coordinates": [ [ [ 117.447716539411303, 1.878736585207567 ], [ 117.447896202468129, 1.878736585207567 ], [ 117.447896202468129, 1.879095911321215 ], [ 117.447716539411303, 1.879095911321215 ], [ 117.447716539411303, 1.878736585207567 ] ] ] } },
{ "type": "Feature", "properties": { "count": 1, "label": 1, "cluster_id": 314 }, "geometry": { "type": "Polygon", "coordinates": [ [ [ 117.447896202468129, 1.853224431138573 ], [ 117.448075865524956, 1.853224431138573 ], [ 117.448075865524956, 1.853404094195397 ], [ 117.447896202468129, 1.853404094195397 ], [ 117.447896202468129, 1.853224431138573 ] ] ] } },
{ "type": "Feature", "properties": { "count": 6, "label": 1, "cluster_id": 314 }, "geometry": { "type": "Polygon", "coordinates": [ [ [ 117.448075865524956, 1.847654876377032 ], [ 117.448075865524956, 1.847295550263384 ], [ 117.447896202468129, 1.847295550263384 ], [ 117.447896202468129, 1.846756561092912 ], [ 117.448075865524956, 1.846756561092912 ], [ 117.448075865524956, 1.84711588720656 ], [ 117.448255528581768, 1.84711588720656 ], [ 117.448255528581768, 1.847654876377032 ], [ 117.448075865524956, 1.847654876377032 ] ] ] } },
{ "type": "Feature", "properties": { "count": 2, "label": 1, "cluster_id": 314 }, "geometry": { "type": "Polygon", "coordinates": [ [ [ 117.448075865524956, 1.853404094195397 ], [ 117.448255528581768, 1.853404094195397 ], [ 117.448255528581768, 1.853763420309045 ], [ 117.448075865524956, 1.853763420309045 ], [ 117.448075865524956, 1.853404094195397 ] ] ] } },
{ "type": "Feature", "properties": { "count": 6, "label": 1, "cluster_id": 314 }, "geometry": { "type": "Polygon", "coordinates": [ [ [ 117.448255528581768, 1.850888811399862 ], [ 117.448255528581768, 1.850529485286214 ], [ 117.448435191638595, 1.850529485286214 ], [ 117.448435191638595, 1.850170159172567 ], [ 117.448614854695421, 1.850170159172567 ], [ 117.448614854695421, 1.850888811399862 ], [ 117.448255528581768, 1.850888811399862 ] ] ] } },
{ "type": "Feature", "properties": { "count": 1, "label": 1, "cluster_id": 314 }, "geometry": { "type": "Polygon", "coordinates": [ [ [ 117.448435191638595, 1.859692301184233 ], [ 117.448614854695421, 1.859692301184233 ], [ 117.448614854695421, 1.859871964241057 ], [ 117.448435191638595, 1.859871964241057 ], [ 117.448435191638595, 1.859692301184233 ] ] ] } },
{ "type": "Feature", "properties": { "count": 2, "label": 1, "cluster_id": 314 }, "geometry": { "type": "Polygon", "coordinates": [ [ [ 117.448614854695421, 1.849810833058919 ], [ 117.448794517752248, 1.849810833058919 ], [ 117.448794517752248, 1.850170159172567 ], [ 117.448614854695421, 1.850170159172567 ], [ 117.448614854695421, 1.849810833058919 ] ] ] } },
{ "type": "Feature", "properties": { "count": 5, "label": 1, "cluster_id": 314 }, "geometry": { "type": "Polygon", "coordinates": [ [ [ 117.448614854695421, 1.856997355331875 ], [ 117.448614854695421, 1.856458366161403 ], [ 117.448974180809074, 1.856458366161403 ], [ 117.448974180809074, 1.856817692275051 ], [ 117.448794517752248, 1.856817692275051 ], [ 117.448794517752248, 1.856997355331875 ], [ 117.448614854695421, 1.856997355331875 ] ] ] } },
{ "type": "Feature", "properties": { "count": 1, "label": 1, "cluster_id": 314 }, "geometry": { "type": "Polygon", "coordinates": [ [ [ 117.448614854695421, 1.861668594809296 ], [ 117.448794517752248, 1.861668594809296 ], [ 117.448794517752248, 1.86184825786612 ], [ 117.448614854695421, 1.86184825786612 ], [ 117.448614854695421, 1.861668594809296 ] ] ] } },
{ "type": "Feature", "properties": { "count": 1, "label": 1, "cluster_id": 314 }, "geometry": { "type": "Polygon", "coordinates": [ [ [ 117.448794517752248, 1.859871964241057 ], [ 117.448974180809074, 1.859871964241057 ], [ 117.448974180809074, 1.860051627297881 ], [ 117.448794517752248, 1.860051627297881 ], [ 117.448794517752248, 1.859871964241057 ] ] ] } },
{ "type": "Feature", "properties": { "count": 1, "label": 1, "cluster_id": 314 }, "geometry": { "type": "Polygon", "coordinates": [ [ [ 117.448794517752248, 1.861488931752472 ], [ 117.448974180809074, 1.861488931752472 ], [ 117.448974180809074, 1.861668594809296 ], [ 117.448794517752248, 1.861668594809296 ], [ 117.448794517752248, 1.861488931752472 ] ] ] } },
{ "type": "Feature", "properties": { "count": 2, "label": 1, "cluster_id": 314 }, "geometry": { "type": "Polygon", "coordinates": [ [ [ 117.448974180809074, 1.85861432284329 ], [ 117.449153843865886, 1.85861432284329 ], [ 117.449153843865886, 1.858973648956938 ], [ 117.448974180809074, 1.858973648956938 ], [ 117.448974180809074, 1.85861432284329 ] ] ] } },
{ "type": "Feature", "properties": { "count": 9, "label": 1, "cluster_id": 314 }, "geometry": { "type": "Polygon", "coordinates": [ [ [ 117.449153843865886, 1.85861432284329 ], [ 117.449153843865886, 1.85771600755917 ], [ 117.449513169979539, 1.85771600755917 ], [ 117.449513169979539, 1.857536344502347 ], [ 117.449692833036366, 1.857536344502347 ], [ 117.449692833036366, 1.857895670615994 ], [ 117.449513169979539, 1.857895670615994 ], [ 117.449513169979539, 1.858075333672818 ], [ 117.449333506922713, 1.858075333672818 ], [ 117.449333506922713, 1.85861432284329 ], [ 117.449153843865886, 1.85861432284329 ] ] ] } },
{ "type": "Feature", "properties": { "count": 2, "label": 1, "cluster_id": 314 }, "geometry": { "type": "Polygon", "coordinates": [ [ [ 117.450231822206831, 1.857536344502347 ], [ 117.450411485263658, 1.857536344502347 ], [ 117.450411485263658, 1.857895670615994 ], [ 117.450231822206831, 1.857895670615994 ], [ 117.450231822206831, 1.857536344502347 ] ] ] } },
{ "type": "Feature", "properties": { "count": 2, "label": 1, "cluster_id": 314 }, "geometry": { "type": "Polygon", "coordinates": [ [ [ 117.450411485263658, 1.854122746422692 ], [ 117.450770811377311, 1.854122746422692 ], [ 117.450770811377311, 1.854302409479516 ], [ 117.450411485263658, 1.854302409479516 ], [ 117.450411485263658, 1.854122746422692 ] ] ] } },
{ "type": "Feature", "properties": { "count": 1, "label": 1, "cluster_id": 314 }, "geometry": { "type": "Polygon", "coordinates": [ [ [ 117.450591148320484, 1.857536344502347 ], [ 117.450770811377311, 1.857536344502347 ], [ 117.450770811377311, 1.85771600755917 ], [ 117.450591148320484, 1.85771600755917 ], [ 117.450591148320484, 1.857536344502347 ] ] ] } },
{ "type": "Feature", "properties": { "count": 1, "label": 1, "cluster_id": 314 }, "geometry": { "type": "Polygon", "coordinates": [ [ [ 117.450950474434137, 1.857536344502347 ], [ 117.451130137490949, 1.857536344502347 ], [ 117.451130137490949, 1.85771600755917 ], [ 117.450950474434137, 1.85771600755917 ], [ 117.450950474434137, 1.857536344502347 ] ] ] } },
{ "type": "Feature", "properties": { "count": 5, "label": 1, "cluster_id": 314 }, "geometry": { "type": "Polygon", "coordinates": [ [ [ 117.451130137490949, 1.857536344502347 ], [ 117.451130137490949, 1.857177018388699 ], [ 117.451848789718255, 1.857177018388699 ], [ 117.451848789718255, 1.857356681445523 ], [ 117.451309800547776, 1.857356681445523 ], [ 117.451309800547776, 1.857536344502347 ], [ 117.451130137490949, 1.857536344502347 ] ] ] } },
{ "type": "Feature", "properties": { "count": 1, "label": 1, "cluster_id": 314 }, "geometry": { "type": "Polygon", "coordinates": [ [ [ 117.451309800547776, 1.840468354104076 ], [ 117.451489463604602, 1.840468354104076 ], [ 117.451489463604602, 1.840648017160899 ], [ 117.451309800547776, 1.840648017160899 ], [ 117.451309800547776, 1.840468354104076 ] ] ] } },
{ "type": "Feature", "properties": { "count": 2, "label": 1, "cluster_id": 314 }, "geometry": { "type": "Polygon", "coordinates": [ [ [ 117.451848789718255, 1.839929364933604 ], [ 117.452208115831894, 1.839929364933604 ], [ 117.452208115831894, 1.840109027990428 ], [ 117.451848789718255, 1.840109027990428 ], [ 117.451848789718255, 1.839929364933604 ] ] ] } },
{ "type": "Feature", "properties": { "count": 1, "label": 1, "cluster_id": 314 }, "geometry": { "type": "Polygon", "coordinates": [ [ [ 117.452028452775082, 1.855021061706812 ], [ 117.452208115831894, 1.855021061706812 ], [ 117.452208115831894, 1.855200724763636 ], [ 117.452028452775082, 1.855200724763636 ], [ 117.452028452775082, 1.855021061706812 ] ] ] } },
{ "type": "Feature", "properties": { "count": 1, "label": 1, "cluster_id": 314 }, "geometry": { "type": "Polygon", "coordinates": [ [ [ 117.452208115831894, 1.856997355331875 ], [ 117.452387778888721, 1.856997355331875 ], [ 117.452387778888721, 1.857177018388699 ], [ 117.452208115831894, 1.857177018388699 ], [ 117.452208115831894, 1.856997355331875 ] ] ] } },
{ "type": "Feature", "properties": { "count": 1, "label": 1, "cluster_id": 314 }, "geometry": { "type": "Polygon", "coordinates": [ [ [ 117.452387778888721, 1.849271843888447 ], [ 117.452567441945547, 1.849271843888447 ], [ 117.452567441945547, 1.849451506945271 ], [ 117.452387778888721, 1.849451506945271 ], [ 117.452387778888721, 1.849271843888447 ] ] ] } },
{ "type": "Feature", "properties": { "count": 1, "label": 1, "cluster_id": 314 }, "geometry": { "type": "Polygon", "coordinates": [ [ [ 117.452387778888721, 1.853583757252221 ], [ 117.452567441945547, 1.853583757252221 ], [ 117.452567441945547, 1.853763420309045 ], [ 117.452387778888721, 1.853763420309045 ], [ 117.452387778888721, 1.853583757252221 ] ] ] } },
{ "type": "Feature", "properties": { "count": 4, "label": 1, "cluster_id": 314 }, "geometry": { "type": "Polygon", "coordinates": [ [ [ 117.452567441945547, 1.849271843888447 ], [ 117.452567441945547, 1.848912517774799 ], [ 117.453106431116012, 1.848912517774799 ], [ 117.453106431116012, 1.849092180831623 ], [ 117.452747105002373, 1.849092180831623 ], [ 117.452747105002373, 1.849271843888447 ], [ 117.452567441945547, 1.849271843888447 ] ] ] } },
{ "type": "Feature", "properties": { "count": 2, "label": 1, "cluster_id": 314 }, "geometry": { "type": "Polygon", "coordinates": [ [ [ 117.452567441945547, 1.849631170002095 ], [ 117.452747105002373, 1.849631170002095 ], [ 117.452747105002373, 1.849990496115743 ], [ 117.452567441945547, 1.849990496115743 ], [ 117.452567441945547, 1.849631170002095 ] ] ] } },
{ "type": "Feature", "properties": { "count": 2, "label": 1, "cluster_id": 314 }, "geometry": { "type": "Polygon", "coordinates": [ [ [ 117.452747105002373, 1.851607463627158 ], [ 117.4529267680592, 1.851607463627158 ], [ 117.4529267680592, 1.851966789740805 ], [ 117.452747105002373, 1.851966789740805 ], [ 117.452747105002373, 1.851607463627158 ] ] ] } },
{ "type": "Feature", "properties": { "count": 1, "label": 1, "cluster_id": 314 }, "geometry": { "type": "Polygon", "coordinates": [ [ [ 117.453106431116012, 1.849990496115743 ], [ 117.453286094172839, 1.849990496115743 ], [ 117.453286094172839, 1.850170159172567 ], [ 117.453106431116012, 1.850170159172567 ], [ 117.453106431116012, 1.849990496115743 ] ] ] } },
{ "type": "Feature", "properties": { "count": 4, "label": 1, "cluster_id": 314 }, "geometry": { "type": "Polygon", "coordinates": [ [ [ 117.4529267680592, 1.851607463627158 ], [ 117.4529267680592, 1.851427800570334 ], [ 117.453106431116012, 1.851427800570334 ], [ 117.453106431116012, 1.85124813751351 ], [ 117.453465757229665, 1.85124813751351 ], [ 117.453465757229665, 1.851427800570334 ], [ 117.453286094172839, 1.851427800570334 ], [ 117.453286094172839, 1.851607463627158 ], [ 117.4529267680592, 1.851607463627158 ] ] ] } },
{ "type": "Feature", "properties": { "count": 1, "label": 1, "cluster_id": 314 }, "geometry": { "type": "Polygon", "coordinates": [ [ [ 117.453286094172839, 1.850170159172567 ], [ 117.453465757229665, 1.850170159172567 ], [ 117.453465757229665, 1.85034982222939 ], [ 117.453286094172839, 1.85034982222939 ], [ 117.453286094172839, 1.850170159172567 ] ] ] } },
{ "type": "Feature", "properties": { "count": 1, "label": 1, "cluster_id": 314 }, "geometry": { "type": "Polygon", "coordinates": [ [ [ 117.453645420286492, 1.848553191661151 ], [ 117.453825083343318, 1.848553191661151 ], [ 117.453825083343318, 1.848732854717975 ], [ 117.453645420286492, 1.848732854717975 ], [ 117.453645420286492, 1.848553191661151 ] ] ] } },
{ "type": "Feature", "properties": { "count": 3, "label": 1, "cluster_id": 314 }, "geometry": { "type": "Polygon", "coordinates": [ [ [ 117.453645420286492, 1.850170159172567 ], [ 117.453825083343318, 1.850170159172567 ], [ 117.453825083343318, 1.850709148343038 ], [ 117.453645420286492, 1.850709148343038 ], [ 117.453645420286492, 1.850170159172567 ] ] ] } },
{ "type": "Feature", "properties": { "count": 1, "label": 1, "cluster_id": 314 }, "geometry": { "type": "Polygon", "coordinates": [ [ [ 117.453825083343318, 1.848373528604327 ], [ 117.454004746400145, 1.848373528604327 ], [ 117.454004746400145, 1.848553191661151 ], [ 117.453825083343318, 1.848553191661151 ], [ 117.453825083343318, 1.848373528604327 ] ] ] } },
{ "type": "Feature", "properties": { "count": 1, "label": 1, "cluster_id": 314 }, "geometry": { "type": "Polygon", "coordinates": [ [ [ 117.454364072513783, 1.847654876377032 ], [ 117.45454373557061, 1.847654876377032 ], [ 117.45454373557061, 1.847834539433856 ], [ 117.454364072513783, 1.847834539433856 ], [ 117.454364072513783, 1.847654876377032 ] ] ] } },
{ "type": "Feature", "properties": { "count": 2, "label": 1, "cluster_id": 314 }, "geometry": { "type": "Polygon", "coordinates": [ [ [ 117.45454373557061, 1.846576898036088 ], [ 117.454723398627436, 1.846576898036088 ], [ 117.454723398627436, 1.846936224149736 ], [ 117.45454373557061, 1.846936224149736 ], [ 117.45454373557061, 1.846576898036088 ] ] ] } },
{ "type": "Feature", "properties": { "count": 1, "label": 1, "cluster_id": 314 }, "geometry": { "type": "Polygon", "coordinates": [ [ [ 117.45454373557061, 1.84711588720656 ], [ 117.454723398627436, 1.84711588720656 ], [ 117.454723398627436, 1.847295550263384 ], [ 117.45454373557061, 1.847295550263384 ], [ 117.45454373557061, 1.84711588720656 ] ] ] } },
{ "type": "Feature", "properties": { "count": 1, "label": 1, "cluster_id": 314 }, "geometry": { "type": "Polygon", "coordinates": [ [ [ 117.45454373557061, 1.847834539433856 ], [ 117.454723398627436, 1.847834539433856 ], [ 117.454723398627436, 1.84801420249068 ], [ 117.45454373557061, 1.84801420249068 ], [ 117.45454373557061, 1.847834539433856 ] ] ] } },
{ "type": "Feature", "properties": { "count": 1, "label": 1, "cluster_id": 314 }, "geometry": { "type": "Polygon", "coordinates": [ [ [ 117.454723398627436, 1.846397234979265 ], [ 117.454903061684263, 1.846397234979265 ], [ 117.454903061684263, 1.846576898036088 ], [ 117.454723398627436, 1.846576898036088 ], [ 117.454723398627436, 1.846397234979265 ] ] ] } },
{ "type": "Feature", "properties": { "count": 2, "label": 1, "cluster_id": 314 }, "geometry": { "type": "Polygon", "coordinates": [ [ [ 117.455621713911555, 1.871011073764139 ], [ 117.455981040025208, 1.871011073764139 ], [ 117.455981040025208, 1.871190736820963 ], [ 117.455621713911555, 1.871190736820963 ], [ 117.455621713911555, 1.871011073764139 ] ] ] } },
{ "type": "Feature", "properties": { "count": 3, "label": 1, "cluster_id": 314 }, "geometry": { "type": "Polygon", "coordinates": [ [ [ 117.45616070308202, 1.849810833058919 ], [ 117.45616070308202, 1.849451506945271 ], [ 117.456520029195673, 1.849451506945271 ], [ 117.456520029195673, 1.849631170002095 ], [ 117.456340366138846, 1.849631170002095 ], [ 117.456340366138846, 1.849810833058919 ], [ 117.45616070308202, 1.849810833058919 ] ] ] } },
{ "type": "Feature", "properties": { "count": 1, "label": 1, "cluster_id": 314 }, "geometry": { "type": "Polygon", "coordinates": [ [ [ 117.456340366138846, 1.844959930524673 ], [ 117.456520029195673, 1.844959930524673 ], [ 117.456520029195673, 1.845139593581497 ], [ 117.456340366138846, 1.845139593581497 ], [ 117.456340366138846, 1.844959930524673 ] ] ] } },
{ "type": "Feature", "properties": { "count": 1, "label": 1, "cluster_id": 314 }, "geometry": { "type": "Polygon", "coordinates": [ [ [ 117.456520029195673, 1.849271843888447 ], [ 117.456699692252499, 1.849271843888447 ], [ 117.456699692252499, 1.849451506945271 ], [ 117.456520029195673, 1.849451506945271 ], [ 117.456520029195673, 1.849271843888447 ] ] ] } },
{ "type": "Feature", "properties": { "count": 2, "label": 1, "cluster_id": 314 }, "geometry": { "type": "Polygon", "coordinates": [ [ [ 117.456699692252499, 1.844241278297378 ], [ 117.457059018366138, 1.844241278297378 ], [ 117.457059018366138, 1.844420941354201 ], [ 117.456699692252499, 1.844420941354201 ], [ 117.456699692252499, 1.844241278297378 ] ] ] } },
{ "type": "Feature", "properties": { "count": 1, "label": 1, "cluster_id": 314 }, "geometry": { "type": "Polygon", "coordinates": [ [ [ 117.458136996707083, 1.849092180831623 ], [ 117.458316659763909, 1.849092180831623 ], [ 117.458316659763909, 1.849271843888447 ], [ 117.458136996707083, 1.849271843888447 ], [ 117.458136996707083, 1.849092180831623 ] ] ] } },
{ "type": "Feature", "properties": { "count": 1, "label": 1, "cluster_id": 314 }, "geometry": { "type": "Polygon", "coordinates": [ [ [ 117.458316659763909, 1.848553191661151 ], [ 117.458496322820736, 1.848553191661151 ], [ 117.458496322820736, 1.848732854717975 ], [ 117.458316659763909, 1.848732854717975 ], [ 117.458316659763909, 1.848553191661151 ] ] ] } },
{ "type": "Feature", "properties": { "count": 3, "label": 1, "cluster_id": 314 }, "geometry": { "type": "Polygon", "coordinates": [ [ [ 117.458136996707083, 1.822142722308037 ], [ 117.458675985877562, 1.822142722308037 ], [ 117.458675985877562, 1.822322385364861 ], [ 117.458136996707083, 1.822322385364861 ], [ 117.458136996707083, 1.822142722308037 ] ] ] } },
{ "type": "Feature", "properties": { "count": 1, "label": 1, "cluster_id": 314 }, "geometry": { "type": "Polygon", "coordinates": [ [ [ 117.458675985877562, 1.840288691047252 ], [ 117.458855648934389, 1.840288691047252 ], [ 117.458855648934389, 1.840468354104076 ], [ 117.458675985877562, 1.840468354104076 ], [ 117.458675985877562, 1.840288691047252 ] ] ] } },
{ "type": "Feature", "properties": { "count": 1, "label": 1, "cluster_id": 314 }, "geometry": { "type": "Polygon", "coordinates": [ [ [ 117.458675985877562, 1.848553191661151 ], [ 117.458855648934389, 1.848553191661151 ], [ 117.458855648934389, 1.848732854717975 ], [ 117.458675985877562, 1.848732854717975 ], [ 117.458675985877562, 1.848553191661151 ] ] ] } },
{ "type": "Feature", "properties": { "count": 2, "label": 1, "cluster_id": 314 }, "geometry": { "type": "Polygon", "coordinates": [ [ [ 117.458675985877562, 1.868136464854957 ], [ 117.458855648934389, 1.868136464854957 ], [ 117.458855648934389, 1.868495790968605 ], [ 117.458675985877562, 1.868495790968605 ], [ 117.458675985877562, 1.868136464854957 ] ] ] } },
{ "type": "Feature", "properties": { "count": 1, "label": 1, "cluster_id": 314 }, "geometry": { "type": "Polygon", "coordinates": [ [ [ 117.458855648934389, 1.846217571922441 ], [ 117.459035311991201, 1.846217571922441 ], [ 117.459035311991201, 1.846397234979265 ], [ 117.458855648934389, 1.846397234979265 ], [ 117.458855648934389, 1.846217571922441 ] ] ] } },
{ "type": "Feature", "properties": { "count": 1, "label": 1, "cluster_id": 314 }, "geometry": { "type": "Polygon", "coordinates": [ [ [ 117.459035311991201, 1.836695429910774 ], [ 117.459214975048027, 1.836695429910774 ], [ 117.459214975048027, 1.836875092967597 ], [ 117.459035311991201, 1.836875092967597 ], [ 117.459035311991201, 1.836695429910774 ] ] ] } },
{ "type": "Feature", "properties": { "count": 1, "label": 1, "cluster_id": 314 }, "geometry": { "type": "Polygon", "coordinates": [ [ [ 117.459035311991201, 1.848553191661151 ], [ 117.459214975048027, 1.848553191661151 ], [ 117.459214975048027, 1.848732854717975 ], [ 117.459035311991201, 1.848732854717975 ], [ 117.459035311991201, 1.848553191661151 ] ] ] } },
{ "type": "Feature", "properties": { "count": 1, "label": 1, "cluster_id": 314 }, "geometry": { "type": "Polygon", "coordinates": [ [ [ 117.459753964218507, 1.83974970187678 ], [ 117.459933627275333, 1.83974970187678 ], [ 117.459933627275333, 1.839929364933604 ], [ 117.459753964218507, 1.839929364933604 ], [ 117.459753964218507, 1.83974970187678 ] ] ] } },
{ "type": "Feature", "properties": { "count": 1, "label": 1, "cluster_id": 314 }, "geometry": { "type": "Polygon", "coordinates": [ [ [ 117.460652279502625, 1.838132734365365 ], [ 117.460831942559452, 1.838132734365365 ], [ 117.460831942559452, 1.838312397422189 ], [ 117.460652279502625, 1.838312397422189 ], [ 117.460652279502625, 1.838132734365365 ] ] ] } },
{ "type": "Feature", "properties": { "count": 1, "label": 1, "cluster_id": 314 }, "geometry": { "type": "Polygon", "coordinates": [ [ [ 117.460831942559452, 1.837773408251717 ], [ 117.461011605616264, 1.837773408251717 ], [ 117.461011605616264, 1.837953071308541 ], [ 117.460831942559452, 1.837953071308541 ], [ 117.460831942559452, 1.837773408251717 ] ] ] } },
{ "type": "Feature", "properties": { "count": 2, "label": 1, "cluster_id": 314 }, "geometry": { "type": "Polygon", "coordinates": [ [ [ 117.460831942559452, 1.83561745156983 ], [ 117.46119126867309, 1.83561745156983 ], [ 117.46119126867309, 1.835797114626654 ], [ 117.460831942559452, 1.835797114626654 ], [ 117.460831942559452, 1.83561745156983 ] ] ] } },
{ "type": "Feature", "properties": { "count": 1, "label": 1, "cluster_id": 314 }, "geometry": { "type": "Polygon", "coordinates": [ [ [ 117.461550594786743, 1.837414082138069 ], [ 117.46173025784357, 1.837414082138069 ], [ 117.46173025784357, 1.837593745194893 ], [ 117.461550594786743, 1.837593745194893 ], [ 117.461550594786743, 1.837414082138069 ] ] ] } },
{ "type": "Feature", "properties": { "count": 1, "label": 1, "cluster_id": 314 }, "geometry": { "type": "Polygon", "coordinates": [ [ [ 117.462089583957209, 1.836695429910774 ], [ 117.462269247014035, 1.836695429910774 ], [ 117.462269247014035, 1.836875092967597 ], [ 117.462089583957209, 1.836875092967597 ], [ 117.462089583957209, 1.836695429910774 ] ] ] } },
{ "type": "Feature", "properties": { "count": 1, "label": 1, "cluster_id": 314 }, "geometry": { "type": "Polygon", "coordinates": [ [ [ 117.462808236184514, 1.840109027990428 ], [ 117.462987899241327, 1.840109027990428 ], [ 117.462987899241327, 1.840288691047252 ], [ 117.462808236184514, 1.840288691047252 ], [ 117.462808236184514, 1.840109027990428 ] ] ] } },
{ "type": "Feature", "properties": { "count": 1, "label": 1, "cluster_id": 314 }, "geometry": { "type": "Polygon", "coordinates": [ [ [ 117.462987899241327, 1.835078462399359 ], [ 117.463167562298153, 1.835078462399359 ], [ 117.463167562298153, 1.835258125456182 ], [ 117.462987899241327, 1.835258125456182 ], [ 117.462987899241327, 1.835078462399359 ] ] ] } },
{ "type": "Feature", "properties": { "count": 1, "label": 1, "cluster_id": 314 }, "geometry": { "type": "Polygon", "coordinates": [ [ [ 117.462987899241327, 1.835437788513006 ], [ 117.463167562298153, 1.835437788513006 ], [ 117.463167562298153, 1.83561745156983 ], [ 117.462987899241327, 1.83561745156983 ], [ 117.462987899241327, 1.835437788513006 ] ] ] } },
{ "type": "Feature", "properties": { "count": 1, "label": 1, "cluster_id": 314 }, "geometry": { "type": "Polygon", "coordinates": [ [ [ 117.46334722535498, 1.83561745156983 ], [ 117.463526888411806, 1.83561745156983 ], [ 117.463526888411806, 1.835797114626654 ], [ 117.46334722535498, 1.835797114626654 ], [ 117.46334722535498, 1.83561745156983 ] ] ] } },
{ "type": "Feature", "properties": { "count": 3, "label": 1, "cluster_id": 314 }, "geometry": { "type": "Polygon", "coordinates": [ [ [ 117.464245540639098, 1.839390375763132 ], [ 117.464245540639098, 1.839210712706308 ], [ 117.464425203695924, 1.839210712706308 ], [ 117.464425203695924, 1.839031049649484 ], [ 117.464604866752751, 1.839031049649484 ], [ 117.464604866752751, 1.839390375763132 ], [ 117.464245540639098, 1.839390375763132 ] ] ] } },
{ "type": "Feature", "properties": { "count": 1, "label": 1, "cluster_id": 314 }, "geometry": { "type": "Polygon", "coordinates": [ [ [ 117.464784529809577, 1.838132734365365 ], [ 117.46496419286639, 1.838132734365365 ], [ 117.46496419286639, 1.838312397422189 ], [ 117.464784529809577, 1.838312397422189 ], [ 117.464784529809577, 1.838132734365365 ] ] ] } },
{ "type": "Feature", "properties": { "count": 6, "label": 1, "cluster_id": 314 }, "geometry": { "type": "Polygon", "coordinates": [ [ [ 117.464784529809577, 1.839390375763132 ], [ 117.464784529809577, 1.839210712706308 ], [ 117.46496419286639, 1.839210712706308 ], [ 117.46496419286639, 1.839031049649484 ], [ 117.465143855923216, 1.839031049649484 ], [ 117.465143855923216, 1.838851386592661 ], [ 117.465323518980043, 1.838851386592661 ], [ 117.465323518980043, 1.839390375763132 ], [ 117.464784529809577, 1.839390375763132 ] ] ] } },
{ "type": "Feature", "properties": { "count": 3, "label": 1, "cluster_id": 314 }, "geometry": { "type": "Polygon", "coordinates": [ [ [ 117.465143855923216, 1.839570038819956 ], [ 117.465323518980043, 1.839570038819956 ], [ 117.465323518980043, 1.840109027990428 ], [ 117.465143855923216, 1.840109027990428 ], [ 117.465143855923216, 1.839570038819956 ] ] ] } },
{ "type": "Feature", "properties": { "count": 1, "label": 1, "cluster_id": 314 }, "geometry": { "type": "Polygon", "coordinates": [ [ [ 117.465143855923216, 1.849631170002095 ], [ 117.465323518980043, 1.849631170002095 ], [ 117.465323518980043, 1.849810833058919 ], [ 117.465143855923216, 1.849810833058919 ], [ 117.465143855923216, 1.849631170002095 ] ] ] } }
]
}
