{
"type": "FeatureCollection",
"name": "cluster_016_burned_perimeter",
"crs": { "type": "name", "properties": { "name": "urn:ogc:def:crs:OGC:1.3:CRS84" } },
"features": [
{ "type": "Feature", "properties": { "count": 11, "label": 1, "cluster_id": 16 }, "geometry": { "type": "Polygon", "coordinates": [ [ [ 112.935478867278945, -2.152004094636726 ], [ 112.935478867278945, -2.15218375769355 ], [ 112.935299204222119, -2.15218375769355 ], [ 112.935299204222119, -2.152902409920845 ], [ 112.936017856449411, -2.152902409920845 ], [ 112.936017856449411, -2.152722746864021 ], [ 112.935838193392598, -2.152722746864021 ], [ 112.935838193392598, -2.152543083807197 ], [ 112.935478867278945, -2.152543083807197 ], [ 112.935478867278945, -2.152363420750373 ], [ 112.935658530335772, -2.152363420750373 ], [ 112.935658530335772, -2.152004094636726 ], [ 112.935478867278945, -2.152004094636726 ] ] ] } },
{ "type": "Feature", "properties": { "count": 1, "label": 1, "cluster_id": 16 }, "geometry": { "type": "Polygon", "coordinates": [ [ [ 112.937275497847182, -2.151824431579902 ], [ 112.937455160904008, -2.151824431579902 ], [ 112.937455160904008, -2.151644768523078 ], [ 112.937275497847182, -2.151644768523078 ], [ 112.937275497847182, -2.151824431579902 ] ] ] } },
{ "type": "Feature", "properties": { "count": 6, "label": 1, "cluster_id": 16 }, "geometry": { "type": "Polygon", "coordinates": [ [ [ 112.93655684561989, -2.159909269136977 ], [ 112.93655684561989, -2.160268595250625 ], [ 112.936736508676717, -2.160268595250625 ], [ 112.936736508676717, -2.160088932193801 ], [ 112.937455160904008, -2.160088932193801 ], [ 112.937455160904008, -2.159909269136977 ], [ 112.93655684561989, -2.159909269136977 ] ] ] } },
{ "type": "Feature", "properties": { "count": 2, "label": 1, "cluster_id": 16 }, "geometry": { "type": "Polygon", "coordinates": [ [ [ 112.937275497847182, -2.152363420750373 ], [ 112.937634823960835, -2.152363420750373 ], [ 112.937634823960835, -2.15218375769355 ], [ 112.937275497847182, -2.15218375769355 ], [ 112.937275497847182, -2.152363420750373 ] ] ] } },
{ "type": "Feature", "properties": { "count": 1, "label": 1, "cluster_id": 16 }, "geometry": { "type": "Polygon", "coordinates": [ [ [ 112.937634823960835, -2.152543083807197 ], [ 112.937814487017661, -2.152543083807197 ], [ 112.937814487017661, -2.152363420750373 ], [ 112.937634823960835, -2.152363420750373 ], [ 112.937634823960835, -2.152543083807197 ] ] ] } },
{ "type": "Feature", "properties": { "count": 3, "label": 1, "cluster_id": 16 }, "geometry": { "type": "Polygon", "coordinates": [ [ [ 112.937634823960835, -2.156495671057323 ], [ 112.937634823960835, -2.156675334114147 ], [ 112.937455160904008, -2.156675334114147 ], [ 112.937455160904008, -2.156854997170971 ], [ 112.937814487017661, -2.156854997170971 ], [ 112.937814487017661, -2.156495671057323 ], [ 112.937634823960835, -2.156495671057323 ] ] ] } },
{ "type": "Feature", "properties": { "count": 1, "label": 1, "cluster_id": 16 }, "geometry": { "type": "Polygon", "coordinates": [ [ [ 112.937994150074474, -2.157214323284619 ], [ 112.9381738131313, -2.157214323284619 ], [ 112.9381738131313, -2.157034660227795 ], [ 112.937994150074474, -2.157034660227795 ], [ 112.937994150074474, -2.157214323284619 ] ] ] } },
{ "type": "Feature", "properties": { "count": 12, "label": 1, "cluster_id": 16 }, "geometry": { "type": "Polygon", "coordinates": [ [ [ 112.937634823960835, -2.162065225818864 ], [ 112.937634823960835, -2.162244888875688 ], [ 112.937455160904008, -2.162244888875688 ], [ 112.937455160904008, -2.162065225818864 ], [ 112.937095834790355, -2.162065225818864 ], [ 112.937095834790355, -2.162424551932512 ], [ 112.938353476188126, -2.162424551932512 ], [ 112.938353476188126, -2.162244888875688 ], [ 112.9381738131313, -2.162244888875688 ], [ 112.9381738131313, -2.162065225818864 ], [ 112.937634823960835, -2.162065225818864 ] ] ] } },
{ "type": "Feature", "properties": { "count": 2, "label": 1, "cluster_id": 16 }, "geometry": { "type": "Polygon", "coordinates": [ [ [ 112.9381738131313, -2.157932975511915 ], [ 112.938353476188126, -2.157932975511915 ], [ 112.938353476188126, -2.157573649398267 ], [ 112.9381738131313, -2.157573649398267 ], [ 112.9381738131313, -2.157932975511915 ] ] ] } },
{ "type": "Feature", "properties": { "count": 13, "label": 1, "cluster_id": 16 }, "geometry": { "type": "Polygon", "coordinates": [ [ [ 112.937994150074474, -2.159909269136977 ], [ 112.937994150074474, -2.160088932193801 ], [ 112.937455160904008, -2.160088932193801 ], [ 112.937455160904008, -2.160268595250625 ], [ 112.937634823960835, -2.160268595250625 ], [ 112.937634823960835, -2.160448258307449 ], [ 112.9381738131313, -2.160448258307449 ], [ 112.9381738131313, -2.160807584421097 ], [ 112.938353476188126, -2.160807584421097 ], [ 112.938353476188126, -2.159909269136977 ], [ 112.937994150074474, -2.159909269136977 ] ] ] } },
{ "type": "Feature", "properties": { "count": 21, "label": 1, "cluster_id": 16 }, "geometry": { "type": "Polygon", "coordinates": [ [ [ 112.9381738131313, -2.163682193330279 ], [ 112.9381738131313, -2.164041519443927 ], [ 112.938353476188126, -2.164041519443927 ], [ 112.938353476188126, -2.165119497784871 ], [ 112.939072128415418, -2.165119497784871 ], [ 112.939072128415418, -2.164939834728047 ], [ 112.938892465358606, -2.164939834728047 ], [ 112.938892465358606, -2.164580508614399 ], [ 112.938712802301779, -2.164580508614399 ], [ 112.938712802301779, -2.164400845557575 ], [ 112.938892465358606, -2.164400845557575 ], [ 112.938892465358606, -2.164221182500751 ], [ 112.938712802301779, -2.164221182500751 ], [ 112.938712802301779, -2.163861856387103 ], [ 112.938353476188126, -2.163861856387103 ], [ 112.938353476188126, -2.163682193330279 ], [ 112.9381738131313, -2.163682193330279 ] ] ] } },
{ "type": "Feature", "properties": { "count": 1, "label": 1, "cluster_id": 16 }, "geometry": { "type": "Polygon", "coordinates": [ [ [ 112.938353476188126, -2.158292301625562 ], [ 112.938533139244953, -2.158292301625562 ], [ 112.938533139244953, -2.158112638568738 ], [ 112.938353476188126, -2.158112638568738 ], [ 112.938353476188126, -2.158292301625562 ] ] ] } },
{ "type": "Feature", "properties": { "count": 2, "label": 1, "cluster_id": 16 }, "geometry": { "type": "Polygon", "coordinates": [ [ [ 112.938353476188126, -2.152543083807197 ], [ 112.938712802301779, -2.152543083807197 ], [ 112.938712802301779, -2.152363420750373 ], [ 112.938353476188126, -2.152363420750373 ], [ 112.938353476188126, -2.152543083807197 ] ] ] } },
{ "type": "Feature", "properties": { "count": 4, "label": 1, "cluster_id": 16 }, "geometry": { "type": "Polygon", "coordinates": [ [ [ 112.938533139244953, -2.158831290796034 ], [ 112.938533139244953, -2.159010953852858 ], [ 112.938712802301779, -2.159010953852858 ], [ 112.938712802301779, -2.159370279966506 ], [ 112.938892465358606, -2.159370279966506 ], [ 112.938892465358606, -2.158831290796034 ], [ 112.938533139244953, -2.158831290796034 ] ] ] } },
{ "type": "Feature", "properties": { "count": 2, "label": 1, "cluster_id": 16 }, "geometry": { "type": "Polygon", "coordinates": [ [ [ 112.938892465358606, -2.159729606080154 ], [ 112.939072128415418, -2.159729606080154 ], [ 112.939072128415418, -2.159370279966506 ], [ 112.938892465358606, -2.159370279966506 ], [ 112.938892465358606, -2.159729606080154 ] ] ] } },
{ "type": "Feature", "properties": { "count": 7, "label": 1, "cluster_id": 16 }, "geometry": { "type": "Polygon", "coordinates": [ [ [ 112.938712802301779, -2.16601781306899 ], [ 112.938712802301779, -2.166556802239462 ], [ 112.939251791472245, -2.166556802239462 ], [ 112.939251791472245, -2.166377139182638 ], [ 112.939072128415418, -2.166377139182638 ], [ 112.939072128415418, -2.16601781306899 ], [ 112.938712802301779, -2.16601781306899 ] ] ] } },
{ "type": "Feature", "properties": { "count": 2, "label": 1, "cluster_id": 16 }, "geometry": { "type": "Polygon", "coordinates": [ [ [ 112.938892465358606, -2.162424551932512 ], [ 112.939251791472245, -2.162424551932512 ], [ 112.939251791472245, -2.162244888875688 ], [ 112.938892465358606, -2.162244888875688 ], [ 112.938892465358606, -2.162424551932512 ] ] ] } },
{ "type": "Feature", "properties": { "count": 2, "label": 1, "cluster_id": 16 }, "geometry": { "type": "Polygon", "coordinates": [ [ [ 112.939072128415418, -2.164580508614399 ], [ 112.939431454529071, -2.164580508614399 ], [ 112.939431454529071, -2.164400845557575 ], [ 112.939072128415418, -2.164400845557575 ], [ 112.939072128415418, -2.164580508614399 ] ] ] } },
{ "type": "Feature", "properties": { "count": 15, "label": 1, "cluster_id": 16 }, "geometry": { "type": "Polygon", "coordinates": [ [ [ 112.939072128415418, -2.152363420750373 ], [ 112.939072128415418, -2.152543083807197 ], [ 112.938712802301779, -2.152543083807197 ], [ 112.938712802301779, -2.152722746864021 ], [ 112.938892465358606, -2.152722746864021 ], [ 112.938892465358606, -2.152902409920845 ], [ 112.939072128415418, -2.152902409920845 ], [ 112.939072128415418, -2.152722746864021 ], [ 112.939431454529071, -2.152722746864021 ], [ 112.939431454529071, -2.152543083807197 ], [ 112.939611117585898, -2.152543083807197 ], [ 112.939611117585898, -2.152722746864021 ], [ 112.939970443699536, -2.152722746864021 ], [ 112.939970443699536, -2.152902409920845 ], [ 112.940329769813189, -2.152902409920845 ], [ 112.940329769813189, -2.152543083807197 ], [ 112.939790780642724, -2.152543083807197 ], [ 112.939790780642724, -2.152363420750373 ], [ 112.939072128415418, -2.152363420750373 ] ] ] } },
{ "type": "Feature", "properties": { "count": 2, "label": 1, "cluster_id": 16 }, "geometry": { "type": "Polygon", "coordinates": [ [ [ 112.939970443699536, -2.163143204159808 ], [ 112.940150106756363, -2.163143204159808 ], [ 112.940150106756363, -2.16278387804616 ], [ 112.939970443699536, -2.16278387804616 ], [ 112.939970443699536, -2.163143204159808 ] ] ] } },
{ "type": "Feature", "properties": { "count": 1, "label": 1, "cluster_id": 16 }, "geometry": { "type": "Polygon", "coordinates": [ [ [ 112.939970443699536, -2.167455117523581 ], [ 112.940150106756363, -2.167455117523581 ], [ 112.940150106756363, -2.167275454466758 ], [ 112.939970443699536, -2.167275454466758 ], [ 112.939970443699536, -2.167455117523581 ] ] ] } },
{ "type": "Feature", "properties": { "count": 11, "label": 1, "cluster_id": 16 }, "geometry": { "type": "Polygon", "coordinates": [ [ [ 112.940150106756363, -2.166377139182638 ], [ 112.940150106756363, -2.166556802239462 ], [ 112.939970443699536, -2.166556802239462 ], [ 112.939970443699536, -2.166736465296286 ], [ 112.940509432870016, -2.166736465296286 ], [ 112.940509432870016, -2.16691612835311 ], [ 112.940150106756363, -2.16691612835311 ], [ 112.940150106756363, -2.167275454466758 ], [ 112.940329769813189, -2.167275454466758 ], [ 112.940329769813189, -2.167095791409934 ], [ 112.940868758983669, -2.167095791409934 ], [ 112.940868758983669, -2.16691612835311 ], [ 112.940689095926842, -2.16691612835311 ], [ 112.940689095926842, -2.166556802239462 ], [ 112.940329769813189, -2.166556802239462 ], [ 112.940329769813189, -2.166377139182638 ], [ 112.940150106756363, -2.166377139182638 ] ] ] } },
{ "type": "Feature", "properties": { "count": 19, "label": 1, "cluster_id": 16 }, "geometry": { "type": "Polygon", "coordinates": [ [ [ 112.940509432870016, -2.164939834728047 ], [ 112.940509432870016, -2.165478823898519 ], [ 112.940150106756363, -2.165478823898519 ], [ 112.940150106756363, -2.165658486955342 ], [ 112.939611117585898, -2.165658486955342 ], [ 112.939611117585898, -2.16601781306899 ], [ 112.940150106756363, -2.16601781306899 ], [ 112.940150106756363, -2.166197476125814 ], [ 112.940509432870016, -2.166197476125814 ], [ 112.940509432870016, -2.165838150012166 ], [ 112.940689095926842, -2.165838150012166 ], [ 112.940689095926842, -2.164939834728047 ], [ 112.940509432870016, -2.164939834728047 ] ] ] } },
{ "type": "Feature", "properties": { "count": 2, "label": 1, "cluster_id": 16 }, "geometry": { "type": "Polygon", "coordinates": [ [ [ 112.940689095926842, -2.166197476125814 ], [ 112.940868758983669, -2.166197476125814 ], [ 112.940868758983669, -2.165838150012166 ], [ 112.940689095926842, -2.165838150012166 ], [ 112.940689095926842, -2.166197476125814 ] ] ] } },
{ "type": "Feature", "properties": { "count": 4, "label": 1, "cluster_id": 16 }, "geometry": { "type": "Polygon", "coordinates": [ [ [ 112.940329769813189, -2.170509389489588 ], [ 112.940329769813189, -2.170689052546412 ], [ 112.940509432870016, -2.170689052546412 ], [ 112.940509432870016, -2.170868715603236 ], [ 112.940689095926842, -2.170868715603236 ], [ 112.940689095926842, -2.170689052546412 ], [ 112.940868758983669, -2.170689052546412 ], [ 112.940868758983669, -2.170509389489588 ], [ 112.940329769813189, -2.170509389489588 ] ] ] } },
{ "type": "Feature", "properties": { "count": 1, "label": 1, "cluster_id": 16 }, "geometry": { "type": "Polygon", "coordinates": [ [ [ 112.940868758983669, -2.166736465296286 ], [ 112.941048422040481, -2.166736465296286 ], [ 112.941048422040481, -2.166556802239462 ], [ 112.940868758983669, -2.166556802239462 ], [ 112.940868758983669, -2.166736465296286 ] ] ] } },
{ "type": "Feature", "properties": { "count": 1, "label": 1, "cluster_id": 16 }, "geometry": { "type": "Polygon", "coordinates": [ [ [ 112.941048422040481, -2.16691612835311 ], [ 112.941228085097308, -2.16691612835311 ], [ 112.941228085097308, -2.166736465296286 ], [ 112.941048422040481, -2.166736465296286 ], [ 112.941048422040481, -2.16691612835311 ] ] ] } },
{ "type": "Feature", "properties": { "count": 1, "label": 1, "cluster_id": 16 }, "geometry": { "type": "Polygon", "coordinates": [ [ [ 112.941407748154134, -2.167455117523581 ], [ 112.941587411210961, -2.167455117523581 ], [ 112.941587411210961, -2.167275454466758 ], [ 112.941407748154134, -2.167275454466758 ], [ 112.941407748154134, -2.167455117523581 ] ] ] } },
{ "type": "Feature", "properties": { "count": 6, "label": 1, "cluster_id": 16 }, "geometry": { "type": "Polygon", "coordinates": [ [ [ 112.941048422040481, -2.153261736034493 ], [ 112.941048422040481, -2.153441399091317 ], [ 112.941587411210961, -2.153441399091317 ], [ 112.941587411210961, -2.153621062148141 ], [ 112.941946737324599, -2.153621062148141 ], [ 112.941946737324599, -2.153441399091317 ], [ 112.941767074267787, -2.153441399091317 ], [ 112.941767074267787, -2.153261736034493 ], [ 112.941048422040481, -2.153261736034493 ] ] ] } },
{ "type": "Feature", "properties": { "count": 1, "label": 1, "cluster_id": 16 }, "geometry": { "type": "Polygon", "coordinates": [ [ [ 112.942845052608732, -2.161526236648393 ], [ 112.943024715665544, -2.161526236648393 ], [ 112.943024715665544, -2.161346573591569 ], [ 112.942845052608732, -2.161346573591569 ], [ 112.942845052608732, -2.161526236648393 ] ] ] } },
{ "type": "Feature", "properties": { "count": 866, "label": 1, "cluster_id": 16 }, "geometry": { "type": "Polygon", "coordinates": [ [ [ 112.94374336789285, -2.155777018830028 ], [ 112.94374336789285, -2.155956681886852 ], [ 112.943563704836023, -2.155956681886852 ], [ 112.943563704836023, -2.156136344943675 ], [ 112.943204378722371, -2.156136344943675 ], [ 112.943204378722371, -2.156316008000499 ], [ 112.943024715665544, -2.156316008000499 ], [ 112.943024715665544, -2.156495671057323 ], [ 112.942845052608732, -2.156495671057323 ], [ 112.942845052608732, -2.156675334114147 ], [ 112.942665389551905, -2.156675334114147 ], [ 112.942665389551905, -2.157034660227795 ], [ 112.942845052608732, -2.157034660227795 ], [ 112.942845052608732, -2.157214323284619 ], [ 112.943024715665544, -2.157214323284619 ], [ 112.943024715665544, -2.157393986341443 ], [ 112.943204378722371, -2.157393986341443 ], [ 112.943204378722371, -2.157573649398267 ], [ 112.943024715665544, -2.157573649398267 ], [ 112.943024715665544, -2.157932975511915 ], [ 112.942845052608732, -2.157932975511915 ], [ 112.942845052608732, -2.158112638568738 ], [ 112.941767074267787, -2.158112638568738 ], [ 112.941767074267787, -2.157932975511915 ], [ 112.941587411210961, -2.157932975511915 ], [ 112.941587411210961, -2.158292301625562 ], [ 112.941407748154134, -2.158292301625562 ], [ 112.941407748154134, -2.158471964682386 ], [ 112.941228085097308, -2.158471964682386 ], [ 112.941228085097308, -2.157573649398267 ], [ 112.940868758983669, -2.157573649398267 ], [ 112.940868758983669, -2.157393986341443 ], [ 112.940689095926842, -2.157393986341443 ], [ 112.940689095926842, -2.157214323284619 ], [ 112.940509432870016, -2.157214323284619 ], [ 112.940509432870016, -2.157393986341443 ], [ 112.940150106756363, -2.157393986341443 ], [ 112.940150106756363, -2.157573649398267 ], [ 112.939790780642724, -2.157573649398267 ], [ 112.939790780642724, -2.157753312455091 ], [ 112.939611117585898, -2.157753312455091 ], [ 112.939611117585898, -2.157932975511915 ], [ 112.939431454529071, -2.157932975511915 ], [ 112.939431454529071, -2.158112638568738 ], [ 112.939251791472245, -2.158112638568738 ], [ 112.939251791472245, -2.158831290796034 ], [ 112.939431454529071, -2.158831290796034 ], [ 112.939431454529071, -2.159190616909682 ], [ 112.939611117585898, -2.159190616909682 ], [ 112.939611117585898, -2.159370279966506 ], [ 112.939790780642724, -2.159370279966506 ], [ 112.939790780642724, -2.159909269136977 ], [ 112.939431454529071, -2.159909269136977 ], [ 112.939431454529071, -2.160088932193801 ], [ 112.939251791472245, -2.160088932193801 ], [ 112.939251791472245, -2.160268595250625 ], [ 112.939072128415418, -2.160268595250625 ], [ 112.939072128415418, -2.160448258307449 ], [ 112.938892465358606, -2.160448258307449 ], [ 112.938892465358606, -2.160268595250625 ], [ 112.939072128415418, -2.160268595250625 ], [ 112.939072128415418, -2.159909269136977 ], [ 112.938712802301779, -2.159909269136977 ], [ 112.938712802301779, -2.160088932193801 ], [ 112.938533139244953, -2.160088932193801 ], [ 112.938533139244953, -2.160268595250625 ], [ 112.938712802301779, -2.160268595250625 ], [ 112.938712802301779, -2.160448258307449 ], [ 112.938533139244953, -2.160448258307449 ], [ 112.938533139244953, -2.160807584421097 ], [ 112.938712802301779, -2.160807584421097 ], [ 112.938712802301779, -2.161166910534745 ], [ 112.938892465358606, -2.161166910534745 ], [ 112.938892465358606, -2.161346573591569 ], [ 112.939072128415418, -2.161346573591569 ], [ 112.939072128415418, -2.161705899705217 ], [ 112.939251791472245, -2.161705899705217 ], [ 112.939251791472245, -2.16188556276204 ], [ 112.939072128415418, -2.16188556276204 ], [ 112.939072128415418, -2.162065225818864 ], [ 112.939251791472245, -2.162065225818864 ], [ 112.939251791472245, -2.162244888875688 ], [ 112.939431454529071, -2.162244888875688 ], [ 112.939431454529071, -2.162424551932512 ], [ 112.939790780642724, -2.162424551932512 ], [ 112.939790780642724, -2.16278387804616 ], [ 112.939970443699536, -2.16278387804616 ], [ 112.939970443699536, -2.162604214989336 ], [ 112.940329769813189, -2.162604214989336 ], [ 112.940329769813189, -2.162424551932512 ], [ 112.940509432870016, -2.162424551932512 ], [ 112.940509432870016, -2.162244888875688 ], [ 112.940689095926842, -2.162244888875688 ], [ 112.940689095926842, -2.162065225818864 ], [ 112.941767074267787, -2.162065225818864 ], [ 112.941767074267787, -2.16188556276204 ], [ 112.941946737324599, -2.16188556276204 ], [ 112.941946737324599, -2.161526236648393 ], [ 112.942126400381426, -2.161526236648393 ], [ 112.942126400381426, -2.160987247477921 ], [ 112.942306063438252, -2.160987247477921 ], [ 112.942306063438252, -2.160627921364273 ], [ 112.942485726495079, -2.160627921364273 ], [ 112.942485726495079, -2.160088932193801 ], [ 112.942665389551905, -2.160088932193801 ], [ 112.942665389551905, -2.159909269136977 ], [ 112.942845052608732, -2.159909269136977 ], [ 112.942845052608732, -2.160088932193801 ], [ 112.943024715665544, -2.160088932193801 ], [ 112.943024715665544, -2.159909269136977 ], [ 112.943563704836023, -2.159909269136977 ], [ 112.943563704836023, -2.159729606080154 ], [ 112.94374336789285, -2.159729606080154 ], [ 112.94374336789285, -2.159370279966506 ], [ 112.943923030949662, -2.159370279966506 ], [ 112.943923030949662, -2.15954994302333 ], [ 112.944102694006489, -2.15954994302333 ], [ 112.944102694006489, -2.159370279966506 ], [ 112.944282357063315, -2.159370279966506 ], [ 112.944282357063315, -2.159010953852858 ], [ 112.944462020120142, -2.159010953852858 ], [ 112.944462020120142, -2.159190616909682 ], [ 112.945001009290607, -2.159190616909682 ], [ 112.945001009290607, -2.15954994302333 ], [ 112.945180672347433, -2.15954994302333 ], [ 112.945180672347433, -2.159729606080154 ], [ 112.94536033540426, -2.159729606080154 ], [ 112.94536033540426, -2.15954994302333 ], [ 112.945719661517913, -2.15954994302333 ], [ 112.945719661517913, -2.159729606080154 ], [ 112.94536033540426, -2.159729606080154 ], [ 112.94536033540426, -2.160268595250625 ], [ 112.945539998461086, -2.160268595250625 ], [ 112.945539998461086, -2.160448258307449 ], [ 112.945719661517913, -2.160448258307449 ], [ 112.945719661517913, -2.160268595250625 ], [ 112.945899324574725, -2.160268595250625 ], [ 112.945899324574725, -2.160088932193801 ], [ 112.946078987631552, -2.160088932193801 ], [ 112.946078987631552, -2.159909269136977 ], [ 112.946258650688378, -2.159909269136977 ], [ 112.946258650688378, -2.159729606080154 ], [ 112.946617976802031, -2.159729606080154 ], [ 112.946617976802031, -2.15954994302333 ], [ 112.947336629029323, -2.15954994302333 ], [ 112.947336629029323, -2.159370279966506 ], [ 112.947875618199788, -2.159370279966506 ], [ 112.947875618199788, -2.159190616909682 ], [ 112.948234944313441, -2.159190616909682 ], [ 112.948234944313441, -2.15865162773921 ], [ 112.947156965972496, -2.15865162773921 ], [ 112.947156965972496, -2.158112638568738 ], [ 112.947336629029323, -2.158112638568738 ], [ 112.947336629029323, -2.157932975511915 ], [ 112.947156965972496, -2.157932975511915 ], [ 112.947156965972496, -2.157753312455091 ], [ 112.94697730291567, -2.157753312455091 ], [ 112.94697730291567, -2.157573649398267 ], [ 112.946797639858858, -2.157573649398267 ], [ 112.946797639858858, -2.157753312455091 ], [ 112.946258650688378, -2.157753312455091 ], [ 112.946258650688378, -2.159190616909682 ], [ 112.946078987631552, -2.159190616909682 ], [ 112.946078987631552, -2.159010953852858 ], [ 112.945899324574725, -2.159010953852858 ], [ 112.945899324574725, -2.15865162773921 ], [ 112.946078987631552, -2.15865162773921 ], [ 112.946078987631552, -2.157932975511915 ], [ 112.945899324574725, -2.157932975511915 ], [ 112.945899324574725, -2.157393986341443 ], [ 112.945719661517913, -2.157393986341443 ], [ 112.945719661517913, -2.157214323284619 ], [ 112.946078987631552, -2.157214323284619 ], [ 112.946078987631552, -2.157034660227795 ], [ 112.945899324574725, -2.157034660227795 ], [ 112.945899324574725, -2.156854997170971 ], [ 112.945539998461086, -2.156854997170971 ], [ 112.945539998461086, -2.156675334114147 ], [ 112.945899324574725, -2.156675334114147 ], [ 112.945899324574725, -2.156495671057323 ], [ 112.945001009290607, -2.156495671057323 ], [ 112.945001009290607, -2.156316008000499 ], [ 112.944462020120142, -2.156316008000499 ], [ 112.944462020120142, -2.156136344943675 ], [ 112.944102694006489, -2.156136344943675 ], [ 112.944102694006489, -2.155956681886852 ], [ 112.943923030949662, -2.155956681886852 ], [ 112.943923030949662, -2.155777018830028 ], [ 112.94374336789285, -2.155777018830028 ] ], [ [ 112.94536033540426, -2.158831290796034 ], [ 112.945180672347433, -2.158831290796034 ], [ 112.945180672347433, -2.159010953852858 ], [ 112.94536033540426, -2.159010953852858 ], [ 112.94536033540426, -2.158831290796034 ] ] ] } },
{ "type": "Feature", "properties": { "count": 3, "label": 1, "cluster_id": 16 }, "geometry": { "type": "Polygon", "coordinates": [ [ [ 112.944102694006489, -2.164400845557575 ], [ 112.944282357063315, -2.164400845557575 ], [ 112.944282357063315, -2.163861856387103 ], [ 112.944102694006489, -2.163861856387103 ], [ 112.944102694006489, -2.164400845557575 ] ] ] } },
{ "type": "Feature", "properties": { "count": 1, "label": 1, "cluster_id": 16 }, "geometry": { "type": "Polygon", "coordinates": [ [ [ 112.944282357063315, -2.164580508614399 ], [ 112.944462020120142, -2.164580508614399 ], [ 112.944462020120142, -2.164400845557575 ], [ 112.944282357063315, -2.164400845557575 ], [ 112.944282357063315, -2.164580508614399 ] ] ] } },
{ "type": "Feature", "properties": { "count": 2, "label": 1, "cluster_id": 16 }, "geometry": { "type": "Polygon", "coordinates": [ [ [ 112.944462020120142, -2.174641639796538 ], [ 112.944641683176968, -2.174641639796538 ], [ 112.944641683176968, -2.17428231368289 ], [ 112.944462020120142, -2.17428231368289 ], [ 112.944462020120142, -2.174641639796538 ] ] ] } },
{ "type": "Feature", "properties": { "count": 7, "label": 1, "cluster_id": 16 }, "geometry": { "type": "Polygon", "coordinates": [ [ [ 112.945001009290607, -2.165119497784871 ], [ 112.945001009290607, -2.165478823898519 ], [ 112.944821346233795, -2.165478823898519 ], [ 112.944821346233795, -2.165658486955342 ], [ 112.94536033540426, -2.165658486955342 ], [ 112.94536033540426, -2.165478823898519 ], [ 112.945539998461086, -2.165478823898519 ], [ 112.945539998461086, -2.165299160841695 ], [ 112.945180672347433, -2.165299160841695 ], [ 112.945180672347433, -2.165119497784871 ], [ 112.945001009290607, -2.165119497784871 ] ] ] } },
{ "type": "Feature", "properties": { "count": 2, "label": 1, "cluster_id": 16 }, "geometry": { "type": "Polygon", "coordinates": [ [ [ 112.945180672347433, -2.12415632082902 ], [ 112.94536033540426, -2.12415632082902 ], [ 112.94536033540426, -2.123796994715373 ], [ 112.945180672347433, -2.123796994715373 ], [ 112.945180672347433, -2.12415632082902 ] ] ] } },
{ "type": "Feature", "properties": { "count": 2, "label": 1, "cluster_id": 16 }, "geometry": { "type": "Polygon", "coordinates": [ [ [ 112.945180672347433, -2.160987247477921 ], [ 112.94536033540426, -2.160987247477921 ], [ 112.94536033540426, -2.160627921364273 ], [ 112.945180672347433, -2.160627921364273 ], [ 112.945180672347433, -2.160987247477921 ] ] ] } },
{ "type": "Feature", "properties": { "count": 1, "label": 1, "cluster_id": 16 }, "geometry": { "type": "Polygon", "coordinates": [ [ [ 112.94536033540426, -2.160627921364273 ], [ 112.945539998461086, -2.160627921364273 ], [ 112.945539998461086, -2.160448258307449 ], [ 112.94536033540426, -2.160448258307449 ], [ 112.94536033540426, -2.160627921364273 ] ] ] } },
{ "type": "Feature", "properties": { "count": 1, "label": 1, "cluster_id": 16 }, "geometry": { "type": "Polygon", "coordinates": [ [ [ 112.94536033540426, -2.165838150012166 ], [ 112.945539998461086, -2.165838150012166 ], [ 112.945539998461086, -2.165658486955342 ], [ 112.94536033540426, -2.165658486955342 ], [ 112.94536033540426, -2.165838150012166 ] ] ] } },
{ "type": "Feature", "properties": { "count": 52, "label": 1, "cluster_id": 16 }, "geometry": { "type": "Polygon", "coordinates": [ [ [ 112.944641683176968, -2.172485683114651 ], [ 112.944641683176968, -2.172845009228299 ], [ 112.944282357063315, -2.172845009228299 ], [ 112.944282357063315, -2.173024672285123 ], [ 112.944462020120142, -2.173024672285123 ], [ 112.944462020120142, -2.17338399839877 ], [ 112.944282357063315, -2.17338399839877 ], [ 112.944282357063315, -2.173563661455594 ], [ 112.944102694006489, -2.173563661455594 ], [ 112.944102694006489, -2.173922987569242 ], [ 112.94536033540426, -2.173922987569242 ], [ 112.94536033540426, -2.173563661455594 ], [ 112.945539998461086, -2.173563661455594 ], [ 112.945539998461086, -2.173204335341946 ], [ 112.945719661517913, -2.173204335341946 ], [ 112.945719661517913, -2.172845009228299 ], [ 112.945539998461086, -2.172845009228299 ], [ 112.945539998461086, -2.172485683114651 ], [ 112.944641683176968, -2.172485683114651 ] ] ] } },
{ "type": "Feature", "properties": { "count": 1, "label": 1, "cluster_id": 16 }, "geometry": { "type": "Polygon", "coordinates": [ [ [ 112.945539998461086, -2.123617331658549 ], [ 112.945719661517913, -2.123617331658549 ], [ 112.945719661517913, -2.123437668601725 ], [ 112.945539998461086, -2.123437668601725 ], [ 112.945539998461086, -2.123617331658549 ] ] ] } },
{ "type": "Feature", "properties": { "count": 1, "label": 1, "cluster_id": 16 }, "geometry": { "type": "Polygon", "coordinates": [ [ [ 112.945539998461086, -2.123976657772197 ], [ 112.945719661517913, -2.123976657772197 ], [ 112.945719661517913, -2.123796994715373 ], [ 112.945539998461086, -2.123796994715373 ], [ 112.945539998461086, -2.123976657772197 ] ] ] } },
{ "type": "Feature", "properties": { "count": 22, "label": 1, "cluster_id": 16 }, "geometry": { "type": "Polygon", "coordinates": [ [ [ 112.945539998461086, -2.165838150012166 ], [ 112.945539998461086, -2.166556802239462 ], [ 112.94536033540426, -2.166556802239462 ], [ 112.94536033540426, -2.166736465296286 ], [ 112.945001009290607, -2.166736465296286 ], [ 112.945001009290607, -2.166556802239462 ], [ 112.944821346233795, -2.166556802239462 ], [ 112.944821346233795, -2.166197476125814 ], [ 112.944462020120142, -2.166197476125814 ], [ 112.944462020120142, -2.16601781306899 ], [ 112.944282357063315, -2.16601781306899 ], [ 112.944282357063315, -2.166377139182638 ], [ 112.944462020120142, -2.166377139182638 ], [ 112.944462020120142, -2.166556802239462 ], [ 112.944641683176968, -2.166556802239462 ], [ 112.944641683176968, -2.166736465296286 ], [ 112.944821346233795, -2.166736465296286 ], [ 112.944821346233795, -2.167095791409934 ], [ 112.945539998461086, -2.167095791409934 ], [ 112.945539998461086, -2.166736465296286 ], [ 112.945719661517913, -2.166736465296286 ], [ 112.945719661517913, -2.165838150012166 ], [ 112.945539998461086, -2.165838150012166 ] ] ] } },
{ "type": "Feature", "properties": { "count": 2, "label": 1, "cluster_id": 16 }, "geometry": { "type": "Polygon", "coordinates": [ [ [ 112.945719661517913, -2.179133216217135 ], [ 112.945899324574725, -2.179133216217135 ], [ 112.945899324574725, -2.178773890103487 ], [ 112.945719661517913, -2.178773890103487 ], [ 112.945719661517913, -2.179133216217135 ] ] ] } },
{ "type": "Feature", "properties": { "count": 3, "label": 1, "cluster_id": 16 }, "geometry": { "type": "Polygon", "coordinates": [ [ [ 112.945719661517913, -2.165478823898519 ], [ 112.946258650688378, -2.165478823898519 ], [ 112.946258650688378, -2.165299160841695 ], [ 112.945719661517913, -2.165299160841695 ], [ 112.945719661517913, -2.165478823898519 ] ] ] } },
{ "type": "Feature", "properties": { "count": 2, "label": 1, "cluster_id": 16 }, "geometry": { "type": "Polygon", "coordinates": [ [ [ 112.945899324574725, -2.179312879273959 ], [ 112.946258650688378, -2.179312879273959 ], [ 112.946258650688378, -2.179133216217135 ], [ 112.945899324574725, -2.179133216217135 ], [ 112.945899324574725, -2.179312879273959 ] ] ] } },
{ "type": "Feature", "properties": { "count": 1, "label": 1, "cluster_id": 16 }, "geometry": { "type": "Polygon", "coordinates": [ [ [ 112.946258650688378, -2.178953553160311 ], [ 112.946438313745205, -2.178953553160311 ], [ 112.946438313745205, -2.178773890103487 ], [ 112.946258650688378, -2.178773890103487 ], [ 112.946258650688378, -2.178953553160311 ] ] ] } },
{ "type": "Feature", "properties": { "count": 1, "label": 1, "cluster_id": 16 }, "geometry": { "type": "Polygon", "coordinates": [ [ [ 112.946438313745205, -2.179133216217135 ], [ 112.946617976802031, -2.179133216217135 ], [ 112.946617976802031, -2.178953553160311 ], [ 112.946438313745205, -2.178953553160311 ], [ 112.946438313745205, -2.179133216217135 ] ] ] } },
{ "type": "Feature", "properties": { "count": 9, "label": 1, "cluster_id": 16 }, "geometry": { "type": "Polygon", "coordinates": [ [ [ 112.946617976802031, -2.156136344943675 ], [ 112.946617976802031, -2.156316008000499 ], [ 112.946258650688378, -2.156316008000499 ], [ 112.946258650688378, -2.156675334114147 ], [ 112.946078987631552, -2.156675334114147 ], [ 112.946078987631552, -2.156854997170971 ], [ 112.946617976802031, -2.156854997170971 ], [ 112.946617976802031, -2.156495671057323 ], [ 112.946797639858858, -2.156495671057323 ], [ 112.946797639858858, -2.156136344943675 ], [ 112.946617976802031, -2.156136344943675 ] ] ] } },
{ "type": "Feature", "properties": { "count": 2, "label": 1, "cluster_id": 16 }, "geometry": { "type": "Polygon", "coordinates": [ [ [ 112.946438313745205, -2.157393986341443 ], [ 112.946797639858858, -2.157393986341443 ], [ 112.946797639858858, -2.157214323284619 ], [ 112.946438313745205, -2.157214323284619 ], [ 112.946438313745205, -2.157393986341443 ] ] ] } },
{ "type": "Feature", "properties": { "count": 18, "label": 1, "cluster_id": 16 }, "geometry": { "type": "Polygon", "coordinates": [ [ [ 112.947156965972496, -2.173024672285123 ], [ 112.947156965972496, -2.173563661455594 ], [ 112.947336629029323, -2.173563661455594 ], [ 112.947336629029323, -2.174102650626066 ], [ 112.947875618199788, -2.174102650626066 ], [ 112.947875618199788, -2.173563661455594 ], [ 112.947695955142976, -2.173563661455594 ], [ 112.947695955142976, -2.173024672285123 ], [ 112.947156965972496, -2.173024672285123 ] ] ] } },
{ "type": "Feature", "properties": { "count": 7, "label": 1, "cluster_id": 16 }, "geometry": { "type": "Polygon", "coordinates": [ [ [ 112.947336629029323, -2.17428231368289 ], [ 112.947336629029323, -2.174461976739714 ], [ 112.947516292086149, -2.174461976739714 ], [ 112.947516292086149, -2.174641639796538 ], [ 112.948055281256615, -2.174641639796538 ], [ 112.948055281256615, -2.17428231368289 ], [ 112.947336629029323, -2.17428231368289 ] ] ] } },
{ "type": "Feature", "properties": { "count": 15, "label": 1, "cluster_id": 16 }, "geometry": { "type": "Polygon", "coordinates": [ [ [ 112.948234944313441, -2.121641038033486 ], [ 112.948234944313441, -2.12182070109031 ], [ 112.948055281256615, -2.12182070109031 ], [ 112.948055281256615, -2.122359690260781 ], [ 112.948414607370268, -2.122359690260781 ], [ 112.948414607370268, -2.122539353317606 ], [ 112.94877393348392, -2.122539353317606 ], [ 112.94877393348392, -2.122359690260781 ], [ 112.948594270427094, -2.122359690260781 ], [ 112.948594270427094, -2.122180027203957 ], [ 112.948953596540733, -2.122180027203957 ], [ 112.948953596540733, -2.12182070109031 ], [ 112.948594270427094, -2.12182070109031 ], [ 112.948594270427094, -2.122000364147134 ], [ 112.948414607370268, -2.122000364147134 ], [ 112.948414607370268, -2.121641038033486 ], [ 112.948234944313441, -2.121641038033486 ] ] ] } },
{ "type": "Feature", "properties": { "count": 4, "label": 1, "cluster_id": 16 }, "geometry": { "type": "Polygon", "coordinates": [ [ [ 112.947875618199788, -2.155956681886852 ], [ 112.947875618199788, -2.156136344943675 ], [ 112.948055281256615, -2.156136344943675 ], [ 112.948055281256615, -2.156316008000499 ], [ 112.948234944313441, -2.156316008000499 ], [ 112.948234944313441, -2.156136344943675 ], [ 112.948414607370268, -2.156136344943675 ], [ 112.948414607370268, -2.155956681886852 ], [ 112.947875618199788, -2.155956681886852 ] ] ] } },
{ "type": "Feature", "properties": { "count": 1, "label": 1, "cluster_id": 16 }, "geometry": { "type": "Polygon", "coordinates": [ [ [ 112.948234944313441, -2.158292301625562 ], [ 112.948414607370268, -2.158292301625562 ], [ 112.948414607370268, -2.158112638568738 ], [ 112.948234944313441, -2.158112638568738 ], [ 112.948234944313441, -2.158292301625562 ] ] ] } },
{ "type": "Feature", "properties": { "count": 1, "label": 1, "cluster_id": 16 }, "geometry": { "type": "Polygon", "coordinates": [ [ [ 112.948234944313441, -2.15865162773921 ], [ 112.948414607370268, -2.15865162773921 ], [ 112.948414607370268, -2.158471964682386 ], [ 112.948234944313441, -2.158471964682386 ], [ 112.948234944313441, -2.15865162773921 ] ] ] } },
{ "type": "Feature", "properties": { "count": 1, "label": 1, "cluster_id": 16 }, "geometry": { "type": "Polygon", "coordinates": [ [ [ 112.948234944313441, -2.171587367830531 ], [ 112.948414607370268, -2.171587367830531 ], [ 112.948414607370268, -2.171407704773707 ], [ 112.948234944313441, -2.171407704773707 ], [ 112.948234944313441, -2.171587367830531 ] ] ] } },
{ "type": "Feature", "properties": { "count": 1, "label": 1, "cluster_id": 16 }, "geometry": { "type": "Polygon", "coordinates": [ [ [ 112.948414607370268, -2.134936104238455 ], [ 112.948594270427094, -2.134936104238455 ], [ 112.948594270427094, -2.134756441181631 ], [ 112.948414607370268, -2.134756441181631 ], [ 112.948414607370268, -2.134936104238455 ] ] ] } },
{ "type": "Feature", "properties": { "count": 1, "label": 1, "cluster_id": 16 }, "geometry": { "type": "Polygon", "coordinates": [ [ [ 112.948594270427094, -2.156136344943675 ], [ 112.94877393348392, -2.156136344943675 ], [ 112.94877393348392, -2.155956681886852 ], [ 112.948594270427094, -2.155956681886852 ], [ 112.948594270427094, -2.156136344943675 ] ] ] } },
{ "type": "Feature", "properties": { "count": 1, "label": 1, "cluster_id": 16 }, "geometry": { "type": "Polygon", "coordinates": [ [ [ 112.948594270427094, -2.157034660227795 ], [ 112.94877393348392, -2.157034660227795 ], [ 112.94877393348392, -2.156854997170971 ], [ 112.948594270427094, -2.156854997170971 ], [ 112.948594270427094, -2.157034660227795 ] ] ] } },
{ "type": "Feature", "properties": { "count": 1, "label": 1, "cluster_id": 16 }, "geometry": { "type": "Polygon", "coordinates": [ [ [ 112.948594270427094, -2.157753312455091 ], [ 112.94877393348392, -2.157753312455091 ], [ 112.94877393348392, -2.157573649398267 ], [ 112.948594270427094, -2.157573649398267 ], [ 112.948594270427094, -2.157753312455091 ] ] ] } },
{ "type": "Feature", "properties": { "count": 2, "label": 1, "cluster_id": 16 }, "geometry": { "type": "Polygon", "coordinates": [ [ [ 112.948414607370268, -2.158471964682386 ], [ 112.94877393348392, -2.158471964682386 ], [ 112.94877393348392, -2.158292301625562 ], [ 112.948414607370268, -2.158292301625562 ], [ 112.948414607370268, -2.158471964682386 ] ] ] } },
{ "type": "Feature", "properties": { "count": 1, "label": 1, "cluster_id": 16 }, "geometry": { "type": "Polygon", "coordinates": [ [ [ 112.94877393348392, -2.155956681886852 ], [ 112.948953596540733, -2.155956681886852 ], [ 112.948953596540733, -2.155777018830028 ], [ 112.94877393348392, -2.155777018830028 ], [ 112.94877393348392, -2.155956681886852 ] ] ] } },
{ "type": "Feature", "properties": { "count": 1, "label": 1, "cluster_id": 16 }, "geometry": { "type": "Polygon", "coordinates": [ [ [ 112.948953596540733, -2.123258005544901 ], [ 112.949133259597559, -2.123258005544901 ], [ 112.949133259597559, -2.123078342488077 ], [ 112.948953596540733, -2.123078342488077 ], [ 112.948953596540733, -2.123258005544901 ] ] ] } },
{ "type": "Feature", "properties": { "count": 5, "label": 1, "cluster_id": 16 }, "geometry": { "type": "Polygon", "coordinates": [ [ [ 112.948953596540733, -2.156854997170971 ], [ 112.948953596540733, -2.157034660227795 ], [ 112.94877393348392, -2.157034660227795 ], [ 112.94877393348392, -2.157573649398267 ], [ 112.948953596540733, -2.157573649398267 ], [ 112.948953596540733, -2.157214323284619 ], [ 112.949133259597559, -2.157214323284619 ], [ 112.949133259597559, -2.156854997170971 ], [ 112.948953596540733, -2.156854997170971 ] ] ] } },
{ "type": "Feature", "properties": { "count": 1, "label": 1, "cluster_id": 16 }, "geometry": { "type": "Polygon", "coordinates": [ [ [ 112.949133259597559, -2.139966669829524 ], [ 112.949312922654386, -2.139966669829524 ], [ 112.949312922654386, -2.1397870067727 ], [ 112.949133259597559, -2.1397870067727 ], [ 112.949133259597559, -2.139966669829524 ] ] ] } },
{ "type": "Feature", "properties": { "count": 1, "label": 1, "cluster_id": 16 }, "geometry": { "type": "Polygon", "coordinates": [ [ [ 112.949492585711212, -2.141224311227291 ], [ 112.949672248768039, -2.141224311227291 ], [ 112.949672248768039, -2.141044648170467 ], [ 112.949492585711212, -2.141044648170467 ], [ 112.949492585711212, -2.141224311227291 ] ] ] } },
{ "type": "Feature", "properties": { "count": 7, "label": 1, "cluster_id": 16 }, "geometry": { "type": "Polygon", "coordinates": [ [ [ 112.949672248768039, -2.122359690260781 ], [ 112.949672248768039, -2.122898679431253 ], [ 112.950211237938504, -2.122898679431253 ], [ 112.950211237938504, -2.122539353317606 ], [ 112.949851911824851, -2.122539353317606 ], [ 112.949851911824851, -2.122359690260781 ], [ 112.949672248768039, -2.122359690260781 ] ] ] } },
{ "type": "Feature", "properties": { "count": 1, "label": 1, "cluster_id": 16 }, "geometry": { "type": "Polygon", "coordinates": [ [ [ 112.949851911824851, -2.122359690260781 ], [ 112.950031574881677, -2.122359690260781 ], [ 112.950031574881677, -2.122180027203957 ], [ 112.949851911824851, -2.122180027203957 ], [ 112.949851911824851, -2.122359690260781 ] ] ] } },
{ "type": "Feature", "properties": { "count": 1, "label": 1, "cluster_id": 16 }, "geometry": { "type": "Polygon", "coordinates": [ [ [ 112.949851911824851, -2.140505659 ], [ 112.950031574881677, -2.140505659 ], [ 112.950031574881677, -2.140325995943172 ], [ 112.949851911824851, -2.140325995943172 ], [ 112.949851911824851, -2.140505659 ] ] ] } },
{ "type": "Feature", "properties": { "count": 11, "label": 1, "cluster_id": 16 }, "geometry": { "type": "Polygon", "coordinates": [ [ [ 112.949672248768039, -2.157573649398267 ], [ 112.949672248768039, -2.157753312455091 ], [ 112.949492585711212, -2.157753312455091 ], [ 112.949492585711212, -2.158112638568738 ], [ 112.949672248768039, -2.158112638568738 ], [ 112.949672248768039, -2.158471964682386 ], [ 112.949851911824851, -2.158471964682386 ], [ 112.949851911824851, -2.158292301625562 ], [ 112.950031574881677, -2.158292301625562 ], [ 112.950031574881677, -2.157573649398267 ], [ 112.949672248768039, -2.157573649398267 ] ] ] } },
{ "type": "Feature", "properties": { "count": 38, "label": 1, "cluster_id": 16 }, "geometry": { "type": "Polygon", "coordinates": [ [ [ 112.948594270427094, -2.134936104238455 ], [ 112.948594270427094, -2.135115767295279 ], [ 112.948414607370268, -2.135115767295279 ], [ 112.948414607370268, -2.135475093408926 ], [ 112.948953596540733, -2.135475093408926 ], [ 112.948953596540733, -2.13565475646575 ], [ 112.950211237938504, -2.13565475646575 ], [ 112.950211237938504, -2.135295430352103 ], [ 112.950570564052157, -2.135295430352103 ], [ 112.950570564052157, -2.135115767295279 ], [ 112.950211237938504, -2.135115767295279 ], [ 112.950211237938504, -2.134936104238455 ], [ 112.948594270427094, -2.134936104238455 ] ] ] } },
{ "type": "Feature", "properties": { "count": 3, "label": 1, "cluster_id": 16 }, "geometry": { "type": "Polygon", "coordinates": [ [ [ 112.950211237938504, -2.14068532205682 ], [ 112.95039090099533, -2.14068532205682 ], [ 112.95039090099533, -2.140146332886348 ], [ 112.950211237938504, -2.140146332886348 ], [ 112.950211237938504, -2.14068532205682 ] ] ] } },
{ "type": "Feature", "properties": { "count": 13, "label": 1, "cluster_id": 16 }, "geometry": { "type": "Polygon", "coordinates": [ [ [ 112.950211237938504, -2.141044648170467 ], [ 112.950211237938504, -2.141224311227291 ], [ 112.949851911824851, -2.141224311227291 ], [ 112.949851911824851, -2.141403974284115 ], [ 112.949672248768039, -2.141403974284115 ], [ 112.949672248768039, -2.141763300397763 ], [ 112.949851911824851, -2.141763300397763 ], [ 112.949851911824851, -2.141583637340939 ], [ 112.950031574881677, -2.141583637340939 ], [ 112.950031574881677, -2.141763300397763 ], [ 112.95039090099533, -2.141763300397763 ], [ 112.95039090099533, -2.141583637340939 ], [ 112.950570564052157, -2.141583637340939 ], [ 112.950570564052157, -2.141224311227291 ], [ 112.95039090099533, -2.141224311227291 ], [ 112.95039090099533, -2.141044648170467 ], [ 112.950211237938504, -2.141044648170467 ] ] ] } },
{ "type": "Feature", "properties": { "count": 1, "label": 1, "cluster_id": 16 }, "geometry": { "type": "Polygon", "coordinates": [ [ [ 112.95039090099533, -2.157034660227795 ], [ 112.950570564052157, -2.157034660227795 ], [ 112.950570564052157, -2.156854997170971 ], [ 112.95039090099533, -2.156854997170971 ], [ 112.95039090099533, -2.157034660227795 ] ] ] } },
{ "type": "Feature", "properties": { "count": 15, "label": 1, "cluster_id": 16 }, "geometry": { "type": "Polygon", "coordinates": [ [ [ 112.95039090099533, -2.138888691488581 ], [ 112.95039090099533, -2.139607343715876 ], [ 112.950570564052157, -2.139607343715876 ], [ 112.950570564052157, -2.1397870067727 ], [ 112.95039090099533, -2.1397870067727 ], [ 112.95039090099533, -2.139966669829524 ], [ 112.950750227108983, -2.139966669829524 ], [ 112.950750227108983, -2.1397870067727 ], [ 112.950929890165796, -2.1397870067727 ], [ 112.950929890165796, -2.139068354545405 ], [ 112.950750227108983, -2.139068354545405 ], [ 112.950750227108983, -2.138888691488581 ], [ 112.95039090099533, -2.138888691488581 ] ] ] } },
{ "type": "Feature", "properties": { "count": 1, "label": 1, "cluster_id": 16 }, "geometry": { "type": "Polygon", "coordinates": [ [ [ 112.950570564052157, -2.141224311227291 ], [ 112.950750227108983, -2.141224311227291 ], [ 112.950750227108983, -2.141044648170467 ], [ 112.950570564052157, -2.141044648170467 ], [ 112.950570564052157, -2.141224311227291 ] ] ] } },
{ "type": "Feature", "properties": { "count": 6, "label": 1, "cluster_id": 16 }, "geometry": { "type": "Polygon", "coordinates": [ [ [ 112.95039090099533, -2.143739594022826 ], [ 112.95039090099533, -2.144098920136474 ], [ 112.950570564052157, -2.144098920136474 ], [ 112.950570564052157, -2.144458246250122 ], [ 112.950750227108983, -2.144458246250122 ], [ 112.950750227108983, -2.143739594022826 ], [ 112.95039090099533, -2.143739594022826 ] ] ] } },
{ "type": "Feature", "properties": { "count": 4, "label": 1, "cluster_id": 16 }, "geometry": { "type": "Polygon", "coordinates": [ [ [ 112.950570564052157, -2.176617933421601 ], [ 112.950570564052157, -2.176797596478425 ], [ 112.95039090099533, -2.176797596478425 ], [ 112.95039090099533, -2.176977259535248 ], [ 112.950570564052157, -2.176977259535248 ], [ 112.950570564052157, -2.177156922592072 ], [ 112.950750227108983, -2.177156922592072 ], [ 112.950750227108983, -2.176617933421601 ], [ 112.950570564052157, -2.176617933421601 ] ] ] } },
{ "type": "Feature", "properties": { "count": 1, "label": 1, "cluster_id": 16 }, "geometry": { "type": "Polygon", "coordinates": [ [ [ 112.950750227108983, -2.142661615681883 ], [ 112.950929890165796, -2.142661615681883 ], [ 112.950929890165796, -2.142481952625059 ], [ 112.950750227108983, -2.142481952625059 ], [ 112.950750227108983, -2.142661615681883 ] ] ] } },
{ "type": "Feature", "properties": { "count": 1, "label": 1, "cluster_id": 16 }, "geometry": { "type": "Polygon", "coordinates": [ [ [ 112.950929890165796, -2.138529365374933 ], [ 112.951109553222622, -2.138529365374933 ], [ 112.951109553222622, -2.138349702318109 ], [ 112.950929890165796, -2.138349702318109 ], [ 112.950929890165796, -2.138529365374933 ] ] ] } },
{ "type": "Feature", "properties": { "count": 1, "label": 1, "cluster_id": 16 }, "geometry": { "type": "Polygon", "coordinates": [ [ [ 112.950929890165796, -2.140325995943172 ], [ 112.951109553222622, -2.140325995943172 ], [ 112.951109553222622, -2.140146332886348 ], [ 112.950929890165796, -2.140146332886348 ], [ 112.950929890165796, -2.140325995943172 ] ] ] } },
{ "type": "Feature", "properties": { "count": 1, "label": 1, "cluster_id": 16 }, "geometry": { "type": "Polygon", "coordinates": [ [ [ 112.950929890165796, -2.182906140410437 ], [ 112.951109553222622, -2.182906140410437 ], [ 112.951109553222622, -2.182726477353613 ], [ 112.950929890165796, -2.182726477353613 ], [ 112.950929890165796, -2.182906140410437 ] ] ] } },
{ "type": "Feature", "properties": { "count": 1, "label": 1, "cluster_id": 16 }, "geometry": { "type": "Polygon", "coordinates": [ [ [ 112.951109553222622, -2.141403974284115 ], [ 112.951289216279449, -2.141403974284115 ], [ 112.951289216279449, -2.141224311227291 ], [ 112.951109553222622, -2.141224311227291 ], [ 112.951109553222622, -2.141403974284115 ] ] ] } },
{ "type": "Feature", "properties": { "count": 6, "label": 1, "cluster_id": 16 }, "geometry": { "type": "Polygon", "coordinates": [ [ [ 112.951109553222622, -2.182007825126318 ], [ 112.951109553222622, -2.182726477353613 ], [ 112.951289216279449, -2.182726477353613 ], [ 112.951289216279449, -2.182546814296789 ], [ 112.951468879336275, -2.182546814296789 ], [ 112.951468879336275, -2.182187488183142 ], [ 112.951289216279449, -2.182187488183142 ], [ 112.951289216279449, -2.182007825126318 ], [ 112.951109553222622, -2.182007825126318 ] ] ] } },
{ "type": "Feature", "properties": { "count": 5, "label": 1, "cluster_id": 16 }, "geometry": { "type": "Polygon", "coordinates": [ [ [ 112.951289216279449, -2.144098920136474 ], [ 112.951289216279449, -2.144278583193298 ], [ 112.951109553222622, -2.144278583193298 ], [ 112.951109553222622, -2.144637909306946 ], [ 112.951468879336275, -2.144637909306946 ], [ 112.951468879336275, -2.144098920136474 ], [ 112.951289216279449, -2.144098920136474 ] ] ] } },
{ "type": "Feature", "properties": { "count": 8, "label": 1, "cluster_id": 16 }, "geometry": { "type": "Polygon", "coordinates": [ [ [ 112.951109553222622, -2.153980388261789 ], [ 112.951468879336275, -2.153980388261789 ], [ 112.951468879336275, -2.153261736034493 ], [ 112.951109553222622, -2.153261736034493 ], [ 112.951109553222622, -2.153980388261789 ] ] ] } },
{ "type": "Feature", "properties": { "count": 7, "label": 1, "cluster_id": 16 }, "geometry": { "type": "Polygon", "coordinates": [ [ [ 112.951289216279449, -2.154160051318613 ], [ 112.951289216279449, -2.154339714375436 ], [ 112.950750227108983, -2.154339714375436 ], [ 112.950750227108983, -2.15451937743226 ], [ 112.950929890165796, -2.15451937743226 ], [ 112.950929890165796, -2.154699040489084 ], [ 112.951289216279449, -2.154699040489084 ], [ 112.951289216279449, -2.15451937743226 ], [ 112.951468879336275, -2.15451937743226 ], [ 112.951468879336275, -2.154160051318613 ], [ 112.951289216279449, -2.154160051318613 ] ] ] } },
{ "type": "Feature", "properties": { "count": 1, "label": 1, "cluster_id": 16 }, "geometry": { "type": "Polygon", "coordinates": [ [ [ 112.951289216279449, -2.180211194558078 ], [ 112.951468879336275, -2.180211194558078 ], [ 112.951468879336275, -2.180031531501255 ], [ 112.951289216279449, -2.180031531501255 ], [ 112.951289216279449, -2.180211194558078 ] ] ] } },
{ "type": "Feature", "properties": { "count": 2, "label": 1, "cluster_id": 16 }, "geometry": { "type": "Polygon", "coordinates": [ [ [ 112.951468879336275, -2.155058366602732 ], [ 112.951648542393102, -2.155058366602732 ], [ 112.951648542393102, -2.154699040489084 ], [ 112.951468879336275, -2.154699040489084 ], [ 112.951468879336275, -2.155058366602732 ] ] ] } },
{ "type": "Feature", "properties": { "count": 5, "label": 1, "cluster_id": 16 }, "geometry": { "type": "Polygon", "coordinates": [ [ [ 112.951289216279449, -2.161705899705217 ], [ 112.951289216279449, -2.162065225818864 ], [ 112.951468879336275, -2.162065225818864 ], [ 112.951468879336275, -2.162244888875688 ], [ 112.951648542393102, -2.162244888875688 ], [ 112.951648542393102, -2.161705899705217 ], [ 112.951289216279449, -2.161705899705217 ] ] ] } },
{ "type": "Feature", "properties": { "count": 2, "label": 1, "cluster_id": 16 }, "geometry": { "type": "Polygon", "coordinates": [ [ [ 112.951468879336275, -2.134936104238455 ], [ 112.951828205449914, -2.134936104238455 ], [ 112.951828205449914, -2.134756441181631 ], [ 112.951468879336275, -2.134756441181631 ], [ 112.951468879336275, -2.134936104238455 ] ] ] } },
{ "type": "Feature", "properties": { "count": 1, "label": 1, "cluster_id": 16 }, "geometry": { "type": "Polygon", "coordinates": [ [ [ 112.951828205449914, -2.144817572363769 ], [ 112.95200786850674, -2.144817572363769 ], [ 112.95200786850674, -2.144637909306946 ], [ 112.951828205449914, -2.144637909306946 ], [ 112.951828205449914, -2.144817572363769 ] ] ] } },
{ "type": "Feature", "properties": { "count": 1, "label": 1, "cluster_id": 16 }, "geometry": { "type": "Polygon", "coordinates": [ [ [ 112.95200786850674, -2.135295430352103 ], [ 112.952187531563567, -2.135295430352103 ], [ 112.952187531563567, -2.135115767295279 ], [ 112.95200786850674, -2.135115767295279 ], [ 112.95200786850674, -2.135295430352103 ] ] ] } },
{ "type": "Feature", "properties": { "count": 7, "label": 1, "cluster_id": 16 }, "geometry": { "type": "Polygon", "coordinates": [ [ [ 112.95200786850674, -2.116071483271945 ], [ 112.95200786850674, -2.116251146328769 ], [ 112.952187531563567, -2.116251146328769 ], [ 112.952187531563567, -2.116430809385593 ], [ 112.952367194620393, -2.116430809385593 ], [ 112.952367194620393, -2.116610472442416 ], [ 112.952726520734046, -2.116610472442416 ], [ 112.952726520734046, -2.116251146328769 ], [ 112.952367194620393, -2.116251146328769 ], [ 112.952367194620393, -2.116071483271945 ], [ 112.95200786850674, -2.116071483271945 ] ] ] } },
{ "type": "Feature", "properties": { "count": 156, "label": 1, "cluster_id": 16 }, "geometry": { "type": "Polygon", "coordinates": [ [ [ 112.95200786850674, -2.13565475646575 ], [ 112.95200786850674, -2.135834419522574 ], [ 112.951109553222622, -2.135834419522574 ], [ 112.951109553222622, -2.136373408693046 ], [ 112.951289216279449, -2.136373408693046 ], [ 112.951289216279449, -2.13655307174987 ], [ 112.950929890165796, -2.13655307174987 ], [ 112.950929890165796, -2.137092060920342 ], [ 112.951109553222622, -2.137092060920342 ], [ 112.951109553222622, -2.137271723977165 ], [ 112.951468879336275, -2.137271723977165 ], [ 112.951468879336275, -2.137631050090813 ], [ 112.951289216279449, -2.137631050090813 ], [ 112.951289216279449, -2.137810713147637 ], [ 112.950570564052157, -2.137810713147637 ], [ 112.950570564052157, -2.137990376204461 ], [ 112.95039090099533, -2.137990376204461 ], [ 112.95039090099533, -2.138349702318109 ], [ 112.950750227108983, -2.138349702318109 ], [ 112.950750227108983, -2.137990376204461 ], [ 112.950929890165796, -2.137990376204461 ], [ 112.950929890165796, -2.138170039261285 ], [ 112.951109553222622, -2.138170039261285 ], [ 112.951109553222622, -2.138349702318109 ], [ 112.951289216279449, -2.138349702318109 ], [ 112.951289216279449, -2.138529365374933 ], [ 112.951648542393102, -2.138529365374933 ], [ 112.951648542393102, -2.138709028431757 ], [ 112.95200786850674, -2.138709028431757 ], [ 112.95200786850674, -2.138888691488581 ], [ 112.952187531563567, -2.138888691488581 ], [ 112.952187531563567, -2.138709028431757 ], [ 112.952726520734046, -2.138709028431757 ], [ 112.952726520734046, -2.138529365374933 ], [ 112.95254685767722, -2.138529365374933 ], [ 112.95254685767722, -2.138349702318109 ], [ 112.952726520734046, -2.138349702318109 ], [ 112.952726520734046, -2.137631050090813 ], [ 112.952906183790859, -2.137631050090813 ], [ 112.952906183790859, -2.135834419522574 ], [ 112.952367194620393, -2.135834419522574 ], [ 112.952367194620393, -2.13565475646575 ], [ 112.95200786850674, -2.13565475646575 ] ], [ [ 112.951648542393102, -2.136373408693046 ], [ 112.951468879336275, -2.136373408693046 ], [ 112.951468879336275, -2.13655307174987 ], [ 112.951648542393102, -2.13655307174987 ], [ 112.951648542393102, -2.136373408693046 ] ] ] } },
{ "type": "Feature", "properties": { "count": 7, "label": 1, "cluster_id": 16 }, "geometry": { "type": "Polygon", "coordinates": [ [ [ 112.951648542393102, -2.155058366602732 ], [ 112.951648542393102, -2.155238029659556 ], [ 112.951828205449914, -2.155238029659556 ], [ 112.951828205449914, -2.15541769271638 ], [ 112.952367194620393, -2.15541769271638 ], [ 112.952367194620393, -2.155058366602732 ], [ 112.951648542393102, -2.155058366602732 ] ] ] } },
{ "type": "Feature", "properties": { "count": 1, "label": 1, "cluster_id": 16 }, "geometry": { "type": "Polygon", "coordinates": [ [ [ 112.952187531563567, -2.161346573591569 ], [ 112.952367194620393, -2.161346573591569 ], [ 112.952367194620393, -2.161166910534745 ], [ 112.952187531563567, -2.161166910534745 ], [ 112.952187531563567, -2.161346573591569 ] ] ] } },
{ "type": "Feature", "properties": { "count": 4, "label": 1, "cluster_id": 16 }, "geometry": { "type": "Polygon", "coordinates": [ [ [ 112.951828205449914, -2.115891820215121 ], [ 112.95254685767722, -2.115891820215121 ], [ 112.95254685767722, -2.115712157158297 ], [ 112.951828205449914, -2.115712157158297 ], [ 112.951828205449914, -2.115891820215121 ] ] ] } },
{ "type": "Feature", "properties": { "count": 4, "label": 1, "cluster_id": 16 }, "geometry": { "type": "Polygon", "coordinates": [ [ [ 112.952187531563567, -2.135295430352103 ], [ 112.952187531563567, -2.135475093408926 ], [ 112.952367194620393, -2.135475093408926 ], [ 112.952367194620393, -2.13565475646575 ], [ 112.95254685767722, -2.13565475646575 ], [ 112.95254685767722, -2.135475093408926 ], [ 112.952726520734046, -2.135475093408926 ], [ 112.952726520734046, -2.135295430352103 ], [ 112.952187531563567, -2.135295430352103 ] ] ] } },
{ "type": "Feature", "properties": { "count": 1, "label": 1, "cluster_id": 16 }, "geometry": { "type": "Polygon", "coordinates": [ [ [ 112.95254685767722, -2.14068532205682 ], [ 112.952726520734046, -2.14068532205682 ], [ 112.952726520734046, -2.140505659 ], [ 112.95254685767722, -2.140505659 ], [ 112.95254685767722, -2.14068532205682 ] ] ] } },
{ "type": "Feature", "properties": { "count": 1, "label": 1, "cluster_id": 16 }, "geometry": { "type": "Polygon", "coordinates": [ [ [ 112.95254685767722, -2.162244888875688 ], [ 112.952726520734046, -2.162244888875688 ], [ 112.952726520734046, -2.162065225818864 ], [ 112.95254685767722, -2.162065225818864 ], [ 112.95254685767722, -2.162244888875688 ] ] ] } },
{ "type": "Feature", "properties": { "count": 1, "label": 1, "cluster_id": 16 }, "geometry": { "type": "Polygon", "coordinates": [ [ [ 112.952726520734046, -2.139427680659052 ], [ 112.952906183790859, -2.139427680659052 ], [ 112.952906183790859, -2.139248017602228 ], [ 112.952726520734046, -2.139248017602228 ], [ 112.952726520734046, -2.139427680659052 ] ] ] } },
{ "type": "Feature", "properties": { "count": 1, "label": 1, "cluster_id": 16 }, "geometry": { "type": "Polygon", "coordinates": [ [ [ 112.952726520734046, -2.14302094179553 ], [ 112.952906183790859, -2.14302094179553 ], [ 112.952906183790859, -2.142841278738707 ], [ 112.952726520734046, -2.142841278738707 ], [ 112.952726520734046, -2.14302094179553 ] ] ] } },
{ "type": "Feature", "properties": { "count": 2, "label": 1, "cluster_id": 16 }, "geometry": { "type": "Polygon", "coordinates": [ [ [ 112.952726520734046, -2.155777018830028 ], [ 112.952906183790859, -2.155777018830028 ], [ 112.952906183790859, -2.15541769271638 ], [ 112.952726520734046, -2.15541769271638 ], [ 112.952726520734046, -2.155777018830028 ] ] ] } },
{ "type": "Feature", "properties": { "count": 1, "label": 1, "cluster_id": 16 }, "geometry": { "type": "Polygon", "coordinates": [ [ [ 112.952906183790859, -2.135475093408926 ], [ 112.953085846847685, -2.135475093408926 ], [ 112.953085846847685, -2.135295430352103 ], [ 112.952906183790859, -2.135295430352103 ], [ 112.952906183790859, -2.135475093408926 ] ] ] } },
{ "type": "Feature", "properties": { "count": 31, "label": 1, "cluster_id": 16 }, "geometry": { "type": "Polygon", "coordinates": [ [ [ 112.953085846847685, -2.137810713147637 ], [ 112.953085846847685, -2.138529365374933 ], [ 112.953265509904512, -2.138529365374933 ], [ 112.953265509904512, -2.138709028431757 ], [ 112.953445172961338, -2.138709028431757 ], [ 112.953445172961338, -2.138888691488581 ], [ 112.953265509904512, -2.138888691488581 ], [ 112.953265509904512, -2.138709028431757 ], [ 112.952726520734046, -2.138709028431757 ], [ 112.952726520734046, -2.138888691488581 ], [ 112.952906183790859, -2.138888691488581 ], [ 112.952906183790859, -2.139068354545405 ], [ 112.953624836018165, -2.139068354545405 ], [ 112.953624836018165, -2.139427680659052 ], [ 112.953984162131803, -2.139427680659052 ], [ 112.953984162131803, -2.139248017602228 ], [ 112.953804499074977, -2.139248017602228 ], [ 112.953804499074977, -2.139068354545405 ], [ 112.953984162131803, -2.139068354545405 ], [ 112.953984162131803, -2.139248017602228 ], [ 112.95416382518863, -2.139248017602228 ], [ 112.95416382518863, -2.139068354545405 ], [ 112.954343488245456, -2.139068354545405 ], [ 112.954343488245456, -2.138888691488581 ], [ 112.95416382518863, -2.138888691488581 ], [ 112.95416382518863, -2.138709028431757 ], [ 112.953984162131803, -2.138709028431757 ], [ 112.953984162131803, -2.138170039261285 ], [ 112.953804499074977, -2.138170039261285 ], [ 112.953804499074977, -2.138529365374933 ], [ 112.953624836018165, -2.138529365374933 ], [ 112.953624836018165, -2.138349702318109 ], [ 112.953265509904512, -2.138349702318109 ], [ 112.953265509904512, -2.137810713147637 ], [ 112.953085846847685, -2.137810713147637 ] ] ] } },
{ "type": "Feature", "properties": { "count": 3, "label": 1, "cluster_id": 16 }, "geometry": { "type": "Polygon", "coordinates": [ [ [ 112.953085846847685, -2.142481952625059 ], [ 112.953085846847685, -2.142661615681883 ], [ 112.952906183790859, -2.142661615681883 ], [ 112.952906183790859, -2.142841278738707 ], [ 112.953265509904512, -2.142841278738707 ], [ 112.953265509904512, -2.142481952625059 ], [ 112.953085846847685, -2.142481952625059 ] ] ] } },
{ "type": "Feature", "properties": { "count": 1, "label": 1, "cluster_id": 16 }, "geometry": { "type": "Polygon", "coordinates": [ [ [ 112.953085846847685, -2.159190616909682 ], [ 112.953265509904512, -2.159190616909682 ], [ 112.953265509904512, -2.159010953852858 ], [ 112.953085846847685, -2.159010953852858 ], [ 112.953085846847685, -2.159190616909682 ] ] ] } },
{ "type": "Feature", "properties": { "count": 1, "label": 1, "cluster_id": 16 }, "geometry": { "type": "Polygon", "coordinates": [ [ [ 112.953265509904512, -2.139427680659052 ], [ 112.953445172961338, -2.139427680659052 ], [ 112.953445172961338, -2.139248017602228 ], [ 112.953265509904512, -2.139248017602228 ], [ 112.953265509904512, -2.139427680659052 ] ] ] } },
{ "type": "Feature", "properties": { "count": 701, "label": 1, "cluster_id": 16 }, "geometry": { "type": "Polygon", "coordinates": [ [ [ 112.953085846847685, -2.14715319210248 ], [ 112.953085846847685, -2.147332855159304 ], [ 112.952906183790859, -2.147332855159304 ], [ 112.952906183790859, -2.147512518216128 ], [ 112.952726520734046, -2.147512518216128 ], [ 112.952726520734046, -2.150207464068487 ], [ 112.952906183790859, -2.150207464068487 ], [ 112.952906183790859, -2.150027801011663 ], [ 112.953265509904512, -2.150027801011663 ], [ 112.953265509904512, -2.150207464068487 ], [ 112.953085846847685, -2.150207464068487 ], [ 112.953085846847685, -2.150566790182134 ], [ 112.953265509904512, -2.150566790182134 ], [ 112.953265509904512, -2.151465105466254 ], [ 112.953085846847685, -2.151465105466254 ], [ 112.953085846847685, -2.151644768523078 ], [ 112.952367194620393, -2.151644768523078 ], [ 112.952367194620393, -2.151465105466254 ], [ 112.952187531563567, -2.151465105466254 ], [ 112.952187531563567, -2.15218375769355 ], [ 112.951648542393102, -2.15218375769355 ], [ 112.951648542393102, -2.153441399091317 ], [ 112.951828205449914, -2.153441399091317 ], [ 112.951828205449914, -2.153800725204965 ], [ 112.952187531563567, -2.153800725204965 ], [ 112.952187531563567, -2.153621062148141 ], [ 112.95254685767722, -2.153621062148141 ], [ 112.95254685767722, -2.153441399091317 ], [ 112.952906183790859, -2.153441399091317 ], [ 112.952906183790859, -2.153261736034493 ], [ 112.953085846847685, -2.153261736034493 ], [ 112.953085846847685, -2.153082072977669 ], [ 112.953445172961338, -2.153082072977669 ], [ 112.953445172961338, -2.153261736034493 ], [ 112.953265509904512, -2.153261736034493 ], [ 112.953265509904512, -2.153621062148141 ], [ 112.953445172961338, -2.153621062148141 ], [ 112.953445172961338, -2.153800725204965 ], [ 112.953265509904512, -2.153800725204965 ], [ 112.953265509904512, -2.153980388261789 ], [ 112.953085846847685, -2.153980388261789 ], [ 112.953085846847685, -2.154339714375436 ], [ 112.952906183790859, -2.154339714375436 ], [ 112.952906183790859, -2.153980388261789 ], [ 112.952726520734046, -2.153980388261789 ], [ 112.952726520734046, -2.154339714375436 ], [ 112.95254685767722, -2.154339714375436 ], [ 112.95254685767722, -2.154699040489084 ], [ 112.952367194620393, -2.154699040489084 ], [ 112.952367194620393, -2.154878703545908 ], [ 112.953624836018165, -2.154878703545908 ], [ 112.953624836018165, -2.154699040489084 ], [ 112.953804499074977, -2.154699040489084 ], [ 112.953804499074977, -2.154878703545908 ], [ 112.95416382518863, -2.154878703545908 ], [ 112.95416382518863, -2.154699040489084 ], [ 112.954523151302283, -2.154699040489084 ], [ 112.954523151302283, -2.155238029659556 ], [ 112.954702814359109, -2.155238029659556 ], [ 112.954702814359109, -2.155597355773204 ], [ 112.954882477415921, -2.155597355773204 ], [ 112.954882477415921, -2.155777018830028 ], [ 112.955062140472748, -2.155777018830028 ], [ 112.955062140472748, -2.155956681886852 ], [ 112.955241803529574, -2.155956681886852 ], [ 112.955241803529574, -2.156316008000499 ], [ 112.955601129643227, -2.156316008000499 ], [ 112.955601129643227, -2.156675334114147 ], [ 112.95578079270004, -2.156675334114147 ], [ 112.95578079270004, -2.157034660227795 ], [ 112.955601129643227, -2.157034660227795 ], [ 112.955601129643227, -2.157214323284619 ], [ 112.955421466586401, -2.157214323284619 ], [ 112.955421466586401, -2.157573649398267 ], [ 112.95578079270004, -2.157573649398267 ], [ 112.95578079270004, -2.157753312455091 ], [ 112.955960455756866, -2.157753312455091 ], [ 112.955960455756866, -2.157573649398267 ], [ 112.956319781870519, -2.157573649398267 ], [ 112.956319781870519, -2.157753312455091 ], [ 112.956679107984172, -2.157753312455091 ], [ 112.956679107984172, -2.157932975511915 ], [ 112.956319781870519, -2.157932975511915 ], [ 112.956319781870519, -2.158292301625562 ], [ 112.956140118813693, -2.158292301625562 ], [ 112.956140118813693, -2.158471964682386 ], [ 112.955421466586401, -2.158471964682386 ], [ 112.955421466586401, -2.158292301625562 ], [ 112.954882477415921, -2.158292301625562 ], [ 112.954882477415921, -2.157753312455091 ], [ 112.954702814359109, -2.157753312455091 ], [ 112.954702814359109, -2.157214323284619 ], [ 112.954523151302283, -2.157214323284619 ], [ 112.954523151302283, -2.157573649398267 ], [ 112.954343488245456, -2.157573649398267 ], [ 112.954343488245456, -2.158112638568738 ], [ 112.954523151302283, -2.158112638568738 ], [ 112.954523151302283, -2.158471964682386 ], [ 112.954702814359109, -2.158471964682386 ], [ 112.954702814359109, -2.158831290796034 ], [ 112.954882477415921, -2.158831290796034 ], [ 112.954882477415921, -2.15865162773921 ], [ 112.955062140472748, -2.15865162773921 ], [ 112.955062140472748, -2.158831290796034 ], [ 112.95578079270004, -2.158831290796034 ], [ 112.95578079270004, -2.159010953852858 ], [ 112.956140118813693, -2.159010953852858 ], [ 112.956140118813693, -2.15954994302333 ], [ 112.956319781870519, -2.15954994302333 ], [ 112.956319781870519, -2.159729606080154 ], [ 112.956858771040984, -2.159729606080154 ], [ 112.956858771040984, -2.15954994302333 ], [ 112.956679107984172, -2.15954994302333 ], [ 112.956679107984172, -2.159370279966506 ], [ 112.956499444927346, -2.159370279966506 ], [ 112.956499444927346, -2.159010953852858 ], [ 112.956858771040984, -2.159010953852858 ], [ 112.956858771040984, -2.159190616909682 ], [ 112.956679107984172, -2.159190616909682 ], [ 112.956679107984172, -2.159370279966506 ], [ 112.956858771040984, -2.159370279966506 ], [ 112.956858771040984, -2.15954994302333 ], [ 112.957218097154637, -2.15954994302333 ], [ 112.957218097154637, -2.159370279966506 ], [ 112.957757086325103, -2.159370279966506 ], [ 112.957757086325103, -2.159010953852858 ], [ 112.957936749381929, -2.159010953852858 ], [ 112.957936749381929, -2.15865162773921 ], [ 112.957757086325103, -2.15865162773921 ], [ 112.957757086325103, -2.158471964682386 ], [ 112.957397760211464, -2.158471964682386 ], [ 112.957397760211464, -2.15865162773921 ], [ 112.957038434097811, -2.15865162773921 ], [ 112.957038434097811, -2.158471964682386 ], [ 112.957218097154637, -2.158471964682386 ], [ 112.957218097154637, -2.158292301625562 ], [ 112.957038434097811, -2.158292301625562 ], [ 112.957038434097811, -2.157753312455091 ], [ 112.956858771040984, -2.157753312455091 ], [ 112.956858771040984, -2.157573649398267 ], [ 112.956679107984172, -2.157573649398267 ], [ 112.956679107984172, -2.157393986341443 ], [ 112.956499444927346, -2.157393986341443 ], [ 112.956499444927346, -2.157034660227795 ], [ 112.956319781870519, -2.157034660227795 ], [ 112.956319781870519, -2.156854997170971 ], [ 112.956499444927346, -2.156854997170971 ], [ 112.956499444927346, -2.156675334114147 ], [ 112.956319781870519, -2.156675334114147 ], [ 112.956319781870519, -2.15451937743226 ], [ 112.956140118813693, -2.15451937743226 ], [ 112.956140118813693, -2.154339714375436 ], [ 112.955960455756866, -2.154339714375436 ], [ 112.955960455756866, -2.154160051318613 ], [ 112.95578079270004, -2.154160051318613 ], [ 112.95578079270004, -2.153980388261789 ], [ 112.955960455756866, -2.153980388261789 ], [ 112.955960455756866, -2.153621062148141 ], [ 112.956319781870519, -2.153621062148141 ], [ 112.956319781870519, -2.152902409920845 ], [ 112.956140118813693, -2.152902409920845 ], [ 112.956140118813693, -2.152722746864021 ], [ 112.955960455756866, -2.152722746864021 ], [ 112.955960455756866, -2.152543083807197 ], [ 112.95578079270004, -2.152543083807197 ], [ 112.95578079270004, -2.152363420750373 ], [ 112.955601129643227, -2.152363420750373 ], [ 112.955601129643227, -2.15218375769355 ], [ 112.955062140472748, -2.15218375769355 ], [ 112.955062140472748, -2.151824431579902 ], [ 112.954882477415921, -2.151824431579902 ], [ 112.954882477415921, -2.150746453238958 ], [ 112.954702814359109, -2.150746453238958 ], [ 112.954702814359109, -2.150566790182134 ], [ 112.954523151302283, -2.150566790182134 ], [ 112.954523151302283, -2.150207464068487 ], [ 112.953624836018165, -2.150207464068487 ], [ 112.953624836018165, -2.149488811841191 ], [ 112.953265509904512, -2.149488811841191 ], [ 112.953265509904512, -2.149309148784367 ], [ 112.953085846847685, -2.149309148784367 ], [ 112.953085846847685, -2.149129485727543 ], [ 112.952906183790859, -2.149129485727543 ], [ 112.952906183790859, -2.148770159613895 ], [ 112.953265509904512, -2.148770159613895 ], [ 112.953265509904512, -2.148590496557071 ], [ 112.953445172961338, -2.148590496557071 ], [ 112.953445172961338, -2.148410833500248 ], [ 112.953984162131803, -2.148410833500248 ], [ 112.953984162131803, -2.148231170443424 ], [ 112.954343488245456, -2.148231170443424 ], [ 112.954343488245456, -2.1480515073866 ], [ 112.953984162131803, -2.1480515073866 ], [ 112.953984162131803, -2.147871844329776 ], [ 112.953804499074977, -2.147871844329776 ], [ 112.953804499074977, -2.147512518216128 ], [ 112.953624836018165, -2.147512518216128 ], [ 112.953624836018165, -2.147332855159304 ], [ 112.953445172961338, -2.147332855159304 ], [ 112.953445172961338, -2.14715319210248 ], [ 112.953085846847685, -2.14715319210248 ] ], [ [ 112.95757742326829, -2.159010953852858 ], [ 112.957397760211464, -2.159010953852858 ], [ 112.957397760211464, -2.159190616909682 ], [ 112.95757742326829, -2.159190616909682 ], [ 112.95757742326829, -2.159010953852858 ] ], [ [ 112.956858771040984, -2.158292301625562 ], [ 112.956679107984172, -2.158292301625562 ], [ 112.956679107984172, -2.158471964682386 ], [ 112.956858771040984, -2.158471964682386 ], [ 112.956858771040984, -2.158292301625562 ] ], [ [ 112.95254685767722, -2.152543083807197 ], [ 112.952187531563567, -2.152543083807197 ], [ 112.952187531563567, -2.152722746864021 ], [ 112.95254685767722, -2.152722746864021 ], [ 112.95254685767722, -2.152543083807197 ] ], [ [ 112.953984162131803, -2.150926116295782 ], [ 112.953804499074977, -2.150926116295782 ], [ 112.953804499074977, -2.151105779352606 ], [ 112.953984162131803, -2.151105779352606 ], [ 112.953984162131803, -2.150926116295782 ] ] ] } },
{ "type": "Feature", "properties": { "count": 23, "label": 1, "cluster_id": 16 }, "geometry": { "type": "Polygon", "coordinates": [ [ [ 112.953265509904512, -2.155597355773204 ], [ 112.953265509904512, -2.155777018830028 ], [ 112.953085846847685, -2.155777018830028 ], [ 112.953085846847685, -2.155956681886852 ], [ 112.953265509904512, -2.155956681886852 ], [ 112.953265509904512, -2.156495671057323 ], [ 112.953445172961338, -2.156495671057323 ], [ 112.953445172961338, -2.156316008000499 ], [ 112.953624836018165, -2.156316008000499 ], [ 112.953624836018165, -2.156495671057323 ], [ 112.953445172961338, -2.156495671057323 ], [ 112.953445172961338, -2.156675334114147 ], [ 112.953624836018165, -2.156675334114147 ], [ 112.953624836018165, -2.156854997170971 ], [ 112.953804499074977, -2.156854997170971 ], [ 112.953804499074977, -2.156675334114147 ], [ 112.953984162131803, -2.156675334114147 ], [ 112.953984162131803, -2.156495671057323 ], [ 112.953804499074977, -2.156495671057323 ], [ 112.953804499074977, -2.156316008000499 ], [ 112.953984162131803, -2.156316008000499 ], [ 112.953984162131803, -2.156495671057323 ], [ 112.95416382518863, -2.156495671057323 ], [ 112.95416382518863, -2.155777018830028 ], [ 112.953624836018165, -2.155777018830028 ], [ 112.953624836018165, -2.155956681886852 ], [ 112.953445172961338, -2.155956681886852 ], [ 112.953445172961338, -2.155597355773204 ], [ 112.953265509904512, -2.155597355773204 ] ] ] } },
{ "type": "Feature", "properties": { "count": 9, "label": 1, "cluster_id": 16 }, "geometry": { "type": "Polygon", "coordinates": [ [ [ 112.953265509904512, -2.157573649398267 ], [ 112.953265509904512, -2.157753312455091 ], [ 112.953085846847685, -2.157753312455091 ], [ 112.953085846847685, -2.15865162773921 ], [ 112.953265509904512, -2.15865162773921 ], [ 112.953265509904512, -2.158292301625562 ], [ 112.953445172961338, -2.158292301625562 ], [ 112.953445172961338, -2.157573649398267 ], [ 112.953265509904512, -2.157573649398267 ] ] ] } },
{ "type": "Feature", "properties": { "count": 1, "label": 1, "cluster_id": 16 }, "geometry": { "type": "Polygon", "coordinates": [ [ [ 112.953445172961338, -2.135834419522574 ], [ 112.953624836018165, -2.135834419522574 ], [ 112.953624836018165, -2.13565475646575 ], [ 112.953445172961338, -2.13565475646575 ], [ 112.953445172961338, -2.135834419522574 ] ] ] } },
{ "type": "Feature", "properties": { "count": 1, "label": 1, "cluster_id": 16 }, "geometry": { "type": "Polygon", "coordinates": [ [ [ 112.953445172961338, -2.139607343715876 ], [ 112.953624836018165, -2.139607343715876 ], [ 112.953624836018165, -2.139427680659052 ], [ 112.953445172961338, -2.139427680659052 ], [ 112.953445172961338, -2.139607343715876 ] ] ] } },
{ "type": "Feature", "properties": { "count": 1, "label": 1, "cluster_id": 16 }, "geometry": { "type": "Polygon", "coordinates": [ [ [ 112.953445172961338, -2.14068532205682 ], [ 112.953624836018165, -2.14068532205682 ], [ 112.953624836018165, -2.140505659 ], [ 112.953445172961338, -2.140505659 ], [ 112.953445172961338, -2.14068532205682 ] ] ] } },
{ "type": "Feature", "properties": { "count": 2, "label": 1, "cluster_id": 16 }, "geometry": { "type": "Polygon", "coordinates": [ [ [ 112.953445172961338, -2.157214323284619 ], [ 112.953624836018165, -2.157214323284619 ], [ 112.953624836018165, -2.156854997170971 ], [ 112.953445172961338, -2.156854997170971 ], [ 112.953445172961338, -2.157214323284619 ] ] ] } },
{ "type": "Feature", "properties": { "count": 16, "label": 1, "cluster_id": 16 }, "geometry": { "type": "Polygon", "coordinates": [ [ [ 112.953624836018165, -2.136732734806694 ], [ 112.953624836018165, -2.136912397863518 ], [ 112.953445172961338, -2.136912397863518 ], [ 112.953445172961338, -2.137451387033989 ], [ 112.953804499074977, -2.137451387033989 ], [ 112.953804499074977, -2.137271723977165 ], [ 112.95416382518863, -2.137271723977165 ], [ 112.95416382518863, -2.137631050090813 ], [ 112.954343488245456, -2.137631050090813 ], [ 112.954343488245456, -2.137451387033989 ], [ 112.954523151302283, -2.137451387033989 ], [ 112.954523151302283, -2.137092060920342 ], [ 112.95416382518863, -2.137092060920342 ], [ 112.95416382518863, -2.136912397863518 ], [ 112.953804499074977, -2.136912397863518 ], [ 112.953804499074977, -2.136732734806694 ], [ 112.953624836018165, -2.136732734806694 ] ] ] } },
{ "type": "Feature", "properties": { "count": 1, "label": 1, "cluster_id": 16 }, "geometry": { "type": "Polygon", "coordinates": [ [ [ 112.953624836018165, -2.158292301625562 ], [ 112.953804499074977, -2.158292301625562 ], [ 112.953804499074977, -2.158112638568738 ], [ 112.953624836018165, -2.158112638568738 ], [ 112.953624836018165, -2.158292301625562 ] ] ] } },
{ "type": "Feature", "properties": { "count": 1, "label": 1, "cluster_id": 16 }, "geometry": { "type": "Polygon", "coordinates": [ [ [ 112.953804499074977, -2.158471964682386 ], [ 112.953984162131803, -2.158471964682386 ], [ 112.953984162131803, -2.158292301625562 ], [ 112.953804499074977, -2.158292301625562 ], [ 112.953804499074977, -2.158471964682386 ] ] ] } },
{ "type": "Feature", "properties": { "count": 18, "label": 1, "cluster_id": 16 }, "geometry": { "type": "Polygon", "coordinates": [ [ [ 112.953445172961338, -2.158831290796034 ], [ 112.953445172961338, -2.159010953852858 ], [ 112.953624836018165, -2.159010953852858 ], [ 112.953624836018165, -2.159370279966506 ], [ 112.953445172961338, -2.159370279966506 ], [ 112.953445172961338, -2.15954994302333 ], [ 112.953265509904512, -2.15954994302333 ], [ 112.953265509904512, -2.159909269136977 ], [ 112.953445172961338, -2.159909269136977 ], [ 112.953445172961338, -2.160088932193801 ], [ 112.953984162131803, -2.160088932193801 ], [ 112.953984162131803, -2.159729606080154 ], [ 112.953804499074977, -2.159729606080154 ], [ 112.953804499074977, -2.159190616909682 ], [ 112.953984162131803, -2.159190616909682 ], [ 112.953984162131803, -2.158831290796034 ], [ 112.953445172961338, -2.158831290796034 ] ] ] } },
{ "type": "Feature", "properties": { "count": 1, "label": 1, "cluster_id": 16 }, "geometry": { "type": "Polygon", "coordinates": [ [ [ 112.953984162131803, -2.13655307174987 ], [ 112.95416382518863, -2.13655307174987 ], [ 112.95416382518863, -2.136373408693046 ], [ 112.953984162131803, -2.136373408693046 ], [ 112.953984162131803, -2.13655307174987 ] ] ] } },
{ "type": "Feature", "properties": { "count": 2, "label": 1, "cluster_id": 16 }, "geometry": { "type": "Polygon", "coordinates": [ [ [ 112.953984162131803, -2.142841278738707 ], [ 112.95416382518863, -2.142841278738707 ], [ 112.95416382518863, -2.142481952625059 ], [ 112.953984162131803, -2.142481952625059 ], [ 112.953984162131803, -2.142841278738707 ] ] ] } },
{ "type": "Feature", "properties": { "count": 1, "label": 1, "cluster_id": 16 }, "geometry": { "type": "Polygon", "coordinates": [ [ [ 112.953984162131803, -2.144637909306946 ], [ 112.95416382518863, -2.144637909306946 ], [ 112.95416382518863, -2.144458246250122 ], [ 112.953984162131803, -2.144458246250122 ], [ 112.953984162131803, -2.144637909306946 ] ] ] } },
{ "type": "Feature", "properties": { "count": 1, "label": 1, "cluster_id": 16 }, "geometry": { "type": "Polygon", "coordinates": [ [ [ 112.953984162131803, -2.158112638568738 ], [ 112.95416382518863, -2.158112638568738 ], [ 112.95416382518863, -2.157932975511915 ], [ 112.953984162131803, -2.157932975511915 ], [ 112.953984162131803, -2.158112638568738 ] ] ] } },
{ "type": "Feature", "properties": { "count": 3, "label": 1, "cluster_id": 16 }, "geometry": { "type": "Polygon", "coordinates": [ [ [ 112.95416382518863, -2.117508787726536 ], [ 112.95416382518863, -2.11768845078336 ], [ 112.953984162131803, -2.11768845078336 ], [ 112.953984162131803, -2.117868113840184 ], [ 112.954343488245456, -2.117868113840184 ], [ 112.954343488245456, -2.117508787726536 ], [ 112.95416382518863, -2.117508787726536 ] ] ] } },
{ "type": "Feature", "properties": { "count": 1, "label": 1, "cluster_id": 16 }, "geometry": { "type": "Polygon", "coordinates": [ [ [ 112.95416382518863, -2.139607343715876 ], [ 112.954343488245456, -2.139607343715876 ], [ 112.954343488245456, -2.139427680659052 ], [ 112.95416382518863, -2.139427680659052 ], [ 112.95416382518863, -2.139607343715876 ] ] ] } },
{ "type": "Feature", "properties": { "count": 5, "label": 1, "cluster_id": 16 }, "geometry": { "type": "Polygon", "coordinates": [ [ [ 112.95416382518863, -2.158292301625562 ], [ 112.95416382518863, -2.158471964682386 ], [ 112.953984162131803, -2.158471964682386 ], [ 112.953984162131803, -2.158831290796034 ], [ 112.954343488245456, -2.158831290796034 ], [ 112.954343488245456, -2.158292301625562 ], [ 112.95416382518863, -2.158292301625562 ] ] ] } },
{ "type": "Feature", "properties": { "count": 1, "label": 1, "cluster_id": 16 }, "geometry": { "type": "Polygon", "coordinates": [ [ [ 112.95416382518863, -2.159909269136977 ], [ 112.954343488245456, -2.159909269136977 ], [ 112.954343488245456, -2.159729606080154 ], [ 112.95416382518863, -2.159729606080154 ], [ 112.95416382518863, -2.159909269136977 ] ] ] } },
{ "type": "Feature", "properties": { "count": 10, "label": 1, "cluster_id": 16 }, "geometry": { "type": "Polygon", "coordinates": [ [ [ 112.95416382518863, -2.162604214989336 ], [ 112.95416382518863, -2.16278387804616 ], [ 112.953804499074977, -2.16278387804616 ], [ 112.953804499074977, -2.162604214989336 ], [ 112.953624836018165, -2.162604214989336 ], [ 112.953624836018165, -2.162963541102984 ], [ 112.953804499074977, -2.162963541102984 ], [ 112.953804499074977, -2.163322867216632 ], [ 112.953984162131803, -2.163322867216632 ], [ 112.953984162131803, -2.163143204159808 ], [ 112.95416382518863, -2.163143204159808 ], [ 112.95416382518863, -2.162963541102984 ], [ 112.954523151302283, -2.162963541102984 ], [ 112.954523151302283, -2.16278387804616 ], [ 112.954343488245456, -2.16278387804616 ], [ 112.954343488245456, -2.162604214989336 ], [ 112.95416382518863, -2.162604214989336 ] ] ] } },
{ "type": "Feature", "properties": { "count": 7, "label": 1, "cluster_id": 16 }, "geometry": { "type": "Polygon", "coordinates": [ [ [ 112.95416382518863, -2.179672205387607 ], [ 112.95416382518863, -2.180390857614903 ], [ 112.954702814359109, -2.180390857614903 ], [ 112.954702814359109, -2.180211194558078 ], [ 112.954343488245456, -2.180211194558078 ], [ 112.954343488245456, -2.180031531501255 ], [ 112.954523151302283, -2.180031531501255 ], [ 112.954523151302283, -2.179851868444431 ], [ 112.954343488245456, -2.179851868444431 ], [ 112.954343488245456, -2.179672205387607 ], [ 112.95416382518863, -2.179672205387607 ] ] ] } },
{ "type": "Feature", "properties": { "count": 1, "label": 1, "cluster_id": 16 }, "geometry": { "type": "Polygon", "coordinates": [ [ [ 112.954343488245456, -2.179672205387607 ], [ 112.954523151302283, -2.179672205387607 ], [ 112.954523151302283, -2.179492542330783 ], [ 112.954343488245456, -2.179492542330783 ], [ 112.954343488245456, -2.179672205387607 ] ] ] } },
{ "type": "Feature", "properties": { "count": 1, "label": 1, "cluster_id": 16 }, "geometry": { "type": "Polygon", "coordinates": [ [ [ 112.954523151302283, -2.140864985113644 ], [ 112.954702814359109, -2.140864985113644 ], [ 112.954702814359109, -2.14068532205682 ], [ 112.954523151302283, -2.14068532205682 ], [ 112.954523151302283, -2.140864985113644 ] ] ] } },
{ "type": "Feature", "properties": { "count": 1, "label": 1, "cluster_id": 16 }, "geometry": { "type": "Polygon", "coordinates": [ [ [ 112.954523151302283, -2.159909269136977 ], [ 112.954702814359109, -2.159909269136977 ], [ 112.954702814359109, -2.159729606080154 ], [ 112.954523151302283, -2.159729606080154 ], [ 112.954523151302283, -2.159909269136977 ] ] ] } },
{ "type": "Feature", "properties": { "count": 2, "label": 1, "cluster_id": 16 }, "geometry": { "type": "Polygon", "coordinates": [ [ [ 112.954343488245456, -2.162604214989336 ], [ 112.954702814359109, -2.162604214989336 ], [ 112.954702814359109, -2.162424551932512 ], [ 112.954343488245456, -2.162424551932512 ], [ 112.954343488245456, -2.162604214989336 ] ] ] } },
{ "type": "Feature", "properties": { "count": 1, "label": 1, "cluster_id": 16 }, "geometry": { "type": "Polygon", "coordinates": [ [ [ 112.954523151302283, -2.163861856387103 ], [ 112.954702814359109, -2.163861856387103 ], [ 112.954702814359109, -2.163682193330279 ], [ 112.954523151302283, -2.163682193330279 ], [ 112.954523151302283, -2.163861856387103 ] ] ] } },
{ "type": "Feature", "properties": { "count": 1, "label": 1, "cluster_id": 16 }, "geometry": { "type": "Polygon", "coordinates": [ [ [ 112.954523151302283, -2.179133216217135 ], [ 112.954702814359109, -2.179133216217135 ], [ 112.954702814359109, -2.178953553160311 ], [ 112.954523151302283, -2.178953553160311 ], [ 112.954523151302283, -2.179133216217135 ] ] ] } },
{ "type": "Feature", "properties": { "count": 1, "label": 1, "cluster_id": 16 }, "geometry": { "type": "Polygon", "coordinates": [ [ [ 112.954523151302283, -2.179851868444431 ], [ 112.954702814359109, -2.179851868444431 ], [ 112.954702814359109, -2.179672205387607 ], [ 112.954523151302283, -2.179672205387607 ], [ 112.954523151302283, -2.179851868444431 ] ] ] } },
{ "type": "Feature", "properties": { "count": 195, "label": 1, "cluster_id": 16 }, "geometry": { "type": "Polygon", "coordinates": [ [ [ 112.95416382518863, -2.131881832272448 ], [ 112.95416382518863, -2.132061495329272 ], [ 112.953984162131803, -2.132061495329272 ], [ 112.953984162131803, -2.13242082144292 ], [ 112.95416382518863, -2.13242082144292 ], [ 112.95416382518863, -2.132600484499744 ], [ 112.954523151302283, -2.132600484499744 ], [ 112.954523151302283, -2.132780147556568 ], [ 112.954343488245456, -2.132780147556568 ], [ 112.954343488245456, -2.132959810613392 ], [ 112.953984162131803, -2.132959810613392 ], [ 112.953984162131803, -2.133139473670216 ], [ 112.953624836018165, -2.133139473670216 ], [ 112.953624836018165, -2.133678462840687 ], [ 112.953445172961338, -2.133678462840687 ], [ 112.953445172961338, -2.133498799783863 ], [ 112.953085846847685, -2.133498799783863 ], [ 112.953085846847685, -2.133678462840687 ], [ 112.952726520734046, -2.133678462840687 ], [ 112.952726520734046, -2.133498799783863 ], [ 112.95254685767722, -2.133498799783863 ], [ 112.95254685767722, -2.133678462840687 ], [ 112.952367194620393, -2.133678462840687 ], [ 112.952367194620393, -2.134217452011159 ], [ 112.952187531563567, -2.134217452011159 ], [ 112.952187531563567, -2.134037788954335 ], [ 112.95200786850674, -2.134037788954335 ], [ 112.95200786850674, -2.134397115067983 ], [ 112.951828205449914, -2.134397115067983 ], [ 112.951828205449914, -2.134756441181631 ], [ 112.952187531563567, -2.134756441181631 ], [ 112.952187531563567, -2.134576778124807 ], [ 112.953085846847685, -2.134576778124807 ], [ 112.953085846847685, -2.134756441181631 ], [ 112.953265509904512, -2.134756441181631 ], [ 112.953265509904512, -2.134397115067983 ], [ 112.953624836018165, -2.134397115067983 ], [ 112.953624836018165, -2.134936104238455 ], [ 112.95416382518863, -2.134936104238455 ], [ 112.95416382518863, -2.134756441181631 ], [ 112.954702814359109, -2.134756441181631 ], [ 112.954702814359109, -2.134576778124807 ], [ 112.954523151302283, -2.134576778124807 ], [ 112.954523151302283, -2.134397115067983 ], [ 112.954343488245456, -2.134397115067983 ], [ 112.954343488245456, -2.134217452011159 ], [ 112.954702814359109, -2.134217452011159 ], [ 112.954702814359109, -2.134397115067983 ], [ 112.956319781870519, -2.134397115067983 ], [ 112.956319781870519, -2.134037788954335 ], [ 112.95578079270004, -2.134037788954335 ], [ 112.95578079270004, -2.133498799783863 ], [ 112.955601129643227, -2.133498799783863 ], [ 112.955601129643227, -2.13331913672704 ], [ 112.955241803529574, -2.13331913672704 ], [ 112.955241803529574, -2.133139473670216 ], [ 112.955421466586401, -2.133139473670216 ], [ 112.955421466586401, -2.132600484499744 ], [ 112.95578079270004, -2.132600484499744 ], [ 112.95578079270004, -2.132780147556568 ], [ 112.956140118813693, -2.132780147556568 ], [ 112.956140118813693, -2.132600484499744 ], [ 112.955960455756866, -2.132600484499744 ], [ 112.955960455756866, -2.13242082144292 ], [ 112.955601129643227, -2.13242082144292 ], [ 112.955601129643227, -2.132241158386096 ], [ 112.955421466586401, -2.132241158386096 ], [ 112.955421466586401, -2.132061495329272 ], [ 112.954882477415921, -2.132061495329272 ], [ 112.954882477415921, -2.131881832272448 ], [ 112.95416382518863, -2.131881832272448 ] ] ] } },
{ "type": "Feature", "properties": { "count": 7, "label": 1, "cluster_id": 16 }, "geometry": { "type": "Polygon", "coordinates": [ [ [ 112.954523151302283, -2.143380267909178 ], [ 112.954523151302283, -2.143739594022826 ], [ 112.954702814359109, -2.143739594022826 ], [ 112.954702814359109, -2.144278583193298 ], [ 112.954882477415921, -2.144278583193298 ], [ 112.954882477415921, -2.143380267909178 ], [ 112.954523151302283, -2.143380267909178 ] ] ] } },
{ "type": "Feature", "properties": { "count": 1, "label": 1, "cluster_id": 16 }, "geometry": { "type": "Polygon", "coordinates": [ [ [ 112.954702814359109, -2.164041519443927 ], [ 112.954882477415921, -2.164041519443927 ], [ 112.954882477415921, -2.163861856387103 ], [ 112.954702814359109, -2.163861856387103 ], [ 112.954702814359109, -2.164041519443927 ] ] ] } },
{ "type": "Feature", "properties": { "count": 4, "label": 1, "cluster_id": 16 }, "geometry": { "type": "Polygon", "coordinates": [ [ [ 112.954702814359109, -2.141224311227291 ], [ 112.955062140472748, -2.141224311227291 ], [ 112.955062140472748, -2.140864985113644 ], [ 112.954702814359109, -2.140864985113644 ], [ 112.954702814359109, -2.141224311227291 ] ] ] } },
{ "type": "Feature", "properties": { "count": 1, "label": 1, "cluster_id": 16 }, "geometry": { "type": "Polygon", "coordinates": [ [ [ 112.954882477415921, -2.157214323284619 ], [ 112.955062140472748, -2.157214323284619 ], [ 112.955062140472748, -2.157034660227795 ], [ 112.954882477415921, -2.157034660227795 ], [ 112.954882477415921, -2.157214323284619 ] ] ] } },
{ "type": "Feature", "properties": { "count": 3, "label": 1, "cluster_id": 16 }, "geometry": { "type": "Polygon", "coordinates": [ [ [ 112.954702814359109, -2.163322867216632 ], [ 112.954702814359109, -2.163682193330279 ], [ 112.954882477415921, -2.163682193330279 ], [ 112.954882477415921, -2.163502530273456 ], [ 112.955062140472748, -2.163502530273456 ], [ 112.955062140472748, -2.163322867216632 ], [ 112.954702814359109, -2.163322867216632 ] ] ] } },
{ "type": "Feature", "properties": { "count": 1, "label": 1, "cluster_id": 16 }, "geometry": { "type": "Polygon", "coordinates": [ [ [ 112.955062140472748, -2.157034660227795 ], [ 112.955241803529574, -2.157034660227795 ], [ 112.955241803529574, -2.156854997170971 ], [ 112.955062140472748, -2.156854997170971 ], [ 112.955062140472748, -2.157034660227795 ] ] ] } },
{ "type": "Feature", "properties": { "count": 38, "label": 1, "cluster_id": 16 }, "geometry": { "type": "Polygon", "coordinates": [ [ [ 112.954882477415921, -2.160807584421097 ], [ 112.954882477415921, -2.161166910534745 ], [ 112.954702814359109, -2.161166910534745 ], [ 112.954702814359109, -2.16188556276204 ], [ 112.954523151302283, -2.16188556276204 ], [ 112.954523151302283, -2.162244888875688 ], [ 112.954702814359109, -2.162244888875688 ], [ 112.954702814359109, -2.162065225818864 ], [ 112.955421466586401, -2.162065225818864 ], [ 112.955421466586401, -2.16188556276204 ], [ 112.955601129643227, -2.16188556276204 ], [ 112.955601129643227, -2.161705899705217 ], [ 112.95578079270004, -2.161705899705217 ], [ 112.95578079270004, -2.161526236648393 ], [ 112.955960455756866, -2.161526236648393 ], [ 112.955960455756866, -2.161166910534745 ], [ 112.95578079270004, -2.161166910534745 ], [ 112.95578079270004, -2.160987247477921 ], [ 112.955241803529574, -2.160987247477921 ], [ 112.955241803529574, -2.160807584421097 ], [ 112.954882477415921, -2.160807584421097 ] ] ] } },
{ "type": "Feature", "properties": { "count": 2, "label": 1, "cluster_id": 16 }, "geometry": { "type": "Polygon", "coordinates": [ [ [ 112.954882477415921, -2.163861856387103 ], [ 112.955241803529574, -2.163861856387103 ], [ 112.955241803529574, -2.163682193330279 ], [ 112.954882477415921, -2.163682193330279 ], [ 112.954882477415921, -2.163861856387103 ] ] ] } },
{ "type": "Feature", "properties": { "count": 1, "label": 1, "cluster_id": 16 }, "geometry": { "type": "Polygon", "coordinates": [ [ [ 112.955241803529574, -2.113196874362762 ], [ 112.955421466586401, -2.113196874362762 ], [ 112.955421466586401, -2.113017211305938 ], [ 112.955241803529574, -2.113017211305938 ], [ 112.955241803529574, -2.113196874362762 ] ] ] } },
{ "type": "Feature", "properties": { "count": 1, "label": 1, "cluster_id": 16 }, "geometry": { "type": "Polygon", "coordinates": [ [ [ 112.955241803529574, -2.11355620047641 ], [ 112.955421466586401, -2.11355620047641 ], [ 112.955421466586401, -2.113376537419586 ], [ 112.955241803529574, -2.113376537419586 ], [ 112.955241803529574, -2.11355620047641 ] ] ] } },
{ "type": "Feature", "properties": { "count": 1, "label": 1, "cluster_id": 16 }, "geometry": { "type": "Polygon", "coordinates": [ [ [ 112.955241803529574, -2.119485081351599 ], [ 112.955421466586401, -2.119485081351599 ], [ 112.955421466586401, -2.119305418294775 ], [ 112.955241803529574, -2.119305418294775 ], [ 112.955241803529574, -2.119485081351599 ] ] ] } },
{ "type": "Feature", "properties": { "count": 15, "label": 1, "cluster_id": 16 }, "geometry": { "type": "Polygon", "coordinates": [ [ [ 112.954882477415921, -2.139966669829524 ], [ 112.954882477415921, -2.140146332886348 ], [ 112.955062140472748, -2.140146332886348 ], [ 112.955062140472748, -2.14068532205682 ], [ 112.955241803529574, -2.14068532205682 ], [ 112.955241803529574, -2.140505659 ], [ 112.955421466586401, -2.140505659 ], [ 112.955421466586401, -2.141044648170467 ], [ 112.955601129643227, -2.141044648170467 ], [ 112.955601129643227, -2.14068532205682 ], [ 112.95578079270004, -2.14068532205682 ], [ 112.95578079270004, -2.140325995943172 ], [ 112.955601129643227, -2.140325995943172 ], [ 112.955601129643227, -2.140146332886348 ], [ 112.955421466586401, -2.140146332886348 ], [ 112.955421466586401, -2.139966669829524 ], [ 112.954882477415921, -2.139966669829524 ] ] ] } },
{ "type": "Feature", "properties": { "count": 4, "label": 1, "cluster_id": 16 }, "geometry": { "type": "Polygon", "coordinates": [ [ [ 112.955241803529574, -2.141044648170467 ], [ 112.955241803529574, -2.141224311227291 ], [ 112.955062140472748, -2.141224311227291 ], [ 112.955062140472748, -2.141583637340939 ], [ 112.955241803529574, -2.141583637340939 ], [ 112.955241803529574, -2.141403974284115 ], [ 112.955421466586401, -2.141403974284115 ], [ 112.955421466586401, -2.141044648170467 ], [ 112.955241803529574, -2.141044648170467 ] ] ] } },
{ "type": "Feature", "properties": { "count": 1, "label": 1, "cluster_id": 16 }, "geometry": { "type": "Polygon", "coordinates": [ [ [ 112.955241803529574, -2.163682193330279 ], [ 112.955421466586401, -2.163682193330279 ], [ 112.955421466586401, -2.163502530273456 ], [ 112.955241803529574, -2.163502530273456 ], [ 112.955241803529574, -2.163682193330279 ] ] ] } },
{ "type": "Feature", "properties": { "count": 2, "label": 1, "cluster_id": 16 }, "geometry": { "type": "Polygon", "coordinates": [ [ [ 112.955241803529574, -2.164400845557575 ], [ 112.955421466586401, -2.164400845557575 ], [ 112.955421466586401, -2.164041519443927 ], [ 112.955241803529574, -2.164041519443927 ], [ 112.955241803529574, -2.164400845557575 ] ] ] } },
{ "type": "Feature", "properties": { "count": 14, "label": 1, "cluster_id": 16 }, "geometry": { "type": "Polygon", "coordinates": [ [ [ 112.954882477415921, -2.164580508614399 ], [ 112.954882477415921, -2.164760171671223 ], [ 112.954702814359109, -2.164760171671223 ], [ 112.954702814359109, -2.164939834728047 ], [ 112.954523151302283, -2.164939834728047 ], [ 112.954523151302283, -2.165299160841695 ], [ 112.954343488245456, -2.165299160841695 ], [ 112.954343488245456, -2.165478823898519 ], [ 112.954702814359109, -2.165478823898519 ], [ 112.954702814359109, -2.165119497784871 ], [ 112.955241803529574, -2.165119497784871 ], [ 112.955241803529574, -2.164939834728047 ], [ 112.955421466586401, -2.164939834728047 ], [ 112.955421466586401, -2.164580508614399 ], [ 112.954882477415921, -2.164580508614399 ] ] ] } },
{ "type": "Feature", "properties": { "count": 6, "label": 1, "cluster_id": 16 }, "geometry": { "type": "Polygon", "coordinates": [ [ [ 112.955062140472748, -2.18398411875138 ], [ 112.955062140472748, -2.184163781808205 ], [ 112.955241803529574, -2.184163781808205 ], [ 112.955241803529574, -2.184343444865029 ], [ 112.955421466586401, -2.184343444865029 ], [ 112.955421466586401, -2.184523107921852 ], [ 112.955601129643227, -2.184523107921852 ], [ 112.955601129643227, -2.184343444865029 ], [ 112.95578079270004, -2.184343444865029 ], [ 112.95578079270004, -2.184163781808205 ], [ 112.955421466586401, -2.184163781808205 ], [ 112.955421466586401, -2.18398411875138 ], [ 112.955062140472748, -2.18398411875138 ] ] ] } },
{ "type": "Feature", "properties": { "count": 1, "label": 1, "cluster_id": 16 }, "geometry": { "type": "Polygon", "coordinates": [ [ [ 112.955421466586401, -2.119664744408423 ], [ 112.955601129643227, -2.119664744408423 ], [ 112.955601129643227, -2.119485081351599 ], [ 112.955421466586401, -2.119485081351599 ], [ 112.955421466586401, -2.119664744408423 ] ] ] } },
{ "type": "Feature", "properties": { "count": 1, "label": 1, "cluster_id": 16 }, "geometry": { "type": "Polygon", "coordinates": [ [ [ 112.955421466586401, -2.164041519443927 ], [ 112.955601129643227, -2.164041519443927 ], [ 112.955601129643227, -2.163861856387103 ], [ 112.955421466586401, -2.163861856387103 ], [ 112.955421466586401, -2.164041519443927 ] ] ] } },
{ "type": "Feature", "properties": { "count": 1, "label": 1, "cluster_id": 16 }, "geometry": { "type": "Polygon", "coordinates": [ [ [ 112.955601129643227, -2.118766429124304 ], [ 112.95578079270004, -2.118766429124304 ], [ 112.95578079270004, -2.118586766067479 ], [ 112.955601129643227, -2.118586766067479 ], [ 112.955601129643227, -2.118766429124304 ] ] ] } },
{ "type": "Feature", "properties": { "count": 1, "label": 1, "cluster_id": 16 }, "geometry": { "type": "Polygon", "coordinates": [ [ [ 112.955601129643227, -2.168533095864525 ], [ 112.95578079270004, -2.168533095864525 ], [ 112.95578079270004, -2.168353432807701 ], [ 112.955601129643227, -2.168353432807701 ], [ 112.955601129643227, -2.168533095864525 ] ] ] } },
{ "type": "Feature", "properties": { "count": 1, "label": 1, "cluster_id": 16 }, "geometry": { "type": "Polygon", "coordinates": [ [ [ 112.95578079270004, -2.11355620047641 ], [ 112.955960455756866, -2.11355620047641 ], [ 112.955960455756866, -2.113376537419586 ], [ 112.95578079270004, -2.113376537419586 ], [ 112.95578079270004, -2.11355620047641 ] ] ] } },
{ "type": "Feature", "properties": { "count": 5, "label": 1, "cluster_id": 16 }, "geometry": { "type": "Polygon", "coordinates": [ [ [ 112.955601129643227, -2.141403974284115 ], [ 112.955601129643227, -2.141763300397763 ], [ 112.956140118813693, -2.141763300397763 ], [ 112.956140118813693, -2.141583637340939 ], [ 112.955960455756866, -2.141583637340939 ], [ 112.955960455756866, -2.141403974284115 ], [ 112.955601129643227, -2.141403974284115 ] ] ] } },
{ "type": "Feature", "properties": { "count": 1, "label": 1, "cluster_id": 16 }, "geometry": { "type": "Polygon", "coordinates": [ [ [ 112.955960455756866, -2.113376537419586 ], [ 112.956140118813693, -2.113376537419586 ], [ 112.956140118813693, -2.113196874362762 ], [ 112.955960455756866, -2.113196874362762 ], [ 112.955960455756866, -2.113376537419586 ] ] ] } },
{ "type": "Feature", "properties": { "count": 1, "label": 1, "cluster_id": 16 }, "geometry": { "type": "Polygon", "coordinates": [ [ [ 112.955960455756866, -2.142122626511411 ], [ 112.956140118813693, -2.142122626511411 ], [ 112.956140118813693, -2.141942963454587 ], [ 112.955960455756866, -2.141942963454587 ], [ 112.955960455756866, -2.142122626511411 ] ] ] } },
{ "type": "Feature", "properties": { "count": 1, "label": 1, "cluster_id": 16 }, "geometry": { "type": "Polygon", "coordinates": [ [ [ 112.955960455756866, -2.142481952625059 ], [ 112.956140118813693, -2.142481952625059 ], [ 112.956140118813693, -2.142302289568235 ], [ 112.955960455756866, -2.142302289568235 ], [ 112.955960455756866, -2.142481952625059 ] ] ] } },
{ "type": "Feature", "properties": { "count": 6, "label": 1, "cluster_id": 16 }, "geometry": { "type": "Polygon", "coordinates": [ [ [ 112.956319781870519, -2.134576778124807 ], [ 112.956319781870519, -2.134936104238455 ], [ 112.956499444927346, -2.134936104238455 ], [ 112.956499444927346, -2.135115767295279 ], [ 112.956679107984172, -2.135115767295279 ], [ 112.956679107984172, -2.135295430352103 ], [ 112.956858771040984, -2.135295430352103 ], [ 112.956858771040984, -2.134936104238455 ], [ 112.956679107984172, -2.134936104238455 ], [ 112.956679107984172, -2.134756441181631 ], [ 112.956499444927346, -2.134756441181631 ], [ 112.956499444927346, -2.134576778124807 ], [ 112.956319781870519, -2.134576778124807 ] ] ] } },
{ "type": "Feature", "properties": { "count": 1, "label": 1, "cluster_id": 16 }, "geometry": { "type": "Polygon", "coordinates": [ [ [ 112.956319781870519, -2.140325995943172 ], [ 112.956499444927346, -2.140325995943172 ], [ 112.956499444927346, -2.140146332886348 ], [ 112.956319781870519, -2.140146332886348 ], [ 112.956319781870519, -2.140325995943172 ] ] ] } },
{ "type": "Feature", "properties": { "count": 1, "label": 1, "cluster_id": 16 }, "geometry": { "type": "Polygon", "coordinates": [ [ [ 112.956499444927346, -2.120383396635718 ], [ 112.956679107984172, -2.120383396635718 ], [ 112.956679107984172, -2.120203733578895 ], [ 112.956499444927346, -2.120203733578895 ], [ 112.956499444927346, -2.120383396635718 ] ] ] } },
{ "type": "Feature", "properties": { "count": 1, "label": 1, "cluster_id": 16 }, "geometry": { "type": "Polygon", "coordinates": [ [ [ 112.956499444927346, -2.140146332886348 ], [ 112.956679107984172, -2.140146332886348 ], [ 112.956679107984172, -2.139966669829524 ], [ 112.956499444927346, -2.139966669829524 ], [ 112.956499444927346, -2.140146332886348 ] ] ] } },
{ "type": "Feature", "properties": { "count": 3, "label": 1, "cluster_id": 16 }, "geometry": { "type": "Polygon", "coordinates": [ [ [ 112.956499444927346, -2.150566790182134 ], [ 112.956499444927346, -2.150926116295782 ], [ 112.956858771040984, -2.150926116295782 ], [ 112.956858771040984, -2.150746453238958 ], [ 112.956679107984172, -2.150746453238958 ], [ 112.956679107984172, -2.150566790182134 ], [ 112.956499444927346, -2.150566790182134 ] ] ] } },
{ "type": "Feature", "properties": { "count": 2, "label": 1, "cluster_id": 16 }, "geometry": { "type": "Polygon", "coordinates": [ [ [ 112.956679107984172, -2.139966669829524 ], [ 112.956858771040984, -2.139966669829524 ], [ 112.956858771040984, -2.139607343715876 ], [ 112.956679107984172, -2.139607343715876 ], [ 112.956679107984172, -2.139966669829524 ] ] ] } },
{ "type": "Feature", "properties": { "count": 1, "label": 1, "cluster_id": 16 }, "geometry": { "type": "Polygon", "coordinates": [ [ [ 112.956679107984172, -2.141403974284115 ], [ 112.956858771040984, -2.141403974284115 ], [ 112.956858771040984, -2.141224311227291 ], [ 112.956679107984172, -2.141224311227291 ], [ 112.956679107984172, -2.141403974284115 ] ] ] } },
{ "type": "Feature", "properties": { "count": 9, "label": 1, "cluster_id": 16 }, "geometry": { "type": "Polygon", "coordinates": [ [ [ 112.956679107984172, -2.168173769750877 ], [ 112.956679107984172, -2.168892421978172 ], [ 112.957038434097811, -2.168892421978172 ], [ 112.957038434097811, -2.168712758921349 ], [ 112.957218097154637, -2.168712758921349 ], [ 112.957218097154637, -2.168533095864525 ], [ 112.957038434097811, -2.168533095864525 ], [ 112.957038434097811, -2.168173769750877 ], [ 112.956679107984172, -2.168173769750877 ] ] ] } },
{ "type": "Feature", "properties": { "count": 3, "label": 1, "cluster_id": 16 }, "geometry": { "type": "Polygon", "coordinates": [ [ [ 112.956499444927346, -2.173743324512418 ], [ 112.957038434097811, -2.173743324512418 ], [ 112.957038434097811, -2.173563661455594 ], [ 112.956499444927346, -2.173563661455594 ], [ 112.956499444927346, -2.173743324512418 ] ] ] } },
{ "type": "Feature", "properties": { "count": 122, "label": 1, "cluster_id": 16 }, "geometry": { "type": "Polygon", "coordinates": [ [ [ 112.956858771040984, -2.140505659 ], [ 112.956858771040984, -2.141044648170467 ], [ 112.957038434097811, -2.141044648170467 ], [ 112.957038434097811, -2.141403974284115 ], [ 112.956858771040984, -2.141403974284115 ], [ 112.956858771040984, -2.141583637340939 ], [ 112.956679107984172, -2.141583637340939 ], [ 112.956679107984172, -2.141942963454587 ], [ 112.956499444927346, -2.141942963454587 ], [ 112.956499444927346, -2.142122626511411 ], [ 112.956319781870519, -2.142122626511411 ], [ 112.956319781870519, -2.142302289568235 ], [ 112.956679107984172, -2.142302289568235 ], [ 112.956679107984172, -2.142122626511411 ], [ 112.956858771040984, -2.142122626511411 ], [ 112.956858771040984, -2.141763300397763 ], [ 112.957038434097811, -2.141763300397763 ], [ 112.957038434097811, -2.141583637340939 ], [ 112.957218097154637, -2.141583637340939 ], [ 112.957218097154637, -2.141942963454587 ], [ 112.957397760211464, -2.141942963454587 ], [ 112.957397760211464, -2.142302289568235 ], [ 112.957218097154637, -2.142302289568235 ], [ 112.957218097154637, -2.142841278738707 ], [ 112.957397760211464, -2.142841278738707 ], [ 112.957397760211464, -2.14302094179553 ], [ 112.957218097154637, -2.14302094179553 ], [ 112.957218097154637, -2.143200604852354 ], [ 112.957038434097811, -2.143200604852354 ], [ 112.957038434097811, -2.143380267909178 ], [ 112.956858771040984, -2.143380267909178 ], [ 112.956858771040984, -2.143559930966002 ], [ 112.957038434097811, -2.143559930966002 ], [ 112.957038434097811, -2.144098920136474 ], [ 112.957218097154637, -2.144098920136474 ], [ 112.957218097154637, -2.14391925707965 ], [ 112.957397760211464, -2.14391925707965 ], [ 112.957397760211464, -2.144278583193298 ], [ 112.957218097154637, -2.144278583193298 ], [ 112.957218097154637, -2.144458246250122 ], [ 112.95757742326829, -2.144458246250122 ], [ 112.95757742326829, -2.144817572363769 ], [ 112.957757086325103, -2.144817572363769 ], [ 112.957757086325103, -2.144997235420593 ], [ 112.95757742326829, -2.144997235420593 ], [ 112.95757742326829, -2.145356561534241 ], [ 112.957757086325103, -2.145356561534241 ], [ 112.957757086325103, -2.145715887647889 ], [ 112.957936749381929, -2.145715887647889 ], [ 112.957936749381929, -2.145356561534241 ], [ 112.958116412438756, -2.145356561534241 ], [ 112.958116412438756, -2.144458246250122 ], [ 112.957936749381929, -2.144458246250122 ], [ 112.957936749381929, -2.144278583193298 ], [ 112.958116412438756, -2.144278583193298 ], [ 112.958116412438756, -2.142122626511411 ], [ 112.958296075495582, -2.142122626511411 ], [ 112.958296075495582, -2.141942963454587 ], [ 112.958116412438756, -2.141942963454587 ], [ 112.958116412438756, -2.141763300397763 ], [ 112.957936749381929, -2.141763300397763 ], [ 112.957936749381929, -2.141583637340939 ], [ 112.957757086325103, -2.141583637340939 ], [ 112.957757086325103, -2.141403974284115 ], [ 112.95757742326829, -2.141403974284115 ], [ 112.95757742326829, -2.141044648170467 ], [ 112.957397760211464, -2.141044648170467 ], [ 112.957397760211464, -2.14068532205682 ], [ 112.957218097154637, -2.14068532205682 ], [ 112.957218097154637, -2.140505659 ], [ 112.956858771040984, -2.140505659 ] ] ] } },
{ "type": "Feature", "properties": { "count": 1, "label": 1, "cluster_id": 16 }, "geometry": { "type": "Polygon", "coordinates": [ [ [ 112.957218097154637, -2.137271723977165 ], [ 112.957397760211464, -2.137271723977165 ], [ 112.957397760211464, -2.137092060920342 ], [ 112.957218097154637, -2.137092060920342 ], [ 112.957218097154637, -2.137271723977165 ] ] ] } },
{ "type": "Feature", "properties": { "count": 1, "label": 1, "cluster_id": 16 }, "geometry": { "type": "Polygon", "coordinates": [ [ [ 112.957218097154637, -2.145356561534241 ], [ 112.957397760211464, -2.145356561534241 ], [ 112.957397760211464, -2.145176898477417 ], [ 112.957218097154637, -2.145176898477417 ], [ 112.957218097154637, -2.145356561534241 ] ] ] } },
{ "type": "Feature", "properties": { "count": 2, "label": 1, "cluster_id": 16 }, "geometry": { "type": "Polygon", "coordinates": [ [ [ 112.957397760211464, -2.137990376204461 ], [ 112.95757742326829, -2.137990376204461 ], [ 112.95757742326829, -2.137631050090813 ], [ 112.957397760211464, -2.137631050090813 ], [ 112.957397760211464, -2.137990376204461 ] ] ] } },
{ "type": "Feature", "properties": { "count": 3, "label": 1, "cluster_id": 16 }, "geometry": { "type": "Polygon", "coordinates": [ [ [ 112.957397760211464, -2.168712758921349 ], [ 112.95757742326829, -2.168712758921349 ], [ 112.95757742326829, -2.168173769750877 ], [ 112.957397760211464, -2.168173769750877 ], [ 112.957397760211464, -2.168712758921349 ] ] ] } },
{ "type": "Feature", "properties": { "count": 8, "label": 1, "cluster_id": 16 }, "geometry": { "type": "Polygon", "coordinates": [ [ [ 112.95757742326829, -2.137990376204461 ], [ 112.95757742326829, -2.138529365374933 ], [ 112.957757086325103, -2.138529365374933 ], [ 112.957757086325103, -2.138709028431757 ], [ 112.958116412438756, -2.138709028431757 ], [ 112.958116412438756, -2.138349702318109 ], [ 112.957936749381929, -2.138349702318109 ], [ 112.957936749381929, -2.138170039261285 ], [ 112.957757086325103, -2.138170039261285 ], [ 112.957757086325103, -2.137990376204461 ], [ 112.95757742326829, -2.137990376204461 ] ] ] } },
{ "type": "Feature", "properties": { "count": 3, "label": 1, "cluster_id": 16 }, "geometry": { "type": "Polygon", "coordinates": [ [ [ 112.957218097154637, -2.161166910534745 ], [ 112.957757086325103, -2.161166910534745 ], [ 112.957757086325103, -2.160987247477921 ], [ 112.957218097154637, -2.160987247477921 ], [ 112.957218097154637, -2.161166910534745 ] ] ] } },
{ "type": "Feature", "properties": { "count": 43, "label": 1, "cluster_id": 16 }, "geometry": { "type": "Polygon", "coordinates": [ [ [ 112.95757742326829, -2.168712758921349 ], [ 112.95757742326829, -2.169072085034997 ], [ 112.957397760211464, -2.169072085034997 ], [ 112.957397760211464, -2.169251748091821 ], [ 112.957218097154637, -2.169251748091821 ], [ 112.957218097154637, -2.169611074205468 ], [ 112.957038434097811, -2.169611074205468 ], [ 112.957038434097811, -2.169251748091821 ], [ 112.956858771040984, -2.169251748091821 ], [ 112.956858771040984, -2.169072085034997 ], [ 112.956679107984172, -2.169072085034997 ], [ 112.956679107984172, -2.169251748091821 ], [ 112.956319781870519, -2.169251748091821 ], [ 112.956319781870519, -2.169790737262292 ], [ 112.956499444927346, -2.169790737262292 ], [ 112.956499444927346, -2.169970400319116 ], [ 112.956858771040984, -2.169970400319116 ], [ 112.956858771040984, -2.17015006337594 ], [ 112.957397760211464, -2.17015006337594 ], [ 112.957397760211464, -2.169970400319116 ], [ 112.957757086325103, -2.169970400319116 ], [ 112.957757086325103, -2.17015006337594 ], [ 112.957936749381929, -2.17015006337594 ], [ 112.957936749381929, -2.169790737262292 ], [ 112.958116412438756, -2.169790737262292 ], [ 112.958116412438756, -2.169251748091821 ], [ 112.957757086325103, -2.169251748091821 ], [ 112.957757086325103, -2.168712758921349 ], [ 112.95757742326829, -2.168712758921349 ] ], [ [ 112.956679107984172, -2.169431411148644 ], [ 112.956499444927346, -2.169431411148644 ], [ 112.956499444927346, -2.169611074205468 ], [ 112.956679107984172, -2.169611074205468 ], [ 112.956679107984172, -2.169790737262292 ], [ 112.956858771040984, -2.169790737262292 ], [ 112.956858771040984, -2.169611074205468 ], [ 112.956679107984172, -2.169611074205468 ], [ 112.956679107984172, -2.169431411148644 ] ] ] } },
{ "type": "Feature", "properties": { "count": 1, "label": 1, "cluster_id": 16 }, "geometry": { "type": "Polygon", "coordinates": [ [ [ 112.95757742326829, -2.17338399839877 ], [ 112.957757086325103, -2.17338399839877 ], [ 112.957757086325103, -2.173204335341946 ], [ 112.95757742326829, -2.173204335341946 ], [ 112.95757742326829, -2.17338399839877 ] ] ] } },
{ "type": "Feature", "properties": { "count": 44, "label": 1, "cluster_id": 16 }, "geometry": { "type": "Polygon", "coordinates": [ [ [ 112.95757742326829, -2.185062097092324 ], [ 112.95757742326829, -2.185241760149148 ], [ 112.957397760211464, -2.185241760149148 ], [ 112.957397760211464, -2.185421423205972 ], [ 112.957218097154637, -2.185421423205972 ], [ 112.957218097154637, -2.18578074931962 ], [ 112.957038434097811, -2.18578074931962 ], [ 112.957038434097811, -2.185960412376444 ], [ 112.956858771040984, -2.185960412376444 ], [ 112.956858771040984, -2.186140075433268 ], [ 112.957038434097811, -2.186140075433268 ], [ 112.957038434097811, -2.186319738490091 ], [ 112.957218097154637, -2.186319738490091 ], [ 112.957218097154637, -2.186679064603739 ], [ 112.957397760211464, -2.186679064603739 ], [ 112.957397760211464, -2.187038390717387 ], [ 112.957757086325103, -2.187038390717387 ], [ 112.957757086325103, -2.187218053774211 ], [ 112.957936749381929, -2.187218053774211 ], [ 112.957936749381929, -2.187038390717387 ], [ 112.958296075495582, -2.187038390717387 ], [ 112.958296075495582, -2.187397716831035 ], [ 112.958835064666047, -2.187397716831035 ], [ 112.958835064666047, -2.187218053774211 ], [ 112.958655401609235, -2.187218053774211 ], [ 112.958655401609235, -2.186858727660563 ], [ 112.958475738552409, -2.186858727660563 ], [ 112.958475738552409, -2.186679064603739 ], [ 112.958296075495582, -2.186679064603739 ], [ 112.958296075495582, -2.186858727660563 ], [ 112.958116412438756, -2.186858727660563 ], [ 112.958116412438756, -2.186679064603739 ], [ 112.957936749381929, -2.186679064603739 ], [ 112.957936749381929, -2.186319738490091 ], [ 112.957757086325103, -2.186319738490091 ], [ 112.957757086325103, -2.186499401546915 ], [ 112.95757742326829, -2.186499401546915 ], [ 112.95757742326829, -2.186319738490091 ], [ 112.957757086325103, -2.186319738490091 ], [ 112.957757086325103, -2.185960412376444 ], [ 112.957397760211464, -2.185960412376444 ], [ 112.957397760211464, -2.18578074931962 ], [ 112.95757742326829, -2.18578074931962 ], [ 112.95757742326829, -2.185601086262796 ], [ 112.957757086325103, -2.185601086262796 ], [ 112.957757086325103, -2.185062097092324 ], [ 112.95757742326829, -2.185062097092324 ] ] ] } },
{ "type": "Feature", "properties": { "count": 2, "label": 1, "cluster_id": 16 }, "geometry": { "type": "Polygon", "coordinates": [ [ [ 112.957757086325103, -2.137810713147637 ], [ 112.957936749381929, -2.137810713147637 ], [ 112.957936749381929, -2.137451387033989 ], [ 112.957757086325103, -2.137451387033989 ], [ 112.957757086325103, -2.137810713147637 ] ] ] } },
{ "type": "Feature", "properties": { "count": 34, "label": 1, "cluster_id": 16 }, "geometry": { "type": "Polygon", "coordinates": [ [ [ 112.957757086325103, -2.145895550704713 ], [ 112.957757086325103, -2.146254876818361 ], [ 112.95757742326829, -2.146254876818361 ], [ 112.95757742326829, -2.147332855159304 ], [ 112.957397760211464, -2.147332855159304 ], [ 112.957397760211464, -2.147692181272952 ], [ 112.957218097154637, -2.147692181272952 ], [ 112.957218097154637, -2.147871844329776 ], [ 112.95757742326829, -2.147871844329776 ], [ 112.95757742326829, -2.148410833500248 ], [ 112.957936749381929, -2.148410833500248 ], [ 112.957936749381929, -2.148231170443424 ], [ 112.958116412438756, -2.148231170443424 ], [ 112.958116412438756, -2.1480515073866 ], [ 112.957936749381929, -2.1480515073866 ], [ 112.957936749381929, -2.147692181272952 ], [ 112.95757742326829, -2.147692181272952 ], [ 112.95757742326829, -2.147512518216128 ], [ 112.957936749381929, -2.147512518216128 ], [ 112.957936749381929, -2.14715319210248 ], [ 112.958116412438756, -2.14715319210248 ], [ 112.958116412438756, -2.146254876818361 ], [ 112.957936749381929, -2.146254876818361 ], [ 112.957936749381929, -2.145895550704713 ], [ 112.957757086325103, -2.145895550704713 ] ] ] } },
{ "type": "Feature", "properties": { "count": 1, "label": 1, "cluster_id": 16 }, "geometry": { "type": "Polygon", "coordinates": [ [ [ 112.957757086325103, -2.15954994302333 ], [ 112.957936749381929, -2.15954994302333 ], [ 112.957936749381929, -2.159370279966506 ], [ 112.957757086325103, -2.159370279966506 ], [ 112.957757086325103, -2.15954994302333 ] ] ] } },
{ "type": "Feature", "properties": { "count": 1, "label": 1, "cluster_id": 16 }, "geometry": { "type": "Polygon", "coordinates": [ [ [ 112.957936749381929, -2.172126357001003 ], [ 112.958116412438756, -2.172126357001003 ], [ 112.958116412438756, -2.171946693944179 ], [ 112.957936749381929, -2.171946693944179 ], [ 112.957936749381929, -2.172126357001003 ] ] ] } },
{ "type": "Feature", "properties": { "count": 4, "label": 1, "cluster_id": 16 }, "geometry": { "type": "Polygon", "coordinates": [ [ [ 112.957936749381929, -2.174461976739714 ], [ 112.958116412438756, -2.174461976739714 ], [ 112.958116412438756, -2.173743324512418 ], [ 112.957936749381929, -2.173743324512418 ], [ 112.957936749381929, -2.174461976739714 ] ] ] } },
{ "type": "Feature", "properties": { "count": 2, "label": 1, "cluster_id": 16 }, "geometry": { "type": "Polygon", "coordinates": [ [ [ 112.958116412438756, -2.148770159613895 ], [ 112.958296075495582, -2.148770159613895 ], [ 112.958296075495582, -2.148410833500248 ], [ 112.958116412438756, -2.148410833500248 ], [ 112.958116412438756, -2.148770159613895 ] ] ] } },
{ "type": "Feature", "properties": { "count": 1, "label": 1, "cluster_id": 16 }, "geometry": { "type": "Polygon", "coordinates": [ [ [ 112.958116412438756, -2.165838150012166 ], [ 112.958296075495582, -2.165838150012166 ], [ 112.958296075495582, -2.165658486955342 ], [ 112.958116412438756, -2.165658486955342 ], [ 112.958116412438756, -2.165838150012166 ] ] ] } },
{ "type": "Feature", "properties": { "count": 20, "label": 1, "cluster_id": 16 }, "geometry": { "type": "Polygon", "coordinates": [ [ [ 112.958116412438756, -2.183624792637733 ], [ 112.958116412438756, -2.183804455694557 ], [ 112.956858771040984, -2.183804455694557 ], [ 112.956858771040984, -2.18398411875138 ], [ 112.957218097154637, -2.18398411875138 ], [ 112.957218097154637, -2.184163781808205 ], [ 112.957397760211464, -2.184163781808205 ], [ 112.957397760211464, -2.184343444865029 ], [ 112.957757086325103, -2.184343444865029 ], [ 112.957757086325103, -2.184523107921852 ], [ 112.957936749381929, -2.184523107921852 ], [ 112.957936749381929, -2.184343444865029 ], [ 112.958116412438756, -2.184343444865029 ], [ 112.958116412438756, -2.184163781808205 ], [ 112.958296075495582, -2.184163781808205 ], [ 112.958296075495582, -2.183624792637733 ], [ 112.958116412438756, -2.183624792637733 ] ] ] } },
{ "type": "Feature", "properties": { "count": 2, "label": 1, "cluster_id": 16 }, "geometry": { "type": "Polygon", "coordinates": [ [ [ 112.958116412438756, -2.150926116295782 ], [ 112.958475738552409, -2.150926116295782 ], [ 112.958475738552409, -2.150746453238958 ], [ 112.958116412438756, -2.150746453238958 ], [ 112.958116412438756, -2.150926116295782 ] ] ] } },
{ "type": "Feature", "properties": { "count": 1, "label": 1, "cluster_id": 16 }, "geometry": { "type": "Polygon", "coordinates": [ [ [ 112.958296075495582, -2.152722746864021 ], [ 112.958475738552409, -2.152722746864021 ], [ 112.958475738552409, -2.152543083807197 ], [ 112.958296075495582, -2.152543083807197 ], [ 112.958296075495582, -2.152722746864021 ] ] ] } },
{ "type": "Feature", "properties": { "count": 2, "label": 1, "cluster_id": 16 }, "geometry": { "type": "Polygon", "coordinates": [ [ [ 112.958296075495582, -2.166377139182638 ], [ 112.958475738552409, -2.166377139182638 ], [ 112.958475738552409, -2.16601781306899 ], [ 112.958296075495582, -2.16601781306899 ], [ 112.958296075495582, -2.166377139182638 ] ] ] } },
{ "type": "Feature", "properties": { "count": 4, "label": 1, "cluster_id": 16 }, "geometry": { "type": "Polygon", "coordinates": [ [ [ 112.958296075495582, -2.166556802239462 ], [ 112.958296075495582, -2.16691612835311 ], [ 112.958475738552409, -2.16691612835311 ], [ 112.958475738552409, -2.167095791409934 ], [ 112.958655401609235, -2.167095791409934 ], [ 112.958655401609235, -2.166736465296286 ], [ 112.958475738552409, -2.166736465296286 ], [ 112.958475738552409, -2.166556802239462 ], [ 112.958296075495582, -2.166556802239462 ] ] ] } },
{ "type": "Feature", "properties": { "count": 73, "label": 1, "cluster_id": 16 }, "geometry": { "type": "Polygon", "coordinates": [ [ [ 112.958116412438756, -2.138709028431757 ], [ 112.958116412438756, -2.138888691488581 ], [ 112.957936749381929, -2.138888691488581 ], [ 112.957936749381929, -2.139068354545405 ], [ 112.958116412438756, -2.139068354545405 ], [ 112.958116412438756, -2.139607343715876 ], [ 112.957936749381929, -2.139607343715876 ], [ 112.957936749381929, -2.139427680659052 ], [ 112.95757742326829, -2.139427680659052 ], [ 112.95757742326829, -2.139607343715876 ], [ 112.957218097154637, -2.139607343715876 ], [ 112.957218097154637, -2.1397870067727 ], [ 112.957397760211464, -2.1397870067727 ], [ 112.957397760211464, -2.140146332886348 ], [ 112.956858771040984, -2.140146332886348 ], [ 112.956858771040984, -2.140325995943172 ], [ 112.957397760211464, -2.140325995943172 ], [ 112.957397760211464, -2.140505659 ], [ 112.957757086325103, -2.140505659 ], [ 112.957757086325103, -2.14068532205682 ], [ 112.957936749381929, -2.14068532205682 ], [ 112.957936749381929, -2.141044648170467 ], [ 112.958116412438756, -2.141044648170467 ], [ 112.958116412438756, -2.140864985113644 ], [ 112.958475738552409, -2.140864985113644 ], [ 112.958475738552409, -2.141224311227291 ], [ 112.959014727722874, -2.141224311227291 ], [ 112.959014727722874, -2.141583637340939 ], [ 112.9591943907797, -2.141583637340939 ], [ 112.9591943907797, -2.14068532205682 ], [ 112.959014727722874, -2.14068532205682 ], [ 112.959014727722874, -2.140864985113644 ], [ 112.958835064666047, -2.140864985113644 ], [ 112.958835064666047, -2.14068532205682 ], [ 112.958655401609235, -2.14068532205682 ], [ 112.958655401609235, -2.140325995943172 ], [ 112.958835064666047, -2.140325995943172 ], [ 112.958835064666047, -2.140146332886348 ], [ 112.958655401609235, -2.140146332886348 ], [ 112.958655401609235, -2.139607343715876 ], [ 112.958475738552409, -2.139607343715876 ], [ 112.958475738552409, -2.139427680659052 ], [ 112.958296075495582, -2.139427680659052 ], [ 112.958296075495582, -2.139068354545405 ], [ 112.958475738552409, -2.139068354545405 ], [ 112.958475738552409, -2.138888691488581 ], [ 112.958655401609235, -2.138888691488581 ], [ 112.958655401609235, -2.138709028431757 ], [ 112.958116412438756, -2.138709028431757 ] ], [ [ 112.957757086325103, -2.139966669829524 ], [ 112.95757742326829, -2.139966669829524 ], [ 112.95757742326829, -2.140146332886348 ], [ 112.957757086325103, -2.140146332886348 ], [ 112.957757086325103, -2.139966669829524 ] ] ] } },
{ "type": "Feature", "properties": { "count": 13, "label": 1, "cluster_id": 16 }, "geometry": { "type": "Polygon", "coordinates": [ [ [ 112.958296075495582, -2.145715887647889 ], [ 112.958296075495582, -2.146075213761537 ], [ 112.958116412438756, -2.146075213761537 ], [ 112.958116412438756, -2.146254876818361 ], [ 112.958296075495582, -2.146254876818361 ], [ 112.958296075495582, -2.146434539875185 ], [ 112.958475738552409, -2.146434539875185 ], [ 112.958475738552409, -2.14715319210248 ], [ 112.958655401609235, -2.14715319210248 ], [ 112.958655401609235, -2.146793865988832 ], [ 112.958835064666047, -2.146793865988832 ], [ 112.958835064666047, -2.146614202932009 ], [ 112.958655401609235, -2.146614202932009 ], [ 112.958655401609235, -2.146075213761537 ], [ 112.958475738552409, -2.146075213761537 ], [ 112.958475738552409, -2.145895550704713 ], [ 112.958655401609235, -2.145895550704713 ], [ 112.958655401609235, -2.145715887647889 ], [ 112.958296075495582, -2.145715887647889 ] ] ] } },
{ "type": "Feature", "properties": { "count": 1, "label": 1, "cluster_id": 16 }, "geometry": { "type": "Polygon", "coordinates": [ [ [ 112.958655401609235, -2.188475695171978 ], [ 112.958835064666047, -2.188475695171978 ], [ 112.958835064666047, -2.188296032115154 ], [ 112.958655401609235, -2.188296032115154 ], [ 112.958655401609235, -2.188475695171978 ] ] ] } },
{ "type": "Feature", "properties": { "count": 12, "label": 1, "cluster_id": 16 }, "geometry": { "type": "Polygon", "coordinates": [ [ [ 112.958296075495582, -2.147512518216128 ], [ 112.958296075495582, -2.147871844329776 ], [ 112.958835064666047, -2.147871844329776 ], [ 112.958835064666047, -2.1480515073866 ], [ 112.959014727722874, -2.1480515073866 ], [ 112.959014727722874, -2.147871844329776 ], [ 112.9591943907797, -2.147871844329776 ], [ 112.9591943907797, -2.1480515073866 ], [ 112.959374053836527, -2.1480515073866 ], [ 112.959374053836527, -2.147692181272952 ], [ 112.959014727722874, -2.147692181272952 ], [ 112.959014727722874, -2.147512518216128 ], [ 112.958296075495582, -2.147512518216128 ] ] ] } },
{ "type": "Feature", "properties": { "count": 2, "label": 1, "cluster_id": 16 }, "geometry": { "type": "Polygon", "coordinates": [ [ [ 112.958835064666047, -2.151465105466254 ], [ 112.959014727722874, -2.151465105466254 ], [ 112.959014727722874, -2.151105779352606 ], [ 112.958835064666047, -2.151105779352606 ], [ 112.958835064666047, -2.151465105466254 ] ] ] } },
{ "type": "Feature", "properties": { "count": 2, "label": 1, "cluster_id": 16 }, "geometry": { "type": "Polygon", "coordinates": [ [ [ 112.958655401609235, -2.152004094636726 ], [ 112.959014727722874, -2.152004094636726 ], [ 112.959014727722874, -2.151824431579902 ], [ 112.958655401609235, -2.151824431579902 ], [ 112.958655401609235, -2.152004094636726 ] ] ] } },
{ "type": "Feature", "properties": { "count": 7, "label": 1, "cluster_id": 16 }, "geometry": { "type": "Polygon", "coordinates": [ [ [ 112.958835064666047, -2.154699040489084 ], [ 112.958835064666047, -2.154878703545908 ], [ 112.958475738552409, -2.154878703545908 ], [ 112.958475738552409, -2.155238029659556 ], [ 112.959014727722874, -2.155238029659556 ], [ 112.959014727722874, -2.154699040489084 ], [ 112.958835064666047, -2.154699040489084 ] ] ] } },
{ "type": "Feature", "properties": { "count": 1, "label": 1, "cluster_id": 16 }, "geometry": { "type": "Polygon", "coordinates": [ [ [ 112.958835064666047, -2.187577379887859 ], [ 112.959014727722874, -2.187577379887859 ], [ 112.959014727722874, -2.187397716831035 ], [ 112.958835064666047, -2.187397716831035 ], [ 112.958835064666047, -2.187577379887859 ] ] ] } },
{ "type": "Feature", "properties": { "count": 8, "label": 1, "cluster_id": 16 }, "geometry": { "type": "Polygon", "coordinates": [ [ [ 112.958835064666047, -2.188475695171978 ], [ 112.958835064666047, -2.189194347399274 ], [ 112.9591943907797, -2.189194347399274 ], [ 112.9591943907797, -2.188835021285626 ], [ 112.959374053836527, -2.188835021285626 ], [ 112.959374053836527, -2.188655358228802 ], [ 112.959014727722874, -2.188655358228802 ], [ 112.959014727722874, -2.188475695171978 ], [ 112.958835064666047, -2.188475695171978 ] ] ] } },
{ "type": "Feature", "properties": { "count": 2, "label": 1, "cluster_id": 16 }, "geometry": { "type": "Polygon", "coordinates": [ [ [ 112.959014727722874, -2.119664744408423 ], [ 112.9591943907797, -2.119664744408423 ], [ 112.9591943907797, -2.119305418294775 ], [ 112.959014727722874, -2.119305418294775 ], [ 112.959014727722874, -2.119664744408423 ] ] ] } },
{ "type": "Feature", "properties": { "count": 1, "label": 1, "cluster_id": 16 }, "geometry": { "type": "Polygon", "coordinates": [ [ [ 112.959014727722874, -2.152363420750373 ], [ 112.9591943907797, -2.152363420750373 ], [ 112.9591943907797, -2.15218375769355 ], [ 112.959014727722874, -2.15218375769355 ], [ 112.959014727722874, -2.152363420750373 ] ] ] } },
{ "type": "Feature", "properties": { "count": 2, "label": 1, "cluster_id": 16 }, "geometry": { "type": "Polygon", "coordinates": [ [ [ 112.959014727722874, -2.153082072977669 ], [ 112.9591943907797, -2.153082072977669 ], [ 112.9591943907797, -2.152722746864021 ], [ 112.959014727722874, -2.152722746864021 ], [ 112.959014727722874, -2.153082072977669 ] ] ] } },
{ "type": "Feature", "properties": { "count": 5, "label": 1, "cluster_id": 16 }, "geometry": { "type": "Polygon", "coordinates": [ [ [ 112.958655401609235, -2.165299160841695 ], [ 112.958655401609235, -2.165658486955342 ], [ 112.959014727722874, -2.165658486955342 ], [ 112.959014727722874, -2.165478823898519 ], [ 112.9591943907797, -2.165478823898519 ], [ 112.9591943907797, -2.165299160841695 ], [ 112.958655401609235, -2.165299160841695 ] ] ] } },
{ "type": "Feature", "properties": { "count": 1, "label": 1, "cluster_id": 16 }, "geometry": { "type": "Polygon", "coordinates": [ [ [ 112.959014727722874, -2.183265466524085 ], [ 112.9591943907797, -2.183265466524085 ], [ 112.9591943907797, -2.183085803467261 ], [ 112.959014727722874, -2.183085803467261 ], [ 112.959014727722874, -2.183265466524085 ] ] ] } },
{ "type": "Feature", "properties": { "count": 20, "label": 1, "cluster_id": 16 }, "geometry": { "type": "Polygon", "coordinates": [ [ [ 112.958835064666047, -2.148410833500248 ], [ 112.958835064666047, -2.148590496557071 ], [ 112.958655401609235, -2.148590496557071 ], [ 112.958655401609235, -2.148770159613895 ], [ 112.958475738552409, -2.148770159613895 ], [ 112.958475738552409, -2.148949822670719 ], [ 112.958655401609235, -2.148949822670719 ], [ 112.958655401609235, -2.149129485727543 ], [ 112.959374053836527, -2.149129485727543 ], [ 112.959374053836527, -2.149309148784367 ], [ 112.959553716893353, -2.149309148784367 ], [ 112.959553716893353, -2.149129485727543 ], [ 112.959733379950165, -2.149129485727543 ], [ 112.959733379950165, -2.148949822670719 ], [ 112.959553716893353, -2.148949822670719 ], [ 112.959553716893353, -2.148770159613895 ], [ 112.959374053836527, -2.148770159613895 ], [ 112.959374053836527, -2.148410833500248 ], [ 112.958835064666047, -2.148410833500248 ] ] ] } },
{ "type": "Feature", "properties": { "count": 1, "label": 1, "cluster_id": 16 }, "geometry": { "type": "Polygon", "coordinates": [ [ [ 112.9591943907797, -2.150027801011663 ], [ 112.959374053836527, -2.150027801011663 ], [ 112.959374053836527, -2.149848137954839 ], [ 112.9591943907797, -2.149848137954839 ], [ 112.9591943907797, -2.150027801011663 ] ] ] } },
{ "type": "Feature", "properties": { "count": 1, "label": 1, "cluster_id": 16 }, "geometry": { "type": "Polygon", "coordinates": [ [ [ 112.9591943907797, -2.152722746864021 ], [ 112.959374053836527, -2.152722746864021 ], [ 112.959374053836527, -2.152543083807197 ], [ 112.9591943907797, -2.152543083807197 ], [ 112.9591943907797, -2.152722746864021 ] ] ] } },
{ "type": "Feature", "properties": { "count": 4, "label": 1, "cluster_id": 16 }, "geometry": { "type": "Polygon", "coordinates": [ [ [ 112.9591943907797, -2.153261736034493 ], [ 112.9591943907797, -2.153621062148141 ], [ 112.959733379950165, -2.153621062148141 ], [ 112.959733379950165, -2.153441399091317 ], [ 112.959374053836527, -2.153441399091317 ], [ 112.959374053836527, -2.153261736034493 ], [ 112.9591943907797, -2.153261736034493 ] ] ] } },
{ "type": "Feature", "properties": { "count": 7, "label": 1, "cluster_id": 16 }, "geometry": { "type": "Polygon", "coordinates": [ [ [ 112.958835064666047, -2.154160051318613 ], [ 112.958835064666047, -2.154339714375436 ], [ 112.958655401609235, -2.154339714375436 ], [ 112.958655401609235, -2.15451937743226 ], [ 112.959374053836527, -2.15451937743226 ], [ 112.959374053836527, -2.154160051318613 ], [ 112.958835064666047, -2.154160051318613 ] ] ] } },
{ "type": "Feature", "properties": { "count": 2, "label": 1, "cluster_id": 16 }, "geometry": { "type": "Polygon", "coordinates": [ [ [ 112.959014727722874, -2.156495671057323 ], [ 112.959374053836527, -2.156495671057323 ], [ 112.959374053836527, -2.156316008000499 ], [ 112.959014727722874, -2.156316008000499 ], [ 112.959014727722874, -2.156495671057323 ] ] ] } },
{ "type": "Feature", "properties": { "count": 3, "label": 1, "cluster_id": 16 }, "geometry": { "type": "Polygon", "coordinates": [ [ [ 112.9591943907797, -2.167095791409934 ], [ 112.9591943907797, -2.167275454466758 ], [ 112.959014727722874, -2.167275454466758 ], [ 112.959014727722874, -2.167455117523581 ], [ 112.959374053836527, -2.167455117523581 ], [ 112.959374053836527, -2.167095791409934 ], [ 112.9591943907797, -2.167095791409934 ] ] ] } },
{ "type": "Feature", "properties": { "count": 18, "label": 1, "cluster_id": 16 }, "geometry": { "type": "Polygon", "coordinates": [ [ [ 112.9591943907797, -2.168533095864525 ], [ 112.9591943907797, -2.169072085034997 ], [ 112.959014727722874, -2.169072085034997 ], [ 112.959014727722874, -2.169251748091821 ], [ 112.958296075495582, -2.169251748091821 ], [ 112.958296075495582, -2.169431411148644 ], [ 112.959014727722874, -2.169431411148644 ], [ 112.959014727722874, -2.169611074205468 ], [ 112.959553716893353, -2.169611074205468 ], [ 112.959553716893353, -2.169431411148644 ], [ 112.959733379950165, -2.169431411148644 ], [ 112.959733379950165, -2.169072085034997 ], [ 112.959374053836527, -2.169072085034997 ], [ 112.959374053836527, -2.168533095864525 ], [ 112.9591943907797, -2.168533095864525 ] ] ] } },
{ "type": "Feature", "properties": { "count": 2, "label": 1, "cluster_id": 16 }, "geometry": { "type": "Polygon", "coordinates": [ [ [ 112.9591943907797, -2.120024070522071 ], [ 112.959553716893353, -2.120024070522071 ], [ 112.959553716893353, -2.119844407465247 ], [ 112.9591943907797, -2.119844407465247 ], [ 112.9591943907797, -2.120024070522071 ] ] ] } },
{ "type": "Feature", "properties": { "count": 2, "label": 1, "cluster_id": 16 }, "geometry": { "type": "Polygon", "coordinates": [ [ [ 112.9591943907797, -2.127030929738203 ], [ 112.959553716893353, -2.127030929738203 ], [ 112.959553716893353, -2.126851266681379 ], [ 112.9591943907797, -2.126851266681379 ], [ 112.9591943907797, -2.127030929738203 ] ] ] } },
{ "type": "Feature", "properties": { "count": 2, "label": 1, "cluster_id": 16 }, "geometry": { "type": "Polygon", "coordinates": [ [ [ 112.959374053836527, -2.130803853931505 ], [ 112.959553716893353, -2.130803853931505 ], [ 112.959553716893353, -2.130444527817857 ], [ 112.959374053836527, -2.130444527817857 ], [ 112.959374053836527, -2.130803853931505 ] ] ] } },
{ "type": "Feature", "properties": { "count": 1, "label": 1, "cluster_id": 16 }, "geometry": { "type": "Polygon", "coordinates": [ [ [ 112.959374053836527, -2.142302289568235 ], [ 112.959553716893353, -2.142302289568235 ], [ 112.959553716893353, -2.142122626511411 ], [ 112.959374053836527, -2.142122626511411 ], [ 112.959374053836527, -2.142302289568235 ] ] ] } },
{ "type": "Feature", "properties": { "count": 1, "label": 1, "cluster_id": 16 }, "geometry": { "type": "Polygon", "coordinates": [ [ [ 112.959374053836527, -2.152902409920845 ], [ 112.959553716893353, -2.152902409920845 ], [ 112.959553716893353, -2.152722746864021 ], [ 112.959374053836527, -2.152722746864021 ], [ 112.959374053836527, -2.152902409920845 ] ] ] } },
{ "type": "Feature", "properties": { "count": 1, "label": 1, "cluster_id": 16 }, "geometry": { "type": "Polygon", "coordinates": [ [ [ 112.959374053836527, -2.155238029659556 ], [ 112.959553716893353, -2.155238029659556 ], [ 112.959553716893353, -2.155058366602732 ], [ 112.959374053836527, -2.155058366602732 ], [ 112.959374053836527, -2.155238029659556 ] ] ] } },
{ "type": "Feature", "properties": { "count": 21, "label": 1, "cluster_id": 16 }, "geometry": { "type": "Polygon", "coordinates": [ [ [ 112.9591943907797, -2.183265466524085 ], [ 112.9591943907797, -2.183445129580909 ], [ 112.959014727722874, -2.183445129580909 ], [ 112.959014727722874, -2.183265466524085 ], [ 112.958835064666047, -2.183265466524085 ], [ 112.958835064666047, -2.184343444865029 ], [ 112.958655401609235, -2.184343444865029 ], [ 112.958655401609235, -2.185062097092324 ], [ 112.958835064666047, -2.185062097092324 ], [ 112.958835064666047, -2.1848824340355 ], [ 112.959014727722874, -2.1848824340355 ], [ 112.959014727722874, -2.184702770978676 ], [ 112.958835064666047, -2.184702770978676 ], [ 112.958835064666047, -2.184523107921852 ], [ 112.959014727722874, -2.184523107921852 ], [ 112.959014727722874, -2.184163781808205 ], [ 112.9591943907797, -2.184163781808205 ], [ 112.9591943907797, -2.183804455694557 ], [ 112.959374053836527, -2.183804455694557 ], [ 112.959374053836527, -2.183624792637733 ], [ 112.959553716893353, -2.183624792637733 ], [ 112.959553716893353, -2.183265466524085 ], [ 112.9591943907797, -2.183265466524085 ] ] ] } },
{ "type": "Feature", "properties": { "count": 1, "label": 1, "cluster_id": 16 }, "geometry": { "type": "Polygon", "coordinates": [ [ [ 112.959553716893353, -2.153082072977669 ], [ 112.959733379950165, -2.153082072977669 ], [ 112.959733379950165, -2.152902409920845 ], [ 112.959553716893353, -2.152902409920845 ], [ 112.959553716893353, -2.153082072977669 ] ] ] } },
{ "type": "Feature", "properties": { "count": 1, "label": 1, "cluster_id": 16 }, "geometry": { "type": "Polygon", "coordinates": [ [ [ 112.959733379950165, -2.130983516988329 ], [ 112.959913043006992, -2.130983516988329 ], [ 112.959913043006992, -2.130803853931505 ], [ 112.959733379950165, -2.130803853931505 ], [ 112.959733379950165, -2.130983516988329 ] ] ] } },
{ "type": "Feature", "properties": { "count": 1, "label": 1, "cluster_id": 16 }, "geometry": { "type": "Polygon", "coordinates": [ [ [ 112.959733379950165, -2.15541769271638 ], [ 112.959913043006992, -2.15541769271638 ], [ 112.959913043006992, -2.155238029659556 ], [ 112.959733379950165, -2.155238029659556 ], [ 112.959733379950165, -2.15541769271638 ] ] ] } },
{ "type": "Feature", "properties": { "count": 3, "label": 1, "cluster_id": 16 }, "geometry": { "type": "Polygon", "coordinates": [ [ [ 112.959733379950165, -2.168353432807701 ], [ 112.959733379950165, -2.168533095864525 ], [ 112.959553716893353, -2.168533095864525 ], [ 112.959553716893353, -2.168712758921349 ], [ 112.959913043006992, -2.168712758921349 ], [ 112.959913043006992, -2.168353432807701 ], [ 112.959733379950165, -2.168353432807701 ] ] ] } },
{ "type": "Feature", "properties": { "count": 2, "label": 1, "cluster_id": 16 }, "geometry": { "type": "Polygon", "coordinates": [ [ [ 112.959733379950165, -2.128468234192794 ], [ 112.960092706063818, -2.128468234192794 ], [ 112.960092706063818, -2.12828857113597 ], [ 112.959733379950165, -2.12828857113597 ], [ 112.959733379950165, -2.128468234192794 ] ] ] } },
{ "type": "Feature", "properties": { "count": 25, "label": 1, "cluster_id": 16 }, "geometry": { "type": "Polygon", "coordinates": [ [ [ 112.959374053836527, -2.138170039261285 ], [ 112.959374053836527, -2.138349702318109 ], [ 112.959553716893353, -2.138349702318109 ], [ 112.959553716893353, -2.138529365374933 ], [ 112.959014727722874, -2.138529365374933 ], [ 112.959014727722874, -2.138709028431757 ], [ 112.959374053836527, -2.138709028431757 ], [ 112.959374053836527, -2.139068354545405 ], [ 112.959733379950165, -2.139068354545405 ], [ 112.959733379950165, -2.139248017602228 ], [ 112.959913043006992, -2.139248017602228 ], [ 112.959913043006992, -2.139068354545405 ], [ 112.960452032177471, -2.139068354545405 ], [ 112.960452032177471, -2.138709028431757 ], [ 112.960272369120645, -2.138709028431757 ], [ 112.960272369120645, -2.138529365374933 ], [ 112.960092706063818, -2.138529365374933 ], [ 112.960092706063818, -2.138709028431757 ], [ 112.959913043006992, -2.138709028431757 ], [ 112.959913043006992, -2.138888691488581 ], [ 112.959733379950165, -2.138888691488581 ], [ 112.959733379950165, -2.138709028431757 ], [ 112.959913043006992, -2.138709028431757 ], [ 112.959913043006992, -2.138529365374933 ], [ 112.960092706063818, -2.138529365374933 ], [ 112.960092706063818, -2.138170039261285 ], [ 112.959374053836527, -2.138170039261285 ] ] ] } },
{ "type": "Feature", "properties": { "count": 1, "label": 1, "cluster_id": 16 }, "geometry": { "type": "Polygon", "coordinates": [ [ [ 112.959913043006992, -2.141044648170467 ], [ 112.960092706063818, -2.141044648170467 ], [ 112.960092706063818, -2.140864985113644 ], [ 112.959913043006992, -2.140864985113644 ], [ 112.959913043006992, -2.141044648170467 ] ] ] } },
{ "type": "Feature", "properties": { "count": 2, "label": 1, "cluster_id": 16 }, "geometry": { "type": "Polygon", "coordinates": [ [ [ 112.959733379950165, -2.153261736034493 ], [ 112.960092706063818, -2.153261736034493 ], [ 112.960092706063818, -2.153082072977669 ], [ 112.959733379950165, -2.153082072977669 ], [ 112.959733379950165, -2.153261736034493 ] ] ] } },
{ "type": "Feature", "properties": { "count": 68, "label": 1, "cluster_id": 16 }, "geometry": { "type": "Polygon", "coordinates": [ [ [ 112.959913043006992, -2.153621062148141 ], [ 112.959913043006992, -2.153980388261789 ], [ 112.959733379950165, -2.153980388261789 ], [ 112.959733379950165, -2.154160051318613 ], [ 112.959913043006992, -2.154160051318613 ], [ 112.959913043006992, -2.154339714375436 ], [ 112.960092706063818, -2.154339714375436 ], [ 112.960092706063818, -2.15451937743226 ], [ 112.960272369120645, -2.15451937743226 ], [ 112.960272369120645, -2.154699040489084 ], [ 112.960092706063818, -2.154699040489084 ], [ 112.960092706063818, -2.155058366602732 ], [ 112.96081135829111, -2.155058366602732 ], [ 112.96081135829111, -2.155238029659556 ], [ 112.961709673575228, -2.155238029659556 ], [ 112.961709673575228, -2.155058366602732 ], [ 112.961889336632055, -2.155058366602732 ], [ 112.961889336632055, -2.154699040489084 ], [ 112.962428325802534, -2.154699040489084 ], [ 112.962428325802534, -2.154160051318613 ], [ 112.962248662745708, -2.154160051318613 ], [ 112.962248662745708, -2.153800725204965 ], [ 112.962068999688881, -2.153800725204965 ], [ 112.962068999688881, -2.154160051318613 ], [ 112.961530010518416, -2.154160051318613 ], [ 112.961530010518416, -2.154339714375436 ], [ 112.960991021347937, -2.154339714375436 ], [ 112.960991021347937, -2.153800725204965 ], [ 112.96081135829111, -2.153800725204965 ], [ 112.96081135829111, -2.154160051318613 ], [ 112.960452032177471, -2.154160051318613 ], [ 112.960452032177471, -2.153980388261789 ], [ 112.960092706063818, -2.153980388261789 ], [ 112.960092706063818, -2.153621062148141 ], [ 112.959913043006992, -2.153621062148141 ] ], [ [ 112.960631695234298, -2.15451937743226 ], [ 112.960452032177471, -2.15451937743226 ], [ 112.960452032177471, -2.154699040489084 ], [ 112.960631695234298, -2.154699040489084 ], [ 112.960631695234298, -2.15451937743226 ] ], [ [ 112.960991021347937, -2.15451937743226 ], [ 112.96081135829111, -2.15451937743226 ], [ 112.96081135829111, -2.154699040489084 ], [ 112.960991021347937, -2.154699040489084 ], [ 112.960991021347937, -2.15451937743226 ] ], [ [ 112.962068999688881, -2.154339714375436 ], [ 112.961889336632055, -2.154339714375436 ], [ 112.961889336632055, -2.15451937743226 ], [ 112.962068999688881, -2.15451937743226 ], [ 112.962068999688881, -2.154339714375436 ] ] ] } },
{ "type": "Feature", "properties": { "count": 2, "label": 1, "cluster_id": 16 }, "geometry": { "type": "Polygon", "coordinates": [ [ [ 112.959913043006992, -2.15865162773921 ], [ 112.960092706063818, -2.15865162773921 ], [ 112.960092706063818, -2.158292301625562 ], [ 112.959913043006992, -2.158292301625562 ], [ 112.959913043006992, -2.15865162773921 ] ] ] } },
{ "type": "Feature", "properties": { "count": 1, "label": 1, "cluster_id": 16 }, "geometry": { "type": "Polygon", "coordinates": [ [ [ 112.960092706063818, -2.118586766067479 ], [ 112.960272369120645, -2.118586766067479 ], [ 112.960272369120645, -2.118407103010655 ], [ 112.960092706063818, -2.118407103010655 ], [ 112.960092706063818, -2.118586766067479 ] ] ] } },
{ "type": "Feature", "properties": { "count": 1, "label": 1, "cluster_id": 16 }, "geometry": { "type": "Polygon", "coordinates": [ [ [ 112.960092706063818, -2.130085201704209 ], [ 112.960272369120645, -2.130085201704209 ], [ 112.960272369120645, -2.129905538647385 ], [ 112.960092706063818, -2.129905538647385 ], [ 112.960092706063818, -2.130085201704209 ] ] ] } },
{ "type": "Feature", "properties": { "count": 28, "label": 1, "cluster_id": 16 }, "geometry": { "type": "Polygon", "coordinates": [ [ [ 112.960092706063818, -2.150387127125311 ], [ 112.960092706063818, -2.150746453238958 ], [ 112.959913043006992, -2.150746453238958 ], [ 112.959913043006992, -2.150926116295782 ], [ 112.959553716893353, -2.150926116295782 ], [ 112.959553716893353, -2.150746453238958 ], [ 112.959733379950165, -2.150746453238958 ], [ 112.959733379950165, -2.150566790182134 ], [ 112.9591943907797, -2.150566790182134 ], [ 112.9591943907797, -2.150746453238958 ], [ 112.959374053836527, -2.150746453238958 ], [ 112.959374053836527, -2.150926116295782 ], [ 112.959014727722874, -2.150926116295782 ], [ 112.959014727722874, -2.151105779352606 ], [ 112.9591943907797, -2.151105779352606 ], [ 112.9591943907797, -2.151465105466254 ], [ 112.959014727722874, -2.151465105466254 ], [ 112.959014727722874, -2.151824431579902 ], [ 112.9591943907797, -2.151824431579902 ], [ 112.9591943907797, -2.15218375769355 ], [ 112.959374053836527, -2.15218375769355 ], [ 112.959374053836527, -2.151824431579902 ], [ 112.959553716893353, -2.151824431579902 ], [ 112.959553716893353, -2.151465105466254 ], [ 112.959733379950165, -2.151465105466254 ], [ 112.959733379950165, -2.151105779352606 ], [ 112.960092706063818, -2.151105779352606 ], [ 112.960092706063818, -2.150926116295782 ], [ 112.960272369120645, -2.150926116295782 ], [ 112.960272369120645, -2.150387127125311 ], [ 112.960092706063818, -2.150387127125311 ] ] ] } },
{ "type": "Feature", "properties": { "count": 6, "label": 1, "cluster_id": 16 }, "geometry": { "type": "Polygon", "coordinates": [ [ [ 112.959913043006992, -2.152543083807197 ], [ 112.959913043006992, -2.152902409920845 ], [ 112.960092706063818, -2.152902409920845 ], [ 112.960092706063818, -2.153082072977669 ], [ 112.960272369120645, -2.153082072977669 ], [ 112.960272369120645, -2.152902409920845 ], [ 112.960452032177471, -2.152902409920845 ], [ 112.960452032177471, -2.152722746864021 ], [ 112.960272369120645, -2.152722746864021 ], [ 112.960272369120645, -2.152543083807197 ], [ 112.959913043006992, -2.152543083807197 ] ] ] } },
{ "type": "Feature", "properties": { "count": 3, "label": 1, "cluster_id": 16 }, "geometry": { "type": "Polygon", "coordinates": [ [ [ 112.959913043006992, -2.165299160841695 ], [ 112.959913043006992, -2.165478823898519 ], [ 112.960092706063818, -2.165478823898519 ], [ 112.960092706063818, -2.165658486955342 ], [ 112.960272369120645, -2.165658486955342 ], [ 112.960272369120645, -2.165299160841695 ], [ 112.959913043006992, -2.165299160841695 ] ] ] } },
{ "type": "Feature", "properties": { "count": 1, "label": 1, "cluster_id": 16 }, "geometry": { "type": "Polygon", "coordinates": [ [ [ 112.960092706063818, -2.166197476125814 ], [ 112.960272369120645, -2.166197476125814 ], [ 112.960272369120645, -2.16601781306899 ], [ 112.960092706063818, -2.16601781306899 ], [ 112.960092706063818, -2.166197476125814 ] ] ] } },
{ "type": "Feature", "properties": { "count": 4, "label": 1, "cluster_id": 16 }, "geometry": { "type": "Polygon", "coordinates": [ [ [ 112.960272369120645, -2.128468234192794 ], [ 112.960272369120645, -2.128647897249618 ], [ 112.960092706063818, -2.128647897249618 ], [ 112.960092706063818, -2.129007223363266 ], [ 112.960272369120645, -2.129007223363266 ], [ 112.960272369120645, -2.128827560306442 ], [ 112.960452032177471, -2.128827560306442 ], [ 112.960452032177471, -2.128468234192794 ], [ 112.960272369120645, -2.128468234192794 ] ] ] } },
{ "type": "Feature", "properties": { "count": 1, "label": 1, "cluster_id": 16 }, "geometry": { "type": "Polygon", "coordinates": [ [ [ 112.960272369120645, -2.12918688642009 ], [ 112.960452032177471, -2.12918688642009 ], [ 112.960452032177471, -2.129007223363266 ], [ 112.960272369120645, -2.129007223363266 ], [ 112.960272369120645, -2.12918688642009 ] ] ] } },
{ "type": "Feature", "properties": { "count": 4, "label": 1, "cluster_id": 16 }, "geometry": { "type": "Polygon", "coordinates": [ [ [ 112.960272369120645, -2.15128544240943 ], [ 112.960272369120645, -2.151465105466254 ], [ 112.960092706063818, -2.151465105466254 ], [ 112.960092706063818, -2.151824431579902 ], [ 112.960272369120645, -2.151824431579902 ], [ 112.960272369120645, -2.151644768523078 ], [ 112.960452032177471, -2.151644768523078 ], [ 112.960452032177471, -2.15128544240943 ], [ 112.960272369120645, -2.15128544240943 ] ] ] } },
{ "type": "Feature", "properties": { "count": 2, "label": 1, "cluster_id": 16 }, "geometry": { "type": "Polygon", "coordinates": [ [ [ 112.960272369120645, -2.157573649398267 ], [ 112.960452032177471, -2.157573649398267 ], [ 112.960452032177471, -2.157214323284619 ], [ 112.960272369120645, -2.157214323284619 ], [ 112.960272369120645, -2.157573649398267 ] ] ] } },
{ "type": "Feature", "properties": { "count": 92, "label": 1, "cluster_id": 16 }, "geometry": { "type": "Polygon", "coordinates": [ [ [ 112.960092706063818, -2.15954994302333 ], [ 112.960092706063818, -2.159729606080154 ], [ 112.959733379950165, -2.159729606080154 ], [ 112.959733379950165, -2.160448258307449 ], [ 112.959374053836527, -2.160448258307449 ], [ 112.959374053836527, -2.160268595250625 ], [ 112.9591943907797, -2.160268595250625 ], [ 112.9591943907797, -2.160088932193801 ], [ 112.958835064666047, -2.160088932193801 ], [ 112.958835064666047, -2.160448258307449 ], [ 112.958296075495582, -2.160448258307449 ], [ 112.958296075495582, -2.160627921364273 ], [ 112.957936749381929, -2.160627921364273 ], [ 112.957936749381929, -2.160807584421097 ], [ 112.957757086325103, -2.160807584421097 ], [ 112.957757086325103, -2.160987247477921 ], [ 112.957936749381929, -2.160987247477921 ], [ 112.957936749381929, -2.161166910534745 ], [ 112.958835064666047, -2.161166910534745 ], [ 112.958835064666047, -2.161346573591569 ], [ 112.9591943907797, -2.161346573591569 ], [ 112.9591943907797, -2.161166910534745 ], [ 112.959374053836527, -2.161166910534745 ], [ 112.959374053836527, -2.160987247477921 ], [ 112.959733379950165, -2.160987247477921 ], [ 112.959733379950165, -2.161166910534745 ], [ 112.960092706063818, -2.161166910534745 ], [ 112.960092706063818, -2.161346573591569 ], [ 112.960272369120645, -2.161346573591569 ], [ 112.960272369120645, -2.160987247477921 ], [ 112.960631695234298, -2.160987247477921 ], [ 112.960631695234298, -2.160807584421097 ], [ 112.960991021347937, -2.160807584421097 ], [ 112.960991021347937, -2.160088932193801 ], [ 112.960631695234298, -2.160088932193801 ], [ 112.960631695234298, -2.159729606080154 ], [ 112.960452032177471, -2.159729606080154 ], [ 112.960452032177471, -2.15954994302333 ], [ 112.960092706063818, -2.15954994302333 ] ], [ [ 112.960452032177471, -2.160448258307449 ], [ 112.960272369120645, -2.160448258307449 ], [ 112.960272369120645, -2.160627921364273 ], [ 112.960452032177471, -2.160627921364273 ], [ 112.960452032177471, -2.160448258307449 ] ] ] } },
{ "type": "Feature", "properties": { "count": 1, "label": 1, "cluster_id": 16 }, "geometry": { "type": "Polygon", "coordinates": [ [ [ 112.960272369120645, -2.162065225818864 ], [ 112.960452032177471, -2.162065225818864 ], [ 112.960452032177471, -2.16188556276204 ], [ 112.960272369120645, -2.16188556276204 ], [ 112.960272369120645, -2.162065225818864 ] ] ] } },
{ "type": "Feature", "properties": { "count": 2, "label": 1, "cluster_id": 16 }, "geometry": { "type": "Polygon", "coordinates": [ [ [ 112.960272369120645, -2.127390255851851 ], [ 112.960631695234298, -2.127390255851851 ], [ 112.960631695234298, -2.127210592795027 ], [ 112.960272369120645, -2.127210592795027 ], [ 112.960272369120645, -2.127390255851851 ] ] ] } },
{ "type": "Feature", "properties": { "count": 1, "label": 1, "cluster_id": 16 }, "geometry": { "type": "Polygon", "coordinates": [ [ [ 112.960452032177471, -2.129725875590561 ], [ 112.960631695234298, -2.129725875590561 ], [ 112.960631695234298, -2.129546212533738 ], [ 112.960452032177471, -2.129546212533738 ], [ 112.960452032177471, -2.129725875590561 ] ] ] } },
{ "type": "Feature", "properties": { "count": 1, "label": 1, "cluster_id": 16 }, "geometry": { "type": "Polygon", "coordinates": [ [ [ 112.960452032177471, -2.138349702318109 ], [ 112.960631695234298, -2.138349702318109 ], [ 112.960631695234298, -2.138170039261285 ], [ 112.960452032177471, -2.138170039261285 ], [ 112.960452032177471, -2.138349702318109 ] ] ] } },
{ "type": "Feature", "properties": { "count": 7, "label": 1, "cluster_id": 16 }, "geometry": { "type": "Polygon", "coordinates": [ [ [ 112.960092706063818, -2.141942963454587 ], [ 112.960092706063818, -2.142122626511411 ], [ 112.959733379950165, -2.142122626511411 ], [ 112.959733379950165, -2.142302289568235 ], [ 112.960092706063818, -2.142302289568235 ], [ 112.960092706063818, -2.142481952625059 ], [ 112.960272369120645, -2.142481952625059 ], [ 112.960272369120645, -2.142122626511411 ], [ 112.960631695234298, -2.142122626511411 ], [ 112.960631695234298, -2.141942963454587 ], [ 112.960092706063818, -2.141942963454587 ] ] ] } },
{ "type": "Feature", "properties": { "count": 1, "label": 1, "cluster_id": 16 }, "geometry": { "type": "Polygon", "coordinates": [ [ [ 112.960452032177471, -2.157753312455091 ], [ 112.960631695234298, -2.157753312455091 ], [ 112.960631695234298, -2.157573649398267 ], [ 112.960452032177471, -2.157573649398267 ], [ 112.960452032177471, -2.157753312455091 ] ] ] } },
{ "type": "Feature", "properties": { "count": 1, "label": 1, "cluster_id": 16 }, "geometry": { "type": "Polygon", "coordinates": [ [ [ 112.960452032177471, -2.159370279966506 ], [ 112.960631695234298, -2.159370279966506 ], [ 112.960631695234298, -2.159190616909682 ], [ 112.960452032177471, -2.159190616909682 ], [ 112.960452032177471, -2.159370279966506 ] ] ] } },
{ "type": "Feature", "properties": { "count": 1, "label": 1, "cluster_id": 16 }, "geometry": { "type": "Polygon", "coordinates": [ [ [ 112.960631695234298, -2.152902409920845 ], [ 112.96081135829111, -2.152902409920845 ], [ 112.96081135829111, -2.152722746864021 ], [ 112.960631695234298, -2.152722746864021 ], [ 112.960631695234298, -2.152902409920845 ] ] ] } },
{ "type": "Feature", "properties": { "count": 1, "label": 1, "cluster_id": 16 }, "geometry": { "type": "Polygon", "coordinates": [ [ [ 112.960631695234298, -2.153621062148141 ], [ 112.96081135829111, -2.153621062148141 ], [ 112.96081135829111, -2.153441399091317 ], [ 112.960631695234298, -2.153441399091317 ], [ 112.960631695234298, -2.153621062148141 ] ] ] } },
{ "type": "Feature", "properties": { "count": 1, "label": 1, "cluster_id": 16 }, "geometry": { "type": "Polygon", "coordinates": [ [ [ 112.960631695234298, -2.159190616909682 ], [ 112.96081135829111, -2.159190616909682 ], [ 112.96081135829111, -2.159010953852858 ], [ 112.960631695234298, -2.159010953852858 ], [ 112.960631695234298, -2.159190616909682 ] ] ] } },
{ "type": "Feature", "properties": { "count": 1, "label": 1, "cluster_id": 16 }, "geometry": { "type": "Polygon", "coordinates": [ [ [ 112.960631695234298, -2.166736465296286 ], [ 112.96081135829111, -2.166736465296286 ], [ 112.96081135829111, -2.166556802239462 ], [ 112.960631695234298, -2.166556802239462 ], [ 112.960631695234298, -2.166736465296286 ] ] ] } },
{ "type": "Feature", "properties": { "count": 1, "label": 1, "cluster_id": 16 }, "geometry": { "type": "Polygon", "coordinates": [ [ [ 112.96081135829111, -2.152543083807197 ], [ 112.960991021347937, -2.152543083807197 ], [ 112.960991021347937, -2.152363420750373 ], [ 112.96081135829111, -2.152363420750373 ], [ 112.96081135829111, -2.152543083807197 ] ] ] } },
{ "type": "Feature", "properties": { "count": 2, "label": 1, "cluster_id": 16 }, "geometry": { "type": "Polygon", "coordinates": [ [ [ 112.961170684404763, -2.12828857113597 ], [ 112.96135034746159, -2.12828857113597 ], [ 112.96135034746159, -2.127929245022322 ], [ 112.961170684404763, -2.127929245022322 ], [ 112.961170684404763, -2.12828857113597 ] ] ] } },
{ "type": "Feature", "properties": { "count": 4, "label": 1, "cluster_id": 16 }, "geometry": { "type": "Polygon", "coordinates": [ [ [ 112.961170684404763, -2.129366549476914 ], [ 112.961170684404763, -2.129546212533738 ], [ 112.96081135829111, -2.129546212533738 ], [ 112.96081135829111, -2.129725875590561 ], [ 112.96135034746159, -2.129725875590561 ], [ 112.96135034746159, -2.129366549476914 ], [ 112.961170684404763, -2.129366549476914 ] ] ] } },
{ "type": "Feature", "properties": { "count": 6, "label": 1, "cluster_id": 16 }, "geometry": { "type": "Polygon", "coordinates": [ [ [ 112.961170684404763, -2.138888691488581 ], [ 112.961170684404763, -2.139068354545405 ], [ 112.960991021347937, -2.139068354545405 ], [ 112.960991021347937, -2.139607343715876 ], [ 112.961170684404763, -2.139607343715876 ], [ 112.961170684404763, -2.139248017602228 ], [ 112.961530010518416, -2.139248017602228 ], [ 112.961530010518416, -2.139068354545405 ], [ 112.96135034746159, -2.139068354545405 ], [ 112.96135034746159, -2.138888691488581 ], [ 112.961170684404763, -2.138888691488581 ] ] ] } },
{ "type": "Feature", "properties": { "count": 9, "label": 1, "cluster_id": 16 }, "geometry": { "type": "Polygon", "coordinates": [ [ [ 112.960991021347937, -2.166736465296286 ], [ 112.960991021347937, -2.167095791409934 ], [ 112.961170684404763, -2.167095791409934 ], [ 112.961170684404763, -2.167455117523581 ], [ 112.96135034746159, -2.167455117523581 ], [ 112.96135034746159, -2.167275454466758 ], [ 112.961530010518416, -2.167275454466758 ], [ 112.961530010518416, -2.167095791409934 ], [ 112.961709673575228, -2.167095791409934 ], [ 112.961709673575228, -2.16691612835311 ], [ 112.96135034746159, -2.16691612835311 ], [ 112.96135034746159, -2.166736465296286 ], [ 112.960991021347937, -2.166736465296286 ] ] ] } },
{ "type": "Feature", "properties": { "count": 2, "label": 1, "cluster_id": 16 }, "geometry": { "type": "Polygon", "coordinates": [ [ [ 112.96135034746159, -2.127929245022322 ], [ 112.961530010518416, -2.127929245022322 ], [ 112.961530010518416, -2.127569918908675 ], [ 112.96135034746159, -2.127569918908675 ], [ 112.96135034746159, -2.127929245022322 ] ] ] } },
{ "type": "Feature", "properties": { "count": 15, "label": 1, "cluster_id": 16 }, "geometry": { "type": "Polygon", "coordinates": [ [ [ 112.96135034746159, -2.12828857113597 ], [ 112.96135034746159, -2.128647897249618 ], [ 112.96081135829111, -2.128647897249618 ], [ 112.96081135829111, -2.128827560306442 ], [ 112.960631695234298, -2.128827560306442 ], [ 112.960631695234298, -2.129007223363266 ], [ 112.96081135829111, -2.129007223363266 ], [ 112.96081135829111, -2.12918688642009 ], [ 112.960991021347937, -2.12918688642009 ], [ 112.960991021347937, -2.129366549476914 ], [ 112.961170684404763, -2.129366549476914 ], [ 112.961170684404763, -2.12918688642009 ], [ 112.96135034746159, -2.12918688642009 ], [ 112.96135034746159, -2.129007223363266 ], [ 112.961530010518416, -2.129007223363266 ], [ 112.961530010518416, -2.12828857113597 ], [ 112.96135034746159, -2.12828857113597 ] ] ] } },
{ "type": "Feature", "properties": { "count": 19, "label": 1, "cluster_id": 16 }, "geometry": { "type": "Polygon", "coordinates": [ [ [ 112.961170684404763, -2.156316008000499 ], [ 112.961170684404763, -2.157214323284619 ], [ 112.960991021347937, -2.157214323284619 ], [ 112.960991021347937, -2.157573649398267 ], [ 112.961170684404763, -2.157573649398267 ], [ 112.961170684404763, -2.157393986341443 ], [ 112.961709673575228, -2.157393986341443 ], [ 112.961709673575228, -2.156495671057323 ], [ 112.961530010518416, -2.156495671057323 ], [ 112.961530010518416, -2.156316008000499 ], [ 112.961170684404763, -2.156316008000499 ] ] ] } },
{ "type": "Feature", "properties": { "count": 1, "label": 1, "cluster_id": 16 }, "geometry": { "type": "Polygon", "coordinates": [ [ [ 112.96135034746159, -2.159729606080154 ], [ 112.961530010518416, -2.159729606080154 ], [ 112.961530010518416, -2.15954994302333 ], [ 112.96135034746159, -2.15954994302333 ], [ 112.96135034746159, -2.159729606080154 ] ] ] } },
{ "type": "Feature", "properties": { "count": 3, "label": 1, "cluster_id": 16 }, "geometry": { "type": "Polygon", "coordinates": [ [ [ 112.96135034746159, -2.139427680659052 ], [ 112.96135034746159, -2.139607343715876 ], [ 112.961530010518416, -2.139607343715876 ], [ 112.961530010518416, -2.1397870067727 ], [ 112.961709673575228, -2.1397870067727 ], [ 112.961709673575228, -2.139427680659052 ], [ 112.96135034746159, -2.139427680659052 ] ] ] } },
{ "type": "Feature", "properties": { "count": 25, "label": 1, "cluster_id": 16 }, "geometry": { "type": "Polygon", "coordinates": [ [ [ 112.961170684404763, -2.141763300397763 ], [ 112.961170684404763, -2.141942963454587 ], [ 112.960991021347937, -2.141942963454587 ], [ 112.960991021347937, -2.142302289568235 ], [ 112.961170684404763, -2.142302289568235 ], [ 112.961170684404763, -2.142122626511411 ], [ 112.961709673575228, -2.142122626511411 ], [ 112.961709673575228, -2.142302289568235 ], [ 112.962248662745708, -2.142302289568235 ], [ 112.962248662745708, -2.142481952625059 ], [ 112.962607988859361, -2.142481952625059 ], [ 112.962607988859361, -2.142661615681883 ], [ 112.962787651916173, -2.142661615681883 ], [ 112.962787651916173, -2.143200604852354 ], [ 112.962967314973, -2.143200604852354 ], [ 112.962967314973, -2.14302094179553 ], [ 112.963146978029826, -2.14302094179553 ], [ 112.963146978029826, -2.142481952625059 ], [ 112.962787651916173, -2.142481952625059 ], [ 112.962787651916173, -2.142302289568235 ], [ 112.962428325802534, -2.142302289568235 ], [ 112.962428325802534, -2.142122626511411 ], [ 112.962068999688881, -2.142122626511411 ], [ 112.962068999688881, -2.141942963454587 ], [ 112.961709673575228, -2.141942963454587 ], [ 112.961709673575228, -2.141763300397763 ], [ 112.961170684404763, -2.141763300397763 ] ] ] } },
{ "type": "Feature", "properties": { "count": 9, "label": 1, "cluster_id": 16 }, "geometry": { "type": "Polygon", "coordinates": [ [ [ 112.961170684404763, -2.145536224591065 ], [ 112.961170684404763, -2.145895550704713 ], [ 112.96135034746159, -2.145895550704713 ], [ 112.96135034746159, -2.146075213761537 ], [ 112.961530010518416, -2.146075213761537 ], [ 112.961530010518416, -2.145895550704713 ], [ 112.961709673575228, -2.145895550704713 ], [ 112.961709673575228, -2.146075213761537 ], [ 112.961889336632055, -2.146075213761537 ], [ 112.961889336632055, -2.145715887647889 ], [ 112.961709673575228, -2.145715887647889 ], [ 112.961709673575228, -2.145536224591065 ], [ 112.961170684404763, -2.145536224591065 ] ] ] } },
{ "type": "Feature", "properties": { "count": 1, "label": 1, "cluster_id": 16 }, "geometry": { "type": "Polygon", "coordinates": [ [ [ 112.961530010518416, -2.148770159613895 ], [ 112.961709673575228, -2.148770159613895 ], [ 112.961709673575228, -2.148590496557071 ], [ 112.961530010518416, -2.148590496557071 ], [ 112.961530010518416, -2.148770159613895 ] ] ] } },
{ "type": "Feature", "properties": { "count": 1, "label": 1, "cluster_id": 16 }, "geometry": { "type": "Polygon", "coordinates": [ [ [ 112.961530010518416, -2.167814443637229 ], [ 112.961709673575228, -2.167814443637229 ], [ 112.961709673575228, -2.167634780580405 ], [ 112.961530010518416, -2.167634780580405 ], [ 112.961530010518416, -2.167814443637229 ] ] ] } },
{ "type": "Feature", "properties": { "count": 3, "label": 1, "cluster_id": 16 }, "geometry": { "type": "Polygon", "coordinates": [ [ [ 112.961530010518416, -2.169611074205468 ], [ 112.961709673575228, -2.169611074205468 ], [ 112.961709673575228, -2.169072085034997 ], [ 112.961530010518416, -2.169072085034997 ], [ 112.961530010518416, -2.169611074205468 ] ] ] } },
{ "type": "Feature", "properties": { "count": 8, "label": 1, "cluster_id": 16 }, "geometry": { "type": "Polygon", "coordinates": [ [ [ 112.961530010518416, -2.129366549476914 ], [ 112.961530010518416, -2.129905538647385 ], [ 112.961709673575228, -2.129905538647385 ], [ 112.961709673575228, -2.130085201704209 ], [ 112.961889336632055, -2.130085201704209 ], [ 112.961889336632055, -2.129725875590561 ], [ 112.962068999688881, -2.129725875590561 ], [ 112.962068999688881, -2.129546212533738 ], [ 112.961889336632055, -2.129546212533738 ], [ 112.961889336632055, -2.129366549476914 ], [ 112.961530010518416, -2.129366549476914 ] ] ] } },
{ "type": "Feature", "properties": { "count": 3, "label": 1, "cluster_id": 16 }, "geometry": { "type": "Polygon", "coordinates": [ [ [ 112.961709673575228, -2.139427680659052 ], [ 112.961889336632055, -2.139427680659052 ], [ 112.961889336632055, -2.138888691488581 ], [ 112.961709673575228, -2.138888691488581 ], [ 112.961709673575228, -2.139427680659052 ] ] ] } },
{ "type": "Feature", "properties": { "count": 1, "label": 1, "cluster_id": 16 }, "geometry": { "type": "Polygon", "coordinates": [ [ [ 112.961709673575228, -2.151824431579902 ], [ 112.961889336632055, -2.151824431579902 ], [ 112.961889336632055, -2.151644768523078 ], [ 112.961709673575228, -2.151644768523078 ], [ 112.961709673575228, -2.151824431579902 ] ] ] } },
{ "type": "Feature", "properties": { "count": 1, "label": 1, "cluster_id": 16 }, "geometry": { "type": "Polygon", "coordinates": [ [ [ 112.961889336632055, -2.15128544240943 ], [ 112.962068999688881, -2.15128544240943 ], [ 112.962068999688881, -2.151105779352606 ], [ 112.961889336632055, -2.151105779352606 ], [ 112.961889336632055, -2.15128544240943 ] ] ] } },
{ "type": "Feature", "properties": { "count": 1, "label": 1, "cluster_id": 16 }, "geometry": { "type": "Polygon", "coordinates": [ [ [ 112.961889336632055, -2.152363420750373 ], [ 112.962068999688881, -2.152363420750373 ], [ 112.962068999688881, -2.15218375769355 ], [ 112.961889336632055, -2.15218375769355 ], [ 112.961889336632055, -2.152363420750373 ] ] ] } },
{ "type": "Feature", "properties": { "count": 1, "label": 1, "cluster_id": 16 }, "geometry": { "type": "Polygon", "coordinates": [ [ [ 112.961889336632055, -2.153800725204965 ], [ 112.962068999688881, -2.153800725204965 ], [ 112.962068999688881, -2.153621062148141 ], [ 112.961889336632055, -2.153621062148141 ], [ 112.961889336632055, -2.153800725204965 ] ] ] } },
{ "type": "Feature", "properties": { "count": 3, "label": 1, "cluster_id": 16 }, "geometry": { "type": "Polygon", "coordinates": [ [ [ 112.962068999688881, -2.141942963454587 ], [ 112.962248662745708, -2.141942963454587 ], [ 112.962248662745708, -2.141403974284115 ], [ 112.962068999688881, -2.141403974284115 ], [ 112.962068999688881, -2.141942963454587 ] ] ] } },
{ "type": "Feature", "properties": { "count": 6, "label": 1, "cluster_id": 16 }, "geometry": { "type": "Polygon", "coordinates": [ [ [ 112.961709673575228, -2.144997235420593 ], [ 112.962248662745708, -2.144997235420593 ], [ 112.962248662745708, -2.144637909306946 ], [ 112.961709673575228, -2.144637909306946 ], [ 112.961709673575228, -2.144997235420593 ] ] ] } },
{ "type": "Feature", "properties": { "count": 3, "label": 1, "cluster_id": 16 }, "geometry": { "type": "Polygon", "coordinates": [ [ [ 112.962248662745708, -2.140325995943172 ], [ 112.962248662745708, -2.14068532205682 ], [ 112.962428325802534, -2.14068532205682 ], [ 112.962428325802534, -2.140505659 ], [ 112.962607988859361, -2.140505659 ], [ 112.962607988859361, -2.140325995943172 ], [ 112.962248662745708, -2.140325995943172 ] ] ] } },
{ "type": "Feature", "properties": { "count": 17, "label": 1, "cluster_id": 16 }, "geometry": { "type": "Polygon", "coordinates": [ [ [ 112.962428325802534, -2.14068532205682 ], [ 112.962428325802534, -2.141583637340939 ], [ 112.962787651916173, -2.141583637340939 ], [ 112.962787651916173, -2.141763300397763 ], [ 112.962607988859361, -2.141763300397763 ], [ 112.962607988859361, -2.142122626511411 ], [ 112.962967314973, -2.142122626511411 ], [ 112.962967314973, -2.141763300397763 ], [ 112.963146978029826, -2.141763300397763 ], [ 112.963146978029826, -2.141583637340939 ], [ 112.962967314973, -2.141583637340939 ], [ 112.962967314973, -2.141044648170467 ], [ 112.962607988859361, -2.141044648170467 ], [ 112.962607988859361, -2.14068532205682 ], [ 112.962428325802534, -2.14068532205682 ] ] ] } },
{ "type": "Feature", "properties": { "count": 1, "label": 1, "cluster_id": 16 }, "geometry": { "type": "Polygon", "coordinates": [ [ [ 112.962428325802534, -2.143200604852354 ], [ 112.962607988859361, -2.143200604852354 ], [ 112.962607988859361, -2.14302094179553 ], [ 112.962428325802534, -2.14302094179553 ], [ 112.962428325802534, -2.143200604852354 ] ] ] } },
{ "type": "Feature", "properties": { "count": 13, "label": 1, "cluster_id": 16 }, "geometry": { "type": "Polygon", "coordinates": [ [ [ 112.962428325802534, -2.148231170443424 ], [ 112.962428325802534, -2.148590496557071 ], [ 112.962068999688881, -2.148590496557071 ], [ 112.962068999688881, -2.148770159613895 ], [ 112.961889336632055, -2.148770159613895 ], [ 112.961889336632055, -2.148949822670719 ], [ 112.962787651916173, -2.148949822670719 ], [ 112.962787651916173, -2.148770159613895 ], [ 112.962967314973, -2.148770159613895 ], [ 112.962967314973, -2.148590496557071 ], [ 112.962787651916173, -2.148590496557071 ], [ 112.962787651916173, -2.148410833500248 ], [ 112.962607988859361, -2.148410833500248 ], [ 112.962607988859361, -2.148231170443424 ], [ 112.962428325802534, -2.148231170443424 ] ] ] } },
{ "type": "Feature", "properties": { "count": 1, "label": 1, "cluster_id": 16 }, "geometry": { "type": "Polygon", "coordinates": [ [ [ 112.962428325802534, -2.153261736034493 ], [ 112.962607988859361, -2.153261736034493 ], [ 112.962607988859361, -2.153082072977669 ], [ 112.962428325802534, -2.153082072977669 ], [ 112.962428325802534, -2.153261736034493 ] ] ] } },
{ "type": "Feature", "properties": { "count": 12, "label": 1, "cluster_id": 16 }, "geometry": { "type": "Polygon", "coordinates": [ [ [ 112.962428325802534, -2.16691612835311 ], [ 112.962428325802534, -2.167095791409934 ], [ 112.962068999688881, -2.167095791409934 ], [ 112.962068999688881, -2.167275454466758 ], [ 112.961889336632055, -2.167275454466758 ], [ 112.961889336632055, -2.167634780580405 ], [ 112.962068999688881, -2.167634780580405 ], [ 112.962068999688881, -2.167814443637229 ], [ 112.962248662745708, -2.167814443637229 ], [ 112.962248662745708, -2.167634780580405 ], [ 112.962428325802534, -2.167634780580405 ], [ 112.962428325802534, -2.167455117523581 ], [ 112.962248662745708, -2.167455117523581 ], [ 112.962248662745708, -2.167275454466758 ], [ 112.962607988859361, -2.167275454466758 ], [ 112.962607988859361, -2.167455117523581 ], [ 112.962787651916173, -2.167455117523581 ], [ 112.962787651916173, -2.167095791409934 ], [ 112.962607988859361, -2.167095791409934 ], [ 112.962607988859361, -2.16691612835311 ], [ 112.962428325802534, -2.16691612835311 ] ] ] } },
{ "type": "Feature", "properties": { "count": 1, "label": 1, "cluster_id": 16 }, "geometry": { "type": "Polygon", "coordinates": [ [ [ 112.962607988859361, -2.129366549476914 ], [ 112.962787651916173, -2.129366549476914 ], [ 112.962787651916173, -2.12918688642009 ], [ 112.962607988859361, -2.12918688642009 ], [ 112.962607988859361, -2.129366549476914 ] ] ] } },
{ "type": "Feature", "properties": { "count": 1, "label": 1, "cluster_id": 16 }, "geometry": { "type": "Polygon", "coordinates": [ [ [ 112.962607988859361, -2.140146332886348 ], [ 112.962787651916173, -2.140146332886348 ], [ 112.962787651916173, -2.139966669829524 ], [ 112.962607988859361, -2.139966669829524 ], [ 112.962607988859361, -2.140146332886348 ] ] ] } },
{ "type": "Feature", "properties": { "count": 6, "label": 1, "cluster_id": 16 }, "geometry": { "type": "Polygon", "coordinates": [ [ [ 112.962607988859361, -2.143200604852354 ], [ 112.962607988859361, -2.143559930966002 ], [ 112.962428325802534, -2.143559930966002 ], [ 112.962428325802534, -2.144098920136474 ], [ 112.962607988859361, -2.144098920136474 ], [ 112.962607988859361, -2.143739594022826 ], [ 112.962787651916173, -2.143739594022826 ], [ 112.962787651916173, -2.143200604852354 ], [ 112.962607988859361, -2.143200604852354 ] ] ] } },
{ "type": "Feature", "properties": { "count": 2, "label": 1, "cluster_id": 16 }, "geometry": { "type": "Polygon", "coordinates": [ [ [ 112.962428325802534, -2.156854997170971 ], [ 112.962787651916173, -2.156854997170971 ], [ 112.962787651916173, -2.156675334114147 ], [ 112.962428325802534, -2.156675334114147 ], [ 112.962428325802534, -2.156854997170971 ] ] ] } },
{ "type": "Feature", "properties": { "count": 1, "label": 1, "cluster_id": 16 }, "geometry": { "type": "Polygon", "coordinates": [ [ [ 112.962787651916173, -2.109244287112636 ], [ 112.962967314973, -2.109244287112636 ], [ 112.962967314973, -2.109064624055812 ], [ 112.962787651916173, -2.109064624055812 ], [ 112.962787651916173, -2.109244287112636 ] ] ] } },
{ "type": "Feature", "properties": { "count": 1, "label": 1, "cluster_id": 16 }, "geometry": { "type": "Polygon", "coordinates": [ [ [ 112.962967314973, -2.10942395016946 ], [ 112.963146978029826, -2.10942395016946 ], [ 112.963146978029826, -2.109244287112636 ], [ 112.962967314973, -2.109244287112636 ], [ 112.962967314973, -2.10942395016946 ] ] ] } },
{ "type": "Feature", "properties": { "count": 4, "label": 1, "cluster_id": 16 }, "geometry": { "type": "Polygon", "coordinates": [ [ [ 112.962967314973, -2.156854997170971 ], [ 112.962967314973, -2.157214323284619 ], [ 112.963506304143479, -2.157214323284619 ], [ 112.963506304143479, -2.157034660227795 ], [ 112.963146978029826, -2.157034660227795 ], [ 112.963146978029826, -2.156854997170971 ], [ 112.962967314973, -2.156854997170971 ] ] ] } },
{ "type": "Feature", "properties": { "count": 3, "label": 1, "cluster_id": 16 }, "geometry": { "type": "Polygon", "coordinates": [ [ [ 112.962967314973, -2.168533095864525 ], [ 112.962967314973, -2.168892421978172 ], [ 112.963326641086653, -2.168892421978172 ], [ 112.963326641086653, -2.168712758921349 ], [ 112.963146978029826, -2.168712758921349 ], [ 112.963146978029826, -2.168533095864525 ], [ 112.962967314973, -2.168533095864525 ] ] ] } },
{ "type": "Feature", "properties": { "count": 3, "label": 1, "cluster_id": 16 }, "geometry": { "type": "Polygon", "coordinates": [ [ [ 112.963146978029826, -2.108884960998989 ], [ 112.963146978029826, -2.109244287112636 ], [ 112.963506304143479, -2.109244287112636 ], [ 112.963506304143479, -2.109064624055812 ], [ 112.963326641086653, -2.109064624055812 ], [ 112.963326641086653, -2.108884960998989 ], [ 112.963146978029826, -2.108884960998989 ] ] ] } },
{ "type": "Feature", "properties": { "count": 10, "label": 1, "cluster_id": 16 }, "geometry": { "type": "Polygon", "coordinates": [ [ [ 112.962967314973, -2.128108908079146 ], [ 112.962967314973, -2.128647897249618 ], [ 112.962787651916173, -2.128647897249618 ], [ 112.962787651916173, -2.129007223363266 ], [ 112.963146978029826, -2.129007223363266 ], [ 112.963146978029826, -2.128468234192794 ], [ 112.963506304143479, -2.128468234192794 ], [ 112.963506304143479, -2.12828857113597 ], [ 112.963326641086653, -2.12828857113597 ], [ 112.963326641086653, -2.128108908079146 ], [ 112.962967314973, -2.128108908079146 ] ] ] } },
{ "type": "Feature", "properties": { "count": 2, "label": 1, "cluster_id": 16 }, "geometry": { "type": "Polygon", "coordinates": [ [ [ 112.963146978029826, -2.142122626511411 ], [ 112.963326641086653, -2.142122626511411 ], [ 112.963326641086653, -2.141763300397763 ], [ 112.963146978029826, -2.141763300397763 ], [ 112.963146978029826, -2.142122626511411 ] ] ] } },
{ "type": "Feature", "properties": { "count": 3, "label": 1, "cluster_id": 16 }, "geometry": { "type": "Polygon", "coordinates": [ [ [ 112.963146978029826, -2.164221182500751 ], [ 112.963326641086653, -2.164221182500751 ], [ 112.963326641086653, -2.163682193330279 ], [ 112.963146978029826, -2.163682193330279 ], [ 112.963146978029826, -2.164221182500751 ] ] ] } },
{ "type": "Feature", "properties": { "count": 1, "label": 1, "cluster_id": 16 }, "geometry": { "type": "Polygon", "coordinates": [ [ [ 112.963326641086653, -2.16188556276204 ], [ 112.963506304143479, -2.16188556276204 ], [ 112.963506304143479, -2.161705899705217 ], [ 112.963326641086653, -2.161705899705217 ], [ 112.963326641086653, -2.16188556276204 ] ] ] } },
{ "type": "Feature", "properties": { "count": 3, "label": 1, "cluster_id": 16 }, "geometry": { "type": "Polygon", "coordinates": [ [ [ 112.963326641086653, -2.127569918908675 ], [ 112.963326641086653, -2.127929245022322 ], [ 112.963506304143479, -2.127929245022322 ], [ 112.963506304143479, -2.127749581965499 ], [ 112.963685967200291, -2.127749581965499 ], [ 112.963685967200291, -2.127569918908675 ], [ 112.963326641086653, -2.127569918908675 ] ] ] } },
{ "type": "Feature", "properties": { "count": 11, "label": 1, "cluster_id": 16 }, "geometry": { "type": "Polygon", "coordinates": [ [ [ 112.963146978029826, -2.148770159613895 ], [ 112.963146978029826, -2.148949822670719 ], [ 112.962787651916173, -2.148949822670719 ], [ 112.962787651916173, -2.149129485727543 ], [ 112.962967314973, -2.149129485727543 ], [ 112.962967314973, -2.149309148784367 ], [ 112.963506304143479, -2.149309148784367 ], [ 112.963506304143479, -2.149129485727543 ], [ 112.963685967200291, -2.149129485727543 ], [ 112.963685967200291, -2.148770159613895 ], [ 112.963146978029826, -2.148770159613895 ] ] ] } },
{ "type": "Feature", "properties": { "count": 3, "label": 1, "cluster_id": 16 }, "geometry": { "type": "Polygon", "coordinates": [ [ [ 112.963506304143479, -2.17338399839877 ], [ 112.963506304143479, -2.173563661455594 ], [ 112.963326641086653, -2.173563661455594 ], [ 112.963326641086653, -2.173743324512418 ], [ 112.963685967200291, -2.173743324512418 ], [ 112.963685967200291, -2.17338399839877 ], [ 112.963506304143479, -2.17338399839877 ] ] ] } },
{ "type": "Feature", "properties": { "count": 1, "label": 1, "cluster_id": 16 }, "geometry": { "type": "Polygon", "coordinates": [ [ [ 112.963685967200291, -2.127929245022322 ], [ 112.963865630257118, -2.127929245022322 ], [ 112.963865630257118, -2.127749581965499 ], [ 112.963685967200291, -2.127749581965499 ], [ 112.963685967200291, -2.127929245022322 ] ] ] } },
{ "type": "Feature", "properties": { "count": 4, "label": 1, "cluster_id": 16 }, "geometry": { "type": "Polygon", "coordinates": [ [ [ 112.963685967200291, -2.150207464068487 ], [ 112.963685967200291, -2.150746453238958 ], [ 112.963865630257118, -2.150746453238958 ], [ 112.963865630257118, -2.150566790182134 ], [ 112.964045293313944, -2.150566790182134 ], [ 112.964045293313944, -2.150387127125311 ], [ 112.963865630257118, -2.150387127125311 ], [ 112.963865630257118, -2.150207464068487 ], [ 112.963685967200291, -2.150207464068487 ] ] ] } },
{ "type": "Feature", "properties": { "count": 5, "label": 1, "cluster_id": 16 }, "geometry": { "type": "Polygon", "coordinates": [ [ [ 112.963685967200291, -2.161166910534745 ], [ 112.963685967200291, -2.161705899705217 ], [ 112.964045293313944, -2.161705899705217 ], [ 112.964045293313944, -2.161346573591569 ], [ 112.963865630257118, -2.161346573591569 ], [ 112.963865630257118, -2.161166910534745 ], [ 112.963685967200291, -2.161166910534745 ] ] ] } },
{ "type": "Feature", "properties": { "count": 1, "label": 1, "cluster_id": 16 }, "geometry": { "type": "Polygon", "coordinates": [ [ [ 112.963865630257118, -2.139966669829524 ], [ 112.964045293313944, -2.139966669829524 ], [ 112.964045293313944, -2.1397870067727 ], [ 112.963865630257118, -2.1397870067727 ], [ 112.963865630257118, -2.139966669829524 ] ] ] } },
{ "type": "Feature", "properties": { "count": 11, "label": 1, "cluster_id": 16 }, "geometry": { "type": "Polygon", "coordinates": [ [ [ 112.963865630257118, -2.149129485727543 ], [ 112.963865630257118, -2.149488811841191 ], [ 112.963685967200291, -2.149488811841191 ], [ 112.963685967200291, -2.149668474898015 ], [ 112.963326641086653, -2.149668474898015 ], [ 112.963326641086653, -2.149848137954839 ], [ 112.963685967200291, -2.149848137954839 ], [ 112.963685967200291, -2.150027801011663 ], [ 112.963865630257118, -2.150027801011663 ], [ 112.963865630257118, -2.149848137954839 ], [ 112.964045293313944, -2.149848137954839 ], [ 112.964045293313944, -2.150027801011663 ], [ 112.964224956370771, -2.150027801011663 ], [ 112.964224956370771, -2.149668474898015 ], [ 112.964045293313944, -2.149668474898015 ], [ 112.964045293313944, -2.149129485727543 ], [ 112.963865630257118, -2.149129485727543 ] ] ] } },
{ "type": "Feature", "properties": { "count": 3, "label": 1, "cluster_id": 16 }, "geometry": { "type": "Polygon", "coordinates": [ [ [ 112.963685967200291, -2.157573649398267 ], [ 112.963685967200291, -2.157753312455091 ], [ 112.963865630257118, -2.157753312455091 ], [ 112.963865630257118, -2.157932975511915 ], [ 112.964045293313944, -2.157932975511915 ], [ 112.964045293313944, -2.157573649398267 ], [ 112.963685967200291, -2.157573649398267 ] ] ] } },
{ "type": "Feature", "properties": { "count": 2, "label": 1, "cluster_id": 16 }, "geometry": { "type": "Polygon", "coordinates": [ [ [ 112.963865630257118, -2.161166910534745 ], [ 112.964045293313944, -2.161166910534745 ], [ 112.964045293313944, -2.160807584421097 ], [ 112.963865630257118, -2.160807584421097 ], [ 112.963865630257118, -2.161166910534745 ] ] ] } },
{ "type": "Feature", "properties": { "count": 1, "label": 1, "cluster_id": 16 }, "geometry": { "type": "Polygon", "coordinates": [ [ [ 112.964045293313944, -2.122898679431253 ], [ 112.964224956370771, -2.122898679431253 ], [ 112.964224956370771, -2.122719016374429 ], [ 112.964045293313944, -2.122719016374429 ], [ 112.964045293313944, -2.122898679431253 ] ] ] } },
{ "type": "Feature", "properties": { "count": 1, "label": 1, "cluster_id": 16 }, "geometry": { "type": "Polygon", "coordinates": [ [ [ 112.964045293313944, -2.127929245022322 ], [ 112.964224956370771, -2.127929245022322 ], [ 112.964224956370771, -2.127749581965499 ], [ 112.964045293313944, -2.127749581965499 ], [ 112.964045293313944, -2.127929245022322 ] ] ] } },
{ "type": "Feature", "properties": { "count": 1, "label": 1, "cluster_id": 16 }, "geometry": { "type": "Polygon", "coordinates": [ [ [ 112.964045293313944, -2.137092060920342 ], [ 112.964224956370771, -2.137092060920342 ], [ 112.964224956370771, -2.136912397863518 ], [ 112.964045293313944, -2.136912397863518 ], [ 112.964045293313944, -2.137092060920342 ] ] ] } },
{ "type": "Feature", "properties": { "count": 1, "label": 1, "cluster_id": 16 }, "geometry": { "type": "Polygon", "coordinates": [ [ [ 112.964045293313944, -2.140146332886348 ], [ 112.964224956370771, -2.140146332886348 ], [ 112.964224956370771, -2.139966669829524 ], [ 112.964045293313944, -2.139966669829524 ], [ 112.964045293313944, -2.140146332886348 ] ] ] } },
{ "type": "Feature", "properties": { "count": 1, "label": 1, "cluster_id": 16 }, "geometry": { "type": "Polygon", "coordinates": [ [ [ 112.964045293313944, -2.154160051318613 ], [ 112.964224956370771, -2.154160051318613 ], [ 112.964224956370771, -2.153980388261789 ], [ 112.964045293313944, -2.153980388261789 ], [ 112.964045293313944, -2.154160051318613 ] ] ] } },
{ "type": "Feature", "properties": { "count": 1, "label": 1, "cluster_id": 16 }, "geometry": { "type": "Polygon", "coordinates": [ [ [ 112.964045293313944, -2.161346573591569 ], [ 112.964224956370771, -2.161346573591569 ], [ 112.964224956370771, -2.161166910534745 ], [ 112.964045293313944, -2.161166910534745 ], [ 112.964045293313944, -2.161346573591569 ] ] ] } },
{ "type": "Feature", "properties": { "count": 2, "label": 1, "cluster_id": 16 }, "geometry": { "type": "Polygon", "coordinates": [ [ [ 112.964045293313944, -2.16601781306899 ], [ 112.964224956370771, -2.16601781306899 ], [ 112.964224956370771, -2.165658486955342 ], [ 112.964045293313944, -2.165658486955342 ], [ 112.964045293313944, -2.16601781306899 ] ] ] } },
{ "type": "Feature", "properties": { "count": 2, "label": 1, "cluster_id": 16 }, "geometry": { "type": "Polygon", "coordinates": [ [ [ 112.964224956370771, -2.157393986341443 ], [ 112.964404619427597, -2.157393986341443 ], [ 112.964404619427597, -2.157034660227795 ], [ 112.964224956370771, -2.157034660227795 ], [ 112.964224956370771, -2.157393986341443 ] ] ] } },
{ "type": "Feature", "properties": { "count": 1, "label": 1, "cluster_id": 16 }, "geometry": { "type": "Polygon", "coordinates": [ [ [ 112.964584282484424, -2.147332855159304 ], [ 112.964763945541236, -2.147332855159304 ], [ 112.964763945541236, -2.14715319210248 ], [ 112.964584282484424, -2.14715319210248 ], [ 112.964584282484424, -2.147332855159304 ] ] ] } },
{ "type": "Feature", "properties": { "count": 1, "label": 1, "cluster_id": 16 }, "geometry": { "type": "Polygon", "coordinates": [ [ [ 112.964584282484424, -2.154699040489084 ], [ 112.964763945541236, -2.154699040489084 ], [ 112.964763945541236, -2.15451937743226 ], [ 112.964584282484424, -2.15451937743226 ], [ 112.964584282484424, -2.154699040489084 ] ] ] } },
{ "type": "Feature", "properties": { "count": 6, "label": 1, "cluster_id": 16 }, "geometry": { "type": "Polygon", "coordinates": [ [ [ 112.964584282484424, -2.159010953852858 ], [ 112.964584282484424, -2.15954994302333 ], [ 112.964404619427597, -2.15954994302333 ], [ 112.964404619427597, -2.159909269136977 ], [ 112.964584282484424, -2.159909269136977 ], [ 112.964584282484424, -2.159729606080154 ], [ 112.964763945541236, -2.159729606080154 ], [ 112.964763945541236, -2.159010953852858 ], [ 112.964584282484424, -2.159010953852858 ] ] ] } },
{ "type": "Feature", "properties": { "count": 1, "label": 1, "cluster_id": 16 }, "geometry": { "type": "Polygon", "coordinates": [ [ [ 112.964584282484424, -2.160088932193801 ], [ 112.964763945541236, -2.160088932193801 ], [ 112.964763945541236, -2.159909269136977 ], [ 112.964584282484424, -2.159909269136977 ], [ 112.964584282484424, -2.160088932193801 ] ] ] } },
{ "type": "Feature", "properties": { "count": 1, "label": 1, "cluster_id": 16 }, "geometry": { "type": "Polygon", "coordinates": [ [ [ 112.964763945541236, -2.122898679431253 ], [ 112.964943608598062, -2.122898679431253 ], [ 112.964943608598062, -2.122719016374429 ], [ 112.964763945541236, -2.122719016374429 ], [ 112.964763945541236, -2.122898679431253 ] ] ] } },
{ "type": "Feature", "properties": { "count": 1, "label": 1, "cluster_id": 16 }, "geometry": { "type": "Polygon", "coordinates": [ [ [ 112.964763945541236, -2.123437668601725 ], [ 112.964943608598062, -2.123437668601725 ], [ 112.964943608598062, -2.123258005544901 ], [ 112.964763945541236, -2.123258005544901 ], [ 112.964763945541236, -2.123437668601725 ] ] ] } },
{ "type": "Feature", "properties": { "count": 1, "label": 1, "cluster_id": 16 }, "geometry": { "type": "Polygon", "coordinates": [ [ [ 112.964763945541236, -2.138170039261285 ], [ 112.964943608598062, -2.138170039261285 ], [ 112.964943608598062, -2.137990376204461 ], [ 112.964763945541236, -2.137990376204461 ], [ 112.964763945541236, -2.138170039261285 ] ] ] } },
{ "type": "Feature", "properties": { "count": 1, "label": 1, "cluster_id": 16 }, "geometry": { "type": "Polygon", "coordinates": [ [ [ 112.964763945541236, -2.159010953852858 ], [ 112.964943608598062, -2.159010953852858 ], [ 112.964943608598062, -2.158831290796034 ], [ 112.964763945541236, -2.158831290796034 ], [ 112.964763945541236, -2.159010953852858 ] ] ] } },
{ "type": "Feature", "properties": { "count": 1, "label": 1, "cluster_id": 16 }, "geometry": { "type": "Polygon", "coordinates": [ [ [ 112.964943608598062, -2.122180027203957 ], [ 112.965123271654889, -2.122180027203957 ], [ 112.965123271654889, -2.122000364147134 ], [ 112.964943608598062, -2.122000364147134 ], [ 112.964943608598062, -2.122180027203957 ] ] ] } },
{ "type": "Feature", "properties": { "count": 1, "label": 1, "cluster_id": 16 }, "geometry": { "type": "Polygon", "coordinates": [ [ [ 112.964943608598062, -2.122719016374429 ], [ 112.965123271654889, -2.122719016374429 ], [ 112.965123271654889, -2.122539353317606 ], [ 112.964943608598062, -2.122539353317606 ], [ 112.964943608598062, -2.122719016374429 ] ] ] } },
{ "type": "Feature", "properties": { "count": 3, "label": 1, "cluster_id": 16 }, "geometry": { "type": "Polygon", "coordinates": [ [ [ 112.964763945541236, -2.137451387033989 ], [ 112.964763945541236, -2.137631050090813 ], [ 112.964943608598062, -2.137631050090813 ], [ 112.964943608598062, -2.137810713147637 ], [ 112.965123271654889, -2.137810713147637 ], [ 112.965123271654889, -2.137451387033989 ], [ 112.964763945541236, -2.137451387033989 ] ] ] } },
{ "type": "Feature", "properties": { "count": 7, "label": 1, "cluster_id": 16 }, "geometry": { "type": "Polygon", "coordinates": [ [ [ 112.964763945541236, -2.147512518216128 ], [ 112.964763945541236, -2.147692181272952 ], [ 112.964584282484424, -2.147692181272952 ], [ 112.964584282484424, -2.1480515073866 ], [ 112.964943608598062, -2.1480515073866 ], [ 112.964943608598062, -2.147871844329776 ], [ 112.965123271654889, -2.147871844329776 ], [ 112.965123271654889, -2.147512518216128 ], [ 112.964763945541236, -2.147512518216128 ] ] ] } },
{ "type": "Feature", "properties": { "count": 1, "label": 1, "cluster_id": 16 }, "geometry": { "type": "Polygon", "coordinates": [ [ [ 112.964943608598062, -2.159190616909682 ], [ 112.965123271654889, -2.159190616909682 ], [ 112.965123271654889, -2.159010953852858 ], [ 112.964943608598062, -2.159010953852858 ], [ 112.964943608598062, -2.159190616909682 ] ] ] } },
{ "type": "Feature", "properties": { "count": 2, "label": 1, "cluster_id": 16 }, "geometry": { "type": "Polygon", "coordinates": [ [ [ 112.964763945541236, -2.160268595250625 ], [ 112.965123271654889, -2.160268595250625 ], [ 112.965123271654889, -2.160088932193801 ], [ 112.964763945541236, -2.160088932193801 ], [ 112.964763945541236, -2.160268595250625 ] ] ] } },
{ "type": "Feature", "properties": { "count": 1, "label": 1, "cluster_id": 16 }, "geometry": { "type": "Polygon", "coordinates": [ [ [ 112.965123271654889, -2.139427680659052 ], [ 112.965302934711715, -2.139427680659052 ], [ 112.965302934711715, -2.139248017602228 ], [ 112.965123271654889, -2.139248017602228 ], [ 112.965123271654889, -2.139427680659052 ] ] ] } },
{ "type": "Feature", "properties": { "count": 1, "label": 1, "cluster_id": 16 }, "geometry": { "type": "Polygon", "coordinates": [ [ [ 112.965123271654889, -2.159729606080154 ], [ 112.965302934711715, -2.159729606080154 ], [ 112.965302934711715, -2.15954994302333 ], [ 112.965123271654889, -2.15954994302333 ], [ 112.965123271654889, -2.159729606080154 ] ] ] } },
{ "type": "Feature", "properties": { "count": 1, "label": 1, "cluster_id": 16 }, "geometry": { "type": "Polygon", "coordinates": [ [ [ 112.965123271654889, -2.160448258307449 ], [ 112.965302934711715, -2.160448258307449 ], [ 112.965302934711715, -2.160268595250625 ], [ 112.965123271654889, -2.160268595250625 ], [ 112.965123271654889, -2.160448258307449 ] ] ] } },
{ "type": "Feature", "properties": { "count": 18, "label": 1, "cluster_id": 16 }, "geometry": { "type": "Polygon", "coordinates": [ [ [ 112.965123271654889, -2.180390857614903 ], [ 112.965123271654889, -2.181289172899022 ], [ 112.964943608598062, -2.181289172899022 ], [ 112.964943608598062, -2.18164849901267 ], [ 112.965123271654889, -2.18164849901267 ], [ 112.965123271654889, -2.181828162069494 ], [ 112.965482597768542, -2.181828162069494 ], [ 112.965482597768542, -2.181109509842198 ], [ 112.965662260825354, -2.181109509842198 ], [ 112.965662260825354, -2.180929846785374 ], [ 112.965482597768542, -2.180929846785374 ], [ 112.965482597768542, -2.180570520671727 ], [ 112.965302934711715, -2.180570520671727 ], [ 112.965302934711715, -2.180390857614903 ], [ 112.965123271654889, -2.180390857614903 ] ] ] } },
{ "type": "Feature", "properties": { "count": 1, "label": 1, "cluster_id": 16 }, "geometry": { "type": "Polygon", "coordinates": [ [ [ 112.965302934711715, -2.137810713147637 ], [ 112.965482597768542, -2.137810713147637 ], [ 112.965482597768542, -2.137631050090813 ], [ 112.965302934711715, -2.137631050090813 ], [ 112.965302934711715, -2.137810713147637 ] ] ] } },
{ "type": "Feature", "properties": { "count": 1, "label": 1, "cluster_id": 16 }, "geometry": { "type": "Polygon", "coordinates": [ [ [ 112.965302934711715, -2.148231170443424 ], [ 112.965482597768542, -2.148231170443424 ], [ 112.965482597768542, -2.1480515073866 ], [ 112.965302934711715, -2.1480515073866 ], [ 112.965302934711715, -2.148231170443424 ] ] ] } },
{ "type": "Feature", "properties": { "count": 1, "label": 1, "cluster_id": 16 }, "geometry": { "type": "Polygon", "coordinates": [ [ [ 112.965302934711715, -2.15954994302333 ], [ 112.965482597768542, -2.15954994302333 ], [ 112.965482597768542, -2.159370279966506 ], [ 112.965302934711715, -2.159370279966506 ], [ 112.965302934711715, -2.15954994302333 ] ] ] } },
{ "type": "Feature", "properties": { "count": 3, "label": 1, "cluster_id": 16 }, "geometry": { "type": "Polygon", "coordinates": [ [ [ 112.965302934711715, -2.160448258307449 ], [ 112.965302934711715, -2.160807584421097 ], [ 112.965662260825354, -2.160807584421097 ], [ 112.965662260825354, -2.160627921364273 ], [ 112.965482597768542, -2.160627921364273 ], [ 112.965482597768542, -2.160448258307449 ], [ 112.965302934711715, -2.160448258307449 ] ] ] } },
{ "type": "Feature", "properties": { "count": 16, "label": 1, "cluster_id": 16 }, "geometry": { "type": "Polygon", "coordinates": [ [ [ 112.965482597768542, -2.123976657772197 ], [ 112.965482597768542, -2.124695309999492 ], [ 112.965662260825354, -2.124695309999492 ], [ 112.965662260825354, -2.124874973056316 ], [ 112.96638091305266, -2.124874973056316 ], [ 112.96638091305266, -2.124515646942668 ], [ 112.966201249995834, -2.124515646942668 ], [ 112.966201249995834, -2.124335983885844 ], [ 112.965841923882181, -2.124335983885844 ], [ 112.965841923882181, -2.12415632082902 ], [ 112.965662260825354, -2.12415632082902 ], [ 112.965662260825354, -2.123976657772197 ], [ 112.965482597768542, -2.123976657772197 ] ] ] } },
{ "type": "Feature", "properties": { "count": 7, "label": 1, "cluster_id": 16 }, "geometry": { "type": "Polygon", "coordinates": [ [ [ 112.965302934711715, -2.125593625283612 ], [ 112.965302934711715, -2.125773288340436 ], [ 112.965123271654889, -2.125773288340436 ], [ 112.965123271654889, -2.125593625283612 ], [ 112.964943608598062, -2.125593625283612 ], [ 112.964943608598062, -2.125952951397259 ], [ 112.965662260825354, -2.125952951397259 ], [ 112.965662260825354, -2.125593625283612 ], [ 112.965302934711715, -2.125593625283612 ] ] ] } },
{ "type": "Feature", "properties": { "count": 7, "label": 1, "cluster_id": 16 }, "geometry": { "type": "Polygon", "coordinates": [ [ [ 112.965302934711715, -2.138170039261285 ], [ 112.965302934711715, -2.138349702318109 ], [ 112.965123271654889, -2.138349702318109 ], [ 112.965123271654889, -2.138709028431757 ], [ 112.965482597768542, -2.138709028431757 ], [ 112.965482597768542, -2.138529365374933 ], [ 112.965662260825354, -2.138529365374933 ], [ 112.965662260825354, -2.138170039261285 ], [ 112.965302934711715, -2.138170039261285 ] ] ] } },
{ "type": "Feature", "properties": { "count": 1, "label": 1, "cluster_id": 16 }, "geometry": { "type": "Polygon", "coordinates": [ [ [ 112.965662260825354, -2.137990376204461 ], [ 112.965841923882181, -2.137990376204461 ], [ 112.965841923882181, -2.137810713147637 ], [ 112.965662260825354, -2.137810713147637 ], [ 112.965662260825354, -2.137990376204461 ] ] ] } },
{ "type": "Feature", "properties": { "count": 1, "label": 1, "cluster_id": 16 }, "geometry": { "type": "Polygon", "coordinates": [ [ [ 112.965662260825354, -2.139248017602228 ], [ 112.965841923882181, -2.139248017602228 ], [ 112.965841923882181, -2.139068354545405 ], [ 112.965662260825354, -2.139068354545405 ], [ 112.965662260825354, -2.139248017602228 ] ] ] } },
{ "type": "Feature", "properties": { "count": 1, "label": 1, "cluster_id": 16 }, "geometry": { "type": "Polygon", "coordinates": [ [ [ 112.965662260825354, -2.159370279966506 ], [ 112.965841923882181, -2.159370279966506 ], [ 112.965841923882181, -2.159190616909682 ], [ 112.965662260825354, -2.159190616909682 ], [ 112.965662260825354, -2.159370279966506 ] ] ] } },
{ "type": "Feature", "properties": { "count": 1, "label": 1, "cluster_id": 16 }, "geometry": { "type": "Polygon", "coordinates": [ [ [ 112.965662260825354, -2.160448258307449 ], [ 112.965841923882181, -2.160448258307449 ], [ 112.965841923882181, -2.160268595250625 ], [ 112.965662260825354, -2.160268595250625 ], [ 112.965662260825354, -2.160448258307449 ] ] ] } },
{ "type": "Feature", "properties": { "count": 2, "label": 1, "cluster_id": 16 }, "geometry": { "type": "Polygon", "coordinates": [ [ [ 112.965841923882181, -2.122719016374429 ], [ 112.966021586939007, -2.122719016374429 ], [ 112.966021586939007, -2.122359690260781 ], [ 112.965841923882181, -2.122359690260781 ], [ 112.965841923882181, -2.122719016374429 ] ] ] } },
{ "type": "Feature", "properties": { "count": 3, "label": 1, "cluster_id": 16 }, "geometry": { "type": "Polygon", "coordinates": [ [ [ 112.965841923882181, -2.1480515073866 ], [ 112.965841923882181, -2.148410833500248 ], [ 112.966201249995834, -2.148410833500248 ], [ 112.966201249995834, -2.148231170443424 ], [ 112.966021586939007, -2.148231170443424 ], [ 112.966021586939007, -2.1480515073866 ], [ 112.965841923882181, -2.1480515073866 ] ] ] } },
{ "type": "Feature", "properties": { "count": 1, "label": 1, "cluster_id": 16 }, "geometry": { "type": "Polygon", "coordinates": [ [ [ 112.966021586939007, -2.171767030887355 ], [ 112.966201249995834, -2.171767030887355 ], [ 112.966201249995834, -2.171587367830531 ], [ 112.966021586939007, -2.171587367830531 ], [ 112.966021586939007, -2.171767030887355 ] ] ] } },
{ "type": "Feature", "properties": { "count": 2, "label": 1, "cluster_id": 16 }, "geometry": { "type": "Polygon", "coordinates": [ [ [ 112.966021586939007, -2.138888691488581 ], [ 112.96638091305266, -2.138888691488581 ], [ 112.96638091305266, -2.138709028431757 ], [ 112.966021586939007, -2.138709028431757 ], [ 112.966021586939007, -2.138888691488581 ] ] ] } },
{ "type": "Feature", "properties": { "count": 1, "label": 1, "cluster_id": 16 }, "geometry": { "type": "Polygon", "coordinates": [ [ [ 112.966201249995834, -2.160268595250625 ], [ 112.96638091305266, -2.160268595250625 ], [ 112.96638091305266, -2.160088932193801 ], [ 112.966201249995834, -2.160088932193801 ], [ 112.966201249995834, -2.160268595250625 ] ] ] } },
{ "type": "Feature", "properties": { "count": 1, "label": 1, "cluster_id": 16 }, "geometry": { "type": "Polygon", "coordinates": [ [ [ 112.966201249995834, -2.171946693944179 ], [ 112.96638091305266, -2.171946693944179 ], [ 112.96638091305266, -2.171767030887355 ], [ 112.966201249995834, -2.171767030887355 ], [ 112.966201249995834, -2.171946693944179 ] ] ] } },
{ "type": "Feature", "properties": { "count": 1, "label": 1, "cluster_id": 16 }, "geometry": { "type": "Polygon", "coordinates": [ [ [ 112.96638091305266, -2.109783276283108 ], [ 112.966560576109487, -2.109783276283108 ], [ 112.966560576109487, -2.109603613226284 ], [ 112.96638091305266, -2.109603613226284 ], [ 112.96638091305266, -2.109783276283108 ] ] ] } },
{ "type": "Feature", "properties": { "count": 1, "label": 1, "cluster_id": 16 }, "geometry": { "type": "Polygon", "coordinates": [ [ [ 112.96638091305266, -2.11032226545358 ], [ 112.966560576109487, -2.11032226545358 ], [ 112.966560576109487, -2.110142602396756 ], [ 112.96638091305266, -2.110142602396756 ], [ 112.96638091305266, -2.11032226545358 ] ] ] } },
{ "type": "Feature", "properties": { "count": 1, "label": 1, "cluster_id": 16 }, "geometry": { "type": "Polygon", "coordinates": [ [ [ 112.96638091305266, -2.139068354545405 ], [ 112.966560576109487, -2.139068354545405 ], [ 112.966560576109487, -2.138888691488581 ], [ 112.96638091305266, -2.138888691488581 ], [ 112.96638091305266, -2.139068354545405 ] ] ] } },
{ "type": "Feature", "properties": { "count": 1, "label": 1, "cluster_id": 16 }, "geometry": { "type": "Polygon", "coordinates": [ [ [ 112.966560576109487, -2.110501928510404 ], [ 112.966740239166299, -2.110501928510404 ], [ 112.966740239166299, -2.11032226545358 ], [ 112.966560576109487, -2.11032226545358 ], [ 112.966560576109487, -2.110501928510404 ] ] ] } },
{ "type": "Feature", "properties": { "count": 1, "label": 1, "cluster_id": 16 }, "geometry": { "type": "Polygon", "coordinates": [ [ [ 112.966560576109487, -2.110861254624051 ], [ 112.966740239166299, -2.110861254624051 ], [ 112.966740239166299, -2.110681591567228 ], [ 112.966560576109487, -2.110681591567228 ], [ 112.966560576109487, -2.110861254624051 ] ] ] } },
{ "type": "Feature", "properties": { "count": 50, "label": 1, "cluster_id": 16 }, "geometry": { "type": "Polygon", "coordinates": [ [ [ 112.966560576109487, -2.122359690260781 ], [ 112.966560576109487, -2.122719016374429 ], [ 112.966201249995834, -2.122719016374429 ], [ 112.966201249995834, -2.122898679431253 ], [ 112.966021586939007, -2.122898679431253 ], [ 112.966021586939007, -2.123258005544901 ], [ 112.965841923882181, -2.123258005544901 ], [ 112.965841923882181, -2.123796994715373 ], [ 112.966201249995834, -2.123796994715373 ], [ 112.966201249995834, -2.124335983885844 ], [ 112.966560576109487, -2.124335983885844 ], [ 112.966560576109487, -2.123976657772197 ], [ 112.966740239166299, -2.123976657772197 ], [ 112.966740239166299, -2.124515646942668 ], [ 112.967279228336778, -2.124515646942668 ], [ 112.967279228336778, -2.124695309999492 ], [ 112.967638554450417, -2.124695309999492 ], [ 112.967638554450417, -2.124515646942668 ], [ 112.967458891393605, -2.124515646942668 ], [ 112.967458891393605, -2.124335983885844 ], [ 112.967279228336778, -2.124335983885844 ], [ 112.967279228336778, -2.12415632082902 ], [ 112.967099565279952, -2.12415632082902 ], [ 112.967099565279952, -2.123976657772197 ], [ 112.966919902223125, -2.123976657772197 ], [ 112.966919902223125, -2.123258005544901 ], [ 112.966740239166299, -2.123258005544901 ], [ 112.966740239166299, -2.122359690260781 ], [ 112.966560576109487, -2.122359690260781 ] ] ] } },
{ "type": "Feature", "properties": { "count": 1, "label": 1, "cluster_id": 16 }, "geometry": { "type": "Polygon", "coordinates": [ [ [ 112.966560576109487, -2.138888691488581 ], [ 112.966740239166299, -2.138888691488581 ], [ 112.966740239166299, -2.138709028431757 ], [ 112.966560576109487, -2.138709028431757 ], [ 112.966560576109487, -2.138888691488581 ] ] ] } },
{ "type": "Feature", "properties": { "count": 2, "label": 1, "cluster_id": 16 }, "geometry": { "type": "Polygon", "coordinates": [ [ [ 112.96638091305266, -2.171767030887355 ], [ 112.966740239166299, -2.171767030887355 ], [ 112.966740239166299, -2.171587367830531 ], [ 112.96638091305266, -2.171587367830531 ], [ 112.96638091305266, -2.171767030887355 ] ] ] } },
{ "type": "Feature", "properties": { "count": 1, "label": 1, "cluster_id": 16 }, "geometry": { "type": "Polygon", "coordinates": [ [ [ 112.966740239166299, -2.111040917680875 ], [ 112.966919902223125, -2.111040917680875 ], [ 112.966919902223125, -2.110861254624051 ], [ 112.966740239166299, -2.110861254624051 ], [ 112.966740239166299, -2.111040917680875 ] ] ] } },
{ "type": "Feature", "properties": { "count": 2, "label": 1, "cluster_id": 16 }, "geometry": { "type": "Polygon", "coordinates": [ [ [ 112.966919902223125, -2.110681591567228 ], [ 112.967099565279952, -2.110681591567228 ], [ 112.967099565279952, -2.11032226545358 ], [ 112.966919902223125, -2.11032226545358 ], [ 112.966919902223125, -2.110681591567228 ] ] ] } },
{ "type": "Feature", "properties": { "count": 1, "label": 1, "cluster_id": 16 }, "geometry": { "type": "Polygon", "coordinates": [ [ [ 112.966919902223125, -2.148231170443424 ], [ 112.967099565279952, -2.148231170443424 ], [ 112.967099565279952, -2.1480515073866 ], [ 112.966919902223125, -2.1480515073866 ], [ 112.966919902223125, -2.148231170443424 ] ] ] } },
{ "type": "Feature", "properties": { "count": 1, "label": 1, "cluster_id": 16 }, "geometry": { "type": "Polygon", "coordinates": [ [ [ 112.966919902223125, -2.171767030887355 ], [ 112.967099565279952, -2.171767030887355 ], [ 112.967099565279952, -2.171587367830531 ], [ 112.966919902223125, -2.171587367830531 ], [ 112.966919902223125, -2.171767030887355 ] ] ] } },
{ "type": "Feature", "properties": { "count": 6, "label": 1, "cluster_id": 16 }, "geometry": { "type": "Polygon", "coordinates": [ [ [ 112.966919902223125, -2.109244287112636 ], [ 112.966919902223125, -2.10942395016946 ], [ 112.966740239166299, -2.10942395016946 ], [ 112.966740239166299, -2.109783276283108 ], [ 112.967099565279952, -2.109783276283108 ], [ 112.967099565279952, -2.10942395016946 ], [ 112.967279228336778, -2.10942395016946 ], [ 112.967279228336778, -2.109244287112636 ], [ 112.966919902223125, -2.109244287112636 ] ] ] } },
{ "type": "Feature", "properties": { "count": 1, "label": 1, "cluster_id": 16 }, "geometry": { "type": "Polygon", "coordinates": [ [ [ 112.967279228336778, -2.146793865988832 ], [ 112.967458891393605, -2.146793865988832 ], [ 112.967458891393605, -2.146614202932009 ], [ 112.967279228336778, -2.146614202932009 ], [ 112.967279228336778, -2.146793865988832 ] ] ] } },
{ "type": "Feature", "properties": { "count": 4, "label": 1, "cluster_id": 16 }, "geometry": { "type": "Polygon", "coordinates": [ [ [ 112.967099565279952, -2.155597355773204 ], [ 112.967099565279952, -2.155777018830028 ], [ 112.966919902223125, -2.155777018830028 ], [ 112.966919902223125, -2.155956681886852 ], [ 112.967279228336778, -2.155956681886852 ], [ 112.967279228336778, -2.155777018830028 ], [ 112.967458891393605, -2.155777018830028 ], [ 112.967458891393605, -2.155597355773204 ], [ 112.967099565279952, -2.155597355773204 ] ] ] } },
{ "type": "Feature", "properties": { "count": 2, "label": 1, "cluster_id": 16 }, "geometry": { "type": "Polygon", "coordinates": [ [ [ 112.967458891393605, -2.164400845557575 ], [ 112.967638554450417, -2.164400845557575 ], [ 112.967638554450417, -2.164041519443927 ], [ 112.967458891393605, -2.164041519443927 ], [ 112.967458891393605, -2.164400845557575 ] ] ] } },
{ "type": "Feature", "properties": { "count": 5, "label": 1, "cluster_id": 16 }, "geometry": { "type": "Polygon", "coordinates": [ [ [ 112.967279228336778, -2.178594227046664 ], [ 112.967279228336778, -2.178773890103487 ], [ 112.967099565279952, -2.178773890103487 ], [ 112.967099565279952, -2.178953553160311 ], [ 112.967638554450417, -2.178953553160311 ], [ 112.967638554450417, -2.178594227046664 ], [ 112.967279228336778, -2.178594227046664 ] ] ] } },
{ "type": "Feature", "properties": { "count": 2, "label": 1, "cluster_id": 16 }, "geometry": { "type": "Polygon", "coordinates": [ [ [ 112.967638554450417, -2.152543083807197 ], [ 112.967818217507244, -2.152543083807197 ], [ 112.967818217507244, -2.15218375769355 ], [ 112.967638554450417, -2.15218375769355 ], [ 112.967638554450417, -2.152543083807197 ] ] ] } },
{ "type": "Feature", "properties": { "count": 8, "label": 1, "cluster_id": 16 }, "geometry": { "type": "Polygon", "coordinates": [ [ [ 112.967638554450417, -2.164580508614399 ], [ 112.967638554450417, -2.164939834728047 ], [ 112.967818217507244, -2.164939834728047 ], [ 112.967818217507244, -2.165119497784871 ], [ 112.96799788056407, -2.165119497784871 ], [ 112.96799788056407, -2.165299160841695 ], [ 112.968357206677723, -2.165299160841695 ], [ 112.968357206677723, -2.164939834728047 ], [ 112.96799788056407, -2.164939834728047 ], [ 112.96799788056407, -2.164760171671223 ], [ 112.967818217507244, -2.164760171671223 ], [ 112.967818217507244, -2.164580508614399 ], [ 112.967638554450417, -2.164580508614399 ] ] ] } },
{ "type": "Feature", "properties": { "count": 1, "label": 1, "cluster_id": 16 }, "geometry": { "type": "Polygon", "coordinates": [ [ [ 112.967818217507244, -2.147871844329776 ], [ 112.96799788056407, -2.147871844329776 ], [ 112.96799788056407, -2.147692181272952 ], [ 112.967818217507244, -2.147692181272952 ], [ 112.967818217507244, -2.147871844329776 ] ] ] } },
{ "type": "Feature", "properties": { "count": 1, "label": 1, "cluster_id": 16 }, "geometry": { "type": "Polygon", "coordinates": [ [ [ 112.967818217507244, -2.153082072977669 ], [ 112.96799788056407, -2.153082072977669 ], [ 112.96799788056407, -2.152902409920845 ], [ 112.967818217507244, -2.152902409920845 ], [ 112.967818217507244, -2.153082072977669 ] ] ] } },
{ "type": "Feature", "properties": { "count": 12, "label": 1, "cluster_id": 16 }, "geometry": { "type": "Polygon", "coordinates": [ [ [ 112.967818217507244, -2.165658486955342 ], [ 112.967818217507244, -2.166197476125814 ], [ 112.967638554450417, -2.166197476125814 ], [ 112.967638554450417, -2.166377139182638 ], [ 112.967818217507244, -2.166377139182638 ], [ 112.967818217507244, -2.166556802239462 ], [ 112.96799788056407, -2.166556802239462 ], [ 112.96799788056407, -2.16691612835311 ], [ 112.968177543620897, -2.16691612835311 ], [ 112.968177543620897, -2.167095791409934 ], [ 112.968357206677723, -2.167095791409934 ], [ 112.968357206677723, -2.166736465296286 ], [ 112.968177543620897, -2.166736465296286 ], [ 112.968177543620897, -2.166197476125814 ], [ 112.96799788056407, -2.166197476125814 ], [ 112.96799788056407, -2.165658486955342 ], [ 112.967818217507244, -2.165658486955342 ] ] ] } },
{ "type": "Feature", "properties": { "count": 4, "label": 1, "cluster_id": 16 }, "geometry": { "type": "Polygon", "coordinates": [ [ [ 112.96799788056407, -2.10942395016946 ], [ 112.96799788056407, -2.109603613226284 ], [ 112.967638554450417, -2.109603613226284 ], [ 112.967638554450417, -2.109783276283108 ], [ 112.968177543620897, -2.109783276283108 ], [ 112.968177543620897, -2.10942395016946 ], [ 112.96799788056407, -2.10942395016946 ] ] ] } },
{ "type": "Feature", "properties": { "count": 3, "label": 1, "cluster_id": 16 }, "geometry": { "type": "Polygon", "coordinates": [ [ [ 112.967638554450417, -2.124874973056316 ], [ 112.968177543620897, -2.124874973056316 ], [ 112.968177543620897, -2.124695309999492 ], [ 112.967638554450417, -2.124695309999492 ], [ 112.967638554450417, -2.124874973056316 ] ] ] } },
{ "type": "Feature", "properties": { "count": 1, "label": 1, "cluster_id": 16 }, "geometry": { "type": "Polygon", "coordinates": [ [ [ 112.968177543620897, -2.12505463611314 ], [ 112.968357206677723, -2.12505463611314 ], [ 112.968357206677723, -2.124874973056316 ], [ 112.968177543620897, -2.124874973056316 ], [ 112.968177543620897, -2.12505463611314 ] ] ] } },
{ "type": "Feature", "properties": { "count": 1, "label": 1, "cluster_id": 16 }, "geometry": { "type": "Polygon", "coordinates": [ [ [ 112.968177543620897, -2.153261736034493 ], [ 112.968357206677723, -2.153261736034493 ], [ 112.968357206677723, -2.153082072977669 ], [ 112.968177543620897, -2.153082072977669 ], [ 112.968177543620897, -2.153261736034493 ] ] ] } },
{ "type": "Feature", "properties": { "count": 2, "label": 1, "cluster_id": 16 }, "geometry": { "type": "Polygon", "coordinates": [ [ [ 112.968357206677723, -2.153621062148141 ], [ 112.96853686973455, -2.153621062148141 ], [ 112.96853686973455, -2.153261736034493 ], [ 112.968357206677723, -2.153261736034493 ], [ 112.968357206677723, -2.153621062148141 ] ] ] } },
{ "type": "Feature", "properties": { "count": 1, "label": 1, "cluster_id": 16 }, "geometry": { "type": "Polygon", "coordinates": [ [ [ 112.968357206677723, -2.179851868444431 ], [ 112.96853686973455, -2.179851868444431 ], [ 112.96853686973455, -2.179672205387607 ], [ 112.968357206677723, -2.179672205387607 ], [ 112.968357206677723, -2.179851868444431 ] ] ] } },
{ "type": "Feature", "properties": { "count": 2, "label": 1, "cluster_id": 16 }, "geometry": { "type": "Polygon", "coordinates": [ [ [ 112.96853686973455, -2.109603613226284 ], [ 112.968716532791362, -2.109603613226284 ], [ 112.968716532791362, -2.109244287112636 ], [ 112.96853686973455, -2.109244287112636 ], [ 112.96853686973455, -2.109603613226284 ] ] ] } },
{ "type": "Feature", "properties": { "count": 1, "label": 1, "cluster_id": 16 }, "geometry": { "type": "Polygon", "coordinates": [ [ [ 112.96853686973455, -2.149129485727543 ], [ 112.968716532791362, -2.149129485727543 ], [ 112.968716532791362, -2.148949822670719 ], [ 112.96853686973455, -2.148949822670719 ], [ 112.96853686973455, -2.149129485727543 ] ] ] } },
{ "type": "Feature", "properties": { "count": 3, "label": 1, "cluster_id": 16 }, "geometry": { "type": "Polygon", "coordinates": [ [ [ 112.968357206677723, -2.15451937743226 ], [ 112.968357206677723, -2.154699040489084 ], [ 112.96853686973455, -2.154699040489084 ], [ 112.96853686973455, -2.154878703545908 ], [ 112.968716532791362, -2.154878703545908 ], [ 112.968716532791362, -2.15451937743226 ], [ 112.968357206677723, -2.15451937743226 ] ] ] } },
{ "type": "Feature", "properties": { "count": 1, "label": 1, "cluster_id": 16 }, "geometry": { "type": "Polygon", "coordinates": [ [ [ 112.96853686973455, -2.155597355773204 ], [ 112.968716532791362, -2.155597355773204 ], [ 112.968716532791362, -2.15541769271638 ], [ 112.96853686973455, -2.15541769271638 ], [ 112.96853686973455, -2.155597355773204 ] ] ] } },
{ "type": "Feature", "properties": { "count": 1, "label": 1, "cluster_id": 16 }, "geometry": { "type": "Polygon", "coordinates": [ [ [ 112.96853686973455, -2.18164849901267 ], [ 112.968716532791362, -2.18164849901267 ], [ 112.968716532791362, -2.181468835955846 ], [ 112.96853686973455, -2.181468835955846 ], [ 112.96853686973455, -2.18164849901267 ] ] ] } },
{ "type": "Feature", "properties": { "count": 2, "label": 1, "cluster_id": 16 }, "geometry": { "type": "Polygon", "coordinates": [ [ [ 112.968716532791362, -2.109962939339932 ], [ 112.968896195848188, -2.109962939339932 ], [ 112.968896195848188, -2.109603613226284 ], [ 112.968716532791362, -2.109603613226284 ], [ 112.968716532791362, -2.109962939339932 ] ] ] } },
{ "type": "Feature", "properties": { "count": 1, "label": 1, "cluster_id": 16 }, "geometry": { "type": "Polygon", "coordinates": [ [ [ 112.968716532791362, -2.166197476125814 ], [ 112.968896195848188, -2.166197476125814 ], [ 112.968896195848188, -2.16601781306899 ], [ 112.968716532791362, -2.16601781306899 ], [ 112.968716532791362, -2.166197476125814 ] ] ] } },
{ "type": "Feature", "properties": { "count": 1, "label": 1, "cluster_id": 16 }, "geometry": { "type": "Polygon", "coordinates": [ [ [ 112.968716532791362, -2.169970400319116 ], [ 112.968896195848188, -2.169970400319116 ], [ 112.968896195848188, -2.169790737262292 ], [ 112.968716532791362, -2.169790737262292 ], [ 112.968716532791362, -2.169970400319116 ] ] ] } },
{ "type": "Feature", "properties": { "count": 1, "label": 1, "cluster_id": 16 }, "geometry": { "type": "Polygon", "coordinates": [ [ [ 112.968716532791362, -2.181828162069494 ], [ 112.968896195848188, -2.181828162069494 ], [ 112.968896195848188, -2.18164849901267 ], [ 112.968716532791362, -2.18164849901267 ], [ 112.968716532791362, -2.181828162069494 ] ] ] } },
{ "type": "Feature", "properties": { "count": 3, "label": 1, "cluster_id": 16 }, "geometry": { "type": "Polygon", "coordinates": [ [ [ 112.96853686973455, -2.187936706001507 ], [ 112.96853686973455, -2.188296032115154 ], [ 112.968716532791362, -2.188296032115154 ], [ 112.968716532791362, -2.188116369058331 ], [ 112.968896195848188, -2.188116369058331 ], [ 112.968896195848188, -2.187936706001507 ], [ 112.96853686973455, -2.187936706001507 ] ] ] } },
{ "type": "Feature", "properties": { "count": 1, "label": 1, "cluster_id": 16 }, "geometry": { "type": "Polygon", "coordinates": [ [ [ 112.968716532791362, -2.188475695171978 ], [ 112.968896195848188, -2.188475695171978 ], [ 112.968896195848188, -2.188296032115154 ], [ 112.968716532791362, -2.188296032115154 ], [ 112.968716532791362, -2.188475695171978 ] ] ] } },
{ "type": "Feature", "properties": { "count": 1, "label": 1, "cluster_id": 16 }, "geometry": { "type": "Polygon", "coordinates": [ [ [ 112.968896195848188, -2.106729004317102 ], [ 112.969075858905015, -2.106729004317102 ], [ 112.969075858905015, -2.106549341260278 ], [ 112.968896195848188, -2.106549341260278 ], [ 112.968896195848188, -2.106729004317102 ] ] ] } },
{ "type": "Feature", "properties": { "count": 2, "label": 1, "cluster_id": 16 }, "geometry": { "type": "Polygon", "coordinates": [ [ [ 112.968896195848188, -2.109603613226284 ], [ 112.969075858905015, -2.109603613226284 ], [ 112.969075858905015, -2.109244287112636 ], [ 112.968896195848188, -2.109244287112636 ], [ 112.968896195848188, -2.109603613226284 ] ] ] } },
{ "type": "Feature", "properties": { "count": 3, "label": 1, "cluster_id": 16 }, "geometry": { "type": "Polygon", "coordinates": [ [ [ 112.96853686973455, -2.149848137954839 ], [ 112.969075858905015, -2.149848137954839 ], [ 112.969075858905015, -2.149668474898015 ], [ 112.96853686973455, -2.149668474898015 ], [ 112.96853686973455, -2.149848137954839 ] ] ] } },
{ "type": "Feature", "properties": { "count": 23, "label": 1, "cluster_id": 16 }, "geometry": { "type": "Polygon", "coordinates": [ [ [ 112.968896195848188, -2.166377139182638 ], [ 112.968896195848188, -2.166736465296286 ], [ 112.968716532791362, -2.166736465296286 ], [ 112.968716532791362, -2.16691612835311 ], [ 112.96853686973455, -2.16691612835311 ], [ 112.96853686973455, -2.167095791409934 ], [ 112.968357206677723, -2.167095791409934 ], [ 112.968357206677723, -2.167275454466758 ], [ 112.968177543620897, -2.167275454466758 ], [ 112.968177543620897, -2.167455117523581 ], [ 112.968357206677723, -2.167455117523581 ], [ 112.968357206677723, -2.167634780580405 ], [ 112.968716532791362, -2.167634780580405 ], [ 112.968716532791362, -2.167814443637229 ], [ 112.969075858905015, -2.167814443637229 ], [ 112.969075858905015, -2.167455117523581 ], [ 112.969255521961841, -2.167455117523581 ], [ 112.969255521961841, -2.167275454466758 ], [ 112.969075858905015, -2.167275454466758 ], [ 112.969075858905015, -2.166377139182638 ], [ 112.968896195848188, -2.166377139182638 ] ] ] } },
{ "type": "Feature", "properties": { "count": 1, "label": 1, "cluster_id": 16 }, "geometry": { "type": "Polygon", "coordinates": [ [ [ 112.969075858905015, -2.155238029659556 ], [ 112.969255521961841, -2.155238029659556 ], [ 112.969255521961841, -2.155058366602732 ], [ 112.969075858905015, -2.155058366602732 ], [ 112.969075858905015, -2.155238029659556 ] ] ] } },
{ "type": "Feature", "properties": { "count": 35, "label": 1, "cluster_id": 16 }, "geometry": { "type": "Polygon", "coordinates": [ [ [ 112.968896195848188, -2.186140075433268 ], [ 112.968896195848188, -2.186319738490091 ], [ 112.969075858905015, -2.186319738490091 ], [ 112.969075858905015, -2.186679064603739 ], [ 112.968896195848188, -2.186679064603739 ], [ 112.968896195848188, -2.186499401546915 ], [ 112.96853686973455, -2.186499401546915 ], [ 112.96853686973455, -2.186858727660563 ], [ 112.968716532791362, -2.186858727660563 ], [ 112.968716532791362, -2.187038390717387 ], [ 112.969075858905015, -2.187038390717387 ], [ 112.969075858905015, -2.187397716831035 ], [ 112.969255521961841, -2.187397716831035 ], [ 112.969255521961841, -2.187577379887859 ], [ 112.969075858905015, -2.187577379887859 ], [ 112.969075858905015, -2.187397716831035 ], [ 112.968896195848188, -2.187397716831035 ], [ 112.968896195848188, -2.187218053774211 ], [ 112.96853686973455, -2.187218053774211 ], [ 112.96853686973455, -2.187397716831035 ], [ 112.968716532791362, -2.187397716831035 ], [ 112.968716532791362, -2.187577379887859 ], [ 112.968896195848188, -2.187577379887859 ], [ 112.968896195848188, -2.187757042944682 ], [ 112.96961484807548, -2.187757042944682 ], [ 112.96961484807548, -2.187577379887859 ], [ 112.969435185018668, -2.187577379887859 ], [ 112.969435185018668, -2.187218053774211 ], [ 112.96961484807548, -2.187218053774211 ], [ 112.96961484807548, -2.187038390717387 ], [ 112.969794511132307, -2.187038390717387 ], [ 112.969794511132307, -2.186858727660563 ], [ 112.96961484807548, -2.186858727660563 ], [ 112.96961484807548, -2.186499401546915 ], [ 112.969435185018668, -2.186499401546915 ], [ 112.969435185018668, -2.186319738490091 ], [ 112.969255521961841, -2.186319738490091 ], [ 112.969255521961841, -2.186140075433268 ], [ 112.968896195848188, -2.186140075433268 ] ] ] } },
{ "type": "Feature", "properties": { "count": 18, "label": 1, "cluster_id": 16 }, "geometry": { "type": "Polygon", "coordinates": [ [ [ 112.968896195848188, -2.133678462840687 ], [ 112.968896195848188, -2.133858125897511 ], [ 112.968716532791362, -2.133858125897511 ], [ 112.968716532791362, -2.134217452011159 ], [ 112.968896195848188, -2.134217452011159 ], [ 112.968896195848188, -2.134397115067983 ], [ 112.969255521961841, -2.134397115067983 ], [ 112.969255521961841, -2.134217452011159 ], [ 112.969435185018668, -2.134217452011159 ], [ 112.969435185018668, -2.134397115067983 ], [ 112.96961484807548, -2.134397115067983 ], [ 112.96961484807548, -2.134217452011159 ], [ 112.969794511132307, -2.134217452011159 ], [ 112.969794511132307, -2.133858125897511 ], [ 112.969435185018668, -2.133858125897511 ], [ 112.969435185018668, -2.133678462840687 ], [ 112.968896195848188, -2.133678462840687 ] ] ] } },
{ "type": "Feature", "properties": { "count": 2, "label": 1, "cluster_id": 16 }, "geometry": { "type": "Polygon", "coordinates": [ [ [ 112.969075858905015, -2.150027801011663 ], [ 112.969435185018668, -2.150027801011663 ], [ 112.969435185018668, -2.149848137954839 ], [ 112.969075858905015, -2.149848137954839 ], [ 112.969075858905015, -2.150027801011663 ] ] ] } },
{ "type": "Feature", "properties": { "count": 1, "label": 1, "cluster_id": 16 }, "geometry": { "type": "Polygon", "coordinates": [ [ [ 112.969255521961841, -2.15451937743226 ], [ 112.969435185018668, -2.15451937743226 ], [ 112.969435185018668, -2.154339714375436 ], [ 112.969255521961841, -2.154339714375436 ], [ 112.969255521961841, -2.15451937743226 ] ] ] } },
{ "type": "Feature", "properties": { "count": 1, "label": 1, "cluster_id": 16 }, "geometry": { "type": "Polygon", "coordinates": [ [ [ 112.969255521961841, -2.154878703545908 ], [ 112.969435185018668, -2.154878703545908 ], [ 112.969435185018668, -2.154699040489084 ], [ 112.969255521961841, -2.154699040489084 ], [ 112.969255521961841, -2.154878703545908 ] ] ] } },
{ "type": "Feature", "properties": { "count": 1, "label": 1, "cluster_id": 16 }, "geometry": { "type": "Polygon", "coordinates": [ [ [ 112.969255521961841, -2.155777018830028 ], [ 112.969435185018668, -2.155777018830028 ], [ 112.969435185018668, -2.155597355773204 ], [ 112.969255521961841, -2.155597355773204 ], [ 112.969255521961841, -2.155777018830028 ] ] ] } },
{ "type": "Feature", "properties": { "count": 1, "label": 1, "cluster_id": 16 }, "geometry": { "type": "Polygon", "coordinates": [ [ [ 112.969435185018668, -2.149129485727543 ], [ 112.96961484807548, -2.149129485727543 ], [ 112.96961484807548, -2.148949822670719 ], [ 112.969435185018668, -2.148949822670719 ], [ 112.969435185018668, -2.149129485727543 ] ] ] } },
{ "type": "Feature", "properties": { "count": 5, "label": 1, "cluster_id": 16 }, "geometry": { "type": "Polygon", "coordinates": [ [ [ 112.969255521961841, -2.181828162069494 ], [ 112.969255521961841, -2.182187488183142 ], [ 112.969794511132307, -2.182187488183142 ], [ 112.969794511132307, -2.182007825126318 ], [ 112.96961484807548, -2.182007825126318 ], [ 112.96961484807548, -2.181828162069494 ], [ 112.969255521961841, -2.181828162069494 ] ] ] } },
{ "type": "Feature", "properties": { "count": 1, "label": 1, "cluster_id": 16 }, "geometry": { "type": "Polygon", "coordinates": [ [ [ 112.96961484807548, -2.155956681886852 ], [ 112.969794511132307, -2.155956681886852 ], [ 112.969794511132307, -2.155777018830028 ], [ 112.96961484807548, -2.155777018830028 ], [ 112.96961484807548, -2.155956681886852 ] ] ] } },
{ "type": "Feature", "properties": { "count": 3, "label": 1, "cluster_id": 16 }, "geometry": { "type": "Polygon", "coordinates": [ [ [ 112.969794511132307, -2.132061495329272 ], [ 112.969794511132307, -2.132241158386096 ], [ 112.96961484807548, -2.132241158386096 ], [ 112.96961484807548, -2.13242082144292 ], [ 112.969974174189133, -2.13242082144292 ], [ 112.969974174189133, -2.132061495329272 ], [ 112.969794511132307, -2.132061495329272 ] ] ] } },
{ "type": "Feature", "properties": { "count": 1, "label": 1, "cluster_id": 16 }, "geometry": { "type": "Polygon", "coordinates": [ [ [ 112.969794511132307, -2.149848137954839 ], [ 112.969974174189133, -2.149848137954839 ], [ 112.969974174189133, -2.149668474898015 ], [ 112.969794511132307, -2.149668474898015 ], [ 112.969794511132307, -2.149848137954839 ] ] ] } },
{ "type": "Feature", "properties": { "count": 7, "label": 1, "cluster_id": 16 }, "geometry": { "type": "Polygon", "coordinates": [ [ [ 112.969435185018668, -2.154878703545908 ], [ 112.969435185018668, -2.15541769271638 ], [ 112.969794511132307, -2.15541769271638 ], [ 112.969794511132307, -2.155058366602732 ], [ 112.969974174189133, -2.155058366602732 ], [ 112.969974174189133, -2.154878703545908 ], [ 112.969435185018668, -2.154878703545908 ] ] ] } },
{ "type": "Feature", "properties": { "count": 1, "label": 1, "cluster_id": 16 }, "geometry": { "type": "Polygon", "coordinates": [ [ [ 112.969974174189133, -2.12828857113597 ], [ 112.970153837245959, -2.12828857113597 ], [ 112.970153837245959, -2.128108908079146 ], [ 112.969974174189133, -2.128108908079146 ], [ 112.969974174189133, -2.12828857113597 ] ] ] } },
{ "type": "Feature", "properties": { "count": 3, "label": 1, "cluster_id": 16 }, "geometry": { "type": "Polygon", "coordinates": [ [ [ 112.969794511132307, -2.153980388261789 ], [ 112.969794511132307, -2.154160051318613 ], [ 112.969974174189133, -2.154160051318613 ], [ 112.969974174189133, -2.154339714375436 ], [ 112.970153837245959, -2.154339714375436 ], [ 112.970153837245959, -2.153980388261789 ], [ 112.969794511132307, -2.153980388261789 ] ] ] } },
{ "type": "Feature", "properties": { "count": 1, "label": 1, "cluster_id": 16 }, "geometry": { "type": "Polygon", "coordinates": [ [ [ 112.969974174189133, -2.154699040489084 ], [ 112.970153837245959, -2.154699040489084 ], [ 112.970153837245959, -2.15451937743226 ], [ 112.969974174189133, -2.15451937743226 ], [ 112.969974174189133, -2.154699040489084 ] ] ] } },
{ "type": "Feature", "properties": { "count": 1, "label": 1, "cluster_id": 16 }, "geometry": { "type": "Polygon", "coordinates": [ [ [ 112.969974174189133, -2.155238029659556 ], [ 112.970153837245959, -2.155238029659556 ], [ 112.970153837245959, -2.155058366602732 ], [ 112.969974174189133, -2.155058366602732 ], [ 112.969974174189133, -2.155238029659556 ] ] ] } },
{ "type": "Feature", "properties": { "count": 1, "label": 1, "cluster_id": 16 }, "geometry": { "type": "Polygon", "coordinates": [ [ [ 112.969974174189133, -2.169970400319116 ], [ 112.970153837245959, -2.169970400319116 ], [ 112.970153837245959, -2.169790737262292 ], [ 112.969974174189133, -2.169790737262292 ], [ 112.969974174189133, -2.169970400319116 ] ] ] } },
{ "type": "Feature", "properties": { "count": 4, "label": 1, "cluster_id": 16 }, "geometry": { "type": "Polygon", "coordinates": [ [ [ 112.970153837245959, -2.108705297942165 ], [ 112.970153837245959, -2.108884960998989 ], [ 112.969974174189133, -2.108884960998989 ], [ 112.969974174189133, -2.109064624055812 ], [ 112.970513163359612, -2.109064624055812 ], [ 112.970513163359612, -2.108884960998989 ], [ 112.970333500302786, -2.108884960998989 ], [ 112.970333500302786, -2.108705297942165 ], [ 112.970153837245959, -2.108705297942165 ] ] ] } },
{ "type": "Feature", "properties": { "count": 1, "label": 1, "cluster_id": 16 }, "geometry": { "type": "Polygon", "coordinates": [ [ [ 112.970153837245959, -2.149848137954839 ], [ 112.970333500302786, -2.149848137954839 ], [ 112.970333500302786, -2.149668474898015 ], [ 112.970153837245959, -2.149668474898015 ], [ 112.970153837245959, -2.149848137954839 ] ] ] } },
{ "type": "Feature", "properties": { "count": 3, "label": 1, "cluster_id": 16 }, "geometry": { "type": "Polygon", "coordinates": [ [ [ 112.969794511132307, -2.156136344943675 ], [ 112.970333500302786, -2.156136344943675 ], [ 112.970333500302786, -2.155956681886852 ], [ 112.969794511132307, -2.155956681886852 ], [ 112.969794511132307, -2.156136344943675 ] ] ] } },
{ "type": "Feature", "properties": { "count": 3, "label": 1, "cluster_id": 16 }, "geometry": { "type": "Polygon", "coordinates": [ [ [ 112.969974174189133, -2.185062097092324 ], [ 112.969974174189133, -2.185241760149148 ], [ 112.970153837245959, -2.185241760149148 ], [ 112.970153837245959, -2.185421423205972 ], [ 112.970333500302786, -2.185421423205972 ], [ 112.970333500302786, -2.185062097092324 ], [ 112.969974174189133, -2.185062097092324 ] ] ] } },
{ "type": "Feature", "properties": { "count": 4, "label": 1, "cluster_id": 16 }, "geometry": { "type": "Polygon", "coordinates": [ [ [ 112.970333500302786, -2.129007223363266 ], [ 112.970333500302786, -2.12918688642009 ], [ 112.970153837245959, -2.12918688642009 ], [ 112.970153837245959, -2.129546212533738 ], [ 112.970333500302786, -2.129546212533738 ], [ 112.970333500302786, -2.129366549476914 ], [ 112.970513163359612, -2.129366549476914 ], [ 112.970513163359612, -2.129007223363266 ], [ 112.970333500302786, -2.129007223363266 ] ] ] } },
{ "type": "Feature", "properties": { "count": 1, "label": 1, "cluster_id": 16 }, "geometry": { "type": "Polygon", "coordinates": [ [ [ 112.970333500302786, -2.15541769271638 ], [ 112.970513163359612, -2.15541769271638 ], [ 112.970513163359612, -2.155238029659556 ], [ 112.970333500302786, -2.155238029659556 ], [ 112.970333500302786, -2.15541769271638 ] ] ] } },
{ "type": "Feature", "properties": { "count": 57, "label": 1, "cluster_id": 16 }, "geometry": { "type": "Polygon", "coordinates": [ [ [ 112.970153837245959, -2.171767030887355 ], [ 112.970153837245959, -2.172126357001003 ], [ 112.969974174189133, -2.172126357001003 ], [ 112.969974174189133, -2.172306020057827 ], [ 112.969794511132307, -2.172306020057827 ], [ 112.969794511132307, -2.172485683114651 ], [ 112.96961484807548, -2.172485683114651 ], [ 112.96961484807548, -2.172845009228299 ], [ 112.969794511132307, -2.172845009228299 ], [ 112.969794511132307, -2.173204335341946 ], [ 112.969974174189133, -2.173204335341946 ], [ 112.969974174189133, -2.173563661455594 ], [ 112.970153837245959, -2.173563661455594 ], [ 112.970153837245959, -2.174641639796538 ], [ 112.970513163359612, -2.174641639796538 ], [ 112.970513163359612, -2.174821302853362 ], [ 112.970872489473251, -2.174821302853362 ], [ 112.970872489473251, -2.173922987569242 ], [ 112.970692826416425, -2.173922987569242 ], [ 112.970692826416425, -2.173743324512418 ], [ 112.970513163359612, -2.173743324512418 ], [ 112.970513163359612, -2.173563661455594 ], [ 112.970333500302786, -2.173563661455594 ], [ 112.970333500302786, -2.172845009228299 ], [ 112.970692826416425, -2.172845009228299 ], [ 112.970692826416425, -2.172665346171474 ], [ 112.970513163359612, -2.172665346171474 ], [ 112.970513163359612, -2.172306020057827 ], [ 112.970692826416425, -2.172306020057827 ], [ 112.970692826416425, -2.171946693944179 ], [ 112.970513163359612, -2.171946693944179 ], [ 112.970513163359612, -2.171767030887355 ], [ 112.970153837245959, -2.171767030887355 ] ] ] } },
{ "type": "Feature", "properties": { "count": 1, "label": 1, "cluster_id": 16 }, "geometry": { "type": "Polygon", "coordinates": [ [ [ 112.970333500302786, -2.179133216217135 ], [ 112.970513163359612, -2.179133216217135 ], [ 112.970513163359612, -2.178953553160311 ], [ 112.970333500302786, -2.178953553160311 ], [ 112.970333500302786, -2.179133216217135 ] ] ] } },
{ "type": "Feature", "properties": { "count": 2, "label": 1, "cluster_id": 16 }, "geometry": { "type": "Polygon", "coordinates": [ [ [ 112.970153837245959, -2.182007825126318 ], [ 112.970513163359612, -2.182007825126318 ], [ 112.970513163359612, -2.181828162069494 ], [ 112.970153837245959, -2.181828162069494 ], [ 112.970153837245959, -2.182007825126318 ] ] ] } },
{ "type": "Feature", "properties": { "count": 5, "label": 1, "cluster_id": 16 }, "geometry": { "type": "Polygon", "coordinates": [ [ [ 112.970153837245959, -2.177156922592072 ], [ 112.970153837245959, -2.177336585648896 ], [ 112.970333500302786, -2.177336585648896 ], [ 112.970333500302786, -2.17751624870572 ], [ 112.970692826416425, -2.17751624870572 ], [ 112.970692826416425, -2.177156922592072 ], [ 112.970153837245959, -2.177156922592072 ] ] ] } },
{ "type": "Feature", "properties": { "count": 3, "label": 1, "cluster_id": 16 }, "geometry": { "type": "Polygon", "coordinates": [ [ [ 112.970692826416425, -2.135115767295279 ], [ 112.970692826416425, -2.135475093408926 ], [ 112.971052152530078, -2.135475093408926 ], [ 112.971052152530078, -2.135295430352103 ], [ 112.970872489473251, -2.135295430352103 ], [ 112.970872489473251, -2.135115767295279 ], [ 112.970692826416425, -2.135115767295279 ] ] ] } },
{ "type": "Feature", "properties": { "count": 7, "label": 1, "cluster_id": 16 }, "geometry": { "type": "Polygon", "coordinates": [ [ [ 112.970513163359612, -2.148949822670719 ], [ 112.970513163359612, -2.149129485727543 ], [ 112.970333500302786, -2.149129485727543 ], [ 112.970333500302786, -2.149309148784367 ], [ 112.970513163359612, -2.149309148784367 ], [ 112.970513163359612, -2.149488811841191 ], [ 112.970692826416425, -2.149488811841191 ], [ 112.970692826416425, -2.149309148784367 ], [ 112.971052152530078, -2.149309148784367 ], [ 112.971052152530078, -2.149129485727543 ], [ 112.970872489473251, -2.149129485727543 ], [ 112.970872489473251, -2.148949822670719 ], [ 112.970513163359612, -2.148949822670719 ] ] ] } },
{ "type": "Feature", "properties": { "count": 11, "label": 1, "cluster_id": 16 }, "geometry": { "type": "Polygon", "coordinates": [ [ [ 112.970872489473251, -2.12092238580619 ], [ 112.970872489473251, -2.121281711919838 ], [ 112.970513163359612, -2.121281711919838 ], [ 112.970513163359612, -2.121461374976662 ], [ 112.971052152530078, -2.121461374976662 ], [ 112.971052152530078, -2.121641038033486 ], [ 112.971231815586904, -2.121641038033486 ], [ 112.971231815586904, -2.12182070109031 ], [ 112.971411478643731, -2.12182070109031 ], [ 112.971411478643731, -2.121102048863014 ], [ 112.971231815586904, -2.121102048863014 ], [ 112.971231815586904, -2.121281711919838 ], [ 112.971052152530078, -2.121281711919838 ], [ 112.971052152530078, -2.12092238580619 ], [ 112.970872489473251, -2.12092238580619 ] ] ] } },
{ "type": "Feature", "properties": { "count": 1, "label": 1, "cluster_id": 16 }, "geometry": { "type": "Polygon", "coordinates": [ [ [ 112.970872489473251, -2.135115767295279 ], [ 112.971052152530078, -2.135115767295279 ], [ 112.971052152530078, -2.134936104238455 ], [ 112.970872489473251, -2.134936104238455 ], [ 112.970872489473251, -2.135115767295279 ] ] ] } },
{ "type": "Feature", "properties": { "count": 1, "label": 1, "cluster_id": 16 }, "geometry": { "type": "Polygon", "coordinates": [ [ [ 112.970872489473251, -2.155597355773204 ], [ 112.971052152530078, -2.155597355773204 ], [ 112.971052152530078, -2.15541769271638 ], [ 112.970872489473251, -2.15541769271638 ], [ 112.970872489473251, -2.155597355773204 ] ] ] } },
{ "type": "Feature", "properties": { "count": 1, "label": 1, "cluster_id": 16 }, "geometry": { "type": "Polygon", "coordinates": [ [ [ 112.970872489473251, -2.155956681886852 ], [ 112.971052152530078, -2.155956681886852 ], [ 112.971052152530078, -2.155777018830028 ], [ 112.970872489473251, -2.155777018830028 ], [ 112.970872489473251, -2.155956681886852 ] ] ] } },
{ "type": "Feature", "properties": { "count": 2, "label": 1, "cluster_id": 16 }, "geometry": { "type": "Polygon", "coordinates": [ [ [ 112.971052152530078, -2.122719016374429 ], [ 112.971231815586904, -2.122719016374429 ], [ 112.971231815586904, -2.122359690260781 ], [ 112.971052152530078, -2.122359690260781 ], [ 112.971052152530078, -2.122719016374429 ] ] ] } },
{ "type": "Feature", "properties": { "count": 15, "label": 1, "cluster_id": 16 }, "geometry": { "type": "Polygon", "coordinates": [ [ [ 112.971052152530078, -2.186499401546915 ], [ 112.971052152530078, -2.186858727660563 ], [ 112.970872489473251, -2.186858727660563 ], [ 112.970872489473251, -2.187218053774211 ], [ 112.971052152530078, -2.187218053774211 ], [ 112.971052152530078, -2.187577379887859 ], [ 112.971411478643731, -2.187577379887859 ], [ 112.971411478643731, -2.187218053774211 ], [ 112.971591141700543, -2.187218053774211 ], [ 112.971591141700543, -2.186858727660563 ], [ 112.971411478643731, -2.186858727660563 ], [ 112.971411478643731, -2.186679064603739 ], [ 112.971231815586904, -2.186679064603739 ], [ 112.971231815586904, -2.186499401546915 ], [ 112.971052152530078, -2.186499401546915 ] ] ] } },
{ "type": "Feature", "properties": { "count": 2, "label": 1, "cluster_id": 16 }, "geometry": { "type": "Polygon", "coordinates": [ [ [ 112.971231815586904, -2.122359690260781 ], [ 112.971411478643731, -2.122359690260781 ], [ 112.971411478643731, -2.122000364147134 ], [ 112.971231815586904, -2.122000364147134 ], [ 112.971231815586904, -2.122359690260781 ] ] ] } },
{ "type": "Feature", "properties": { "count": 2, "label": 1, "cluster_id": 16 }, "geometry": { "type": "Polygon", "coordinates": [ [ [ 112.971052152530078, -2.124335983885844 ], [ 112.971411478643731, -2.124335983885844 ], [ 112.971411478643731, -2.12415632082902 ], [ 112.971052152530078, -2.12415632082902 ], [ 112.971052152530078, -2.124335983885844 ] ] ] } },
{ "type": "Feature", "properties": { "count": 1, "label": 1, "cluster_id": 16 }, "geometry": { "type": "Polygon", "coordinates": [ [ [ 112.971231815586904, -2.135295430352103 ], [ 112.971411478643731, -2.135295430352103 ], [ 112.971411478643731, -2.135115767295279 ], [ 112.971231815586904, -2.135115767295279 ], [ 112.971231815586904, -2.135295430352103 ] ] ] } },
{ "type": "Feature", "properties": { "count": 1, "label": 1, "cluster_id": 16 }, "geometry": { "type": "Polygon", "coordinates": [ [ [ 112.971411478643731, -2.12415632082902 ], [ 112.971591141700543, -2.12415632082902 ], [ 112.971591141700543, -2.123976657772197 ], [ 112.971411478643731, -2.123976657772197 ], [ 112.971411478643731, -2.12415632082902 ] ] ] } },
{ "type": "Feature", "properties": { "count": 69, "label": 1, "cluster_id": 16 }, "geometry": { "type": "Polygon", "coordinates": [ [ [ 112.971231815586904, -2.179492542330783 ], [ 112.971231815586904, -2.179672205387607 ], [ 112.969794511132307, -2.179672205387607 ], [ 112.969794511132307, -2.179851868444431 ], [ 112.969435185018668, -2.179851868444431 ], [ 112.969435185018668, -2.180211194558078 ], [ 112.96961484807548, -2.180211194558078 ], [ 112.96961484807548, -2.180390857614903 ], [ 112.969974174189133, -2.180390857614903 ], [ 112.969974174189133, -2.180570520671727 ], [ 112.970333500302786, -2.180570520671727 ], [ 112.970333500302786, -2.18075018372855 ], [ 112.970692826416425, -2.18075018372855 ], [ 112.970692826416425, -2.180929846785374 ], [ 112.971411478643731, -2.180929846785374 ], [ 112.971411478643731, -2.18075018372855 ], [ 112.971591141700543, -2.18075018372855 ], [ 112.971591141700543, -2.180570520671727 ], [ 112.971770804757369, -2.180570520671727 ], [ 112.971770804757369, -2.180211194558078 ], [ 112.971591141700543, -2.180211194558078 ], [ 112.971591141700543, -2.179492542330783 ], [ 112.971231815586904, -2.179492542330783 ] ] ] } },
{ "type": "Feature", "properties": { "count": 8, "label": 1, "cluster_id": 16 }, "geometry": { "type": "Polygon", "coordinates": [ [ [ 112.971411478643731, -2.188116369058331 ], [ 112.971411478643731, -2.188296032115154 ], [ 112.971052152530078, -2.188296032115154 ], [ 112.971052152530078, -2.188475695171978 ], [ 112.971411478643731, -2.188475695171978 ], [ 112.971411478643731, -2.188655358228802 ], [ 112.971591141700543, -2.188655358228802 ], [ 112.971591141700543, -2.188835021285626 ], [ 112.971770804757369, -2.188835021285626 ], [ 112.971770804757369, -2.188296032115154 ], [ 112.971591141700543, -2.188296032115154 ], [ 112.971591141700543, -2.188116369058331 ], [ 112.971411478643731, -2.188116369058331 ] ] ] } },
{ "type": "Feature", "properties": { "count": 1, "label": 1, "cluster_id": 16 }, "geometry": { "type": "Polygon", "coordinates": [ [ [ 112.971591141700543, -2.175000965910185 ], [ 112.971770804757369, -2.175000965910185 ], [ 112.971770804757369, -2.174821302853362 ], [ 112.971591141700543, -2.174821302853362 ], [ 112.971591141700543, -2.175000965910185 ] ] ] } },
{ "type": "Feature", "properties": { "count": 2, "label": 1, "cluster_id": 16 }, "geometry": { "type": "Polygon", "coordinates": [ [ [ 112.971591141700543, -2.126132614454083 ], [ 112.971950467814196, -2.126132614454083 ], [ 112.971950467814196, -2.125952951397259 ], [ 112.971591141700543, -2.125952951397259 ], [ 112.971591141700543, -2.126132614454083 ] ] ] } },
{ "type": "Feature", "properties": { "count": 1, "label": 1, "cluster_id": 16 }, "geometry": { "type": "Polygon", "coordinates": [ [ [ 112.971770804757369, -2.174461976739714 ], [ 112.971950467814196, -2.174461976739714 ], [ 112.971950467814196, -2.17428231368289 ], [ 112.971770804757369, -2.17428231368289 ], [ 112.971770804757369, -2.174461976739714 ] ] ] } },
{ "type": "Feature", "properties": { "count": 7, "label": 1, "cluster_id": 16 }, "geometry": { "type": "Polygon", "coordinates": [ [ [ 112.971411478643731, -2.186140075433268 ], [ 112.971411478643731, -2.186499401546915 ], [ 112.972130130871022, -2.186499401546915 ], [ 112.972130130871022, -2.186319738490091 ], [ 112.971950467814196, -2.186319738490091 ], [ 112.971950467814196, -2.186140075433268 ], [ 112.971411478643731, -2.186140075433268 ] ] ] } },
{ "type": "Feature", "properties": { "count": 1, "label": 1, "cluster_id": 16 }, "geometry": { "type": "Polygon", "coordinates": [ [ [ 112.971950467814196, -2.109783276283108 ], [ 112.972130130871022, -2.109783276283108 ], [ 112.972130130871022, -2.109603613226284 ], [ 112.971950467814196, -2.109603613226284 ], [ 112.971950467814196, -2.109783276283108 ] ] ] } },
{ "type": "Feature", "properties": { "count": 1, "label": 1, "cluster_id": 16 }, "geometry": { "type": "Polygon", "coordinates": [ [ [ 112.971950467814196, -2.113735863533234 ], [ 112.972130130871022, -2.113735863533234 ], [ 112.972130130871022, -2.11355620047641 ], [ 112.971950467814196, -2.11355620047641 ], [ 112.971950467814196, -2.113735863533234 ] ] ] } },
{ "type": "Feature", "properties": { "count": 3, "label": 1, "cluster_id": 16 }, "geometry": { "type": "Polygon", "coordinates": [ [ [ 112.971950467814196, -2.113915526590058 ], [ 112.971950467814196, -2.114274852703706 ], [ 112.972309793927849, -2.114274852703706 ], [ 112.972309793927849, -2.114095189646882 ], [ 112.972130130871022, -2.114095189646882 ], [ 112.972130130871022, -2.113915526590058 ], [ 112.971950467814196, -2.113915526590058 ] ] ] } },
{ "type": "Feature", "properties": { "count": 2, "label": 1, "cluster_id": 16 }, "geometry": { "type": "Polygon", "coordinates": [ [ [ 112.971770804757369, -2.129007223363266 ], [ 112.972130130871022, -2.129007223363266 ], [ 112.972130130871022, -2.128827560306442 ], [ 112.971770804757369, -2.128827560306442 ], [ 112.971770804757369, -2.129007223363266 ] ] ] } },
{ "type": "Feature", "properties": { "count": 1, "label": 1, "cluster_id": 16 }, "geometry": { "type": "Polygon", "coordinates": [ [ [ 112.971950467814196, -2.174641639796538 ], [ 112.972130130871022, -2.174641639796538 ], [ 112.972130130871022, -2.174461976739714 ], [ 112.971950467814196, -2.174461976739714 ], [ 112.971950467814196, -2.174641639796538 ] ] ] } },
{ "type": "Feature", "properties": { "count": 2, "label": 1, "cluster_id": 16 }, "geometry": { "type": "Polygon", "coordinates": [ [ [ 112.971950467814196, -2.175180628967009 ], [ 112.972130130871022, -2.175180628967009 ], [ 112.972130130871022, -2.174821302853362 ], [ 112.971950467814196, -2.174821302853362 ], [ 112.971950467814196, -2.175180628967009 ] ] ] } },
{ "type": "Feature", "properties": { "count": 2, "label": 1, "cluster_id": 16 }, "geometry": { "type": "Polygon", "coordinates": [ [ [ 112.971950467814196, -2.110142602396756 ], [ 112.972309793927849, -2.110142602396756 ], [ 112.972309793927849, -2.109962939339932 ], [ 112.971950467814196, -2.109962939339932 ], [ 112.971950467814196, -2.110142602396756 ] ] ] } },
{ "type": "Feature", "properties": { "count": 1, "label": 1, "cluster_id": 16 }, "geometry": { "type": "Polygon", "coordinates": [ [ [ 112.972130130871022, -2.146254876818361 ], [ 112.972309793927849, -2.146254876818361 ], [ 112.972309793927849, -2.146075213761537 ], [ 112.972130130871022, -2.146075213761537 ], [ 112.972130130871022, -2.146254876818361 ] ] ] } },
{ "type": "Feature", "properties": { "count": 1, "label": 1, "cluster_id": 16 }, "geometry": { "type": "Polygon", "coordinates": [ [ [ 112.972130130871022, -2.174461976739714 ], [ 112.972309793927849, -2.174461976739714 ], [ 112.972309793927849, -2.17428231368289 ], [ 112.972130130871022, -2.17428231368289 ], [ 112.972130130871022, -2.174461976739714 ] ] ] } },
{ "type": "Feature", "properties": { "count": 1, "label": 1, "cluster_id": 16 }, "geometry": { "type": "Polygon", "coordinates": [ [ [ 112.972309793927849, -2.11032226545358 ], [ 112.972489456984675, -2.11032226545358 ], [ 112.972489456984675, -2.110142602396756 ], [ 112.972309793927849, -2.110142602396756 ], [ 112.972309793927849, -2.11032226545358 ] ] ] } },
{ "type": "Feature", "properties": { "count": 2, "label": 1, "cluster_id": 16 }, "geometry": { "type": "Polygon", "coordinates": [ [ [ 112.972309793927849, -2.113735863533234 ], [ 112.972489456984675, -2.113735863533234 ], [ 112.972489456984675, -2.113376537419586 ], [ 112.972309793927849, -2.113376537419586 ], [ 112.972309793927849, -2.113735863533234 ] ] ] } },
{ "type": "Feature", "properties": { "count": 1, "label": 1, "cluster_id": 16 }, "geometry": { "type": "Polygon", "coordinates": [ [ [ 112.972309793927849, -2.131342843101977 ], [ 112.972489456984675, -2.131342843101977 ], [ 112.972489456984675, -2.131163180045153 ], [ 112.972309793927849, -2.131163180045153 ], [ 112.972309793927849, -2.131342843101977 ] ] ] } },
{ "type": "Feature", "properties": { "count": 3, "label": 1, "cluster_id": 16 }, "geometry": { "type": "Polygon", "coordinates": [ [ [ 112.972130130871022, -2.145356561534241 ], [ 112.972130130871022, -2.145536224591065 ], [ 112.972309793927849, -2.145536224591065 ], [ 112.972309793927849, -2.145715887647889 ], [ 112.972489456984675, -2.145715887647889 ], [ 112.972489456984675, -2.145356561534241 ], [ 112.972130130871022, -2.145356561534241 ] ] ] } },
{ "type": "Feature", "properties": { "count": 1, "label": 1, "cluster_id": 16 }, "geometry": { "type": "Polygon", "coordinates": [ [ [ 112.972309793927849, -2.173563661455594 ], [ 112.972489456984675, -2.173563661455594 ], [ 112.972489456984675, -2.17338399839877 ], [ 112.972309793927849, -2.17338399839877 ], [ 112.972309793927849, -2.173563661455594 ] ] ] } },
{ "type": "Feature", "properties": { "count": 1, "label": 1, "cluster_id": 16 }, "geometry": { "type": "Polygon", "coordinates": [ [ [ 112.972489456984675, -2.131522506158801 ], [ 112.972669120041488, -2.131522506158801 ], [ 112.972669120041488, -2.131342843101977 ], [ 112.972489456984675, -2.131342843101977 ], [ 112.972489456984675, -2.131522506158801 ] ] ] } },
{ "type": "Feature", "properties": { "count": 13, "label": 1, "cluster_id": 16 }, "geometry": { "type": "Polygon", "coordinates": [ [ [ 112.972669120041488, -2.109244287112636 ], [ 112.972669120041488, -2.10942395016946 ], [ 112.972489456984675, -2.10942395016946 ], [ 112.972489456984675, -2.109244287112636 ], [ 112.972309793927849, -2.109244287112636 ], [ 112.972309793927849, -2.109783276283108 ], [ 112.972489456984675, -2.109783276283108 ], [ 112.972489456984675, -2.109603613226284 ], [ 112.972848783098314, -2.109603613226284 ], [ 112.972848783098314, -2.109783276283108 ], [ 112.972489456984675, -2.109783276283108 ], [ 112.972489456984675, -2.110142602396756 ], [ 112.972848783098314, -2.110142602396756 ], [ 112.972848783098314, -2.109962939339932 ], [ 112.973028446155141, -2.109962939339932 ], [ 112.973028446155141, -2.10942395016946 ], [ 112.972848783098314, -2.10942395016946 ], [ 112.972848783098314, -2.109244287112636 ], [ 112.972669120041488, -2.109244287112636 ] ] ] } },
{ "type": "Feature", "properties": { "count": 3, "label": 1, "cluster_id": 16 }, "geometry": { "type": "Polygon", "coordinates": [ [ [ 112.972309793927849, -2.11445451576053 ], [ 112.972848783098314, -2.11445451576053 ], [ 112.972848783098314, -2.114274852703706 ], [ 112.972309793927849, -2.114274852703706 ], [ 112.972309793927849, -2.11445451576053 ] ] ] } },
{ "type": "Feature", "properties": { "count": 1, "label": 1, "cluster_id": 16 }, "geometry": { "type": "Polygon", "coordinates": [ [ [ 112.972669120041488, -2.131342843101977 ], [ 112.972848783098314, -2.131342843101977 ], [ 112.972848783098314, -2.131163180045153 ], [ 112.972669120041488, -2.131163180045153 ], [ 112.972669120041488, -2.131342843101977 ] ] ] } },
{ "type": "Feature", "properties": { "count": 1, "label": 1, "cluster_id": 16 }, "geometry": { "type": "Polygon", "coordinates": [ [ [ 112.972669120041488, -2.146614202932009 ], [ 112.972848783098314, -2.146614202932009 ], [ 112.972848783098314, -2.146434539875185 ], [ 112.972669120041488, -2.146434539875185 ], [ 112.972669120041488, -2.146614202932009 ] ] ] } },
{ "type": "Feature", "properties": { "count": 1, "label": 1, "cluster_id": 16 }, "geometry": { "type": "Polygon", "coordinates": [ [ [ 112.972848783098314, -2.109064624055812 ], [ 112.973028446155141, -2.109064624055812 ], [ 112.973028446155141, -2.108884960998989 ], [ 112.972848783098314, -2.108884960998989 ], [ 112.972848783098314, -2.109064624055812 ] ] ] } },
{ "type": "Feature", "properties": { "count": 1, "label": 1, "cluster_id": 16 }, "geometry": { "type": "Polygon", "coordinates": [ [ [ 112.972848783098314, -2.125593625283612 ], [ 112.973028446155141, -2.125593625283612 ], [ 112.973028446155141, -2.125413962226788 ], [ 112.972848783098314, -2.125413962226788 ], [ 112.972848783098314, -2.125593625283612 ] ] ] } },
{ "type": "Feature", "properties": { "count": 3, "label": 1, "cluster_id": 16 }, "geometry": { "type": "Polygon", "coordinates": [ [ [ 112.972848783098314, -2.186140075433268 ], [ 112.972848783098314, -2.186319738490091 ], [ 112.972669120041488, -2.186319738490091 ], [ 112.972669120041488, -2.186499401546915 ], [ 112.973028446155141, -2.186499401546915 ], [ 112.973028446155141, -2.186140075433268 ], [ 112.972848783098314, -2.186140075433268 ] ] ] } },
{ "type": "Feature", "properties": { "count": 1, "label": 1, "cluster_id": 16 }, "geometry": { "type": "Polygon", "coordinates": [ [ [ 112.973028446155141, -2.11445451576053 ], [ 112.973208109211967, -2.11445451576053 ], [ 112.973208109211967, -2.114274852703706 ], [ 112.973028446155141, -2.114274852703706 ], [ 112.973028446155141, -2.11445451576053 ] ] ] } },
{ "type": "Feature", "properties": { "count": 1, "label": 1, "cluster_id": 16 }, "geometry": { "type": "Polygon", "coordinates": [ [ [ 112.973028446155141, -2.125413962226788 ], [ 112.973208109211967, -2.125413962226788 ], [ 112.973208109211967, -2.125234299169964 ], [ 112.973028446155141, -2.125234299169964 ], [ 112.973028446155141, -2.125413962226788 ] ] ] } },
{ "type": "Feature", "properties": { "count": 2, "label": 1, "cluster_id": 16 }, "geometry": { "type": "Polygon", "coordinates": [ [ [ 112.972848783098314, -2.126312277510908 ], [ 112.973208109211967, -2.126312277510908 ], [ 112.973208109211967, -2.126132614454083 ], [ 112.972848783098314, -2.126132614454083 ], [ 112.972848783098314, -2.126312277510908 ] ] ] } },
{ "type": "Feature", "properties": { "count": 4, "label": 1, "cluster_id": 16 }, "geometry": { "type": "Polygon", "coordinates": [ [ [ 112.972848783098314, -2.186858727660563 ], [ 112.972848783098314, -2.187038390717387 ], [ 112.973028446155141, -2.187038390717387 ], [ 112.973028446155141, -2.187218053774211 ], [ 112.973387772268794, -2.187218053774211 ], [ 112.973387772268794, -2.187038390717387 ], [ 112.973208109211967, -2.187038390717387 ], [ 112.973208109211967, -2.186858727660563 ], [ 112.972848783098314, -2.186858727660563 ] ] ] } },
{ "type": "Feature", "properties": { "count": 1, "label": 1, "cluster_id": 16 }, "geometry": { "type": "Polygon", "coordinates": [ [ [ 112.973208109211967, -2.126132614454083 ], [ 112.973387772268794, -2.126132614454083 ], [ 112.973387772268794, -2.125952951397259 ], [ 112.973208109211967, -2.125952951397259 ], [ 112.973208109211967, -2.126132614454083 ] ] ] } },
{ "type": "Feature", "properties": { "count": 2, "label": 1, "cluster_id": 16 }, "geometry": { "type": "Polygon", "coordinates": [ [ [ 112.973208109211967, -2.130983516988329 ], [ 112.973387772268794, -2.130983516988329 ], [ 112.973387772268794, -2.130624190874681 ], [ 112.973208109211967, -2.130624190874681 ], [ 112.973208109211967, -2.130983516988329 ] ] ] } },
{ "type": "Feature", "properties": { "count": 1, "label": 1, "cluster_id": 16 }, "geometry": { "type": "Polygon", "coordinates": [ [ [ 112.973208109211967, -2.131342843101977 ], [ 112.973387772268794, -2.131342843101977 ], [ 112.973387772268794, -2.131163180045153 ], [ 112.973208109211967, -2.131163180045153 ], [ 112.973208109211967, -2.131342843101977 ] ] ] } },
{ "type": "Feature", "properties": { "count": 15, "label": 1, "cluster_id": 16 }, "geometry": { "type": "Polygon", "coordinates": [ [ [ 112.972669120041488, -2.145536224591065 ], [ 112.972669120041488, -2.145895550704713 ], [ 112.972848783098314, -2.145895550704713 ], [ 112.972848783098314, -2.146254876818361 ], [ 112.973028446155141, -2.146254876818361 ], [ 112.973028446155141, -2.146434539875185 ], [ 112.973208109211967, -2.146434539875185 ], [ 112.973208109211967, -2.146254876818361 ], [ 112.973387772268794, -2.146254876818361 ], [ 112.973387772268794, -2.145536224591065 ], [ 112.972669120041488, -2.145536224591065 ] ] ] } },
{ "type": "Feature", "properties": { "count": 1, "label": 1, "cluster_id": 16 }, "geometry": { "type": "Polygon", "coordinates": [ [ [ 112.973387772268794, -2.189374010456098 ], [ 112.973567435325606, -2.189374010456098 ], [ 112.973567435325606, -2.189194347399274 ], [ 112.973387772268794, -2.189194347399274 ], [ 112.973387772268794, -2.189374010456098 ] ] ] } },
{ "type": "Feature", "properties": { "count": 1, "label": 1, "cluster_id": 16 }, "geometry": { "type": "Polygon", "coordinates": [ [ [ 112.973567435325606, -2.125952951397259 ], [ 112.973747098382432, -2.125952951397259 ], [ 112.973747098382432, -2.125773288340436 ], [ 112.973567435325606, -2.125773288340436 ], [ 112.973567435325606, -2.125952951397259 ] ] ] } },
{ "type": "Feature", "properties": { "count": 1, "label": 1, "cluster_id": 16 }, "geometry": { "type": "Polygon", "coordinates": [ [ [ 112.973567435325606, -2.126312277510908 ], [ 112.973747098382432, -2.126312277510908 ], [ 112.973747098382432, -2.126132614454083 ], [ 112.973567435325606, -2.126132614454083 ], [ 112.973567435325606, -2.126312277510908 ] ] ] } },
{ "type": "Feature", "properties": { "count": 2, "label": 1, "cluster_id": 16 }, "geometry": { "type": "Polygon", "coordinates": [ [ [ 112.973387772268794, -2.145536224591065 ], [ 112.973747098382432, -2.145536224591065 ], [ 112.973747098382432, -2.145356561534241 ], [ 112.973387772268794, -2.145356561534241 ], [ 112.973387772268794, -2.145536224591065 ] ] ] } },
{ "type": "Feature", "properties": { "count": 1, "label": 1, "cluster_id": 16 }, "geometry": { "type": "Polygon", "coordinates": [ [ [ 112.973567435325606, -2.177695911762544 ], [ 112.973747098382432, -2.177695911762544 ], [ 112.973747098382432, -2.17751624870572 ], [ 112.973567435325606, -2.17751624870572 ], [ 112.973567435325606, -2.177695911762544 ] ] ] } },
{ "type": "Feature", "properties": { "count": 8, "label": 1, "cluster_id": 16 }, "geometry": { "type": "Polygon", "coordinates": [ [ [ 112.973567435325606, -2.18578074931962 ], [ 112.973567435325606, -2.185960412376444 ], [ 112.973387772268794, -2.185960412376444 ], [ 112.973387772268794, -2.186319738490091 ], [ 112.973567435325606, -2.186319738490091 ], [ 112.973567435325606, -2.186499401546915 ], [ 112.973747098382432, -2.186499401546915 ], [ 112.973747098382432, -2.186319738490091 ], [ 112.973926761439259, -2.186319738490091 ], [ 112.973926761439259, -2.185960412376444 ], [ 112.973747098382432, -2.185960412376444 ], [ 112.973747098382432, -2.18578074931962 ], [ 112.973567435325606, -2.18578074931962 ] ] ] } },
{ "type": "Feature", "properties": { "count": 1, "label": 1, "cluster_id": 16 }, "geometry": { "type": "Polygon", "coordinates": [ [ [ 112.973747098382432, -2.175899281194305 ], [ 112.973926761439259, -2.175899281194305 ], [ 112.973926761439259, -2.175719618137481 ], [ 112.973747098382432, -2.175719618137481 ], [ 112.973747098382432, -2.175899281194305 ] ] ] } },
{ "type": "Feature", "properties": { "count": 1, "label": 1, "cluster_id": 16 }, "geometry": { "type": "Polygon", "coordinates": [ [ [ 112.973926761439259, -2.124335983885844 ], [ 112.974106424496085, -2.124335983885844 ], [ 112.974106424496085, -2.12415632082902 ], [ 112.973926761439259, -2.12415632082902 ], [ 112.973926761439259, -2.124335983885844 ] ] ] } },
{ "type": "Feature", "properties": { "count": 1, "label": 1, "cluster_id": 16 }, "geometry": { "type": "Polygon", "coordinates": [ [ [ 112.973926761439259, -2.178953553160311 ], [ 112.974106424496085, -2.178953553160311 ], [ 112.974106424496085, -2.178773890103487 ], [ 112.973926761439259, -2.178773890103487 ], [ 112.973926761439259, -2.178953553160311 ] ] ] } },
{ "type": "Feature", "properties": { "count": 14, "label": 1, "cluster_id": 16 }, "geometry": { "type": "Polygon", "coordinates": [ [ [ 112.974106424496085, -2.128108908079146 ], [ 112.974106424496085, -2.12828857113597 ], [ 112.973567435325606, -2.12828857113597 ], [ 112.973567435325606, -2.128468234192794 ], [ 112.972848783098314, -2.128468234192794 ], [ 112.972848783098314, -2.128647897249618 ], [ 112.973028446155141, -2.128647897249618 ], [ 112.973028446155141, -2.128827560306442 ], [ 112.973387772268794, -2.128827560306442 ], [ 112.973387772268794, -2.128647897249618 ], [ 112.973926761439259, -2.128647897249618 ], [ 112.973926761439259, -2.128468234192794 ], [ 112.974465750609738, -2.128468234192794 ], [ 112.974465750609738, -2.12828857113597 ], [ 112.974286087552912, -2.12828857113597 ], [ 112.974286087552912, -2.128108908079146 ], [ 112.974106424496085, -2.128108908079146 ] ] ] } },
{ "type": "Feature", "properties": { "count": 5, "label": 1, "cluster_id": 16 }, "geometry": { "type": "Polygon", "coordinates": [ [ [ 112.973747098382432, -2.165658486955342 ], [ 112.973747098382432, -2.16601781306899 ], [ 112.974106424496085, -2.16601781306899 ], [ 112.974106424496085, -2.165838150012166 ], [ 112.974286087552912, -2.165838150012166 ], [ 112.974286087552912, -2.165658486955342 ], [ 112.973747098382432, -2.165658486955342 ] ] ] } },
{ "type": "Feature", "properties": { "count": 1, "label": 1, "cluster_id": 16 }, "geometry": { "type": "Polygon", "coordinates": [ [ [ 112.974106424496085, -2.176438270364776 ], [ 112.974286087552912, -2.176438270364776 ], [ 112.974286087552912, -2.176258607307953 ], [ 112.974106424496085, -2.176258607307953 ], [ 112.974106424496085, -2.176438270364776 ] ] ] } },
{ "type": "Feature", "properties": { "count": 1, "label": 1, "cluster_id": 16 }, "geometry": { "type": "Polygon", "coordinates": [ [ [ 112.974286087552912, -2.146075213761537 ], [ 112.974465750609738, -2.146075213761537 ], [ 112.974465750609738, -2.145895550704713 ], [ 112.974286087552912, -2.145895550704713 ], [ 112.974286087552912, -2.146075213761537 ] ] ] } },
{ "type": "Feature", "properties": { "count": 50, "label": 1, "cluster_id": 16 }, "geometry": { "type": "Polygon", "coordinates": [ [ [ 112.974286087552912, -2.170329726432764 ], [ 112.974286087552912, -2.170509389489588 ], [ 112.974106424496085, -2.170509389489588 ], [ 112.974106424496085, -2.171946693944179 ], [ 112.974286087552912, -2.171946693944179 ], [ 112.974286087552912, -2.171767030887355 ], [ 112.974465750609738, -2.171767030887355 ], [ 112.974465750609738, -2.172126357001003 ], [ 112.974825076723377, -2.172126357001003 ], [ 112.974825076723377, -2.172306020057827 ], [ 112.97518440283703, -2.172306020057827 ], [ 112.97518440283703, -2.171946693944179 ], [ 112.976442044234801, -2.171946693944179 ], [ 112.976442044234801, -2.171767030887355 ], [ 112.976621707291613, -2.171767030887355 ], [ 112.976621707291613, -2.171587367830531 ], [ 112.977160696462093, -2.171587367830531 ], [ 112.977160696462093, -2.171228041716883 ], [ 112.976981033405266, -2.171228041716883 ], [ 112.976981033405266, -2.171407704773707 ], [ 112.976262381177975, -2.171407704773707 ], [ 112.976262381177975, -2.171587367830531 ], [ 112.975903055064322, -2.171587367830531 ], [ 112.975903055064322, -2.171407704773707 ], [ 112.975723392007495, -2.171407704773707 ], [ 112.975723392007495, -2.171228041716883 ], [ 112.975364065893856, -2.171228041716883 ], [ 112.975364065893856, -2.17104837866006 ], [ 112.97518440283703, -2.17104837866006 ], [ 112.97518440283703, -2.171407704773707 ], [ 112.975543728950683, -2.171407704773707 ], [ 112.975543728950683, -2.171587367830531 ], [ 112.975364065893856, -2.171587367830531 ], [ 112.975364065893856, -2.171767030887355 ], [ 112.975004739780204, -2.171767030887355 ], [ 112.975004739780204, -2.171587367830531 ], [ 112.974825076723377, -2.171587367830531 ], [ 112.974825076723377, -2.171767030887355 ], [ 112.974645413666551, -2.171767030887355 ], [ 112.974645413666551, -2.171587367830531 ], [ 112.974286087552912, -2.171587367830531 ], [ 112.974286087552912, -2.170689052546412 ], [ 112.974645413666551, -2.170689052546412 ], [ 112.974645413666551, -2.170509389489588 ], [ 112.974465750609738, -2.170509389489588 ], [ 112.974465750609738, -2.170329726432764 ], [ 112.974286087552912, -2.170329726432764 ] ] ] } },
{ "type": "Feature", "properties": { "count": 1, "label": 1, "cluster_id": 16 }, "geometry": { "type": "Polygon", "coordinates": [ [ [ 112.974286087552912, -2.179851868444431 ], [ 112.974465750609738, -2.179851868444431 ], [ 112.974465750609738, -2.179672205387607 ], [ 112.974286087552912, -2.179672205387607 ], [ 112.974286087552912, -2.179851868444431 ] ] ] } },
{ "type": "Feature", "properties": { "count": 12, "label": 1, "cluster_id": 16 }, "geometry": { "type": "Polygon", "coordinates": [ [ [ 112.974465750609738, -2.124335983885844 ], [ 112.974465750609738, -2.124515646942668 ], [ 112.974106424496085, -2.124515646942668 ], [ 112.974106424496085, -2.124874973056316 ], [ 112.973926761439259, -2.124874973056316 ], [ 112.973926761439259, -2.125234299169964 ], [ 112.974106424496085, -2.125234299169964 ], [ 112.974106424496085, -2.12505463611314 ], [ 112.974645413666551, -2.12505463611314 ], [ 112.974645413666551, -2.124874973056316 ], [ 112.974465750609738, -2.124874973056316 ], [ 112.974465750609738, -2.124695309999492 ], [ 112.974825076723377, -2.124695309999492 ], [ 112.974825076723377, -2.124515646942668 ], [ 112.974645413666551, -2.124515646942668 ], [ 112.974645413666551, -2.124335983885844 ], [ 112.974465750609738, -2.124335983885844 ] ] ] } },
{ "type": "Feature", "properties": { "count": 1, "label": 1, "cluster_id": 16 }, "geometry": { "type": "Polygon", "coordinates": [ [ [ 112.974465750609738, -2.145715887647889 ], [ 112.974645413666551, -2.145715887647889 ], [ 112.974645413666551, -2.145536224591065 ], [ 112.974465750609738, -2.145536224591065 ], [ 112.974465750609738, -2.145715887647889 ] ] ] } },
{ "type": "Feature", "properties": { "count": 1, "label": 1, "cluster_id": 16 }, "geometry": { "type": "Polygon", "coordinates": [ [ [ 112.974465750609738, -2.176797596478425 ], [ 112.974645413666551, -2.176797596478425 ], [ 112.974645413666551, -2.176617933421601 ], [ 112.974465750609738, -2.176617933421601 ], [ 112.974465750609738, -2.176797596478425 ] ] ] } },
{ "type": "Feature", "properties": { "count": 1, "label": 1, "cluster_id": 16 }, "geometry": { "type": "Polygon", "coordinates": [ [ [ 112.974465750609738, -2.180031531501255 ], [ 112.974645413666551, -2.180031531501255 ], [ 112.974645413666551, -2.179851868444431 ], [ 112.974465750609738, -2.179851868444431 ], [ 112.974465750609738, -2.180031531501255 ] ] ] } },
{ "type": "Feature", "properties": { "count": 3, "label": 1, "cluster_id": 16 }, "geometry": { "type": "Polygon", "coordinates": [ [ [ 112.974465750609738, -2.182726477353613 ], [ 112.974465750609738, -2.183085803467261 ], [ 112.974825076723377, -2.183085803467261 ], [ 112.974825076723377, -2.182906140410437 ], [ 112.974645413666551, -2.182906140410437 ], [ 112.974645413666551, -2.182726477353613 ], [ 112.974465750609738, -2.182726477353613 ] ] ] } },
{ "type": "Feature", "properties": { "count": 2, "label": 1, "cluster_id": 16 }, "geometry": { "type": "Polygon", "coordinates": [ [ [ 112.974465750609738, -2.185062097092324 ], [ 112.974645413666551, -2.185062097092324 ], [ 112.974645413666551, -2.184702770978676 ], [ 112.974465750609738, -2.184702770978676 ], [ 112.974465750609738, -2.185062097092324 ] ] ] } },
{ "type": "Feature", "properties": { "count": 1, "label": 1, "cluster_id": 16 }, "geometry": { "type": "Polygon", "coordinates": [ [ [ 112.974465750609738, -2.18578074931962 ], [ 112.974645413666551, -2.18578074931962 ], [ 112.974645413666551, -2.185601086262796 ], [ 112.974465750609738, -2.185601086262796 ], [ 112.974465750609738, -2.18578074931962 ] ] ] } },
{ "type": "Feature", "properties": { "count": 4, "label": 1, "cluster_id": 16 }, "geometry": { "type": "Polygon", "coordinates": [ [ [ 112.974645413666551, -2.166197476125814 ], [ 112.974645413666551, -2.166736465296286 ], [ 112.975004739780204, -2.166736465296286 ], [ 112.975004739780204, -2.166556802239462 ], [ 112.974825076723377, -2.166556802239462 ], [ 112.974825076723377, -2.166197476125814 ], [ 112.974645413666551, -2.166197476125814 ] ] ] } },
{ "type": "Feature", "properties": { "count": 1, "label": 1, "cluster_id": 16 }, "geometry": { "type": "Polygon", "coordinates": [ [ [ 112.974825076723377, -2.124874973056316 ], [ 112.975004739780204, -2.124874973056316 ], [ 112.975004739780204, -2.124695309999492 ], [ 112.974825076723377, -2.124695309999492 ], [ 112.974825076723377, -2.124874973056316 ] ] ] } },
{ "type": "Feature", "properties": { "count": 4, "label": 1, "cluster_id": 16 }, "geometry": { "type": "Polygon", "coordinates": [ [ [ 112.974825076723377, -2.145895550704713 ], [ 112.974825076723377, -2.146075213761537 ], [ 112.974465750609738, -2.146075213761537 ], [ 112.974465750609738, -2.146254876818361 ], [ 112.975004739780204, -2.146254876818361 ], [ 112.975004739780204, -2.145895550704713 ], [ 112.974825076723377, -2.145895550704713 ] ] ] } },
{ "type": "Feature", "properties": { "count": 2, "label": 1, "cluster_id": 16 }, "geometry": { "type": "Polygon", "coordinates": [ [ [ 112.974645413666551, -2.147332855159304 ], [ 112.975004739780204, -2.147332855159304 ], [ 112.975004739780204, -2.14715319210248 ], [ 112.974645413666551, -2.14715319210248 ], [ 112.974645413666551, -2.147332855159304 ] ] ] } },
{ "type": "Feature", "properties": { "count": 4, "label": 1, "cluster_id": 16 }, "geometry": { "type": "Polygon", "coordinates": [ [ [ 112.974825076723377, -2.167095791409934 ], [ 112.974825076723377, -2.167455117523581 ], [ 112.975364065893856, -2.167455117523581 ], [ 112.975364065893856, -2.167275454466758 ], [ 112.975004739780204, -2.167275454466758 ], [ 112.975004739780204, -2.167095791409934 ], [ 112.974825076723377, -2.167095791409934 ] ] ] } },
{ "type": "Feature", "properties": { "count": 3, "label": 1, "cluster_id": 16 }, "geometry": { "type": "Polygon", "coordinates": [ [ [ 112.974825076723377, -2.181828162069494 ], [ 112.975004739780204, -2.181828162069494 ], [ 112.975004739780204, -2.181289172899022 ], [ 112.974825076723377, -2.181289172899022 ], [ 112.974825076723377, -2.181828162069494 ] ] ] } },
{ "type": "Feature", "properties": { "count": 3, "label": 1, "cluster_id": 16 }, "geometry": { "type": "Polygon", "coordinates": [ [ [ 112.974825076723377, -2.145356561534241 ], [ 112.974825076723377, -2.145715887647889 ], [ 112.975004739780204, -2.145715887647889 ], [ 112.975004739780204, -2.145536224591065 ], [ 112.97518440283703, -2.145536224591065 ], [ 112.97518440283703, -2.145356561534241 ], [ 112.974825076723377, -2.145356561534241 ] ] ] } },
{ "type": "Feature", "properties": { "count": 3, "label": 1, "cluster_id": 16 }, "geometry": { "type": "Polygon", "coordinates": [ [ [ 112.975004739780204, -2.170689052546412 ], [ 112.975004739780204, -2.170868715603236 ], [ 112.974825076723377, -2.170868715603236 ], [ 112.974825076723377, -2.17104837866006 ], [ 112.97518440283703, -2.17104837866006 ], [ 112.97518440283703, -2.170689052546412 ], [ 112.975004739780204, -2.170689052546412 ] ] ] } },
{ "type": "Feature", "properties": { "count": 4, "label": 1, "cluster_id": 16 }, "geometry": { "type": "Polygon", "coordinates": [ [ [ 112.974825076723377, -2.176977259535248 ], [ 112.97518440283703, -2.176977259535248 ], [ 112.97518440283703, -2.176617933421601 ], [ 112.974825076723377, -2.176617933421601 ], [ 112.974825076723377, -2.176977259535248 ] ] ] } },
{ "type": "Feature", "properties": { "count": 1, "label": 1, "cluster_id": 16 }, "geometry": { "type": "Polygon", "coordinates": [ [ [ 112.975004739780204, -2.179312879273959 ], [ 112.97518440283703, -2.179312879273959 ], [ 112.97518440283703, -2.179133216217135 ], [ 112.975004739780204, -2.179133216217135 ], [ 112.975004739780204, -2.179312879273959 ] ] ] } },
{ "type": "Feature", "properties": { "count": 1, "label": 1, "cluster_id": 16 }, "geometry": { "type": "Polygon", "coordinates": [ [ [ 112.975004739780204, -2.185960412376444 ], [ 112.97518440283703, -2.185960412376444 ], [ 112.97518440283703, -2.18578074931962 ], [ 112.975004739780204, -2.18578074931962 ], [ 112.975004739780204, -2.185960412376444 ] ] ] } },
{ "type": "Feature", "properties": { "count": 2, "label": 1, "cluster_id": 16 }, "geometry": { "type": "Polygon", "coordinates": [ [ [ 112.975004739780204, -2.124695309999492 ], [ 112.975364065893856, -2.124695309999492 ], [ 112.975364065893856, -2.124515646942668 ], [ 112.975004739780204, -2.124515646942668 ], [ 112.975004739780204, -2.124695309999492 ] ] ] } },
{ "type": "Feature", "properties": { "count": 1, "label": 1, "cluster_id": 16 }, "geometry": { "type": "Polygon", "coordinates": [ [ [ 112.97518440283703, -2.166377139182638 ], [ 112.975364065893856, -2.166377139182638 ], [ 112.975364065893856, -2.166197476125814 ], [ 112.97518440283703, -2.166197476125814 ], [ 112.97518440283703, -2.166377139182638 ] ] ] } },
{ "type": "Feature", "properties": { "count": 1, "label": 1, "cluster_id": 16 }, "geometry": { "type": "Polygon", "coordinates": [ [ [ 112.97518440283703, -2.167095791409934 ], [ 112.975364065893856, -2.167095791409934 ], [ 112.975364065893856, -2.16691612835311 ], [ 112.97518440283703, -2.16691612835311 ], [ 112.97518440283703, -2.167095791409934 ] ] ] } },
{ "type": "Feature", "properties": { "count": 4, "label": 1, "cluster_id": 16 }, "geometry": { "type": "Polygon", "coordinates": [ [ [ 112.97518440283703, -2.177156922592072 ], [ 112.97518440283703, -2.17751624870572 ], [ 112.975364065893856, -2.17751624870572 ], [ 112.975364065893856, -2.177695911762544 ], [ 112.975543728950683, -2.177695911762544 ], [ 112.975543728950683, -2.177336585648896 ], [ 112.975364065893856, -2.177336585648896 ], [ 112.975364065893856, -2.177156922592072 ], [ 112.97518440283703, -2.177156922592072 ] ] ] } },
{ "type": "Feature", "properties": { "count": 2, "label": 1, "cluster_id": 16 }, "geometry": { "type": "Polygon", "coordinates": [ [ [ 112.97518440283703, -2.178055237876192 ], [ 112.975364065893856, -2.178055237876192 ], [ 112.975364065893856, -2.177695911762544 ], [ 112.97518440283703, -2.177695911762544 ], [ 112.97518440283703, -2.178055237876192 ] ] ] } },
{ "type": "Feature", "properties": { "count": 1, "label": 1, "cluster_id": 16 }, "geometry": { "type": "Polygon", "coordinates": [ [ [ 112.97518440283703, -2.182906140410437 ], [ 112.975364065893856, -2.182906140410437 ], [ 112.975364065893856, -2.182726477353613 ], [ 112.97518440283703, -2.182726477353613 ], [ 112.97518440283703, -2.182906140410437 ] ] ] } },
{ "type": "Feature", "properties": { "count": 1, "label": 1, "cluster_id": 16 }, "geometry": { "type": "Polygon", "coordinates": [ [ [ 112.975364065893856, -2.123976657772197 ], [ 112.975543728950683, -2.123976657772197 ], [ 112.975543728950683, -2.123796994715373 ], [ 112.975364065893856, -2.123796994715373 ], [ 112.975364065893856, -2.123976657772197 ] ] ] } },
{ "type": "Feature", "properties": { "count": 36, "label": 1, "cluster_id": 16 }, "geometry": { "type": "Polygon", "coordinates": [ [ [ 112.975364065893856, -2.12505463611314 ], [ 112.975364065893856, -2.125234299169964 ], [ 112.975004739780204, -2.125234299169964 ], [ 112.975004739780204, -2.12505463611314 ], [ 112.974825076723377, -2.12505463611314 ], [ 112.974825076723377, -2.125234299169964 ], [ 112.974645413666551, -2.125234299169964 ], [ 112.974645413666551, -2.125593625283612 ], [ 112.974465750609738, -2.125593625283612 ], [ 112.974465750609738, -2.125773288340436 ], [ 112.974645413666551, -2.125773288340436 ], [ 112.974645413666551, -2.126132614454083 ], [ 112.974286087552912, -2.126132614454083 ], [ 112.974286087552912, -2.126312277510908 ], [ 112.974825076723377, -2.126312277510908 ], [ 112.974825076723377, -2.126132614454083 ], [ 112.975723392007495, -2.126132614454083 ], [ 112.975723392007495, -2.126312277510908 ], [ 112.976082718121148, -2.126312277510908 ], [ 112.976082718121148, -2.125952951397259 ], [ 112.975543728950683, -2.125952951397259 ], [ 112.975543728950683, -2.125413962226788 ], [ 112.975723392007495, -2.125413962226788 ], [ 112.975723392007495, -2.125234299169964 ], [ 112.975543728950683, -2.125234299169964 ], [ 112.975543728950683, -2.12505463611314 ], [ 112.975364065893856, -2.12505463611314 ] ], [ [ 112.97518440283703, -2.125773288340436 ], [ 112.975004739780204, -2.125773288340436 ], [ 112.975004739780204, -2.125952951397259 ], [ 112.97518440283703, -2.125952951397259 ], [ 112.97518440283703, -2.125773288340436 ] ] ] } },
{ "type": "Feature", "properties": { "count": 10, "label": 1, "cluster_id": 16 }, "geometry": { "type": "Polygon", "coordinates": [ [ [ 112.975364065893856, -2.145895550704713 ], [ 112.975364065893856, -2.146075213761537 ], [ 112.97518440283703, -2.146075213761537 ], [ 112.97518440283703, -2.146254876818361 ], [ 112.975364065893856, -2.146254876818361 ], [ 112.975364065893856, -2.146434539875185 ], [ 112.975543728950683, -2.146434539875185 ], [ 112.975543728950683, -2.146793865988832 ], [ 112.975903055064322, -2.146793865988832 ], [ 112.975903055064322, -2.146434539875185 ], [ 112.975723392007495, -2.146434539875185 ], [ 112.975723392007495, -2.146075213761537 ], [ 112.975543728950683, -2.146075213761537 ], [ 112.975543728950683, -2.145895550704713 ], [ 112.975364065893856, -2.145895550704713 ] ] ] } },
{ "type": "Feature", "properties": { "count": 10, "label": 1, "cluster_id": 16 }, "geometry": { "type": "Polygon", "coordinates": [ [ [ 112.975004739780204, -2.167634780580405 ], [ 112.975004739780204, -2.167814443637229 ], [ 112.974825076723377, -2.167814443637229 ], [ 112.974825076723377, -2.168173769750877 ], [ 112.975723392007495, -2.168173769750877 ], [ 112.975723392007495, -2.167994106694053 ], [ 112.97518440283703, -2.167994106694053 ], [ 112.97518440283703, -2.167814443637229 ], [ 112.975543728950683, -2.167814443637229 ], [ 112.975543728950683, -2.167634780580405 ], [ 112.975004739780204, -2.167634780580405 ] ] ] } },
{ "type": "Feature", "properties": { "count": 1, "label": 1, "cluster_id": 16 }, "geometry": { "type": "Polygon", "coordinates": [ [ [ 112.975364065893856, -2.179312879273959 ], [ 112.975543728950683, -2.179312879273959 ], [ 112.975543728950683, -2.179133216217135 ], [ 112.975364065893856, -2.179133216217135 ], [ 112.975364065893856, -2.179312879273959 ] ] ] } },
{ "type": "Feature", "properties": { "count": 1, "label": 1, "cluster_id": 16 }, "geometry": { "type": "Polygon", "coordinates": [ [ [ 112.975364065893856, -2.181468835955846 ], [ 112.975543728950683, -2.181468835955846 ], [ 112.975543728950683, -2.181289172899022 ], [ 112.975364065893856, -2.181289172899022 ], [ 112.975364065893856, -2.181468835955846 ] ] ] } },
{ "type": "Feature", "properties": { "count": 1, "label": 1, "cluster_id": 16 }, "geometry": { "type": "Polygon", "coordinates": [ [ [ 112.975364065893856, -2.182187488183142 ], [ 112.975543728950683, -2.182187488183142 ], [ 112.975543728950683, -2.182007825126318 ], [ 112.975364065893856, -2.182007825126318 ], [ 112.975364065893856, -2.182187488183142 ] ] ] } },
{ "type": "Feature", "properties": { "count": 1, "label": 1, "cluster_id": 16 }, "geometry": { "type": "Polygon", "coordinates": [ [ [ 112.975364065893856, -2.182726477353613 ], [ 112.975543728950683, -2.182726477353613 ], [ 112.975543728950683, -2.182546814296789 ], [ 112.975364065893856, -2.182546814296789 ], [ 112.975364065893856, -2.182726477353613 ] ] ] } },
{ "type": "Feature", "properties": { "count": 1, "label": 1, "cluster_id": 16 }, "geometry": { "type": "Polygon", "coordinates": [ [ [ 112.975543728950683, -2.124515646942668 ], [ 112.975723392007495, -2.124515646942668 ], [ 112.975723392007495, -2.124335983885844 ], [ 112.975543728950683, -2.124335983885844 ], [ 112.975543728950683, -2.124515646942668 ] ] ] } },
{ "type": "Feature", "properties": { "count": 1, "label": 1, "cluster_id": 16 }, "geometry": { "type": "Polygon", "coordinates": [ [ [ 112.975543728950683, -2.128827560306442 ], [ 112.975723392007495, -2.128827560306442 ], [ 112.975723392007495, -2.128647897249618 ], [ 112.975543728950683, -2.128647897249618 ], [ 112.975543728950683, -2.128827560306442 ] ] ] } },
{ "type": "Feature", "properties": { "count": 1, "label": 1, "cluster_id": 16 }, "geometry": { "type": "Polygon", "coordinates": [ [ [ 112.975543728950683, -2.166736465296286 ], [ 112.975723392007495, -2.166736465296286 ], [ 112.975723392007495, -2.166556802239462 ], [ 112.975543728950683, -2.166556802239462 ], [ 112.975543728950683, -2.166736465296286 ] ] ] } },
{ "type": "Feature", "properties": { "count": 2, "label": 1, "cluster_id": 16 }, "geometry": { "type": "Polygon", "coordinates": [ [ [ 112.975723392007495, -2.12918688642009 ], [ 112.975903055064322, -2.12918688642009 ], [ 112.975903055064322, -2.128827560306442 ], [ 112.975723392007495, -2.128827560306442 ], [ 112.975723392007495, -2.12918688642009 ] ] ] } },
{ "type": "Feature", "properties": { "count": 4, "label": 1, "cluster_id": 16 }, "geometry": { "type": "Polygon", "coordinates": [ [ [ 112.975543728950683, -2.16691612835311 ], [ 112.975543728950683, -2.167095791409934 ], [ 112.975364065893856, -2.167095791409934 ], [ 112.975364065893856, -2.167275454466758 ], [ 112.975723392007495, -2.167275454466758 ], [ 112.975723392007495, -2.167095791409934 ], [ 112.975903055064322, -2.167095791409934 ], [ 112.975903055064322, -2.16691612835311 ], [ 112.975543728950683, -2.16691612835311 ] ] ] } },
{ "type": "Feature", "properties": { "count": 25, "label": 1, "cluster_id": 16 }, "geometry": { "type": "Polygon", "coordinates": [ [ [ 112.975004739780204, -2.18398411875138 ], [ 112.975004739780204, -2.184343444865029 ], [ 112.974645413666551, -2.184343444865029 ], [ 112.974645413666551, -2.184523107921852 ], [ 112.974825076723377, -2.184523107921852 ], [ 112.974825076723377, -2.1848824340355 ], [ 112.975004739780204, -2.1848824340355 ], [ 112.975004739780204, -2.184702770978676 ], [ 112.97518440283703, -2.184702770978676 ], [ 112.97518440283703, -2.184523107921852 ], [ 112.975364065893856, -2.184523107921852 ], [ 112.975364065893856, -2.1848824340355 ], [ 112.975723392007495, -2.1848824340355 ], [ 112.975723392007495, -2.184702770978676 ], [ 112.975903055064322, -2.184702770978676 ], [ 112.975903055064322, -2.18398411875138 ], [ 112.975004739780204, -2.18398411875138 ] ] ] } },
{ "type": "Feature", "properties": { "count": 1, "label": 1, "cluster_id": 16 }, "geometry": { "type": "Polygon", "coordinates": [ [ [ 112.975903055064322, -2.12415632082902 ], [ 112.976082718121148, -2.12415632082902 ], [ 112.976082718121148, -2.123976657772197 ], [ 112.975903055064322, -2.123976657772197 ], [ 112.975903055064322, -2.12415632082902 ] ] ] } },
{ "type": "Feature", "properties": { "count": 9, "label": 1, "cluster_id": 16 }, "geometry": { "type": "Polygon", "coordinates": [ [ [ 112.975903055064322, -2.124335983885844 ], [ 112.975903055064322, -2.124515646942668 ], [ 112.975723392007495, -2.124515646942668 ], [ 112.975723392007495, -2.124874973056316 ], [ 112.976082718121148, -2.124874973056316 ], [ 112.976082718121148, -2.12505463611314 ], [ 112.976621707291613, -2.12505463611314 ], [ 112.976621707291613, -2.124874973056316 ], [ 112.976262381177975, -2.124874973056316 ], [ 112.976262381177975, -2.124695309999492 ], [ 112.976082718121148, -2.124695309999492 ], [ 112.976082718121148, -2.124335983885844 ], [ 112.975903055064322, -2.124335983885844 ] ] ] } },
{ "type": "Feature", "properties": { "count": 1, "label": 1, "cluster_id": 16 }, "geometry": { "type": "Polygon", "coordinates": [ [ [ 112.975903055064322, -2.147512518216128 ], [ 112.976082718121148, -2.147512518216128 ], [ 112.976082718121148, -2.147332855159304 ], [ 112.975903055064322, -2.147332855159304 ], [ 112.975903055064322, -2.147512518216128 ] ] ] } },
{ "type": "Feature", "properties": { "count": 1, "label": 1, "cluster_id": 16 }, "geometry": { "type": "Polygon", "coordinates": [ [ [ 112.975903055064322, -2.170509389489588 ], [ 112.976082718121148, -2.170509389489588 ], [ 112.976082718121148, -2.170329726432764 ], [ 112.975903055064322, -2.170329726432764 ], [ 112.975903055064322, -2.170509389489588 ] ] ] } },
{ "type": "Feature", "properties": { "count": 1, "label": 1, "cluster_id": 16 }, "geometry": { "type": "Polygon", "coordinates": [ [ [ 112.976082718121148, -2.123976657772197 ], [ 112.976262381177975, -2.123976657772197 ], [ 112.976262381177975, -2.123796994715373 ], [ 112.976082718121148, -2.123796994715373 ], [ 112.976082718121148, -2.123976657772197 ] ] ] } },
{ "type": "Feature", "properties": { "count": 2, "label": 1, "cluster_id": 16 }, "geometry": { "type": "Polygon", "coordinates": [ [ [ 112.975903055064322, -2.126671603624555 ], [ 112.976262381177975, -2.126671603624555 ], [ 112.976262381177975, -2.126491940567731 ], [ 112.975903055064322, -2.126491940567731 ], [ 112.975903055064322, -2.126671603624555 ] ] ] } },
{ "type": "Feature", "properties": { "count": 1, "label": 1, "cluster_id": 16 }, "geometry": { "type": "Polygon", "coordinates": [ [ [ 112.976082718121148, -2.146614202932009 ], [ 112.976262381177975, -2.146614202932009 ], [ 112.976262381177975, -2.146434539875185 ], [ 112.976082718121148, -2.146434539875185 ], [ 112.976082718121148, -2.146614202932009 ] ] ] } },
{ "type": "Feature", "properties": { "count": 1, "label": 1, "cluster_id": 16 }, "geometry": { "type": "Polygon", "coordinates": [ [ [ 112.976082718121148, -2.159010953852858 ], [ 112.976262381177975, -2.159010953852858 ], [ 112.976262381177975, -2.158831290796034 ], [ 112.976082718121148, -2.158831290796034 ], [ 112.976082718121148, -2.159010953852858 ] ] ] } },
{ "type": "Feature", "properties": { "count": 8, "label": 1, "cluster_id": 16 }, "geometry": { "type": "Polygon", "coordinates": [ [ [ 112.975903055064322, -2.167275454466758 ], [ 112.975903055064322, -2.167455117523581 ], [ 112.975723392007495, -2.167455117523581 ], [ 112.975723392007495, -2.167814443637229 ], [ 112.976262381177975, -2.167814443637229 ], [ 112.976262381177975, -2.167275454466758 ], [ 112.975903055064322, -2.167275454466758 ] ] ] } },
{ "type": "Feature", "properties": { "count": 5, "label": 1, "cluster_id": 16 }, "geometry": { "type": "Polygon", "coordinates": [ [ [ 112.976082718121148, -2.18164849901267 ], [ 112.976082718121148, -2.181828162069494 ], [ 112.975903055064322, -2.181828162069494 ], [ 112.975903055064322, -2.182187488183142 ], [ 112.976262381177975, -2.182187488183142 ], [ 112.976262381177975, -2.18164849901267 ], [ 112.976082718121148, -2.18164849901267 ] ] ] } },
{ "type": "Feature", "properties": { "count": 3, "label": 1, "cluster_id": 16 }, "geometry": { "type": "Polygon", "coordinates": [ [ [ 112.976262381177975, -2.12918688642009 ], [ 112.976262381177975, -2.129366549476914 ], [ 112.976082718121148, -2.129366549476914 ], [ 112.976082718121148, -2.129546212533738 ], [ 112.976442044234801, -2.129546212533738 ], [ 112.976442044234801, -2.12918688642009 ], [ 112.976262381177975, -2.12918688642009 ] ] ] } },
{ "type": "Feature", "properties": { "count": 1, "label": 1, "cluster_id": 16 }, "geometry": { "type": "Polygon", "coordinates": [ [ [ 112.976262381177975, -2.168353432807701 ], [ 112.976442044234801, -2.168353432807701 ], [ 112.976442044234801, -2.168173769750877 ], [ 112.976262381177975, -2.168173769750877 ], [ 112.976262381177975, -2.168353432807701 ] ] ] } },
{ "type": "Feature", "properties": { "count": 1, "label": 1, "cluster_id": 16 }, "geometry": { "type": "Polygon", "coordinates": [ [ [ 112.976442044234801, -2.12415632082902 ], [ 112.976621707291613, -2.12415632082902 ], [ 112.976621707291613, -2.123976657772197 ], [ 112.976442044234801, -2.123976657772197 ], [ 112.976442044234801, -2.12415632082902 ] ] ] } },
{ "type": "Feature", "properties": { "count": 1, "label": 1, "cluster_id": 16 }, "geometry": { "type": "Polygon", "coordinates": [ [ [ 112.976442044234801, -2.129725875590561 ], [ 112.976621707291613, -2.129725875590561 ], [ 112.976621707291613, -2.129546212533738 ], [ 112.976442044234801, -2.129546212533738 ], [ 112.976442044234801, -2.129725875590561 ] ] ] } },
{ "type": "Feature", "properties": { "count": 2, "label": 1, "cluster_id": 16 }, "geometry": { "type": "Polygon", "coordinates": [ [ [ 112.976442044234801, -2.124695309999492 ], [ 112.97680137034844, -2.124695309999492 ], [ 112.97680137034844, -2.124515646942668 ], [ 112.976442044234801, -2.124515646942668 ], [ 112.976442044234801, -2.124695309999492 ] ] ] } },
{ "type": "Feature", "properties": { "count": 1, "label": 1, "cluster_id": 16 }, "geometry": { "type": "Polygon", "coordinates": [ [ [ 112.976621707291613, -2.129905538647385 ], [ 112.97680137034844, -2.129905538647385 ], [ 112.97680137034844, -2.129725875590561 ], [ 112.976621707291613, -2.129725875590561 ], [ 112.976621707291613, -2.129905538647385 ] ] ] } },
{ "type": "Feature", "properties": { "count": 1, "label": 1, "cluster_id": 16 }, "geometry": { "type": "Polygon", "coordinates": [ [ [ 112.976621707291613, -2.147692181272952 ], [ 112.97680137034844, -2.147692181272952 ], [ 112.97680137034844, -2.147512518216128 ], [ 112.976621707291613, -2.147512518216128 ], [ 112.976621707291613, -2.147692181272952 ] ] ] } },
{ "type": "Feature", "properties": { "count": 25, "label": 1, "cluster_id": 16 }, "geometry": { "type": "Polygon", "coordinates": [ [ [ 112.976621707291613, -2.188475695171978 ], [ 112.976621707291613, -2.18901468434245 ], [ 112.976442044234801, -2.18901468434245 ], [ 112.976442044234801, -2.189553673512922 ], [ 112.976621707291613, -2.189553673512922 ], [ 112.976621707291613, -2.189374010456098 ], [ 112.97680137034844, -2.189374010456098 ], [ 112.97680137034844, -2.189194347399274 ], [ 112.977160696462093, -2.189194347399274 ], [ 112.977160696462093, -2.189374010456098 ], [ 112.976981033405266, -2.189374010456098 ], [ 112.976981033405266, -2.189553673512922 ], [ 112.977160696462093, -2.189553673512922 ], [ 112.977160696462093, -2.190092662683393 ], [ 112.976981033405266, -2.190092662683393 ], [ 112.976981033405266, -2.190272325740217 ], [ 112.977160696462093, -2.190272325740217 ], [ 112.977160696462093, -2.190451988797041 ], [ 112.977340359518919, -2.190451988797041 ], [ 112.977340359518919, -2.18991299962657 ], [ 112.977520022575746, -2.18991299962657 ], [ 112.977520022575746, -2.189733336569746 ], [ 112.977340359518919, -2.189733336569746 ], [ 112.977340359518919, -2.188835021285626 ], [ 112.976981033405266, -2.188835021285626 ], [ 112.976981033405266, -2.188655358228802 ], [ 112.97680137034844, -2.188655358228802 ], [ 112.97680137034844, -2.188475695171978 ], [ 112.976621707291613, -2.188475695171978 ] ] ] } },
{ "type": "Feature", "properties": { "count": 1, "label": 1, "cluster_id": 16 }, "geometry": { "type": "Polygon", "coordinates": [ [ [ 112.97680137034844, -2.147871844329776 ], [ 112.976981033405266, -2.147871844329776 ], [ 112.976981033405266, -2.147692181272952 ], [ 112.97680137034844, -2.147692181272952 ], [ 112.97680137034844, -2.147871844329776 ] ] ] } },
{ "type": "Feature", "properties": { "count": 4, "label": 1, "cluster_id": 16 }, "geometry": { "type": "Polygon", "coordinates": [ [ [ 112.976981033405266, -2.144817572363769 ], [ 112.976981033405266, -2.145176898477417 ], [ 112.977520022575746, -2.145176898477417 ], [ 112.977520022575746, -2.144997235420593 ], [ 112.977160696462093, -2.144997235420593 ], [ 112.977160696462093, -2.144817572363769 ], [ 112.976981033405266, -2.144817572363769 ] ] ] } },
{ "type": "Feature", "properties": { "count": 1, "label": 1, "cluster_id": 16 }, "geometry": { "type": "Polygon", "coordinates": [ [ [ 112.977160696462093, -2.113017211305938 ], [ 112.977340359518919, -2.113017211305938 ], [ 112.977340359518919, -2.112837548249114 ], [ 112.977160696462093, -2.112837548249114 ], [ 112.977160696462093, -2.113017211305938 ] ] ] } },
{ "type": "Feature", "properties": { "count": 2, "label": 1, "cluster_id": 16 }, "geometry": { "type": "Polygon", "coordinates": [ [ [ 112.976981033405266, -2.1480515073866 ], [ 112.977340359518919, -2.1480515073866 ], [ 112.977340359518919, -2.147871844329776 ], [ 112.976981033405266, -2.147871844329776 ], [ 112.976981033405266, -2.1480515073866 ] ] ] } },
{ "type": "Feature", "properties": { "count": 1, "label": 1, "cluster_id": 16 }, "geometry": { "type": "Polygon", "coordinates": [ [ [ 112.977340359518919, -2.181289172899022 ], [ 112.977520022575746, -2.181289172899022 ], [ 112.977520022575746, -2.181109509842198 ], [ 112.977340359518919, -2.181109509842198 ], [ 112.977340359518919, -2.181289172899022 ] ] ] } },
{ "type": "Feature", "properties": { "count": 1, "label": 1, "cluster_id": 16 }, "geometry": { "type": "Polygon", "coordinates": [ [ [ 112.977520022575746, -2.112837548249114 ], [ 112.977699685632558, -2.112837548249114 ], [ 112.977699685632558, -2.112657885192291 ], [ 112.977520022575746, -2.112657885192291 ], [ 112.977520022575746, -2.112837548249114 ] ] ] } },
{ "type": "Feature", "properties": { "count": 3, "label": 1, "cluster_id": 16 }, "geometry": { "type": "Polygon", "coordinates": [ [ [ 112.977340359518919, -2.186679064603739 ], [ 112.977340359518919, -2.186858727660563 ], [ 112.977520022575746, -2.186858727660563 ], [ 112.977520022575746, -2.187038390717387 ], [ 112.977699685632558, -2.187038390717387 ], [ 112.977699685632558, -2.186679064603739 ], [ 112.977340359518919, -2.186679064603739 ] ] ] } },
{ "type": "Feature", "properties": { "count": 3, "label": 1, "cluster_id": 16 }, "geometry": { "type": "Polygon", "coordinates": [ [ [ 112.977340359518919, -2.148231170443424 ], [ 112.977879348689385, -2.148231170443424 ], [ 112.977879348689385, -2.1480515073866 ], [ 112.977340359518919, -2.1480515073866 ], [ 112.977340359518919, -2.148231170443424 ] ] ] } },
{ "type": "Feature", "properties": { "count": 1, "label": 1, "cluster_id": 16 }, "geometry": { "type": "Polygon", "coordinates": [ [ [ 112.977879348689385, -2.113196874362762 ], [ 112.978059011746211, -2.113196874362762 ], [ 112.978059011746211, -2.113017211305938 ], [ 112.977879348689385, -2.113017211305938 ], [ 112.977879348689385, -2.113196874362762 ] ] ] } },
{ "type": "Feature", "properties": { "count": 1, "label": 1, "cluster_id": 16 }, "geometry": { "type": "Polygon", "coordinates": [ [ [ 112.977879348689385, -2.1480515073866 ], [ 112.978059011746211, -2.1480515073866 ], [ 112.978059011746211, -2.147871844329776 ], [ 112.977879348689385, -2.147871844329776 ], [ 112.977879348689385, -2.1480515073866 ] ] ] } },
{ "type": "Feature", "properties": { "count": 1, "label": 1, "cluster_id": 16 }, "geometry": { "type": "Polygon", "coordinates": [ [ [ 112.977879348689385, -2.171228041716883 ], [ 112.978059011746211, -2.171228041716883 ], [ 112.978059011746211, -2.17104837866006 ], [ 112.977879348689385, -2.17104837866006 ], [ 112.977879348689385, -2.171228041716883 ] ] ] } },
{ "type": "Feature", "properties": { "count": 13, "label": 1, "cluster_id": 16 }, "geometry": { "type": "Polygon", "coordinates": [ [ [ 112.978059011746211, -2.113376537419586 ], [ 112.978059011746211, -2.11355620047641 ], [ 112.977699685632558, -2.11355620047641 ], [ 112.977699685632558, -2.113735863533234 ], [ 112.977340359518919, -2.113735863533234 ], [ 112.977340359518919, -2.11355620047641 ], [ 112.977160696462093, -2.11355620047641 ], [ 112.977160696462093, -2.114095189646882 ], [ 112.977520022575746, -2.114095189646882 ], [ 112.977520022575746, -2.113915526590058 ], [ 112.978059011746211, -2.113915526590058 ], [ 112.978059011746211, -2.113735863533234 ], [ 112.978418337859864, -2.113735863533234 ], [ 112.978418337859864, -2.11355620047641 ], [ 112.978238674803038, -2.11355620047641 ], [ 112.978238674803038, -2.113376537419586 ], [ 112.978059011746211, -2.113376537419586 ] ] ] } },
{ "type": "Feature", "properties": { "count": 1, "label": 1, "cluster_id": 16 }, "geometry": { "type": "Polygon", "coordinates": [ [ [ 112.978238674803038, -2.17104837866006 ], [ 112.978418337859864, -2.17104837866006 ], [ 112.978418337859864, -2.170868715603236 ], [ 112.978238674803038, -2.170868715603236 ], [ 112.978238674803038, -2.17104837866006 ] ] ] } },
{ "type": "Feature", "properties": { "count": 1, "label": 1, "cluster_id": 16 }, "geometry": { "type": "Polygon", "coordinates": [ [ [ 112.978418337859864, -2.108884960998989 ], [ 112.978598000916676, -2.108884960998989 ], [ 112.978598000916676, -2.108705297942165 ], [ 112.978418337859864, -2.108705297942165 ], [ 112.978418337859864, -2.108884960998989 ] ] ] } },
{ "type": "Feature", "properties": { "count": 2, "label": 1, "cluster_id": 16 }, "geometry": { "type": "Polygon", "coordinates": [ [ [ 112.978238674803038, -2.12505463611314 ], [ 112.978598000916676, -2.12505463611314 ], [ 112.978598000916676, -2.124874973056316 ], [ 112.978238674803038, -2.124874973056316 ], [ 112.978238674803038, -2.12505463611314 ] ] ] } },
{ "type": "Feature", "properties": { "count": 13, "label": 1, "cluster_id": 16 }, "geometry": { "type": "Polygon", "coordinates": [ [ [ 112.978418337859864, -2.158831290796034 ], [ 112.978418337859864, -2.159010953852858 ], [ 112.978238674803038, -2.159010953852858 ], [ 112.978238674803038, -2.158831290796034 ], [ 112.977879348689385, -2.158831290796034 ], [ 112.977879348689385, -2.159010953852858 ], [ 112.978059011746211, -2.159010953852858 ], [ 112.978059011746211, -2.159190616909682 ], [ 112.978238674803038, -2.159190616909682 ], [ 112.978238674803038, -2.159729606080154 ], [ 112.978598000916676, -2.159729606080154 ], [ 112.978598000916676, -2.159010953852858 ], [ 112.978777663973503, -2.159010953852858 ], [ 112.978777663973503, -2.158831290796034 ], [ 112.978418337859864, -2.158831290796034 ] ] ] } },
{ "type": "Feature", "properties": { "count": 3, "label": 1, "cluster_id": 16 }, "geometry": { "type": "Polygon", "coordinates": [ [ [ 112.978418337859864, -2.170509389489588 ], [ 112.978418337859864, -2.170868715603236 ], [ 112.978598000916676, -2.170868715603236 ], [ 112.978598000916676, -2.170689052546412 ], [ 112.978777663973503, -2.170689052546412 ], [ 112.978777663973503, -2.170509389489588 ], [ 112.978418337859864, -2.170509389489588 ] ] ] } },
{ "type": "Feature", "properties": { "count": 3, "label": 1, "cluster_id": 16 }, "geometry": { "type": "Polygon", "coordinates": [ [ [ 112.978598000916676, -2.159909269136977 ], [ 112.979136990087156, -2.159909269136977 ], [ 112.979136990087156, -2.159729606080154 ], [ 112.978598000916676, -2.159729606080154 ], [ 112.978598000916676, -2.159909269136977 ] ] ] } },
{ "type": "Feature", "properties": { "count": 2, "label": 1, "cluster_id": 16 }, "geometry": { "type": "Polygon", "coordinates": [ [ [ 112.978777663973503, -2.160268595250625 ], [ 112.979136990087156, -2.160268595250625 ], [ 112.979136990087156, -2.160088932193801 ], [ 112.978777663973503, -2.160088932193801 ], [ 112.978777663973503, -2.160268595250625 ] ] ] } },
{ "type": "Feature", "properties": { "count": 4, "label": 1, "cluster_id": 16 }, "geometry": { "type": "Polygon", "coordinates": [ [ [ 112.979136990087156, -2.114813841874177 ], [ 112.979136990087156, -2.115173167987825 ], [ 112.979316653143982, -2.115173167987825 ], [ 112.979316653143982, -2.115352831044649 ], [ 112.979496316200809, -2.115352831044649 ], [ 112.979496316200809, -2.114993504931002 ], [ 112.979316653143982, -2.114993504931002 ], [ 112.979316653143982, -2.114813841874177 ], [ 112.979136990087156, -2.114813841874177 ] ] ] } },
{ "type": "Feature", "properties": { "count": 1, "label": 1, "cluster_id": 16 }, "geometry": { "type": "Polygon", "coordinates": [ [ [ 112.979316653143982, -2.160448258307449 ], [ 112.979496316200809, -2.160448258307449 ], [ 112.979496316200809, -2.160268595250625 ], [ 112.979316653143982, -2.160268595250625 ], [ 112.979316653143982, -2.160448258307449 ] ] ] } },
{ "type": "Feature", "properties": { "count": 28, "label": 1, "cluster_id": 16 }, "geometry": { "type": "Polygon", "coordinates": [ [ [ 112.979496316200809, -2.158292301625562 ], [ 112.979496316200809, -2.15865162773921 ], [ 112.979316653143982, -2.15865162773921 ], [ 112.979316653143982, -2.158831290796034 ], [ 112.979136990087156, -2.158831290796034 ], [ 112.979136990087156, -2.159010953852858 ], [ 112.979316653143982, -2.159010953852858 ], [ 112.979316653143982, -2.159190616909682 ], [ 112.979496316200809, -2.159190616909682 ], [ 112.979496316200809, -2.159010953852858 ], [ 112.979675979257621, -2.159010953852858 ], [ 112.979675979257621, -2.159370279966506 ], [ 112.979855642314448, -2.159370279966506 ], [ 112.979855642314448, -2.159190616909682 ], [ 112.980574294541739, -2.159190616909682 ], [ 112.980574294541739, -2.159010953852858 ], [ 112.981113283712219, -2.159010953852858 ], [ 112.981113283712219, -2.15865162773921 ], [ 112.980933620655392, -2.15865162773921 ], [ 112.980933620655392, -2.158831290796034 ], [ 112.980035305371274, -2.158831290796034 ], [ 112.980035305371274, -2.158471964682386 ], [ 112.979855642314448, -2.158471964682386 ], [ 112.979855642314448, -2.158292301625562 ], [ 112.979496316200809, -2.158292301625562 ] ] ] } },
{ "type": "Feature", "properties": { "count": 1, "label": 1, "cluster_id": 16 }, "geometry": { "type": "Polygon", "coordinates": [ [ [ 112.979675979257621, -2.160448258307449 ], [ 112.979855642314448, -2.160448258307449 ], [ 112.979855642314448, -2.160268595250625 ], [ 112.979675979257621, -2.160268595250625 ], [ 112.979675979257621, -2.160448258307449 ] ] ] } },
{ "type": "Feature", "properties": { "count": 6, "label": 1, "cluster_id": 16 }, "geometry": { "type": "Polygon", "coordinates": [ [ [ 112.979855642314448, -2.122180027203957 ], [ 112.979855642314448, -2.122359690260781 ], [ 112.979675979257621, -2.122359690260781 ], [ 112.979675979257621, -2.122898679431253 ], [ 112.979855642314448, -2.122898679431253 ], [ 112.979855642314448, -2.122719016374429 ], [ 112.980035305371274, -2.122719016374429 ], [ 112.980035305371274, -2.122180027203957 ], [ 112.979855642314448, -2.122180027203957 ] ] ] } },
{ "type": "Feature", "properties": { "count": 22, "label": 1, "cluster_id": 16 }, "geometry": { "type": "Polygon", "coordinates": [ [ [ 112.979675979257621, -2.18164849901267 ], [ 112.979675979257621, -2.182367151239966 ], [ 112.979855642314448, -2.182367151239966 ], [ 112.979855642314448, -2.182546814296789 ], [ 112.980214968428101, -2.182546814296789 ], [ 112.980214968428101, -2.183265466524085 ], [ 112.980394631484927, -2.183265466524085 ], [ 112.980394631484927, -2.183085803467261 ], [ 112.980574294541739, -2.183085803467261 ], [ 112.980574294541739, -2.182546814296789 ], [ 112.980394631484927, -2.182546814296789 ], [ 112.980394631484927, -2.182007825126318 ], [ 112.980035305371274, -2.182007825126318 ], [ 112.980035305371274, -2.18164849901267 ], [ 112.979675979257621, -2.18164849901267 ] ] ] } },
{ "type": "Feature", "properties": { "count": 1, "label": 1, "cluster_id": 16 }, "geometry": { "type": "Polygon", "coordinates": [ [ [ 112.980035305371274, -2.160807584421097 ], [ 112.980214968428101, -2.160807584421097 ], [ 112.980214968428101, -2.160627921364273 ], [ 112.980035305371274, -2.160627921364273 ], [ 112.980035305371274, -2.160807584421097 ] ] ] } },
{ "type": "Feature", "properties": { "count": 2, "label": 1, "cluster_id": 16 }, "geometry": { "type": "Polygon", "coordinates": [ [ [ 112.980035305371274, -2.171946693944179 ], [ 112.980394631484927, -2.171946693944179 ], [ 112.980394631484927, -2.171767030887355 ], [ 112.980035305371274, -2.171767030887355 ], [ 112.980035305371274, -2.171946693944179 ] ] ] } },
{ "type": "Feature", "properties": { "count": 1, "label": 1, "cluster_id": 16 }, "geometry": { "type": "Polygon", "coordinates": [ [ [ 112.980753957598566, -2.160448258307449 ], [ 112.980933620655392, -2.160448258307449 ], [ 112.980933620655392, -2.160268595250625 ], [ 112.980753957598566, -2.160268595250625 ], [ 112.980753957598566, -2.160448258307449 ] ] ] } },
{ "type": "Feature", "properties": { "count": 1, "label": 1, "cluster_id": 16 }, "geometry": { "type": "Polygon", "coordinates": [ [ [ 112.980753957598566, -2.160987247477921 ], [ 112.980933620655392, -2.160987247477921 ], [ 112.980933620655392, -2.160807584421097 ], [ 112.980753957598566, -2.160807584421097 ], [ 112.980753957598566, -2.160987247477921 ] ] ] } },
{ "type": "Feature", "properties": { "count": 1, "label": 1, "cluster_id": 16 }, "geometry": { "type": "Polygon", "coordinates": [ [ [ 112.980933620655392, -2.160088932193801 ], [ 112.981113283712219, -2.160088932193801 ], [ 112.981113283712219, -2.159909269136977 ], [ 112.980933620655392, -2.159909269136977 ], [ 112.980933620655392, -2.160088932193801 ] ] ] } },
{ "type": "Feature", "properties": { "count": 1, "label": 1, "cluster_id": 16 }, "geometry": { "type": "Polygon", "coordinates": [ [ [ 112.980933620655392, -2.160627921364273 ], [ 112.981113283712219, -2.160627921364273 ], [ 112.981113283712219, -2.160448258307449 ], [ 112.980933620655392, -2.160448258307449 ], [ 112.980933620655392, -2.160627921364273 ] ] ] } },
{ "type": "Feature", "properties": { "count": 14, "label": 1, "cluster_id": 16 }, "geometry": { "type": "Polygon", "coordinates": [ [ [ 112.981113283712219, -2.125773288340436 ], [ 112.981113283712219, -2.126671603624555 ], [ 112.980933620655392, -2.126671603624555 ], [ 112.980933620655392, -2.126851266681379 ], [ 112.981292946769045, -2.126851266681379 ], [ 112.981292946769045, -2.126312277510908 ], [ 112.981652272882684, -2.126312277510908 ], [ 112.981652272882684, -2.126491940567731 ], [ 112.98183193593951, -2.126491940567731 ], [ 112.98183193593951, -2.126312277510908 ], [ 112.982011598996337, -2.126312277510908 ], [ 112.982011598996337, -2.125952951397259 ], [ 112.981652272882684, -2.125952951397259 ], [ 112.981652272882684, -2.126132614454083 ], [ 112.981292946769045, -2.126132614454083 ], [ 112.981292946769045, -2.125773288340436 ], [ 112.981113283712219, -2.125773288340436 ] ] ] } },
{ "type": "Feature", "properties": { "count": 1, "label": 1, "cluster_id": 16 }, "geometry": { "type": "Polygon", "coordinates": [ [ [ 112.981292946769045, -2.159190616909682 ], [ 112.981472609825872, -2.159190616909682 ], [ 112.981472609825872, -2.159010953852858 ], [ 112.981292946769045, -2.159010953852858 ], [ 112.981292946769045, -2.159190616909682 ] ] ] } },
{ "type": "Feature", "properties": { "count": 2, "label": 1, "cluster_id": 16 }, "geometry": { "type": "Polygon", "coordinates": [ [ [ 112.981472609825872, -2.120203733578895 ], [ 112.981652272882684, -2.120203733578895 ], [ 112.981652272882684, -2.119844407465247 ], [ 112.981472609825872, -2.119844407465247 ], [ 112.981472609825872, -2.120203733578895 ] ] ] } },
{ "type": "Feature", "properties": { "count": 9, "label": 1, "cluster_id": 16 }, "geometry": { "type": "Polygon", "coordinates": [ [ [ 112.981472609825872, -2.161526236648393 ], [ 112.981472609825872, -2.162244888875688 ], [ 112.981652272882684, -2.162244888875688 ], [ 112.981652272882684, -2.162065225818864 ], [ 112.982191262053163, -2.162065225818864 ], [ 112.982191262053163, -2.16188556276204 ], [ 112.982011598996337, -2.16188556276204 ], [ 112.982011598996337, -2.161705899705217 ], [ 112.981652272882684, -2.161705899705217 ], [ 112.981652272882684, -2.161526236648393 ], [ 112.981472609825872, -2.161526236648393 ] ] ] } },
{ "type": "Feature", "properties": { "count": 1, "label": 1, "cluster_id": 16 }, "geometry": { "type": "Polygon", "coordinates": [ [ [ 112.981472609825872, -2.172126357001003 ], [ 112.981652272882684, -2.172126357001003 ], [ 112.981652272882684, -2.171946693944179 ], [ 112.981472609825872, -2.171946693944179 ], [ 112.981472609825872, -2.172126357001003 ] ] ] } },
{ "type": "Feature", "properties": { "count": 1, "label": 1, "cluster_id": 16 }, "geometry": { "type": "Polygon", "coordinates": [ [ [ 112.981652272882684, -2.149309148784367 ], [ 112.98183193593951, -2.149309148784367 ], [ 112.98183193593951, -2.149129485727543 ], [ 112.981652272882684, -2.149129485727543 ], [ 112.981652272882684, -2.149309148784367 ] ] ] } },
{ "type": "Feature", "properties": { "count": 1, "label": 1, "cluster_id": 16 }, "geometry": { "type": "Polygon", "coordinates": [ [ [ 112.981652272882684, -2.157932975511915 ], [ 112.98183193593951, -2.157932975511915 ], [ 112.98183193593951, -2.157753312455091 ], [ 112.981652272882684, -2.157753312455091 ], [ 112.981652272882684, -2.157932975511915 ] ] ] } },
{ "type": "Feature", "properties": { "count": 1, "label": 1, "cluster_id": 16 }, "geometry": { "type": "Polygon", "coordinates": [ [ [ 112.981652272882684, -2.172485683114651 ], [ 112.98183193593951, -2.172485683114651 ], [ 112.98183193593951, -2.172306020057827 ], [ 112.981652272882684, -2.172306020057827 ], [ 112.981652272882684, -2.172485683114651 ] ] ] } },
{ "type": "Feature", "properties": { "count": 1, "label": 1, "cluster_id": 16 }, "geometry": { "type": "Polygon", "coordinates": [ [ [ 112.98183193593951, -2.123078342488077 ], [ 112.982011598996337, -2.123078342488077 ], [ 112.982011598996337, -2.122898679431253 ], [ 112.98183193593951, -2.122898679431253 ], [ 112.98183193593951, -2.123078342488077 ] ] ] } },
{ "type": "Feature", "properties": { "count": 4, "label": 1, "cluster_id": 16 }, "geometry": { "type": "Polygon", "coordinates": [ [ [ 112.981472609825872, -2.155597355773204 ], [ 112.981472609825872, -2.155956681886852 ], [ 112.981652272882684, -2.155956681886852 ], [ 112.981652272882684, -2.155777018830028 ], [ 112.982011598996337, -2.155777018830028 ], [ 112.982011598996337, -2.155597355773204 ], [ 112.981472609825872, -2.155597355773204 ] ] ] } },
{ "type": "Feature", "properties": { "count": 2, "label": 1, "cluster_id": 16 }, "geometry": { "type": "Polygon", "coordinates": [ [ [ 112.982011598996337, -2.130444527817857 ], [ 112.982191262053163, -2.130444527817857 ], [ 112.982191262053163, -2.130085201704209 ], [ 112.982011598996337, -2.130085201704209 ], [ 112.982011598996337, -2.130444527817857 ] ] ] } },
{ "type": "Feature", "properties": { "count": 14, "label": 1, "cluster_id": 16 }, "geometry": { "type": "Polygon", "coordinates": [ [ [ 112.982011598996337, -2.149129485727543 ], [ 112.982011598996337, -2.149309148784367 ], [ 112.98183193593951, -2.149309148784367 ], [ 112.98183193593951, -2.149488811841191 ], [ 112.982011598996337, -2.149488811841191 ], [ 112.982011598996337, -2.149668474898015 ], [ 112.982191262053163, -2.149668474898015 ], [ 112.982191262053163, -2.149848137954839 ], [ 112.98237092510999, -2.149848137954839 ], [ 112.98237092510999, -2.150207464068487 ], [ 112.982550588166802, -2.150207464068487 ], [ 112.982550588166802, -2.149848137954839 ], [ 112.982909914280455, -2.149848137954839 ], [ 112.982909914280455, -2.149668474898015 ], [ 112.982550588166802, -2.149668474898015 ], [ 112.982550588166802, -2.149309148784367 ], [ 112.982191262053163, -2.149309148784367 ], [ 112.982191262053163, -2.149129485727543 ], [ 112.982011598996337, -2.149129485727543 ] ] ] } },
{ "type": "Feature", "properties": { "count": 12, "label": 1, "cluster_id": 16 }, "geometry": { "type": "Polygon", "coordinates": [ [ [ 112.981652272882684, -2.156316008000499 ], [ 112.981652272882684, -2.156675334114147 ], [ 112.981472609825872, -2.156675334114147 ], [ 112.981472609825872, -2.157214323284619 ], [ 112.981652272882684, -2.157214323284619 ], [ 112.981652272882684, -2.156854997170971 ], [ 112.98183193593951, -2.156854997170971 ], [ 112.98183193593951, -2.157034660227795 ], [ 112.982011598996337, -2.157034660227795 ], [ 112.982011598996337, -2.156675334114147 ], [ 112.982191262053163, -2.156675334114147 ], [ 112.982191262053163, -2.156316008000499 ], [ 112.981652272882684, -2.156316008000499 ] ] ] } },
{ "type": "Feature", "properties": { "count": 5, "label": 1, "cluster_id": 16 }, "geometry": { "type": "Polygon", "coordinates": [ [ [ 112.982011598996337, -2.158471964682386 ], [ 112.982011598996337, -2.15865162773921 ], [ 112.98183193593951, -2.15865162773921 ], [ 112.98183193593951, -2.158831290796034 ], [ 112.982011598996337, -2.158831290796034 ], [ 112.982011598996337, -2.159190616909682 ], [ 112.982191262053163, -2.159190616909682 ], [ 112.982191262053163, -2.158471964682386 ], [ 112.982011598996337, -2.158471964682386 ] ] ] } },
{ "type": "Feature", "properties": { "count": 1, "label": 1, "cluster_id": 16 }, "geometry": { "type": "Polygon", "coordinates": [ [ [ 112.982191262053163, -2.123796994715373 ], [ 112.98237092510999, -2.123796994715373 ], [ 112.98237092510999, -2.123617331658549 ], [ 112.982191262053163, -2.123617331658549 ], [ 112.982191262053163, -2.123796994715373 ] ] ] } },
{ "type": "Feature", "properties": { "count": 1, "label": 1, "cluster_id": 16 }, "geometry": { "type": "Polygon", "coordinates": [ [ [ 112.982191262053163, -2.156316008000499 ], [ 112.98237092510999, -2.156316008000499 ], [ 112.98237092510999, -2.156136344943675 ], [ 112.982191262053163, -2.156136344943675 ], [ 112.982191262053163, -2.156316008000499 ] ] ] } },
{ "type": "Feature", "properties": { "count": 1, "label": 1, "cluster_id": 16 }, "geometry": { "type": "Polygon", "coordinates": [ [ [ 112.98237092510999, -2.123078342488077 ], [ 112.982550588166802, -2.123078342488077 ], [ 112.982550588166802, -2.122898679431253 ], [ 112.98237092510999, -2.122898679431253 ], [ 112.98237092510999, -2.123078342488077 ] ] ] } },
{ "type": "Feature", "properties": { "count": 2, "label": 1, "cluster_id": 16 }, "geometry": { "type": "Polygon", "coordinates": [ [ [ 112.982191262053163, -2.152902409920845 ], [ 112.982550588166802, -2.152902409920845 ], [ 112.982550588166802, -2.152722746864021 ], [ 112.982191262053163, -2.152722746864021 ], [ 112.982191262053163, -2.152902409920845 ] ] ] } },
{ "type": "Feature", "properties": { "count": 1, "label": 1, "cluster_id": 16 }, "geometry": { "type": "Polygon", "coordinates": [ [ [ 112.98237092510999, -2.153800725204965 ], [ 112.982550588166802, -2.153800725204965 ], [ 112.982550588166802, -2.153621062148141 ], [ 112.98237092510999, -2.153621062148141 ], [ 112.98237092510999, -2.153800725204965 ] ] ] } },
{ "type": "Feature", "properties": { "count": 2, "label": 1, "cluster_id": 16 }, "geometry": { "type": "Polygon", "coordinates": [ [ [ 112.98237092510999, -2.157573649398267 ], [ 112.982550588166802, -2.157573649398267 ], [ 112.982550588166802, -2.157214323284619 ], [ 112.98237092510999, -2.157214323284619 ], [ 112.98237092510999, -2.157573649398267 ] ] ] } },
{ "type": "Feature", "properties": { "count": 1, "label": 1, "cluster_id": 16 }, "geometry": { "type": "Polygon", "coordinates": [ [ [ 112.982550588166802, -2.153621062148141 ], [ 112.982730251223629, -2.153621062148141 ], [ 112.982730251223629, -2.153441399091317 ], [ 112.982550588166802, -2.153441399091317 ], [ 112.982550588166802, -2.153621062148141 ] ] ] } },
{ "type": "Feature", "properties": { "count": 1, "label": 1, "cluster_id": 16 }, "geometry": { "type": "Polygon", "coordinates": [ [ [ 112.982909914280455, -2.156854997170971 ], [ 112.983089577337282, -2.156854997170971 ], [ 112.983089577337282, -2.156675334114147 ], [ 112.982909914280455, -2.156675334114147 ], [ 112.982909914280455, -2.156854997170971 ] ] ] } },
{ "type": "Feature", "properties": { "count": 2, "label": 1, "cluster_id": 16 }, "geometry": { "type": "Polygon", "coordinates": [ [ [ 112.982909914280455, -2.160088932193801 ], [ 112.983089577337282, -2.160088932193801 ], [ 112.983089577337282, -2.159729606080154 ], [ 112.982909914280455, -2.159729606080154 ], [ 112.982909914280455, -2.160088932193801 ] ] ] } },
{ "type": "Feature", "properties": { "count": 17, "label": 1, "cluster_id": 16 }, "geometry": { "type": "Polygon", "coordinates": [ [ [ 112.982909914280455, -2.165478823898519 ], [ 112.982909914280455, -2.166197476125814 ], [ 112.983089577337282, -2.166197476125814 ], [ 112.983089577337282, -2.166377139182638 ], [ 112.983269240394108, -2.166377139182638 ], [ 112.983269240394108, -2.166556802239462 ], [ 112.983089577337282, -2.166556802239462 ], [ 112.983089577337282, -2.166736465296286 ], [ 112.983808229564573, -2.166736465296286 ], [ 112.983808229564573, -2.166197476125814 ], [ 112.983448903450935, -2.166197476125814 ], [ 112.983448903450935, -2.16601781306899 ], [ 112.983089577337282, -2.16601781306899 ], [ 112.983089577337282, -2.165478823898519 ], [ 112.982909914280455, -2.165478823898519 ] ] ] } },
{ "type": "Feature", "properties": { "count": 2, "label": 1, "cluster_id": 16 }, "geometry": { "type": "Polygon", "coordinates": [ [ [ 112.983089577337282, -2.155956681886852 ], [ 112.983269240394108, -2.155956681886852 ], [ 112.983269240394108, -2.155597355773204 ], [ 112.983089577337282, -2.155597355773204 ], [ 112.983089577337282, -2.155956681886852 ] ] ] } },
{ "type": "Feature", "properties": { "count": 1, "label": 1, "cluster_id": 16 }, "geometry": { "type": "Polygon", "coordinates": [ [ [ 112.983269240394108, -2.132600484499744 ], [ 112.983448903450935, -2.132600484499744 ], [ 112.983448903450935, -2.13242082144292 ], [ 112.983269240394108, -2.13242082144292 ], [ 112.983269240394108, -2.132600484499744 ] ] ] } },
{ "type": "Feature", "properties": { "count": 8, "label": 1, "cluster_id": 16 }, "geometry": { "type": "Polygon", "coordinates": [ [ [ 112.982730251223629, -2.154339714375436 ], [ 112.982730251223629, -2.15451937743226 ], [ 112.982550588166802, -2.15451937743226 ], [ 112.982550588166802, -2.154699040489084 ], [ 112.983269240394108, -2.154699040489084 ], [ 112.983269240394108, -2.15451937743226 ], [ 112.983448903450935, -2.15451937743226 ], [ 112.983448903450935, -2.154339714375436 ], [ 112.982730251223629, -2.154339714375436 ] ] ] } },
{ "type": "Feature", "properties": { "count": 2, "label": 1, "cluster_id": 16 }, "geometry": { "type": "Polygon", "coordinates": [ [ [ 112.983089577337282, -2.15865162773921 ], [ 112.983448903450935, -2.15865162773921 ], [ 112.983448903450935, -2.158471964682386 ], [ 112.983089577337282, -2.158471964682386 ], [ 112.983089577337282, -2.15865162773921 ] ] ] } },
{ "type": "Feature", "properties": { "count": 1, "label": 1, "cluster_id": 16 }, "geometry": { "type": "Polygon", "coordinates": [ [ [ 112.983448903450935, -2.133498799783863 ], [ 112.983628566507747, -2.133498799783863 ], [ 112.983628566507747, -2.13331913672704 ], [ 112.983448903450935, -2.13331913672704 ], [ 112.983448903450935, -2.133498799783863 ] ] ] } },
{ "type": "Feature", "properties": { "count": 19, "label": 1, "cluster_id": 16 }, "geometry": { "type": "Polygon", "coordinates": [ [ [ 112.983448903450935, -2.147512518216128 ], [ 112.983448903450935, -2.1480515073866 ], [ 112.983628566507747, -2.1480515073866 ], [ 112.983628566507747, -2.148410833500248 ], [ 112.983808229564573, -2.148410833500248 ], [ 112.983808229564573, -2.148770159613895 ], [ 112.984347218735053, -2.148770159613895 ], [ 112.984347218735053, -2.148410833500248 ], [ 112.984167555678226, -2.148410833500248 ], [ 112.984167555678226, -2.147871844329776 ], [ 112.983808229564573, -2.147871844329776 ], [ 112.983808229564573, -2.147692181272952 ], [ 112.983628566507747, -2.147692181272952 ], [ 112.983628566507747, -2.147512518216128 ], [ 112.983448903450935, -2.147512518216128 ] ] ] } },
{ "type": "Feature", "properties": { "count": 26, "label": 1, "cluster_id": 16 }, "geometry": { "type": "Polygon", "coordinates": [ [ [ 112.983269240394108, -2.156854997170971 ], [ 112.983269240394108, -2.157034660227795 ], [ 112.983089577337282, -2.157034660227795 ], [ 112.983089577337282, -2.157214323284619 ], [ 112.982730251223629, -2.157214323284619 ], [ 112.982730251223629, -2.157573649398267 ], [ 112.983089577337282, -2.157573649398267 ], [ 112.983089577337282, -2.157753312455091 ], [ 112.983269240394108, -2.157753312455091 ], [ 112.983269240394108, -2.157932975511915 ], [ 112.983628566507747, -2.157932975511915 ], [ 112.983628566507747, -2.157753312455091 ], [ 112.983808229564573, -2.157753312455091 ], [ 112.983808229564573, -2.157573649398267 ], [ 112.9839878926214, -2.157573649398267 ], [ 112.9839878926214, -2.157214323284619 ], [ 112.983808229564573, -2.157214323284619 ], [ 112.983808229564573, -2.157034660227795 ], [ 112.983628566507747, -2.157034660227795 ], [ 112.983628566507747, -2.156854997170971 ], [ 112.983269240394108, -2.156854997170971 ] ] ] } },
{ "type": "Feature", "properties": { "count": 2, "label": 1, "cluster_id": 16 }, "geometry": { "type": "Polygon", "coordinates": [ [ [ 112.983448903450935, -2.171587367830531 ], [ 112.983628566507747, -2.171587367830531 ], [ 112.983628566507747, -2.171228041716883 ], [ 112.983448903450935, -2.171228041716883 ], [ 112.983448903450935, -2.171587367830531 ] ] ] } },
{ "type": "Feature", "properties": { "count": 41, "label": 1, "cluster_id": 16 }, "geometry": { "type": "Polygon", "coordinates": [ [ [ 112.983269240394108, -2.173563661455594 ], [ 112.983269240394108, -2.173922987569242 ], [ 112.983089577337282, -2.173922987569242 ], [ 112.983089577337282, -2.174102650626066 ], [ 112.982909914280455, -2.174102650626066 ], [ 112.982909914280455, -2.173743324512418 ], [ 112.982550588166802, -2.173743324512418 ], [ 112.982550588166802, -2.173922987569242 ], [ 112.982191262053163, -2.173922987569242 ], [ 112.982191262053163, -2.174102650626066 ], [ 112.982011598996337, -2.174102650626066 ], [ 112.982011598996337, -2.17428231368289 ], [ 112.98183193593951, -2.17428231368289 ], [ 112.98183193593951, -2.174461976739714 ], [ 112.982011598996337, -2.174461976739714 ], [ 112.982011598996337, -2.174821302853362 ], [ 112.98237092510999, -2.174821302853362 ], [ 112.98237092510999, -2.174641639796538 ], [ 112.982730251223629, -2.174641639796538 ], [ 112.982730251223629, -2.174461976739714 ], [ 112.982909914280455, -2.174461976739714 ], [ 112.982909914280455, -2.17428231368289 ], [ 112.983089577337282, -2.17428231368289 ], [ 112.983089577337282, -2.174821302853362 ], [ 112.982909914280455, -2.174821302853362 ], [ 112.982909914280455, -2.175000965910185 ], [ 112.983269240394108, -2.175000965910185 ], [ 112.983269240394108, -2.174821302853362 ], [ 112.983448903450935, -2.174821302853362 ], [ 112.983448903450935, -2.174461976739714 ], [ 112.983628566507747, -2.174461976739714 ], [ 112.983628566507747, -2.17428231368289 ], [ 112.983269240394108, -2.17428231368289 ], [ 112.983269240394108, -2.174102650626066 ], [ 112.983628566507747, -2.174102650626066 ], [ 112.983628566507747, -2.173563661455594 ], [ 112.983269240394108, -2.173563661455594 ] ] ] } },
{ "type": "Feature", "properties": { "count": 1, "label": 1, "cluster_id": 16 }, "geometry": { "type": "Polygon", "coordinates": [ [ [ 112.983628566507747, -2.149668474898015 ], [ 112.983808229564573, -2.149668474898015 ], [ 112.983808229564573, -2.149488811841191 ], [ 112.983628566507747, -2.149488811841191 ], [ 112.983628566507747, -2.149668474898015 ] ] ] } },
{ "type": "Feature", "properties": { "count": 1, "label": 1, "cluster_id": 16 }, "geometry": { "type": "Polygon", "coordinates": [ [ [ 112.983628566507747, -2.192967271592576 ], [ 112.983808229564573, -2.192967271592576 ], [ 112.983808229564573, -2.192787608535752 ], [ 112.983628566507747, -2.192787608535752 ], [ 112.983628566507747, -2.192967271592576 ] ] ] } },
{ "type": "Feature", "properties": { "count": 1, "label": 1, "cluster_id": 16 }, "geometry": { "type": "Polygon", "coordinates": [ [ [ 112.983808229564573, -2.126671603624555 ], [ 112.9839878926214, -2.126671603624555 ], [ 112.9839878926214, -2.126491940567731 ], [ 112.983808229564573, -2.126491940567731 ], [ 112.983808229564573, -2.126671603624555 ] ] ] } },
{ "type": "Feature", "properties": { "count": 17, "label": 1, "cluster_id": 16 }, "geometry": { "type": "Polygon", "coordinates": [ [ [ 112.983628566507747, -2.129366549476914 ], [ 112.983628566507747, -2.129546212533738 ], [ 112.983269240394108, -2.129546212533738 ], [ 112.983269240394108, -2.129725875590561 ], [ 112.983089577337282, -2.129725875590561 ], [ 112.983089577337282, -2.130085201704209 ], [ 112.983448903450935, -2.130085201704209 ], [ 112.983448903450935, -2.129905538647385 ], [ 112.983808229564573, -2.129905538647385 ], [ 112.983808229564573, -2.130085201704209 ], [ 112.984167555678226, -2.130085201704209 ], [ 112.984167555678226, -2.129546212533738 ], [ 112.9839878926214, -2.129546212533738 ], [ 112.9839878926214, -2.129366549476914 ], [ 112.983628566507747, -2.129366549476914 ] ] ] } },
{ "type": "Feature", "properties": { "count": 23, "label": 1, "cluster_id": 16 }, "geometry": { "type": "Polygon", "coordinates": [ [ [ 112.983628566507747, -2.154339714375436 ], [ 112.983628566507747, -2.15451937743226 ], [ 112.983448903450935, -2.15451937743226 ], [ 112.983448903450935, -2.154699040489084 ], [ 112.983628566507747, -2.154699040489084 ], [ 112.983628566507747, -2.154878703545908 ], [ 112.983448903450935, -2.154878703545908 ], [ 112.983448903450935, -2.155058366602732 ], [ 112.983269240394108, -2.155058366602732 ], [ 112.983269240394108, -2.15541769271638 ], [ 112.983448903450935, -2.15541769271638 ], [ 112.983448903450935, -2.155597355773204 ], [ 112.983628566507747, -2.155597355773204 ], [ 112.983628566507747, -2.155777018830028 ], [ 112.983808229564573, -2.155777018830028 ], [ 112.983808229564573, -2.155597355773204 ], [ 112.9839878926214, -2.155597355773204 ], [ 112.9839878926214, -2.155058366602732 ], [ 112.984167555678226, -2.155058366602732 ], [ 112.984167555678226, -2.154878703545908 ], [ 112.9839878926214, -2.154878703545908 ], [ 112.9839878926214, -2.154339714375436 ], [ 112.983628566507747, -2.154339714375436 ] ] ] } },
{ "type": "Feature", "properties": { "count": 7, "label": 1, "cluster_id": 16 }, "geometry": { "type": "Polygon", "coordinates": [ [ [ 112.983808229564573, -2.132780147556568 ], [ 112.983808229564573, -2.132959810613392 ], [ 112.983628566507747, -2.132959810613392 ], [ 112.983628566507747, -2.13331913672704 ], [ 112.9839878926214, -2.13331913672704 ], [ 112.9839878926214, -2.133139473670216 ], [ 112.984167555678226, -2.133139473670216 ], [ 112.984167555678226, -2.132780147556568 ], [ 112.983808229564573, -2.132780147556568 ] ] ] } },
{ "type": "Feature", "properties": { "count": 21, "label": 1, "cluster_id": 16 }, "geometry": { "type": "Polygon", "coordinates": [ [ [ 112.984167555678226, -2.130983516988329 ], [ 112.984167555678226, -2.131163180045153 ], [ 112.9839878926214, -2.131163180045153 ], [ 112.9839878926214, -2.131342843101977 ], [ 112.983808229564573, -2.131342843101977 ], [ 112.983808229564573, -2.131702169215624 ], [ 112.983628566507747, -2.131702169215624 ], [ 112.983628566507747, -2.131881832272448 ], [ 112.983448903450935, -2.131881832272448 ], [ 112.983448903450935, -2.132061495329272 ], [ 112.983628566507747, -2.132061495329272 ], [ 112.983628566507747, -2.13242082144292 ], [ 112.9839878926214, -2.13242082144292 ], [ 112.9839878926214, -2.132061495329272 ], [ 112.984347218735053, -2.132061495329272 ], [ 112.984347218735053, -2.131702169215624 ], [ 112.984167555678226, -2.131702169215624 ], [ 112.984167555678226, -2.131342843101977 ], [ 112.984526881791865, -2.131342843101977 ], [ 112.984526881791865, -2.131163180045153 ], [ 112.984347218735053, -2.131163180045153 ], [ 112.984347218735053, -2.130983516988329 ], [ 112.984167555678226, -2.130983516988329 ] ] ] } },
{ "type": "Feature", "properties": { "count": 1, "label": 1, "cluster_id": 16 }, "geometry": { "type": "Polygon", "coordinates": [ [ [ 112.984167555678226, -2.142841278738707 ], [ 112.984347218735053, -2.142841278738707 ], [ 112.984347218735053, -2.142661615681883 ], [ 112.984167555678226, -2.142661615681883 ], [ 112.984167555678226, -2.142841278738707 ] ] ] } },
{ "type": "Feature", "properties": { "count": 14, "label": 1, "cluster_id": 16 }, "geometry": { "type": "Polygon", "coordinates": [ [ [ 112.984167555678226, -2.130085201704209 ], [ 112.984167555678226, -2.130444527817857 ], [ 112.9839878926214, -2.130444527817857 ], [ 112.9839878926214, -2.130624190874681 ], [ 112.984167555678226, -2.130624190874681 ], [ 112.984167555678226, -2.130803853931505 ], [ 112.984526881791865, -2.130803853931505 ], [ 112.984526881791865, -2.130624190874681 ], [ 112.984886207905518, -2.130624190874681 ], [ 112.984886207905518, -2.130264864761033 ], [ 112.984706544848692, -2.130264864761033 ], [ 112.984706544848692, -2.130085201704209 ], [ 112.984167555678226, -2.130085201704209 ] ] ] } },
{ "type": "Feature", "properties": { "count": 5, "label": 1, "cluster_id": 16 }, "geometry": { "type": "Polygon", "coordinates": [ [ [ 112.984167555678226, -2.149488811841191 ], [ 112.984167555678226, -2.149848137954839 ], [ 112.984526881791865, -2.149848137954839 ], [ 112.984526881791865, -2.149668474898015 ], [ 112.984706544848692, -2.149668474898015 ], [ 112.984706544848692, -2.149488811841191 ], [ 112.984167555678226, -2.149488811841191 ] ] ] } },
{ "type": "Feature", "properties": { "count": 1, "label": 1, "cluster_id": 16 }, "geometry": { "type": "Polygon", "coordinates": [ [ [ 112.984526881791865, -2.167455117523581 ], [ 112.984706544848692, -2.167455117523581 ], [ 112.984706544848692, -2.167275454466758 ], [ 112.984526881791865, -2.167275454466758 ], [ 112.984526881791865, -2.167455117523581 ] ] ] } },
{ "type": "Feature", "properties": { "count": 1, "label": 1, "cluster_id": 16 }, "geometry": { "type": "Polygon", "coordinates": [ [ [ 112.984526881791865, -2.192787608535752 ], [ 112.984706544848692, -2.192787608535752 ], [ 112.984706544848692, -2.192607945478928 ], [ 112.984526881791865, -2.192607945478928 ], [ 112.984526881791865, -2.192787608535752 ] ] ] } },
{ "type": "Feature", "properties": { "count": 1, "label": 1, "cluster_id": 16 }, "geometry": { "type": "Polygon", "coordinates": [ [ [ 112.984706544848692, -2.110142602396756 ], [ 112.984886207905518, -2.110142602396756 ], [ 112.984886207905518, -2.109962939339932 ], [ 112.984706544848692, -2.109962939339932 ], [ 112.984706544848692, -2.110142602396756 ] ] ] } },
{ "type": "Feature", "properties": { "count": 1, "label": 1, "cluster_id": 16 }, "geometry": { "type": "Polygon", "coordinates": [ [ [ 112.984706544848692, -2.110501928510404 ], [ 112.984886207905518, -2.110501928510404 ], [ 112.984886207905518, -2.11032226545358 ], [ 112.984706544848692, -2.11032226545358 ], [ 112.984706544848692, -2.110501928510404 ] ] ] } },
{ "type": "Feature", "properties": { "count": 1, "label": 1, "cluster_id": 16 }, "geometry": { "type": "Polygon", "coordinates": [ [ [ 112.984706544848692, -2.192428282422104 ], [ 112.984886207905518, -2.192428282422104 ], [ 112.984886207905518, -2.19224861936528 ], [ 112.984706544848692, -2.19224861936528 ], [ 112.984706544848692, -2.192428282422104 ] ] ] } },
{ "type": "Feature", "properties": { "count": 5, "label": 1, "cluster_id": 16 }, "geometry": { "type": "Polygon", "coordinates": [ [ [ 112.984706544848692, -2.156854997170971 ], [ 112.984706544848692, -2.157034660227795 ], [ 112.984347218735053, -2.157034660227795 ], [ 112.984347218735053, -2.157214323284619 ], [ 112.984886207905518, -2.157214323284619 ], [ 112.984886207905518, -2.157034660227795 ], [ 112.985065870962345, -2.157034660227795 ], [ 112.985065870962345, -2.156854997170971 ], [ 112.984706544848692, -2.156854997170971 ] ] ] } },
{ "type": "Feature", "properties": { "count": 3, "label": 1, "cluster_id": 16 }, "geometry": { "type": "Polygon", "coordinates": [ [ [ 112.984706544848692, -2.191709630194809 ], [ 112.984706544848692, -2.192068956308456 ], [ 112.984886207905518, -2.192068956308456 ], [ 112.984886207905518, -2.191889293251633 ], [ 112.985065870962345, -2.191889293251633 ], [ 112.985065870962345, -2.191709630194809 ], [ 112.984706544848692, -2.191709630194809 ] ] ] } },
{ "type": "Feature", "properties": { "count": 10, "label": 1, "cluster_id": 16 }, "geometry": { "type": "Polygon", "coordinates": [ [ [ 112.984886207905518, -2.192428282422104 ], [ 112.984886207905518, -2.192787608535752 ], [ 112.984706544848692, -2.192787608535752 ], [ 112.984706544848692, -2.1931469346494 ], [ 112.98560486013281, -2.1931469346494 ], [ 112.98560486013281, -2.192787608535752 ], [ 112.985425197075998, -2.192787608535752 ], [ 112.985425197075998, -2.192967271592576 ], [ 112.985065870962345, -2.192967271592576 ], [ 112.985065870962345, -2.192428282422104 ], [ 112.984886207905518, -2.192428282422104 ] ] ] } },
{ "type": "Feature", "properties": { "count": 2, "label": 1, "cluster_id": 16 }, "geometry": { "type": "Polygon", "coordinates": [ [ [ 112.984886207905518, -2.110681591567228 ], [ 112.985245534019171, -2.110681591567228 ], [ 112.985245534019171, -2.110501928510404 ], [ 112.984886207905518, -2.110501928510404 ], [ 112.984886207905518, -2.110681591567228 ] ] ] } },
{ "type": "Feature", "properties": { "count": 1, "label": 1, "cluster_id": 16 }, "geometry": { "type": "Polygon", "coordinates": [ [ [ 112.985065870962345, -2.192068956308456 ], [ 112.985245534019171, -2.192068956308456 ], [ 112.985245534019171, -2.191889293251633 ], [ 112.985065870962345, -2.191889293251633 ], [ 112.985065870962345, -2.192068956308456 ] ] ] } },
{ "type": "Feature", "properties": { "count": 1, "label": 1, "cluster_id": 16 }, "geometry": { "type": "Polygon", "coordinates": [ [ [ 112.985245534019171, -2.140864985113644 ], [ 112.985425197075998, -2.140864985113644 ], [ 112.985425197075998, -2.14068532205682 ], [ 112.985245534019171, -2.14068532205682 ], [ 112.985245534019171, -2.140864985113644 ] ] ] } },
{ "type": "Feature", "properties": { "count": 3, "label": 1, "cluster_id": 16 }, "geometry": { "type": "Polygon", "coordinates": [ [ [ 112.985065870962345, -2.156495671057323 ], [ 112.985065870962345, -2.156854997170971 ], [ 112.985245534019171, -2.156854997170971 ], [ 112.985245534019171, -2.156675334114147 ], [ 112.985425197075998, -2.156675334114147 ], [ 112.985425197075998, -2.156495671057323 ], [ 112.985065870962345, -2.156495671057323 ] ] ] } },
{ "type": "Feature", "properties": { "count": 4, "label": 1, "cluster_id": 16 }, "geometry": { "type": "Polygon", "coordinates": [ [ [ 112.985245534019171, -2.191350304081161 ], [ 112.985245534019171, -2.191529967137984 ], [ 112.985065870962345, -2.191529967137984 ], [ 112.985065870962345, -2.191709630194809 ], [ 112.985245534019171, -2.191709630194809 ], [ 112.985245534019171, -2.191889293251633 ], [ 112.985425197075998, -2.191889293251633 ], [ 112.985425197075998, -2.191350304081161 ], [ 112.985245534019171, -2.191350304081161 ] ] ] } },
{ "type": "Feature", "properties": { "count": 1, "label": 1, "cluster_id": 16 }, "geometry": { "type": "Polygon", "coordinates": [ [ [ 112.985425197075998, -2.156136344943675 ], [ 112.98560486013281, -2.156136344943675 ], [ 112.98560486013281, -2.155956681886852 ], [ 112.985425197075998, -2.155956681886852 ], [ 112.985425197075998, -2.156136344943675 ] ] ] } },
{ "type": "Feature", "properties": { "count": 1, "label": 1, "cluster_id": 16 }, "geometry": { "type": "Polygon", "coordinates": [ [ [ 112.985425197075998, -2.156854997170971 ], [ 112.98560486013281, -2.156854997170971 ], [ 112.98560486013281, -2.156675334114147 ], [ 112.985425197075998, -2.156675334114147 ], [ 112.985425197075998, -2.156854997170971 ] ] ] } },
{ "type": "Feature", "properties": { "count": 1, "label": 1, "cluster_id": 16 }, "geometry": { "type": "Polygon", "coordinates": [ [ [ 112.985425197075998, -2.166197476125814 ], [ 112.98560486013281, -2.166197476125814 ], [ 112.98560486013281, -2.16601781306899 ], [ 112.985425197075998, -2.16601781306899 ], [ 112.985425197075998, -2.166197476125814 ] ] ] } },
{ "type": "Feature", "properties": { "count": 2, "label": 1, "cluster_id": 16 }, "geometry": { "type": "Polygon", "coordinates": [ [ [ 112.98560486013281, -2.146614202932009 ], [ 112.985784523189636, -2.146614202932009 ], [ 112.985784523189636, -2.146254876818361 ], [ 112.98560486013281, -2.146254876818361 ], [ 112.98560486013281, -2.146614202932009 ] ] ] } },
{ "type": "Feature", "properties": { "count": 1, "label": 1, "cluster_id": 16 }, "geometry": { "type": "Polygon", "coordinates": [ [ [ 112.98560486013281, -2.1480515073866 ], [ 112.985784523189636, -2.1480515073866 ], [ 112.985784523189636, -2.147871844329776 ], [ 112.98560486013281, -2.147871844329776 ], [ 112.98560486013281, -2.1480515073866 ] ] ] } },
{ "type": "Feature", "properties": { "count": 2, "label": 1, "cluster_id": 16 }, "geometry": { "type": "Polygon", "coordinates": [ [ [ 112.98560486013281, -2.173024672285123 ], [ 112.985784523189636, -2.173024672285123 ], [ 112.985784523189636, -2.172665346171474 ], [ 112.98560486013281, -2.172665346171474 ], [ 112.98560486013281, -2.173024672285123 ] ] ] } },
{ "type": "Feature", "properties": { "count": 2, "label": 1, "cluster_id": 16 }, "geometry": { "type": "Polygon", "coordinates": [ [ [ 112.98560486013281, -2.191889293251633 ], [ 112.985784523189636, -2.191889293251633 ], [ 112.985784523189636, -2.191529967137984 ], [ 112.98560486013281, -2.191529967137984 ], [ 112.98560486013281, -2.191889293251633 ] ] ] } },
{ "type": "Feature", "properties": { "count": 6, "label": 1, "cluster_id": 16 }, "geometry": { "type": "Polygon", "coordinates": [ [ [ 112.98560486013281, -2.192068956308456 ], [ 112.98560486013281, -2.19224861936528 ], [ 112.985425197075998, -2.19224861936528 ], [ 112.985425197075998, -2.192068956308456 ], [ 112.985245534019171, -2.192068956308456 ], [ 112.985245534019171, -2.192428282422104 ], [ 112.985964186246463, -2.192428282422104 ], [ 112.985964186246463, -2.19224861936528 ], [ 112.985784523189636, -2.19224861936528 ], [ 112.985784523189636, -2.192068956308456 ], [ 112.98560486013281, -2.192068956308456 ] ] ] } },
{ "type": "Feature", "properties": { "count": 1, "label": 1, "cluster_id": 16 }, "geometry": { "type": "Polygon", "coordinates": [ [ [ 112.985784523189636, -2.154160051318613 ], [ 112.985964186246463, -2.154160051318613 ], [ 112.985964186246463, -2.153980388261789 ], [ 112.985784523189636, -2.153980388261789 ], [ 112.985784523189636, -2.154160051318613 ] ] ] } },
{ "type": "Feature", "properties": { "count": 56, "label": 1, "cluster_id": 16 }, "geometry": { "type": "Polygon", "coordinates": [ [ [ 112.985964186246463, -2.115173167987825 ], [ 112.985964186246463, -2.115352831044649 ], [ 112.985784523189636, -2.115352831044649 ], [ 112.985784523189636, -2.115712157158297 ], [ 112.98560486013281, -2.115712157158297 ], [ 112.98560486013281, -2.115891820215121 ], [ 112.985425197075998, -2.115891820215121 ], [ 112.985425197075998, -2.116071483271945 ], [ 112.985245534019171, -2.116071483271945 ], [ 112.985245534019171, -2.116251146328769 ], [ 112.984706544848692, -2.116251146328769 ], [ 112.984706544848692, -2.116430809385593 ], [ 112.984886207905518, -2.116430809385593 ], [ 112.984886207905518, -2.116610472442416 ], [ 112.985065870962345, -2.116610472442416 ], [ 112.985065870962345, -2.116969798556064 ], [ 112.985245534019171, -2.116969798556064 ], [ 112.985245534019171, -2.117149461612888 ], [ 112.985425197075998, -2.117149461612888 ], [ 112.985425197075998, -2.117868113840184 ], [ 112.98560486013281, -2.117868113840184 ], [ 112.98560486013281, -2.118047776897008 ], [ 112.985964186246463, -2.118047776897008 ], [ 112.985964186246463, -2.117868113840184 ], [ 112.986143849303289, -2.117868113840184 ], [ 112.986143849303289, -2.11768845078336 ], [ 112.985964186246463, -2.11768845078336 ], [ 112.985964186246463, -2.117329124669712 ], [ 112.986143849303289, -2.117329124669712 ], [ 112.986143849303289, -2.117149461612888 ], [ 112.986503175416928, -2.117149461612888 ], [ 112.986503175416928, -2.116969798556064 ], [ 112.986682838473754, -2.116969798556064 ], [ 112.986682838473754, -2.11679013549924 ], [ 112.986323512360116, -2.11679013549924 ], [ 112.986323512360116, -2.116969798556064 ], [ 112.985964186246463, -2.116969798556064 ], [ 112.985964186246463, -2.117149461612888 ], [ 112.985784523189636, -2.117149461612888 ], [ 112.985784523189636, -2.11679013549924 ], [ 112.98560486013281, -2.11679013549924 ], [ 112.98560486013281, -2.116610472442416 ], [ 112.985784523189636, -2.116610472442416 ], [ 112.985784523189636, -2.116071483271945 ], [ 112.985964186246463, -2.116071483271945 ], [ 112.985964186246463, -2.115891820215121 ], [ 112.986143849303289, -2.115891820215121 ], [ 112.986143849303289, -2.115173167987825 ], [ 112.985964186246463, -2.115173167987825 ] ] ] } },
{ "type": "Feature", "properties": { "count": 1, "label": 1, "cluster_id": 16 }, "geometry": { "type": "Polygon", "coordinates": [ [ [ 112.986143849303289, -2.115173167987825 ], [ 112.986323512360116, -2.115173167987825 ], [ 112.986323512360116, -2.114993504931002 ], [ 112.986143849303289, -2.114993504931002 ], [ 112.986143849303289, -2.115173167987825 ] ] ] } },
{ "type": "Feature", "properties": { "count": 1, "label": 1, "cluster_id": 16 }, "geometry": { "type": "Polygon", "coordinates": [ [ [ 112.986143849303289, -2.118407103010655 ], [ 112.986323512360116, -2.118407103010655 ], [ 112.986323512360116, -2.118227439953832 ], [ 112.986143849303289, -2.118227439953832 ], [ 112.986143849303289, -2.118407103010655 ] ] ] } },
{ "type": "Feature", "properties": { "count": 1, "label": 1, "cluster_id": 16 }, "geometry": { "type": "Polygon", "coordinates": [ [ [ 112.986143849303289, -2.147512518216128 ], [ 112.986323512360116, -2.147512518216128 ], [ 112.986323512360116, -2.147332855159304 ], [ 112.986143849303289, -2.147332855159304 ], [ 112.986143849303289, -2.147512518216128 ] ] ] } },
{ "type": "Feature", "properties": { "count": 6, "label": 1, "cluster_id": 16 }, "geometry": { "type": "Polygon", "coordinates": [ [ [ 112.986503175416928, -2.114274852703706 ], [ 112.986503175416928, -2.114634178817353 ], [ 112.986323512360116, -2.114634178817353 ], [ 112.986323512360116, -2.114993504931002 ], [ 112.986682838473754, -2.114993504931002 ], [ 112.986682838473754, -2.114274852703706 ], [ 112.986503175416928, -2.114274852703706 ] ] ] } },
{ "type": "Feature", "properties": { "count": 1, "label": 1, "cluster_id": 16 }, "geometry": { "type": "Polygon", "coordinates": [ [ [ 112.986503175416928, -2.135834419522574 ], [ 112.986682838473754, -2.135834419522574 ], [ 112.986682838473754, -2.13565475646575 ], [ 112.986503175416928, -2.13565475646575 ], [ 112.986503175416928, -2.135834419522574 ] ] ] } },
{ "type": "Feature", "properties": { "count": 8, "label": 1, "cluster_id": 16 }, "geometry": { "type": "Polygon", "coordinates": [ [ [ 112.986143849303289, -2.108884960998989 ], [ 112.986143849303289, -2.109244287112636 ], [ 112.986323512360116, -2.109244287112636 ], [ 112.986323512360116, -2.10942395016946 ], [ 112.986682838473754, -2.10942395016946 ], [ 112.986682838473754, -2.109244287112636 ], [ 112.986503175416928, -2.109244287112636 ], [ 112.986503175416928, -2.109064624055812 ], [ 112.986862501530581, -2.109064624055812 ], [ 112.986862501530581, -2.108884960998989 ], [ 112.986143849303289, -2.108884960998989 ] ] ] } },
{ "type": "Feature", "properties": { "count": 13, "label": 1, "cluster_id": 16 }, "geometry": { "type": "Polygon", "coordinates": [ [ [ 112.986503175416928, -2.111579906851347 ], [ 112.986503175416928, -2.111759569908171 ], [ 112.986682838473754, -2.111759569908171 ], [ 112.986682838473754, -2.112118896021819 ], [ 112.986862501530581, -2.112118896021819 ], [ 112.986862501530581, -2.112837548249114 ], [ 112.987221827644234, -2.112837548249114 ], [ 112.987221827644234, -2.112118896021819 ], [ 112.987042164587407, -2.112118896021819 ], [ 112.987042164587407, -2.111939232964995 ], [ 112.986862501530581, -2.111939232964995 ], [ 112.986862501530581, -2.111579906851347 ], [ 112.986503175416928, -2.111579906851347 ] ] ] } },
{ "type": "Feature", "properties": { "count": 2, "label": 1, "cluster_id": 16 }, "geometry": { "type": "Polygon", "coordinates": [ [ [ 112.986682838473754, -2.114274852703706 ], [ 112.986862501530581, -2.114274852703706 ], [ 112.986862501530581, -2.113915526590058 ], [ 112.986682838473754, -2.113915526590058 ], [ 112.986682838473754, -2.114274852703706 ] ] ] } },
{ "type": "Feature", "properties": { "count": 3, "label": 1, "cluster_id": 16 }, "geometry": { "type": "Polygon", "coordinates": [ [ [ 112.986682838473754, -2.126851266681379 ], [ 112.986682838473754, -2.127030929738203 ], [ 112.986503175416928, -2.127030929738203 ], [ 112.986503175416928, -2.127210592795027 ], [ 112.986862501530581, -2.127210592795027 ], [ 112.986862501530581, -2.126851266681379 ], [ 112.986682838473754, -2.126851266681379 ] ] ] } },
{ "type": "Feature", "properties": { "count": 4, "label": 1, "cluster_id": 16 }, "geometry": { "type": "Polygon", "coordinates": [ [ [ 112.986862501530581, -2.113915526590058 ], [ 112.987042164587407, -2.113915526590058 ], [ 112.987042164587407, -2.113196874362762 ], [ 112.986862501530581, -2.113196874362762 ], [ 112.986862501530581, -2.113915526590058 ] ] ] } },
{ "type": "Feature", "properties": { "count": 207, "label": 1, "cluster_id": 16 }, "geometry": { "type": "Polygon", "coordinates": [ [ [ 112.987042164587407, -2.115173167987825 ], [ 112.987042164587407, -2.115532494101473 ], [ 112.986862501530581, -2.115532494101473 ], [ 112.986862501530581, -2.115352831044649 ], [ 112.986503175416928, -2.115352831044649 ], [ 112.986503175416928, -2.115891820215121 ], [ 112.986682838473754, -2.115891820215121 ], [ 112.986682838473754, -2.116071483271945 ], [ 112.987042164587407, -2.116071483271945 ], [ 112.987042164587407, -2.116251146328769 ], [ 112.987760816814699, -2.116251146328769 ], [ 112.987760816814699, -2.116071483271945 ], [ 112.987940479871526, -2.116071483271945 ], [ 112.987940479871526, -2.116251146328769 ], [ 112.987760816814699, -2.116251146328769 ], [ 112.987760816814699, -2.116610472442416 ], [ 112.987940479871526, -2.116610472442416 ], [ 112.987940479871526, -2.11679013549924 ], [ 112.987760816814699, -2.11679013549924 ], [ 112.987760816814699, -2.117149461612888 ], [ 112.988479469041991, -2.117149461612888 ], [ 112.988479469041991, -2.117329124669712 ], [ 112.988659132098817, -2.117329124669712 ], [ 112.988659132098817, -2.117149461612888 ], [ 112.988838795155644, -2.117149461612888 ], [ 112.988838795155644, -2.117329124669712 ], [ 112.98901845821247, -2.117329124669712 ], [ 112.98901845821247, -2.11768845078336 ], [ 112.988479469041991, -2.11768845078336 ], [ 112.988479469041991, -2.117329124669712 ], [ 112.988299805985179, -2.117329124669712 ], [ 112.988299805985179, -2.117868113840184 ], [ 112.988120142928352, -2.117868113840184 ], [ 112.988120142928352, -2.118047776897008 ], [ 112.987940479871526, -2.118047776897008 ], [ 112.987940479871526, -2.118227439953832 ], [ 112.98740149070106, -2.118227439953832 ], [ 112.98740149070106, -2.118047776897008 ], [ 112.987221827644234, -2.118047776897008 ], [ 112.987221827644234, -2.117868113840184 ], [ 112.98740149070106, -2.117868113840184 ], [ 112.98740149070106, -2.11768845078336 ], [ 112.987581153757873, -2.11768845078336 ], [ 112.987581153757873, -2.117508787726536 ], [ 112.987042164587407, -2.117508787726536 ], [ 112.987042164587407, -2.117149461612888 ], [ 112.986862501530581, -2.117149461612888 ], [ 112.986862501530581, -2.116969798556064 ], [ 112.986682838473754, -2.116969798556064 ], [ 112.986682838473754, -2.117329124669712 ], [ 112.986503175416928, -2.117329124669712 ], [ 112.986503175416928, -2.117508787726536 ], [ 112.986323512360116, -2.117508787726536 ], [ 112.986323512360116, -2.11768845078336 ], [ 112.986503175416928, -2.11768845078336 ], [ 112.986503175416928, -2.117868113840184 ], [ 112.986682838473754, -2.117868113840184 ], [ 112.986682838473754, -2.118047776897008 ], [ 112.986862501530581, -2.118047776897008 ], [ 112.986862501530581, -2.118407103010655 ], [ 112.986682838473754, -2.118407103010655 ], [ 112.986682838473754, -2.118586766067479 ], [ 112.986862501530581, -2.118586766067479 ], [ 112.986862501530581, -2.118766429124304 ], [ 112.987221827644234, -2.118766429124304 ], [ 112.987221827644234, -2.118586766067479 ], [ 112.987581153757873, -2.118586766067479 ], [ 112.987581153757873, -2.118407103010655 ], [ 112.988299805985179, -2.118407103010655 ], [ 112.988299805985179, -2.118586766067479 ], [ 112.988479469041991, -2.118586766067479 ], [ 112.988479469041991, -2.118766429124304 ], [ 112.988659132098817, -2.118766429124304 ], [ 112.988659132098817, -2.118946092181127 ], [ 112.988838795155644, -2.118946092181127 ], [ 112.988838795155644, -2.119485081351599 ], [ 112.98901845821247, -2.119485081351599 ], [ 112.98901845821247, -2.119125755237951 ], [ 112.989377784326123, -2.119125755237951 ], [ 112.989377784326123, -2.118766429124304 ], [ 112.988838795155644, -2.118766429124304 ], [ 112.988838795155644, -2.118407103010655 ], [ 112.98901845821247, -2.118407103010655 ], [ 112.98901845821247, -2.118227439953832 ], [ 112.989737110439762, -2.118227439953832 ], [ 112.989737110439762, -2.118407103010655 ], [ 112.989916773496589, -2.118407103010655 ], [ 112.989916773496589, -2.118227439953832 ], [ 112.990096436553415, -2.118227439953832 ], [ 112.990096436553415, -2.118407103010655 ], [ 112.990276099610242, -2.118407103010655 ], [ 112.990276099610242, -2.118586766067479 ], [ 112.990096436553415, -2.118586766067479 ], [ 112.990096436553415, -2.119125755237951 ], [ 112.990276099610242, -2.119125755237951 ], [ 112.990276099610242, -2.119485081351599 ], [ 112.990455762667054, -2.119485081351599 ], [ 112.990455762667054, -2.119844407465247 ], [ 112.990994751837533, -2.119844407465247 ], [ 112.990994751837533, -2.119305418294775 ], [ 112.99117441489436, -2.119305418294775 ], [ 112.99117441489436, -2.119125755237951 ], [ 112.991354077951186, -2.119125755237951 ], [ 112.991354077951186, -2.118946092181127 ], [ 112.99117441489436, -2.118946092181127 ], [ 112.99117441489436, -2.118407103010655 ], [ 112.990994751837533, -2.118407103010655 ], [ 112.990994751837533, -2.119125755237951 ], [ 112.990815088780707, -2.119125755237951 ], [ 112.990815088780707, -2.118766429124304 ], [ 112.99063542572388, -2.118766429124304 ], [ 112.99063542572388, -2.118407103010655 ], [ 112.990994751837533, -2.118407103010655 ], [ 112.990994751837533, -2.118227439953832 ], [ 112.990815088780707, -2.118227439953832 ], [ 112.990815088780707, -2.118047776897008 ], [ 112.99063542572388, -2.118047776897008 ], [ 112.99063542572388, -2.118227439953832 ], [ 112.990455762667054, -2.118227439953832 ], [ 112.990455762667054, -2.118047776897008 ], [ 112.990096436553415, -2.118047776897008 ], [ 112.990096436553415, -2.117868113840184 ], [ 112.989737110439762, -2.117868113840184 ], [ 112.989737110439762, -2.11768845078336 ], [ 112.989377784326123, -2.11768845078336 ], [ 112.989377784326123, -2.117149461612888 ], [ 112.989557447382936, -2.117149461612888 ], [ 112.989557447382936, -2.116969798556064 ], [ 112.989198121269297, -2.116969798556064 ], [ 112.989198121269297, -2.116610472442416 ], [ 112.98901845821247, -2.116610472442416 ], [ 112.98901845821247, -2.116430809385593 ], [ 112.988299805985179, -2.116430809385593 ], [ 112.988299805985179, -2.116610472442416 ], [ 112.988120142928352, -2.116610472442416 ], [ 112.988120142928352, -2.116430809385593 ], [ 112.988299805985179, -2.116430809385593 ], [ 112.988299805985179, -2.115891820215121 ], [ 112.988120142928352, -2.115891820215121 ], [ 112.988120142928352, -2.115712157158297 ], [ 112.987940479871526, -2.115712157158297 ], [ 112.987940479871526, -2.115532494101473 ], [ 112.987760816814699, -2.115532494101473 ], [ 112.987760816814699, -2.115891820215121 ], [ 112.987581153757873, -2.115891820215121 ], [ 112.987581153757873, -2.115532494101473 ], [ 112.987760816814699, -2.115532494101473 ], [ 112.987760816814699, -2.115352831044649 ], [ 112.98740149070106, -2.115352831044649 ], [ 112.98740149070106, -2.115532494101473 ], [ 112.987221827644234, -2.115532494101473 ], [ 112.987221827644234, -2.115173167987825 ], [ 112.987042164587407, -2.115173167987825 ] ], [ [ 112.988659132098817, -2.116610472442416 ], [ 112.988479469041991, -2.116610472442416 ], [ 112.988479469041991, -2.11679013549924 ], [ 112.988299805985179, -2.11679013549924 ], [ 112.988299805985179, -2.116969798556064 ], [ 112.988659132098817, -2.116969798556064 ], [ 112.988659132098817, -2.116610472442416 ] ] ] } },
{ "type": "Feature", "properties": { "count": 1, "label": 1, "cluster_id": 16 }, "geometry": { "type": "Polygon", "coordinates": [ [ [ 112.987042164587407, -2.146434539875185 ], [ 112.987221827644234, -2.146434539875185 ], [ 112.987221827644234, -2.146254876818361 ], [ 112.987042164587407, -2.146254876818361 ], [ 112.987042164587407, -2.146434539875185 ] ] ] } },
{ "type": "Feature", "properties": { "count": 2, "label": 1, "cluster_id": 16 }, "geometry": { "type": "Polygon", "coordinates": [ [ [ 112.987221827644234, -2.130444527817857 ], [ 112.98740149070106, -2.130444527817857 ], [ 112.98740149070106, -2.130085201704209 ], [ 112.987221827644234, -2.130085201704209 ], [ 112.987221827644234, -2.130444527817857 ] ] ] } },
{ "type": "Feature", "properties": { "count": 1, "label": 1, "cluster_id": 16 }, "geometry": { "type": "Polygon", "coordinates": [ [ [ 112.987221827644234, -2.132241158386096 ], [ 112.98740149070106, -2.132241158386096 ], [ 112.98740149070106, -2.132061495329272 ], [ 112.987221827644234, -2.132061495329272 ], [ 112.987221827644234, -2.132241158386096 ] ] ] } },
{ "type": "Feature", "properties": { "count": 5, "label": 1, "cluster_id": 16 }, "geometry": { "type": "Polygon", "coordinates": [ [ [ 112.987760816814699, -2.129546212533738 ], [ 112.987760816814699, -2.129725875590561 ], [ 112.987940479871526, -2.129725875590561 ], [ 112.987940479871526, -2.129905538647385 ], [ 112.988479469041991, -2.129905538647385 ], [ 112.988479469041991, -2.129725875590561 ], [ 112.988120142928352, -2.129725875590561 ], [ 112.988120142928352, -2.129546212533738 ], [ 112.987760816814699, -2.129546212533738 ] ] ] } },
{ "type": "Feature", "properties": { "count": 12, "label": 1, "cluster_id": 16 }, "geometry": { "type": "Polygon", "coordinates": [ [ [ 112.987760816814699, -2.132061495329272 ], [ 112.987760816814699, -2.13242082144292 ], [ 112.988120142928352, -2.13242082144292 ], [ 112.988120142928352, -2.132600484499744 ], [ 112.988299805985179, -2.132600484499744 ], [ 112.988299805985179, -2.132959810613392 ], [ 112.988479469041991, -2.132959810613392 ], [ 112.988479469041991, -2.132780147556568 ], [ 112.988659132098817, -2.132780147556568 ], [ 112.988659132098817, -2.13242082144292 ], [ 112.988479469041991, -2.13242082144292 ], [ 112.988479469041991, -2.132241158386096 ], [ 112.988120142928352, -2.132241158386096 ], [ 112.988120142928352, -2.132061495329272 ], [ 112.987760816814699, -2.132061495329272 ] ] ] } },
{ "type": "Feature", "properties": { "count": 7, "label": 1, "cluster_id": 16 }, "geometry": { "type": "Polygon", "coordinates": [ [ [ 112.987940479871526, -2.134397115067983 ], [ 112.987940479871526, -2.134756441181631 ], [ 112.987760816814699, -2.134756441181631 ], [ 112.987760816814699, -2.134936104238455 ], [ 112.987581153757873, -2.134936104238455 ], [ 112.987581153757873, -2.135115767295279 ], [ 112.988120142928352, -2.135115767295279 ], [ 112.988120142928352, -2.134397115067983 ], [ 112.987940479871526, -2.134397115067983 ] ] ] } },
{ "type": "Feature", "properties": { "count": 11, "label": 1, "cluster_id": 16 }, "geometry": { "type": "Polygon", "coordinates": [ [ [ 112.987940479871526, -2.11445451576053 ], [ 112.987940479871526, -2.115352831044649 ], [ 112.988120142928352, -2.115352831044649 ], [ 112.988120142928352, -2.115173167987825 ], [ 112.988299805985179, -2.115173167987825 ], [ 112.988299805985179, -2.114813841874177 ], [ 112.988479469041991, -2.114813841874177 ], [ 112.988479469041991, -2.11445451576053 ], [ 112.987940479871526, -2.11445451576053 ] ] ] } },
{ "type": "Feature", "properties": { "count": 5, "label": 1, "cluster_id": 16 }, "geometry": { "type": "Polygon", "coordinates": [ [ [ 112.988479469041991, -2.132959810613392 ], [ 112.988479469041991, -2.133498799783863 ], [ 112.988838795155644, -2.133498799783863 ], [ 112.988838795155644, -2.133139473670216 ], [ 112.988659132098817, -2.133139473670216 ], [ 112.988659132098817, -2.132959810613392 ], [ 112.988479469041991, -2.132959810613392 ] ] ] } },
{ "type": "Feature", "properties": { "count": 5, "label": 1, "cluster_id": 16 }, "geometry": { "type": "Polygon", "coordinates": [ [ [ 112.988299805985179, -2.133858125897511 ], [ 112.988299805985179, -2.134217452011159 ], [ 112.988120142928352, -2.134217452011159 ], [ 112.988120142928352, -2.134397115067983 ], [ 112.988479469041991, -2.134397115067983 ], [ 112.988479469041991, -2.134037788954335 ], [ 112.988659132098817, -2.134037788954335 ], [ 112.988659132098817, -2.133858125897511 ], [ 112.988299805985179, -2.133858125897511 ] ] ] } },
{ "type": "Feature", "properties": { "count": 1, "label": 1, "cluster_id": 16 }, "geometry": { "type": "Polygon", "coordinates": [ [ [ 112.988479469041991, -2.166556802239462 ], [ 112.988659132098817, -2.166556802239462 ], [ 112.988659132098817, -2.166377139182638 ], [ 112.988479469041991, -2.166377139182638 ], [ 112.988479469041991, -2.166556802239462 ] ] ] } },
{ "type": "Feature", "properties": { "count": 1, "label": 1, "cluster_id": 16 }, "geometry": { "type": "Polygon", "coordinates": [ [ [ 112.988659132098817, -2.109962939339932 ], [ 112.988838795155644, -2.109962939339932 ], [ 112.988838795155644, -2.109783276283108 ], [ 112.988659132098817, -2.109783276283108 ], [ 112.988659132098817, -2.109962939339932 ] ] ] } },
{ "type": "Feature", "properties": { "count": 1, "label": 1, "cluster_id": 16 }, "geometry": { "type": "Polygon", "coordinates": [ [ [ 112.988659132098817, -2.166736465296286 ], [ 112.988838795155644, -2.166736465296286 ], [ 112.988838795155644, -2.166556802239462 ], [ 112.988659132098817, -2.166556802239462 ], [ 112.988659132098817, -2.166736465296286 ] ] ] } },
{ "type": "Feature", "properties": { "count": 2, "label": 1, "cluster_id": 16 }, "geometry": { "type": "Polygon", "coordinates": [ [ [ 112.988838795155644, -2.109603613226284 ], [ 112.98901845821247, -2.109603613226284 ], [ 112.98901845821247, -2.109244287112636 ], [ 112.988838795155644, -2.109244287112636 ], [ 112.988838795155644, -2.109603613226284 ] ] ] } },
{ "type": "Feature", "properties": { "count": 1, "label": 1, "cluster_id": 16 }, "geometry": { "type": "Polygon", "coordinates": [ [ [ 112.988838795155644, -2.112298559078643 ], [ 112.98901845821247, -2.112298559078643 ], [ 112.98901845821247, -2.112118896021819 ], [ 112.988838795155644, -2.112118896021819 ], [ 112.988838795155644, -2.112298559078643 ] ] ] } },
{ "type": "Feature", "properties": { "count": 2, "label": 1, "cluster_id": 16 }, "geometry": { "type": "Polygon", "coordinates": [ [ [ 112.989198121269297, -2.111400243794523 ], [ 112.989557447382936, -2.111400243794523 ], [ 112.989557447382936, -2.1112205807377 ], [ 112.989198121269297, -2.1112205807377 ], [ 112.989198121269297, -2.111400243794523 ] ] ] } },
{ "type": "Feature", "properties": { "count": 1, "label": 1, "cluster_id": 16 }, "geometry": { "type": "Polygon", "coordinates": [ [ [ 112.989557447382936, -2.111579906851347 ], [ 112.989737110439762, -2.111579906851347 ], [ 112.989737110439762, -2.111400243794523 ], [ 112.989557447382936, -2.111400243794523 ], [ 112.989557447382936, -2.111579906851347 ] ] ] } },
{ "type": "Feature", "properties": { "count": 3, "label": 1, "cluster_id": 16 }, "geometry": { "type": "Polygon", "coordinates": [ [ [ 112.989557447382936, -2.174461976739714 ], [ 112.989557447382936, -2.174641639796538 ], [ 112.989377784326123, -2.174641639796538 ], [ 112.989377784326123, -2.174821302853362 ], [ 112.989737110439762, -2.174821302853362 ], [ 112.989737110439762, -2.174461976739714 ], [ 112.989557447382936, -2.174461976739714 ] ] ] } },
{ "type": "Feature", "properties": { "count": 8, "label": 1, "cluster_id": 16 }, "geometry": { "type": "Polygon", "coordinates": [ [ [ 112.989737110439762, -2.111579906851347 ], [ 112.989737110439762, -2.111759569908171 ], [ 112.989557447382936, -2.111759569908171 ], [ 112.989557447382936, -2.112118896021819 ], [ 112.989198121269297, -2.112118896021819 ], [ 112.989198121269297, -2.112298559078643 ], [ 112.989557447382936, -2.112298559078643 ], [ 112.989557447382936, -2.112478222135467 ], [ 112.989737110439762, -2.112478222135467 ], [ 112.989737110439762, -2.111939232964995 ], [ 112.989916773496589, -2.111939232964995 ], [ 112.989916773496589, -2.111579906851347 ], [ 112.989737110439762, -2.111579906851347 ] ] ] } },
{ "type": "Feature", "properties": { "count": 4, "label": 1, "cluster_id": 16 }, "geometry": { "type": "Polygon", "coordinates": [ [ [ 112.989377784326123, -2.138349702318109 ], [ 112.989377784326123, -2.138709028431757 ], [ 112.989557447382936, -2.138709028431757 ], [ 112.989557447382936, -2.138529365374933 ], [ 112.989916773496589, -2.138529365374933 ], [ 112.989916773496589, -2.138349702318109 ], [ 112.989377784326123, -2.138349702318109 ] ] ] } },
{ "type": "Feature", "properties": { "count": 3, "label": 1, "cluster_id": 16 }, "geometry": { "type": "Polygon", "coordinates": [ [ [ 112.989557447382936, -2.1480515073866 ], [ 112.989557447382936, -2.148231170443424 ], [ 112.989737110439762, -2.148231170443424 ], [ 112.989737110439762, -2.148410833500248 ], [ 112.989916773496589, -2.148410833500248 ], [ 112.989916773496589, -2.1480515073866 ], [ 112.989557447382936, -2.1480515073866 ] ] ] } },
{ "type": "Feature", "properties": { "count": 94, "label": 1, "cluster_id": 16 }, "geometry": { "type": "Polygon", "coordinates": [ [ [ 112.989737110439762, -2.139248017602228 ], [ 112.989737110439762, -2.139427680659052 ], [ 112.989377784326123, -2.139427680659052 ], [ 112.989377784326123, -2.139607343715876 ], [ 112.989198121269297, -2.139607343715876 ], [ 112.989198121269297, -2.1397870067727 ], [ 112.98901845821247, -2.1397870067727 ], [ 112.98901845821247, -2.140864985113644 ], [ 112.989198121269297, -2.140864985113644 ], [ 112.989198121269297, -2.141044648170467 ], [ 112.990276099610242, -2.141044648170467 ], [ 112.990276099610242, -2.140864985113644 ], [ 112.99063542572388, -2.140864985113644 ], [ 112.99063542572388, -2.14068532205682 ], [ 112.990815088780707, -2.14068532205682 ], [ 112.990815088780707, -2.140864985113644 ], [ 112.990994751837533, -2.140864985113644 ], [ 112.990994751837533, -2.141044648170467 ], [ 112.991354077951186, -2.141044648170467 ], [ 112.991354077951186, -2.140505659 ], [ 112.99117441489436, -2.140505659 ], [ 112.99117441489436, -2.1397870067727 ], [ 112.990994751837533, -2.1397870067727 ], [ 112.990994751837533, -2.140146332886348 ], [ 112.990815088780707, -2.140146332886348 ], [ 112.990815088780707, -2.139966669829524 ], [ 112.99063542572388, -2.139966669829524 ], [ 112.99063542572388, -2.1397870067727 ], [ 112.990455762667054, -2.1397870067727 ], [ 112.990455762667054, -2.139427680659052 ], [ 112.990276099610242, -2.139427680659052 ], [ 112.990276099610242, -2.139248017602228 ], [ 112.989737110439762, -2.139248017602228 ] ] ] } },
{ "type": "Feature", "properties": { "count": 1, "label": 1, "cluster_id": 16 }, "geometry": { "type": "Polygon", "coordinates": [ [ [ 112.990276099610242, -2.190631651853865 ], [ 112.990455762667054, -2.190631651853865 ], [ 112.990455762667054, -2.190451988797041 ], [ 112.990276099610242, -2.190451988797041 ], [ 112.990276099610242, -2.190631651853865 ] ] ] } },
{ "type": "Feature", "properties": { "count": 25, "label": 1, "cluster_id": 16 }, "geometry": { "type": "Polygon", "coordinates": [ [ [ 112.99063542572388, -2.114993504931002 ], [ 112.99063542572388, -2.115532494101473 ], [ 112.990276099610242, -2.115532494101473 ], [ 112.990276099610242, -2.115891820215121 ], [ 112.99063542572388, -2.115891820215121 ], [ 112.99063542572388, -2.116071483271945 ], [ 112.990815088780707, -2.116071483271945 ], [ 112.990815088780707, -2.116251146328769 ], [ 112.991533741007999, -2.116251146328769 ], [ 112.991533741007999, -2.115712157158297 ], [ 112.99117441489436, -2.115712157158297 ], [ 112.99117441489436, -2.115532494101473 ], [ 112.990994751837533, -2.115532494101473 ], [ 112.990994751837533, -2.115712157158297 ], [ 112.990815088780707, -2.115712157158297 ], [ 112.990815088780707, -2.115532494101473 ], [ 112.990994751837533, -2.115532494101473 ], [ 112.990994751837533, -2.115173167987825 ], [ 112.990815088780707, -2.115173167987825 ], [ 112.990815088780707, -2.114993504931002 ], [ 112.99063542572388, -2.114993504931002 ] ] ] } },
{ "type": "Feature", "properties": { "count": 1, "label": 1, "cluster_id": 16 }, "geometry": { "type": "Polygon", "coordinates": [ [ [ 112.99063542572388, -2.1397870067727 ], [ 112.990815088780707, -2.1397870067727 ], [ 112.990815088780707, -2.139607343715876 ], [ 112.99063542572388, -2.139607343715876 ], [ 112.99063542572388, -2.1397870067727 ] ] ] } },
{ "type": "Feature", "properties": { "count": 1, "label": 1, "cluster_id": 16 }, "geometry": { "type": "Polygon", "coordinates": [ [ [ 112.99063542572388, -2.146614202932009 ], [ 112.990815088780707, -2.146614202932009 ], [ 112.990815088780707, -2.146434539875185 ], [ 112.99063542572388, -2.146434539875185 ], [ 112.99063542572388, -2.146614202932009 ] ] ] } },
{ "type": "Feature", "properties": { "count": 2, "label": 1, "cluster_id": 16 }, "geometry": { "type": "Polygon", "coordinates": [ [ [ 112.99063542572388, -2.10708833043075 ], [ 112.990994751837533, -2.10708833043075 ], [ 112.990994751837533, -2.106908667373926 ], [ 112.99063542572388, -2.106908667373926 ], [ 112.99063542572388, -2.10708833043075 ] ] ] } },
{ "type": "Feature", "properties": { "count": 1, "label": 1, "cluster_id": 16 }, "geometry": { "type": "Polygon", "coordinates": [ [ [ 112.990815088780707, -2.129546212533738 ], [ 112.990994751837533, -2.129546212533738 ], [ 112.990994751837533, -2.129366549476914 ], [ 112.990815088780707, -2.129366549476914 ], [ 112.990815088780707, -2.129546212533738 ] ] ] } },
{ "type": "Feature", "properties": { "count": 18, "label": 1, "cluster_id": 16 }, "geometry": { "type": "Polygon", "coordinates": [ [ [ 112.990815088780707, -2.137990376204461 ], [ 112.990815088780707, -2.138170039261285 ], [ 112.99063542572388, -2.138170039261285 ], [ 112.99063542572388, -2.138529365374933 ], [ 112.990455762667054, -2.138529365374933 ], [ 112.990455762667054, -2.138888691488581 ], [ 112.990276099610242, -2.138888691488581 ], [ 112.990276099610242, -2.139068354545405 ], [ 112.990455762667054, -2.139068354545405 ], [ 112.990455762667054, -2.139427680659052 ], [ 112.990815088780707, -2.139427680659052 ], [ 112.990815088780707, -2.139607343715876 ], [ 112.990994751837533, -2.139607343715876 ], [ 112.990994751837533, -2.139068354545405 ], [ 112.990815088780707, -2.139068354545405 ], [ 112.990815088780707, -2.138349702318109 ], [ 112.990994751837533, -2.138349702318109 ], [ 112.990994751837533, -2.137990376204461 ], [ 112.990815088780707, -2.137990376204461 ] ] ] } },
{ "type": "Feature", "properties": { "count": 1, "label": 1, "cluster_id": 16 }, "geometry": { "type": "Polygon", "coordinates": [ [ [ 112.990815088780707, -2.145895550704713 ], [ 112.990994751837533, -2.145895550704713 ], [ 112.990994751837533, -2.145715887647889 ], [ 112.990815088780707, -2.145715887647889 ], [ 112.990815088780707, -2.145895550704713 ] ] ] } },
{ "type": "Feature", "properties": { "count": 3, "label": 1, "cluster_id": 16 }, "geometry": { "type": "Polygon", "coordinates": [ [ [ 112.99063542572388, -2.173563661455594 ], [ 112.99063542572388, -2.173743324512418 ], [ 112.990815088780707, -2.173743324512418 ], [ 112.990815088780707, -2.173922987569242 ], [ 112.990994751837533, -2.173922987569242 ], [ 112.990994751837533, -2.173563661455594 ], [ 112.99063542572388, -2.173563661455594 ] ] ] } },
{ "type": "Feature", "properties": { "count": 11, "label": 1, "cluster_id": 16 }, "geometry": { "type": "Polygon", "coordinates": [ [ [ 112.990994751837533, -2.138349702318109 ], [ 112.990994751837533, -2.138888691488581 ], [ 112.99117441489436, -2.138888691488581 ], [ 112.99117441489436, -2.1397870067727 ], [ 112.991354077951186, -2.1397870067727 ], [ 112.991354077951186, -2.139068354545405 ], [ 112.991533741007999, -2.139068354545405 ], [ 112.991533741007999, -2.138888691488581 ], [ 112.991354077951186, -2.138888691488581 ], [ 112.991354077951186, -2.138529365374933 ], [ 112.99117441489436, -2.138529365374933 ], [ 112.99117441489436, -2.138349702318109 ], [ 112.990994751837533, -2.138349702318109 ] ] ] } },
{ "type": "Feature", "properties": { "count": 1, "label": 1, "cluster_id": 16 }, "geometry": { "type": "Polygon", "coordinates": [ [ [ 112.990994751837533, -2.173563661455594 ], [ 112.99117441489436, -2.173563661455594 ], [ 112.99117441489436, -2.17338399839877 ], [ 112.990994751837533, -2.17338399839877 ], [ 112.990994751837533, -2.173563661455594 ] ] ] } },
{ "type": "Feature", "properties": { "count": 10, "label": 1, "cluster_id": 16 }, "geometry": { "type": "Polygon", "coordinates": [ [ [ 112.99117441489436, -2.117329124669712 ], [ 112.99117441489436, -2.117508787726536 ], [ 112.990994751837533, -2.117508787726536 ], [ 112.990994751837533, -2.11768845078336 ], [ 112.990815088780707, -2.11768845078336 ], [ 112.990815088780707, -2.117868113840184 ], [ 112.990994751837533, -2.117868113840184 ], [ 112.990994751837533, -2.118047776897008 ], [ 112.991354077951186, -2.118047776897008 ], [ 112.991354077951186, -2.117868113840184 ], [ 112.991533741007999, -2.117868113840184 ], [ 112.991533741007999, -2.117508787726536 ], [ 112.991354077951186, -2.117508787726536 ], [ 112.991354077951186, -2.117329124669712 ], [ 112.99117441489436, -2.117329124669712 ] ] ] } },
{ "type": "Feature", "properties": { "count": 2, "label": 1, "cluster_id": 16 }, "geometry": { "type": "Polygon", "coordinates": [ [ [ 112.990994751837533, -2.137810713147637 ], [ 112.991354077951186, -2.137810713147637 ], [ 112.991354077951186, -2.137631050090813 ], [ 112.990994751837533, -2.137631050090813 ], [ 112.990994751837533, -2.137810713147637 ] ] ] } },
{ "type": "Feature", "properties": { "count": 22, "label": 1, "cluster_id": 16 }, "geometry": { "type": "Polygon", "coordinates": [ [ [ 112.99117441489436, -2.145715887647889 ], [ 112.99117441489436, -2.146254876818361 ], [ 112.990994751837533, -2.146254876818361 ], [ 112.990994751837533, -2.146434539875185 ], [ 112.99117441489436, -2.146434539875185 ], [ 112.99117441489436, -2.146614202932009 ], [ 112.992252393235304, -2.146614202932009 ], [ 112.992252393235304, -2.146075213761537 ], [ 112.992072730178478, -2.146075213761537 ], [ 112.992072730178478, -2.145895550704713 ], [ 112.991713404064825, -2.145895550704713 ], [ 112.991713404064825, -2.146254876818361 ], [ 112.991533741007999, -2.146254876818361 ], [ 112.991533741007999, -2.146075213761537 ], [ 112.991354077951186, -2.146075213761537 ], [ 112.991354077951186, -2.145715887647889 ], [ 112.99117441489436, -2.145715887647889 ] ] ] } },
{ "type": "Feature", "properties": { "count": 1, "label": 1, "cluster_id": 16 }, "geometry": { "type": "Polygon", "coordinates": [ [ [ 112.99117441489436, -2.187936706001507 ], [ 112.991354077951186, -2.187936706001507 ], [ 112.991354077951186, -2.187757042944682 ], [ 112.99117441489436, -2.187757042944682 ], [ 112.99117441489436, -2.187936706001507 ] ] ] } },
{ "type": "Feature", "properties": { "count": 2, "label": 1, "cluster_id": 16 }, "geometry": { "type": "Polygon", "coordinates": [ [ [ 112.991354077951186, -2.117329124669712 ], [ 112.991533741007999, -2.117329124669712 ], [ 112.991533741007999, -2.116969798556064 ], [ 112.991354077951186, -2.116969798556064 ], [ 112.991354077951186, -2.117329124669712 ] ] ] } },
{ "type": "Feature", "properties": { "count": 1, "label": 1, "cluster_id": 16 }, "geometry": { "type": "Polygon", "coordinates": [ [ [ 112.991354077951186, -2.13565475646575 ], [ 112.991533741007999, -2.13565475646575 ], [ 112.991533741007999, -2.135475093408926 ], [ 112.991354077951186, -2.135475093408926 ], [ 112.991354077951186, -2.13565475646575 ] ] ] } },
{ "type": "Feature", "properties": { "count": 1, "label": 1, "cluster_id": 16 }, "geometry": { "type": "Polygon", "coordinates": [ [ [ 112.991533741007999, -2.135834419522574 ], [ 112.991713404064825, -2.135834419522574 ], [ 112.991713404064825, -2.13565475646575 ], [ 112.991533741007999, -2.13565475646575 ], [ 112.991533741007999, -2.135834419522574 ] ] ] } },
{ "type": "Feature", "properties": { "count": 9, "label": 1, "cluster_id": 16 }, "geometry": { "type": "Polygon", "coordinates": [ [ [ 112.991713404064825, -2.121102048863014 ], [ 112.991713404064825, -2.121281711919838 ], [ 112.991533741007999, -2.121281711919838 ], [ 112.991533741007999, -2.12182070109031 ], [ 112.991893067121651, -2.12182070109031 ], [ 112.991893067121651, -2.121641038033486 ], [ 112.992072730178478, -2.121641038033486 ], [ 112.992072730178478, -2.121281711919838 ], [ 112.991893067121651, -2.121281711919838 ], [ 112.991893067121651, -2.121102048863014 ], [ 112.991713404064825, -2.121102048863014 ] ] ] } },
{ "type": "Feature", "properties": { "count": 1, "label": 1, "cluster_id": 16 }, "geometry": { "type": "Polygon", "coordinates": [ [ [ 112.991713404064825, -2.173024672285123 ], [ 112.991893067121651, -2.173024672285123 ], [ 112.991893067121651, -2.172845009228299 ], [ 112.991713404064825, -2.172845009228299 ], [ 112.991713404064825, -2.173024672285123 ] ] ] } },
{ "type": "Feature", "properties": { "count": 2, "label": 1, "cluster_id": 16 }, "geometry": { "type": "Polygon", "coordinates": [ [ [ 112.991713404064825, -2.166197476125814 ], [ 112.992072730178478, -2.166197476125814 ], [ 112.992072730178478, -2.16601781306899 ], [ 112.991713404064825, -2.16601781306899 ], [ 112.991713404064825, -2.166197476125814 ] ] ] } },
{ "type": "Feature", "properties": { "count": 1, "label": 1, "cluster_id": 16 }, "geometry": { "type": "Polygon", "coordinates": [ [ [ 112.991893067121651, -2.172845009228299 ], [ 112.992072730178478, -2.172845009228299 ], [ 112.992072730178478, -2.172665346171474 ], [ 112.991893067121651, -2.172665346171474 ], [ 112.991893067121651, -2.172845009228299 ] ] ] } },
{ "type": "Feature", "properties": { "count": 5, "label": 1, "cluster_id": 16 }, "geometry": { "type": "Polygon", "coordinates": [ [ [ 112.991893067121651, -2.120383396635718 ], [ 112.991893067121651, -2.120563059692542 ], [ 112.991713404064825, -2.120563059692542 ], [ 112.991713404064825, -2.120742722749366 ], [ 112.992252393235304, -2.120742722749366 ], [ 112.992252393235304, -2.120383396635718 ], [ 112.991893067121651, -2.120383396635718 ] ] ] } },
{ "type": "Feature", "properties": { "count": 3, "label": 1, "cluster_id": 16 }, "geometry": { "type": "Polygon", "coordinates": [ [ [ 112.991893067121651, -2.166736465296286 ], [ 112.991893067121651, -2.16691612835311 ], [ 112.992072730178478, -2.16691612835311 ], [ 112.992072730178478, -2.167095791409934 ], [ 112.992252393235304, -2.167095791409934 ], [ 112.992252393235304, -2.166736465296286 ], [ 112.991893067121651, -2.166736465296286 ] ] ] } },
{ "type": "Feature", "properties": { "count": 1, "label": 1, "cluster_id": 16 }, "geometry": { "type": "Polygon", "coordinates": [ [ [ 112.992611719348943, -2.169970400319116 ], [ 112.99279138240577, -2.169970400319116 ], [ 112.99279138240577, -2.169790737262292 ], [ 112.992611719348943, -2.169790737262292 ], [ 112.992611719348943, -2.169970400319116 ] ] ] } },
{ "type": "Feature", "properties": { "count": 1, "label": 1, "cluster_id": 16 }, "geometry": { "type": "Polygon", "coordinates": [ [ [ 112.99279138240577, -2.107267993487573 ], [ 112.992971045462596, -2.107267993487573 ], [ 112.992971045462596, -2.10708833043075 ], [ 112.99279138240577, -2.10708833043075 ], [ 112.99279138240577, -2.107267993487573 ] ] ] } },
{ "type": "Feature", "properties": { "count": 2, "label": 1, "cluster_id": 16 }, "geometry": { "type": "Polygon", "coordinates": [ [ [ 112.992611719348943, -2.122719016374429 ], [ 112.992971045462596, -2.122719016374429 ], [ 112.992971045462596, -2.122539353317606 ], [ 112.992611719348943, -2.122539353317606 ], [ 112.992611719348943, -2.122719016374429 ] ] ] } },
{ "type": "Feature", "properties": { "count": 7, "label": 1, "cluster_id": 16 }, "geometry": { "type": "Polygon", "coordinates": [ [ [ 112.99279138240577, -2.156136344943675 ], [ 112.99279138240577, -2.156495671057323 ], [ 112.992971045462596, -2.156495671057323 ], [ 112.992971045462596, -2.156675334114147 ], [ 112.993510034633061, -2.156675334114147 ], [ 112.993510034633061, -2.156495671057323 ], [ 112.993330371576249, -2.156495671057323 ], [ 112.993330371576249, -2.156316008000499 ], [ 112.992971045462596, -2.156316008000499 ], [ 112.992971045462596, -2.156136344943675 ], [ 112.99279138240577, -2.156136344943675 ] ] ] } },
{ "type": "Feature", "properties": { "count": 1, "label": 1, "cluster_id": 16 }, "geometry": { "type": "Polygon", "coordinates": [ [ [ 112.99279138240577, -2.170509389489588 ], [ 112.992971045462596, -2.170509389489588 ], [ 112.992971045462596, -2.170329726432764 ], [ 112.99279138240577, -2.170329726432764 ], [ 112.99279138240577, -2.170509389489588 ] ] ] } },
{ "type": "Feature", "properties": { "count": 1, "label": 1, "cluster_id": 16 }, "geometry": { "type": "Polygon", "coordinates": [ [ [ 112.992971045462596, -2.156136344943675 ], [ 112.993150708519423, -2.156136344943675 ], [ 112.993150708519423, -2.155956681886852 ], [ 112.992971045462596, -2.155956681886852 ], [ 112.992971045462596, -2.156136344943675 ] ] ] } },
{ "type": "Feature", "properties": { "count": 2, "label": 1, "cluster_id": 16 }, "geometry": { "type": "Polygon", "coordinates": [ [ [ 112.993150708519423, -2.108166308771693 ], [ 112.993330371576249, -2.108166308771693 ], [ 112.993330371576249, -2.107806982658045 ], [ 112.993150708519423, -2.107806982658045 ], [ 112.993150708519423, -2.108166308771693 ] ] ] } },
{ "type": "Feature", "properties": { "count": 1, "label": 1, "cluster_id": 16 }, "geometry": { "type": "Polygon", "coordinates": [ [ [ 112.993150708519423, -2.171407704773707 ], [ 112.993330371576249, -2.171407704773707 ], [ 112.993330371576249, -2.171228041716883 ], [ 112.993150708519423, -2.171228041716883 ], [ 112.993150708519423, -2.171407704773707 ] ] ] } },
{ "type": "Feature", "properties": { "count": 1, "label": 1, "cluster_id": 16 }, "geometry": { "type": "Polygon", "coordinates": [ [ [ 112.993150708519423, -2.174102650626066 ], [ 112.993330371576249, -2.174102650626066 ], [ 112.993330371576249, -2.173922987569242 ], [ 112.993150708519423, -2.173922987569242 ], [ 112.993150708519423, -2.174102650626066 ] ] ] } },
{ "type": "Feature", "properties": { "count": 8, "label": 1, "cluster_id": 16 }, "geometry": { "type": "Polygon", "coordinates": [ [ [ 112.993150708519423, -2.17428231368289 ], [ 112.993150708519423, -2.174641639796538 ], [ 112.99279138240577, -2.174641639796538 ], [ 112.99279138240577, -2.175180628967009 ], [ 112.992971045462596, -2.175180628967009 ], [ 112.992971045462596, -2.175000965910185 ], [ 112.993150708519423, -2.175000965910185 ], [ 112.993150708519423, -2.174821302853362 ], [ 112.993330371576249, -2.174821302853362 ], [ 112.993330371576249, -2.17428231368289 ], [ 112.993150708519423, -2.17428231368289 ] ] ] } },
{ "type": "Feature", "properties": { "count": 1, "label": 1, "cluster_id": 16 }, "geometry": { "type": "Polygon", "coordinates": [ [ [ 112.993510034633061, -2.138888691488581 ], [ 112.993689697689888, -2.138888691488581 ], [ 112.993689697689888, -2.138709028431757 ], [ 112.993510034633061, -2.138709028431757 ], [ 112.993510034633061, -2.138888691488581 ] ] ] } },
{ "type": "Feature", "properties": { "count": 1, "label": 1, "cluster_id": 16 }, "geometry": { "type": "Polygon", "coordinates": [ [ [ 112.993510034633061, -2.153980388261789 ], [ 112.993689697689888, -2.153980388261789 ], [ 112.993689697689888, -2.153800725204965 ], [ 112.993510034633061, -2.153800725204965 ], [ 112.993510034633061, -2.153980388261789 ] ] ] } },
{ "type": "Feature", "properties": { "count": 5, "label": 1, "cluster_id": 16 }, "geometry": { "type": "Polygon", "coordinates": [ [ [ 112.993330371576249, -2.154160051318613 ], [ 112.993330371576249, -2.15451937743226 ], [ 112.993510034633061, -2.15451937743226 ], [ 112.993510034633061, -2.154699040489084 ], [ 112.993689697689888, -2.154699040489084 ], [ 112.993689697689888, -2.154160051318613 ], [ 112.993330371576249, -2.154160051318613 ] ] ] } },
{ "type": "Feature", "properties": { "count": 3, "label": 1, "cluster_id": 16 }, "geometry": { "type": "Polygon", "coordinates": [ [ [ 112.993689697689888, -2.156495671057323 ], [ 112.993689697689888, -2.156675334114147 ], [ 112.993510034633061, -2.156675334114147 ], [ 112.993510034633061, -2.156854997170971 ], [ 112.993869360746714, -2.156854997170971 ], [ 112.993869360746714, -2.156495671057323 ], [ 112.993689697689888, -2.156495671057323 ] ] ] } },
{ "type": "Feature", "properties": { "count": 1, "label": 1, "cluster_id": 16 }, "geometry": { "type": "Polygon", "coordinates": [ [ [ 112.993869360746714, -2.134576778124807 ], [ 112.994049023803541, -2.134576778124807 ], [ 112.994049023803541, -2.134397115067983 ], [ 112.993869360746714, -2.134397115067983 ], [ 112.993869360746714, -2.134576778124807 ] ] ] } },
{ "type": "Feature", "properties": { "count": 14, "label": 1, "cluster_id": 16 }, "geometry": { "type": "Polygon", "coordinates": [ [ [ 112.993869360746714, -2.139068354545405 ], [ 112.993869360746714, -2.139248017602228 ], [ 112.993510034633061, -2.139248017602228 ], [ 112.993510034633061, -2.139427680659052 ], [ 112.993689697689888, -2.139427680659052 ], [ 112.993689697689888, -2.139607343715876 ], [ 112.994049023803541, -2.139607343715876 ], [ 112.994049023803541, -2.1397870067727 ], [ 112.994228686860367, -2.1397870067727 ], [ 112.994228686860367, -2.139966669829524 ], [ 112.994588012974006, -2.139966669829524 ], [ 112.994588012974006, -2.139607343715876 ], [ 112.99440834991718, -2.139607343715876 ], [ 112.99440834991718, -2.139427680659052 ], [ 112.994228686860367, -2.139427680659052 ], [ 112.994228686860367, -2.139248017602228 ], [ 112.994049023803541, -2.139248017602228 ], [ 112.994049023803541, -2.139068354545405 ], [ 112.993869360746714, -2.139068354545405 ] ] ] } },
{ "type": "Feature", "properties": { "count": 6, "label": 1, "cluster_id": 16 }, "geometry": { "type": "Polygon", "coordinates": [ [ [ 112.993330371576249, -2.149309148784367 ], [ 112.993330371576249, -2.149488811841191 ], [ 112.993689697689888, -2.149488811841191 ], [ 112.993689697689888, -2.149668474898015 ], [ 112.994049023803541, -2.149668474898015 ], [ 112.994049023803541, -2.149309148784367 ], [ 112.993330371576249, -2.149309148784367 ] ] ] } },
{ "type": "Feature", "properties": { "count": 5, "label": 1, "cluster_id": 16 }, "geometry": { "type": "Polygon", "coordinates": [ [ [ 112.993330371576249, -2.156136344943675 ], [ 112.993330371576249, -2.156316008000499 ], [ 112.993869360746714, -2.156316008000499 ], [ 112.993869360746714, -2.156495671057323 ], [ 112.994049023803541, -2.156495671057323 ], [ 112.994049023803541, -2.156136344943675 ], [ 112.993330371576249, -2.156136344943675 ] ] ] } },
{ "type": "Feature", "properties": { "count": 3, "label": 1, "cluster_id": 16 }, "geometry": { "type": "Polygon", "coordinates": [ [ [ 112.993689697689888, -2.171767030887355 ], [ 112.993689697689888, -2.172126357001003 ], [ 112.993869360746714, -2.172126357001003 ], [ 112.993869360746714, -2.171946693944179 ], [ 112.994049023803541, -2.171946693944179 ], [ 112.994049023803541, -2.171767030887355 ], [ 112.993689697689888, -2.171767030887355 ] ] ] } },
{ "type": "Feature", "properties": { "count": 53, "label": 1, "cluster_id": 16 }, "geometry": { "type": "Polygon", "coordinates": [ [ [ 112.993689697689888, -2.147871844329776 ], [ 112.993689697689888, -2.148231170443424 ], [ 112.993330371576249, -2.148231170443424 ], [ 112.993330371576249, -2.148410833500248 ], [ 112.993150708519423, -2.148410833500248 ], [ 112.993150708519423, -2.148590496557071 ], [ 112.993330371576249, -2.148590496557071 ], [ 112.993330371576249, -2.148770159613895 ], [ 112.993150708519423, -2.148770159613895 ], [ 112.993150708519423, -2.148590496557071 ], [ 112.99279138240577, -2.148590496557071 ], [ 112.99279138240577, -2.148770159613895 ], [ 112.992611719348943, -2.148770159613895 ], [ 112.992611719348943, -2.149309148784367 ], [ 112.99279138240577, -2.149309148784367 ], [ 112.99279138240577, -2.149488811841191 ], [ 112.992971045462596, -2.149488811841191 ], [ 112.992971045462596, -2.149668474898015 ], [ 112.993330371576249, -2.149668474898015 ], [ 112.993330371576249, -2.149488811841191 ], [ 112.993150708519423, -2.149488811841191 ], [ 112.993150708519423, -2.149309148784367 ], [ 112.992971045462596, -2.149309148784367 ], [ 112.992971045462596, -2.149129485727543 ], [ 112.993330371576249, -2.149129485727543 ], [ 112.993330371576249, -2.148949822670719 ], [ 112.993869360746714, -2.148949822670719 ], [ 112.993869360746714, -2.149129485727543 ], [ 112.994049023803541, -2.149129485727543 ], [ 112.994049023803541, -2.148770159613895 ], [ 112.994228686860367, -2.148770159613895 ], [ 112.994228686860367, -2.148949822670719 ], [ 112.99440834991718, -2.148949822670719 ], [ 112.99440834991718, -2.149129485727543 ], [ 112.994588012974006, -2.149129485727543 ], [ 112.994588012974006, -2.148949822670719 ], [ 112.994767676030833, -2.148949822670719 ], [ 112.994767676030833, -2.148590496557071 ], [ 112.99440834991718, -2.148590496557071 ], [ 112.99440834991718, -2.1480515073866 ], [ 112.994228686860367, -2.1480515073866 ], [ 112.994228686860367, -2.147871844329776 ], [ 112.993689697689888, -2.147871844329776 ] ] ] } },
{ "type": "Feature", "properties": { "count": 1, "label": 1, "cluster_id": 16 }, "geometry": { "type": "Polygon", "coordinates": [ [ [ 112.994049023803541, -2.149309148784367 ], [ 112.994228686860367, -2.149309148784367 ], [ 112.994228686860367, -2.149129485727543 ], [ 112.994049023803541, -2.149129485727543 ], [ 112.994049023803541, -2.149309148784367 ] ] ] } },
{ "type": "Feature", "properties": { "count": 39, "label": 1, "cluster_id": 16 }, "geometry": { "type": "Polygon", "coordinates": [ [ [ 112.994228686860367, -2.131702169215624 ], [ 112.994228686860367, -2.132061495329272 ], [ 112.993689697689888, -2.132061495329272 ], [ 112.993689697689888, -2.13242082144292 ], [ 112.993510034633061, -2.13242082144292 ], [ 112.993510034633061, -2.132959810613392 ], [ 112.993689697689888, -2.132959810613392 ], [ 112.993689697689888, -2.133678462840687 ], [ 112.993869360746714, -2.133678462840687 ], [ 112.993869360746714, -2.133498799783863 ], [ 112.994049023803541, -2.133498799783863 ], [ 112.994049023803541, -2.133139473670216 ], [ 112.994228686860367, -2.133139473670216 ], [ 112.994228686860367, -2.132959810613392 ], [ 112.99440834991718, -2.132959810613392 ], [ 112.99440834991718, -2.132780147556568 ], [ 112.994588012974006, -2.132780147556568 ], [ 112.994588012974006, -2.132600484499744 ], [ 112.994767676030833, -2.132600484499744 ], [ 112.994767676030833, -2.132061495329272 ], [ 112.994588012974006, -2.132061495329272 ], [ 112.994588012974006, -2.131881832272448 ], [ 112.99440834991718, -2.131881832272448 ], [ 112.99440834991718, -2.131702169215624 ], [ 112.994228686860367, -2.131702169215624 ] ], [ [ 112.994049023803541, -2.132600484499744 ], [ 112.993869360746714, -2.132600484499744 ], [ 112.993869360746714, -2.132959810613392 ], [ 112.994049023803541, -2.132959810613392 ], [ 112.994049023803541, -2.132600484499744 ] ] ] } },
{ "type": "Feature", "properties": { "count": 44, "label": 1, "cluster_id": 16 }, "geometry": { "type": "Polygon", "coordinates": [ [ [ 112.994049023803541, -2.171946693944179 ], [ 112.994049023803541, -2.172306020057827 ], [ 112.994228686860367, -2.172306020057827 ], [ 112.994228686860367, -2.172665346171474 ], [ 112.994049023803541, -2.172665346171474 ], [ 112.994049023803541, -2.172485683114651 ], [ 112.993869360746714, -2.172485683114651 ], [ 112.993869360746714, -2.172306020057827 ], [ 112.993689697689888, -2.172306020057827 ], [ 112.993689697689888, -2.172126357001003 ], [ 112.993510034633061, -2.172126357001003 ], [ 112.993510034633061, -2.172485683114651 ], [ 112.993330371576249, -2.172485683114651 ], [ 112.993330371576249, -2.172665346171474 ], [ 112.993150708519423, -2.172665346171474 ], [ 112.993150708519423, -2.172485683114651 ], [ 112.992971045462596, -2.172485683114651 ], [ 112.992971045462596, -2.173204335341946 ], [ 112.993150708519423, -2.173204335341946 ], [ 112.993150708519423, -2.173024672285123 ], [ 112.993510034633061, -2.173024672285123 ], [ 112.993510034633061, -2.173204335341946 ], [ 112.994228686860367, -2.173204335341946 ], [ 112.994228686860367, -2.17338399839877 ], [ 112.99440834991718, -2.17338399839877 ], [ 112.99440834991718, -2.173204335341946 ], [ 112.994588012974006, -2.173204335341946 ], [ 112.994588012974006, -2.172485683114651 ], [ 112.994767676030833, -2.172485683114651 ], [ 112.994767676030833, -2.172126357001003 ], [ 112.99440834991718, -2.172126357001003 ], [ 112.99440834991718, -2.171946693944179 ], [ 112.994049023803541, -2.171946693944179 ] ], [ [ 112.994228686860367, -2.172845009228299 ], [ 112.994049023803541, -2.172845009228299 ], [ 112.994049023803541, -2.173024672285123 ], [ 112.994228686860367, -2.173024672285123 ], [ 112.994228686860367, -2.172845009228299 ] ] ] } },
{ "type": "Feature", "properties": { "count": 12, "label": 1, "cluster_id": 16 }, "geometry": { "type": "Polygon", "coordinates": [ [ [ 112.994049023803541, -2.130624190874681 ], [ 112.994049023803541, -2.130803853931505 ], [ 112.993869360746714, -2.130803853931505 ], [ 112.993869360746714, -2.131163180045153 ], [ 112.994588012974006, -2.131163180045153 ], [ 112.994588012974006, -2.130983516988329 ], [ 112.994767676030833, -2.130983516988329 ], [ 112.994767676030833, -2.130803853931505 ], [ 112.994588012974006, -2.130803853931505 ], [ 112.994588012974006, -2.130624190874681 ], [ 112.994049023803541, -2.130624190874681 ] ] ] } },
{ "type": "Feature", "properties": { "count": 11, "label": 1, "cluster_id": 16 }, "geometry": { "type": "Polygon", "coordinates": [ [ [ 112.99440834991718, -2.133139473670216 ], [ 112.99440834991718, -2.133678462840687 ], [ 112.994228686860367, -2.133678462840687 ], [ 112.994228686860367, -2.134217452011159 ], [ 112.994049023803541, -2.134217452011159 ], [ 112.994049023803541, -2.134397115067983 ], [ 112.99440834991718, -2.134397115067983 ], [ 112.99440834991718, -2.134217452011159 ], [ 112.994588012974006, -2.134217452011159 ], [ 112.994588012974006, -2.133139473670216 ], [ 112.99440834991718, -2.133139473670216 ] ] ] } },
{ "type": "Feature", "properties": { "count": 2, "label": 1, "cluster_id": 16 }, "geometry": { "type": "Polygon", "coordinates": [ [ [ 112.994228686860367, -2.150566790182134 ], [ 112.994588012974006, -2.150566790182134 ], [ 112.994588012974006, -2.150387127125311 ], [ 112.994228686860367, -2.150387127125311 ], [ 112.994228686860367, -2.150566790182134 ] ] ] } },
{ "type": "Feature", "properties": { "count": 5, "label": 1, "cluster_id": 16 }, "geometry": { "type": "Polygon", "coordinates": [ [ [ 112.99440834991718, -2.171228041716883 ], [ 112.99440834991718, -2.171767030887355 ], [ 112.994767676030833, -2.171767030887355 ], [ 112.994767676030833, -2.171407704773707 ], [ 112.994588012974006, -2.171407704773707 ], [ 112.994588012974006, -2.171228041716883 ], [ 112.99440834991718, -2.171228041716883 ] ] ] } },
{ "type": "Feature", "properties": { "count": 7, "label": 1, "cluster_id": 16 }, "geometry": { "type": "Polygon", "coordinates": [ [ [ 112.994767676030833, -2.152722746864021 ], [ 112.994767676030833, -2.152902409920845 ], [ 112.994588012974006, -2.152902409920845 ], [ 112.994588012974006, -2.153441399091317 ], [ 112.994947339087659, -2.153441399091317 ], [ 112.994947339087659, -2.152722746864021 ], [ 112.994767676030833, -2.152722746864021 ] ] ] } },
{ "type": "Feature", "properties": { "count": 6, "label": 1, "cluster_id": 16 }, "geometry": { "type": "Polygon", "coordinates": [ [ [ 112.994947339087659, -2.132600484499744 ], [ 112.994947339087659, -2.132780147556568 ], [ 112.994588012974006, -2.132780147556568 ], [ 112.994588012974006, -2.133139473670216 ], [ 112.994947339087659, -2.133139473670216 ], [ 112.994947339087659, -2.132959810613392 ], [ 112.995127002144486, -2.132959810613392 ], [ 112.995127002144486, -2.132600484499744 ], [ 112.994947339087659, -2.132600484499744 ] ] ] } },
{ "type": "Feature", "properties": { "count": 1, "label": 1, "cluster_id": 16 }, "geometry": { "type": "Polygon", "coordinates": [ [ [ 112.994947339087659, -2.192068956308456 ], [ 112.995127002144486, -2.192068956308456 ], [ 112.995127002144486, -2.191889293251633 ], [ 112.994947339087659, -2.191889293251633 ], [ 112.994947339087659, -2.192068956308456 ] ] ] } },
{ "type": "Feature", "properties": { "count": 2, "label": 1, "cluster_id": 16 }, "geometry": { "type": "Polygon", "coordinates": [ [ [ 112.994947339087659, -2.109783276283108 ], [ 112.995306665201312, -2.109783276283108 ], [ 112.995306665201312, -2.109603613226284 ], [ 112.994947339087659, -2.109603613226284 ], [ 112.994947339087659, -2.109783276283108 ] ] ] } },
{ "type": "Feature", "properties": { "count": 1, "label": 1, "cluster_id": 16 }, "geometry": { "type": "Polygon", "coordinates": [ [ [ 112.995127002144486, -2.153441399091317 ], [ 112.995306665201312, -2.153441399091317 ], [ 112.995306665201312, -2.153261736034493 ], [ 112.995127002144486, -2.153261736034493 ], [ 112.995127002144486, -2.153441399091317 ] ] ] } },
{ "type": "Feature", "properties": { "count": 1, "label": 1, "cluster_id": 16 }, "geometry": { "type": "Polygon", "coordinates": [ [ [ 112.995127002144486, -2.165838150012166 ], [ 112.995306665201312, -2.165838150012166 ], [ 112.995306665201312, -2.165658486955342 ], [ 112.995127002144486, -2.165658486955342 ], [ 112.995127002144486, -2.165838150012166 ] ] ] } },
{ "type": "Feature", "properties": { "count": 11, "label": 1, "cluster_id": 16 }, "geometry": { "type": "Polygon", "coordinates": [ [ [ 112.994947339087659, -2.190990977967513 ], [ 112.994947339087659, -2.191529967137984 ], [ 112.994767676030833, -2.191529967137984 ], [ 112.994767676030833, -2.191709630194809 ], [ 112.995127002144486, -2.191709630194809 ], [ 112.995127002144486, -2.191889293251633 ], [ 112.995486328258124, -2.191889293251633 ], [ 112.995486328258124, -2.191709630194809 ], [ 112.995306665201312, -2.191709630194809 ], [ 112.995306665201312, -2.190990977967513 ], [ 112.994947339087659, -2.190990977967513 ] ] ] } },
{ "type": "Feature", "properties": { "count": 3, "label": 1, "cluster_id": 16 }, "geometry": { "type": "Polygon", "coordinates": [ [ [ 112.995306665201312, -2.150746453238958 ], [ 112.995306665201312, -2.151105779352606 ], [ 112.995665991314951, -2.151105779352606 ], [ 112.995665991314951, -2.150926116295782 ], [ 112.995486328258124, -2.150926116295782 ], [ 112.995486328258124, -2.150746453238958 ], [ 112.995306665201312, -2.150746453238958 ] ] ] } },
{ "type": "Feature", "properties": { "count": 21, "label": 1, "cluster_id": 16 }, "geometry": { "type": "Polygon", "coordinates": [ [ [ 112.995486328258124, -2.109783276283108 ], [ 112.995486328258124, -2.109962939339932 ], [ 112.995306665201312, -2.109962939339932 ], [ 112.995306665201312, -2.11032226545358 ], [ 112.995127002144486, -2.11032226545358 ], [ 112.995127002144486, -2.110501928510404 ], [ 112.994947339087659, -2.110501928510404 ], [ 112.994947339087659, -2.110681591567228 ], [ 112.995665991314951, -2.110681591567228 ], [ 112.995665991314951, -2.110501928510404 ], [ 112.99620498048543, -2.110501928510404 ], [ 112.99620498048543, -2.109962939339932 ], [ 112.995665991314951, -2.109962939339932 ], [ 112.995665991314951, -2.109783276283108 ], [ 112.995486328258124, -2.109783276283108 ] ] ] } },
{ "type": "Feature", "properties": { "count": 2, "label": 1, "cluster_id": 16 }, "geometry": { "type": "Polygon", "coordinates": [ [ [ 112.995486328258124, -2.153261736034493 ], [ 112.995665991314951, -2.153261736034493 ], [ 112.995665991314951, -2.152902409920845 ], [ 112.995486328258124, -2.152902409920845 ], [ 112.995486328258124, -2.153261736034493 ] ] ] } },
{ "type": "Feature", "properties": { "count": 4, "label": 1, "cluster_id": 16 }, "geometry": { "type": "Polygon", "coordinates": [ [ [ 112.995306665201312, -2.190811314910689 ], [ 112.995306665201312, -2.190990977967513 ], [ 112.995486328258124, -2.190990977967513 ], [ 112.995486328258124, -2.191350304081161 ], [ 112.995665991314951, -2.191350304081161 ], [ 112.995665991314951, -2.190811314910689 ], [ 112.995306665201312, -2.190811314910689 ] ] ] } },
{ "type": "Feature", "properties": { "count": 1, "label": 1, "cluster_id": 16 }, "geometry": { "type": "Polygon", "coordinates": [ [ [ 112.995665991314951, -2.150926116295782 ], [ 112.995845654371777, -2.150926116295782 ], [ 112.995845654371777, -2.150746453238958 ], [ 112.995665991314951, -2.150746453238958 ], [ 112.995665991314951, -2.150926116295782 ] ] ] } },
{ "type": "Feature", "properties": { "count": 10, "label": 1, "cluster_id": 16 }, "geometry": { "type": "Polygon", "coordinates": [ [ [ 112.995665991314951, -2.185421423205972 ], [ 112.995665991314951, -2.185601086262796 ], [ 112.995486328258124, -2.185601086262796 ], [ 112.995486328258124, -2.186140075433268 ], [ 112.995665991314951, -2.186140075433268 ], [ 112.995665991314951, -2.186319738490091 ], [ 112.996025317428604, -2.186319738490091 ], [ 112.996025317428604, -2.185960412376444 ], [ 112.995845654371777, -2.185960412376444 ], [ 112.995845654371777, -2.185421423205972 ], [ 112.995665991314951, -2.185421423205972 ] ] ] } },
{ "type": "Feature", "properties": { "count": 2, "label": 1, "cluster_id": 16 }, "geometry": { "type": "Polygon", "coordinates": [ [ [ 112.995845654371777, -2.108345971828517 ], [ 112.996025317428604, -2.108345971828517 ], [ 112.996025317428604, -2.107986645714869 ], [ 112.995845654371777, -2.107986645714869 ], [ 112.995845654371777, -2.108345971828517 ] ] ] } },
{ "type": "Feature", "properties": { "count": 1, "label": 1, "cluster_id": 16 }, "geometry": { "type": "Polygon", "coordinates": [ [ [ 112.995845654371777, -2.184523107921852 ], [ 112.996025317428604, -2.184523107921852 ], [ 112.996025317428604, -2.184343444865029 ], [ 112.995845654371777, -2.184343444865029 ], [ 112.995845654371777, -2.184523107921852 ] ] ] } },
{ "type": "Feature", "properties": { "count": 2, "label": 1, "cluster_id": 16 }, "geometry": { "type": "Polygon", "coordinates": [ [ [ 112.996025317428604, -2.153082072977669 ], [ 112.99620498048543, -2.153082072977669 ], [ 112.99620498048543, -2.152722746864021 ], [ 112.996025317428604, -2.152722746864021 ], [ 112.996025317428604, -2.153082072977669 ] ] ] } },
{ "type": "Feature", "properties": { "count": 130, "label": 1, "cluster_id": 16 }, "geometry": { "type": "Polygon", "coordinates": [ [ [ 112.996025317428604, -2.13331913672704 ], [ 112.996025317428604, -2.133498799783863 ], [ 112.995845654371777, -2.133498799783863 ], [ 112.995845654371777, -2.13331913672704 ], [ 112.995306665201312, -2.13331913672704 ], [ 112.995306665201312, -2.133858125897511 ], [ 112.995127002144486, -2.133858125897511 ], [ 112.995127002144486, -2.134037788954335 ], [ 112.994947339087659, -2.134037788954335 ], [ 112.994947339087659, -2.134397115067983 ], [ 112.994767676030833, -2.134397115067983 ], [ 112.994767676030833, -2.134576778124807 ], [ 112.99440834991718, -2.134576778124807 ], [ 112.99440834991718, -2.134756441181631 ], [ 112.994228686860367, -2.134756441181631 ], [ 112.994228686860367, -2.134936104238455 ], [ 112.994049023803541, -2.134936104238455 ], [ 112.994049023803541, -2.13565475646575 ], [ 112.993869360746714, -2.13565475646575 ], [ 112.993869360746714, -2.136014082579398 ], [ 112.994049023803541, -2.136014082579398 ], [ 112.994049023803541, -2.136193745636222 ], [ 112.994228686860367, -2.136193745636222 ], [ 112.994228686860367, -2.135834419522574 ], [ 112.99440834991718, -2.135834419522574 ], [ 112.99440834991718, -2.136014082579398 ], [ 112.994588012974006, -2.136014082579398 ], [ 112.994588012974006, -2.136732734806694 ], [ 112.994767676030833, -2.136732734806694 ], [ 112.994767676030833, -2.13655307174987 ], [ 112.994947339087659, -2.13655307174987 ], [ 112.994947339087659, -2.136373408693046 ], [ 112.995127002144486, -2.136373408693046 ], [ 112.995127002144486, -2.136193745636222 ], [ 112.995306665201312, -2.136193745636222 ], [ 112.995306665201312, -2.136014082579398 ], [ 112.995486328258124, -2.136014082579398 ], [ 112.995486328258124, -2.135834419522574 ], [ 112.995665991314951, -2.135834419522574 ], [ 112.995665991314951, -2.13565475646575 ], [ 112.995845654371777, -2.13565475646575 ], [ 112.995845654371777, -2.134936104238455 ], [ 112.996025317428604, -2.134936104238455 ], [ 112.996025317428604, -2.133858125897511 ], [ 112.996384643542243, -2.133858125897511 ], [ 112.996384643542243, -2.133678462840687 ], [ 112.996564306599069, -2.133678462840687 ], [ 112.996564306599069, -2.133498799783863 ], [ 112.996384643542243, -2.133498799783863 ], [ 112.996384643542243, -2.13331913672704 ], [ 112.996025317428604, -2.13331913672704 ] ] ] } },
{ "type": "Feature", "properties": { "count": 1, "label": 1, "cluster_id": 16 }, "geometry": { "type": "Polygon", "coordinates": [ [ [ 112.99620498048543, -2.153261736034493 ], [ 112.996384643542243, -2.153261736034493 ], [ 112.996384643542243, -2.153082072977669 ], [ 112.99620498048543, -2.153082072977669 ], [ 112.99620498048543, -2.153261736034493 ] ] ] } },
{ "type": "Feature", "properties": { "count": 2, "label": 1, "cluster_id": 16 }, "geometry": { "type": "Polygon", "coordinates": [ [ [ 112.996384643542243, -2.132780147556568 ], [ 112.996564306599069, -2.132780147556568 ], [ 112.996564306599069, -2.13242082144292 ], [ 112.996384643542243, -2.13242082144292 ], [ 112.996384643542243, -2.132780147556568 ] ] ] } },
{ "type": "Feature", "properties": { "count": 1, "label": 1, "cluster_id": 16 }, "geometry": { "type": "Polygon", "coordinates": [ [ [ 112.996564306599069, -2.143380267909178 ], [ 112.996743969655896, -2.143380267909178 ], [ 112.996743969655896, -2.143200604852354 ], [ 112.996564306599069, -2.143200604852354 ], [ 112.996564306599069, -2.143380267909178 ] ] ] } },
{ "type": "Feature", "properties": { "count": 8, "label": 1, "cluster_id": 16 }, "geometry": { "type": "Polygon", "coordinates": [ [ [ 112.996743969655896, -2.127929245022322 ], [ 112.996743969655896, -2.128108908079146 ], [ 112.99620498048543, -2.128108908079146 ], [ 112.99620498048543, -2.127929245022322 ], [ 112.996025317428604, -2.127929245022322 ], [ 112.996025317428604, -2.128468234192794 ], [ 112.99620498048543, -2.128468234192794 ], [ 112.99620498048543, -2.12828857113597 ], [ 112.996923632712722, -2.12828857113597 ], [ 112.996923632712722, -2.127929245022322 ], [ 112.996743969655896, -2.127929245022322 ] ] ] } },
{ "type": "Feature", "properties": { "count": 1, "label": 1, "cluster_id": 16 }, "geometry": { "type": "Polygon", "coordinates": [ [ [ 112.996923632712722, -2.165478823898519 ], [ 112.997103295769548, -2.165478823898519 ], [ 112.997103295769548, -2.165299160841695 ], [ 112.996923632712722, -2.165299160841695 ], [ 112.996923632712722, -2.165478823898519 ] ] ] } },
{ "type": "Feature", "properties": { "count": 1, "label": 1, "cluster_id": 16 }, "geometry": { "type": "Polygon", "coordinates": [ [ [ 112.997103295769548, -2.128468234192794 ], [ 112.997282958826375, -2.128468234192794 ], [ 112.997282958826375, -2.12828857113597 ], [ 112.997103295769548, -2.12828857113597 ], [ 112.997103295769548, -2.128468234192794 ] ] ] } },
{ "type": "Feature", "properties": { "count": 13, "label": 1, "cluster_id": 16 }, "geometry": { "type": "Polygon", "coordinates": [ [ [ 112.997103295769548, -2.157932975511915 ], [ 112.997103295769548, -2.158112638568738 ], [ 112.996743969655896, -2.158112638568738 ], [ 112.996743969655896, -2.158292301625562 ], [ 112.996923632712722, -2.158292301625562 ], [ 112.996923632712722, -2.159010953852858 ], [ 112.997103295769548, -2.159010953852858 ], [ 112.997103295769548, -2.159190616909682 ], [ 112.997282958826375, -2.159190616909682 ], [ 112.997282958826375, -2.157932975511915 ], [ 112.997103295769548, -2.157932975511915 ] ] ] } },
{ "type": "Feature", "properties": { "count": 21, "label": 1, "cluster_id": 16 }, "geometry": { "type": "Polygon", "coordinates": [ [ [ 112.997282958826375, -2.126491940567731 ], [ 112.997282958826375, -2.126671603624555 ], [ 112.997103295769548, -2.126671603624555 ], [ 112.997103295769548, -2.126491940567731 ], [ 112.996923632712722, -2.126491940567731 ], [ 112.996923632712722, -2.126851266681379 ], [ 112.997282958826375, -2.126851266681379 ], [ 112.997282958826375, -2.127030929738203 ], [ 112.997462621883187, -2.127030929738203 ], [ 112.997462621883187, -2.127210592795027 ], [ 112.997642284940014, -2.127210592795027 ], [ 112.997642284940014, -2.127390255851851 ], [ 112.998181274110493, -2.127390255851851 ], [ 112.998181274110493, -2.127749581965499 ], [ 112.998540600224132, -2.127749581965499 ], [ 112.998540600224132, -2.127569918908675 ], [ 112.998360937167305, -2.127569918908675 ], [ 112.998360937167305, -2.127390255851851 ], [ 112.998540600224132, -2.127390255851851 ], [ 112.998540600224132, -2.127210592795027 ], [ 112.998360937167305, -2.127210592795027 ], [ 112.998360937167305, -2.127030929738203 ], [ 112.998001611053667, -2.127030929738203 ], [ 112.998001611053667, -2.127210592795027 ], [ 112.99782194799684, -2.127210592795027 ], [ 112.99782194799684, -2.126851266681379 ], [ 112.997642284940014, -2.126851266681379 ], [ 112.997642284940014, -2.126671603624555 ], [ 112.997462621883187, -2.126671603624555 ], [ 112.997462621883187, -2.126491940567731 ], [ 112.997282958826375, -2.126491940567731 ] ] ] } },
{ "type": "Feature", "properties": { "count": 2, "label": 1, "cluster_id": 16 }, "geometry": { "type": "Polygon", "coordinates": [ [ [ 112.997282958826375, -2.156675334114147 ], [ 112.997462621883187, -2.156675334114147 ], [ 112.997462621883187, -2.156316008000499 ], [ 112.997282958826375, -2.156316008000499 ], [ 112.997282958826375, -2.156675334114147 ] ] ] } },
{ "type": "Feature", "properties": { "count": 2, "label": 1, "cluster_id": 16 }, "geometry": { "type": "Polygon", "coordinates": [ [ [ 112.997642284940014, -2.128827560306442 ], [ 112.99782194799684, -2.128827560306442 ], [ 112.99782194799684, -2.128468234192794 ], [ 112.997642284940014, -2.128468234192794 ], [ 112.997642284940014, -2.128827560306442 ] ] ] } },
{ "type": "Feature", "properties": { "count": 1, "label": 1, "cluster_id": 16 }, "geometry": { "type": "Polygon", "coordinates": [ [ [ 112.997642284940014, -2.149668474898015 ], [ 112.99782194799684, -2.149668474898015 ], [ 112.99782194799684, -2.149488811841191 ], [ 112.997642284940014, -2.149488811841191 ], [ 112.997642284940014, -2.149668474898015 ] ] ] } },
{ "type": "Feature", "properties": { "count": 1, "label": 1, "cluster_id": 16 }, "geometry": { "type": "Polygon", "coordinates": [ [ [ 112.997642284940014, -2.150207464068487 ], [ 112.99782194799684, -2.150207464068487 ], [ 112.99782194799684, -2.150027801011663 ], [ 112.997642284940014, -2.150027801011663 ], [ 112.997642284940014, -2.150207464068487 ] ] ] } },
{ "type": "Feature", "properties": { "count": 1, "label": 1, "cluster_id": 16 }, "geometry": { "type": "Polygon", "coordinates": [ [ [ 112.997642284940014, -2.158112638568738 ], [ 112.99782194799684, -2.158112638568738 ], [ 112.99782194799684, -2.157932975511915 ], [ 112.997642284940014, -2.157932975511915 ], [ 112.997642284940014, -2.158112638568738 ] ] ] } },
{ "type": "Feature", "properties": { "count": 1, "label": 1, "cluster_id": 16 }, "geometry": { "type": "Polygon", "coordinates": [ [ [ 112.99782194799684, -2.150027801011663 ], [ 112.998001611053667, -2.150027801011663 ], [ 112.998001611053667, -2.149848137954839 ], [ 112.99782194799684, -2.149848137954839 ], [ 112.99782194799684, -2.150027801011663 ] ] ] } },
{ "type": "Feature", "properties": { "count": 2, "label": 1, "cluster_id": 16 }, "geometry": { "type": "Polygon", "coordinates": [ [ [ 112.99782194799684, -2.16691612835311 ], [ 112.998001611053667, -2.16691612835311 ], [ 112.998001611053667, -2.166556802239462 ], [ 112.99782194799684, -2.166556802239462 ], [ 112.99782194799684, -2.16691612835311 ] ] ] } },
{ "type": "Feature", "properties": { "count": 13, "label": 1, "cluster_id": 16 }, "geometry": { "type": "Polygon", "coordinates": [ [ [ 112.99782194799684, -2.125952951397259 ], [ 112.99782194799684, -2.126132614454083 ], [ 112.998001611053667, -2.126132614454083 ], [ 112.998001611053667, -2.126312277510908 ], [ 112.998181274110493, -2.126312277510908 ], [ 112.998181274110493, -2.126491940567731 ], [ 112.998001611053667, -2.126491940567731 ], [ 112.998001611053667, -2.126671603624555 ], [ 112.99782194799684, -2.126671603624555 ], [ 112.99782194799684, -2.126851266681379 ], [ 112.998360937167305, -2.126851266681379 ], [ 112.998360937167305, -2.126671603624555 ], [ 112.998540600224132, -2.126671603624555 ], [ 112.998540600224132, -2.126132614454083 ], [ 112.998181274110493, -2.126132614454083 ], [ 112.998181274110493, -2.125952951397259 ], [ 112.99782194799684, -2.125952951397259 ] ] ] } },
{ "type": "Feature", "properties": { "count": 2, "label": 1, "cluster_id": 16 }, "geometry": { "type": "Polygon", "coordinates": [ [ [ 112.998001611053667, -2.149129485727543 ], [ 112.998181274110493, -2.149129485727543 ], [ 112.998181274110493, -2.148770159613895 ], [ 112.998001611053667, -2.148770159613895 ], [ 112.998001611053667, -2.149129485727543 ] ] ] } },
{ "type": "Feature", "properties": { "count": 2, "label": 1, "cluster_id": 16 }, "geometry": { "type": "Polygon", "coordinates": [ [ [ 112.998001611053667, -2.165478823898519 ], [ 112.998181274110493, -2.165478823898519 ], [ 112.998181274110493, -2.165119497784871 ], [ 112.998001611053667, -2.165119497784871 ], [ 112.998001611053667, -2.165478823898519 ] ] ] } },
{ "type": "Feature", "properties": { "count": 7, "label": 1, "cluster_id": 16 }, "geometry": { "type": "Polygon", "coordinates": [ [ [ 112.998181274110493, -2.15865162773921 ], [ 112.998181274110493, -2.158831290796034 ], [ 112.998001611053667, -2.158831290796034 ], [ 112.998001611053667, -2.159010953852858 ], [ 112.997462621883187, -2.159010953852858 ], [ 112.997462621883187, -2.159190616909682 ], [ 112.998181274110493, -2.159190616909682 ], [ 112.998181274110493, -2.159010953852858 ], [ 112.998360937167305, -2.159010953852858 ], [ 112.998360937167305, -2.15865162773921 ], [ 112.998181274110493, -2.15865162773921 ] ] ] } },
{ "type": "Feature", "properties": { "count": 14, "label": 1, "cluster_id": 16 }, "geometry": { "type": "Polygon", "coordinates": [ [ [ 112.998181274110493, -2.166556802239462 ], [ 112.998181274110493, -2.167095791409934 ], [ 112.998360937167305, -2.167095791409934 ], [ 112.998360937167305, -2.167275454466758 ], [ 112.998540600224132, -2.167275454466758 ], [ 112.998540600224132, -2.167095791409934 ], [ 112.998899926337785, -2.167095791409934 ], [ 112.998899926337785, -2.167275454466758 ], [ 112.999259252451438, -2.167275454466758 ], [ 112.999259252451438, -2.166736465296286 ], [ 112.998899926337785, -2.166736465296286 ], [ 112.998899926337785, -2.16691612835311 ], [ 112.998540600224132, -2.16691612835311 ], [ 112.998540600224132, -2.166736465296286 ], [ 112.998360937167305, -2.166736465296286 ], [ 112.998360937167305, -2.166556802239462 ], [ 112.998181274110493, -2.166556802239462 ] ] ] } },
{ "type": "Feature", "properties": { "count": 2, "label": 1, "cluster_id": 16 }, "geometry": { "type": "Polygon", "coordinates": [ [ [ 112.998181274110493, -2.125952951397259 ], [ 112.998540600224132, -2.125952951397259 ], [ 112.998540600224132, -2.125773288340436 ], [ 112.998181274110493, -2.125773288340436 ], [ 112.998181274110493, -2.125952951397259 ] ] ] } },
{ "type": "Feature", "properties": { "count": 6, "label": 1, "cluster_id": 16 }, "geometry": { "type": "Polygon", "coordinates": [ [ [ 112.998360937167305, -2.148770159613895 ], [ 112.998720263280958, -2.148770159613895 ], [ 112.998720263280958, -2.148231170443424 ], [ 112.998360937167305, -2.148231170443424 ], [ 112.998360937167305, -2.148770159613895 ] ] ] } },
{ "type": "Feature", "properties": { "count": 1, "label": 1, "cluster_id": 16 }, "geometry": { "type": "Polygon", "coordinates": [ [ [ 112.998540600224132, -2.150566790182134 ], [ 112.998720263280958, -2.150566790182134 ], [ 112.998720263280958, -2.150387127125311 ], [ 112.998540600224132, -2.150387127125311 ], [ 112.998540600224132, -2.150566790182134 ] ] ] } },
{ "type": "Feature", "properties": { "count": 8, "label": 1, "cluster_id": 16 }, "geometry": { "type": "Polygon", "coordinates": [ [ [ 112.998540600224132, -2.149309148784367 ], [ 112.998540600224132, -2.149488811841191 ], [ 112.998181274110493, -2.149488811841191 ], [ 112.998181274110493, -2.149668474898015 ], [ 112.998001611053667, -2.149668474898015 ], [ 112.998001611053667, -2.149848137954839 ], [ 112.998540600224132, -2.149848137954839 ], [ 112.998540600224132, -2.149668474898015 ], [ 112.998720263280958, -2.149668474898015 ], [ 112.998720263280958, -2.149488811841191 ], [ 112.998899926337785, -2.149488811841191 ], [ 112.998899926337785, -2.149309148784367 ], [ 112.998540600224132, -2.149309148784367 ] ] ] } },
{ "type": "Feature", "properties": { "count": 2, "label": 1, "cluster_id": 16 }, "geometry": { "type": "Polygon", "coordinates": [ [ [ 112.998720263280958, -2.170689052546412 ], [ 112.998899926337785, -2.170689052546412 ], [ 112.998899926337785, -2.170329726432764 ], [ 112.998720263280958, -2.170329726432764 ], [ 112.998720263280958, -2.170689052546412 ] ] ] } },
{ "type": "Feature", "properties": { "count": 27, "label": 1, "cluster_id": 16 }, "geometry": { "type": "Polygon", "coordinates": [ [ [ 112.997642284940014, -2.189374010456098 ], [ 112.997642284940014, -2.189553673512922 ], [ 112.998540600224132, -2.189553673512922 ], [ 112.998540600224132, -2.189733336569746 ], [ 112.998360937167305, -2.189733336569746 ], [ 112.998360937167305, -2.190272325740217 ], [ 112.998540600224132, -2.190272325740217 ], [ 112.998540600224132, -2.190451988797041 ], [ 112.998720263280958, -2.190451988797041 ], [ 112.998720263280958, -2.190272325740217 ], [ 112.998899926337785, -2.190272325740217 ], [ 112.998899926337785, -2.190092662683393 ], [ 112.999079589394611, -2.190092662683393 ], [ 112.999079589394611, -2.18991299962657 ], [ 112.99943891550825, -2.18991299962657 ], [ 112.99943891550825, -2.189553673512922 ], [ 112.999079589394611, -2.189553673512922 ], [ 112.999079589394611, -2.189374010456098 ], [ 112.997642284940014, -2.189374010456098 ] ] ] } },
{ "type": "Feature", "properties": { "count": 1, "label": 1, "cluster_id": 16 }, "geometry": { "type": "Polygon", "coordinates": [ [ [ 112.999079589394611, -2.148770159613895 ], [ 112.999259252451438, -2.148770159613895 ], [ 112.999259252451438, -2.148590496557071 ], [ 112.999079589394611, -2.148590496557071 ], [ 112.999079589394611, -2.148770159613895 ] ] ] } },
{ "type": "Feature", "properties": { "count": 1, "label": 1, "cluster_id": 16 }, "geometry": { "type": "Polygon", "coordinates": [ [ [ 112.999259252451438, -2.126491940567731 ], [ 112.99943891550825, -2.126491940567731 ], [ 112.99943891550825, -2.126312277510908 ], [ 112.999259252451438, -2.126312277510908 ], [ 112.999259252451438, -2.126491940567731 ] ] ] } },
{ "type": "Feature", "properties": { "count": 1, "label": 1, "cluster_id": 16 }, "geometry": { "type": "Polygon", "coordinates": [ [ [ 112.999259252451438, -2.145176898477417 ], [ 112.99943891550825, -2.145176898477417 ], [ 112.99943891550825, -2.144997235420593 ], [ 112.999259252451438, -2.144997235420593 ], [ 112.999259252451438, -2.145176898477417 ] ] ] } },
{ "type": "Feature", "properties": { "count": 1, "label": 1, "cluster_id": 16 }, "geometry": { "type": "Polygon", "coordinates": [ [ [ 112.999259252451438, -2.149848137954839 ], [ 112.99943891550825, -2.149848137954839 ], [ 112.99943891550825, -2.149668474898015 ], [ 112.999259252451438, -2.149668474898015 ], [ 112.999259252451438, -2.149848137954839 ] ] ] } },
{ "type": "Feature", "properties": { "count": 2, "label": 1, "cluster_id": 16 }, "geometry": { "type": "Polygon", "coordinates": [ [ [ 112.999259252451438, -2.173563661455594 ], [ 112.99943891550825, -2.173563661455594 ], [ 112.99943891550825, -2.173204335341946 ], [ 112.999259252451438, -2.173204335341946 ], [ 112.999259252451438, -2.173563661455594 ] ] ] } },
{ "type": "Feature", "properties": { "count": 10, "label": 1, "cluster_id": 16 }, "geometry": { "type": "Polygon", "coordinates": [ [ [ 112.999259252451438, -2.132600484499744 ], [ 112.999259252451438, -2.13331913672704 ], [ 112.999618578565077, -2.13331913672704 ], [ 112.999618578565077, -2.133139473670216 ], [ 112.999798241621903, -2.133139473670216 ], [ 112.999798241621903, -2.132780147556568 ], [ 112.999618578565077, -2.132780147556568 ], [ 112.999618578565077, -2.132600484499744 ], [ 112.999259252451438, -2.132600484499744 ] ] ] } },
{ "type": "Feature", "properties": { "count": 12, "label": 1, "cluster_id": 16 }, "geometry": { "type": "Polygon", "coordinates": [ [ [ 112.999259252451438, -2.144278583193298 ], [ 112.999259252451438, -2.144458246250122 ], [ 112.999079589394611, -2.144458246250122 ], [ 112.999079589394611, -2.144817572363769 ], [ 112.99943891550825, -2.144817572363769 ], [ 112.99943891550825, -2.144997235420593 ], [ 112.999798241621903, -2.144997235420593 ], [ 112.999798241621903, -2.144637909306946 ], [ 112.99997790467873, -2.144637909306946 ], [ 112.99997790467873, -2.144458246250122 ], [ 112.999618578565077, -2.144458246250122 ], [ 112.999618578565077, -2.144637909306946 ], [ 112.99943891550825, -2.144637909306946 ], [ 112.99943891550825, -2.144458246250122 ], [ 112.999618578565077, -2.144458246250122 ], [ 112.999618578565077, -2.144278583193298 ], [ 112.999259252451438, -2.144278583193298 ] ] ] } },
{ "type": "Feature", "properties": { "count": 4, "label": 1, "cluster_id": 16 }, "geometry": { "type": "Polygon", "coordinates": [ [ [ 112.998899926337785, -2.150566790182134 ], [ 112.999618578565077, -2.150566790182134 ], [ 112.999618578565077, -2.150387127125311 ], [ 112.998899926337785, -2.150387127125311 ], [ 112.998899926337785, -2.150566790182134 ] ] ] } },
{ "type": "Feature", "properties": { "count": 1, "label": 1, "cluster_id": 16 }, "geometry": { "type": "Polygon", "coordinates": [ [ [ 112.999618578565077, -2.144278583193298 ], [ 112.999798241621903, -2.144278583193298 ], [ 112.999798241621903, -2.144098920136474 ], [ 112.999618578565077, -2.144098920136474 ], [ 112.999618578565077, -2.144278583193298 ] ] ] } },
{ "type": "Feature", "properties": { "count": 11, "label": 1, "cluster_id": 16 }, "geometry": { "type": "Polygon", "coordinates": [ [ [ 112.999259252451438, -2.17104837866006 ], [ 112.999259252451438, -2.172126357001003 ], [ 112.99943891550825, -2.172126357001003 ], [ 112.99943891550825, -2.171767030887355 ], [ 112.999618578565077, -2.171767030887355 ], [ 112.999618578565077, -2.171587367830531 ], [ 112.99943891550825, -2.171587367830531 ], [ 112.99943891550825, -2.171407704773707 ], [ 112.999798241621903, -2.171407704773707 ], [ 112.999798241621903, -2.17104837866006 ], [ 112.999259252451438, -2.17104837866006 ] ] ] } },
{ "type": "Feature", "properties": { "count": 1, "label": 1, "cluster_id": 16 }, "geometry": { "type": "Polygon", "coordinates": [ [ [ 112.999798241621903, -2.144098920136474 ], [ 112.99997790467873, -2.144098920136474 ], [ 112.99997790467873, -2.14391925707965 ], [ 112.999798241621903, -2.14391925707965 ], [ 112.999798241621903, -2.144098920136474 ] ] ] } },
{ "type": "Feature", "properties": { "count": 2, "label": 1, "cluster_id": 16 }, "geometry": { "type": "Polygon", "coordinates": [ [ [ 112.999798241621903, -2.165119497784871 ], [ 112.99997790467873, -2.165119497784871 ], [ 112.99997790467873, -2.164760171671223 ], [ 112.999798241621903, -2.164760171671223 ], [ 112.999798241621903, -2.165119497784871 ] ] ] } },
{ "type": "Feature", "properties": { "count": 4, "label": 1, "cluster_id": 16 }, "geometry": { "type": "Polygon", "coordinates": [ [ [ 112.999618578565077, -2.168892421978172 ], [ 112.99997790467873, -2.168892421978172 ], [ 112.99997790467873, -2.168533095864525 ], [ 112.999618578565077, -2.168533095864525 ], [ 112.999618578565077, -2.168892421978172 ] ] ] } },
{ "type": "Feature", "properties": { "count": 1, "label": 1, "cluster_id": 16 }, "geometry": { "type": "Polygon", "coordinates": [ [ [ 112.999798241621903, -2.184523107921852 ], [ 112.99997790467873, -2.184523107921852 ], [ 112.99997790467873, -2.184343444865029 ], [ 112.999798241621903, -2.184343444865029 ], [ 112.999798241621903, -2.184523107921852 ] ] ] } },
{ "type": "Feature", "properties": { "count": 2, "label": 1, "cluster_id": 16 }, "geometry": { "type": "Polygon", "coordinates": [ [ [ 112.99997790467873, -2.144458246250122 ], [ 113.000157567735556, -2.144458246250122 ], [ 113.000157567735556, -2.144098920136474 ], [ 112.99997790467873, -2.144098920136474 ], [ 112.99997790467873, -2.144458246250122 ] ] ] } },
{ "type": "Feature", "properties": { "count": 1, "label": 1, "cluster_id": 16 }, "geometry": { "type": "Polygon", "coordinates": [ [ [ 113.000157567735556, -2.133498799783863 ], [ 113.000337230792368, -2.133498799783863 ], [ 113.000337230792368, -2.13331913672704 ], [ 113.000157567735556, -2.13331913672704 ], [ 113.000157567735556, -2.133498799783863 ] ] ] } },
{ "type": "Feature", "properties": { "count": 1, "label": 1, "cluster_id": 16 }, "geometry": { "type": "Polygon", "coordinates": [ [ [ 113.000157567735556, -2.189733336569746 ], [ 113.000337230792368, -2.189733336569746 ], [ 113.000337230792368, -2.189553673512922 ], [ 113.000157567735556, -2.189553673512922 ], [ 113.000157567735556, -2.189733336569746 ] ] ] } },
{ "type": "Feature", "properties": { "count": 1, "label": 1, "cluster_id": 16 }, "geometry": { "type": "Polygon", "coordinates": [ [ [ 113.000337230792368, -2.133678462840687 ], [ 113.000516893849195, -2.133678462840687 ], [ 113.000516893849195, -2.133498799783863 ], [ 113.000337230792368, -2.133498799783863 ], [ 113.000337230792368, -2.133678462840687 ] ] ] } },
{ "type": "Feature", "properties": { "count": 5, "label": 1, "cluster_id": 16 }, "geometry": { "type": "Polygon", "coordinates": [ [ [ 113.000337230792368, -2.147332855159304 ], [ 113.000337230792368, -2.147692181272952 ], [ 113.000696556906021, -2.147692181272952 ], [ 113.000696556906021, -2.147512518216128 ], [ 113.000876219962848, -2.147512518216128 ], [ 113.000876219962848, -2.147332855159304 ], [ 113.000337230792368, -2.147332855159304 ] ] ] } },
{ "type": "Feature", "properties": { "count": 4, "label": 1, "cluster_id": 16 }, "geometry": { "type": "Polygon", "coordinates": [ [ [ 113.000876219962848, -2.18901468434245 ], [ 113.000876219962848, -2.189553673512922 ], [ 113.001055883019674, -2.189553673512922 ], [ 113.001055883019674, -2.189194347399274 ], [ 113.001235546076501, -2.189194347399274 ], [ 113.001235546076501, -2.18901468434245 ], [ 113.000876219962848, -2.18901468434245 ] ] ] } },
{ "type": "Feature", "properties": { "count": 1, "label": 1, "cluster_id": 16 }, "geometry": { "type": "Polygon", "coordinates": [ [ [ 113.001235546076501, -2.18901468434245 ], [ 113.001415209133313, -2.18901468434245 ], [ 113.001415209133313, -2.188835021285626 ], [ 113.001235546076501, -2.188835021285626 ], [ 113.001235546076501, -2.18901468434245 ] ] ] } },
{ "type": "Feature", "properties": { "count": 1, "label": 1, "cluster_id": 16 }, "geometry": { "type": "Polygon", "coordinates": [ [ [ 113.00159487219014, -2.118766429124304 ], [ 113.001774535246966, -2.118766429124304 ], [ 113.001774535246966, -2.118586766067479 ], [ 113.00159487219014, -2.118586766067479 ], [ 113.00159487219014, -2.118766429124304 ] ] ] } },
{ "type": "Feature", "properties": { "count": 10, "label": 1, "cluster_id": 16 }, "geometry": { "type": "Polygon", "coordinates": [ [ [ 113.00159487219014, -2.120203733578895 ], [ 113.00159487219014, -2.120383396635718 ], [ 113.001415209133313, -2.120383396635718 ], [ 113.001415209133313, -2.120742722749366 ], [ 113.00159487219014, -2.120742722749366 ], [ 113.00159487219014, -2.12092238580619 ], [ 113.001954198303793, -2.12092238580619 ], [ 113.001954198303793, -2.120563059692542 ], [ 113.002133861360619, -2.120563059692542 ], [ 113.002133861360619, -2.120383396635718 ], [ 113.001774535246966, -2.120383396635718 ], [ 113.001774535246966, -2.120203733578895 ], [ 113.00159487219014, -2.120203733578895 ] ] ] } },
{ "type": "Feature", "properties": { "count": 1, "label": 1, "cluster_id": 16 }, "geometry": { "type": "Polygon", "coordinates": [ [ [ 113.00159487219014, -2.138709028431757 ], [ 113.001774535246966, -2.138709028431757 ], [ 113.001774535246966, -2.138529365374933 ], [ 113.00159487219014, -2.138529365374933 ], [ 113.00159487219014, -2.138709028431757 ] ] ] } },
{ "type": "Feature", "properties": { "count": 8, "label": 1, "cluster_id": 16 }, "geometry": { "type": "Polygon", "coordinates": [ [ [ 113.001415209133313, -2.164400845557575 ], [ 113.001415209133313, -2.164760171671223 ], [ 113.001774535246966, -2.164760171671223 ], [ 113.001774535246966, -2.164939834728047 ], [ 113.002133861360619, -2.164939834728047 ], [ 113.002133861360619, -2.164580508614399 ], [ 113.001774535246966, -2.164580508614399 ], [ 113.001774535246966, -2.164400845557575 ], [ 113.001415209133313, -2.164400845557575 ] ] ] } },
{ "type": "Feature", "properties": { "count": 13, "label": 1, "cluster_id": 16 }, "geometry": { "type": "Polygon", "coordinates": [ [ [ 113.001954198303793, -2.160268595250625 ], [ 113.001954198303793, -2.160448258307449 ], [ 113.001774535246966, -2.160448258307449 ], [ 113.001774535246966, -2.160627921364273 ], [ 113.00159487219014, -2.160627921364273 ], [ 113.00159487219014, -2.160448258307449 ], [ 113.001235546076501, -2.160448258307449 ], [ 113.001235546076501, -2.160268595250625 ], [ 113.001055883019674, -2.160268595250625 ], [ 113.001055883019674, -2.160627921364273 ], [ 113.001235546076501, -2.160627921364273 ], [ 113.001235546076501, -2.160807584421097 ], [ 113.001774535246966, -2.160807584421097 ], [ 113.001774535246966, -2.160987247477921 ], [ 113.002133861360619, -2.160987247477921 ], [ 113.002133861360619, -2.160807584421097 ], [ 113.001954198303793, -2.160807584421097 ], [ 113.001954198303793, -2.160627921364273 ], [ 113.002133861360619, -2.160627921364273 ], [ 113.002133861360619, -2.160268595250625 ], [ 113.001954198303793, -2.160268595250625 ] ] ] } },
{ "type": "Feature", "properties": { "count": 1, "label": 1, "cluster_id": 16 }, "geometry": { "type": "Polygon", "coordinates": [ [ [ 113.002133861360619, -2.128108908079146 ], [ 113.002313524417431, -2.128108908079146 ], [ 113.002313524417431, -2.127929245022322 ], [ 113.002133861360619, -2.127929245022322 ], [ 113.002133861360619, -2.128108908079146 ] ] ] } },
{ "type": "Feature", "properties": { "count": 1, "label": 1, "cluster_id": 16 }, "geometry": { "type": "Polygon", "coordinates": [ [ [ 113.002133861360619, -2.128468234192794 ], [ 113.002313524417431, -2.128468234192794 ], [ 113.002313524417431, -2.12828857113597 ], [ 113.002133861360619, -2.12828857113597 ], [ 113.002133861360619, -2.128468234192794 ] ] ] } },
{ "type": "Feature", "properties": { "count": 4, "label": 1, "cluster_id": 16 }, "geometry": { "type": "Polygon", "coordinates": [ [ [ 113.001954198303793, -2.12092238580619 ], [ 113.001954198303793, -2.121102048863014 ], [ 113.002133861360619, -2.121102048863014 ], [ 113.002133861360619, -2.121281711919838 ], [ 113.002313524417431, -2.121281711919838 ], [ 113.002313524417431, -2.121102048863014 ], [ 113.002493187474258, -2.121102048863014 ], [ 113.002493187474258, -2.12092238580619 ], [ 113.001954198303793, -2.12092238580619 ] ] ] } },
{ "type": "Feature", "properties": { "count": 1, "label": 1, "cluster_id": 16 }, "geometry": { "type": "Polygon", "coordinates": [ [ [ 113.002313524417431, -2.127569918908675 ], [ 113.002493187474258, -2.127569918908675 ], [ 113.002493187474258, -2.127390255851851 ], [ 113.002313524417431, -2.127390255851851 ], [ 113.002313524417431, -2.127569918908675 ] ] ] } },
{ "type": "Feature", "properties": { "count": 1, "label": 1, "cluster_id": 16 }, "geometry": { "type": "Polygon", "coordinates": [ [ [ 113.002313524417431, -2.164221182500751 ], [ 113.002493187474258, -2.164221182500751 ], [ 113.002493187474258, -2.164041519443927 ], [ 113.002313524417431, -2.164041519443927 ], [ 113.002313524417431, -2.164221182500751 ] ] ] } },
{ "type": "Feature", "properties": { "count": 17, "label": 1, "cluster_id": 16 }, "geometry": { "type": "Polygon", "coordinates": [ [ [ 113.002493187474258, -2.114993504931002 ], [ 113.002493187474258, -2.115352831044649 ], [ 113.002313524417431, -2.115352831044649 ], [ 113.002313524417431, -2.115532494101473 ], [ 113.002493187474258, -2.115532494101473 ], [ 113.002493187474258, -2.115712157158297 ], [ 113.002672850531084, -2.115712157158297 ], [ 113.002672850531084, -2.115891820215121 ], [ 113.003391502758376, -2.115891820215121 ], [ 113.003391502758376, -2.115712157158297 ], [ 113.003571165815202, -2.115712157158297 ], [ 113.003571165815202, -2.115532494101473 ], [ 113.003391502758376, -2.115532494101473 ], [ 113.003391502758376, -2.115352831044649 ], [ 113.003211839701564, -2.115352831044649 ], [ 113.003211839701564, -2.115532494101473 ], [ 113.002852513587911, -2.115532494101473 ], [ 113.002852513587911, -2.115173167987825 ], [ 113.002672850531084, -2.115173167987825 ], [ 113.002672850531084, -2.114993504931002 ], [ 113.002493187474258, -2.114993504931002 ] ] ] } },
{ "type": "Feature", "properties": { "count": 6, "label": 1, "cluster_id": 16 }, "geometry": { "type": "Polygon", "coordinates": [ [ [ 113.002313524417431, -2.120383396635718 ], [ 113.002313524417431, -2.120563059692542 ], [ 113.002133861360619, -2.120563059692542 ], [ 113.002133861360619, -2.120742722749366 ], [ 113.002493187474258, -2.120742722749366 ], [ 113.002493187474258, -2.12092238580619 ], [ 113.002672850531084, -2.12092238580619 ], [ 113.002672850531084, -2.120383396635718 ], [ 113.002313524417431, -2.120383396635718 ] ] ] } },
{ "type": "Feature", "properties": { "count": 1, "label": 1, "cluster_id": 16 }, "geometry": { "type": "Polygon", "coordinates": [ [ [ 113.002493187474258, -2.127749581965499 ], [ 113.002672850531084, -2.127749581965499 ], [ 113.002672850531084, -2.127569918908675 ], [ 113.002493187474258, -2.127569918908675 ], [ 113.002493187474258, -2.127749581965499 ] ] ] } },
{ "type": "Feature", "properties": { "count": 1, "label": 1, "cluster_id": 16 }, "geometry": { "type": "Polygon", "coordinates": [ [ [ 113.002493187474258, -2.13655307174987 ], [ 113.002672850531084, -2.13655307174987 ], [ 113.002672850531084, -2.136373408693046 ], [ 113.002493187474258, -2.136373408693046 ], [ 113.002493187474258, -2.13655307174987 ] ] ] } },
{ "type": "Feature", "properties": { "count": 1, "label": 1, "cluster_id": 16 }, "geometry": { "type": "Polygon", "coordinates": [ [ [ 113.002493187474258, -2.143559930966002 ], [ 113.002672850531084, -2.143559930966002 ], [ 113.002672850531084, -2.143380267909178 ], [ 113.002493187474258, -2.143380267909178 ], [ 113.002493187474258, -2.143559930966002 ] ] ] } },
{ "type": "Feature", "properties": { "count": 1, "label": 1, "cluster_id": 16 }, "geometry": { "type": "Polygon", "coordinates": [ [ [ 113.002493187474258, -2.147692181272952 ], [ 113.002672850531084, -2.147692181272952 ], [ 113.002672850531084, -2.147512518216128 ], [ 113.002493187474258, -2.147512518216128 ], [ 113.002493187474258, -2.147692181272952 ] ] ] } },
{ "type": "Feature", "properties": { "count": 3, "label": 1, "cluster_id": 16 }, "geometry": { "type": "Polygon", "coordinates": [ [ [ 113.002313524417431, -2.164400845557575 ], [ 113.002313524417431, -2.164760171671223 ], [ 113.002493187474258, -2.164760171671223 ], [ 113.002493187474258, -2.164580508614399 ], [ 113.002672850531084, -2.164580508614399 ], [ 113.002672850531084, -2.164400845557575 ], [ 113.002313524417431, -2.164400845557575 ] ] ] } },
{ "type": "Feature", "properties": { "count": 8, "label": 1, "cluster_id": 16 }, "geometry": { "type": "Polygon", "coordinates": [ [ [ 113.002672850531084, -2.118227439953832 ], [ 113.002672850531084, -2.118586766067479 ], [ 113.002493187474258, -2.118586766067479 ], [ 113.002493187474258, -2.118946092181127 ], [ 113.002852513587911, -2.118946092181127 ], [ 113.002852513587911, -2.118766429124304 ], [ 113.003032176644737, -2.118766429124304 ], [ 113.003032176644737, -2.118407103010655 ], [ 113.002852513587911, -2.118407103010655 ], [ 113.002852513587911, -2.118227439953832 ], [ 113.002672850531084, -2.118227439953832 ] ] ] } },
{ "type": "Feature", "properties": { "count": 3, "label": 1, "cluster_id": 16 }, "geometry": { "type": "Polygon", "coordinates": [ [ [ 113.002672850531084, -2.133498799783863 ], [ 113.002672850531084, -2.133858125897511 ], [ 113.003032176644737, -2.133858125897511 ], [ 113.003032176644737, -2.133678462840687 ], [ 113.002852513587911, -2.133678462840687 ], [ 113.002852513587911, -2.133498799783863 ], [ 113.002672850531084, -2.133498799783863 ] ] ] } },
{ "type": "Feature", "properties": { "count": 1, "label": 1, "cluster_id": 16 }, "geometry": { "type": "Polygon", "coordinates": [ [ [ 113.002672850531084, -2.136732734806694 ], [ 113.002852513587911, -2.136732734806694 ], [ 113.002852513587911, -2.13655307174987 ], [ 113.002672850531084, -2.13655307174987 ], [ 113.002672850531084, -2.136732734806694 ] ] ] } },
{ "type": "Feature", "properties": { "count": 2, "label": 1, "cluster_id": 16 }, "geometry": { "type": "Polygon", "coordinates": [ [ [ 113.002672850531084, -2.1480515073866 ], [ 113.002852513587911, -2.1480515073866 ], [ 113.002852513587911, -2.147692181272952 ], [ 113.002672850531084, -2.147692181272952 ], [ 113.002672850531084, -2.1480515073866 ] ] ] } },
{ "type": "Feature", "properties": { "count": 1, "label": 1, "cluster_id": 16 }, "geometry": { "type": "Polygon", "coordinates": [ [ [ 113.002672850531084, -2.164939834728047 ], [ 113.002852513587911, -2.164939834728047 ], [ 113.002852513587911, -2.164760171671223 ], [ 113.002672850531084, -2.164760171671223 ], [ 113.002672850531084, -2.164939834728047 ] ] ] } },
{ "type": "Feature", "properties": { "count": 3, "label": 1, "cluster_id": 16 }, "geometry": { "type": "Polygon", "coordinates": [ [ [ 113.002493187474258, -2.170868715603236 ], [ 113.002493187474258, -2.171228041716883 ], [ 113.002672850531084, -2.171228041716883 ], [ 113.002672850531084, -2.17104837866006 ], [ 113.002852513587911, -2.17104837866006 ], [ 113.002852513587911, -2.170868715603236 ], [ 113.002493187474258, -2.170868715603236 ] ] ] } },
{ "type": "Feature", "properties": { "count": 1, "label": 1, "cluster_id": 16 }, "geometry": { "type": "Polygon", "coordinates": [ [ [ 113.003032176644737, -2.122719016374429 ], [ 113.003211839701564, -2.122719016374429 ], [ 113.003211839701564, -2.122539353317606 ], [ 113.003032176644737, -2.122539353317606 ], [ 113.003032176644737, -2.122719016374429 ] ] ] } },
{ "type": "Feature", "properties": { "count": 1, "label": 1, "cluster_id": 16 }, "geometry": { "type": "Polygon", "coordinates": [ [ [ 113.003032176644737, -2.164221182500751 ], [ 113.003211839701564, -2.164221182500751 ], [ 113.003211839701564, -2.164041519443927 ], [ 113.003032176644737, -2.164041519443927 ], [ 113.003032176644737, -2.164221182500751 ] ] ] } },
{ "type": "Feature", "properties": { "count": 3, "label": 1, "cluster_id": 16 }, "geometry": { "type": "Polygon", "coordinates": [ [ [ 113.003211839701564, -2.134397115067983 ], [ 113.003211839701564, -2.134756441181631 ], [ 113.003571165815202, -2.134756441181631 ], [ 113.003571165815202, -2.134576778124807 ], [ 113.003391502758376, -2.134576778124807 ], [ 113.003391502758376, -2.134397115067983 ], [ 113.003211839701564, -2.134397115067983 ] ] ] } },
{ "type": "Feature", "properties": { "count": 2, "label": 1, "cluster_id": 16 }, "geometry": { "type": "Polygon", "coordinates": [ [ [ 113.003032176644737, -2.144278583193298 ], [ 113.003391502758376, -2.144278583193298 ], [ 113.003391502758376, -2.144098920136474 ], [ 113.003032176644737, -2.144098920136474 ], [ 113.003032176644737, -2.144278583193298 ] ] ] } },
{ "type": "Feature", "properties": { "count": 2, "label": 1, "cluster_id": 16 }, "geometry": { "type": "Polygon", "coordinates": [ [ [ 113.003211839701564, -2.164580508614399 ], [ 113.003391502758376, -2.164580508614399 ], [ 113.003391502758376, -2.164221182500751 ], [ 113.003211839701564, -2.164221182500751 ], [ 113.003211839701564, -2.164580508614399 ] ] ] } },
{ "type": "Feature", "properties": { "count": 7, "label": 1, "cluster_id": 16 }, "geometry": { "type": "Polygon", "coordinates": [ [ [ 113.002852513587911, -2.164939834728047 ], [ 113.002852513587911, -2.165478823898519 ], [ 113.003211839701564, -2.165478823898519 ], [ 113.003211839701564, -2.165119497784871 ], [ 113.003391502758376, -2.165119497784871 ], [ 113.003391502758376, -2.164939834728047 ], [ 113.002852513587911, -2.164939834728047 ] ] ] } },
{ "type": "Feature", "properties": { "count": 13, "label": 1, "cluster_id": 16 }, "geometry": { "type": "Polygon", "coordinates": [ [ [ 113.003391502758376, -2.117508787726536 ], [ 113.003391502758376, -2.118047776897008 ], [ 113.003211839701564, -2.118047776897008 ], [ 113.003211839701564, -2.118227439953832 ], [ 113.003391502758376, -2.118227439953832 ], [ 113.003391502758376, -2.118586766067479 ], [ 113.003571165815202, -2.118586766067479 ], [ 113.003571165815202, -2.118766429124304 ], [ 113.003750828872029, -2.118766429124304 ], [ 113.003750828872029, -2.118407103010655 ], [ 113.003930491928855, -2.118407103010655 ], [ 113.003930491928855, -2.118227439953832 ], [ 113.003750828872029, -2.118227439953832 ], [ 113.003750828872029, -2.117868113840184 ], [ 113.003571165815202, -2.117868113840184 ], [ 113.003571165815202, -2.117508787726536 ], [ 113.003391502758376, -2.117508787726536 ] ] ] } },
{ "type": "Feature", "properties": { "count": 5, "label": 1, "cluster_id": 16 }, "geometry": { "type": "Polygon", "coordinates": [ [ [ 113.003391502758376, -2.144278583193298 ], [ 113.003391502758376, -2.144637909306946 ], [ 113.003930491928855, -2.144637909306946 ], [ 113.003930491928855, -2.144458246250122 ], [ 113.003750828872029, -2.144458246250122 ], [ 113.003750828872029, -2.144278583193298 ], [ 113.003391502758376, -2.144278583193298 ] ] ] } },
{ "type": "Feature", "properties": { "count": 1, "label": 1, "cluster_id": 16 }, "geometry": { "type": "Polygon", "coordinates": [ [ [ 113.003571165815202, -2.163682193330279 ], [ 113.003750828872029, -2.163682193330279 ], [ 113.003750828872029, -2.163502530273456 ], [ 113.003571165815202, -2.163502530273456 ], [ 113.003571165815202, -2.163682193330279 ] ] ] } },
{ "type": "Feature", "properties": { "count": 1, "label": 1, "cluster_id": 16 }, "geometry": { "type": "Polygon", "coordinates": [ [ [ 113.003750828872029, -2.131163180045153 ], [ 113.003930491928855, -2.131163180045153 ], [ 113.003930491928855, -2.130983516988329 ], [ 113.003750828872029, -2.130983516988329 ], [ 113.003750828872029, -2.131163180045153 ] ] ] } },
{ "type": "Feature", "properties": { "count": 2, "label": 1, "cluster_id": 16 }, "geometry": { "type": "Polygon", "coordinates": [ [ [ 113.003930491928855, -2.130983516988329 ], [ 113.004110154985682, -2.130983516988329 ], [ 113.004110154985682, -2.130624190874681 ], [ 113.003930491928855, -2.130624190874681 ], [ 113.003930491928855, -2.130983516988329 ] ] ] } },
{ "type": "Feature", "properties": { "count": 3, "label": 1, "cluster_id": 16 }, "geometry": { "type": "Polygon", "coordinates": [ [ [ 113.003930491928855, -2.131163180045153 ], [ 113.003930491928855, -2.131522506158801 ], [ 113.004289818042494, -2.131522506158801 ], [ 113.004289818042494, -2.131342843101977 ], [ 113.004110154985682, -2.131342843101977 ], [ 113.004110154985682, -2.131163180045153 ], [ 113.003930491928855, -2.131163180045153 ] ] ] } },
{ "type": "Feature", "properties": { "count": 4, "label": 1, "cluster_id": 16 }, "geometry": { "type": "Polygon", "coordinates": [ [ [ 113.003930491928855, -2.122719016374429 ], [ 113.003930491928855, -2.122898679431253 ], [ 113.004110154985682, -2.122898679431253 ], [ 113.004110154985682, -2.123078342488077 ], [ 113.004469481099321, -2.123078342488077 ], [ 113.004469481099321, -2.122898679431253 ], [ 113.004289818042494, -2.122898679431253 ], [ 113.004289818042494, -2.122719016374429 ], [ 113.003930491928855, -2.122719016374429 ] ] ] } },
{ "type": "Feature", "properties": { "count": 8, "label": 1, "cluster_id": 16 }, "geometry": { "type": "Polygon", "coordinates": [ [ [ 113.003391502758376, -2.127749581965499 ], [ 113.003391502758376, -2.128108908079146 ], [ 113.003930491928855, -2.128108908079146 ], [ 113.003930491928855, -2.127929245022322 ], [ 113.004289818042494, -2.127929245022322 ], [ 113.004289818042494, -2.127749581965499 ], [ 113.003391502758376, -2.127749581965499 ] ] ] } },
{ "type": "Feature", "properties": { "count": 9, "label": 1, "cluster_id": 16 }, "geometry": { "type": "Polygon", "coordinates": [ [ [ 113.003930491928855, -2.133858125897511 ], [ 113.003930491928855, -2.134037788954335 ], [ 113.003750828872029, -2.134037788954335 ], [ 113.003750828872029, -2.134576778124807 ], [ 113.003930491928855, -2.134576778124807 ], [ 113.003930491928855, -2.134756441181631 ], [ 113.004110154985682, -2.134756441181631 ], [ 113.004110154985682, -2.134037788954335 ], [ 113.004289818042494, -2.134037788954335 ], [ 113.004289818042494, -2.133858125897511 ], [ 113.003930491928855, -2.133858125897511 ] ] ] } },
{ "type": "Feature", "properties": { "count": 1, "label": 1, "cluster_id": 16 }, "geometry": { "type": "Polygon", "coordinates": [ [ [ 113.004289818042494, -2.130624190874681 ], [ 113.004469481099321, -2.130624190874681 ], [ 113.004469481099321, -2.130444527817857 ], [ 113.004289818042494, -2.130444527817857 ], [ 113.004289818042494, -2.130624190874681 ] ] ] } },
{ "type": "Feature", "properties": { "count": 2, "label": 1, "cluster_id": 16 }, "geometry": { "type": "Polygon", "coordinates": [ [ [ 113.004289818042494, -2.1397870067727 ], [ 113.004469481099321, -2.1397870067727 ], [ 113.004469481099321, -2.139427680659052 ], [ 113.004289818042494, -2.139427680659052 ], [ 113.004289818042494, -2.1397870067727 ] ] ] } },
{ "type": "Feature", "properties": { "count": 1, "label": 1, "cluster_id": 16 }, "geometry": { "type": "Polygon", "coordinates": [ [ [ 113.004469481099321, -2.123437668601725 ], [ 113.004649144156147, -2.123437668601725 ], [ 113.004649144156147, -2.123258005544901 ], [ 113.004469481099321, -2.123258005544901 ], [ 113.004469481099321, -2.123437668601725 ] ] ] } },
{ "type": "Feature", "properties": { "count": 1, "label": 1, "cluster_id": 16 }, "geometry": { "type": "Polygon", "coordinates": [ [ [ 113.004469481099321, -2.130803853931505 ], [ 113.004649144156147, -2.130803853931505 ], [ 113.004649144156147, -2.130624190874681 ], [ 113.004469481099321, -2.130624190874681 ], [ 113.004469481099321, -2.130803853931505 ] ] ] } },
{ "type": "Feature", "properties": { "count": 1, "label": 1, "cluster_id": 16 }, "geometry": { "type": "Polygon", "coordinates": [ [ [ 113.004469481099321, -2.170329726432764 ], [ 113.004649144156147, -2.170329726432764 ], [ 113.004649144156147, -2.17015006337594 ], [ 113.004469481099321, -2.17015006337594 ], [ 113.004469481099321, -2.170329726432764 ] ] ] } },
{ "type": "Feature", "properties": { "count": 3, "label": 1, "cluster_id": 16 }, "geometry": { "type": "Polygon", "coordinates": [ [ [ 113.004649144156147, -2.135295430352103 ], [ 113.004649144156147, -2.13565475646575 ], [ 113.0050084702698, -2.13565475646575 ], [ 113.0050084702698, -2.135475093408926 ], [ 113.004828807212974, -2.135475093408926 ], [ 113.004828807212974, -2.135295430352103 ], [ 113.004649144156147, -2.135295430352103 ] ] ] } },
{ "type": "Feature", "properties": { "count": 3, "label": 1, "cluster_id": 16 }, "geometry": { "type": "Polygon", "coordinates": [ [ [ 113.004828807212974, -2.13331913672704 ], [ 113.004828807212974, -2.133678462840687 ], [ 113.005188133326627, -2.133678462840687 ], [ 113.005188133326627, -2.133498799783863 ], [ 113.0050084702698, -2.133498799783863 ], [ 113.0050084702698, -2.13331913672704 ], [ 113.004828807212974, -2.13331913672704 ] ] ] } },
{ "type": "Feature", "properties": { "count": 1, "label": 1, "cluster_id": 16 }, "geometry": { "type": "Polygon", "coordinates": [ [ [ 113.0050084702698, -2.132959810613392 ], [ 113.005188133326627, -2.132959810613392 ], [ 113.005188133326627, -2.132780147556568 ], [ 113.0050084702698, -2.132780147556568 ], [ 113.0050084702698, -2.132959810613392 ] ] ] } },
{ "type": "Feature", "properties": { "count": 1, "label": 1, "cluster_id": 16 }, "geometry": { "type": "Polygon", "coordinates": [ [ [ 113.005188133326627, -2.133858125897511 ], [ 113.005367796383439, -2.133858125897511 ], [ 113.005367796383439, -2.133678462840687 ], [ 113.005188133326627, -2.133678462840687 ], [ 113.005188133326627, -2.133858125897511 ] ] ] } },
{ "type": "Feature", "properties": { "count": 95, "label": 1, "cluster_id": 16 }, "geometry": { "type": "Polygon", "coordinates": [ [ [ 113.005188133326627, -2.136193745636222 ], [ 113.005188133326627, -2.136373408693046 ], [ 113.003930491928855, -2.136373408693046 ], [ 113.003930491928855, -2.13655307174987 ], [ 113.003391502758376, -2.13655307174987 ], [ 113.003391502758376, -2.136732734806694 ], [ 113.003211839701564, -2.136732734806694 ], [ 113.003211839701564, -2.136912397863518 ], [ 113.003391502758376, -2.136912397863518 ], [ 113.003391502758376, -2.137092060920342 ], [ 113.003571165815202, -2.137092060920342 ], [ 113.003571165815202, -2.137271723977165 ], [ 113.003211839701564, -2.137271723977165 ], [ 113.003211839701564, -2.137451387033989 ], [ 113.003391502758376, -2.137451387033989 ], [ 113.003391502758376, -2.137631050090813 ], [ 113.004110154985682, -2.137631050090813 ], [ 113.004110154985682, -2.138349702318109 ], [ 113.004289818042494, -2.138349702318109 ], [ 113.004289818042494, -2.138529365374933 ], [ 113.0050084702698, -2.138529365374933 ], [ 113.0050084702698, -2.138709028431757 ], [ 113.005547459440265, -2.138709028431757 ], [ 113.005547459440265, -2.138170039261285 ], [ 113.005367796383439, -2.138170039261285 ], [ 113.005367796383439, -2.137990376204461 ], [ 113.0050084702698, -2.137990376204461 ], [ 113.0050084702698, -2.136732734806694 ], [ 113.005188133326627, -2.136732734806694 ], [ 113.005188133326627, -2.13655307174987 ], [ 113.005367796383439, -2.13655307174987 ], [ 113.005367796383439, -2.136193745636222 ], [ 113.005188133326627, -2.136193745636222 ] ], [ [ 113.004828807212974, -2.137810713147637 ], [ 113.004289818042494, -2.137810713147637 ], [ 113.004289818042494, -2.138170039261285 ], [ 113.004469481099321, -2.138170039261285 ], [ 113.004469481099321, -2.137990376204461 ], [ 113.004828807212974, -2.137990376204461 ], [ 113.004828807212974, -2.137810713147637 ] ], [ [ 113.004469481099321, -2.137271723977165 ], [ 113.004289818042494, -2.137271723977165 ], [ 113.004289818042494, -2.137451387033989 ], [ 113.004469481099321, -2.137451387033989 ], [ 113.004469481099321, -2.137271723977165 ] ] ] } },
{ "type": "Feature", "properties": { "count": 2, "label": 1, "cluster_id": 16 }, "geometry": { "type": "Polygon", "coordinates": [ [ [ 113.0050084702698, -2.161166910534745 ], [ 113.005367796383439, -2.161166910534745 ], [ 113.005367796383439, -2.160987247477921 ], [ 113.0050084702698, -2.160987247477921 ], [ 113.0050084702698, -2.161166910534745 ] ] ] } },
{ "type": "Feature", "properties": { "count": 1, "label": 1, "cluster_id": 16 }, "geometry": { "type": "Polygon", "coordinates": [ [ [ 113.005367796383439, -2.134397115067983 ], [ 113.005547459440265, -2.134397115067983 ], [ 113.005547459440265, -2.134217452011159 ], [ 113.005367796383439, -2.134217452011159 ], [ 113.005367796383439, -2.134397115067983 ] ] ] } },
{ "type": "Feature", "properties": { "count": 1, "label": 1, "cluster_id": 16 }, "geometry": { "type": "Polygon", "coordinates": [ [ [ 113.005547459440265, -2.133678462840687 ], [ 113.005727122497092, -2.133678462840687 ], [ 113.005727122497092, -2.133498799783863 ], [ 113.005547459440265, -2.133498799783863 ], [ 113.005547459440265, -2.133678462840687 ] ] ] } },
{ "type": "Feature", "properties": { "count": 1, "label": 1, "cluster_id": 16 }, "geometry": { "type": "Polygon", "coordinates": [ [ [ 113.005547459440265, -2.178953553160311 ], [ 113.005727122497092, -2.178953553160311 ], [ 113.005727122497092, -2.178773890103487 ], [ 113.005547459440265, -2.178773890103487 ], [ 113.005547459440265, -2.178953553160311 ] ] ] } },
{ "type": "Feature", "properties": { "count": 6, "label": 1, "cluster_id": 16 }, "geometry": { "type": "Polygon", "coordinates": [ [ [ 113.005727122497092, -2.133858125897511 ], [ 113.005727122497092, -2.134037788954335 ], [ 113.005547459440265, -2.134037788954335 ], [ 113.005547459440265, -2.134217452011159 ], [ 113.005727122497092, -2.134217452011159 ], [ 113.005727122497092, -2.134576778124807 ], [ 113.005906785553918, -2.134576778124807 ], [ 113.005906785553918, -2.134397115067983 ], [ 113.006086448610745, -2.134397115067983 ], [ 113.006086448610745, -2.134217452011159 ], [ 113.005906785553918, -2.134217452011159 ], [ 113.005906785553918, -2.133858125897511 ], [ 113.005727122497092, -2.133858125897511 ] ] ] } },
{ "type": "Feature", "properties": { "count": 3, "label": 1, "cluster_id": 16 }, "geometry": { "type": "Polygon", "coordinates": [ [ [ 113.005727122497092, -2.143559930966002 ], [ 113.005727122497092, -2.14391925707965 ], [ 113.005906785553918, -2.14391925707965 ], [ 113.005906785553918, -2.143739594022826 ], [ 113.006086448610745, -2.143739594022826 ], [ 113.006086448610745, -2.143559930966002 ], [ 113.005727122497092, -2.143559930966002 ] ] ] } },
{ "type": "Feature", "properties": { "count": 1, "label": 1, "cluster_id": 16 }, "geometry": { "type": "Polygon", "coordinates": [ [ [ 113.006086448610745, -2.133858125897511 ], [ 113.006266111667557, -2.133858125897511 ], [ 113.006266111667557, -2.133678462840687 ], [ 113.006086448610745, -2.133678462840687 ], [ 113.006086448610745, -2.133858125897511 ] ] ] } },
{ "type": "Feature", "properties": { "count": 2, "label": 1, "cluster_id": 16 }, "geometry": { "type": "Polygon", "coordinates": [ [ [ 113.006266111667557, -2.134217452011159 ], [ 113.006445774724384, -2.134217452011159 ], [ 113.006445774724384, -2.133858125897511 ], [ 113.006266111667557, -2.133858125897511 ], [ 113.006266111667557, -2.134217452011159 ] ] ] } },
{ "type": "Feature", "properties": { "count": 15, "label": 1, "cluster_id": 16 }, "geometry": { "type": "Polygon", "coordinates": [ [ [ 113.006266111667557, -2.143380267909178 ], [ 113.006266111667557, -2.14391925707965 ], [ 113.005906785553918, -2.14391925707965 ], [ 113.005906785553918, -2.144098920136474 ], [ 113.006266111667557, -2.144098920136474 ], [ 113.006266111667557, -2.144458246250122 ], [ 113.006445774724384, -2.144458246250122 ], [ 113.006445774724384, -2.144278583193298 ], [ 113.00662543778121, -2.144278583193298 ], [ 113.00662543778121, -2.144098920136474 ], [ 113.006805100838037, -2.144098920136474 ], [ 113.006805100838037, -2.14391925707965 ], [ 113.006984763894863, -2.14391925707965 ], [ 113.006984763894863, -2.143739594022826 ], [ 113.00662543778121, -2.143739594022826 ], [ 113.00662543778121, -2.143559930966002 ], [ 113.006445774724384, -2.143559930966002 ], [ 113.006445774724384, -2.143380267909178 ], [ 113.006266111667557, -2.143380267909178 ] ] ] } },
{ "type": "Feature", "properties": { "count": 4, "label": 1, "cluster_id": 16 }, "geometry": { "type": "Polygon", "coordinates": [ [ [ 113.006445774724384, -2.146075213761537 ], [ 113.00662543778121, -2.146075213761537 ], [ 113.00662543778121, -2.145356561534241 ], [ 113.006445774724384, -2.145356561534241 ], [ 113.006445774724384, -2.146075213761537 ] ] ] } },
{ "type": "Feature", "properties": { "count": 1, "label": 1, "cluster_id": 16 }, "geometry": { "type": "Polygon", "coordinates": [ [ [ 113.00662543778121, -2.134576778124807 ], [ 113.006805100838037, -2.134576778124807 ], [ 113.006805100838037, -2.134397115067983 ], [ 113.00662543778121, -2.134397115067983 ], [ 113.00662543778121, -2.134576778124807 ] ] ] } },
{ "type": "Feature", "properties": { "count": 1, "label": 1, "cluster_id": 16 }, "geometry": { "type": "Polygon", "coordinates": [ [ [ 113.006984763894863, -2.178055237876192 ], [ 113.00716442695169, -2.178055237876192 ], [ 113.00716442695169, -2.177875574819368 ], [ 113.006984763894863, -2.177875574819368 ], [ 113.006984763894863, -2.178055237876192 ] ] ] } },
{ "type": "Feature", "properties": { "count": 2, "label": 1, "cluster_id": 16 }, "geometry": { "type": "Polygon", "coordinates": [ [ [ 113.006984763894863, -2.146793865988832 ], [ 113.007344090008502, -2.146793865988832 ], [ 113.007344090008502, -2.146614202932009 ], [ 113.006984763894863, -2.146614202932009 ], [ 113.006984763894863, -2.146793865988832 ] ] ] } },
{ "type": "Feature", "properties": { "count": 13, "label": 1, "cluster_id": 16 }, "geometry": { "type": "Polygon", "coordinates": [ [ [ 113.00716442695169, -2.178055237876192 ], [ 113.00716442695169, -2.178234900933016 ], [ 113.006984763894863, -2.178234900933016 ], [ 113.006984763894863, -2.178594227046664 ], [ 113.00662543778121, -2.178594227046664 ], [ 113.00662543778121, -2.178773890103487 ], [ 113.006445774724384, -2.178773890103487 ], [ 113.006445774724384, -2.178594227046664 ], [ 113.006266111667557, -2.178594227046664 ], [ 113.006266111667557, -2.178953553160311 ], [ 113.00716442695169, -2.178953553160311 ], [ 113.00716442695169, -2.17841456398984 ], [ 113.007344090008502, -2.17841456398984 ], [ 113.007344090008502, -2.178055237876192 ], [ 113.00716442695169, -2.178055237876192 ] ] ] } },
{ "type": "Feature", "properties": { "count": 1, "label": 1, "cluster_id": 16 }, "geometry": { "type": "Polygon", "coordinates": [ [ [ 113.007344090008502, -2.143559930966002 ], [ 113.007523753065328, -2.143559930966002 ], [ 113.007523753065328, -2.143380267909178 ], [ 113.007344090008502, -2.143380267909178 ], [ 113.007344090008502, -2.143559930966002 ] ] ] } },
{ "type": "Feature", "properties": { "count": 2, "label": 1, "cluster_id": 16 }, "geometry": { "type": "Polygon", "coordinates": [ [ [ 113.007703416122155, -2.134037788954335 ], [ 113.008062742235808, -2.134037788954335 ], [ 113.008062742235808, -2.133858125897511 ], [ 113.007703416122155, -2.133858125897511 ], [ 113.007703416122155, -2.134037788954335 ] ] ] } },
{ "type": "Feature", "properties": { "count": 7, "label": 1, "cluster_id": 16 }, "geometry": { "type": "Polygon", "coordinates": [ [ [ 113.007703416122155, -2.135295430352103 ], [ 113.007703416122155, -2.13565475646575 ], [ 113.007883079178981, -2.13565475646575 ], [ 113.007883079178981, -2.135834419522574 ], [ 113.00824240529262, -2.135834419522574 ], [ 113.00824240529262, -2.13565475646575 ], [ 113.008062742235808, -2.13565475646575 ], [ 113.008062742235808, -2.135475093408926 ], [ 113.00824240529262, -2.135475093408926 ], [ 113.00824240529262, -2.135295430352103 ], [ 113.007703416122155, -2.135295430352103 ] ] ] } },
{ "type": "Feature", "properties": { "count": 2, "label": 1, "cluster_id": 16 }, "geometry": { "type": "Polygon", "coordinates": [ [ [ 113.008062742235808, -2.173024672285123 ], [ 113.00824240529262, -2.173024672285123 ], [ 113.00824240529262, -2.172665346171474 ], [ 113.008062742235808, -2.172665346171474 ], [ 113.008062742235808, -2.173024672285123 ] ] ] } },
{ "type": "Feature", "properties": { "count": 1, "label": 1, "cluster_id": 16 }, "geometry": { "type": "Polygon", "coordinates": [ [ [ 113.008422068349446, -2.173922987569242 ], [ 113.008601731406273, -2.173922987569242 ], [ 113.008601731406273, -2.173743324512418 ], [ 113.008422068349446, -2.173743324512418 ], [ 113.008422068349446, -2.173922987569242 ] ] ] } },
{ "type": "Feature", "properties": { "count": 1, "label": 1, "cluster_id": 16 }, "geometry": { "type": "Polygon", "coordinates": [ [ [ 113.008601731406273, -2.153980388261789 ], [ 113.008781394463099, -2.153980388261789 ], [ 113.008781394463099, -2.153800725204965 ], [ 113.008601731406273, -2.153800725204965 ], [ 113.008601731406273, -2.153980388261789 ] ] ] } },
{ "type": "Feature", "properties": { "count": 1, "label": 1, "cluster_id": 16 }, "geometry": { "type": "Polygon", "coordinates": [ [ [ 113.008781394463099, -2.154160051318613 ], [ 113.008961057519926, -2.154160051318613 ], [ 113.008961057519926, -2.153980388261789 ], [ 113.008781394463099, -2.153980388261789 ], [ 113.008781394463099, -2.154160051318613 ] ] ] } },
{ "type": "Feature", "properties": { "count": 1, "label": 1, "cluster_id": 16 }, "geometry": { "type": "Polygon", "coordinates": [ [ [ 113.008781394463099, -2.172845009228299 ], [ 113.008961057519926, -2.172845009228299 ], [ 113.008961057519926, -2.172665346171474 ], [ 113.008781394463099, -2.172665346171474 ], [ 113.008781394463099, -2.172845009228299 ] ] ] } },
{ "type": "Feature", "properties": { "count": 5, "label": 1, "cluster_id": 16 }, "geometry": { "type": "Polygon", "coordinates": [ [ [ 113.008961057519926, -2.153800725204965 ], [ 113.008961057519926, -2.153980388261789 ], [ 113.009140720576752, -2.153980388261789 ], [ 113.009140720576752, -2.154160051318613 ], [ 113.008961057519926, -2.154160051318613 ], [ 113.008961057519926, -2.154339714375436 ], [ 113.009320383633565, -2.154339714375436 ], [ 113.009320383633565, -2.153800725204965 ], [ 113.008961057519926, -2.153800725204965 ] ] ] } },
{ "type": "Feature", "properties": { "count": 5, "label": 1, "cluster_id": 16 }, "geometry": { "type": "Polygon", "coordinates": [ [ [ 113.009320383633565, -2.171587367830531 ], [ 113.009320383633565, -2.171767030887355 ], [ 113.009140720576752, -2.171767030887355 ], [ 113.009140720576752, -2.171946693944179 ], [ 113.009320383633565, -2.171946693944179 ], [ 113.009320383633565, -2.172126357001003 ], [ 113.009500046690391, -2.172126357001003 ], [ 113.009500046690391, -2.171946693944179 ], [ 113.009679709747218, -2.171946693944179 ], [ 113.009679709747218, -2.171767030887355 ], [ 113.009500046690391, -2.171767030887355 ], [ 113.009500046690391, -2.171587367830531 ], [ 113.009320383633565, -2.171587367830531 ] ] ] } },
{ "type": "Feature", "properties": { "count": 15, "label": 1, "cluster_id": 16 }, "geometry": { "type": "Polygon", "coordinates": [ [ [ 113.009140720576752, -2.172845009228299 ], [ 113.009140720576752, -2.173024672285123 ], [ 113.009320383633565, -2.173024672285123 ], [ 113.009320383633565, -2.173204335341946 ], [ 113.009140720576752, -2.173204335341946 ], [ 113.009140720576752, -2.17338399839877 ], [ 113.008781394463099, -2.17338399839877 ], [ 113.008781394463099, -2.173563661455594 ], [ 113.008601731406273, -2.173563661455594 ], [ 113.008601731406273, -2.173743324512418 ], [ 113.009140720576752, -2.173743324512418 ], [ 113.009140720576752, -2.173563661455594 ], [ 113.009500046690391, -2.173563661455594 ], [ 113.009500046690391, -2.17338399839877 ], [ 113.009679709747218, -2.17338399839877 ], [ 113.009679709747218, -2.172845009228299 ], [ 113.009140720576752, -2.172845009228299 ] ] ] } },
{ "type": "Feature", "properties": { "count": 6, "label": 1, "cluster_id": 16 }, "geometry": { "type": "Polygon", "coordinates": [ [ [ 113.009679709747218, -2.172306020057827 ], [ 113.009679709747218, -2.172485683114651 ], [ 113.009859372804044, -2.172485683114651 ], [ 113.009859372804044, -2.172845009228299 ], [ 113.010218698917683, -2.172845009228299 ], [ 113.010218698917683, -2.172485683114651 ], [ 113.010039035860871, -2.172485683114651 ], [ 113.010039035860871, -2.172306020057827 ], [ 113.009679709747218, -2.172306020057827 ] ] ] } },
{ "type": "Feature", "properties": { "count": 1, "label": 1, "cluster_id": 16 }, "geometry": { "type": "Polygon", "coordinates": [ [ [ 113.010039035860871, -2.124515646942668 ], [ 113.010218698917683, -2.124515646942668 ], [ 113.010218698917683, -2.124335983885844 ], [ 113.010039035860871, -2.124335983885844 ], [ 113.010039035860871, -2.124515646942668 ] ] ] } },
{ "type": "Feature", "properties": { "count": 1, "label": 1, "cluster_id": 16 }, "geometry": { "type": "Polygon", "coordinates": [ [ [ 113.010039035860871, -2.134576778124807 ], [ 113.010218698917683, -2.134576778124807 ], [ 113.010218698917683, -2.134397115067983 ], [ 113.010039035860871, -2.134397115067983 ], [ 113.010039035860871, -2.134576778124807 ] ] ] } },
{ "type": "Feature", "properties": { "count": 2, "label": 1, "cluster_id": 16 }, "geometry": { "type": "Polygon", "coordinates": [ [ [ 113.010039035860871, -2.135115767295279 ], [ 113.010218698917683, -2.135115767295279 ], [ 113.010218698917683, -2.134756441181631 ], [ 113.010039035860871, -2.134756441181631 ], [ 113.010039035860871, -2.135115767295279 ] ] ] } },
{ "type": "Feature", "properties": { "count": 1, "label": 1, "cluster_id": 16 }, "geometry": { "type": "Polygon", "coordinates": [ [ [ 113.010218698917683, -2.125234299169964 ], [ 113.010398361974509, -2.125234299169964 ], [ 113.010398361974509, -2.12505463611314 ], [ 113.010218698917683, -2.12505463611314 ], [ 113.010218698917683, -2.125234299169964 ] ] ] } },
{ "type": "Feature", "properties": { "count": 1, "label": 1, "cluster_id": 16 }, "geometry": { "type": "Polygon", "coordinates": [ [ [ 113.010218698917683, -2.134756441181631 ], [ 113.010398361974509, -2.134756441181631 ], [ 113.010398361974509, -2.134576778124807 ], [ 113.010218698917683, -2.134576778124807 ], [ 113.010218698917683, -2.134756441181631 ] ] ] } },
{ "type": "Feature", "properties": { "count": 1, "label": 1, "cluster_id": 16 }, "geometry": { "type": "Polygon", "coordinates": [ [ [ 113.010398361974509, -2.142302289568235 ], [ 113.010578025031336, -2.142302289568235 ], [ 113.010578025031336, -2.142122626511411 ], [ 113.010398361974509, -2.142122626511411 ], [ 113.010398361974509, -2.142302289568235 ] ] ] } },
{ "type": "Feature", "properties": { "count": 2, "label": 1, "cluster_id": 16 }, "geometry": { "type": "Polygon", "coordinates": [ [ [ 113.010398361974509, -2.130264864761033 ], [ 113.010757688088162, -2.130264864761033 ], [ 113.010757688088162, -2.130085201704209 ], [ 113.010398361974509, -2.130085201704209 ], [ 113.010398361974509, -2.130264864761033 ] ] ] } },
{ "type": "Feature", "properties": { "count": 3, "label": 1, "cluster_id": 16 }, "geometry": { "type": "Polygon", "coordinates": [ [ [ 113.010578025031336, -2.149309148784367 ], [ 113.010757688088162, -2.149309148784367 ], [ 113.010757688088162, -2.148770159613895 ], [ 113.010578025031336, -2.148770159613895 ], [ 113.010578025031336, -2.149309148784367 ] ] ] } },
{ "type": "Feature", "properties": { "count": 5, "label": 1, "cluster_id": 16 }, "geometry": { "type": "Polygon", "coordinates": [ [ [ 113.010398361974509, -2.178953553160311 ], [ 113.010398361974509, -2.179312879273959 ], [ 113.010218698917683, -2.179312879273959 ], [ 113.010218698917683, -2.179492542330783 ], [ 113.010578025031336, -2.179492542330783 ], [ 113.010578025031336, -2.179133216217135 ], [ 113.010757688088162, -2.179133216217135 ], [ 113.010757688088162, -2.178953553160311 ], [ 113.010398361974509, -2.178953553160311 ] ] ] } },
{ "type": "Feature", "properties": { "count": 28, "label": 1, "cluster_id": 16 }, "geometry": { "type": "Polygon", "coordinates": [ [ [ 113.010578025031336, -2.142302289568235 ], [ 113.010578025031336, -2.142661615681883 ], [ 113.010757688088162, -2.142661615681883 ], [ 113.010757688088162, -2.142841278738707 ], [ 113.010937351144989, -2.142841278738707 ], [ 113.010937351144989, -2.143200604852354 ], [ 113.011476340315454, -2.143200604852354 ], [ 113.011476340315454, -2.14302094179553 ], [ 113.012015329485934, -2.14302094179553 ], [ 113.012015329485934, -2.143380267909178 ], [ 113.012194992542746, -2.143380267909178 ], [ 113.012194992542746, -2.143559930966002 ], [ 113.012374655599572, -2.143559930966002 ], [ 113.012374655599572, -2.143380267909178 ], [ 113.012554318656399, -2.143380267909178 ], [ 113.012554318656399, -2.143200604852354 ], [ 113.012374655599572, -2.143200604852354 ], [ 113.012374655599572, -2.14302094179553 ], [ 113.012194992542746, -2.14302094179553 ], [ 113.012194992542746, -2.142841278738707 ], [ 113.012015329485934, -2.142841278738707 ], [ 113.012015329485934, -2.142661615681883 ], [ 113.011835666429107, -2.142661615681883 ], [ 113.011835666429107, -2.142841278738707 ], [ 113.011656003372281, -2.142841278738707 ], [ 113.011656003372281, -2.142481952625059 ], [ 113.010937351144989, -2.142481952625059 ], [ 113.010937351144989, -2.142302289568235 ], [ 113.010578025031336, -2.142302289568235 ] ], [ [ 113.011476340315454, -2.142661615681883 ], [ 113.011117014201815, -2.142661615681883 ], [ 113.011117014201815, -2.142841278738707 ], [ 113.011476340315454, -2.142841278738707 ], [ 113.011476340315454, -2.142661615681883 ] ] ] } },
{ "type": "Feature", "properties": { "count": 5, "label": 1, "cluster_id": 16 }, "geometry": { "type": "Polygon", "coordinates": [ [ [ 113.010578025031336, -2.143380267909178 ], [ 113.010578025031336, -2.14391925707965 ], [ 113.010757688088162, -2.14391925707965 ], [ 113.010757688088162, -2.143739594022826 ], [ 113.010937351144989, -2.143739594022826 ], [ 113.010937351144989, -2.143380267909178 ], [ 113.010578025031336, -2.143380267909178 ] ] ] } },
{ "type": "Feature", "properties": { "count": 1, "label": 1, "cluster_id": 16 }, "geometry": { "type": "Polygon", "coordinates": [ [ [ 113.010757688088162, -2.148770159613895 ], [ 113.010937351144989, -2.148770159613895 ], [ 113.010937351144989, -2.148590496557071 ], [ 113.010757688088162, -2.148590496557071 ], [ 113.010757688088162, -2.148770159613895 ] ] ] } },
{ "type": "Feature", "properties": { "count": 1, "label": 1, "cluster_id": 16 }, "geometry": { "type": "Polygon", "coordinates": [ [ [ 113.010757688088162, -2.149488811841191 ], [ 113.010937351144989, -2.149488811841191 ], [ 113.010937351144989, -2.149309148784367 ], [ 113.010757688088162, -2.149309148784367 ], [ 113.010757688088162, -2.149488811841191 ] ] ] } },
{ "type": "Feature", "properties": { "count": 2, "label": 1, "cluster_id": 16 }, "geometry": { "type": "Polygon", "coordinates": [ [ [ 113.010757688088162, -2.179492542330783 ], [ 113.010937351144989, -2.179492542330783 ], [ 113.010937351144989, -2.179133216217135 ], [ 113.010757688088162, -2.179133216217135 ], [ 113.010757688088162, -2.179492542330783 ] ] ] } },
{ "type": "Feature", "properties": { "count": 2, "label": 1, "cluster_id": 16 }, "geometry": { "type": "Polygon", "coordinates": [ [ [ 113.010757688088162, -2.179851868444431 ], [ 113.011117014201815, -2.179851868444431 ], [ 113.011117014201815, -2.179672205387607 ], [ 113.010757688088162, -2.179672205387607 ], [ 113.010757688088162, -2.179851868444431 ] ] ] } },
{ "type": "Feature", "properties": { "count": 3, "label": 1, "cluster_id": 16 }, "geometry": { "type": "Polygon", "coordinates": [ [ [ 113.010937351144989, -2.163502530273456 ], [ 113.010937351144989, -2.163861856387103 ], [ 113.011117014201815, -2.163861856387103 ], [ 113.011117014201815, -2.163682193330279 ], [ 113.011296677258628, -2.163682193330279 ], [ 113.011296677258628, -2.163502530273456 ], [ 113.010937351144989, -2.163502530273456 ] ] ] } },
{ "type": "Feature", "properties": { "count": 4, "label": 1, "cluster_id": 16 }, "geometry": { "type": "Polygon", "coordinates": [ [ [ 113.011296677258628, -2.157393986341443 ], [ 113.011296677258628, -2.157573649398267 ], [ 113.011117014201815, -2.157573649398267 ], [ 113.011117014201815, -2.157753312455091 ], [ 113.011656003372281, -2.157753312455091 ], [ 113.011656003372281, -2.157573649398267 ], [ 113.011476340315454, -2.157573649398267 ], [ 113.011476340315454, -2.157393986341443 ], [ 113.011296677258628, -2.157393986341443 ] ] ] } },
{ "type": "Feature", "properties": { "count": 27, "label": 1, "cluster_id": 16 }, "geometry": { "type": "Polygon", "coordinates": [ [ [ 113.010757688088162, -2.162424551932512 ], [ 113.010757688088162, -2.162604214989336 ], [ 113.010398361974509, -2.162604214989336 ], [ 113.010398361974509, -2.162424551932512 ], [ 113.010218698917683, -2.162424551932512 ], [ 113.010218698917683, -2.162604214989336 ], [ 113.010039035860871, -2.162604214989336 ], [ 113.010039035860871, -2.16278387804616 ], [ 113.010218698917683, -2.16278387804616 ], [ 113.010218698917683, -2.163143204159808 ], [ 113.010578025031336, -2.163143204159808 ], [ 113.010578025031336, -2.162963541102984 ], [ 113.011117014201815, -2.162963541102984 ], [ 113.011117014201815, -2.163143204159808 ], [ 113.011296677258628, -2.163143204159808 ], [ 113.011296677258628, -2.163322867216632 ], [ 113.011656003372281, -2.163322867216632 ], [ 113.011656003372281, -2.163143204159808 ], [ 113.011835666429107, -2.163143204159808 ], [ 113.011835666429107, -2.162963541102984 ], [ 113.011656003372281, -2.162963541102984 ], [ 113.011656003372281, -2.162604214989336 ], [ 113.011476340315454, -2.162604214989336 ], [ 113.011476340315454, -2.162963541102984 ], [ 113.011296677258628, -2.162963541102984 ], [ 113.011296677258628, -2.16278387804616 ], [ 113.011117014201815, -2.16278387804616 ], [ 113.011117014201815, -2.162604214989336 ], [ 113.011476340315454, -2.162604214989336 ], [ 113.011476340315454, -2.162424551932512 ], [ 113.010757688088162, -2.162424551932512 ] ] ] } },
{ "type": "Feature", "properties": { "count": 1, "label": 1, "cluster_id": 16 }, "geometry": { "type": "Polygon", "coordinates": [ [ [ 113.011296677258628, -2.174821302853362 ], [ 113.011476340315454, -2.174821302853362 ], [ 113.011476340315454, -2.174641639796538 ], [ 113.011296677258628, -2.174641639796538 ], [ 113.011296677258628, -2.174821302853362 ] ] ] } },
{ "type": "Feature", "properties": { "count": 1, "label": 1, "cluster_id": 16 }, "geometry": { "type": "Polygon", "coordinates": [ [ [ 113.011656003372281, -2.157573649398267 ], [ 113.011835666429107, -2.157573649398267 ], [ 113.011835666429107, -2.157393986341443 ], [ 113.011656003372281, -2.157393986341443 ], [ 113.011656003372281, -2.157573649398267 ] ] ] } },
{ "type": "Feature", "properties": { "count": 3, "label": 1, "cluster_id": 16 }, "geometry": { "type": "Polygon", "coordinates": [ [ [ 113.011656003372281, -2.170509389489588 ], [ 113.011656003372281, -2.170868715603236 ], [ 113.012015329485934, -2.170868715603236 ], [ 113.012015329485934, -2.170689052546412 ], [ 113.011835666429107, -2.170689052546412 ], [ 113.011835666429107, -2.170509389489588 ], [ 113.011656003372281, -2.170509389489588 ] ] ] } },
{ "type": "Feature", "properties": { "count": 2, "label": 1, "cluster_id": 16 }, "geometry": { "type": "Polygon", "coordinates": [ [ [ 113.011656003372281, -2.172665346171474 ], [ 113.011835666429107, -2.172665346171474 ], [ 113.011835666429107, -2.172306020057827 ], [ 113.011656003372281, -2.172306020057827 ], [ 113.011656003372281, -2.172665346171474 ] ] ] } },
{ "type": "Feature", "properties": { "count": 7, "label": 1, "cluster_id": 16 }, "geometry": { "type": "Polygon", "coordinates": [ [ [ 113.012015329485934, -2.163322867216632 ], [ 113.012015329485934, -2.163502530273456 ], [ 113.011835666429107, -2.163502530273456 ], [ 113.011835666429107, -2.163322867216632 ], [ 113.011656003372281, -2.163322867216632 ], [ 113.011656003372281, -2.163682193330279 ], [ 113.012194992542746, -2.163682193330279 ], [ 113.012194992542746, -2.163861856387103 ], [ 113.012374655599572, -2.163861856387103 ], [ 113.012374655599572, -2.163502530273456 ], [ 113.012194992542746, -2.163502530273456 ], [ 113.012194992542746, -2.163322867216632 ], [ 113.012015329485934, -2.163322867216632 ] ] ] } },
{ "type": "Feature", "properties": { "count": 1, "label": 1, "cluster_id": 16 }, "geometry": { "type": "Polygon", "coordinates": [ [ [ 113.012194992542746, -2.134756441181631 ], [ 113.012374655599572, -2.134756441181631 ], [ 113.012374655599572, -2.134576778124807 ], [ 113.012194992542746, -2.134576778124807 ], [ 113.012194992542746, -2.134756441181631 ] ] ] } },
{ "type": "Feature", "properties": { "count": 1, "label": 1, "cluster_id": 16 }, "geometry": { "type": "Polygon", "coordinates": [ [ [ 113.012374655599572, -2.148231170443424 ], [ 113.012554318656399, -2.148231170443424 ], [ 113.012554318656399, -2.1480515073866 ], [ 113.012374655599572, -2.1480515073866 ], [ 113.012374655599572, -2.148231170443424 ] ] ] } },
{ "type": "Feature", "properties": { "count": 5, "label": 1, "cluster_id": 16 }, "geometry": { "type": "Polygon", "coordinates": [ [ [ 113.012554318656399, -2.15954994302333 ], [ 113.012554318656399, -2.159909269136977 ], [ 113.012733981713225, -2.159909269136977 ], [ 113.012733981713225, -2.160268595250625 ], [ 113.012913644770052, -2.160268595250625 ], [ 113.012913644770052, -2.159729606080154 ], [ 113.012733981713225, -2.159729606080154 ], [ 113.012733981713225, -2.15954994302333 ], [ 113.012554318656399, -2.15954994302333 ] ] ] } },
{ "type": "Feature", "properties": { "count": 1, "label": 1, "cluster_id": 16 }, "geometry": { "type": "Polygon", "coordinates": [ [ [ 113.012733981713225, -2.148231170443424 ], [ 113.012913644770052, -2.148231170443424 ], [ 113.012913644770052, -2.1480515073866 ], [ 113.012733981713225, -2.1480515073866 ], [ 113.012733981713225, -2.148231170443424 ] ] ] } },
{ "type": "Feature", "properties": { "count": 61, "label": 1, "cluster_id": 16 }, "geometry": { "type": "Polygon", "coordinates": [ [ [ 113.012733981713225, -2.145715887647889 ], [ 113.012733981713225, -2.146254876818361 ], [ 113.011835666429107, -2.146254876818361 ], [ 113.011835666429107, -2.146793865988832 ], [ 113.011656003372281, -2.146793865988832 ], [ 113.011656003372281, -2.14715319210248 ], [ 113.011476340315454, -2.14715319210248 ], [ 113.011476340315454, -2.147332855159304 ], [ 113.011296677258628, -2.147332855159304 ], [ 113.011296677258628, -2.147512518216128 ], [ 113.011656003372281, -2.147512518216128 ], [ 113.011656003372281, -2.147332855159304 ], [ 113.012015329485934, -2.147332855159304 ], [ 113.012015329485934, -2.147512518216128 ], [ 113.012194992542746, -2.147512518216128 ], [ 113.012194992542746, -2.147692181272952 ], [ 113.012374655599572, -2.147692181272952 ], [ 113.012374655599572, -2.147512518216128 ], [ 113.012913644770052, -2.147512518216128 ], [ 113.012913644770052, -2.147692181272952 ], [ 113.013093307826878, -2.147692181272952 ], [ 113.013093307826878, -2.147332855159304 ], [ 113.013272970883691, -2.147332855159304 ], [ 113.013272970883691, -2.14715319210248 ], [ 113.013452633940517, -2.14715319210248 ], [ 113.013452633940517, -2.146973529045656 ], [ 113.013632296997343, -2.146973529045656 ], [ 113.013632296997343, -2.146614202932009 ], [ 113.013452633940517, -2.146614202932009 ], [ 113.013452633940517, -2.146793865988832 ], [ 113.013272970883691, -2.146793865988832 ], [ 113.013272970883691, -2.146973529045656 ], [ 113.012913644770052, -2.146973529045656 ], [ 113.012913644770052, -2.146793865988832 ], [ 113.012733981713225, -2.146793865988832 ], [ 113.012733981713225, -2.146614202932009 ], [ 113.012554318656399, -2.146614202932009 ], [ 113.012554318656399, -2.146434539875185 ], [ 113.012913644770052, -2.146434539875185 ], [ 113.012913644770052, -2.146254876818361 ], [ 113.013093307826878, -2.146254876818361 ], [ 113.013093307826878, -2.146075213761537 ], [ 113.013272970883691, -2.146075213761537 ], [ 113.013272970883691, -2.145895550704713 ], [ 113.013093307826878, -2.145895550704713 ], [ 113.013093307826878, -2.145715887647889 ], [ 113.012733981713225, -2.145715887647889 ] ], [ [ 113.012194992542746, -2.146434539875185 ], [ 113.012015329485934, -2.146434539875185 ], [ 113.012015329485934, -2.146614202932009 ], [ 113.012194992542746, -2.146614202932009 ], [ 113.012194992542746, -2.146434539875185 ] ] ] } },
{ "type": "Feature", "properties": { "count": 3, "label": 1, "cluster_id": 16 }, "geometry": { "type": "Polygon", "coordinates": [ [ [ 113.012554318656399, -2.150387127125311 ], [ 113.013093307826878, -2.150387127125311 ], [ 113.013093307826878, -2.150207464068487 ], [ 113.012554318656399, -2.150207464068487 ], [ 113.012554318656399, -2.150387127125311 ] ] ] } },
{ "type": "Feature", "properties": { "count": 5, "label": 1, "cluster_id": 16 }, "geometry": { "type": "Polygon", "coordinates": [ [ [ 113.012913644770052, -2.150566790182134 ], [ 113.012913644770052, -2.150926116295782 ], [ 113.013093307826878, -2.150926116295782 ], [ 113.013093307826878, -2.151105779352606 ], [ 113.013452633940517, -2.151105779352606 ], [ 113.013452633940517, -2.150926116295782 ], [ 113.013272970883691, -2.150926116295782 ], [ 113.013272970883691, -2.150746453238958 ], [ 113.013093307826878, -2.150746453238958 ], [ 113.013093307826878, -2.150566790182134 ], [ 113.012913644770052, -2.150566790182134 ] ] ] } },
{ "type": "Feature", "properties": { "count": 3, "label": 1, "cluster_id": 16 }, "geometry": { "type": "Polygon", "coordinates": [ [ [ 113.012913644770052, -2.145356561534241 ], [ 113.012913644770052, -2.145536224591065 ], [ 113.013093307826878, -2.145536224591065 ], [ 113.013093307826878, -2.145715887647889 ], [ 113.013272970883691, -2.145715887647889 ], [ 113.013272970883691, -2.145356561534241 ], [ 113.012913644770052, -2.145356561534241 ] ] ] } },
{ "type": "Feature", "properties": { "count": 2, "label": 1, "cluster_id": 16 }, "geometry": { "type": "Polygon", "coordinates": [ [ [ 113.012913644770052, -2.146793865988832 ], [ 113.013272970883691, -2.146793865988832 ], [ 113.013272970883691, -2.146614202932009 ], [ 113.012913644770052, -2.146614202932009 ], [ 113.012913644770052, -2.146793865988832 ] ] ] } },
{ "type": "Feature", "properties": { "count": 2, "label": 1, "cluster_id": 16 }, "geometry": { "type": "Polygon", "coordinates": [ [ [ 113.013093307826878, -2.130983516988329 ], [ 113.013452633940517, -2.130983516988329 ], [ 113.013452633940517, -2.130803853931505 ], [ 113.013093307826878, -2.130803853931505 ], [ 113.013093307826878, -2.130983516988329 ] ] ] } },
{ "type": "Feature", "properties": { "count": 18, "label": 1, "cluster_id": 16 }, "geometry": { "type": "Polygon", "coordinates": [ [ [ 113.013272970883691, -2.15128544240943 ], [ 113.013272970883691, -2.151465105466254 ], [ 113.013093307826878, -2.151465105466254 ], [ 113.013093307826878, -2.152363420750373 ], [ 113.012913644770052, -2.152363420750373 ], [ 113.012913644770052, -2.152543083807197 ], [ 113.013093307826878, -2.152543083807197 ], [ 113.013093307826878, -2.152722746864021 ], [ 113.013632296997343, -2.152722746864021 ], [ 113.013632296997343, -2.152363420750373 ], [ 113.013452633940517, -2.152363420750373 ], [ 113.013452633940517, -2.15128544240943 ], [ 113.013272970883691, -2.15128544240943 ] ] ] } },
{ "type": "Feature", "properties": { "count": 6, "label": 1, "cluster_id": 16 }, "geometry": { "type": "Polygon", "coordinates": [ [ [ 113.013272970883691, -2.142841278738707 ], [ 113.013272970883691, -2.14302094179553 ], [ 113.013452633940517, -2.14302094179553 ], [ 113.013452633940517, -2.143380267909178 ], [ 113.013632296997343, -2.143380267909178 ], [ 113.013632296997343, -2.143200604852354 ], [ 113.013991623110996, -2.143200604852354 ], [ 113.013991623110996, -2.14302094179553 ], [ 113.013632296997343, -2.14302094179553 ], [ 113.013632296997343, -2.142841278738707 ], [ 113.013272970883691, -2.142841278738707 ] ] ] } },
{ "type": "Feature", "properties": { "count": 1, "label": 1, "cluster_id": 16 }, "geometry": { "type": "Polygon", "coordinates": [ [ [ 113.013452633940517, -2.145536224591065 ], [ 113.013632296997343, -2.145536224591065 ], [ 113.013632296997343, -2.145356561534241 ], [ 113.013452633940517, -2.145356561534241 ], [ 113.013452633940517, -2.145536224591065 ] ] ] } },
{ "type": "Feature", "properties": { "count": 9, "label": 1, "cluster_id": 16 }, "geometry": { "type": "Polygon", "coordinates": [ [ [ 113.013452633940517, -2.1480515073866 ], [ 113.013452633940517, -2.148231170443424 ], [ 113.012913644770052, -2.148231170443424 ], [ 113.012913644770052, -2.148410833500248 ], [ 113.013272970883691, -2.148410833500248 ], [ 113.013272970883691, -2.148590496557071 ], [ 113.012913644770052, -2.148590496557071 ], [ 113.012913644770052, -2.148770159613895 ], [ 113.013452633940517, -2.148770159613895 ], [ 113.013452633940517, -2.148410833500248 ], [ 113.013632296997343, -2.148410833500248 ], [ 113.013632296997343, -2.1480515073866 ], [ 113.013452633940517, -2.1480515073866 ] ] ] } },
{ "type": "Feature", "properties": { "count": 6, "label": 1, "cluster_id": 16 }, "geometry": { "type": "Polygon", "coordinates": [ [ [ 113.013093307826878, -2.157932975511915 ], [ 113.013093307826878, -2.158112638568738 ], [ 113.012913644770052, -2.158112638568738 ], [ 113.012913644770052, -2.158292301625562 ], [ 113.013452633940517, -2.158292301625562 ], [ 113.013452633940517, -2.158112638568738 ], [ 113.013632296997343, -2.158112638568738 ], [ 113.013632296997343, -2.157932975511915 ], [ 113.013093307826878, -2.157932975511915 ] ] ] } },
{ "type": "Feature", "properties": { "count": 23, "label": 1, "cluster_id": 16 }, "geometry": { "type": "Polygon", "coordinates": [ [ [ 113.013452633940517, -2.143739594022826 ], [ 113.013452633940517, -2.14391925707965 ], [ 113.013093307826878, -2.14391925707965 ], [ 113.013093307826878, -2.144458246250122 ], [ 113.012733981713225, -2.144458246250122 ], [ 113.012733981713225, -2.144637909306946 ], [ 113.012913644770052, -2.144637909306946 ], [ 113.012913644770052, -2.144817572363769 ], [ 113.013632296997343, -2.144817572363769 ], [ 113.013632296997343, -2.144458246250122 ], [ 113.01381196005417, -2.144458246250122 ], [ 113.01381196005417, -2.144278583193298 ], [ 113.013991623110996, -2.144278583193298 ], [ 113.013991623110996, -2.144098920136474 ], [ 113.01381196005417, -2.144098920136474 ], [ 113.01381196005417, -2.143739594022826 ], [ 113.013452633940517, -2.143739594022826 ] ], [ [ 113.013452633940517, -2.144278583193298 ], [ 113.013272970883691, -2.144278583193298 ], [ 113.013272970883691, -2.144458246250122 ], [ 113.013452633940517, -2.144458246250122 ], [ 113.013452633940517, -2.144278583193298 ] ] ] } },
{ "type": "Feature", "properties": { "count": 1, "label": 1, "cluster_id": 16 }, "geometry": { "type": "Polygon", "coordinates": [ [ [ 113.01381196005417, -2.153800725204965 ], [ 113.013991623110996, -2.153800725204965 ], [ 113.013991623110996, -2.153621062148141 ], [ 113.01381196005417, -2.153621062148141 ], [ 113.01381196005417, -2.153800725204965 ] ] ] } },
{ "type": "Feature", "properties": { "count": 3, "label": 1, "cluster_id": 16 }, "geometry": { "type": "Polygon", "coordinates": [ [ [ 113.013991623110996, -2.130444527817857 ], [ 113.014171286167809, -2.130444527817857 ], [ 113.014171286167809, -2.129905538647385 ], [ 113.013991623110996, -2.129905538647385 ], [ 113.013991623110996, -2.130444527817857 ] ] ] } },
{ "type": "Feature", "properties": { "count": 2, "label": 1, "cluster_id": 16 }, "geometry": { "type": "Polygon", "coordinates": [ [ [ 113.013991623110996, -2.131342843101977 ], [ 113.014171286167809, -2.131342843101977 ], [ 113.014171286167809, -2.130983516988329 ], [ 113.013991623110996, -2.130983516988329 ], [ 113.013991623110996, -2.131342843101977 ] ] ] } },
{ "type": "Feature", "properties": { "count": 2, "label": 1, "cluster_id": 16 }, "geometry": { "type": "Polygon", "coordinates": [ [ [ 113.013991623110996, -2.135295430352103 ], [ 113.014171286167809, -2.135295430352103 ], [ 113.014171286167809, -2.134936104238455 ], [ 113.013991623110996, -2.134936104238455 ], [ 113.013991623110996, -2.135295430352103 ] ] ] } },
{ "type": "Feature", "properties": { "count": 3, "label": 1, "cluster_id": 16 }, "geometry": { "type": "Polygon", "coordinates": [ [ [ 113.01381196005417, -2.145176898477417 ], [ 113.01381196005417, -2.145536224591065 ], [ 113.013991623110996, -2.145536224591065 ], [ 113.013991623110996, -2.145356561534241 ], [ 113.014171286167809, -2.145356561534241 ], [ 113.014171286167809, -2.145176898477417 ], [ 113.01381196005417, -2.145176898477417 ] ] ] } },
{ "type": "Feature", "properties": { "count": 1, "label": 1, "cluster_id": 16 }, "geometry": { "type": "Polygon", "coordinates": [ [ [ 113.013991623110996, -2.153980388261789 ], [ 113.014171286167809, -2.153980388261789 ], [ 113.014171286167809, -2.153800725204965 ], [ 113.013991623110996, -2.153800725204965 ], [ 113.013991623110996, -2.153980388261789 ] ] ] } },
{ "type": "Feature", "properties": { "count": 5, "label": 1, "cluster_id": 16 }, "geometry": { "type": "Polygon", "coordinates": [ [ [ 113.01381196005417, -2.157573649398267 ], [ 113.01381196005417, -2.158112638568738 ], [ 113.013991623110996, -2.158112638568738 ], [ 113.013991623110996, -2.157932975511915 ], [ 113.014171286167809, -2.157932975511915 ], [ 113.014171286167809, -2.157573649398267 ], [ 113.01381196005417, -2.157573649398267 ] ] ] } },
{ "type": "Feature", "properties": { "count": 4, "label": 1, "cluster_id": 16 }, "geometry": { "type": "Polygon", "coordinates": [ [ [ 113.014171286167809, -2.131342843101977 ], [ 113.014171286167809, -2.131522506158801 ], [ 113.013991623110996, -2.131522506158801 ], [ 113.013991623110996, -2.131702169215624 ], [ 113.014530612281462, -2.131702169215624 ], [ 113.014530612281462, -2.131522506158801 ], [ 113.014350949224635, -2.131522506158801 ], [ 113.014350949224635, -2.131342843101977 ], [ 113.014171286167809, -2.131342843101977 ] ] ] } },
{ "type": "Feature", "properties": { "count": 17, "label": 1, "cluster_id": 16 }, "geometry": { "type": "Polygon", "coordinates": [ [ [ 113.014171286167809, -2.160448258307449 ], [ 113.014171286167809, -2.160807584421097 ], [ 113.014350949224635, -2.160807584421097 ], [ 113.014350949224635, -2.160987247477921 ], [ 113.014171286167809, -2.160987247477921 ], [ 113.014171286167809, -2.161346573591569 ], [ 113.013991623110996, -2.161346573591569 ], [ 113.013991623110996, -2.161526236648393 ], [ 113.014171286167809, -2.161526236648393 ], [ 113.014171286167809, -2.161705899705217 ], [ 113.014350949224635, -2.161705899705217 ], [ 113.014350949224635, -2.161526236648393 ], [ 113.014530612281462, -2.161526236648393 ], [ 113.014530612281462, -2.161346573591569 ], [ 113.014710275338288, -2.161346573591569 ], [ 113.014710275338288, -2.160627921364273 ], [ 113.014530612281462, -2.160627921364273 ], [ 113.014530612281462, -2.160448258307449 ], [ 113.014171286167809, -2.160448258307449 ] ] ] } },
{ "type": "Feature", "properties": { "count": 10, "label": 1, "cluster_id": 16 }, "geometry": { "type": "Polygon", "coordinates": [ [ [ 113.014350949224635, -2.17104837866006 ], [ 113.014350949224635, -2.171767030887355 ], [ 113.014710275338288, -2.171767030887355 ], [ 113.014710275338288, -2.171587367830531 ], [ 113.014889938395115, -2.171587367830531 ], [ 113.014889938395115, -2.171767030887355 ], [ 113.015069601451941, -2.171767030887355 ], [ 113.015069601451941, -2.171587367830531 ], [ 113.015249264508753, -2.171587367830531 ], [ 113.015249264508753, -2.171407704773707 ], [ 113.014530612281462, -2.171407704773707 ], [ 113.014530612281462, -2.17104837866006 ], [ 113.014350949224635, -2.17104837866006 ] ] ] } },
{ "type": "Feature", "properties": { "count": 1, "label": 1, "cluster_id": 16 }, "geometry": { "type": "Polygon", "coordinates": [ [ [ 113.014530612281462, -2.132061495329272 ], [ 113.014710275338288, -2.132061495329272 ], [ 113.014710275338288, -2.131881832272448 ], [ 113.014530612281462, -2.131881832272448 ], [ 113.014530612281462, -2.132061495329272 ] ] ] } },
{ "type": "Feature", "properties": { "count": 6, "label": 1, "cluster_id": 16 }, "geometry": { "type": "Polygon", "coordinates": [ [ [ 113.014530612281462, -2.135834419522574 ], [ 113.014530612281462, -2.136014082579398 ], [ 113.014350949224635, -2.136014082579398 ], [ 113.014350949224635, -2.136193745636222 ], [ 113.014530612281462, -2.136193745636222 ], [ 113.014530612281462, -2.136373408693046 ], [ 113.014889938395115, -2.136373408693046 ], [ 113.014889938395115, -2.136014082579398 ], [ 113.014710275338288, -2.136014082579398 ], [ 113.014710275338288, -2.135834419522574 ], [ 113.014530612281462, -2.135834419522574 ] ] ] } },
{ "type": "Feature", "properties": { "count": 1, "label": 1, "cluster_id": 16 }, "geometry": { "type": "Polygon", "coordinates": [ [ [ 113.014530612281462, -2.159909269136977 ], [ 113.014710275338288, -2.159909269136977 ], [ 113.014710275338288, -2.159729606080154 ], [ 113.014530612281462, -2.159729606080154 ], [ 113.014530612281462, -2.159909269136977 ] ] ] } },
{ "type": "Feature", "properties": { "count": 27, "label": 1, "cluster_id": 16 }, "geometry": { "type": "Polygon", "coordinates": [ [ [ 113.014530612281462, -2.161526236648393 ], [ 113.014530612281462, -2.161705899705217 ], [ 113.014350949224635, -2.161705899705217 ], [ 113.014350949224635, -2.16188556276204 ], [ 113.014171286167809, -2.16188556276204 ], [ 113.014171286167809, -2.161705899705217 ], [ 113.013991623110996, -2.161705899705217 ], [ 113.013991623110996, -2.161526236648393 ], [ 113.01381196005417, -2.161526236648393 ], [ 113.01381196005417, -2.161705899705217 ], [ 113.013632296997343, -2.161705899705217 ], [ 113.013632296997343, -2.162065225818864 ], [ 113.014530612281462, -2.162065225818864 ], [ 113.014530612281462, -2.162424551932512 ], [ 113.014710275338288, -2.162424551932512 ], [ 113.014710275338288, -2.162604214989336 ], [ 113.014889938395115, -2.162604214989336 ], [ 113.014889938395115, -2.162244888875688 ], [ 113.01542892756558, -2.162244888875688 ], [ 113.01542892756558, -2.16188556276204 ], [ 113.015249264508753, -2.16188556276204 ], [ 113.015249264508753, -2.161705899705217 ], [ 113.014889938395115, -2.161705899705217 ], [ 113.014889938395115, -2.16188556276204 ], [ 113.014710275338288, -2.16188556276204 ], [ 113.014710275338288, -2.161526236648393 ], [ 113.014530612281462, -2.161526236648393 ] ] ] } },
{ "type": "Feature", "properties": { "count": 2, "label": 1, "cluster_id": 16 }, "geometry": { "type": "Polygon", "coordinates": [ [ [ 113.014710275338288, -2.134576778124807 ], [ 113.014889938395115, -2.134576778124807 ], [ 113.014889938395115, -2.134217452011159 ], [ 113.014710275338288, -2.134217452011159 ], [ 113.014710275338288, -2.134576778124807 ] ] ] } },
{ "type": "Feature", "properties": { "count": 4, "label": 1, "cluster_id": 16 }, "geometry": { "type": "Polygon", "coordinates": [ [ [ 113.014710275338288, -2.175180628967009 ], [ 113.014710275338288, -2.175539955080657 ], [ 113.014889938395115, -2.175539955080657 ], [ 113.014889938395115, -2.175719618137481 ], [ 113.015069601451941, -2.175719618137481 ], [ 113.015069601451941, -2.175360292023833 ], [ 113.014889938395115, -2.175360292023833 ], [ 113.014889938395115, -2.175180628967009 ], [ 113.014710275338288, -2.175180628967009 ] ] ] } },
{ "type": "Feature", "properties": { "count": 6, "label": 1, "cluster_id": 16 }, "geometry": { "type": "Polygon", "coordinates": [ [ [ 113.014530612281462, -2.134756441181631 ], [ 113.014530612281462, -2.134936104238455 ], [ 113.014710275338288, -2.134936104238455 ], [ 113.014710275338288, -2.135115767295279 ], [ 113.014889938395115, -2.135115767295279 ], [ 113.014889938395115, -2.135295430352103 ], [ 113.015069601451941, -2.135295430352103 ], [ 113.015069601451941, -2.134756441181631 ], [ 113.014530612281462, -2.134756441181631 ] ] ] } },
{ "type": "Feature", "properties": { "count": 4, "label": 1, "cluster_id": 16 }, "geometry": { "type": "Polygon", "coordinates": [ [ [ 113.015249264508753, -2.128647897249618 ], [ 113.015249264508753, -2.128827560306442 ], [ 113.015069601451941, -2.128827560306442 ], [ 113.015069601451941, -2.12918688642009 ], [ 113.015249264508753, -2.12918688642009 ], [ 113.015249264508753, -2.129007223363266 ], [ 113.01542892756558, -2.129007223363266 ], [ 113.01542892756558, -2.128647897249618 ], [ 113.015249264508753, -2.128647897249618 ] ] ] } },
{ "type": "Feature", "properties": { "count": 9, "label": 1, "cluster_id": 16 }, "geometry": { "type": "Polygon", "coordinates": [ [ [ 113.015249264508753, -2.133498799783863 ], [ 113.015249264508753, -2.133858125897511 ], [ 113.015608590622406, -2.133858125897511 ], [ 113.015608590622406, -2.134037788954335 ], [ 113.016147579792872, -2.134037788954335 ], [ 113.016147579792872, -2.133678462840687 ], [ 113.01542892756558, -2.133678462840687 ], [ 113.01542892756558, -2.133498799783863 ], [ 113.015249264508753, -2.133498799783863 ] ] ] } },
{ "type": "Feature", "properties": { "count": 1, "label": 1, "cluster_id": 16 }, "geometry": { "type": "Polygon", "coordinates": [ [ [ 113.015249264508753, -2.136014082579398 ], [ 113.01542892756558, -2.136014082579398 ], [ 113.01542892756558, -2.135834419522574 ], [ 113.015249264508753, -2.135834419522574 ], [ 113.015249264508753, -2.136014082579398 ] ] ] } },
{ "type": "Feature", "properties": { "count": 1, "label": 1, "cluster_id": 16 }, "geometry": { "type": "Polygon", "coordinates": [ [ [ 113.015608590622406, -2.128827560306442 ], [ 113.015788253679233, -2.128827560306442 ], [ 113.015788253679233, -2.128647897249618 ], [ 113.015608590622406, -2.128647897249618 ], [ 113.015608590622406, -2.128827560306442 ] ] ] } },
{ "type": "Feature", "properties": { "count": 4, "label": 1, "cluster_id": 16 }, "geometry": { "type": "Polygon", "coordinates": [ [ [ 113.01542892756558, -2.163143204159808 ], [ 113.015788253679233, -2.163143204159808 ], [ 113.015788253679233, -2.16278387804616 ], [ 113.01542892756558, -2.16278387804616 ], [ 113.01542892756558, -2.163143204159808 ] ] ] } },
{ "type": "Feature", "properties": { "count": 4, "label": 1, "cluster_id": 16 }, "geometry": { "type": "Polygon", "coordinates": [ [ [ 113.01542892756558, -2.172845009228299 ], [ 113.01542892756558, -2.173024672285123 ], [ 113.015608590622406, -2.173024672285123 ], [ 113.015608590622406, -2.173204335341946 ], [ 113.015967916736059, -2.173204335341946 ], [ 113.015967916736059, -2.173024672285123 ], [ 113.015788253679233, -2.173024672285123 ], [ 113.015788253679233, -2.172845009228299 ], [ 113.01542892756558, -2.172845009228299 ] ] ] } },
{ "type": "Feature", "properties": { "count": 10, "label": 1, "cluster_id": 16 }, "geometry": { "type": "Polygon", "coordinates": [ [ [ 113.015608590622406, -2.136732734806694 ], [ 113.015608590622406, -2.137271723977165 ], [ 113.015788253679233, -2.137271723977165 ], [ 113.015788253679233, -2.137092060920342 ], [ 113.015967916736059, -2.137092060920342 ], [ 113.015967916736059, -2.137271723977165 ], [ 113.015788253679233, -2.137271723977165 ], [ 113.015788253679233, -2.137451387033989 ], [ 113.015967916736059, -2.137451387033989 ], [ 113.015967916736059, -2.137631050090813 ], [ 113.016147579792872, -2.137631050090813 ], [ 113.016147579792872, -2.136912397863518 ], [ 113.015967916736059, -2.136912397863518 ], [ 113.015967916736059, -2.136732734806694 ], [ 113.015608590622406, -2.136732734806694 ] ] ] } },
{ "type": "Feature", "properties": { "count": 4, "label": 1, "cluster_id": 16 }, "geometry": { "type": "Polygon", "coordinates": [ [ [ 113.01542892756558, -2.153800725204965 ], [ 113.01542892756558, -2.153980388261789 ], [ 113.015608590622406, -2.153980388261789 ], [ 113.015608590622406, -2.154160051318613 ], [ 113.015788253679233, -2.154160051318613 ], [ 113.015788253679233, -2.153980388261789 ], [ 113.015967916736059, -2.153980388261789 ], [ 113.015967916736059, -2.153800725204965 ], [ 113.01542892756558, -2.153800725204965 ] ] ] } },
{ "type": "Feature", "properties": { "count": 7, "label": 1, "cluster_id": 16 }, "geometry": { "type": "Polygon", "coordinates": [ [ [ 113.016147579792872, -2.137810713147637 ], [ 113.016147579792872, -2.137990376204461 ], [ 113.015967916736059, -2.137990376204461 ], [ 113.015967916736059, -2.138349702318109 ], [ 113.016506905906525, -2.138349702318109 ], [ 113.016506905906525, -2.137990376204461 ], [ 113.016327242849698, -2.137990376204461 ], [ 113.016327242849698, -2.137810713147637 ], [ 113.016147579792872, -2.137810713147637 ] ] ] } },
{ "type": "Feature", "properties": { "count": 5, "label": 1, "cluster_id": 16 }, "geometry": { "type": "Polygon", "coordinates": [ [ [ 113.015967916736059, -2.139068354545405 ], [ 113.015967916736059, -2.139427680659052 ], [ 113.016147579792872, -2.139427680659052 ], [ 113.016147579792872, -2.139607343715876 ], [ 113.016327242849698, -2.139607343715876 ], [ 113.016327242849698, -2.139068354545405 ], [ 113.015967916736059, -2.139068354545405 ] ] ] } },
{ "type": "Feature", "properties": { "count": 3, "label": 1, "cluster_id": 16 }, "geometry": { "type": "Polygon", "coordinates": [ [ [ 113.015967916736059, -2.159729606080154 ], [ 113.015967916736059, -2.160088932193801 ], [ 113.016147579792872, -2.160088932193801 ], [ 113.016147579792872, -2.159909269136977 ], [ 113.016327242849698, -2.159909269136977 ], [ 113.016327242849698, -2.159729606080154 ], [ 113.015967916736059, -2.159729606080154 ] ] ] } },
{ "type": "Feature", "properties": { "count": 1, "label": 1, "cluster_id": 16 }, "geometry": { "type": "Polygon", "coordinates": [ [ [ 113.016327242849698, -2.137810713147637 ], [ 113.016506905906525, -2.137810713147637 ], [ 113.016506905906525, -2.137631050090813 ], [ 113.016327242849698, -2.137631050090813 ], [ 113.016327242849698, -2.137810713147637 ] ] ] } },
{ "type": "Feature", "properties": { "count": 1, "label": 1, "cluster_id": 16 }, "geometry": { "type": "Polygon", "coordinates": [ [ [ 113.016327242849698, -2.139068354545405 ], [ 113.016506905906525, -2.139068354545405 ], [ 113.016506905906525, -2.138888691488581 ], [ 113.016327242849698, -2.138888691488581 ], [ 113.016327242849698, -2.139068354545405 ] ] ] } },
{ "type": "Feature", "properties": { "count": 1, "label": 1, "cluster_id": 16 }, "geometry": { "type": "Polygon", "coordinates": [ [ [ 113.016327242849698, -2.1397870067727 ], [ 113.016506905906525, -2.1397870067727 ], [ 113.016506905906525, -2.139607343715876 ], [ 113.016327242849698, -2.139607343715876 ], [ 113.016327242849698, -2.1397870067727 ] ] ] } },
{ "type": "Feature", "properties": { "count": 1, "label": 1, "cluster_id": 16 }, "geometry": { "type": "Polygon", "coordinates": [ [ [ 113.016327242849698, -2.161346573591569 ], [ 113.016506905906525, -2.161346573591569 ], [ 113.016506905906525, -2.161166910534745 ], [ 113.016327242849698, -2.161166910534745 ], [ 113.016327242849698, -2.161346573591569 ] ] ] } },
{ "type": "Feature", "properties": { "count": 4, "label": 1, "cluster_id": 16 }, "geometry": { "type": "Polygon", "coordinates": [ [ [ 113.016506905906525, -2.139068354545405 ], [ 113.016506905906525, -2.139607343715876 ], [ 113.016686568963351, -2.139607343715876 ], [ 113.016686568963351, -2.139427680659052 ], [ 113.016866232020178, -2.139427680659052 ], [ 113.016866232020178, -2.139248017602228 ], [ 113.016686568963351, -2.139248017602228 ], [ 113.016686568963351, -2.139068354545405 ], [ 113.016506905906525, -2.139068354545405 ] ] ] } },
{ "type": "Feature", "properties": { "count": 1, "label": 1, "cluster_id": 16 }, "geometry": { "type": "Polygon", "coordinates": [ [ [ 113.017045895077004, -2.157932975511915 ], [ 113.017225558133816, -2.157932975511915 ], [ 113.017225558133816, -2.157753312455091 ], [ 113.017045895077004, -2.157753312455091 ], [ 113.017045895077004, -2.157932975511915 ] ] ] } },
{ "type": "Feature", "properties": { "count": 7, "label": 1, "cluster_id": 16 }, "geometry": { "type": "Polygon", "coordinates": [ [ [ 113.016506905906525, -2.160807584421097 ], [ 113.016506905906525, -2.161166910534745 ], [ 113.017045895077004, -2.161166910534745 ], [ 113.017045895077004, -2.160987247477921 ], [ 113.017225558133816, -2.160987247477921 ], [ 113.017225558133816, -2.160807584421097 ], [ 113.016506905906525, -2.160807584421097 ] ] ] } },
{ "type": "Feature", "properties": { "count": 1, "label": 1, "cluster_id": 16 }, "geometry": { "type": "Polygon", "coordinates": [ [ [ 113.018123873417935, -2.16278387804616 ], [ 113.018303536474761, -2.16278387804616 ], [ 113.018303536474761, -2.162604214989336 ], [ 113.018123873417935, -2.162604214989336 ], [ 113.018123873417935, -2.16278387804616 ] ] ] } },
{ "type": "Feature", "properties": { "count": 1, "label": 1, "cluster_id": 16 }, "geometry": { "type": "Polygon", "coordinates": [ [ [ 113.018123873417935, -2.164580508614399 ], [ 113.018303536474761, -2.164580508614399 ], [ 113.018303536474761, -2.164400845557575 ], [ 113.018123873417935, -2.164400845557575 ], [ 113.018123873417935, -2.164580508614399 ] ] ] } },
{ "type": "Feature", "properties": { "count": 1, "label": 1, "cluster_id": 16 }, "geometry": { "type": "Polygon", "coordinates": [ [ [ 113.018303536474761, -2.163143204159808 ], [ 113.018483199531588, -2.163143204159808 ], [ 113.018483199531588, -2.162963541102984 ], [ 113.018303536474761, -2.162963541102984 ], [ 113.018303536474761, -2.163143204159808 ] ] ] } },
{ "type": "Feature", "properties": { "count": 1, "label": 1, "cluster_id": 16 }, "geometry": { "type": "Polygon", "coordinates": [ [ [ 113.018662862588414, -2.165478823898519 ], [ 113.01884252564524, -2.165478823898519 ], [ 113.01884252564524, -2.165299160841695 ], [ 113.018662862588414, -2.165299160841695 ], [ 113.018662862588414, -2.165478823898519 ] ] ] } },
{ "type": "Feature", "properties": { "count": 1, "label": 1, "cluster_id": 16 }, "geometry": { "type": "Polygon", "coordinates": [ [ [ 113.01884252564524, -2.130085201704209 ], [ 113.019022188702067, -2.130085201704209 ], [ 113.019022188702067, -2.129905538647385 ], [ 113.01884252564524, -2.129905538647385 ], [ 113.01884252564524, -2.130085201704209 ] ] ] } },
{ "type": "Feature", "properties": { "count": 1, "label": 1, "cluster_id": 16 }, "geometry": { "type": "Polygon", "coordinates": [ [ [ 113.019022188702067, -2.129905538647385 ], [ 113.019201851758879, -2.129905538647385 ], [ 113.019201851758879, -2.129725875590561 ], [ 113.019022188702067, -2.129725875590561 ], [ 113.019022188702067, -2.129905538647385 ] ] ] } },
{ "type": "Feature", "properties": { "count": 1, "label": 1, "cluster_id": 16 }, "geometry": { "type": "Polygon", "coordinates": [ [ [ 113.019201851758879, -2.130085201704209 ], [ 113.019381514815706, -2.130085201704209 ], [ 113.019381514815706, -2.129905538647385 ], [ 113.019201851758879, -2.129905538647385 ], [ 113.019201851758879, -2.130085201704209 ] ] ] } },
{ "type": "Feature", "properties": { "count": 1, "label": 1, "cluster_id": 16 }, "geometry": { "type": "Polygon", "coordinates": [ [ [ 113.020279830099824, -2.169072085034997 ], [ 113.02045949315665, -2.169072085034997 ], [ 113.02045949315665, -2.168892421978172 ], [ 113.020279830099824, -2.168892421978172 ], [ 113.020279830099824, -2.169072085034997 ] ] ] } },
{ "type": "Feature", "properties": { "count": 2, "label": 1, "cluster_id": 16 }, "geometry": { "type": "Polygon", "coordinates": [ [ [ 113.02045949315665, -2.166197476125814 ], [ 113.020639156213477, -2.166197476125814 ], [ 113.020639156213477, -2.165838150012166 ], [ 113.02045949315665, -2.165838150012166 ], [ 113.02045949315665, -2.166197476125814 ] ] ] } },
{ "type": "Feature", "properties": { "count": 19, "label": 1, "cluster_id": 16 }, "geometry": { "type": "Polygon", "coordinates": [ [ [ 113.02045949315665, -2.166736465296286 ], [ 113.02045949315665, -2.16691612835311 ], [ 113.020100167042997, -2.16691612835311 ], [ 113.020100167042997, -2.167095791409934 ], [ 113.020279830099824, -2.167095791409934 ], [ 113.020279830099824, -2.167455117523581 ], [ 113.020100167042997, -2.167455117523581 ], [ 113.020100167042997, -2.167634780580405 ], [ 113.020279830099824, -2.167634780580405 ], [ 113.020279830099824, -2.168173769750877 ], [ 113.02045949315665, -2.168173769750877 ], [ 113.02045949315665, -2.168353432807701 ], [ 113.020279830099824, -2.168353432807701 ], [ 113.020279830099824, -2.168712758921349 ], [ 113.02045949315665, -2.168712758921349 ], [ 113.02045949315665, -2.168892421978172 ], [ 113.020639156213477, -2.168892421978172 ], [ 113.020639156213477, -2.167814443637229 ], [ 113.02045949315665, -2.167814443637229 ], [ 113.02045949315665, -2.167095791409934 ], [ 113.020639156213477, -2.167095791409934 ], [ 113.020639156213477, -2.166736465296286 ], [ 113.02045949315665, -2.166736465296286 ] ] ] } },
{ "type": "Feature", "properties": { "count": 1, "label": 1, "cluster_id": 16 }, "geometry": { "type": "Polygon", "coordinates": [ [ [ 113.020818819270303, -2.153082072977669 ], [ 113.02099848232713, -2.153082072977669 ], [ 113.02099848232713, -2.152902409920845 ], [ 113.020818819270303, -2.152902409920845 ], [ 113.020818819270303, -2.153082072977669 ] ] ] } },
{ "type": "Feature", "properties": { "count": 46, "label": 1, "cluster_id": 16 }, "geometry": { "type": "Polygon", "coordinates": [ [ [ 113.02099848232713, -2.153082072977669 ], [ 113.02099848232713, -2.153261736034493 ], [ 113.020818819270303, -2.153261736034493 ], [ 113.020818819270303, -2.153441399091317 ], [ 113.020639156213477, -2.153441399091317 ], [ 113.020639156213477, -2.153261736034493 ], [ 113.020818819270303, -2.153261736034493 ], [ 113.020818819270303, -2.153082072977669 ], [ 113.019740840929359, -2.153082072977669 ], [ 113.019740840929359, -2.153261736034493 ], [ 113.019920503986185, -2.153261736034493 ], [ 113.019920503986185, -2.153621062148141 ], [ 113.019740840929359, -2.153621062148141 ], [ 113.019740840929359, -2.154160051318613 ], [ 113.019920503986185, -2.154160051318613 ], [ 113.019920503986185, -2.153980388261789 ], [ 113.020639156213477, -2.153980388261789 ], [ 113.020639156213477, -2.154160051318613 ], [ 113.020818819270303, -2.154160051318613 ], [ 113.020818819270303, -2.15451937743226 ], [ 113.021178145383942, -2.15451937743226 ], [ 113.021178145383942, -2.153980388261789 ], [ 113.021357808440769, -2.153980388261789 ], [ 113.021357808440769, -2.154160051318613 ], [ 113.021537471497595, -2.154160051318613 ], [ 113.021537471497595, -2.153800725204965 ], [ 113.021178145383942, -2.153800725204965 ], [ 113.021178145383942, -2.153082072977669 ], [ 113.02099848232713, -2.153082072977669 ] ], [ [ 113.020279830099824, -2.153621062148141 ], [ 113.020100167042997, -2.153621062148141 ], [ 113.020100167042997, -2.153800725204965 ], [ 113.020279830099824, -2.153800725204965 ], [ 113.020279830099824, -2.153621062148141 ] ] ] } },
{ "type": "Feature", "properties": { "count": 2, "label": 1, "cluster_id": 16 }, "geometry": { "type": "Polygon", "coordinates": [ [ [ 113.021178145383942, -2.159909269136977 ], [ 113.021537471497595, -2.159909269136977 ], [ 113.021537471497595, -2.159729606080154 ], [ 113.021178145383942, -2.159729606080154 ], [ 113.021178145383942, -2.159909269136977 ] ] ] } },
{ "type": "Feature", "properties": { "count": 7, "label": 1, "cluster_id": 16 }, "geometry": { "type": "Polygon", "coordinates": [ [ [ 113.021178145383942, -2.160448258307449 ], [ 113.021178145383942, -2.160627921364273 ], [ 113.021357808440769, -2.160627921364273 ], [ 113.021357808440769, -2.160807584421097 ], [ 113.021896797611248, -2.160807584421097 ], [ 113.021896797611248, -2.160448258307449 ], [ 113.021178145383942, -2.160448258307449 ] ] ] } },
{ "type": "Feature", "properties": { "count": 3, "label": 1, "cluster_id": 16 }, "geometry": { "type": "Polygon", "coordinates": [ [ [ 113.021717134554422, -2.161705899705217 ], [ 113.021717134554422, -2.16188556276204 ], [ 113.021896797611248, -2.16188556276204 ], [ 113.021896797611248, -2.162065225818864 ], [ 113.02207646066806, -2.162065225818864 ], [ 113.02207646066806, -2.161705899705217 ], [ 113.021717134554422, -2.161705899705217 ] ] ] } },
{ "type": "Feature", "properties": { "count": 1, "label": 1, "cluster_id": 16 }, "geometry": { "type": "Polygon", "coordinates": [ [ [ 113.02207646066806, -2.159729606080154 ], [ 113.022256123724887, -2.159729606080154 ], [ 113.022256123724887, -2.15954994302333 ], [ 113.02207646066806, -2.15954994302333 ], [ 113.02207646066806, -2.159729606080154 ] ] ] } },
{ "type": "Feature", "properties": { "count": 3, "label": 1, "cluster_id": 16 }, "geometry": { "type": "Polygon", "coordinates": [ [ [ 113.021717134554422, -2.164400845557575 ], [ 113.022256123724887, -2.164400845557575 ], [ 113.022256123724887, -2.164221182500751 ], [ 113.021717134554422, -2.164221182500751 ], [ 113.021717134554422, -2.164400845557575 ] ] ] } },
{ "type": "Feature", "properties": { "count": 4, "label": 1, "cluster_id": 16 }, "geometry": { "type": "Polygon", "coordinates": [ [ [ 113.022435786781713, -2.136732734806694 ], [ 113.022435786781713, -2.137092060920342 ], [ 113.02261544983854, -2.137092060920342 ], [ 113.02261544983854, -2.137271723977165 ], [ 113.022795112895366, -2.137271723977165 ], [ 113.022795112895366, -2.136912397863518 ], [ 113.02261544983854, -2.136912397863518 ], [ 113.02261544983854, -2.136732734806694 ], [ 113.022435786781713, -2.136732734806694 ] ] ] } },
{ "type": "Feature", "properties": { "count": 4, "label": 1, "cluster_id": 16 }, "geometry": { "type": "Polygon", "coordinates": [ [ [ 113.022256123724887, -2.139068354545405 ], [ 113.022256123724887, -2.139607343715876 ], [ 113.022435786781713, -2.139607343715876 ], [ 113.022435786781713, -2.139248017602228 ], [ 113.02261544983854, -2.139248017602228 ], [ 113.02261544983854, -2.139068354545405 ], [ 113.022256123724887, -2.139068354545405 ] ] ] } },
{ "type": "Feature", "properties": { "count": 2, "label": 1, "cluster_id": 16 }, "geometry": { "type": "Polygon", "coordinates": [ [ [ 113.022256123724887, -2.160268595250625 ], [ 113.02261544983854, -2.160268595250625 ], [ 113.02261544983854, -2.160088932193801 ], [ 113.022256123724887, -2.160088932193801 ], [ 113.022256123724887, -2.160268595250625 ] ] ] } },
{ "type": "Feature", "properties": { "count": 23, "label": 1, "cluster_id": 16 }, "geometry": { "type": "Polygon", "coordinates": [ [ [ 113.022435786781713, -2.159010953852858 ], [ 113.022435786781713, -2.159190616909682 ], [ 113.022256123724887, -2.159190616909682 ], [ 113.022256123724887, -2.159370279966506 ], [ 113.022435786781713, -2.159370279966506 ], [ 113.022435786781713, -2.15954994302333 ], [ 113.022974775952193, -2.15954994302333 ], [ 113.022974775952193, -2.159729606080154 ], [ 113.023154439009005, -2.159729606080154 ], [ 113.023154439009005, -2.159909269136977 ], [ 113.023334102065832, -2.159909269136977 ], [ 113.023334102065832, -2.159729606080154 ], [ 113.023513765122658, -2.159729606080154 ], [ 113.023513765122658, -2.160268595250625 ], [ 113.023693428179484, -2.160268595250625 ], [ 113.023693428179484, -2.159729606080154 ], [ 113.023873091236311, -2.159729606080154 ], [ 113.023873091236311, -2.159190616909682 ], [ 113.023693428179484, -2.159190616909682 ], [ 113.023693428179484, -2.159370279966506 ], [ 113.022795112895366, -2.159370279966506 ], [ 113.022795112895366, -2.159010953852858 ], [ 113.022435786781713, -2.159010953852858 ] ] ] } },
{ "type": "Feature", "properties": { "count": 1, "label": 1, "cluster_id": 16 }, "geometry": { "type": "Polygon", "coordinates": [ [ [ 113.02261544983854, -2.160448258307449 ], [ 113.022795112895366, -2.160448258307449 ], [ 113.022795112895366, -2.160268595250625 ], [ 113.02261544983854, -2.160268595250625 ], [ 113.02261544983854, -2.160448258307449 ] ] ] } },
{ "type": "Feature", "properties": { "count": 8, "label": 1, "cluster_id": 16 }, "geometry": { "type": "Polygon", "coordinates": [ [ [ 113.02261544983854, -2.141763300397763 ], [ 113.02261544983854, -2.142122626511411 ], [ 113.022795112895366, -2.142122626511411 ], [ 113.022795112895366, -2.142661615681883 ], [ 113.022974775952193, -2.142661615681883 ], [ 113.022974775952193, -2.141942963454587 ], [ 113.023154439009005, -2.141942963454587 ], [ 113.023154439009005, -2.141763300397763 ], [ 113.02261544983854, -2.141763300397763 ] ] ] } },
{ "type": "Feature", "properties": { "count": 1, "label": 1, "cluster_id": 16 }, "geometry": { "type": "Polygon", "coordinates": [ [ [ 113.022974775952193, -2.160268595250625 ], [ 113.023154439009005, -2.160268595250625 ], [ 113.023154439009005, -2.160088932193801 ], [ 113.022974775952193, -2.160088932193801 ], [ 113.022974775952193, -2.160268595250625 ] ] ] } },
{ "type": "Feature", "properties": { "count": 1, "label": 1, "cluster_id": 16 }, "geometry": { "type": "Polygon", "coordinates": [ [ [ 113.023154439009005, -2.139427680659052 ], [ 113.023334102065832, -2.139427680659052 ], [ 113.023334102065832, -2.139248017602228 ], [ 113.023154439009005, -2.139248017602228 ], [ 113.023154439009005, -2.139427680659052 ] ] ] } },
{ "type": "Feature", "properties": { "count": 4, "label": 1, "cluster_id": 16 }, "geometry": { "type": "Polygon", "coordinates": [ [ [ 113.022795112895366, -2.158831290796034 ], [ 113.022795112895366, -2.159010953852858 ], [ 113.022974775952193, -2.159010953852858 ], [ 113.022974775952193, -2.159190616909682 ], [ 113.023154439009005, -2.159190616909682 ], [ 113.023154439009005, -2.159010953852858 ], [ 113.023334102065832, -2.159010953852858 ], [ 113.023334102065832, -2.158831290796034 ], [ 113.022795112895366, -2.158831290796034 ] ] ] } },
{ "type": "Feature", "properties": { "count": 12, "label": 1, "cluster_id": 16 }, "geometry": { "type": "Polygon", "coordinates": [ [ [ 113.023513765122658, -2.144278583193298 ], [ 113.023513765122658, -2.144637909306946 ], [ 113.023693428179484, -2.144637909306946 ], [ 113.023693428179484, -2.144817572363769 ], [ 113.023873091236311, -2.144817572363769 ], [ 113.023873091236311, -2.144997235420593 ], [ 113.024412080406776, -2.144997235420593 ], [ 113.024412080406776, -2.145176898477417 ], [ 113.024591743463603, -2.145176898477417 ], [ 113.024591743463603, -2.144817572363769 ], [ 113.02423241734995, -2.144817572363769 ], [ 113.02423241734995, -2.144458246250122 ], [ 113.024052754293123, -2.144458246250122 ], [ 113.024052754293123, -2.144637909306946 ], [ 113.023873091236311, -2.144637909306946 ], [ 113.023873091236311, -2.144458246250122 ], [ 113.023693428179484, -2.144458246250122 ], [ 113.023693428179484, -2.144278583193298 ], [ 113.023513765122658, -2.144278583193298 ] ] ] } },
{ "type": "Feature", "properties": { "count": 1, "label": 1, "cluster_id": 16 }, "geometry": { "type": "Polygon", "coordinates": [ [ [ 113.023513765122658, -2.153980388261789 ], [ 113.023693428179484, -2.153980388261789 ], [ 113.023693428179484, -2.153800725204965 ], [ 113.023513765122658, -2.153800725204965 ], [ 113.023513765122658, -2.153980388261789 ] ] ] } },
{ "type": "Feature", "properties": { "count": 1, "label": 1, "cluster_id": 16 }, "geometry": { "type": "Polygon", "coordinates": [ [ [ 113.023693428179484, -2.152004094636726 ], [ 113.023873091236311, -2.152004094636726 ], [ 113.023873091236311, -2.151824431579902 ], [ 113.023693428179484, -2.151824431579902 ], [ 113.023693428179484, -2.152004094636726 ] ] ] } },
{ "type": "Feature", "properties": { "count": 26, "label": 1, "cluster_id": 16 }, "geometry": { "type": "Polygon", "coordinates": [ [ [ 113.023873091236311, -2.142841278738707 ], [ 113.023873091236311, -2.14302094179553 ], [ 113.023693428179484, -2.14302094179553 ], [ 113.023693428179484, -2.143559930966002 ], [ 113.023873091236311, -2.143559930966002 ], [ 113.023873091236311, -2.143739594022826 ], [ 113.023693428179484, -2.143739594022826 ], [ 113.023693428179484, -2.14391925707965 ], [ 113.023513765122658, -2.14391925707965 ], [ 113.023513765122658, -2.144098920136474 ], [ 113.023693428179484, -2.144098920136474 ], [ 113.023693428179484, -2.144278583193298 ], [ 113.024412080406776, -2.144278583193298 ], [ 113.024412080406776, -2.143559930966002 ], [ 113.02423241734995, -2.143559930966002 ], [ 113.02423241734995, -2.14302094179553 ], [ 113.024052754293123, -2.14302094179553 ], [ 113.024052754293123, -2.142841278738707 ], [ 113.023873091236311, -2.142841278738707 ] ] ] } },
{ "type": "Feature", "properties": { "count": 33, "label": 1, "cluster_id": 16 }, "geometry": { "type": "Polygon", "coordinates": [ [ [ 113.02423241734995, -2.150027801011663 ], [ 113.02423241734995, -2.150566790182134 ], [ 113.024052754293123, -2.150566790182134 ], [ 113.024052754293123, -2.150746453238958 ], [ 113.023873091236311, -2.150746453238958 ], [ 113.023873091236311, -2.151105779352606 ], [ 113.023693428179484, -2.151105779352606 ], [ 113.023693428179484, -2.15128544240943 ], [ 113.023334102065832, -2.15128544240943 ], [ 113.023334102065832, -2.151465105466254 ], [ 113.023154439009005, -2.151465105466254 ], [ 113.023154439009005, -2.151644768523078 ], [ 113.023513765122658, -2.151644768523078 ], [ 113.023513765122658, -2.151824431579902 ], [ 113.023693428179484, -2.151824431579902 ], [ 113.023693428179484, -2.151644768523078 ], [ 113.024591743463603, -2.151644768523078 ], [ 113.024591743463603, -2.150746453238958 ], [ 113.024412080406776, -2.150746453238958 ], [ 113.024412080406776, -2.150926116295782 ], [ 113.02423241734995, -2.150926116295782 ], [ 113.02423241734995, -2.150746453238958 ], [ 113.024412080406776, -2.150746453238958 ], [ 113.024412080406776, -2.150387127125311 ], [ 113.024591743463603, -2.150387127125311 ], [ 113.024591743463603, -2.150027801011663 ], [ 113.02423241734995, -2.150027801011663 ] ], [ [ 113.024412080406776, -2.151105779352606 ], [ 113.02423241734995, -2.151105779352606 ], [ 113.02423241734995, -2.151465105466254 ], [ 113.024412080406776, -2.151465105466254 ], [ 113.024412080406776, -2.151105779352606 ] ] ] } }
]
}
