latitude,longitude,confidence,frp,acq_date,satellite,province,regency,cluster_id
3.9400779909882226,115.77633691995317,1,5.71999979019165,2026-08-13,SNPP,North Kalimantan,Nunukan,0
3.9400779909882226,115.779717361989,1,5.71999979019165,2026-08-13,SNPP,North Kalimantan,Nunukan,0
3.9400779909882226,115.78309780402486,1,5.71999979019165,2026-08-13,SNPP,North Kalimantan,Nunukan,0
3.9367055387672485,115.77586775762303,1,5.71999979019165,2026-08-13,SNPP,North Kalimantan,Nunukan,0
3.9367055387672485,115.77924818596024,1,5.71999979019165,2026-08-13,SNPP,North Kalimantan,Nunukan,0
3.9367055387672485,115.78262861429748,1,5.71999979019165,2026-08-13,SNPP,North Kalimantan,Nunukan,0
3.9333330865462734,115.77539900020284,1,5.71999979019165,2026-08-13,SNPP,North Kalimantan,Nunukan,0
3.9333330865462734,115.77877941485326,1,5.71999979019165,2026-08-13,SNPP,North Kalimantan,Nunukan,0
3.9333330865462734,115.78215982950371,1,5.71999979019165,2026-08-13,SNPP,North Kalimantan,Nunukan,0
3.764710475497565,115.86738855373348,1,4.75,2026-08-13,SNPP,North Kalimantan,Nunukan,1
3.764710475497565,115.8707682991126,1,12.649999618530273,2026-08-13,SNPP,North Kalimantan,Nunukan,1
3.764710475497565,115.87414804449172,1,12.649999618530273,2026-08-13,SNPP,North Kalimantan,Nunukan,1
3.764710475497565,115.87752778987087,1,12.649999618530273,2026-08-13,SNPP,North Kalimantan,Nunukan,1
3.764710475497565,115.88090753524996,1,4.75,2026-08-13,SNPP,North Kalimantan,Nunukan,1
3.7613380232765907,115.86693999118874,1,4.75,2026-08-13,SNPP,North Kalimantan,Nunukan,1
3.7613380232765907,115.87031972348373,1,12.649999618530273,2026-08-13,SNPP,North Kalimantan,Nunukan,1
3.7613380232765907,115.87369945577869,1,12.649999618530273,2026-08-13,SNPP,North Kalimantan,Nunukan,1
3.7613380232765907,115.87707918807368,1,12.649999618530273,2026-08-13,SNPP,North Kalimantan,Nunukan,1
3.7613380232765907,115.88045892036862,1,4.75,2026-08-13,SNPP,North Kalimantan,Nunukan,1
3.7579655710556166,115.86649183354037,1,4.75,2026-08-13,SNPP,North Kalimantan,Nunukan,1
3.7579655710556166,115.86987155276299,1,12.649999618530273,2026-08-13,SNPP,North Kalimantan,Nunukan,1
3.7579655710556166,115.8732512719856,1,12.649999618530273,2026-08-13,SNPP,North Kalimantan,Nunukan,1
3.7579655710556166,115.87663099120824,1,12.649999618530273,2026-08-13,SNPP,North Kalimantan,Nunukan,1
3.7579655710556166,115.88001071043084,1,4.75,2026-08-13,SNPP,North Kalimantan,Nunukan,1
3.7174961444039263,115.84424770446095,1,8.390000343322754,2026-08-13,SNPP,North Kalimantan,Nunukan,2
3.7174961444039263,115.84762726773656,1,8.390000343322754,2026-08-13,SNPP,North Kalimantan,Nunukan,2
3.7174961444039263,115.85100683101213,1,8.390000343322754,2026-08-13,SNPP,North Kalimantan,Nunukan,2
3.7174961444039263,115.85438639428773,1,8.390000343322754,2026-08-13,SNPP,North Kalimantan,Nunukan,2
3.714123692182952,115.8438048743513,1,8.390000343322754,2026-08-13,SNPP,North Kalimantan,Nunukan,2
3.714123692182952,115.84718442470808,1,8.390000343322754,2026-08-13,SNPP,North Kalimantan,Nunukan,2
3.714123692182952,115.85056397506482,1,8.390000343322754,2026-08-13,SNPP,North Kalimantan,Nunukan,2
3.714123692182952,115.85394352542158,1,8.390000343322754,2026-08-13,SNPP,North Kalimantan,Nunukan,2
3.7107512399619784,115.84336244897034,1,8.390000343322754,2026-08-13,SNPP,North Kalimantan,Nunukan,2
3.7107512399619784,115.84674198642006,1,8.390000343322754,2026-08-13,SNPP,North Kalimantan,Nunukan,2
3.7107512399619784,115.85012152386979,1,8.390000343322754,2026-08-13,SNPP,North Kalimantan,Nunukan,2
3.7107512399619784,115.85350106131953,1,8.390000343322754,2026-08-13,SNPP,North Kalimantan,Nunukan,2
3.5623633422391148,115.77023259820875,1,3.7300000190734863,2026-08-13,SNPP,North Kalimantan,Nunukan,3
3.5623633422391148,115.77361157943524,1,3.7300000190734863,2026-08-13,SNPP,North Kalimantan,Nunukan,3
3.5623633422391148,115.77699056066172,1,3.7300000190734863,2026-08-13,SNPP,North Kalimantan,Nunukan,3
3.55899089001814,115.76980857576876,1,3.7300000190734863,2026-08-13,SNPP,North Kalimantan,Nunukan,3
3.55899089001814,115.77318754461933,1,3.7300000190734863,2026-08-13,SNPP,North Kalimantan,Nunukan,3
3.55899089001814,115.7765665134699,1,3.7300000190734863,2026-08-13,SNPP,North Kalimantan,Nunukan,3
3.555618437797166,115.76938495752174,1,3.7300000190734863,2026-08-13,SNPP,North Kalimantan,Nunukan,3
3.555618437797166,115.7727639140082,1,3.7300000190734863,2026-08-13,SNPP,North Kalimantan,Nunukan,3
3.555618437797166,115.77614287049462,1,3.7300000190734863,2026-08-13,SNPP,North Kalimantan,Nunukan,3
3.5455010811342436,116.53513124637834,1,2.509999990463257,2026-08-13,SNPP,North Kalimantan,Malinau,4
3.5455010811342436,116.53851016584316,1,3.7899999618530273,2026-08-13,SNPP,North Kalimantan,Malinau,4
3.5455010811342436,116.54188908530799,1,3.7899999618530273,2026-08-13,SNPP,North Kalimantan,Malinau,4
3.5455010811342436,116.54526800477281,1,3.7899999618530273,2026-08-13,SNPP,North Kalimantan,Malinau,4
3.5455010811342436,116.54864692423763,1,7.599999904632568,2026-08-13,SNPP,North Kalimantan,Malinau,4
3.5455010811342436,116.55202584370242,1,7.599999904632568,2026-08-13,SNPP,North Kalimantan,Malinau,4
3.5455010811342436,116.55540476316727,1,7.599999904632568,2026-08-13,SNPP,North Kalimantan,Malinau,4
3.5421286289132694,116.53808535603143,1,3.7899999618530273,2026-08-13,SNPP,North Kalimantan,Malinau,4
3.5421286289132694,116.5414642631793,1,3.7899999618530273,2026-08-13,SNPP,North Kalimantan,Malinau,4
3.5421286289132694,116.54484317032717,1,3.7899999618530273,2026-08-13,SNPP,North Kalimantan,Malinau,4
3.5421286289132694,116.54822207747505,1,7.599999904632568,2026-08-13,SNPP,North Kalimantan,Malinau,4
3.5421286289132694,116.55160098462291,1,7.599999904632568,2026-08-13,SNPP,North Kalimantan,Malinau,4
3.5421286289132694,116.55497989177081,1,7.599999904632568,2026-08-13,SNPP,North Kalimantan,Malinau,4
3.5387561766922953,116.5444187427508,1,18.270000457763672,2026-08-13,SNPP,North Kalimantan,Malinau,4
3.5387561766922953,116.54779763759355,1,25.579999923706055,2026-08-13,SNPP,North Kalimantan,Malinau,4
3.5387561766922953,116.55117653243627,1,25.579999923706055,2026-08-13,SNPP,North Kalimantan,Malinau,4
3.5387561766922953,116.554555427279,1,25.579999923706055,2026-08-13,SNPP,North Kalimantan,Malinau,4
3.535383724471321,116.54399472203632,1,18.270000457763672,2026-08-13,SNPP,North Kalimantan,Malinau,4
3.535383724471321,116.5473736045857,1,25.579999923706055,2026-08-13,SNPP,North Kalimantan,Malinau,4
3.535383724471321,116.55075248713507,1,25.579999923706055,2026-08-13,SNPP,North Kalimantan,Malinau,4
3.535383724471321,116.55413136968447,1,25.579999923706055,2026-08-13,SNPP,North Kalimantan,Malinau,4
3.532011272250347,116.54694997844419,1,25.579999923706055,2026-08-13,SNPP,North Kalimantan,Malinau,4
3.532011272250347,116.55032884871198,1,25.579999923706055,2026-08-13,SNPP,North Kalimantan,Malinau,4
3.532011272250347,116.55370771897984,1,25.579999923706055,2026-08-13,SNPP,North Kalimantan,Malinau,4
3.515149011145476,116.51442866914047,1,4.5,2026-08-13,SNPP,North Kalimantan,Malinau,5
3.515149011145476,116.51780747817745,1,4.5,2026-08-13,SNPP,North Kalimantan,Malinau,5
3.515149011145476,116.5211862872144,1,4.5,2026-08-13,SNPP,North Kalimantan,Malinau,5
3.5117765589245016,116.51400759393924,1,4.5,2026-08-13,SNPP,North Kalimantan,Malinau,5
3.5117765589245016,116.51738639076544,1,4.5,2026-08-13,SNPP,North Kalimantan,Malinau,5
3.5117765589245016,116.5207651875916,1,4.5,2026-08-13,SNPP,North Kalimantan,Malinau,5
3.508404106703528,116.51358692544669,1,4.5,2026-08-13,SNPP,North Kalimantan,Malinau,5
3.508404106703528,116.5169657100739,1,4.5,2026-08-13,SNPP,North Kalimantan,Malinau,5
3.508404106703528,116.52034449470109,1,4.5,2026-08-13,SNPP,North Kalimantan,Malinau,5
3.498286750040605,116.5089486120472,1,3.859999895095825,2026-08-13,SNPP,North Kalimantan,Malinau,5
3.498286750040605,116.51232736014818,1,3.859999895095825,2026-08-13,SNPP,North Kalimantan,Malinau,5
3.498286750040605,116.51570610824916,1,3.859999895095825,2026-08-13,SNPP,North Kalimantan,Malinau,5
3.4949142978196313,116.50852958246814,1,3.859999895095825,2026-08-13,SNPP,North Kalimantan,Malinau,5
3.4949142978196313,116.51190831841731,1,3.859999895095825,2026-08-13,SNPP,North Kalimantan,Malinau,5
3.4949142978196313,116.51528705436648,1,3.859999895095825,2026-08-13,SNPP,North Kalimantan,Malinau,5
3.491541845598657,116.5081109595495,1,3.859999895095825,2026-08-13,SNPP,North Kalimantan,Malinau,5
3.491541845598657,116.51148968335862,1,3.859999895095825,2026-08-13,SNPP,North Kalimantan,Malinau,5
3.491541845598657,116.51486840716778,1,3.859999895095825,2026-08-13,SNPP,North Kalimantan,Malinau,5
3.481424488935734,116.47644934354445,1,2.8499999046325684,2026-08-13,SNPP,North Kalimantan,Malinau,6
3.481424488935734,116.47982803100429,1,2.8499999046325684,2026-08-13,SNPP,North Kalimantan,Malinau,6
3.481424488935734,116.4832067184641,1,2.8499999046325684,2026-08-13,SNPP,North Kalimantan,Malinau,6
3.4780520367147605,116.47603245603021,1,2.8499999046325684,2026-08-13,SNPP,North Kalimantan,Malinau,6
3.4780520367147605,116.4794111313972,1,2.8499999046325684,2026-08-13,SNPP,North Kalimantan,Malinau,6
3.4780520367147605,116.48278980676415,1,2.8499999046325684,2026-08-13,SNPP,North Kalimantan,Malinau,6
3.474679584493786,116.47561597503386,1,2.8499999046325684,2026-08-13,SNPP,North Kalimantan,Malinau,6
3.474679584493786,116.47899463831979,1,2.8499999046325684,2026-08-13,SNPP,North Kalimantan,Malinau,6
3.474679584493786,116.48237330160569,1,2.8499999046325684,2026-08-13,SNPP,North Kalimantan,Malinau,6
3.457817323388915,116.64922702655647,1,6.269999980926514,2026-08-13,SNPP,North Kalimantan,Malinau,7
3.457817323388915,116.65260562961397,1,6.269999980926514,2026-08-13,SNPP,North Kalimantan,Malinau,7
3.457817323388915,116.65598423267146,1,6.269999980926514,2026-08-13,SNPP,North Kalimantan,Malinau,7
3.454444871167941,116.6488123599793,1,6.269999980926514,2026-08-13,SNPP,North Kalimantan,Malinau,7
3.454444871167941,116.65219095102648,1,9.380000114440918,2026-08-13,SNPP,North Kalimantan,Malinau,7
3.454444871167941,116.65556954207366,1,9.380000114440918,2026-08-13,SNPP,North Kalimantan,Malinau,7
3.454444871167941,116.65894813312083,1,9.380000114440918,2026-08-13,SNPP,North Kalimantan,Malinau,7
3.451072418946967,116.64839810048255,1,6.269999980926514,2026-08-13,SNPP,North Kalimantan,Malinau,7
3.451072418946967,116.65177667953122,1,9.380000114440918,2026-08-13,SNPP,North Kalimantan,Malinau,7
3.451072418946967,116.65515525857988,1,9.380000114440918,2026-08-13,SNPP,North Kalimantan,Malinau,7
3.451072418946967,116.65853383762851,1,9.380000114440918,2026-08-13,SNPP,North Kalimantan,Malinau,7
3.43758261006307,116.59944569674148,1,4.269999980926514,2026-08-13,SNPP,North Kalimantan,Malinau,8
3.43758261006307,116.60282422791397,1,4.269999980926514,2026-08-13,SNPP,North Kalimantan,Malinau,8
3.43758261006307,116.60620275908641,1,4.269999980926514,2026-08-13,SNPP,North Kalimantan,Malinau,8
3.434210157842096,116.59903363969298,1,4.269999980926514,2026-08-13,SNPP,North Kalimantan,Malinau,8
3.434210157842096,116.60241215892587,1,4.269999980926514,2026-08-13,SNPP,North Kalimantan,Malinau,8
3.434210157842096,116.60579067815875,1,4.269999980926514,2026-08-13,SNPP,North Kalimantan,Malinau,8
3.430837705621122,116.59862198951672,1,4.269999980926514,2026-08-13,SNPP,North Kalimantan,Malinau,8
3.430837705621122,116.60200049682182,1,4.269999980926514,2026-08-13,SNPP,North Kalimantan,Malinau,8
3.430837705621122,116.6053790041269,1,4.269999980926514,2026-08-13,SNPP,North Kalimantan,Malinau,8
3.4139754445162507,116.478324166963,1,4.789999961853027,2026-08-13,SNPP,North Kalimantan,Malinau,9
3.4139754445162507,116.48170261480603,1,4.789999961853027,2026-08-13,SNPP,North Kalimantan,Malinau,9
3.4139754445162507,116.48508106264903,1,4.789999961853027,2026-08-13,SNPP,North Kalimantan,Malinau,9
3.4106029922952765,116.47791537286689,1,4.789999961853027,2026-08-13,SNPP,North Kalimantan,Malinau,9
3.4106029922952765,116.48129380885287,1,4.789999961853027,2026-08-13,SNPP,North Kalimantan,Malinau,9
3.4106029922952765,116.4846722448388,1,4.789999961853027,2026-08-13,SNPP,North Kalimantan,Malinau,9
3.407230540074303,116.47750698518044,1,4.789999961853027,2026-08-13,SNPP,North Kalimantan,Malinau,9
3.407230540074303,116.48088540932117,1,4.789999961853027,2026-08-13,SNPP,North Kalimantan,Malinau,9
3.407230540074303,116.48426383346185,1,4.789999961853027,2026-08-13,SNPP,North Kalimantan,Malinau,9
3.2891947123402066,116.06486339573993,1,6.389999866485596,2026-08-13,SNPP,North Kalimantan,Malinau,10
3.2891947123402066,116.06824141272119,1,6.389999866485596,2026-08-13,SNPP,North Kalimantan,Malinau,10
3.2891947123402066,116.07161942970245,1,6.389999866485596,2026-08-13,SNPP,North Kalimantan,Malinau,10
3.285822260119232,116.06447098180823,1,6.389999866485596,2026-08-13,SNPP,North Kalimantan,Malinau,10
3.285822260119232,116.06784898736844,1,6.389999866485596,2026-08-13,SNPP,North Kalimantan,Malinau,10
3.285822260119232,116.07122699292866,1,6.389999866485596,2026-08-13,SNPP,North Kalimantan,Malinau,10
3.282449807898258,116.06407897263797,1,6.389999866485596,2026-08-13,SNPP,North Kalimantan,Malinau,10
3.282449807898258,116.06745696678895,1,6.389999866485596,2026-08-13,SNPP,North Kalimantan,Malinau,10
3.282449807898258,116.07083496093992,1,6.389999866485596,2026-08-13,SNPP,North Kalimantan,Malinau,10
3.2790773556772836,116.52647100544948,1,2.549999952316284,2026-08-13,SNPP,North Kalimantan,Malinau,11
3.2790773556772836,116.52984898820299,1,2.549999952316284,2026-08-13,SNPP,North Kalimantan,Malinau,11
3.2790773556772836,116.53322697095646,1,2.549999952316284,2026-08-13,SNPP,North Kalimantan,Malinau,11
3.27570490345631,116.52607824594158,1,2.549999952316284,2026-08-13,SNPP,North Kalimantan,Malinau,11
3.27570490345631,116.52945621730936,1,2.549999952316284,2026-08-13,SNPP,North Kalimantan,Malinau,11
3.27570490345631,116.53283418867716,1,2.549999952316284,2026-08-13,SNPP,North Kalimantan,Malinau,11
3.2723324512353353,116.52568589278853,1,2.549999952316284,2026-08-13,SNPP,North Kalimantan,Malinau,11
3.2723324512353353,116.5290638527824,1,2.549999952316284,2026-08-13,SNPP,North Kalimantan,Malinau,11
3.2723324512353353,116.53244181277628,1,2.549999952316284,2026-08-13,SNPP,North Kalimantan,Malinau,11
3.2622150945724133,116.06511334316912,1,4.320000171661377,2026-08-13,SNPP,North Kalimantan,Malinau,12
3.2622150945724133,116.06849126911195,1,10.050000190734863,2026-08-13,SNPP,North Kalimantan,Malinau,12
3.2622150945724133,116.07186919505473,1,10.050000190734863,2026-08-13,SNPP,North Kalimantan,Malinau,12
3.2622150945724133,116.07524712099755,1,10.050000190734863,2026-08-13,SNPP,North Kalimantan,Malinau,12
3.2588426423514387,116.06472415581194,1,4.320000171661377,2026-08-13,SNPP,North Kalimantan,Malinau,12
3.2588426423514387,116.06810207042797,1,10.050000190734863,2026-08-13,SNPP,North Kalimantan,Malinau,12
3.2588426423514387,116.07147998504396,1,10.050000190734863,2026-08-13,SNPP,North Kalimantan,Malinau,12
3.2588426423514387,116.07485789965999,1,10.050000190734863,2026-08-13,SNPP,North Kalimantan,Malinau,12
3.2554701901304646,116.06433537317372,1,4.320000171661377,2026-08-13,SNPP,North Kalimantan,Malinau,12
3.2554701901304646,116.0677132764747,1,10.050000190734863,2026-08-13,SNPP,North Kalimantan,Malinau,12
3.2554701901304646,116.07109117977568,1,10.050000190734863,2026-08-13,SNPP,North Kalimantan,Malinau,12
3.2554701901304646,116.07446908307666,1,10.050000190734863,2026-08-13,SNPP,North Kalimantan,Malinau,12
3.2554701901304646,116.51359651220503,1,30.170000076293945,2026-08-13,SNPP,North Kalimantan,Malinau,11
3.2554701901304646,116.51697441550601,1,30.170000076293945,2026-08-13,SNPP,North Kalimantan,Malinau,11
3.2554701901304646,116.52035231880699,1,30.170000076293945,2026-08-13,SNPP,North Kalimantan,Malinau,11
3.2520977379094904,116.06732488724536,1,4.800000190734863,2026-08-13,SNPP,North Kalimantan,Malinau,12
3.2520977379094904,116.07070277924308,1,4.800000190734863,2026-08-13,SNPP,North Kalimantan,Malinau,12
3.2520977379094904,116.07408067124084,1,4.800000190734863,2026-08-13,SNPP,North Kalimantan,Malinau,12
3.2520977379094904,116.51320663094796,1,30.170000076293945,2026-08-13,SNPP,North Kalimantan,Malinau,11
3.2520977379094904,116.51658452294569,1,30.170000076293945,2026-08-13,SNPP,North Kalimantan,Malinau,11
3.2520977379094904,116.51996241494344,1,30.170000076293945,2026-08-13,SNPP,North Kalimantan,Malinau,11
3.2487252856885163,116.51281715596282,1,30.170000076293945,2026-08-13,SNPP,North Kalimantan,Malinau,11
3.2487252856885163,116.51619503666909,1,30.170000076293945,2026-08-13,SNPP,North Kalimantan,Malinau,11
3.2487252856885163,116.5195729173754,1,30.170000076293945,2026-08-13,SNPP,North Kalimantan,Malinau,11
3.245352833467542,116.51242808724282,1,30.170000076293945,2026-08-13,SNPP,North Kalimantan,Malinau,11
3.245352833467542,116.51580595666942,1,30.170000076293945,2026-08-13,SNPP,North Kalimantan,Malinau,11
3.245352833467542,116.51918382609603,1,30.170000076293945,2026-08-13,SNPP,North Kalimantan,Malinau,11
3.241980381246568,116.51203942478125,1,30.170000076293945,2026-08-13,SNPP,North Kalimantan,Malinau,11
3.241980381246568,116.51541728293994,1,30.170000076293945,2026-08-13,SNPP,North Kalimantan,Malinau,11
3.241980381246568,116.51879514109864,1,30.170000076293945,2026-08-13,SNPP,North Kalimantan,Malinau,11
3.2251181201416967,116.53712462207957,1,18.940000534057617,2026-08-13,SNPP,North Kalimantan,Malinau,13
3.2251181201416967,116.54050242407541,1,15.75,2026-08-13,SNPP,North Kalimantan,Malinau,13
3.2251181201416967,116.54388022607125,1,15.75,2026-08-13,SNPP,North Kalimantan,Malinau,13
3.2251181201416967,116.54725802806708,1,15.75,2026-08-13,SNPP,North Kalimantan,Malinau,13
3.2217456679207226,116.53673830744876,1,18.940000534057617,2026-08-13,SNPP,North Kalimantan,Malinau,13
3.2217456679207226,116.54011609824734,1,15.75,2026-08-13,SNPP,North Kalimantan,Malinau,13
3.2217456679207226,116.54349388904595,1,15.75,2026-08-13,SNPP,North Kalimantan,Malinau,13
3.2217456679207226,116.54687167984453,1,15.75,2026-08-13,SNPP,North Kalimantan,Malinau,13
3.218373215699749,116.53635239912336,1,18.940000534057617,2026-08-13,SNPP,North Kalimantan,Malinau,13
3.218373215699749,116.53973017873649,1,15.75,2026-08-13,SNPP,North Kalimantan,Malinau,13
3.218373215699749,116.54310795834962,1,15.75,2026-08-13,SNPP,North Kalimantan,Malinau,13
3.218373215699749,116.54648573796273,1,15.75,2026-08-13,SNPP,North Kalimantan,Malinau,13
3.0666128657559106,116.48225677009613,1,10.640000343322754,2026-08-13,SNPP,North Kalimantan,Malinau,14
3.0666128657559106,116.48563405854904,1,10.640000343322754,2026-08-13,SNPP,North Kalimantan,Malinau,14
3.0666128657559106,116.48901134700202,1,10.640000343322754,2026-08-13,SNPP,North Kalimantan,Malinau,14
3.0666128657559106,116.49238863545496,1,10.640000343322754,2026-08-13,SNPP,North Kalimantan,Malinau,14
3.0666128657559106,116.49576592390788,1,10.640000343322754,2026-08-13,SNPP,North Kalimantan,Malinau,14
3.0632404135349365,116.4818896617661,1,10.640000343322754,2026-08-13,SNPP,North Kalimantan,Malinau,14
3.0632404135349365,116.4852669395751,1,10.640000343322754,2026-08-13,SNPP,North Kalimantan,Malinau,14
3.0632404135349365,116.4886442173841,1,10.640000343322754,2026-08-13,SNPP,North Kalimantan,Malinau,14
3.0632404135349365,116.49202149519311,1,10.640000343322754,2026-08-13,SNPP,North Kalimantan,Malinau,14
3.0632404135349365,116.4953987730021,1,10.640000343322754,2026-08-13,SNPP,North Kalimantan,Malinau,14
3.0598679613139628,116.48152295930441,1,10.640000343322754,2026-08-13,SNPP,North Kalimantan,Malinau,14
3.0598679613139628,116.48490022648122,1,10.640000343322754,2026-08-13,SNPP,North Kalimantan,Malinau,14
3.0598679613139628,116.48827749365805,1,10.640000343322754,2026-08-13,SNPP,North Kalimantan,Malinau,14
3.0598679613139628,116.49165476083489,1,10.640000343322754,2026-08-13,SNPP,North Kalimantan,Malinau,14
3.0598679613139628,116.49503202801168,1,10.640000343322754,2026-08-13,SNPP,North Kalimantan,Malinau,14
3.053123056872014,116.46052729627381,1,12.0,2026-08-13,SNPP,North Kalimantan,Malinau,14
3.053123056872014,116.4639045422216,1,12.0,2026-08-13,SNPP,North Kalimantan,Malinau,14
3.053123056872014,116.46728178816933,1,12.0,2026-08-13,SNPP,North Kalimantan,Malinau,14
3.04975060465104,116.46016187496006,1,12.0,2026-08-13,SNPP,North Kalimantan,Malinau,14
3.04975060465104,116.46353911031098,1,12.0,2026-08-13,SNPP,North Kalimantan,Malinau,14
3.04975060465104,116.46691634566184,1,19.989999771118164,2026-08-13,SNPP,North Kalimantan,Malinau,14
3.04975060465104,116.47029358101275,1,19.989999771118164,2026-08-13,SNPP,North Kalimantan,Malinau,14
3.04975060465104,116.47367081636366,1,19.989999771118164,2026-08-13,SNPP,North Kalimantan,Malinau,14
3.0463781524300657,116.45979685941856,1,12.0,2026-08-13,SNPP,North Kalimantan,Malinau,14
3.0463781524300657,116.46317408418436,1,12.0,2026-08-13,SNPP,North Kalimantan,Malinau,14
3.0463781524300657,116.4665513089501,1,19.989999771118164,2026-08-13,SNPP,North Kalimantan,Malinau,14
3.0463781524300657,116.4699285337159,1,19.989999771118164,2026-08-13,SNPP,North Kalimantan,Malinau,14
3.0463781524300657,116.4733057584817,1,19.989999771118164,2026-08-13,SNPP,North Kalimantan,Malinau,14
3.0430057002090916,116.46618667802784,1,19.989999771118164,2026-08-13,SNPP,North Kalimantan,Malinau,14
3.0430057002090916,116.46956389222031,1,19.989999771118164,2026-08-13,SNPP,North Kalimantan,Malinau,14
3.0430057002090916,116.47294110641276,1,19.989999771118164,2026-08-13,SNPP,North Kalimantan,Malinau,14
3.019398534662272,116.48053132568717,1,16.049999237060547,2026-08-13,SNPP,North Kalimantan,Malinau,15
3.019398534662272,116.4839084661957,1,16.049999237060547,2026-08-13,SNPP,North Kalimantan,Malinau,15
3.019398534662272,116.48728560670419,1,16.049999237060547,2026-08-13,SNPP,North Kalimantan,Malinau,15
3.019398534662272,116.4906627472127,1,16.049999237060547,2026-08-13,SNPP,North Kalimantan,Malinau,15
3.019398534662272,116.49403988772123,1,16.049999237060547,2026-08-13,SNPP,North Kalimantan,Malinau,15
3.0160260824412983,116.45315284822236,1,8.34000015258789,2026-08-13,SNPP,North Kalimantan,Malinau,16
3.0160260824412983,116.45652997825165,1,8.34000015258789,2026-08-13,SNPP,North Kalimantan,Malinau,16
3.0160260824412983,116.45990710828096,1,8.34000015258789,2026-08-13,SNPP,North Kalimantan,Malinau,16
3.0160260824412983,116.48016988845674,1,16.049999237060547,2026-08-13,SNPP,North Kalimantan,Malinau,15
3.0160260824412983,116.48354701848605,1,16.049999237060547,2026-08-13,SNPP,North Kalimantan,Malinau,15
3.0160260824412983,116.48692414851537,1,16.049999237060547,2026-08-13,SNPP,North Kalimantan,Malinau,15
3.0160260824412983,116.49030127854464,1,16.049999237060547,2026-08-13,SNPP,North Kalimantan,Malinau,15
3.0160260824412983,116.49367840857394,1,16.049999237060547,2026-08-13,SNPP,North Kalimantan,Malinau,15
3.0160260824412983,116.49705553860323,1,8.5600004196167,2026-08-13,SNPP,North Kalimantan,Malinau,15
3.0160260824412983,116.50043266863256,1,8.5600004196167,2026-08-13,SNPP,North Kalimantan,Malinau,15
3.0160260824412983,116.50380979866186,1,8.5600004196167,2026-08-13,SNPP,North Kalimantan,Malinau,15
3.012653630220324,116.452791900523,1,8.34000015258789,2026-08-13,SNPP,North Kalimantan,Malinau,16
3.012653630220324,116.45616902008481,1,8.34000015258789,2026-08-13,SNPP,North Kalimantan,Malinau,16
3.012653630220324,116.4595461396467,1,8.34000015258789,2026-08-13,SNPP,North Kalimantan,Malinau,16
3.012653630220324,116.4798088570178,1,16.049999237060547,2026-08-13,SNPP,North Kalimantan,Malinau,15
3.012653630220324,116.48318597657965,1,16.049999237060547,2026-08-13,SNPP,North Kalimantan,Malinau,15
3.012653630220324,116.48656309614151,1,16.049999237060547,2026-08-13,SNPP,North Kalimantan,Malinau,15
3.012653630220324,116.48994021570336,1,16.049999237060547,2026-08-13,SNPP,North Kalimantan,Malinau,15
3.012653630220324,116.49331733526522,1,16.049999237060547,2026-08-13,SNPP,North Kalimantan,Malinau,15
3.012653630220324,116.49669445482704,1,8.5600004196167,2026-08-13,SNPP,North Kalimantan,Malinau,15
3.012653630220324,116.50007157438893,1,8.5600004196167,2026-08-13,SNPP,North Kalimantan,Malinau,15
3.012653630220324,116.50344869395077,1,8.5600004196167,2026-08-13,SNPP,North Kalimantan,Malinau,15
3.0092811779993496,116.45243135851472,1,8.34000015258789,2026-08-13,SNPP,North Kalimantan,Malinau,16
3.0092811779993496,116.45580846762087,1,8.34000015258789,2026-08-13,SNPP,North Kalimantan,Malinau,16
3.0092811779993496,116.45918557672705,1,8.34000015258789,2026-08-13,SNPP,North Kalimantan,Malinau,16
3.0092811779993496,116.49633377689489,1,8.5600004196167,2026-08-13,SNPP,North Kalimantan,Malinau,15
3.0092811779993496,116.4997108860011,1,8.5600004196167,2026-08-13,SNPP,North Kalimantan,Malinau,15
3.0092811779993496,116.50308799510726,1,8.5600004196167,2026-08-13,SNPP,North Kalimantan,Malinau,15
2.995791369115453,116.44761617986612,1,5.019999980926514,2026-08-13,SNPP,North Kalimantan,Malinau,16
2.995791369115453,116.45099324726722,1,5.019999980926514,2026-08-13,SNPP,North Kalimantan,Malinau,16
2.995791369115453,116.4543703146683,1,5.019999980926514,2026-08-13,SNPP,North Kalimantan,Malinau,16
2.992418916894479,116.44725767661627,1,5.019999980926514,2026-08-13,SNPP,North Kalimantan,Malinau,16
2.992418916894479,116.4506347336205,1,5.019999980926514,2026-08-13,SNPP,North Kalimantan,Malinau,16
2.992418916894479,116.45401179062472,1,5.019999980926514,2026-08-13,SNPP,North Kalimantan,Malinau,16
2.989046464673505,116.44689957900823,1,5.019999980926514,2026-08-13,SNPP,North Kalimantan,Malinau,16
2.989046464673505,116.45027662562738,1,5.019999980926514,2026-08-13,SNPP,North Kalimantan,Malinau,16
2.989046464673505,116.45365367224649,1,5.019999980926514,2026-08-13,SNPP,North Kalimantan,Malinau,16
2.9856740124525305,116.44654188703583,1,6.369999885559082,2026-08-13,SNPP,North Kalimantan,Malinau,16
2.9856740124525305,116.44991892328163,1,13.890000343322754,2026-08-13,SNPP,North Kalimantan,Malinau,16
2.9856740124525305,116.45329595952741,1,13.890000343322754,2026-08-13,SNPP,North Kalimantan,Malinau,16
2.9856740124525305,116.4566729957732,1,13.890000343322754,2026-08-13,SNPP,North Kalimantan,Malinau,16
2.9856740124525305,116.46005003201897,1,6.369999885559082,2026-08-13,SNPP,North Kalimantan,Malinau,16
2.9823015602315563,116.44618460069277,1,6.369999885559082,2026-08-13,SNPP,North Kalimantan,Malinau,16
2.9823015602315563,116.44956162657701,1,13.890000343322754,2026-08-13,SNPP,North Kalimantan,Malinau,16
2.9823015602315563,116.45293865246123,1,13.890000343322754,2026-08-13,SNPP,North Kalimantan,Malinau,16
2.9823015602315563,116.45631567834546,1,13.890000343322754,2026-08-13,SNPP,North Kalimantan,Malinau,16
2.9823015602315563,116.45969270422968,1,6.369999885559082,2026-08-13,SNPP,North Kalimantan,Malinau,16
2.978929108010582,116.44582771997293,1,6.369999885559082,2026-08-13,SNPP,North Kalimantan,Malinau,16
2.978929108010582,116.44920473550735,1,13.890000343322754,2026-08-13,SNPP,North Kalimantan,Malinau,16
2.978929108010582,116.45258175104176,1,13.890000343322754,2026-08-13,SNPP,North Kalimantan,Malinau,16
2.978929108010582,116.45595876657617,1,13.890000343322754,2026-08-13,SNPP,North Kalimantan,Malinau,16
2.9519494902427885,116.37882554587657,1,5.889999866485596,2026-08-13,SNPP,North Kalimantan,Malinau,17
2.9519494902427885,116.38220247903598,1,5.889999866485596,2026-08-13,SNPP,North Kalimantan,Malinau,17
2.9519494902427885,116.38557941219543,1,5.889999866485596,2026-08-13,SNPP,North Kalimantan,Malinau,17
2.9485770380218144,116.37847251012197,1,5.889999866485596,2026-08-13,SNPP,North Kalimantan,Malinau,17
2.9485770380218144,116.38184943303744,1,5.889999866485596,2026-08-13,SNPP,North Kalimantan,Malinau,17
2.9485770380218144,116.38522635595294,1,5.889999866485596,2026-08-13,SNPP,North Kalimantan,Malinau,17
2.9452045858008407,116.37811987970542,1,5.889999866485596,2026-08-13,SNPP,North Kalimantan,Malinau,17
2.9452045858008407,116.38149679238872,1,5.889999866485596,2026-08-13,SNPP,North Kalimantan,Malinau,17
2.9452045858008407,116.38487370507202,1,5.889999866485596,2026-08-13,SNPP,North Kalimantan,Malinau,17
3.3836233745274833,117.65707919411524,1,6.480000019073486,2026-08-13,SNPP,North Kalimantan,Kota Tarakan,18
3.3836233745274833,117.66045753566915,1,4.989999771118164,2026-08-13,SNPP,North Kalimantan,Kota Tarakan,18
3.3836233745274833,117.66383587722306,1,4.989999771118164,2026-08-13,SNPP,North Kalimantan,Kota Tarakan,18
3.3802509223065087,117.26478368747236,1,2.1700000762939453,2026-08-13,SNPP,North Kalimantan,Tana Tidung,19
3.3802509223065087,117.26816201727532,1,2.1700000762939453,2026-08-13,SNPP,North Kalimantan,Tana Tidung,19
3.3802509223065087,117.27154034707823,1,2.1700000762939453,2026-08-13,SNPP,North Kalimantan,Tana Tidung,19
3.3802509223065087,117.65666994461226,1,6.480000019073486,2026-08-13,SNPP,North Kalimantan,Kota Tarakan,18
3.3802509223065087,117.6600482744152,1,4.989999771118164,2026-08-13,SNPP,North Kalimantan,Kota Tarakan,18
3.3802509223065087,117.66342660421813,1,4.989999771118164,2026-08-13,SNPP,North Kalimantan,Kota Tarakan,18
3.376878470085535,117.26437621018565,1,2.1700000762939453,2026-08-13,SNPP,North Kalimantan,Tana Tidung,19
3.376878470085535,117.2677545282494,1,2.1700000762939453,2026-08-13,SNPP,North Kalimantan,Tana Tidung,19
3.376878470085535,117.27113284631314,1,2.1700000762939453,2026-08-13,SNPP,North Kalimantan,Tana Tidung,19
3.376878470085535,117.6562611055804,1,6.480000019073486,2026-08-13,SNPP,North Kalimantan,Kota Tarakan,18
3.376878470085535,117.65963942364417,1,4.989999771118164,2026-08-13,SNPP,North Kalimantan,Kota Tarakan,18
3.376878470085535,117.66301774170793,1,4.989999771118164,2026-08-13,SNPP,North Kalimantan,Kota Tarakan,18
3.373506017864561,117.26396914199576,1,2.1700000762939453,2026-08-13,SNPP,North Kalimantan,Tana Tidung,19
3.373506017864561,117.2673474483321,1,2.1700000762939453,2026-08-13,SNPP,North Kalimantan,Tana Tidung,19
3.373506017864561,117.27072575466845,1,2.1700000762939453,2026-08-13,SNPP,North Kalimantan,Tana Tidung,19
3.373506017864561,117.6592309833489,1,4.989999771118164,2026-08-13,SNPP,North Kalimantan,Kota Tarakan,18
3.373506017864561,117.66260928968528,1,4.989999771118164,2026-08-13,SNPP,North Kalimantan,Kota Tarakan,18
3.3532713045387155,117.13316234715464,1,21.649999618530273,2026-08-13,SNPP,North Kalimantan,Tana Tidung,20
3.3532713045387155,117.13654058337413,1,21.649999618530273,2026-08-13,SNPP,North Kalimantan,Tana Tidung,20
3.3498988523177418,117.1327585849511,1,21.649999618530273,2026-08-13,SNPP,North Kalimantan,Tana Tidung,20
3.3498988523177418,117.13613680952567,1,21.649999618530273,2026-08-13,SNPP,North Kalimantan,Tana Tidung,20
3.3128018778870256,117.28373664016871,1,9.0600004196167,2026-08-13,SNPP,North Kalimantan,Bulungan,21
3.3128018778870256,117.28711473742707,1,9.0600004196167,2026-08-13,SNPP,North Kalimantan,Bulungan,21
3.3128018778870256,117.29049283468542,1,9.0600004196167,2026-08-13,SNPP,North Kalimantan,Bulungan,21
3.309429425666051,117.28333725145373,1,9.0600004196167,2026-08-13,SNPP,North Kalimantan,Bulungan,21
3.309429425666051,117.28671533720859,1,9.0600004196167,2026-08-13,SNPP,North Kalimantan,Bulungan,21
3.309429425666051,117.29009342296347,1,9.0600004196167,2026-08-13,SNPP,North Kalimantan,Bulungan,21
3.3060569734450773,117.28293827178965,1,9.0600004196167,2026-08-13,SNPP,North Kalimantan,Bulungan,21
3.3060569734450773,117.28631634605274,1,9.0600004196167,2026-08-13,SNPP,North Kalimantan,Bulungan,21
3.3060569734450773,117.2896944203159,1,9.0600004196167,2026-08-13,SNPP,North Kalimantan,Bulungan,21
3.2251181201416967,117.21606282324169,1,2.0299999713897705,2026-08-13,SNPP,North Kalimantan,Bulungan,22
3.2251181201416967,117.2194406252375,1,2.0299999713897705,2026-08-13,SNPP,North Kalimantan,Bulungan,22
3.2251181201416967,117.22281842723334,1,57.779998779296875,2026-08-13,SNPP,North Kalimantan,Bulungan,22
3.2251181201416967,117.22619622922915,1,57.779998779296875,2026-08-13,SNPP,North Kalimantan,Bulungan,22
3.2251181201416967,117.22957403122498,1,57.779998779296875,2026-08-13,SNPP,North Kalimantan,Bulungan,22
3.2217456679207226,117.2156742579653,1,2.0299999713897705,2026-08-13,SNPP,North Kalimantan,Bulungan,22
3.2217456679207226,117.21905204876386,1,32.97999954223633,2026-08-13,SNPP,North Kalimantan,Bulungan,22
3.2217456679207226,117.22242983956247,1,57.779998779296875,2026-08-13,SNPP,North Kalimantan,Bulungan,22
3.2217456679207226,117.22580763036105,1,32.97999954223633,2026-08-13,SNPP,North Kalimantan,Bulungan,22
3.2217456679207226,117.22918542115963,1,32.97999954223633,2026-08-13,SNPP,North Kalimantan,Bulungan,22
3.218373215699749,117.21528610136146,1,2.0299999713897705,2026-08-13,SNPP,North Kalimantan,Bulungan,22
3.218373215699749,117.21866388097457,1,32.97999954223633,2026-08-13,SNPP,North Kalimantan,Bulungan,22
3.218373215699749,117.2220416605877,1,57.779998779296875,2026-08-13,SNPP,North Kalimantan,Bulungan,22
3.218373215699749,117.22541944020082,1,32.97999954223633,2026-08-13,SNPP,North Kalimantan,Bulungan,22
3.218373215699749,117.22879721981394,1,32.97999954223633,2026-08-13,SNPP,North Kalimantan,Bulungan,22
3.2150007634787747,117.21827612186287,1,32.97999954223633,2026-08-13,SNPP,North Kalimantan,Bulungan,22
3.2150007634787747,117.22165389030232,1,32.97999954223633,2026-08-13,SNPP,North Kalimantan,Bulungan,22
3.2150007634787747,117.22503165874173,1,32.97999954223633,2026-08-13,SNPP,North Kalimantan,Bulungan,22
3.2150007634787747,117.22840942718119,1,32.97999954223633,2026-08-13,SNPP,North Kalimantan,Bulungan,22
3.0463781524300657,117.24331300508108,1,39.59000015258789,2026-08-13,SNPP,North Kalimantan,Bulungan,23
3.0463781524300657,117.24669022984688,1,39.59000015258789,2026-08-13,SNPP,North Kalimantan,Bulungan,23
3.0430057002090916,117.23619151390544,1,39.59000015258789,2026-08-13,SNPP,North Kalimantan,Bulungan,23
3.0430057002090916,117.23956872809788,1,39.59000015258789,2026-08-13,SNPP,North Kalimantan,Bulungan,23
3.0430057002090916,117.24294594229035,1,39.59000015258789,2026-08-13,SNPP,North Kalimantan,Bulungan,23
3.0430057002090916,117.24632315648277,1,39.59000015258789,2026-08-13,SNPP,North Kalimantan,Bulungan,23
3.0430057002090916,117.24970037067521,1,7.389999866485596,2026-08-13,SNPP,North Kalimantan,Bulungan,23
3.0430057002090916,117.25307758486768,1,7.389999866485596,2026-08-13,SNPP,North Kalimantan,Bulungan,23
3.0396332479881174,117.23582488072728,1,39.59000015258789,2026-08-13,SNPP,North Kalimantan,Bulungan,23
3.0396332479881174,117.23920208435811,1,52.15999984741211,2026-08-13,SNPP,North Kalimantan,Bulungan,23
3.0396332479881174,117.242579287989,1,52.15999984741211,2026-08-13,SNPP,North Kalimantan,Bulungan,23
3.0396332479881174,117.24595649161989,1,52.15999984741211,2026-08-13,SNPP,North Kalimantan,Bulungan,23
3.0396332479881174,117.24933369525075,1,7.389999866485596,2026-08-13,SNPP,North Kalimantan,Bulungan,23
3.0396332479881174,117.25271089888163,1,7.389999866485596,2026-08-13,SNPP,North Kalimantan,Bulungan,23
3.0396332479881174,117.26284250977425,1,11.670000076293945,2026-08-13,SNPP,North Kalimantan,Bulungan,23
3.0396332479881174,117.2662197134051,1,11.670000076293945,2026-08-13,SNPP,North Kalimantan,Bulungan,23
3.0396332479881174,117.26959691703598,1,11.670000076293945,2026-08-13,SNPP,North Kalimantan,Bulungan,23
3.0362607957671433,117.23883584908967,1,52.15999984741211,2026-08-13,SNPP,North Kalimantan,Bulungan,23
3.0362607957671433,117.24221304217075,1,52.15999984741211,2026-08-13,SNPP,North Kalimantan,Bulungan,23
3.0362607957671433,117.24559023525181,1,52.15999984741211,2026-08-13,SNPP,North Kalimantan,Bulungan,23
3.0362607957671433,117.24896742833285,1,7.389999866485596,2026-08-13,SNPP,North Kalimantan,Bulungan,23
3.0362607957671433,117.25234462141394,1,7.389999866485596,2026-08-13,SNPP,North Kalimantan,Bulungan,23
3.0362607957671433,117.26247620065713,1,11.670000076293945,2026-08-13,SNPP,North Kalimantan,Bulungan,23
3.0362607957671433,117.26585339373818,1,11.670000076293945,2026-08-13,SNPP,North Kalimantan,Bulungan,23
3.0362607957671433,117.26923058681925,1,11.670000076293945,2026-08-13,SNPP,North Kalimantan,Bulungan,23
3.032888343546169,117.23847002228611,1,52.15999984741211,2026-08-13,SNPP,North Kalimantan,Bulungan,23
3.032888343546169,117.24184720482916,1,52.15999984741211,2026-08-13,SNPP,North Kalimantan,Bulungan,23
3.032888343546169,117.24522438737218,1,52.15999984741211,2026-08-13,SNPP,North Kalimantan,Bulungan,23
3.032888343546169,117.2621103000873,1,11.670000076293945,2026-08-13,SNPP,North Kalimantan,Bulungan,23
3.032888343546169,117.26548748263029,1,11.670000076293945,2026-08-13,SNPP,North Kalimantan,Bulungan,23
3.032888343546169,117.26886466517334,1,11.670000076293945,2026-08-13,SNPP,North Kalimantan,Bulungan,23
2.8878728980442796,116.91246565911706,1,91.0,2026-08-13,SNPP,North Kalimantan,Bulungan,24
2.8878728980442796,116.91584239965265,1,91.0,2026-08-13,SNPP,North Kalimantan,Bulungan,24
2.8878728980442796,116.9192191401882,1,91.0,2026-08-13,SNPP,North Kalimantan,Bulungan,24
2.8845004458233054,116.91211872046294,1,91.0,2026-08-13,SNPP,North Kalimantan,Bulungan,24
2.8845004458233054,116.91549545097803,1,91.0,2026-08-13,SNPP,North Kalimantan,Bulungan,24
2.8845004458233054,116.91887218149309,1,91.0,2026-08-13,SNPP,North Kalimantan,Bulungan,24
2.8845004458233054,116.92224891200811,1,91.0,2026-08-13,SNPP,North Kalimantan,Bulungan,24
2.881127993602331,116.91177218891293,1,91.0,2026-08-13,SNPP,North Kalimantan,Bulungan,24
2.881127993602331,116.91514890941926,1,91.0,2026-08-13,SNPP,North Kalimantan,Bulungan,24
2.881127993602331,116.91852562992557,1,91.0,2026-08-13,SNPP,North Kalimantan,Bulungan,24
2.881127993602331,116.92190235043188,1,91.0,2026-08-13,SNPP,North Kalimantan,Bulungan,24
2.8777555413813567,116.91480277497035,1,91.0,2026-08-13,SNPP,North Kalimantan,Bulungan,24
2.8777555413813567,116.9181794854797,1,91.0,2026-08-13,SNPP,North Kalimantan,Bulungan,24
2.8777555413813567,116.92155619598898,1,91.0,2026-08-13,SNPP,North Kalimantan,Bulungan,24
2.746229904763364,116.87798670517394,1,7.789999961853027,2026-08-13,SNPP,North Kalimantan,Bulungan,25
2.746229904763364,116.88136303497018,1,7.789999961853027,2026-08-13,SNPP,North Kalimantan,Bulungan,25
2.746229904763364,116.88473936476646,1,7.789999961853027,2026-08-13,SNPP,North Kalimantan,Bulungan,25
2.746229904763364,116.88811569456271,1,7.789999961853027,2026-08-13,SNPP,North Kalimantan,Bulungan,25
2.74285745254239,116.87765691695049,1,7.789999961853027,2026-08-13,SNPP,North Kalimantan,Bulungan,25
2.74285745254239,116.88103323721994,1,7.789999961853027,2026-08-13,SNPP,North Kalimantan,Bulungan,25
2.74285745254239,116.88440955748942,1,7.789999961853027,2026-08-13,SNPP,North Kalimantan,Bulungan,25
2.74285745254239,116.88778587775887,1,7.789999961853027,2026-08-13,SNPP,North Kalimantan,Bulungan,25
2.739485000321416,116.87732753551388,1,7.239999771118164,2026-08-13,SNPP,North Kalimantan,Bulungan,25
2.739485000321416,116.88070384626826,1,7.789999961853027,2026-08-13,SNPP,North Kalimantan,Bulungan,25
2.739485000321416,116.8840801570227,1,7.789999961853027,2026-08-13,SNPP,North Kalimantan,Bulungan,25
2.739485000321416,116.8874564677771,1,7.789999961853027,2026-08-13,SNPP,North Kalimantan,Bulungan,25
2.7361125481004414,116.87699856085837,1,7.239999771118164,2026-08-13,SNPP,North Kalimantan,Bulungan,25
2.7361125481004414,116.88037486210946,1,23.15999984741211,2026-08-13,SNPP,North Kalimantan,Bulungan,25
2.7361125481004414,116.88375116336057,1,23.15999984741211,2026-08-13,SNPP,North Kalimantan,Bulungan,25
2.732740095879467,116.87666999297826,1,7.239999771118164,2026-08-13,SNPP,North Kalimantan,Bulungan,25
2.732740095879467,116.88004628473782,1,7.239999771118164,2026-08-13,SNPP,North Kalimantan,Bulungan,25
2.732740095879467,116.88342257649737,1,7.239999771118164,2026-08-13,SNPP,North Kalimantan,Bulungan,25
4.240226238654923,117.02022159390295,1,4.300000190734863,2026-08-13,SNPP,North Kalimantan,Nunukan,26
4.240226238654923,117.02360330249496,1,4.300000190734863,2026-08-13,SNPP,North Kalimantan,Nunukan,26
4.23685378643395,117.01971112412082,1,4.300000190734863,2026-08-13,SNPP,North Kalimantan,Nunukan,26
4.23685378643395,117.02309281796101,1,4.300000190734863,2026-08-13,SNPP,North Kalimantan,Nunukan,26
4.233481334212976,117.0192010642089,1,4.300000190734863,2026-08-13,SNPP,North Kalimantan,Nunukan,26
4.233481334212976,117.02258274330914,1,4.300000190734863,2026-08-13,SNPP,North Kalimantan,Nunukan,26
3.690516526636133,116.68220199918125,1,8.6899995803833,2026-08-13,SNPP,North Kalimantan,Malinau,27
3.690516526636133,116.6855814594368,1,8.6899995803833,2026-08-13,SNPP,North Kalimantan,Malinau,27
3.690516526636133,116.6889609196923,1,8.6899995803833,2026-08-13,SNPP,North Kalimantan,Malinau,27
3.687144074415159,116.68175921341512,1,8.6899995803833,2026-08-13,SNPP,North Kalimantan,Malinau,27
3.687144074415159,116.68513866084629,1,8.6899995803833,2026-08-13,SNPP,North Kalimantan,Malinau,27
3.687144074415159,116.68851810827742,1,8.6899995803833,2026-08-13,SNPP,North Kalimantan,Malinau,27
3.6837716221941847,116.68131683525583,1,8.6899995803833,2026-08-13,SNPP,North Kalimantan,Malinau,27
3.6837716221941847,116.68469626987441,1,8.6899995803833,2026-08-13,SNPP,North Kalimantan,Malinau,27
3.6837716221941847,116.68807570449296,1,8.6899995803833,2026-08-13,SNPP,North Kalimantan,Malinau,27
3.6736542655312627,116.66647456133518,1,2.4100000858306885,2026-08-13,SNPP,North Kalimantan,Malinau,27
3.6736542655312627,116.66985395758685,1,2.4100000858306885,2026-08-13,SNPP,North Kalimantan,Malinau,27
3.6736542655312627,116.67323335383853,1,2.4100000858306885,2026-08-13,SNPP,North Kalimantan,Malinau,27
3.6702818133102877,116.66603386458766,1,2.4100000858306885,2026-08-13,SNPP,North Kalimantan,Malinau,27
3.6702818133102877,116.66941324807397,1,2.140000104904175,2026-08-13,SNPP,North Kalimantan,Malinau,27
3.6702818133102877,116.6727926315603,1,2.140000104904175,2026-08-13,SNPP,North Kalimantan,Malinau,27
3.6702818133102877,116.67617201504662,1,2.140000104904175,2026-08-13,SNPP,North Kalimantan,Malinau,27
3.666909361089314,116.6655935753613,1,2.4100000858306885,2026-08-13,SNPP,North Kalimantan,Malinau,27
3.666909361089314,116.66897294609406,1,2.140000104904175,2026-08-13,SNPP,North Kalimantan,Malinau,27
3.666909361089314,116.67235231682685,1,2.140000104904175,2026-08-13,SNPP,North Kalimantan,Malinau,27
3.666909361089314,116.6757316875596,1,2.140000104904175,2026-08-13,SNPP,North Kalimantan,Malinau,27
3.66353690886834,116.66853305163946,1,2.140000104904175,2026-08-13,SNPP,North Kalimantan,Malinau,27
3.66353690886834,116.67191240963051,1,2.140000104904175,2026-08-13,SNPP,North Kalimantan,Malinau,27
3.66353690886834,116.6752917676215,1,2.140000104904175,2026-08-13,SNPP,North Kalimantan,Malinau,27
3.592715412227882,116.60532390268975,1,3.0399999618530273,2026-08-13,SNPP,North Kalimantan,Malinau,28
3.592715412227882,116.60870299583046,1,3.0399999618530273,2026-08-13,SNPP,North Kalimantan,Malinau,28
3.592715412227882,116.61208208897119,1,3.0399999618530273,2026-08-13,SNPP,North Kalimantan,Malinau,28
3.589342960006908,116.60489317158105,1,3.0399999618530273,2026-08-13,SNPP,North Kalimantan,Malinau,28
3.589342960006908,116.60827225223964,1,3.0399999618530273,2026-08-13,SNPP,North Kalimantan,Malinau,28
3.589342960006908,116.61165133289826,1,3.0399999618530273,2026-08-13,SNPP,North Kalimantan,Malinau,28
3.585970507785934,116.60446284763455,1,3.0399999618530273,2026-08-13,SNPP,North Kalimantan,Malinau,28
3.585970507785934,116.60784191582285,1,3.0399999618530273,2026-08-13,SNPP,North Kalimantan,Malinau,28
3.585970507785934,116.61122098401117,1,3.0399999618530273,2026-08-13,SNPP,North Kalimantan,Malinau,28
3.585970507785934,116.81396507530928,1,7.090000152587891,2026-08-13,SNPP,North Kalimantan,Tana Tidung,29
3.585970507785934,116.81734414349756,1,7.090000152587891,2026-08-13,SNPP,North Kalimantan,Tana Tidung,29
3.585970507785934,116.82072321168589,1,7.090000152587891,2026-08-13,SNPP,North Kalimantan,Tana Tidung,29
3.5825980555649597,116.54996803916615,1,7.849999904632568,2026-08-13,SNPP,North Kalimantan,Malinau,30
3.5825980555649597,116.55334709489593,1,7.849999904632568,2026-08-13,SNPP,North Kalimantan,Malinau,30
3.5825980555649597,116.5567261506257,1,7.849999904632568,2026-08-13,SNPP,North Kalimantan,Malinau,30
3.5825980555649597,116.81353438608974,1,7.090000152587891,2026-08-13,SNPP,North Kalimantan,Tana Tidung,29
3.5825980555649597,116.81691344181952,1,7.090000152587891,2026-08-13,SNPP,North Kalimantan,Tana Tidung,29
3.5825980555649597,116.8202924975493,1,7.090000152587891,2026-08-13,SNPP,North Kalimantan,Tana Tidung,29
3.5792256033439855,116.549538728669,1,7.849999904632568,2026-08-13,SNPP,North Kalimantan,Malinau,30
3.5792256033439855,116.55291777195211,1,7.849999904632568,2026-08-13,SNPP,North Kalimantan,Malinau,30
3.5792256033439855,116.55629681523516,1,7.849999904632568,2026-08-13,SNPP,North Kalimantan,Malinau,30
3.5792256033439855,116.81310410474894,1,7.090000152587891,2026-08-13,SNPP,North Kalimantan,Tana Tidung,29
3.5792256033439855,116.81648314803199,1,7.090000152587891,2026-08-13,SNPP,North Kalimantan,Tana Tidung,29
3.5792256033439855,116.81986219131507,1,7.090000152587891,2026-08-13,SNPP,North Kalimantan,Tana Tidung,29
3.5623633422391148,116.52374541171369,1,5.28000020980835,2026-08-13,SNPP,North Kalimantan,Malinau,4
3.5623633422391148,116.52712439294015,1,5.28000020980835,2026-08-13,SNPP,North Kalimantan,Malinau,4
3.5623633422391148,116.53050337416664,1,5.28000020980835,2026-08-13,SNPP,North Kalimantan,Malinau,4
3.55899089001814,116.52331862944214,1,5.28000020980835,2026-08-13,SNPP,North Kalimantan,Malinau,4
3.55899089001814,116.52669759829269,1,5.28000020980835,2026-08-13,SNPP,North Kalimantan,Malinau,4
3.55899089001814,116.53007656714325,1,5.28000020980835,2026-08-13,SNPP,North Kalimantan,Malinau,4
3.555618437797166,116.52289225399433,1,5.28000020980835,2026-08-13,SNPP,North Kalimantan,Malinau,4
3.555618437797166,116.52627121048076,1,5.28000020980835,2026-08-13,SNPP,North Kalimantan,Malinau,4
3.555618437797166,116.52965016696719,1,5.28000020980835,2026-08-13,SNPP,North Kalimantan,Malinau,4
3.5522459855761923,116.53598206189919,1,2.509999990463257,2026-08-13,SNPP,North Kalimantan,Malinau,4
3.5522459855761923,116.53936100603327,1,2.509999990463257,2026-08-13,SNPP,North Kalimantan,Malinau,4
3.5522459855761923,116.54273995016737,1,2.509999990463257,2026-08-13,SNPP,North Kalimantan,Malinau,4
3.548873533355218,116.53555645071444,1,2.509999990463257,2026-08-13,SNPP,North Kalimantan,Malinau,4
3.548873533355218,116.538935382508,1,3.7899999618530273,2026-08-13,SNPP,North Kalimantan,Malinau,4
3.548873533355218,116.54231431430154,1,3.7899999618530273,2026-08-13,SNPP,North Kalimantan,Malinau,4
3.548873533355218,116.54569324609511,1,3.7899999618530273,2026-08-13,SNPP,North Kalimantan,Malinau,4
2.7023880258907,115.77646395510094,1,12.149999618530273,2026-08-13,SNPP,North Kalimantan,Malinau,31
2.7023880258907,115.77984016196527,1,12.149999618530273,2026-08-13,SNPP,North Kalimantan,Malinau,31
2.7023880258907,115.78321636882963,1,12.149999618530273,2026-08-13,SNPP,North Kalimantan,Malinau,31
2.6990155736697257,115.77614250122944,1,12.149999618530273,2026-08-13,SNPP,North Kalimantan,Malinau,31
2.6990155736697257,115.77951869871976,1,12.149999618530273,2026-08-13,SNPP,North Kalimantan,Malinau,31
2.6990155736697257,115.78289489621005,1,12.149999618530273,2026-08-13,SNPP,North Kalimantan,Malinau,31
2.6956431214487515,115.7758214502526,1,12.149999618530273,2026-08-13,SNPP,North Kalimantan,Malinau,31
2.6956431214487515,115.77919763838058,1,12.149999618530273,2026-08-13,SNPP,North Kalimantan,Malinau,31
2.6956431214487515,115.78257382650858,1,12.149999618530273,2026-08-13,SNPP,North Kalimantan,Malinau,31
2.624821624808294,117.46729753793207,1,11.630000114440918,2026-08-13,SNPP,North Kalimantan,Bulungan,32
2.624821624808294,117.47067353216538,1,11.630000114440918,2026-08-13,SNPP,North Kalimantan,Bulungan,32
2.624821624808294,117.47404952639867,1,11.630000114440918,2026-08-13,SNPP,North Kalimantan,Bulungan,32
2.6214491725873197,117.46698076999235,1,11.630000114440918,2026-08-13,SNPP,North Kalimantan,Bulungan,32
2.6214491725873197,117.4703567551218,1,11.630000114440918,2026-08-13,SNPP,North Kalimantan,Bulungan,32
2.6214491725873197,117.47373274025122,1,11.630000114440918,2026-08-13,SNPP,North Kalimantan,Bulungan,32
2.618076720366345,117.46666441072865,1,11.630000114440918,2026-08-13,SNPP,North Kalimantan,Bulungan,32
2.618076720366345,117.47004038676599,1,11.630000114440918,2026-08-13,SNPP,North Kalimantan,Bulungan,32
2.618076720366345,117.47341636280329,1,11.630000114440918,2026-08-13,SNPP,North Kalimantan,Bulungan,32
2.6147042681453714,117.46634846013544,1,11.630000114440918,2026-08-13,SNPP,North Kalimantan,Bulungan,32
2.6147042681453714,117.46972442709239,1,11.630000114440918,2026-08-13,SNPP,North Kalimantan,Bulungan,32
2.6147042681453714,117.47310039404931,1,11.630000114440918,2026-08-13,SNPP,North Kalimantan,Bulungan,32
2.533765414841991,117.46901549054326,1,41.459999084472656,2026-08-13,SNPP,East Kalimantan,Berau,33
2.533765414841991,117.47239124309428,1,41.459999084472656,2026-08-13,SNPP,East Kalimantan,Berau,33
2.533765414841991,117.47576699564532,1,41.459999084472656,2026-08-13,SNPP,East Kalimantan,Berau,33
2.5303929626210167,117.46870972858756,1,41.459999084472656,2026-08-13,SNPP,East Kalimantan,Berau,33
2.5303929626210167,117.47208547235178,1,41.459999084472656,2026-08-13,SNPP,East Kalimantan,Berau,33
2.5303929626210167,117.47546121611597,1,41.459999084472656,2026-08-13,SNPP,East Kalimantan,Berau,33
2.527020510400043,117.41776835035971,1,0.44999998807907104,2026-08-13,SNPP,East Kalimantan,Berau,34
2.527020510400043,117.42114408534889,1,0.44999998807907104,2026-08-13,SNPP,East Kalimantan,Berau,34
2.527020510400043,117.46840437519721,1,41.459999084472656,2026-08-13,SNPP,East Kalimantan,Berau,33
2.527020510400043,117.47178011018639,1,41.459999084472656,2026-08-13,SNPP,East Kalimantan,Berau,33
2.527020510400043,117.47515584517554,1,41.459999084472656,2026-08-13,SNPP,East Kalimantan,Berau,33
2.5236480581790683,117.41746353697923,1,0.44999998807907104,2026-08-13,SNPP,East Kalimantan,Berau,34
2.5236480581790683,117.42083926320508,1,0.44999998807907104,2026-08-13,SNPP,East Kalimantan,Berau,34
2.5236480581790683,117.47147515659283,1,11.609999656677246,2026-08-13,SNPP,East Kalimantan,Berau,33
2.5236480581790683,117.47485088281866,1,11.609999656677246,2026-08-13,SNPP,East Kalimantan,Berau,33
2.520275605958094,117.41715913197741,1,0.44999998807907104,2026-08-13,SNPP,East Kalimantan,Berau,34
2.520275605958094,117.4205348494517,1,0.44999998807907104,2026-08-13,SNPP,East Kalimantan,Berau,34
2.5135307015161463,117.4671870471838,1,0.23999999463558197,2026-08-13,SNPP,East Kalimantan,Berau,33
2.5135307015161463,117.47056274719016,1,0.23999999463558197,2026-08-13,SNPP,East Kalimantan,Berau,33
2.5101582492951717,117.466883736541,1,0.23999999463558197,2026-08-13,SNPP,East Kalimantan,Berau,33
2.5101582492951717,117.47025942783102,1,0.23999999463558197,2026-08-13,SNPP,East Kalimantan,Berau,33
2.5067857970741976,117.46658083443191,1,0.23999999463558197,2026-08-13,SNPP,East Kalimantan,Berau,33
2.5067857970741976,117.46995651701728,1,0.23999999463558197,2026-08-13,SNPP,East Kalimantan,Berau,33
2.4056122304449725,117.45768371349088,1,4.789999961853027,2026-08-13,SNPP,East Kalimantan,Berau,35
2.4056122304449725,117.46105914039623,1,4.789999961853027,2026-08-13,SNPP,East Kalimantan,Berau,35
2.4056122304449725,117.4644345673016,1,4.789999961853027,2026-08-13,SNPP,East Kalimantan,Berau,35
2.402239778223998,117.45739347335265,1,4.789999961853027,2026-08-13,SNPP,East Kalimantan,Berau,35
2.402239778223998,117.46076889191728,1,4.789999961853027,2026-08-13,SNPP,East Kalimantan,Berau,35
2.402239778223998,117.46414431048187,1,4.789999961853027,2026-08-13,SNPP,East Kalimantan,Berau,35
2.334790733804515,117.11752425422543,1,11.779999732971191,2026-08-13,SNPP,East Kalimantan,Berau,36
2.334790733804515,117.12089950843941,1,11.779999732971191,2026-08-13,SNPP,East Kalimantan,Berau,36
2.334790733804515,117.12427476265344,1,11.779999732971191,2026-08-13,SNPP,East Kalimantan,Berau,36
2.3314182815835403,117.11386814400628,1,11.779999732971191,2026-08-13,SNPP,East Kalimantan,Berau,36
2.3314182815835403,117.11724339012595,1,11.779999732971191,2026-08-13,SNPP,East Kalimantan,Berau,36
2.3314182815835403,117.12061863624564,1,11.779999732971191,2026-08-13,SNPP,East Kalimantan,Berau,36
2.3314182815835403,117.12399388236531,1,11.779999732971191,2026-08-13,SNPP,East Kalimantan,Berau,36
2.3314182815835403,117.15099585132279,1,0.9599999785423279,2026-08-13,SNPP,East Kalimantan,Berau,37
2.3314182815835403,117.15437109744245,1,0.9599999785423279,2026-08-13,SNPP,East Kalimantan,Berau,37
2.3314182815835403,117.15774634356215,1,0.9599999785423279,2026-08-13,SNPP,East Kalimantan,Berau,37
2.328045829362566,117.11358769509265,1,11.779999732971191,2026-08-13,SNPP,East Kalimantan,Berau,36
2.328045829362566,117.11696293312974,1,11.779999732971191,2026-08-13,SNPP,East Kalimantan,Berau,36
2.328045829362566,117.12033817116682,1,11.779999732971191,2026-08-13,SNPP,East Kalimantan,Berau,36
2.328045829362566,117.12371340920393,1,11.779999732971191,2026-08-13,SNPP,East Kalimantan,Berau,36
2.328045829362566,117.15071531350063,1,0.9599999785423279,2026-08-13,SNPP,East Kalimantan,Berau,37
2.328045829362566,117.15409055153768,1,0.9599999785423279,2026-08-13,SNPP,East Kalimantan,Berau,37
2.328045829362566,117.15746578957477,1,0.9599999785423279,2026-08-13,SNPP,East Kalimantan,Berau,37
2.3246733771415924,117.15043518289417,1,0.9599999785423279,2026-08-13,SNPP,East Kalimantan,Berau,37
2.3246733771415924,117.15381041286037,1,0.9599999785423279,2026-08-13,SNPP,East Kalimantan,Berau,37
2.3246733771415924,117.15718564282659,1,0.9599999785423279,2026-08-13,SNPP,East Kalimantan,Berau,37
2.3179284726996436,117.10262314927319,1,4.699999809265137,2026-08-13,SNPP,East Kalimantan,Berau,36
2.3179284726996436,117.10599836313288,1,4.699999809265137,2026-08-13,SNPP,East Kalimantan,Berau,36
2.3179284726996436,117.10937357699257,1,4.699999809265137,2026-08-13,SNPP,East Kalimantan,Berau,36
2.3145560204786695,117.10234435278402,1,4.699999809265137,2026-08-13,SNPP,East Kalimantan,Berau,36
2.3145560204786695,117.10571955860806,1,4.699999809265137,2026-08-13,SNPP,East Kalimantan,Berau,36
2.3145560204786695,117.10909476443209,1,4.699999809265137,2026-08-13,SNPP,East Kalimantan,Berau,36
2.3111835682576958,117.10206596332691,1,4.699999809265137,2026-08-13,SNPP,East Kalimantan,Berau,36
2.3111835682576958,117.10544116112699,1,4.699999809265137,2026-08-13,SNPP,East Kalimantan,Berau,36
2.3111835682576958,117.10881635892709,1,4.699999809265137,2026-08-13,SNPP,East Kalimantan,Berau,36
2.2909488549318504,117.14090597282113,1,18.309999465942383,2026-08-13,SNPP,East Kalimantan,Berau,38
2.2909488549318504,117.14428112272394,1,18.309999465942383,2026-08-13,SNPP,East Kalimantan,Berau,38
2.2909488549318504,117.14765627262678,1,18.309999465942383,2026-08-13,SNPP,East Kalimantan,Berau,38
2.2875764027108763,117.14063033715163,1,18.309999465942383,2026-08-13,SNPP,East Kalimantan,Berau,38
2.2875764027108763,117.14400547911265,1,18.309999465942383,2026-08-13,SNPP,East Kalimantan,Berau,38
2.2875764027108763,117.14738062107367,1,18.309999465942383,2026-08-13,SNPP,East Kalimantan,Berau,38
2.263969237164057,117.23658980116583,1,2.640000104904175,2026-08-13,SNPP,East Kalimantan,Berau,39
2.263969237164057,117.2399648878626,1,2.640000104904175,2026-08-13,SNPP,East Kalimantan,Berau,39
2.2605967849430826,117.2329421159978,1,2.2300000190734863,2026-08-13,SNPP,East Kalimantan,Berau,39
2.2605967849430826,117.23631719484656,1,2.2300000190734863,2026-08-13,SNPP,East Kalimantan,Berau,39
2.2605967849430826,117.23969227369534,1,2.2300000190734863,2026-08-13,SNPP,East Kalimantan,Berau,39
2.2572243327221084,117.23266992495128,1,2.2300000190734863,2026-08-13,SNPP,East Kalimantan,Berau,39
2.2572243327221084,117.23604499596382,1,2.2300000190734863,2026-08-13,SNPP,East Kalimantan,Berau,39
2.2572243327221084,117.23942006697634,1,2.2300000190734863,2026-08-13,SNPP,East Kalimantan,Berau,39
2.2572243327221084,117.24279513798884,1,2.4800000190734863,2026-08-13,SNPP,East Kalimantan,Berau,39
2.2538518805011347,117.23239814132482,1,2.7100000381469727,2026-08-13,SNPP,East Kalimantan,Berau,39
2.2538518805011347,117.23577320451284,1,2.4800000190734863,2026-08-13,SNPP,East Kalimantan,Berau,39
2.2538518805011347,117.23914826770086,1,2.4800000190734863,2026-08-13,SNPP,East Kalimantan,Berau,39
2.2538518805011347,117.24252333088882,1,2.4800000190734863,2026-08-13,SNPP,East Kalimantan,Berau,39
2.2504794282801606,117.23212676511366,1,2.7100000381469727,2026-08-13,SNPP,East Kalimantan,Berau,39
2.2504794282801606,117.23550182048889,1,2.4800000190734863,2026-08-13,SNPP,East Kalimantan,Berau,39
2.2504794282801606,117.23887687586412,1,2.4800000190734863,2026-08-13,SNPP,East Kalimantan,Berau,39
2.2504794282801606,117.24225193123932,1,2.4800000190734863,2026-08-13,SNPP,East Kalimantan,Berau,39
2.2167549060704186,116.95606220052726,1,4.840000152587891,2026-08-13,SNPP,East Kalimantan,Berau,40
2.2167549060704186,116.95943717841966,1,4.840000152587891,2026-08-13,SNPP,East Kalimantan,Berau,40
2.2167549060704186,116.96281215631208,1,4.840000152587891,2026-08-13,SNPP,East Kalimantan,Berau,40
2.213382453849444,116.95579592796125,1,4.840000152587891,2026-08-13,SNPP,East Kalimantan,Berau,40
2.213382453849444,116.95917089816987,1,4.840000152587891,2026-08-13,SNPP,East Kalimantan,Berau,40
2.213382453849444,116.96254586837851,1,4.840000152587891,2026-08-13,SNPP,East Kalimantan,Berau,40
2.2100100016284703,116.95553006180455,1,4.840000152587891,2026-08-13,SNPP,East Kalimantan,Berau,40
2.2100100016284703,116.95890502434114,1,4.840000152587891,2026-08-13,SNPP,East Kalimantan,Berau,40
2.2100100016284703,116.96227998687773,1,4.840000152587891,2026-08-13,SNPP,East Kalimantan,Berau,40
2.2100100016284703,116.96565494941434,1,1.159999966621399,2026-08-13,SNPP,East Kalimantan,Berau,40
2.206637549407496,116.9552646020526,1,4.840000152587891,2026-08-13,SNPP,East Kalimantan,Berau,40
2.206637549407496,116.95863955692886,1,4.840000152587891,2026-08-13,SNPP,East Kalimantan,Berau,40
2.206637549407496,116.96201451180511,1,4.840000152587891,2026-08-13,SNPP,East Kalimantan,Berau,40
2.206637549407496,116.9653894666814,1,1.159999966621399,2026-08-13,SNPP,East Kalimantan,Berau,40
2.203265097186522,116.95499954870074,1,1.1299999952316284,2026-08-13,SNPP,East Kalimantan,Berau,40
2.203265097186522,116.95837449592842,1,1.1299999952316284,2026-08-13,SNPP,East Kalimantan,Berau,40
2.203265097186522,116.96174944315612,1,1.1299999952316284,2026-08-13,SNPP,East Kalimantan,Berau,40
2.1864028360816508,117.23717274727544,1,3.5399999618530273,2026-08-13,SNPP,East Kalimantan,Berau,39
2.1864028360816508,117.24054765643609,1,3.5399999618530273,2026-08-13,SNPP,East Kalimantan,Berau,39
2.1864028360816508,117.24392256559672,1,3.5399999618530273,2026-08-13,SNPP,East Kalimantan,Berau,39
2.1830303838606766,117.23690949565665,1,3.5399999618530273,2026-08-13,SNPP,East Kalimantan,Berau,39
2.1830303838606766,117.24028439723905,1,3.5399999618530273,2026-08-13,SNPP,East Kalimantan,Berau,39
2.1830303838606766,117.24365929882143,1,3.5399999618530273,2026-08-13,SNPP,East Kalimantan,Berau,39
2.179657931639703,117.23664665139094,1,3.5399999618530273,2026-08-13,SNPP,East Kalimantan,Berau,39
2.179657931639703,117.24002154540682,1,3.5399999618530273,2026-08-13,SNPP,East Kalimantan,Berau,39
2.179657931639703,117.24339643942271,1,3.5399999618530273,2026-08-13,SNPP,East Kalimantan,Berau,39
2.145933409429961,117.14292049926806,1,5.329999923706055,2026-08-13,SNPP,East Kalimantan,Berau,41
2.145933409429961,117.14629531826385,1,5.75,2026-08-13,SNPP,East Kalimantan,Berau,41
2.145933409429961,117.14967013725962,1,5.75,2026-08-13,SNPP,East Kalimantan,Berau,41
2.1425609572089863,117.14266233640002,1,5.329999923706055,2026-08-13,SNPP,East Kalimantan,Berau,41
2.1425609572089863,117.14603714795831,1,5.75,2026-08-13,SNPP,East Kalimantan,Berau,41
2.1425609572089863,117.14941195951656,1,5.75,2026-08-13,SNPP,East Kalimantan,Berau,41
2.1391885049880126,117.14240458051424,1,5.329999923706055,2026-08-13,SNPP,East Kalimantan,Berau,41
2.1391885049880126,117.1457793846467,1,5.75,2026-08-13,SNPP,East Kalimantan,Berau,41
2.1391885049880126,117.14915418877915,1,5.75,2026-08-13,SNPP,East Kalimantan,Berau,41
2.122326243883142,117.17824434463579,1,13.869999885559082,2026-08-13,SNPP,East Kalimantan,Berau,42
2.122326243883142,117.18161911181515,1,13.869999885559082,2026-08-13,SNPP,East Kalimantan,Berau,42
2.122326243883142,117.18499387899452,1,13.869999885559082,2026-08-13,SNPP,East Kalimantan,Berau,42
2.1189537916621672,117.17798894963994,1,13.869999885559082,2026-08-13,SNPP,East Kalimantan,Berau,42
2.1189537916621672,117.18136370946382,1,13.869999885559082,2026-08-13,SNPP,East Kalimantan,Berau,42
2.1189537916621672,117.18473846928777,1,13.869999885559082,2026-08-13,SNPP,East Kalimantan,Berau,42
2.1189537916621672,117.54246301062166,1,1.1200000047683716,2026-08-13,SNPP,East Kalimantan,Berau,43
2.115581339441193,117.17773396172414,1,13.869999885559082,2026-08-13,SNPP,East Kalimantan,Berau,42
2.115581339441193,117.18110871420431,1,13.869999885559082,2026-08-13,SNPP,East Kalimantan,Berau,42
2.115581339441193,117.1844834666845,1,13.869999885559082,2026-08-13,SNPP,East Kalimantan,Berau,42
2.115581339441193,117.54220722958355,1,1.1200000047683716,2026-08-13,SNPP,East Kalimantan,Berau,43
2.0683670083475545,117.19445477723896,1,7.820000171661377,2026-08-13,SNPP,East Kalimantan,Berau,44
2.0683670083475545,117.19782942813794,1,7.820000171661377,2026-08-13,SNPP,East Kalimantan,Berau,44
2.0683670083475545,117.2012040790369,1,7.820000171661377,2026-08-13,SNPP,East Kalimantan,Berau,44
2.064994556126581,117.19420585198989,1,7.820000171661377,2026-08-13,SNPP,East Kalimantan,Berau,44
2.064994556126581,117.19758049572098,1,7.820000171661377,2026-08-13,SNPP,East Kalimantan,Berau,44
2.064994556126581,117.20095513945208,1,7.820000171661377,2026-08-13,SNPP,East Kalimantan,Berau,44
2.0616221039056066,117.156836331497,1,4.449999809265137,2026-08-13,SNPP,East Kalimantan,Berau,44
2.0616221039056066,117.1602109680719,1,7.78000020980835,2026-08-13,SNPP,East Kalimantan,Berau,44
2.0616221039056066,117.16358560464684,1,7.78000020980835,2026-08-13,SNPP,East Kalimantan,Berau,44
2.0616221039056066,117.16696024122177,1,7.78000020980835,2026-08-13,SNPP,East Kalimantan,Berau,44
2.0616221039056066,117.19395733382129,1,7.820000171661377,2026-08-13,SNPP,East Kalimantan,Berau,44
2.0616221039056066,117.19733197039623,1,7.820000171661377,2026-08-13,SNPP,East Kalimantan,Berau,44
2.0616221039056066,117.20070660697115,1,7.820000171661377,2026-08-13,SNPP,East Kalimantan,Berau,44
2.058249651684632,117.15658829899331,1,4.449999809265137,2026-08-13,SNPP,East Kalimantan,Berau,44
2.058249651684632,117.1599629284238,1,7.78000020980835,2026-08-13,SNPP,East Kalimantan,Berau,44
2.058249651684632,117.16333755785433,1,7.78000020980835,2026-08-13,SNPP,East Kalimantan,Berau,44
2.058249651684632,117.16671218728482,1,7.78000020980835,2026-08-13,SNPP,East Kalimantan,Berau,44
2.058249651684632,117.17008681671533,1,4.650000095367432,2026-08-13,SNPP,East Kalimantan,Berau,44
2.054877199463658,117.15634067343258,1,4.449999809265137,2026-08-13,SNPP,East Kalimantan,Berau,44
2.054877199463658,117.15971529573035,1,7.78000020980835,2026-08-13,SNPP,East Kalimantan,Berau,44
2.054877199463658,117.16308991802815,1,7.78000020980835,2026-08-13,SNPP,East Kalimantan,Berau,44
2.054877199463658,117.16646454032592,1,7.78000020980835,2026-08-13,SNPP,East Kalimantan,Berau,44
2.054877199463658,117.1698391626237,1,4.650000095367432,2026-08-13,SNPP,East Kalimantan,Berau,44
2.051504747242684,117.15946806998718,1,4.590000152587891,2026-08-13,SNPP,East Kalimantan,Berau,44
2.051504747242684,117.162842685164,1,4.590000152587891,2026-08-13,SNPP,East Kalimantan,Berau,44
2.051504747242684,117.16621730034076,1,4.650000095367432,2026-08-13,SNPP,East Kalimantan,Berau,44
2.051504747242684,117.16959191551757,1,4.650000095367432,2026-08-13,SNPP,East Kalimantan,Berau,44
2.0447598428007354,117.18597164709452,1,5.690000057220459,2026-08-13,SNPP,East Kalimantan,Berau,44
2.0447598428007354,117.18934624806451,1,5.690000057220459,2026-08-13,SNPP,East Kalimantan,Berau,44
2.0447598428007354,117.19272084903444,1,5.690000057220459,2026-08-13,SNPP,East Kalimantan,Berau,44
2.0413873905797613,117.18572558548999,1,5.690000057220459,2026-08-13,SNPP,East Kalimantan,Berau,44
2.0413873905797613,117.18910017937417,1,5.690000057220459,2026-08-13,SNPP,East Kalimantan,Berau,44
2.0413873905797613,117.19247477325828,1,5.690000057220459,2026-08-13,SNPP,East Kalimantan,Berau,44
2.0413873905797613,117.19584936714246,1,5.960000038146973,2026-08-13,SNPP,East Kalimantan,Berau,44
2.0380149383587876,117.18547993091248,1,5.690000057220459,2026-08-13,SNPP,East Kalimantan,Berau,44
2.0380149383587876,117.18885451772253,1,5.690000057220459,2026-08-13,SNPP,East Kalimantan,Berau,44
2.0380149383587876,117.19222910453254,1,5.690000057220459,2026-08-13,SNPP,East Kalimantan,Berau,44
2.0380149383587876,117.1956036913426,1,5.960000038146973,2026-08-13,SNPP,East Kalimantan,Berau,44
2.034642486137813,117.18860926310533,1,5.960000038146973,2026-08-13,SNPP,East Kalimantan,Berau,44
2.034642486137813,117.19198384285299,1,5.960000038146973,2026-08-13,SNPP,East Kalimantan,Berau,44
2.034642486137813,117.19535842260063,1,5.960000038146973,2026-08-13,SNPP,East Kalimantan,Berau,44
2.0110353205909934,117.28476526592735,1,7.829999923706055,2026-08-13,SNPP,East Kalimantan,Berau,45
2.0110353205909934,117.28813979656645,1,7.829999923706055,2026-08-13,SNPP,East Kalimantan,Berau,45
2.0110353205909934,117.29151432720558,1,7.829999923706055,2026-08-13,SNPP,East Kalimantan,Berau,45
2.0110353205909934,117.29488885784473,1,2.0899999141693115,2026-08-13,SNPP,East Kalimantan,Berau,45
2.0110353205909934,117.29826338848382,1,2.0899999141693115,2026-08-13,SNPP,East Kalimantan,Berau,45
2.0076628683700197,117.28452306534305,1,7.829999923706055,2026-08-13,SNPP,East Kalimantan,Berau,45
2.0076628683700197,117.28789758901353,1,7.829999923706055,2026-08-13,SNPP,East Kalimantan,Berau,45
2.0076628683700197,117.29127211268403,1,7.829999923706055,2026-08-13,SNPP,East Kalimantan,Berau,45
2.0076628683700197,117.29464663635454,1,2.0899999141693115,2026-08-13,SNPP,East Kalimantan,Berau,45
2.0076628683700197,117.29802116002502,1,2.0899999141693115,2026-08-13,SNPP,East Kalimantan,Berau,45
2.0042904161490456,117.27753223866783,1,3.9800000190734863,2026-08-13,SNPP,East Kalimantan,Berau,45
2.0042904161490456,117.28090675538141,1,3.9800000190734863,2026-08-13,SNPP,East Kalimantan,Berau,45
2.0042904161490456,117.28428127209501,1,7.829999923706055,2026-08-13,SNPP,East Kalimantan,Berau,45
2.0042904161490456,117.28765578880859,1,7.829999923706055,2026-08-13,SNPP,East Kalimantan,Berau,45
2.0042904161490456,117.29103030552221,1,7.829999923706055,2026-08-13,SNPP,East Kalimantan,Berau,45
2.0042904161490456,117.29440482223582,1,2.0899999141693115,2026-08-13,SNPP,East Kalimantan,Berau,45
2.0042904161490456,117.2977793389494,1,2.0899999141693115,2026-08-13,SNPP,East Kalimantan,Berau,45
2.0042904161490456,117.50699937519228,1,4.53000020980835,2026-08-13,SNPP,East Kalimantan,Berau,46
2.0042904161490456,117.5103738919059,1,4.53000020980835,2026-08-13,SNPP,East Kalimantan,Berau,46
2.0042904161490456,117.5137484086195,1,4.53000020980835,2026-08-13,SNPP,East Kalimantan,Berau,46
2.0009179639280714,117.27729086664225,1,3.9800000190734863,2026-08-13,SNPP,East Kalimantan,Berau,45
2.0009179639280714,117.28066537641065,1,3.9800000190734863,2026-08-13,SNPP,East Kalimantan,Berau,45
2.0009179639280714,117.28403988617907,1,7.829999923706055,2026-08-13,SNPP,East Kalimantan,Berau,45
2.0009179639280714,117.28741439594747,1,7.829999923706055,2026-08-13,SNPP,East Kalimantan,Berau,45
2.0009179639280714,117.29078890571589,1,7.829999923706055,2026-08-13,SNPP,East Kalimantan,Berau,45
2.0009179639280714,117.2941634154843,1,2.0899999141693115,2026-08-13,SNPP,East Kalimantan,Berau,45
2.0009179639280714,117.50675753089423,1,4.53000020980835,2026-08-13,SNPP,East Kalimantan,Berau,46
2.0009179639280714,117.51013204066268,1,4.53000020980835,2026-08-13,SNPP,East Kalimantan,Berau,46
2.0009179639280714,117.5135065504311,1,4.53000020980835,2026-08-13,SNPP,East Kalimantan,Berau,46
1.997545511707097,117.27704990192113,1,3.9800000190734863,2026-08-13,SNPP,East Kalimantan,Berau,45
1.997545511707097,117.28042440475608,1,3.9800000190734863,2026-08-13,SNPP,East Kalimantan,Berau,45
1.997545511707097,117.28379890759103,1,3.9800000190734863,2026-08-13,SNPP,East Kalimantan,Berau,45
1.997545511707097,117.28717341042598,1,3.740000009536743,2026-08-13,SNPP,East Kalimantan,Berau,45
1.9604485372763811,117.2238097607878,1,3.5799999237060547,2026-08-13,SNPP,East Kalimantan,Berau,47
1.9604485372763811,117.2271841881281,1,3.5799999237060547,2026-08-13,SNPP,East Kalimantan,Berau,47
1.9604485372763811,117.23055861546842,1,3.5799999237060547,2026-08-13,SNPP,East Kalimantan,Berau,47
1.9604485372763811,117.30142158961505,1,6.21999979019165,2026-08-13,SNPP,East Kalimantan,Berau,48
1.9604485372763811,117.30479601695538,1,6.21999979019165,2026-08-13,SNPP,East Kalimantan,Berau,48
1.9604485372763811,117.3081704442957,1,6.21999979019165,2026-08-13,SNPP,East Kalimantan,Berau,48
1.957076085055407,117.22357378528869,1,3.5799999237060547,2026-08-13,SNPP,East Kalimantan,Berau,47
1.957076085055407,117.22694820583614,1,3.5799999237060547,2026-08-13,SNPP,East Kalimantan,Berau,47
1.957076085055407,117.23032262638364,1,3.5799999237060547,2026-08-13,SNPP,East Kalimantan,Berau,47
1.957076085055407,117.3011854578807,1,6.21999979019165,2026-08-13,SNPP,East Kalimantan,Berau,48
1.957076085055407,117.30455987842818,1,6.21999979019165,2026-08-13,SNPP,East Kalimantan,Berau,48
1.957076085055407,117.30793429897568,1,6.21999979019165,2026-08-13,SNPP,East Kalimantan,Berau,48
1.953703632834433,117.22333821686445,1,3.5799999237060547,2026-08-13,SNPP,East Kalimantan,Berau,47
1.953703632834433,117.2267126306308,1,3.5799999237060547,2026-08-13,SNPP,East Kalimantan,Berau,47
1.953703632834433,117.23008704439718,1,3.5799999237060547,2026-08-13,SNPP,East Kalimantan,Berau,47
1.953703632834433,117.30094973349074,1,6.21999979019165,2026-08-13,SNPP,East Kalimantan,Berau,48
1.953703632834433,117.30432414725712,1,6.21999979019165,2026-08-13,SNPP,East Kalimantan,Berau,48
1.953703632834433,117.30769856102347,1,6.21999979019165,2026-08-13,SNPP,East Kalimantan,Berau,48
1.9503311806134584,117.27709356746239,1,0.7699999809265137,2026-08-13,SNPP,East Kalimantan,Berau,48
1.9503311806134584,117.28046797445938,1,0.7699999809265137,2026-08-13,SNPP,East Kalimantan,Berau,48
1.9503311806134584,117.28384238145632,1,0.7699999809265137,2026-08-13,SNPP,East Kalimantan,Berau,48
1.9469587283924845,117.27685870505279,1,0.7699999809265137,2026-08-13,SNPP,East Kalimantan,Berau,48
1.9469587283924845,117.2802331052921,1,0.7699999809265137,2026-08-13,SNPP,East Kalimantan,Berau,48
1.9469587283924845,117.28360750553135,1,0.7699999809265137,2026-08-13,SNPP,East Kalimantan,Berau,48
1.9469587283924845,117.28698190577066,1,0.8399999737739563,2026-08-13,SNPP,East Kalimantan,Berau,48
1.9469587283924845,117.29035630600994,1,1.6299999952316284,2026-08-13,SNPP,East Kalimantan,Berau,48
1.9469587283924845,117.29373070624919,1,1.2000000476837158,2026-08-13,SNPP,East Kalimantan,Berau,48
1.9469587283924845,117.29710510648849,1,1.2000000476837158,2026-08-13,SNPP,East Kalimantan,Berau,48
1.9469587283924845,117.30047950672774,1,1.2000000476837158,2026-08-13,SNPP,East Kalimantan,Berau,48
1.9435862761715104,117.27662424989335,1,0.7699999809265137,2026-08-13,SNPP,East Kalimantan,Berau,48
1.9435862761715104,117.27999864338668,1,0.7699999809265137,2026-08-13,SNPP,East Kalimantan,Berau,48
1.9435862761715104,117.28337303687996,1,0.7699999809265137,2026-08-13,SNPP,East Kalimantan,Berau,48
1.9435862761715104,117.2867474303733,1,0.8399999737739563,2026-08-13,SNPP,East Kalimantan,Berau,48
1.9435862761715104,117.29012182386661,1,1.6299999952316284,2026-08-13,SNPP,East Kalimantan,Berau,48
1.9435862761715104,117.29349621735992,1,1.6299999952316284,2026-08-13,SNPP,East Kalimantan,Berau,48
1.9435862761715104,117.29687061085323,1,1.6299999952316284,2026-08-13,SNPP,East Kalimantan,Berau,48
1.9435862761715104,117.30024500434652,1,1.2000000476837158,2026-08-13,SNPP,East Kalimantan,Berau,48
1.940213823950536,117.28988774901624,1,1.6299999952316284,2026-08-13,SNPP,East Kalimantan,Berau,48
1.940213823950536,117.2932621357753,1,1.6299999952316284,2026-08-13,SNPP,East Kalimantan,Berau,48
1.940213823950536,117.29663652253436,1,1.6299999952316284,2026-08-13,SNPP,East Kalimantan,Berau,48
1.940213823950536,117.3000109092934,1,1.2000000476837158,2026-08-13,SNPP,East Kalimantan,Berau,48
1.9368413717295618,117.28965408145473,1,1.6299999952316284,2026-08-13,SNPP,East Kalimantan,Berau,48
1.9368413717295618,117.29302846149125,1,1.6299999952316284,2026-08-13,SNPP,East Kalimantan,Berau,48
1.9368413717295618,117.29640284152781,1,1.6299999952316284,2026-08-13,SNPP,East Kalimantan,Berau,48
1.9368413717295618,117.29977722156433,1,1.6299999952316284,2026-08-13,SNPP,East Kalimantan,Berau,48
2.6045869114824485,115.87871136077064,1,29.649999618530273,2026-08-13,SNPP,North Kalimantan,Malinau,49
2.6045869114824485,115.88208730055692,1,29.649999618530273,2026-08-13,SNPP,North Kalimantan,Malinau,49
2.6045869114824485,115.88546324034319,1,29.649999618530273,2026-08-13,SNPP,North Kalimantan,Malinau,49
2.6045869114824485,115.88883918012948,1,29.649999618530273,2026-08-13,SNPP,North Kalimantan,Malinau,49
2.6045869114824485,115.89221511991576,1,29.649999618530273,2026-08-13,SNPP,North Kalimantan,Malinau,49
2.6012144592614743,115.87840129050184,1,29.649999618530273,2026-08-13,SNPP,North Kalimantan,Malinau,49
2.6012144592614743,115.88177722125475,1,29.649999618530273,2026-08-13,SNPP,North Kalimantan,Malinau,49
2.6012144592614743,115.88515315200763,1,29.649999618530273,2026-08-13,SNPP,North Kalimantan,Malinau,49
2.6012144592614743,115.8885290827605,1,29.649999618530273,2026-08-13,SNPP,North Kalimantan,Malinau,49
2.6012144592614743,115.89190501351338,1,29.649999618530273,2026-08-13,SNPP,North Kalimantan,Malinau,49
2.5978420070405006,115.86796385816267,1,7.349999904632568,2026-08-13,SNPP,North Kalimantan,Malinau,49
2.5978420070405006,115.87133977989392,1,7.349999904632568,2026-08-13,SNPP,North Kalimantan,Malinau,49
2.5978420070405006,115.87471570162514,1,7.349999904632568,2026-08-13,SNPP,North Kalimantan,Malinau,49
2.5978420070405006,115.87809162335635,1,29.649999618530273,2026-08-13,SNPP,North Kalimantan,Malinau,49
2.5978420070405006,115.8814675450876,1,29.649999618530273,2026-08-13,SNPP,North Kalimantan,Malinau,49
2.5978420070405006,115.88484346681882,1,29.649999618530273,2026-08-13,SNPP,North Kalimantan,Malinau,49
2.5978420070405006,115.88821938855007,1,29.649999618530273,2026-08-13,SNPP,North Kalimantan,Malinau,49
2.5978420070405006,115.89159531028129,1,29.649999618530273,2026-08-13,SNPP,North Kalimantan,Malinau,49
2.594469554819526,115.86765462116483,1,7.349999904632568,2026-08-13,SNPP,North Kalimantan,Malinau,49
2.594469554819526,115.87103053388617,1,7.349999904632568,2026-08-13,SNPP,North Kalimantan,Malinau,49
2.594469554819526,115.87440644660747,1,7.349999904632568,2026-08-13,SNPP,North Kalimantan,Malinau,49
2.594469554819526,115.87778235932882,1,29.649999618530273,2026-08-13,SNPP,North Kalimantan,Malinau,49
2.594469554819526,115.88115827205013,1,29.649999618530273,2026-08-13,SNPP,North Kalimantan,Malinau,49
2.594469554819526,115.88453418477143,1,29.649999618530273,2026-08-13,SNPP,North Kalimantan,Malinau,49
2.594469554819526,115.88791009749278,1,29.649999618530273,2026-08-13,SNPP,North Kalimantan,Malinau,49
2.591097102598552,115.8673457872443,1,7.349999904632568,2026-08-13,SNPP,North Kalimantan,Malinau,49
2.591097102598552,115.87072169096749,1,7.349999904632568,2026-08-13,SNPP,North Kalimantan,Malinau,49
2.591097102598552,115.87409759469061,1,7.349999904632568,2026-08-13,SNPP,North Kalimantan,Malinau,49
2.591097102598552,115.87747349841378,1,29.649999618530273,2026-08-13,SNPP,North Kalimantan,Malinau,49
2.591097102598552,115.88084940213696,1,29.649999618530273,2026-08-13,SNPP,North Kalimantan,Malinau,49
2.591097102598552,115.88422530586008,1,29.649999618530273,2026-08-13,SNPP,North Kalimantan,Malinau,49
2.591097102598552,115.88760120958325,1,29.649999618530273,2026-08-13,SNPP,North Kalimantan,Malinau,49
2.5877246503775777,115.8704132511325,1,4.699999809265137,2026-08-13,SNPP,North Kalimantan,Malinau,49
2.5877246503775777,115.87378914586921,1,4.699999809265137,2026-08-13,SNPP,North Kalimantan,Malinau,49
2.5877246503775777,115.87716504060597,1,4.699999809265137,2026-08-13,SNPP,North Kalimantan,Malinau,49
2.584352198156604,115.87010521437585,1,4.699999809265137,2026-08-13,SNPP,North Kalimantan,Malinau,49
2.584352198156604,115.8734811001379,1,4.699999809265137,2026-08-13,SNPP,North Kalimantan,Malinau,49
2.584352198156604,115.87685698589995,1,4.699999809265137,2026-08-13,SNPP,North Kalimantan,Malinau,49
2.6686635036809583,117.68077175963091,1,1.2200000286102295,2026-08-13,SNPP,North Kalimantan,Bulungan,50
2.6686635036809583,117.68414787328342,1,1.2200000286102295,2026-08-13,SNPP,North Kalimantan,Bulungan,50
2.6686635036809583,117.6875239869359,1,1.2200000286102295,2026-08-13,SNPP,North Kalimantan,Bulungan,50
2.6652910514599837,117.68044910449265,1,1.2200000286102295,2026-08-13,SNPP,North Kalimantan,Bulungan,50
2.6652910514599837,117.68382520888856,1,1.2200000286102295,2026-08-13,SNPP,North Kalimantan,Bulungan,50
2.6652910514599837,117.68720131328449,1,1.2200000286102295,2026-08-13,SNPP,North Kalimantan,Bulungan,50
2.6619185992390095,117.68012685883077,1,1.2200000286102295,2026-08-13,SNPP,North Kalimantan,Bulungan,50
2.6619185992390095,117.6835029539819,1,1.2200000286102295,2026-08-13,SNPP,North Kalimantan,Bulungan,50
2.6619185992390095,117.68687904913298,1,1.2200000286102295,2026-08-13,SNPP,North Kalimantan,Bulungan,50
2.6585461470180354,117.67980502263975,1,1.2200000286102295,2026-08-13,SNPP,North Kalimantan,Bulungan,50
2.6585461470180354,117.68318110855776,1,1.2200000286102295,2026-08-13,SNPP,North Kalimantan,Bulungan,50
2.6147042681453714,117.68578631233697,1,6.010000228881836,2026-08-13,SNPP,North Kalimantan,Bulungan,51
2.6147042681453714,117.68916227929392,1,6.010000228881836,2026-08-13,SNPP,North Kalimantan,Bulungan,51
2.6147042681453714,117.69253824625085,1,6.010000228881836,2026-08-13,SNPP,North Kalimantan,Bulungan,51
2.6113318159243972,117.68547018094766,1,6.010000228881836,2026-08-13,SNPP,North Kalimantan,Bulungan,51
2.6113318159243972,117.688846138836,1,6.010000228881836,2026-08-13,SNPP,North Kalimantan,Bulungan,51
2.6113318159243972,117.6922220967243,1,6.010000228881836,2026-08-13,SNPP,North Kalimantan,Bulungan,51
2.527020510400043,117.60343377476389,1,7.550000190734863,2026-08-13,SNPP,North Kalimantan,Bulungan,52
2.527020510400043,117.60680950975306,1,7.550000190734863,2026-08-13,SNPP,North Kalimantan,Bulungan,52
2.527020510400043,117.61018524474221,1,7.550000190734863,2026-08-13,SNPP,North Kalimantan,Bulungan,52
2.5236480581790683,117.60312847940095,1,7.550000190734863,2026-08-13,SNPP,North Kalimantan,Bulungan,52
2.5236480581790683,117.6065042056268,1,7.550000190734863,2026-08-13,SNPP,North Kalimantan,Bulungan,52
2.5236480581790683,117.60987993185265,1,7.550000190734863,2026-08-13,SNPP,North Kalimantan,Bulungan,52
2.520275605958094,117.60282359306241,1,7.550000190734863,2026-08-13,SNPP,North Kalimantan,Berau,52
2.520275605958094,117.60619931053668,1,7.550000190734863,2026-08-13,SNPP,East Kalimantan,Berau,52
2.520275605958094,117.60957502801095,1,7.550000190734863,2026-08-13,SNPP,East Kalimantan,Berau,52
2.338163186025489,117.90761690833004,1,7.170000076293945,2026-08-13,SNPP,East Kalimantan,Berau,53
2.338163186025489,117.91099217065009,1,7.170000076293945,2026-08-13,SNPP,East Kalimantan,Berau,53
2.338163186025489,117.9143674329702,1,7.170000076293945,2026-08-13,SNPP,East Kalimantan,Berau,53
2.338163186025489,117.91774269529027,1,7.170000076293945,2026-08-13,SNPP,East Kalimantan,Berau,53
2.334790733804515,117.90733374030414,1,7.170000076293945,2026-08-13,SNPP,East Kalimantan,Berau,53
2.334790733804515,117.91070899451812,1,7.170000076293945,2026-08-13,SNPP,East Kalimantan,Berau,53
2.334790733804515,117.91408424873217,1,7.170000076293945,2026-08-13,SNPP,East Kalimantan,Berau,53
2.334790733804515,117.91745950294617,1,7.170000076293945,2026-08-13,SNPP,East Kalimantan,Berau,53
2.334790733804515,117.94108628244423,1,5.690000057220459,2026-08-13,SNPP,East Kalimantan,Berau,54
2.334790733804515,117.94446153665825,1,5.690000057220459,2026-08-13,SNPP,East Kalimantan,Berau,54
2.3314182815835403,117.90705098213176,1,7.170000076293945,2026-08-13,SNPP,East Kalimantan,Berau,53
2.3314182815835403,117.91042622825144,1,7.170000076293945,2026-08-13,SNPP,East Kalimantan,Berau,53
2.3314182815835403,117.91380147437111,1,7.170000076293945,2026-08-13,SNPP,East Kalimantan,Berau,53
2.3314182815835403,117.91717672049082,1,7.170000076293945,2026-08-13,SNPP,East Kalimantan,Berau,53
2.3314182815835403,117.9408034433286,1,5.690000057220459,2026-08-13,SNPP,East Kalimantan,Berau,54
2.3314182815835403,117.94417868944825,1,5.690000057220459,2026-08-13,SNPP,East Kalimantan,Berau,54
2.328045829362566,117.9405210141789,1,5.690000057220459,2026-08-13,SNPP,East Kalimantan,Berau,54
2.328045829362566,117.94389625221598,1,5.690000057220459,2026-08-13,SNPP,East Kalimantan,Berau,54
2.2943213071528246,117.86684095475127,1,2.259999990463257,2026-08-13,SNPP,East Kalimantan,Berau,55
2.2943213071528246,117.87021611260765,1,2.259999990463257,2026-08-13,SNPP,East Kalimantan,Berau,55
2.2943213071528246,117.873591270464,1,2.259999990463257,2026-08-13,SNPP,East Kalimantan,Berau,55
2.2909488549318504,117.86318805202694,1,5.03000020980835,2026-08-13,SNPP,East Kalimantan,Berau,55
2.2909488549318504,117.86656320192975,1,5.03000020980835,2026-08-13,SNPP,East Kalimantan,Berau,55
2.2909488549318504,117.86993835183259,1,5.03000020980835,2026-08-13,SNPP,East Kalimantan,Berau,55
2.2909488549318504,117.8733135017354,1,2.4800000190734863,2026-08-13,SNPP,East Kalimantan,Berau,55
2.2909488549318504,117.87668865163826,1,2.4800000190734863,2026-08-13,SNPP,East Kalimantan,Berau,55
2.2875764027108763,117.86291071680849,1,20.579999923706055,2026-08-13,SNPP,East Kalimantan,Berau,55
2.2875764027108763,117.8662858587695,1,28.520000457763672,2026-08-13,SNPP,East Kalimantan,Berau,55
2.2875764027108763,117.86966100073052,1,28.520000457763672,2026-08-13,SNPP,East Kalimantan,Berau,55
2.2875764027108763,117.8730361426915,1,28.520000457763672,2026-08-13,SNPP,East Kalimantan,Berau,55
2.2875764027108763,117.87641128465252,1,23.010000228881836,2026-08-13,SNPP,East Kalimantan,Berau,55
2.2875764027108763,117.87978642661356,1,23.010000228881836,2026-08-13,SNPP,East Kalimantan,Berau,55
2.284203950489902,117.86263379123479,1,20.579999923706055,2026-08-13,SNPP,East Kalimantan,Berau,55
2.284203950489902,117.86600892526569,1,28.520000457763672,2026-08-13,SNPP,East Kalimantan,Berau,55
2.284203950489902,117.8693840592966,1,28.520000457763672,2026-08-13,SNPP,East Kalimantan,Berau,55
2.284203950489902,117.87275919332754,1,28.520000457763672,2026-08-13,SNPP,East Kalimantan,Berau,55
2.284203950489902,117.87613432735847,1,23.010000228881836,2026-08-13,SNPP,East Kalimantan,Berau,55
2.284203950489902,117.87950946138939,1,23.010000228881836,2026-08-13,SNPP,East Kalimantan,Berau,55
2.284203950489902,117.88288459542032,1,1.3899999856948853,2026-08-13,SNPP,East Kalimantan,Berau,55
2.280831498268928,117.86235727530098,1,20.579999923706055,2026-08-13,SNPP,East Kalimantan,Berau,55
2.280831498268928,117.86573240141352,1,28.520000457763672,2026-08-13,SNPP,East Kalimantan,Berau,55
2.280831498268928,117.86910752752611,1,28.520000457763672,2026-08-13,SNPP,East Kalimantan,Berau,55
2.280831498268928,117.87248265363866,1,28.520000457763672,2026-08-13,SNPP,East Kalimantan,Berau,55
2.280831498268928,117.87585777975124,1,23.010000228881836,2026-08-13,SNPP,East Kalimantan,Berau,55
2.280831498268928,117.87923290586382,1,23.010000228881836,2026-08-13,SNPP,East Kalimantan,Berau,55
2.280831498268928,117.88260803197639,1,1.3899999856948853,2026-08-13,SNPP,East Kalimantan,Berau,55
2.277459046047954,117.65957407664564,1,3.369999885559082,2026-08-13,SNPP,East Kalimantan,Berau,56
2.277459046047954,117.66294919485156,1,3.369999885559082,2026-08-13,SNPP,East Kalimantan,Berau,56
2.277459046047954,117.66632431305752,1,3.369999885559082,2026-08-13,SNPP,East Kalimantan,Berau,56
2.277459046047954,117.83170510514879,1,11.899999618530273,2026-08-13,SNPP,East Kalimantan,Berau,57
2.277459046047954,117.83508022335472,1,11.899999618530273,2026-08-13,SNPP,East Kalimantan,Berau,57
2.277459046047954,117.83845534156066,1,11.899999618530273,2026-08-13,SNPP,East Kalimantan,Berau,57
2.277459046047954,117.8620811690023,1,3.0,2026-08-13,SNPP,East Kalimantan,Berau,55
2.277459046047954,117.8654562872082,1,3.180000066757202,2026-08-13,SNPP,East Kalimantan,Berau,55
2.277459046047954,117.86883140541417,1,3.180000066757202,2026-08-13,SNPP,East Kalimantan,Berau,55
2.277459046047954,117.87220652362011,1,3.180000066757202,2026-08-13,SNPP,East Kalimantan,Berau,55
2.277459046047954,117.87558164182605,1,28.520000457763672,2026-08-13,SNPP,East Kalimantan,Berau,55
2.277459046047954,117.878956760032,1,4.880000114440918,2026-08-13,SNPP,East Kalimantan,Berau,55
2.277459046047954,117.88233187823793,1,4.880000114440918,2026-08-13,SNPP,East Kalimantan,Berau,55
2.277459046047954,117.88570699644387,1,4.880000114440918,2026-08-13,SNPP,East Kalimantan,Berau,55
2.277459046047954,117.88908211464981,1,4.880000114440918,2026-08-13,SNPP,East Kalimantan,Berau,55
2.277459046047954,117.9937107790341,1,6.019999980926514,2026-08-13,SNPP,East Kalimantan,Berau,58
2.277459046047954,117.99708589724004,1,5.639999866485596,2026-08-13,SNPP,East Kalimantan,Berau,58
2.277459046047954,118.00046101544598,1,5.639999866485596,2026-08-13,SNPP,East Kalimantan,Berau,58
2.274086593826979,117.659298853671,1,3.369999885559082,2026-08-13,SNPP,East Kalimantan,Berau,56
2.274086593826979,117.66267396398204,1,3.369999885559082,2026-08-13,SNPP,East Kalimantan,Berau,56
2.274086593826979,117.66604907429311,1,3.369999885559082,2026-08-13,SNPP,East Kalimantan,Berau,56
2.274086593826979,117.83142947953446,1,11.899999618530273,2026-08-13,SNPP,East Kalimantan,Berau,57
2.274086593826979,117.83480458984553,1,11.899999618530273,2026-08-13,SNPP,East Kalimantan,Berau,57
2.274086593826979,117.83817970015657,1,11.899999618530273,2026-08-13,SNPP,East Kalimantan,Berau,57
2.274086593826979,117.8618054723339,1,3.0,2026-08-13,SNPP,East Kalimantan,Berau,55
2.274086593826979,117.86518058264494,1,3.180000066757202,2026-08-13,SNPP,East Kalimantan,Berau,55
2.274086593826979,117.86855569295601,1,3.180000066757202,2026-08-13,SNPP,East Kalimantan,Berau,55
2.274086593826979,117.87193080326705,1,3.180000066757202,2026-08-13,SNPP,East Kalimantan,Berau,55
2.274086593826979,117.8753059135781,1,3.180000066757202,2026-08-13,SNPP,East Kalimantan,Berau,55
2.274086593826979,117.87868102388917,1,4.880000114440918,2026-08-13,SNPP,East Kalimantan,Berau,55
2.274086593826979,117.88205613420018,1,4.880000114440918,2026-08-13,SNPP,East Kalimantan,Berau,55
2.274086593826979,117.88543124451124,1,4.880000114440918,2026-08-13,SNPP,East Kalimantan,Berau,55
2.274086593826979,117.88880635482228,1,4.880000114440918,2026-08-13,SNPP,East Kalimantan,Berau,55
2.274086593826979,117.91243212699965,1,1.190000057220459,2026-08-13,SNPP,East Kalimantan,Berau,55
2.274086593826979,117.91580723731067,1,1.190000057220459,2026-08-13,SNPP,East Kalimantan,Berau,55
2.274086593826979,117.91918234762174,1,1.190000057220459,2026-08-13,SNPP,East Kalimantan,Berau,55
2.274086593826979,117.94280811979905,1,14.270000457763672,2026-08-13,SNPP,East Kalimantan,Berau,55
2.274086593826979,117.94618323011012,1,14.270000457763672,2026-08-13,SNPP,East Kalimantan,Berau,55
2.274086593826979,117.99343477446479,1,6.019999980926514,2026-08-13,SNPP,East Kalimantan,Berau,58
2.274086593826979,117.99680988477586,1,5.639999866485596,2026-08-13,SNPP,East Kalimantan,Berau,58
2.274086593826979,118.00018499508688,1,5.639999866485596,2026-08-13,SNPP,East Kalimantan,Berau,58
2.270714141606005,117.65902403961813,1,3.369999885559082,2026-08-13,SNPP,East Kalimantan,Berau,56
2.270714141606005,117.662399142046,1,3.369999885559082,2026-08-13,SNPP,East Kalimantan,Berau,56
2.270714141606005,117.66577424447388,1,3.369999885559082,2026-08-13,SNPP,East Kalimantan,Berau,56
2.270714141606005,117.83115426344014,1,11.899999618530273,2026-08-13,SNPP,East Kalimantan,Berau,57
2.270714141606005,117.83452936586802,1,11.899999618530273,2026-08-13,SNPP,East Kalimantan,Berau,57
2.270714141606005,117.83790446829589,1,11.899999618530273,2026-08-13,SNPP,East Kalimantan,Berau,57
2.270714141606005,117.86153018529109,1,3.0,2026-08-13,SNPP,East Kalimantan,Berau,55
2.270714141606005,117.86490528771895,1,3.0,2026-08-13,SNPP,East Kalimantan,Berau,55
2.270714141606005,117.86828039014685,1,3.0,2026-08-13,SNPP,East Kalimantan,Berau,55
2.270714141606005,117.87165549257472,1,3.180000066757202,2026-08-13,SNPP,East Kalimantan,Berau,55
2.270714141606005,117.87840569743051,1,4.880000114440918,2026-08-13,SNPP,East Kalimantan,Berau,55
2.270714141606005,117.88178079985838,1,4.880000114440918,2026-08-13,SNPP,East Kalimantan,Berau,55
2.270714141606005,117.88515590228626,1,4.880000114440918,2026-08-13,SNPP,East Kalimantan,Berau,55
2.270714141606005,117.88853100471412,1,4.880000114440918,2026-08-13,SNPP,East Kalimantan,Berau,55
2.270714141606005,117.91215672170932,1,1.190000057220459,2026-08-13,SNPP,East Kalimantan,Berau,55
2.270714141606005,117.91553182413719,1,1.190000057220459,2026-08-13,SNPP,East Kalimantan,Berau,55
2.270714141606005,117.91890692656509,1,1.190000057220459,2026-08-13,SNPP,East Kalimantan,Berau,55
2.270714141606005,117.94253264356026,1,14.270000457763672,2026-08-13,SNPP,East Kalimantan,Berau,55
2.270714141606005,117.94590774598815,1,14.270000457763672,2026-08-13,SNPP,East Kalimantan,Berau,55
2.270714141606005,117.99315917997849,1,6.019999980926514,2026-08-13,SNPP,East Kalimantan,Berau,58
2.270714141606005,117.99653428240639,1,5.639999866485596,2026-08-13,SNPP,East Kalimantan,Berau,58
2.270714141606005,117.99990938483425,1,5.639999866485596,2026-08-13,SNPP,East Kalimantan,Berau,58
2.2673416893850313,117.91188172621573,1,1.190000057220459,2026-08-13,SNPP,East Kalimantan,Berau,55
2.2673416893850313,117.91525682077217,1,1.190000057220459,2026-08-13,SNPP,East Kalimantan,Berau,55
2.2673416893850313,117.91863191532863,1,1.190000057220459,2026-08-13,SNPP,East Kalimantan,Berau,55
2.2673416893850313,117.92875719899796,1,2.109999895095825,2026-08-13,SNPP,East Kalimantan,Berau,55
2.2673416893850313,117.9321322935544,1,2.109999895095825,2026-08-13,SNPP,East Kalimantan,Berau,55
2.2673416893850313,117.93550738811086,1,2.109999895095825,2026-08-13,SNPP,East Kalimantan,Berau,55
2.2673416893850313,117.93888248266728,1,2.109999895095825,2026-08-13,SNPP,East Kalimantan,Berau,55
2.2673416893850313,117.94225757722374,1,14.270000457763672,2026-08-13,SNPP,East Kalimantan,Berau,55
2.2673416893850313,117.94563267178019,1,14.270000457763672,2026-08-13,SNPP,East Kalimantan,Berau,55
2.263969237164057,117.90485696712057,1,4.059999942779541,2026-08-13,SNPP,East Kalimantan,Berau,55
2.263969237164057,117.90823205381733,1,4.059999942779541,2026-08-13,SNPP,East Kalimantan,Berau,55
2.263969237164057,117.91160714051406,1,4.059999942779541,2026-08-13,SNPP,East Kalimantan,Berau,55
2.263969237164057,117.92848257399778,1,2.109999895095825,2026-08-13,SNPP,East Kalimantan,Berau,55
2.263969237164057,117.93185766069449,1,2.109999895095825,2026-08-13,SNPP,East Kalimantan,Berau,55
2.263969237164057,117.93523274739124,1,2.109999895095825,2026-08-13,SNPP,East Kalimantan,Berau,55
2.263969237164057,117.93860783408797,1,2.109999895095825,2026-08-13,SNPP,East Kalimantan,Berau,55
2.263969237164057,117.99935939462934,1,7.059999942779541,2026-08-13,SNPP,East Kalimantan,Berau,58
2.263969237164057,118.00273448132607,1,7.059999942779541,2026-08-13,SNPP,East Kalimantan,Berau,58
2.263969237164057,118.0061095680228,1,7.059999942779541,2026-08-13,SNPP,East Kalimantan,Berau,58
2.263969237164057,118.00948465471956,1,5.25,2026-08-13,SNPP,East Kalimantan,Berau,58
2.2605967849430826,117.90458280690201,1,4.059999942779541,2026-08-13,SNPP,East Kalimantan,Berau,55
2.2605967849430826,117.90795788575078,1,4.059999942779541,2026-08-13,SNPP,East Kalimantan,Berau,55
2.2605967849430826,117.91133296459955,1,4.059999942779541,2026-08-13,SNPP,East Kalimantan,Berau,55
2.2605967849430826,117.92820835884339,1,2.109999895095825,2026-08-13,SNPP,East Kalimantan,Berau,55
2.2605967849430826,117.93158343769213,1,2.109999895095825,2026-08-13,SNPP,East Kalimantan,Berau,55
2.2605967849430826,117.93495851654092,1,2.109999895095825,2026-08-13,SNPP,East Kalimantan,Berau,55
2.2605967849430826,117.93833359538965,1,2.109999895095825,2026-08-13,SNPP,East Kalimantan,Berau,55
2.2605967849430826,117.99908501466743,1,7.059999942779541,2026-08-13,SNPP,East Kalimantan,Berau,58
2.2605967849430826,118.00246009351622,1,7.059999942779541,2026-08-13,SNPP,East Kalimantan,Berau,58
2.2605967849430826,118.00583517236495,1,7.059999942779541,2026-08-13,SNPP,East Kalimantan,Berau,58
2.2605967849430826,118.00921025121374,1,5.25,2026-08-13,SNPP,East Kalimantan,Berau,58
2.2572243327221084,117.90430905644244,1,4.059999942779541,2026-08-13,SNPP,East Kalimantan,Berau,55
2.2572243327221084,117.90768412745494,1,4.059999942779541,2026-08-13,SNPP,East Kalimantan,Berau,55
2.2572243327221084,117.91105919846748,1,4.059999942779541,2026-08-13,SNPP,East Kalimantan,Berau,55
2.2572243327221084,117.99881104479294,1,7.059999942779541,2026-08-13,SNPP,East Kalimantan,Berau,58
2.2572243327221084,118.00218611580547,1,7.059999942779541,2026-08-13,SNPP,East Kalimantan,Berau,58
2.2572243327221084,118.00556118681799,1,7.059999942779541,2026-08-13,SNPP,East Kalimantan,Berau,58
2.2572243327221084,118.0089362578305,1,5.25,2026-08-13,SNPP,East Kalimantan,Berau,58
2.2538518805011347,117.96478685312105,1,1.909999966621399,2026-08-13,SNPP,East Kalimantan,Berau,55
2.2538518805011347,117.96816191630907,1,1.909999966621399,2026-08-13,SNPP,East Kalimantan,Berau,55
2.2538518805011347,117.97153697949706,1,1.909999966621399,2026-08-13,SNPP,East Kalimantan,Berau,55
2.2504794282801606,117.96451378153495,1,1.909999966621399,2026-08-13,SNPP,East Kalimantan,Berau,55
2.2504794282801606,117.96788883691018,1,1.909999966621399,2026-08-13,SNPP,East Kalimantan,Berau,55
2.2504794282801606,117.97126389228538,1,1.909999966621399,2026-08-13,SNPP,East Kalimantan,Berau,55
2.247106976059186,117.96424111990468,1,1.909999966621399,2026-08-13,SNPP,East Kalimantan,Berau,55
2.247106976059186,117.96761616747885,1,1.909999966621399,2026-08-13,SNPP,East Kalimantan,Berau,55
2.247106976059186,117.97099121505302,1,1.909999966621399,2026-08-13,SNPP,East Kalimantan,Berau,55
2.2403620716172377,117.8523209702544,1,2.7300000190734863,2026-08-13,SNPP,East Kalimantan,Berau,55
2.2403620716172377,117.85569600226165,1,2.7300000190734863,2026-08-13,SNPP,East Kalimantan,Berau,55
2.2403620716172377,117.8590710342689,1,2.7300000190734863,2026-08-13,SNPP,East Kalimantan,Berau,55
2.2403620716172377,117.99407231455784,1,2.5999999046325684,2026-08-13,SNPP,East Kalimantan,Berau,58
2.2403620716172377,117.99744734656504,1,2.5999999046325684,2026-08-13,SNPP,East Kalimantan,Berau,58
2.2369896193962635,117.85204979473708,1,2.7300000190734863,2026-08-13,SNPP,East Kalimantan,Berau,55
2.2369896193962635,117.85542481897845,1,2.7300000190734863,2026-08-13,SNPP,East Kalimantan,Berau,55
2.2369896193962635,117.85879984321981,1,2.7300000190734863,2026-08-13,SNPP,East Kalimantan,Berau,55
2.2369896193962635,117.9938008128739,1,2.5999999046325684,2026-08-13,SNPP,East Kalimantan,Berau,58
2.2369896193962635,117.99717583711524,1,2.5999999046325684,2026-08-13,SNPP,East Kalimantan,Berau,58
2.230244714954315,117.87513373356111,1,4.949999809265137,2026-08-13,SNPP,East Kalimantan,Berau,55
2.230244714954315,117.8785087423059,1,4.949999809265137,2026-08-13,SNPP,East Kalimantan,Berau,55
2.226872262733341,117.87486373256468,1,4.949999809265137,2026-08-13,SNPP,East Kalimantan,Berau,55
2.226872262733341,117.87823873357878,1,4.949999809265137,2026-08-13,SNPP,East Kalimantan,Berau,55
2.2167549060704186,117.87743116515668,1,11.520000457763672,2026-08-13,SNPP,East Kalimantan,Berau,55
2.2167549060704186,117.88080614304909,1,11.520000457763672,2026-08-13,SNPP,East Kalimantan,Berau,55
2.2167549060704186,117.88418112094149,1,11.520000457763672,2026-08-13,SNPP,East Kalimantan,Berau,55
2.213382453849444,117.87716279492017,1,11.520000457763672,2026-08-13,SNPP,East Kalimantan,Berau,55
2.213382453849444,117.88053776512882,1,11.520000457763672,2026-08-13,SNPP,East Kalimantan,Berau,55
2.213382453849444,117.88391273533745,1,11.520000457763672,2026-08-13,SNPP,East Kalimantan,Berau,55
2.2100100016284703,117.87689483429466,1,11.520000457763672,2026-08-13,SNPP,East Kalimantan,Berau,55
2.2100100016284703,117.88026979683127,1,11.520000457763672,2026-08-13,SNPP,East Kalimantan,Berau,55
2.2100100016284703,117.88364475936784,1,11.520000457763672,2026-08-13,SNPP,East Kalimantan,Berau,55
2.206637549407496,117.70787953946179,1,4.130000114440918,2026-08-13,SNPP,East Kalimantan,Berau,59
2.206637549407496,117.71125449433806,1,4.130000114440918,2026-08-13,SNPP,East Kalimantan,Berau,59
2.206637549407496,117.71462944921433,1,4.130000114440918,2026-08-13,SNPP,East Kalimantan,Berau,59
2.206637549407496,117.87662728327551,1,11.520000457763672,2026-08-13,SNPP,East Kalimantan,Berau,55
2.206637549407496,117.88000223815179,1,11.520000457763672,2026-08-13,SNPP,East Kalimantan,Berau,55
2.206637549407496,117.88337719302802,1,11.520000457763672,2026-08-13,SNPP,East Kalimantan,Berau,55
2.203265097186522,117.70761278047392,1,4.130000114440918,2026-08-13,SNPP,East Kalimantan,Berau,59
2.203265097186522,117.71098772770162,1,4.130000114440918,2026-08-13,SNPP,East Kalimantan,Berau,59
2.203265097186522,117.71436267492928,1,4.130000114440918,2026-08-13,SNPP,East Kalimantan,Berau,59
2.203265097186522,117.87636014185806,1,11.520000457763672,2026-08-13,SNPP,East Kalimantan,Berau,55
2.203265097186522,117.87973508908576,1,11.520000457763672,2026-08-13,SNPP,East Kalimantan,Berau,55
2.203265097186522,117.88311003631341,1,11.520000457763672,2026-08-13,SNPP,East Kalimantan,Berau,55
2.1998926449655474,117.70734643049677,1,4.130000114440918,2026-08-13,SNPP,East Kalimantan,Berau,59
2.1998926449655474,117.7107213700876,1,4.130000114440918,2026-08-13,SNPP,East Kalimantan,Berau,59
2.1998926449655474,117.71409630967841,1,4.130000114440918,2026-08-13,SNPP,East Kalimantan,Berau,59
2.172913027197754,117.63435789723235,1,5.010000228881836,2026-08-13,SNPP,East Kalimantan,Berau,60
2.172913027197754,117.6377327761504,1,5.010000228881836,2026-08-13,SNPP,East Kalimantan,Berau,60
2.16954057497678,117.63409538630222,1,5.010000228881836,2026-08-13,SNPP,East Kalimantan,Berau,60
2.16954057497678,117.63747025768896,1,5.010000228881836,2026-08-13,SNPP,East Kalimantan,Berau,60
2.166168122755806,117.63383328409066,1,5.010000228881836,2026-08-13,SNPP,East Kalimantan,Berau,60
2.166168122755806,117.6372081479578,1,5.010000228881836,2026-08-13,SNPP,East Kalimantan,Berau,60
2.1189537916621672,117.5458377704456,1,1.1200000047683716,2026-08-13,SNPP,East Kalimantan,Berau,43
2.115581339441193,117.54558198206374,1,1.1200000047683716,2026-08-13,SNPP,East Kalimantan,Berau,43
2.6113318159243972,115.79830972138008,1,8.300000190734863,2026-08-13,SNPP,North Kalimantan,Malinau,61
2.6113318159243972,115.80168567926839,1,10.75,2026-08-13,SNPP,North Kalimantan,Malinau,61
2.6113318159243972,115.80506163715671,1,10.75,2026-08-13,SNPP,North Kalimantan,Malinau,61
2.6113318159243972,115.80843759504504,1,10.75,2026-08-13,SNPP,North Kalimantan,Malinau,61
2.6113318159243972,115.81181355293334,1,10.75,2026-08-13,SNPP,North Kalimantan,Malinau,61
2.6113318159243972,115.81518951082167,1,10.75,2026-08-13,SNPP,North Kalimantan,Malinau,61
2.607959363703423,115.79799906221386,1,8.300000190734863,2026-08-13,SNPP,North Kalimantan,Malinau,61
2.607959363703423,115.80137501104527,1,10.75,2026-08-13,SNPP,North Kalimantan,Malinau,61
2.607959363703423,115.8047509598767,1,10.75,2026-08-13,SNPP,North Kalimantan,Malinau,61
2.607959363703423,115.80812690870815,1,10.75,2026-08-13,SNPP,North Kalimantan,Malinau,61
2.607959363703423,115.81150285753955,1,10.75,2026-08-13,SNPP,North Kalimantan,Malinau,61
2.607959363703423,115.81487880637098,1,10.75,2026-08-13,SNPP,North Kalimantan,Malinau,61
2.6045869114824485,115.79768880589982,1,8.300000190734863,2026-08-13,SNPP,North Kalimantan,Malinau,61
2.6045869114824485,115.80106474568609,1,10.75,2026-08-13,SNPP,North Kalimantan,Malinau,61
2.6045869114824485,115.80444068547237,1,10.75,2026-08-13,SNPP,North Kalimantan,Malinau,61
2.6045869114824485,115.8078166252587,1,10.75,2026-08-13,SNPP,North Kalimantan,Malinau,61
2.6045869114824485,115.81119256504496,1,10.75,2026-08-13,SNPP,North Kalimantan,Malinau,61
2.6045869114824485,115.81456850483124,1,10.75,2026-08-13,SNPP,North Kalimantan,Malinau,61
2.591097102598552,115.7761963867191,1,12.210000038146973,2026-08-13,SNPP,North Kalimantan,Malinau,61
2.591097102598552,115.77957229044226,1,12.210000038146973,2026-08-13,SNPP,North Kalimantan,Malinau,61
2.591097102598552,115.78294819416541,1,12.210000038146973,2026-08-13,SNPP,North Kalimantan,Malinau,61
2.5877246503775777,115.77588819850394,1,12.210000038146973,2026-08-13,SNPP,North Kalimantan,Malinau,61
2.5877246503775777,115.77926409324067,1,10.899999618530273,2026-08-13,SNPP,North Kalimantan,Malinau,61
2.5877246503775777,115.7826399879774,1,10.899999618530273,2026-08-13,SNPP,North Kalimantan,Malinau,61
2.5877246503775777,115.78601588271414,1,10.899999618530273,2026-08-13,SNPP,North Kalimantan,Malinau,61
2.584352198156604,115.77558041303828,1,12.210000038146973,2026-08-13,SNPP,North Kalimantan,Malinau,61
2.584352198156604,115.77895629880034,1,10.899999618530273,2026-08-13,SNPP,North Kalimantan,Malinau,61
2.584352198156604,115.78233218456238,1,10.899999618530273,2026-08-13,SNPP,North Kalimantan,Malinau,61
2.584352198156604,115.78570807032446,1,10.899999618530273,2026-08-13,SNPP,North Kalimantan,Malinau,61
2.5809797459356294,115.77864890711592,1,10.899999618530273,2026-08-13,SNPP,North Kalimantan,Malinau,61
2.5809797459356294,115.78202478391502,1,10.899999618530273,2026-08-13,SNPP,North Kalimantan,Malinau,61
2.5809797459356294,115.78540066071416,1,10.899999618530273,2026-08-13,SNPP,North Kalimantan,Malinau,61
1.9098617539617686,115.02362620185966,1,2.0199999809265137,2026-08-13,SNPP,North Kalimantan,Malinau,62
1.9098617539617686,115.02700052853777,1,2.0199999809265137,2026-08-13,SNPP,North Kalimantan,Malinau,62
1.9064893017407945,115.02340063977506,1,2.0199999809265137,2026-08-13,SNPP,North Kalimantan,Malinau,62
1.9064893017407945,115.0267749598361,1,2.0199999809265137,2026-08-13,SNPP,North Kalimantan,Malinau,62
1.90311684951982,115.02317547707743,1,2.0199999809265137,2026-08-13,SNPP,North Kalimantan,Malinau,62
1.90311684951982,115.02654979053311,1,2.0199999809265137,2026-08-13,SNPP,North Kalimantan,Malinau,62
1.0701211509391988,112.28472449404093,1,5.96999979019165,2026-08-13,SNPP,West Kalimantan,Kapuas Hulu,63
1.0701211509391988,112.28809753456288,1,5.96999979019165,2026-08-13,SNPP,West Kalimantan,Kapuas Hulu,63
1.0701211509391988,112.29147057508483,1,5.96999979019165,2026-08-13,SNPP,West Kalimantan,Kapuas Hulu,63
1.0667486987182246,112.2846012348252,1,5.96999979019165,2026-08-13,SNPP,West Kalimantan,Kapuas Hulu,63
1.0667486987182246,112.28797427164443,1,5.96999979019165,2026-08-13,SNPP,West Kalimantan,Kapuas Hulu,63
1.0667486987182246,112.29134730846366,1,5.96999979019165,2026-08-13,SNPP,West Kalimantan,Kapuas Hulu,63
1.0633762464972505,112.2844783648944,1,5.96999979019165,2026-08-13,SNPP,West Kalimantan,Kapuas Hulu,63
1.0633762464972505,112.28785139802261,1,5.96999979019165,2026-08-13,SNPP,West Kalimantan,Kapuas Hulu,63
1.0633762464972505,112.29122443115084,1,5.96999979019165,2026-08-13,SNPP,West Kalimantan,Kapuas Hulu,63
1.0600037942762763,112.28435588424641,1,5.96999979019165,2026-08-13,SNPP,West Kalimantan,Kapuas Hulu,63
1.0600037942762763,112.28772891369529,1,5.96999979019165,2026-08-13,SNPP,West Kalimantan,Kapuas Hulu,63
1.0600037942762763,112.29110194314418,1,5.96999979019165,2026-08-13,SNPP,West Kalimantan,Kapuas Hulu,63
1.0498864376133537,112.03438741037878,1,4.190000057220459,2026-08-13,SNPP,West Kalimantan,Kapuas Hulu,64
1.0498864376133537,112.03776042885985,1,4.190000057220459,2026-08-13,SNPP,West Kalimantan,Kapuas Hulu,64
1.0498864376133537,112.04113344734095,1,4.190000057220459,2026-08-13,SNPP,West Kalimantan,Kapuas Hulu,64
1.0465139853923797,112.03426675564965,1,4.190000057220459,2026-08-13,SNPP,West Kalimantan,Kapuas Hulu,64
1.0465139853923797,112.03763977049817,1,4.190000057220459,2026-08-13,SNPP,West Kalimantan,Kapuas Hulu,64
1.0465139853923797,112.04101278534671,1,4.190000057220459,2026-08-13,SNPP,West Kalimantan,Kapuas Hulu,64
1.0431415331714053,112.03414648932744,1,4.190000057220459,2026-08-13,SNPP,West Kalimantan,Kapuas Hulu,64
1.0431415331714053,112.0375195005551,1,4.190000057220459,2026-08-13,SNPP,West Kalimantan,Kapuas Hulu,64
1.0431415331714053,112.04089251178279,1,4.190000057220459,2026-08-13,SNPP,West Kalimantan,Kapuas Hulu,64
1.0060445587406894,112.90982195824999,1,9.300000190734863,2026-08-13,SNPP,West Kalimantan,Kapuas Hulu,65
1.0060445587406894,112.91319493042,1,9.300000190734863,2026-08-13,SNPP,West Kalimantan,Kapuas Hulu,65
1.0060445587406894,112.91656790259002,1,9.300000190734863,2026-08-13,SNPP,West Kalimantan,Kapuas Hulu,65
1.0026721065197153,112.90970544771065,1,9.300000190734863,2026-08-13,SNPP,West Kalimantan,Kapuas Hulu,65
1.0026721065197153,112.91307841640013,1,9.300000190734863,2026-08-13,SNPP,West Kalimantan,Kapuas Hulu,65
1.0026721065197153,112.9164513850896,1,9.300000190734863,2026-08-13,SNPP,West Kalimantan,Kapuas Hulu,65
0.9992996542987411,112.90958932859184,1,9.300000190734863,2026-08-13,SNPP,West Kalimantan,Kapuas Hulu,65
0.9992996542987411,112.91296229381244,1,9.300000190734863,2026-08-13,SNPP,West Kalimantan,Kapuas Hulu,65
0.9992996542987411,112.91633525903309,1,9.300000190734863,2026-08-13,SNPP,West Kalimantan,Kapuas Hulu,65
0.9723200365309477,112.8850639013045,1,5.480000019073486,2026-08-13,SNPP,West Kalimantan,Kapuas Hulu,66
0.9723200365309477,112.88843683919532,1,5.480000019073486,2026-08-13,SNPP,West Kalimantan,Kapuas Hulu,66
0.9689475843099736,112.88495132842596,1,5.480000019073486,2026-08-13,SNPP,West Kalimantan,Kapuas Hulu,66
0.9689475843099736,112.88832426295315,1,5.480000019073486,2026-08-13,SNPP,West Kalimantan,Kapuas Hulu,66
0.9655751320889994,112.88483914686627,1,5.480000019073486,2026-08-13,SNPP,West Kalimantan,Kapuas Hulu,66
0.9655751320889994,112.88821207804155,1,5.480000019073486,2026-08-13,SNPP,West Kalimantan,Kapuas Hulu,66
1.20839169199914,118.74642272225722,1,1.7699999809265137,2026-08-13,SNPP,East Kalimantan,Berau,67
1.20839169199914,118.74979592465996,1,1.7699999809265137,2026-08-13,SNPP,East Kalimantan,Berau,67
1.2050192397781658,118.74627549564934,1,1.7699999809265137,2026-08-13,SNPP,East Kalimantan,Berau,67
1.2050192397781658,118.74964869386986,1,1.7699999809265137,2026-08-13,SNPP,East Kalimantan,Berau,67
1.2016467875571917,118.74612868080744,1,1.7699999809265137,2026-08-13,SNPP,East Kalimantan,Berau,67
1.2016467875571917,118.74950187485742,1,1.7699999809265137,2026-08-13,SNPP,East Kalimantan,Berau,67
1.0060445587406894,118.54943142649675,1,29.459999084472656,2026-08-13,SNPP,East Kalimantan,Kutai Timur,68
1.0060445587406894,118.55280439866672,1,29.459999084472656,2026-08-13,SNPP,East Kalimantan,Kutai Timur,68
1.0060445587406894,118.55617737083675,1,29.459999084472656,2026-08-13,SNPP,East Kalimantan,Kutai Timur,68
1.0026721065197153,118.54930909649963,1,29.459999084472656,2026-08-13,SNPP,East Kalimantan,Kutai Timur,68
1.0026721065197153,118.55268206518907,1,29.459999084472656,2026-08-13,SNPP,East Kalimantan,Kutai Timur,68
1.0026721065197153,118.55605503387856,1,29.459999084472656,2026-08-13,SNPP,East Kalimantan,Kutai Timur,68
0.9992996542987411,118.54918717747367,1,29.459999084472656,2026-08-13,SNPP,East Kalimantan,Kutai Timur,68
0.9992996542987411,118.55256014269426,1,29.459999084472656,2026-08-13,SNPP,East Kalimantan,Kutai Timur,68
0.9992996542987411,118.5559331079149,1,29.459999084472656,2026-08-13,SNPP,East Kalimantan,Kutai Timur,68
0.5305287955833307,109.00865236975083,1,1.1699999570846558,2026-08-13,SNPP,West Kalimantan,Mempawah,69
0.5305287955833307,109.01202496655038,1,1.1699999570846558,2026-08-13,SNPP,West Kalimantan,Mempawah,69
0.5305287955833307,109.01539756334995,1,1.1699999570846558,2026-08-13,SNPP,West Kalimantan,Mempawah,69
0.5271563433623565,109.00859314542393,1,1.1699999570846558,2026-08-13,SNPP,West Kalimantan,Mempawah,69
0.5271563433623565,109.01196574039116,1,1.1699999570846558,2026-08-13,SNPP,West Kalimantan,Mempawah,69
0.5271563433623565,109.01533833535838,1,1.1699999570846558,2026-08-13,SNPP,West Kalimantan,Mempawah,69
0.22363564347468073,109.22064823715642,1,4.21999979019165,2026-08-13,SNPP,West Kalimantan,Mempawah,70
0.22363564347468073,109.22402071506689,1,4.21999979019165,2026-08-13,SNPP,West Kalimantan,Mempawah,70
0.22363564347468073,109.22739319297736,1,4.21999979019165,2026-08-13,SNPP,West Kalimantan,Mempawah,70
0.22026319125370655,109.2206233335971,1,4.21999979019165,2026-08-13,SNPP,West Kalimantan,Mempawah,70
0.22026319125370655,109.2239958107386,1,4.21999979019165,2026-08-13,SNPP,West Kalimantan,Mempawah,70
0.22026319125370655,109.2273682878801,1,4.21999979019165,2026-08-13,SNPP,West Kalimantan,Mempawah,70
0.22026319125370655,109.2307407650216,1,4.21999979019165,2026-08-13,SNPP,West Kalimantan,Mempawah,70
0.22026319125370655,109.23411324216308,1,4.21999979019165,2026-08-13,SNPP,West Kalimantan,Mempawah,70
0.2168907390327324,109.22059880844884,1,4.21999979019165,2026-08-13,SNPP,West Kalimantan,Mempawah,70
0.2168907390327324,109.22397128483307,1,4.21999979019165,2026-08-13,SNPP,West Kalimantan,Mempawah,70
0.2168907390327324,109.22734376121728,1,4.21999979019165,2026-08-13,SNPP,West Kalimantan,Mempawah,70
0.2168907390327324,109.23071623760148,1,4.21999979019165,2026-08-13,SNPP,West Kalimantan,Mempawah,70
0.2168907390327324,109.23408871398568,1,4.21999979019165,2026-08-13,SNPP,West Kalimantan,Mempawah,70
1.4208561819205132,115.31556897803225,1,2.759999990463257,2026-08-13,SNPP,North Kalimantan,Malinau,71
1.4208561819205132,115.31894246749998,1,2.759999990463257,2026-08-13,SNPP,North Kalimantan,Malinau,71
1.4174837296995388,115.3154008224045,1,2.759999990463257,2026-08-13,SNPP,North Kalimantan,Malinau,71
1.4174837296995388,115.31877430695293,1,2.759999990463257,2026-08-13,SNPP,North Kalimantan,Malinau,71
1.4141112774785647,115.31523306678153,1,2.759999990463257,2026-08-13,SNPP,North Kalimantan,Malinau,71
1.4141112774785647,115.31860654642239,1,2.759999990463257,2026-08-13,SNPP,North Kalimantan,Malinau,71
1.3871316597107712,115.70185111377833,1,10.010000228881836,2026-08-13,SNPP,North Kalimantan,Malinau,72
1.3871316597107712,115.7052245545797,1,10.010000228881836,2026-08-13,SNPP,North Kalimantan,Malinau,72
1.3871316597107712,115.70859799538106,1,10.010000228881836,2026-08-13,SNPP,North Kalimantan,Malinau,72
1.3871316597107712,115.7119714361824,1,10.010000228881836,2026-08-13,SNPP,North Kalimantan,Malinau,72
1.383759207489797,115.70168640580621,1,10.010000228881836,2026-08-13,SNPP,North Kalimantan,Malinau,72
1.383759207489797,115.70505984180531,1,10.010000228881836,2026-08-13,SNPP,North Kalimantan,Malinau,72
1.383759207489797,115.70843327780437,1,10.010000228881836,2026-08-13,SNPP,North Kalimantan,Malinau,72
1.383759207489797,115.71180671380344,1,10.010000228881836,2026-08-13,SNPP,North Kalimantan,Malinau,72
1.380386755268823,115.7015220991557,1,10.010000228881836,2026-08-13,SNPP,North Kalimantan,Malinau,72
1.380386755268823,115.70489553036421,1,10.010000228881836,2026-08-13,SNPP,North Kalimantan,Malinau,72
1.380386755268823,115.7082689615727,1,10.010000228881836,2026-08-13,SNPP,North Kalimantan,Malinau,72
1.380386755268823,115.71164239278121,1,10.010000228881836,2026-08-13,SNPP,North Kalimantan,Malinau,72
0.9149883487743868,110.95728758737742,1,1.3200000524520874,2026-08-13,SNPP,West Kalimantan,Sintang,73
0.9149883487743868,110.96066046967698,1,1.3200000524520874,2026-08-13,SNPP,West Kalimantan,Sintang,73
0.9116158965534126,110.95718347378765,1,1.3200000524520874,2026-08-13,SNPP,West Kalimantan,Sintang,73
0.9116158965534126,110.96055635292237,1,1.3200000524520874,2026-08-13,SNPP,West Kalimantan,Sintang,73
0.9082434443324383,110.95707974480884,1,1.3200000524520874,2026-08-13,SNPP,West Kalimantan,Sintang,73
0.9082434443324383,110.96045262079039,1,1.3200000524520874,2026-08-13,SNPP,West Kalimantan,Sintang,73
0.4057480634072862,110.99988187056844,1,0.9399999976158142,2026-08-13,SNPP,West Kalimantan,Sekadau,74
0.4057480634072862,111.00325440735477,1,0.9399999976158142,2026-08-13,SNPP,West Kalimantan,Sekadau,74
0.4057480634072862,111.00662694414112,1,0.9399999976158142,2026-08-13,SNPP,West Kalimantan,Sekadau,74
0.40237561118631204,110.99983579422558,1,0.9399999976158142,2026-08-13,SNPP,West Kalimantan,Sekadau,74
0.40237561118631204,111.00320832961197,1,0.9399999976158142,2026-08-13,SNPP,West Kalimantan,Sekadau,74
0.40237561118631204,111.00658086499836,1,0.9399999976158142,2026-08-13,SNPP,West Kalimantan,Sekadau,74
0.3990031589653379,110.99979010248468,1,0.9399999976158142,2026-08-13,SNPP,West Kalimantan,Sekadau,74
0.3990031589653379,111.00316263648281,1,0.9399999976158142,2026-08-13,SNPP,West Kalimantan,Sekadau,74
0.3990031589653379,111.00653517048094,1,0.9399999976158142,2026-08-13,SNPP,West Kalimantan,Sekadau,74
0.25736016568442244,110.99147336289526,1,8.130000114440918,2026-08-13,SNPP,West Kalimantan,Sekadau,75
0.25736016568442244,110.994845849138,1,8.130000114440918,2026-08-13,SNPP,West Kalimantan,Sekadau,75
0.25736016568442244,110.99821833538073,1,8.130000114440918,2026-08-13,SNPP,West Kalimantan,Sekadau,75
0.25736016568442244,111.00159082162347,1,8.130000114440918,2026-08-13,SNPP,West Kalimantan,Sekadau,75
0.2539877134634483,110.99144421015076,1,8.130000114440918,2026-08-13,SNPP,West Kalimantan,Sekadau,75
0.2539877134634483,110.9948166955077,1,8.130000114440918,2026-08-13,SNPP,West Kalimantan,Sekadau,75
0.2539877134634483,110.99818918086461,1,8.130000114440918,2026-08-13,SNPP,West Kalimantan,Sekadau,75
0.2539877134634483,111.00156166622155,1,8.130000114440918,2026-08-13,SNPP,West Kalimantan,Sekadau,75
0.2539877134634483,111.19042084620969,1,4.619999885559082,2026-08-13,SNPP,West Kalimantan,Sekadau,76
0.2539877134634483,111.19379333156662,1,4.619999885559082,2026-08-13,SNPP,West Kalimantan,Sekadau,76
0.2539877134634483,111.19716581692356,1,4.619999885559082,2026-08-13,SNPP,West Kalimantan,Sekadau,76
0.2539877134634483,111.20053830228049,1,4.619999885559082,2026-08-13,SNPP,West Kalimantan,Sekadau,76
0.25061526124247413,110.99141544195636,1,8.130000114440918,2026-08-13,SNPP,West Kalimantan,Sekadau,75
0.25061526124247413,110.99478792643916,1,8.130000114440918,2026-08-13,SNPP,West Kalimantan,Sekadau,75
0.25061526124247413,110.99816041092197,1,8.130000114440918,2026-08-13,SNPP,West Kalimantan,Sekadau,75
0.25061526124247413,111.00153289540476,1,8.130000114440918,2026-08-13,SNPP,West Kalimantan,Sekadau,75
0.25061526124247413,111.19039202644196,1,4.619999885559082,2026-08-13,SNPP,West Kalimantan,Sekadau,76
0.25061526124247413,111.19376451092477,1,4.619999885559082,2026-08-13,SNPP,West Kalimantan,Sekadau,76
0.25061526124247413,111.19713699540756,1,4.619999885559082,2026-08-13,SNPP,West Kalimantan,Sekadau,76
0.25061526124247413,111.20050947989039,1,4.619999885559082,2026-08-13,SNPP,West Kalimantan,Sekadau,76
0.24724280902149998,111.1903635919132,1,4.619999885559082,2026-08-13,SNPP,West Kalimantan,Sekadau,76
0.24724280902149998,111.19373607553358,1,4.619999885559082,2026-08-13,SNPP,West Kalimantan,Sekadau,76
0.24724280902149998,111.19710855915393,1,4.619999885559082,2026-08-13,SNPP,West Kalimantan,Sekadau,76
0.24724280902149998,111.20048104277431,1,4.619999885559082,2026-08-13,SNPP,West Kalimantan,Sekadau,76
0.823932138808084,112.97829208508293,1,3.0399999618530273,2026-08-13,SNPP,West Kalimantan,Kapuas Hulu,77
0.823932138808084,112.98166488603515,1,3.0399999618530273,2026-08-13,SNPP,West Kalimantan,Kapuas Hulu,77
0.8205596865871099,112.9781966458585,1,3.0399999618530273,2026-08-13,SNPP,West Kalimantan,Kapuas Hulu,77
0.8205596865871099,112.98156944396152,1,3.0399999618530273,2026-08-13,SNPP,West Kalimantan,Kapuas Hulu,77
0.8171872343661356,112.97810159821285,1,3.0399999618530273,2026-08-13,SNPP,West Kalimantan,Kapuas Hulu,77
0.8171872343661356,112.98147439347836,1,3.0399999618530273,2026-08-13,SNPP,West Kalimantan,Kapuas Hulu,77
0.6654268844222977,113.03493794684817,1,16.59000015258789,2026-08-13,SNPP,West Kalimantan,Kapuas Hulu,78
0.6654268844222977,113.03831062652422,1,16.59000015258789,2026-08-13,SNPP,West Kalimantan,Kapuas Hulu,78
0.6654268844222977,113.04168330620028,1,16.59000015258789,2026-08-13,SNPP,West Kalimantan,Kapuas Hulu,78
0.6620544322013235,113.03486086875844,1,16.59000015258789,2026-08-13,SNPP,West Kalimantan,Kapuas Hulu,78
0.6620544322013235,113.03823354613468,1,16.59000015258789,2026-08-13,SNPP,West Kalimantan,Kapuas Hulu,78
0.6620544322013235,113.04160622351093,1,16.59000015258789,2026-08-13,SNPP,West Kalimantan,Kapuas Hulu,78
0.6586819799803494,113.03478418238778,1,16.59000015258789,2026-08-13,SNPP,West Kalimantan,Kapuas Hulu,78
0.6586819799803494,113.0381568574759,1,16.59000015258789,2026-08-13,SNPP,West Kalimantan,Kapuas Hulu,78
0.6586819799803494,113.041529532564,1,16.59000015258789,2026-08-13,SNPP,West Kalimantan,Kapuas Hulu,78
0.574370674455995,112.81714654031985,1,0.9900000095367432,2026-08-13,SNPP,West Kalimantan,Kapuas Hulu,79
0.574370674455995,112.8205191620032,1,0.9900000095367432,2026-08-13,SNPP,West Kalimantan,Kapuas Hulu,79
0.574370674455995,112.82389178368653,1,0.9900000095367432,2026-08-13,SNPP,West Kalimantan,Kapuas Hulu,79
0.5709982222350208,112.81708016519107,1,0.9900000095367432,2026-08-13,SNPP,West Kalimantan,Kapuas Hulu,79
0.5709982222350208,112.82045278489015,1,0.9900000095367432,2026-08-13,SNPP,West Kalimantan,Kapuas Hulu,79
0.5709982222350208,112.82382540458923,1,0.9900000095367432,2026-08-13,SNPP,West Kalimantan,Kapuas Hulu,79
0.5676257700140467,112.81364156327338,1,7.489999771118164,2026-08-13,SNPP,West Kalimantan,Kapuas Hulu,79
0.5676257700140467,112.81701418099989,1,7.489999771118164,2026-08-13,SNPP,West Kalimantan,Kapuas Hulu,79
0.5676257700140467,112.82038679872639,1,7.489999771118164,2026-08-13,SNPP,West Kalimantan,Kapuas Hulu,79
0.5642533177930724,112.81357597197956,1,7.489999771118164,2026-08-13,SNPP,West Kalimantan,Kapuas Hulu,79
0.5642533177930724,112.81694858774519,1,7.489999771118164,2026-08-13,SNPP,West Kalimantan,Kapuas Hulu,79
0.5642533177930724,112.82032120351082,1,7.489999771118164,2026-08-13,SNPP,West Kalimantan,Kapuas Hulu,79
0.5608808655720983,112.81351077160939,1,7.489999771118164,2026-08-13,SNPP,West Kalimantan,Kapuas Hulu,79
0.5608808655720983,112.81688338542584,1,7.489999771118164,2026-08-13,SNPP,West Kalimantan,Kapuas Hulu,79
0.5608808655720983,112.82025599924225,1,7.489999771118164,2026-08-13,SNPP,West Kalimantan,Kapuas Hulu,79
0.5575084133511241,112.81344596216177,1,7.489999771118164,2026-08-13,SNPP,West Kalimantan,Kapuas Hulu,79
0.5575084133511241,112.81681857404068,1,7.489999771118164,2026-08-13,SNPP,West Kalimantan,Kapuas Hulu,79
0.5575084133511241,112.8201911859196,1,7.489999771118164,2026-08-13,SNPP,West Kalimantan,Kapuas Hulu,79
0.5102940822574856,112.97109121724498,1,7.28000020980835,2026-08-13,SNPP,West Kalimantan,Kapuas Hulu,80
0.5102940822574856,112.97446380322585,1,7.28000020980835,2026-08-13,SNPP,West Kalimantan,Kapuas Hulu,80
0.5102940822574856,112.97783638920674,1,7.28000020980835,2026-08-13,SNPP,West Kalimantan,Kapuas Hulu,80
0.5069216300365115,112.97103218868034,1,7.28000020980835,2026-08-13,SNPP,West Kalimantan,Kapuas Hulu,80
0.5069216300365115,112.97440477289902,1,7.28000020980835,2026-08-13,SNPP,West Kalimantan,Kapuas Hulu,80
0.5069216300365115,112.97777735711769,1,7.28000020980835,2026-08-13,SNPP,West Kalimantan,Kapuas Hulu,80
0.5035491778155373,112.97097355157034,1,7.28000020980835,2026-08-13,SNPP,West Kalimantan,Kapuas Hulu,80
0.5035491778155373,112.97434613403848,1,7.28000020980835,2026-08-13,SNPP,West Kalimantan,Kapuas Hulu,80
0.5035491778155373,112.97771871650663,1,7.28000020980835,2026-08-13,SNPP,West Kalimantan,Kapuas Hulu,80
0.5035491778155373,113.0114445411881,1,3.799999952316284,2026-08-13,SNPP,West Kalimantan,Kapuas Hulu,81
0.5035491778155373,113.01481712365624,1,3.799999952316284,2026-08-13,SNPP,West Kalimantan,Kapuas Hulu,81
0.5001767255945632,113.01138627466564,1,3.799999952316284,2026-08-13,SNPP,West Kalimantan,Kapuas Hulu,81
0.5001767255945632,113.01475885539496,1,3.799999952316284,2026-08-13,SNPP,West Kalimantan,Kapuas Hulu,81
0.49680427337358896,113.01132839973602,1,3.799999952316284,2026-08-13,SNPP,West Kalimantan,Kapuas Hulu,81
0.49680427337358896,113.01470097873818,1,3.799999952316284,2026-08-13,SNPP,West Kalimantan,Kapuas Hulu,81
0.3787684456394928,112.8544132813043,1,5.309999942779541,2026-08-13,SNPP,West Kalimantan,Kapuas Hulu,82
0.3787684456394928,112.85778580721825,1,5.309999942779541,2026-08-13,SNPP,West Kalimantan,Kapuas Hulu,82
0.3787684456394928,112.8611583331322,1,5.309999942779541,2026-08-13,SNPP,West Kalimantan,Kapuas Hulu,82
0.37539599341851865,112.85436956319928,1,5.309999942779541,2026-08-13,SNPP,West Kalimantan,Kapuas Hulu,82
0.37539599341851865,112.85774208780677,1,5.309999942779541,2026-08-13,SNPP,West Kalimantan,Kapuas Hulu,82
0.37539599341851865,112.86111461241424,1,5.309999942779541,2026-08-13,SNPP,West Kalimantan,Kapuas Hulu,82
0.3720235411975445,112.854326236117,1,5.309999942779541,2026-08-13,SNPP,West Kalimantan,Kapuas Hulu,82
0.3720235411975445,112.8576987594297,1,5.309999942779541,2026-08-13,SNPP,West Kalimantan,Kapuas Hulu,82
0.3720235411975445,112.86107128274239,1,5.309999942779541,2026-08-13,SNPP,West Kalimantan,Kapuas Hulu,82
0.6182125533286593,113.1789183868653,1,2.9100000858306885,2026-08-13,SNPP,West Kalimantan,Kapuas Hulu,83
0.6182125533286593,113.1822910354075,1,2.9100000858306885,2026-08-13,SNPP,West Kalimantan,Kapuas Hulu,83
0.6182125533286593,113.18566368394971,1,2.9100000858306885,2026-08-13,SNPP,West Kalimantan,Kapuas Hulu,83
0.6182125533286593,113.1890363324919,1,2.9100000858306885,2026-08-13,SNPP,West Kalimantan,Kapuas Hulu,83
0.614840101107685,113.178846700868,1,2.9100000858306885,2026-08-13,SNPP,West Kalimantan,Kapuas Hulu,83
0.614840101107685,113.182219347274,1,2.9100000858306885,2026-08-13,SNPP,West Kalimantan,Kapuas Hulu,83
0.614840101107685,113.18559199368002,1,2.9100000858306885,2026-08-13,SNPP,West Kalimantan,Kapuas Hulu,83
0.614840101107685,113.18896464008601,1,2.9100000858306885,2026-08-13,SNPP,West Kalimantan,Kapuas Hulu,83
0.6114676488867109,113.17877540707434,1,2.9100000858306885,2026-08-13,SNPP,West Kalimantan,Kapuas Hulu,83
0.6114676488867109,113.18214805135585,1,2.9100000858306885,2026-08-13,SNPP,West Kalimantan,Kapuas Hulu,83
0.6114676488867109,113.18552069563735,1,2.9100000858306885,2026-08-13,SNPP,West Kalimantan,Kapuas Hulu,83
0.6114676488867109,113.18889333991885,1,2.9100000858306885,2026-08-13,SNPP,West Kalimantan,Kapuas Hulu,83
1.6029686018531184,118.08836314119347,1,9.760000228881836,2026-08-13,SNPP,East Kalimantan,Berau,84
1.6029686018531184,118.09173691368288,1,9.760000228881836,2026-08-13,SNPP,East Kalimantan,Berau,84
1.6029686018531184,118.09511068617226,1,9.760000228881836,2026-08-13,SNPP,East Kalimantan,Berau,84
1.5995961496321445,118.08816883425806,1,9.760000228881836,2026-08-13,SNPP,East Kalimantan,Berau,84
1.5995961496321445,118.09154260119612,1,9.760000228881836,2026-08-13,SNPP,East Kalimantan,Berau,84
1.5995961496321445,118.09491636813418,1,9.760000228881836,2026-08-13,SNPP,East Kalimantan,Berau,84
1.59622369741117,118.08797493708262,1,9.760000228881836,2026-08-13,SNPP,East Kalimantan,Berau,84
1.59622369741117,118.09134869848107,1,9.760000228881836,2026-08-13,SNPP,East Kalimantan,Berau,84
1.59622369741117,118.0947224598795,1,9.760000228881836,2026-08-13,SNPP,East Kalimantan,Berau,84
1.4680705130141516,117.80765211911593,1,1.149999976158142,2026-08-13,SNPP,East Kalimantan,Kutai Timur,85
1.4680705130141516,117.81102567868248,1,1.149999976158142,2026-08-13,SNPP,East Kalimantan,Kutai Timur,85
1.4680705130141516,117.81439923824911,1,1.149999976158142,2026-08-13,SNPP,East Kalimantan,Kutai Timur,85
1.4646980607931774,117.80747461176202,1,1.149999976158142,2026-08-13,SNPP,East Kalimantan,Kutai Timur,85
1.4646980607931774,117.81084816624545,1,1.149999976158142,2026-08-13,SNPP,East Kalimantan,Kutai Timur,85
1.4646980607931774,117.81422172072892,1,1.149999976158142,2026-08-13,SNPP,East Kalimantan,Kutai Timur,85
1.461325608572203,117.8072975130912,1,1.149999976158142,2026-08-13,SNPP,East Kalimantan,Kutai Timur,85
1.461325608572203,117.81067106250322,1,1.149999976158142,2026-08-13,SNPP,East Kalimantan,Kutai Timur,85
1.461325608572203,117.81404461191529,1,1.149999976158142,2026-08-13,SNPP,East Kalimantan,Kutai Timur,85
1.4478357996883064,118.30924906243874,1,9.869999885559082,2026-08-13,SNPP,East Kalimantan,Berau,86
1.4478357996883064,118.31262259168209,1,9.869999885559082,2026-08-13,SNPP,East Kalimantan,Berau,86
1.4478357996883064,118.31599612092546,1,9.869999885559082,2026-08-13,SNPP,East Kalimantan,Berau,86
1.4444633474673323,118.2382292513742,1,3.299999952316284,2026-08-13,SNPP,East Kalimantan,Berau,87
1.4444633474673323,118.24160277560466,1,3.299999952316284,2026-08-13,SNPP,East Kalimantan,Berau,87
1.4444633474673323,118.24497629983509,1,3.299999952316284,2026-08-13,SNPP,East Kalimantan,Berau,87
1.4444633474673323,118.30907326021361,1,9.869999885559082,2026-08-13,SNPP,East Kalimantan,Berau,86
1.4444633474673323,118.31244678444406,1,9.869999885559082,2026-08-13,SNPP,East Kalimantan,Berau,86
1.4444633474673323,118.31582030867452,1,9.869999885559082,2026-08-13,SNPP,East Kalimantan,Berau,86
1.4410908952463581,118.23805396458299,1,3.299999952316284,2026-08-13,SNPP,East Kalimantan,Berau,87
1.4410908952463581,118.24142748381223,1,3.299999952316284,2026-08-13,SNPP,East Kalimantan,Berau,87
1.4410908952463581,118.24480100304147,1,3.299999952316284,2026-08-13,SNPP,East Kalimantan,Berau,87
1.4410908952463581,118.30889786839701,1,9.869999885559082,2026-08-13,SNPP,East Kalimantan,Berau,86
1.4410908952463581,118.31227138762623,1,9.869999885559082,2026-08-13,SNPP,East Kalimantan,Berau,86
1.4410908952463581,118.31564490685547,1,9.869999885559082,2026-08-13,SNPP,East Kalimantan,Berau,86
1.4309735385834355,118.24427757374707,1,3.2300000190734863,2026-08-13,SNPP,East Kalimantan,Berau,87
1.4309735385834355,118.24765107804289,1,3.2300000190734863,2026-08-13,SNPP,East Kalimantan,Berau,87
1.4309735385834355,118.25102458233873,1,3.2300000190734863,2026-08-13,SNPP,East Kalimantan,Berau,87
1.4276010863624615,118.03832045784098,1,4.289999961853027,2026-08-13,SNPP,East Kalimantan,Berau,88
1.4276010863624615,118.0416939571824,1,4.289999961853027,2026-08-13,SNPP,East Kalimantan,Berau,88
1.4276010863624615,118.04506745652381,1,4.289999961853027,2026-08-13,SNPP,East Kalimantan,Berau,88
1.4276010863624615,118.2441039176677,1,3.2300000190734863,2026-08-13,SNPP,East Kalimantan,Berau,87
1.4276010863624615,118.24747741700911,1,3.2300000190734863,2026-08-13,SNPP,East Kalimantan,Berau,87
1.4276010863624615,118.25085091635056,1,3.2300000190734863,2026-08-13,SNPP,East Kalimantan,Berau,87
1.4242286341414871,118.03814751343721,1,4.289999961853027,2026-08-13,SNPP,East Kalimantan,Berau,88
1.4242286341414871,118.04152100783594,1,4.289999961853027,2026-08-13,SNPP,East Kalimantan,Berau,88
1.4242286341414871,118.04489450223467,1,4.289999961853027,2026-08-13,SNPP,East Kalimantan,Berau,88
1.4208561819205132,118.03797497848767,1,4.289999961853027,2026-08-13,SNPP,East Kalimantan,Berau,88
1.4208561819205132,118.04134846795536,1,4.289999961853027,2026-08-13,SNPP,East Kalimantan,Berau,88
1.4208561819205132,118.04472195742312,1,4.289999961853027,2026-08-13,SNPP,East Kalimantan,Berau,88
1.4208561819205132,118.24713132548672,1,4.519999980926514,2026-08-13,SNPP,East Kalimantan,Berau,87
1.4208561819205132,118.25050481495445,1,4.519999980926514,2026-08-13,SNPP,East Kalimantan,Berau,87
1.4174837296995388,118.24695889499209,1,4.519999980926514,2026-08-13,SNPP,East Kalimantan,Berau,87
1.4174837296995388,118.25033237954051,1,4.519999980926514,2026-08-13,SNPP,East Kalimantan,Berau,87
1.4141112774785647,118.24678687467117,1,4.519999980926514,2026-08-13,SNPP,East Kalimantan,Berau,87
1.4141112774785647,118.25016035431203,1,4.519999980926514,2026-08-13,SNPP,East Kalimantan,Berau,87
0.9588302276470511,117.84618790679383,1,2.7699999809265137,2026-08-13,SNPP,East Kalimantan,Kutai Timur,89
0.9588302276470511,117.84956083130037,1,2.7699999809265137,2026-08-13,SNPP,East Kalimantan,Kutai Timur,89
0.9588302276470511,117.8529337558069,1,2.7699999809265137,2026-08-13,SNPP,East Kalimantan,Kutai Timur,89
1.6973972640403954,117.17288649018612,1,2.1600000858306885,2026-08-13,SNPP,East Kalimantan,Berau,90
1.6973972640403954,117.17626042286608,1,2.1600000858306885,2026-08-13,SNPP,East Kalimantan,Berau,90
1.6973972640403954,117.17963435554606,1,2.1600000858306885,2026-08-13,SNPP,East Kalimantan,Berau,90
1.6973972640403954,117.18300828822603,1,1.0499999523162842,2026-08-13,SNPP,East Kalimantan,Berau,90
1.6940248118194214,117.17268231358739,1,2.1600000858306885,2026-08-13,SNPP,East Kalimantan,Berau,90
1.6940248118194214,117.17605624038819,1,2.1600000858306885,2026-08-13,SNPP,East Kalimantan,Berau,90
1.6940248118194214,117.17943016718901,1,2.1600000858306885,2026-08-13,SNPP,East Kalimantan,Berau,90
1.6940248118194214,117.18280409398983,1,1.0499999523162842,2026-08-13,SNPP,East Kalimantan,Berau,90
1.690652359598447,117.17247854364898,1,2.1600000858306885,2026-08-13,SNPP,East Kalimantan,Berau,90
1.690652359598447,117.17585246458232,1,2.1600000858306885,2026-08-13,SNPP,East Kalimantan,Berau,90
1.690652359598447,117.1792263855157,1,2.1600000858306885,2026-08-13,SNPP,East Kalimantan,Berau,90
1.690652359598447,117.18260030644907,1,1.0499999523162842,2026-08-13,SNPP,East Kalimantan,Berau,90
1.6636727418306536,117.19110626998213,1,12.149999618530273,2026-08-13,SNPP,East Kalimantan,Berau,91
1.6636727418306536,117.19448014439746,1,12.149999618530273,2026-08-13,SNPP,East Kalimantan,Berau,91
1.6636727418306536,117.19785401881275,1,12.149999618530273,2026-08-13,SNPP,East Kalimantan,Berau,91
1.6603002896096795,117.18753225660275,1,10.050000190734863,2026-08-13,SNPP,East Kalimantan,Berau,91
1.6603002896096795,117.19090612525598,1,12.149999618530273,2026-08-13,SNPP,East Kalimantan,Berau,91
1.6603002896096795,117.1942799939092,2,25.190000534057617,2026-08-13,SNPP,East Kalimantan,Berau,91
1.6603002896096795,117.19765386256246,2,25.190000534057617,2026-08-13,SNPP,East Kalimantan,Berau,91
1.6603002896096795,117.20102773121566,2,25.190000534057617,2026-08-13,SNPP,East Kalimantan,Berau,91
1.6569278373887053,117.18733252432247,1,10.050000190734863,2026-08-13,SNPP,East Kalimantan,Berau,91
1.6569278373887053,117.19070638722533,1,12.149999618530273,2026-08-13,SNPP,East Kalimantan,Berau,91
1.6569278373887053,117.1940802501282,2,25.190000534057617,2026-08-13,SNPP,East Kalimantan,Berau,91
1.6569278373887053,117.19745411303109,2,25.190000534057617,2026-08-13,SNPP,East Kalimantan,Berau,91
1.6569278373887053,117.20082797593395,2,25.190000534057617,2026-08-13,SNPP,East Kalimantan,Berau,91
1.6535553851677312,117.18713319872258,1,10.050000190734863,2026-08-13,SNPP,East Kalimantan,Berau,91
1.6535553851677312,117.19050705588678,1,10.050000190734863,2026-08-13,SNPP,East Kalimantan,Berau,91
1.6535553851677312,117.193880913051,2,25.190000534057617,2026-08-13,SNPP,East Kalimantan,Berau,91
1.6535553851677312,117.19725477021525,2,25.190000534057617,2026-08-13,SNPP,East Kalimantan,Berau,91
1.6535553851677312,117.20062862737944,2,25.190000534057617,2026-08-13,SNPP,East Kalimantan,Berau,91
1.650182932946757,117.19030813123688,1,1.5399999618530273,2026-08-13,SNPP,East Kalimantan,Berau,91
1.650182932946757,117.19368198267414,1,1.5399999618530273,2026-08-13,SNPP,East Kalimantan,Berau,91
1.650182932946757,117.19705583411142,1,1.5399999618530273,2026-08-13,SNPP,East Kalimantan,Berau,91
1.5287746529916868,117.18341766988712,1,1.6200000047683716,2026-08-13,SNPP,East Kalimantan,Berau,92
1.5287746529916868,117.18679132295141,1,1.6200000047683716,2026-08-13,SNPP,East Kalimantan,Berau,92
1.5287746529916868,117.19016497601567,1,1.6200000047683716,2026-08-13,SNPP,East Kalimantan,Berau,92
1.5254022007707124,117.18323379035104,1,1.6200000047683716,2026-08-13,SNPP,East Kalimantan,Berau,92
1.5254022007707124,117.18660743812154,1,1.6200000047683716,2026-08-13,SNPP,East Kalimantan,Berau,92
1.5254022007707124,117.18998108589201,1,1.6200000047683716,2026-08-13,SNPP,East Kalimantan,Berau,92
1.5220297485497385,117.18305031737749,1,1.6200000047683716,2026-08-13,SNPP,East Kalimantan,Berau,92
1.5220297485497385,117.18642395986588,1,1.6200000047683716,2026-08-13,SNPP,East Kalimantan,Berau,92
1.5220297485497385,117.18979760235426,1,1.6200000047683716,2026-08-13,SNPP,East Kalimantan,Berau,92
1.4849327741190224,117.25865140551913,1,1.149999976158142,2026-08-13,SNPP,East Kalimantan,Berau,93
1.4849327741190224,117.26202499067695,1,1.149999976158142,2026-08-13,SNPP,East Kalimantan,Berau,93
1.4849327741190224,117.26539857583475,1,1.149999976158142,2026-08-13,SNPP,East Kalimantan,Berau,93
1.4815603218980482,117.2584726927918,1,1.149999976158142,2026-08-13,SNPP,East Kalimantan,Berau,93
1.4815603218980482,117.26184627280796,1,1.149999976158142,2026-08-13,SNPP,East Kalimantan,Berau,93
1.4815603218980482,117.26521985282409,1,1.149999976158142,2026-08-13,SNPP,East Kalimantan,Berau,93
1.3702693986059005,116.75016424517366,1,14.180000305175781,2026-08-13,SNPP,East Kalimantan,Kutai Timur,94
1.3702693986059005,116.75353766208063,1,14.180000305175781,2026-08-13,SNPP,East Kalimantan,Kutai Timur,94
1.3702693986059005,116.75691107898759,1,14.180000305175781,2026-08-13,SNPP,East Kalimantan,Kutai Timur,94
1.3668969463849263,116.75000006846733,1,14.180000305175781,2026-08-13,SNPP,East Kalimantan,Kutai Timur,94
1.3668969463849263,116.75337348063053,1,14.180000305175781,2026-08-13,SNPP,East Kalimantan,Kutai Timur,94
1.3668969463849263,116.7567468927937,1,14.180000305175781,2026-08-13,SNPP,East Kalimantan,Kutai Timur,94
1.3635244941639522,116.74983629670736,1,14.180000305175781,2026-08-13,SNPP,East Kalimantan,Kutai Timur,94
1.3635244941639522,116.75320970413848,1,14.180000305175781,2026-08-13,SNPP,East Kalimantan,Kutai Timur,94
1.3635244941639522,116.7565831115696,1,14.180000305175781,2026-08-13,SNPP,East Kalimantan,Kutai Timur,94
1.3264275197332362,117.23719817482704,1,5.730000019073486,2026-08-13,SNPP,East Kalimantan,Kutai Timur,95
1.3264275197332362,117.24057153097755,1,5.730000019073486,2026-08-13,SNPP,East Kalimantan,Kutai Timur,95
1.3264275197332362,117.24394488712811,1,5.730000019073486,2026-08-13,SNPP,East Kalimantan,Kutai Timur,95
1.3230550675122619,117.23703859641144,1,5.730000019073486,2026-08-13,SNPP,East Kalimantan,Kutai Timur,95
1.3230550675122619,117.24041194797029,1,5.730000019073486,2026-08-13,SNPP,East Kalimantan,Kutai Timur,95
1.3230550675122619,117.24378529952916,1,5.730000019073486,2026-08-13,SNPP,East Kalimantan,Kutai Timur,95
1.319682615291288,117.23687942460228,1,5.730000019073486,2026-08-13,SNPP,East Kalimantan,Kutai Timur,95
1.319682615291288,117.24025277158115,1,5.730000019073486,2026-08-13,SNPP,East Kalimantan,Kutai Timur,95
1.319682615291288,117.24362611856003,1,5.730000019073486,2026-08-13,SNPP,East Kalimantan,Kutai Timur,95
1.2690958319766752,117.0253972980214,1,11.630000114440918,2026-08-13,SNPP,East Kalimantan,Kutai Timur,96
1.2690958319766752,117.02877057770458,1,11.630000114440918,2026-08-13,SNPP,East Kalimantan,Kutai Timur,96
1.2690958319766752,117.03214385738777,1,11.630000114440918,2026-08-13,SNPP,East Kalimantan,Kutai Timur,96
1.265723379755701,117.02524490389791,1,11.630000114440918,2026-08-13,SNPP,East Kalimantan,Kutai Timur,96
1.265723379755701,117.02861817918829,1,11.630000114440918,2026-08-13,SNPP,East Kalimantan,Kutai Timur,96
1.265723379755701,117.0319914544787,1,11.630000114440918,2026-08-13,SNPP,East Kalimantan,Kutai Timur,96
1.2623509275347269,117.02509291560962,1,11.630000114440918,2026-08-13,SNPP,East Kalimantan,Kutai Timur,96
1.2623509275347269,117.02846618651891,1,11.630000114440918,2026-08-13,SNPP,East Kalimantan,Kutai Timur,96
1.2623509275347269,117.03183945742823,1,11.630000114440918,2026-08-13,SNPP,East Kalimantan,Kutai Timur,96
1.2488611186508303,116.95365069721566,1,8.5600004196167,2026-08-13,SNPP,East Kalimantan,Kutai Timur,97
1.2488611186508303,116.9570239507176,1,8.5600004196167,2026-08-13,SNPP,East Kalimantan,Kutai Timur,97
1.2488611186508303,116.96039720421949,1,8.5600004196167,2026-08-13,SNPP,East Kalimantan,Kutai Timur,97
1.2488611186508303,116.96377045772144,1,4.039999961853027,2026-08-13,SNPP,East Kalimantan,Kutai Timur,97
1.245488666429856,116.95350082883868,1,8.5600004196167,2026-08-13,SNPP,East Kalimantan,Kutai Timur,97
1.245488666429856,116.95687407801799,1,8.5600004196167,2026-08-13,SNPP,East Kalimantan,Kutai Timur,97
1.245488666429856,116.96024732719731,1,8.5600004196167,2026-08-13,SNPP,East Kalimantan,Kutai Timur,97
1.245488666429856,116.96362057637663,1,4.039999961853027,2026-08-13,SNPP,East Kalimantan,Kutai Timur,97
1.2421162142088817,116.95335136603553,1,8.5600004196167,2026-08-13,SNPP,East Kalimantan,Kutai Timur,97
1.2421162142088817,116.95672461090395,1,8.5600004196167,2026-08-13,SNPP,East Kalimantan,Kutai Timur,97
1.2421162142088817,116.96009785577236,1,8.5600004196167,2026-08-13,SNPP,East Kalimantan,Kutai Timur,97
1.2421162142088817,116.96347110064077,1,4.039999961853027,2026-08-13,SNPP,East Kalimantan,Kutai Timur,97
0.8846362787856191,112.19757477006475,1,2.119999885559082,2026-08-13,SNPP,West Kalimantan,Kapuas Hulu,98
0.8846362787856191,112.20094762430158,1,2.119999885559082,2026-08-13,SNPP,West Kalimantan,Kapuas Hulu,98
0.8846362787856191,112.20432047853838,1,2.119999885559082,2026-08-13,SNPP,West Kalimantan,Kapuas Hulu,98
0.881263826564645,112.19747299196672,1,2.119999885559082,2026-08-13,SNPP,West Kalimantan,Kapuas Hulu,98
0.881263826564645,112.20084584314391,1,2.119999885559082,2026-08-13,SNPP,West Kalimantan,Kapuas Hulu,98
0.881263826564645,112.20421869432111,1,2.119999885559082,2026-08-13,SNPP,West Kalimantan,Kapuas Hulu,98
0.8778913743436708,112.19737160276595,1,2.119999885559082,2026-08-13,SNPP,West Kalimantan,Kapuas Hulu,98
0.8778913743436708,112.20074445089523,1,2.119999885559082,2026-08-13,SNPP,West Kalimantan,Kapuas Hulu,98
0.8778913743436708,112.20411729902447,1,2.119999885559082,2026-08-13,SNPP,West Kalimantan,Kapuas Hulu,98
0.8745189221226967,112.1972706024607,1,2.119999885559082,2026-08-13,SNPP,West Kalimantan,Kapuas Hulu,98
0.8745189221226967,112.20064344755372,1,2.119999885559082,2026-08-13,SNPP,West Kalimantan,Kapuas Hulu,98
0.8745189221226967,112.20401629264674,1,2.119999885559082,2026-08-13,SNPP,West Kalimantan,Kapuas Hulu,98
0.6856615977481427,111.79763004617337,1,1.5800000429153442,2026-08-13,SNPP,West Kalimantan,Kapuas Hulu,99
0.6856615977481427,111.80100273989378,1,1.5800000429153442,2026-08-13,SNPP,West Kalimantan,Kapuas Hulu,99
0.6822891455271686,111.79755148751097,1,1.5800000429153442,2026-08-13,SNPP,West Kalimantan,Kapuas Hulu,99
0.6822891455271686,111.80092417886142,1,1.5800000429153442,2026-08-13,SNPP,West Kalimantan,Kapuas Hulu,99
0.6789166933061944,111.7974733162862,1,1.5800000429153442,2026-08-13,SNPP,West Kalimantan,Kapuas Hulu,99
0.6789166933061944,111.8008460052784,1,1.5800000429153442,2026-08-13,SNPP,West Kalimantan,Kapuas Hulu,99
0.5069216300365115,111.57815490636897,1,1.9900000095367432,2026-08-13,SNPP,West Kalimantan,Sintang,100
0.5069216300365115,111.58152749058765,1,1.9900000095367432,2026-08-13,SNPP,West Kalimantan,Sintang,100
0.5069216300365115,111.58490007480631,1,1.9900000095367432,2026-08-13,SNPP,West Kalimantan,Sintang,100
0.5035491778155373,111.57809699222568,1,1.9900000095367432,2026-08-13,SNPP,West Kalimantan,Sintang,100
0.5035491778155373,111.58146957469384,1,1.9900000095367432,2026-08-13,SNPP,West Kalimantan,Sintang,100
0.5035491778155373,111.58484215716199,1,1.9900000095367432,2026-08-13,SNPP,West Kalimantan,Sintang,100
0.5001767255945632,111.5780394647096,1,1.9900000095367432,2026-08-13,SNPP,West Kalimantan,Sintang,100
0.5001767255945632,111.58141204543892,1,1.9900000095367432,2026-08-13,SNPP,West Kalimantan,Sintang,100
0.5001767255945632,111.58478462616823,1,1.9900000095367432,2026-08-13,SNPP,West Kalimantan,Sintang,100
0.16293150349714558,111.47306506201285,1,1.2100000381469727,2026-08-13,SNPP,West Kalimantan,Sintang,101
0.16293150349714558,111.47643752786966,1,1.2100000381469727,2026-08-13,SNPP,West Kalimantan,Sintang,101
0.1595590512761714,111.47304659661803,1,1.2100000381469727,2026-08-13,SNPP,West Kalimantan,Sintang,101
0.1595590512761714,111.4764190619162,1,1.2100000381469727,2026-08-13,SNPP,West Kalimantan,Sintang,101
0.8171872343661356,114.55656978247092,1,11.149999618530273,2026-08-13,SNPP,East Kalimantan,Mahakam Hulu,102
0.8171872343661356,114.55994257773642,1,11.149999618530273,2026-08-13,SNPP,East Kalimantan,Mahakam Hulu,102
0.8171872343661356,114.56331537300193,1,11.149999618530273,2026-08-13,SNPP,East Kalimantan,Mahakam Hulu,102
0.8171872343661356,114.56668816826745,1,11.149999618530273,2026-08-13,SNPP,East Kalimantan,Mahakam Hulu,102
0.8138147821451615,114.5564738039196,1,11.149999618530273,2026-08-13,SNPP,East Kalimantan,Mahakam Hulu,102
0.8138147821451615,114.55984659635931,1,11.149999618530273,2026-08-13,SNPP,East Kalimantan,Mahakam Hulu,102
0.8138147821451615,114.563219388799,1,11.149999618530273,2026-08-13,SNPP,East Kalimantan,Mahakam Hulu,102
0.8138147821451615,114.56659218123869,1,11.149999618530273,2026-08-13,SNPP,East Kalimantan,Mahakam Hulu,102
0.8104423299241873,114.55637822241464,1,11.149999618530273,2026-08-13,SNPP,East Kalimantan,Mahakam Hulu,102
0.8104423299241873,114.55975101204021,1,11.149999618530273,2026-08-13,SNPP,East Kalimantan,Mahakam Hulu,102
0.8104423299241873,114.56312380166577,1,11.149999618530273,2026-08-13,SNPP,East Kalimantan,Mahakam Hulu,102
0.8104423299241873,114.56649659129134,1,11.149999618530273,2026-08-13,SNPP,East Kalimantan,Mahakam Hulu,102
0.7969525210402906,114.10742032819402,1,3.5199999809265137,2026-08-13,SNPP,East Kalimantan,Mahakam Hulu,103
0.7969525210402906,114.11079310667998,1,3.5199999809265137,2026-08-13,SNPP,East Kalimantan,Mahakam Hulu,103
0.7969525210402906,114.11416588516593,1,3.5199999809265137,2026-08-13,SNPP,East Kalimantan,Mahakam Hulu,103
0.7935800688193163,114.10732709840143,1,3.5199999809265137,2026-08-13,SNPP,East Kalimantan,Mahakam Hulu,103
0.7935800688193163,114.11069987413171,1,3.5199999809265137,2026-08-13,SNPP,East Kalimantan,Mahakam Hulu,103
0.7935800688193163,114.11407264986198,1,3.5199999809265137,2026-08-13,SNPP,East Kalimantan,Mahakam Hulu,103
0.7935800688193163,114.60649790648141,2,6.239999771118164,2026-08-13,SNPP,East Kalimantan,Mahakam Hulu,104
0.7935800688193163,114.60987068221164,2,6.239999771118164,2026-08-13,SNPP,East Kalimantan,Mahakam Hulu,104
0.7902076165983422,114.10723426409064,1,3.5199999809265137,2026-08-13,SNPP,East Kalimantan,Mahakam Hulu,103
0.7902076165983422,114.11060703707693,1,3.5199999809265137,2026-08-13,SNPP,East Kalimantan,Mahakam Hulu,103
0.7902076165983422,114.1139798100632,1,3.5199999809265137,2026-08-13,SNPP,East Kalimantan,Mahakam Hulu,103
0.7902076165983422,114.60640466606016,2,6.239999771118164,2026-08-13,SNPP,East Kalimantan,Mahakam Hulu,104
0.7902076165983422,114.60977743904643,2,6.239999771118164,2026-08-13,SNPP,East Kalimantan,Mahakam Hulu,104
0.786835164377368,114.60631182284912,2,6.239999771118164,2026-08-13,SNPP,East Kalimantan,Mahakam Hulu,104
0.786835164377368,114.60968459310311,2,6.239999771118164,2026-08-13,SNPP,East Kalimantan,Mahakam Hulu,104
0.7362483810627554,114.42621211320935,1,2.630000114440918,2026-08-13,SNPP,East Kalimantan,Mahakam Hulu,105
0.7362483810627554,114.42958484388154,1,2.630000114440918,2026-08-13,SNPP,East Kalimantan,Mahakam Hulu,105
0.7362483810627554,114.43295757455373,1,2.630000114440918,2026-08-13,SNPP,East Kalimantan,Mahakam Hulu,105
0.7328759288417812,114.42612576004763,1,2.630000114440918,2026-08-13,SNPP,East Kalimantan,Mahakam Hulu,105
0.7328759288417812,114.42949848817456,1,2.630000114440918,2026-08-13,SNPP,East Kalimantan,Mahakam Hulu,105
0.7328759288417812,114.43287121630146,1,2.630000114440918,2026-08-13,SNPP,East Kalimantan,Mahakam Hulu,105
0.7295034766208071,114.42603980345022,1,2.630000114440918,2026-08-13,SNPP,East Kalimantan,Mahakam Hulu,105
0.7295034766208071,114.42941252904356,1,2.630000114440918,2026-08-13,SNPP,East Kalimantan,Mahakam Hulu,105
0.7295034766208071,114.4327852546369,1,2.630000114440918,2026-08-13,SNPP,East Kalimantan,Mahakam Hulu,105
0.3585337323136477,116.34808574543902,1,8.920000076293945,2026-08-13,SNPP,East Kalimantan,Kutai Kartanegara,106
0.3585337323136477,116.35145826368944,1,8.920000076293945,2026-08-13,SNPP,East Kalimantan,Kutai Kartanegara,106
0.3585337323136477,116.35483078193985,1,8.920000076293945,2026-08-13,SNPP,East Kalimantan,Kutai Kartanegara,106
0.3585337323136477,116.35820330019027,1,8.920000076293945,2026-08-13,SNPP,East Kalimantan,Kutai Kartanegara,106
0.35516128009267356,116.34804309259593,1,8.920000076293945,2026-08-13,SNPP,East Kalimantan,Kutai Kartanegara,106
0.35516128009267356,116.35141560961,1,8.920000076293945,2026-08-13,SNPP,East Kalimantan,Kutai Kartanegara,106
0.35516128009267356,116.35478812662406,1,8.920000076293945,2026-08-13,SNPP,East Kalimantan,Kutai Kartanegara,106
0.35516128009267356,116.35816064363813,1,8.920000076293945,2026-08-13,SNPP,East Kalimantan,Kutai Kartanegara,106
0.3517888278716994,116.34800084287696,1,8.920000076293945,2026-08-13,SNPP,East Kalimantan,Kutai Kartanegara,106
0.3517888278716994,116.35137335866636,1,8.920000076293945,2026-08-13,SNPP,East Kalimantan,Kutai Kartanegara,106
0.3517888278716994,116.35474587445574,1,8.920000076293945,2026-08-13,SNPP,East Kalimantan,Kutai Kartanegara,106
0.3517888278716994,116.35811839024515,1,8.920000076293945,2026-08-13,SNPP,East Kalimantan,Kutai Kartanegara,106
0.04489567576304942,109.35812037444414,1,1.8300000429153442,2026-08-13,SNPP,West Kalimantan,Mempawah,107
0.04489567576304942,109.36149282770046,1,1.8300000429153442,2026-08-13,SNPP,West Kalimantan,Mempawah,107
0.04489567576304942,109.36486528095676,1,1.8300000429153442,2026-08-13,SNPP,West Kalimantan,Kubu Raya,107
0.041523223542075244,109.35811552010198,1,1.8300000429153442,2026-08-13,SNPP,West Kalimantan,Mempawah,107
0.041523223542075244,109.3614879732086,1,1.8300000429153442,2026-08-13,SNPP,West Kalimantan,Mempawah,107
0.041523223542075244,109.3648604263152,1,1.8300000429153442,2026-08-13,SNPP,West Kalimantan,Mempawah,107
0.03815077132110107,109.35811104463644,1,1.8300000429153442,2026-08-13,SNPP,West Kalimantan,Mempawah,107
0.03815077132110107,109.36148349760504,1,1.8300000429153442,2026-08-13,SNPP,West Kalimantan,Mempawah,107
0.03815077132110107,109.36485595057363,1,1.8300000429153442,2026-08-13,SNPP,West Kalimantan,Mempawah,107
-0.309211807439239,109.63959696241108,1,1.8200000524520874,2026-08-13,SNPP,West Kalimantan,Kubu Raya,108
-0.309211807439239,109.6429694637441,1,1.8200000524520874,2026-08-13,SNPP,West Kalimantan,Kubu Raya,108
-0.309211807439239,109.6463419650771,1,1.8200000524520874,2026-08-13,SNPP,West Kalimantan,Kubu Raya,108
-0.3125842596602132,109.63963198032558,1,1.8200000524520874,2026-08-13,SNPP,West Kalimantan,Kubu Raya,108
-0.3125842596602132,109.64300448273575,1,1.8200000524520874,2026-08-13,SNPP,West Kalimantan,Kubu Raya,108
-0.3125842596602132,109.64637698514589,1,1.8200000524520874,2026-08-13,SNPP,West Kalimantan,Kubu Raya,108
-0.31595671188118735,109.63966737811425,1,1.8200000524520874,2026-08-13,SNPP,West Kalimantan,Kubu Raya,108
-0.31595671188118735,109.64303988161325,1,1.8200000524520874,2026-08-13,SNPP,West Kalimantan,Kubu Raya,108
-0.31595671188118735,109.64641238511224,1,1.8200000524520874,2026-08-13,SNPP,West Kalimantan,Kubu Raya,108
-0.3665434951958,109.4783629110619,1,0.9200000166893005,2026-08-13,SNPP,West Kalimantan,Kubu Raya,109
-0.3665434951958,109.48173543229557,1,0.9200000166893005,2026-08-13,SNPP,West Kalimantan,Kubu Raya,109
-0.3665434951958,109.48510795352924,1,0.9200000166893005,2026-08-13,SNPP,West Kalimantan,Kubu Raya,109
-0.3699159474167742,109.47840432568718,1,1.309999942779541,2026-08-13,SNPP,West Kalimantan,Kubu Raya,109
-0.3699159474167742,109.48177684819666,1,1.309999942779541,2026-08-13,SNPP,West Kalimantan,Kubu Raya,109
-0.3699159474167742,109.4851493707061,1,1.309999942779541,2026-08-13,SNPP,West Kalimantan,Kubu Raya,109
-0.37328839963774835,109.47844611963706,1,1.309999942779541,2026-08-13,SNPP,West Kalimantan,Kubu Raya,109
-0.37328839963774835,109.48181864343401,1,1.309999942779541,2026-08-13,SNPP,West Kalimantan,Kubu Raya,109
-0.37328839963774835,109.48519116723095,1,1.309999942779541,2026-08-13,SNPP,West Kalimantan,Kubu Raya,109
-0.37666085185872256,109.47848829291226,1,1.309999942779541,2026-08-13,SNPP,West Kalimantan,Kubu Raya,109
-0.37666085185872256,109.48186081800839,1,1.309999942779541,2026-08-13,SNPP,West Kalimantan,Kubu Raya,109
-0.37666085185872256,109.48523334310447,1,1.309999942779541,2026-08-13,SNPP,West Kalimantan,Kubu Raya,109
-0.423875182952361,109.2059424429259,1,2.609999895095825,2026-08-13,SNPP,West Kalimantan,Kubu Raya,110
-0.423875182952361,109.20931498743725,1,2.609999895095825,2026-08-13,SNPP,West Kalimantan,Kubu Raya,110
-0.423875182952361,109.21268753194862,1,2.609999895095825,2026-08-13,SNPP,West Kalimantan,Kubu Raya,110
-0.4272476351733352,109.20599018674231,1,2.609999895095825,2026-08-13,SNPP,West Kalimantan,Kubu Raya,110
-0.4272476351733352,109.20936273272812,1,2.609999895095825,2026-08-13,SNPP,West Kalimantan,Kubu Raya,110
-0.4272476351733352,109.21273527871392,1,2.609999895095825,2026-08-13,SNPP,West Kalimantan,Kubu Raya,110
-0.43062008739430935,109.20603830895,1,2.609999895095825,2026-08-13,SNPP,West Kalimantan,Kubu Raya,110
-0.43062008739430935,109.20941085642193,1,2.609999895095825,2026-08-13,SNPP,West Kalimantan,Kubu Raya,110
-0.43062008739430935,109.21278340389385,1,2.609999895095825,2026-08-13,SNPP,West Kalimantan,Kubu Raya,110
-0.4339925396152835,109.20608680954977,1,2.2699999809265137,2026-08-13,SNPP,West Kalimantan,Kubu Raya,110
-0.4339925396152835,109.20945935851952,1,2.2699999809265137,2026-08-13,SNPP,West Kalimantan,Kubu Raya,110
-0.4339925396152835,109.21283190748927,1,2.2699999809265137,2026-08-13,SNPP,West Kalimantan,Kubu Raya,110
0.35516128009267356,115.37675819254409,1,2.450000047683716,2026-08-13,SNPP,East Kalimantan,Mahakam Hulu,111
0.35516128009267356,115.38013070955814,1,2.450000047683716,2026-08-13,SNPP,East Kalimantan,Mahakam Hulu,111
0.3517888278716994,115.37671629552993,1,2.450000047683716,2026-08-13,SNPP,East Kalimantan,Mahakam Hulu,111
0.3517888278716994,115.38008881131931,1,2.450000047683716,2026-08-13,SNPP,East Kalimantan,Mahakam Hulu,111
0.34841637565072525,115.37667479827388,1,2.450000047683716,2026-08-13,SNPP,East Kalimantan,Mahakam Hulu,111
0.34841637565072525,115.38004731285028,1,2.450000047683716,2026-08-13,SNPP,East Kalimantan,Mahakam Hulu,111
0.9453404187631543,117.08682176650139,1,7.550000190734863,2026-08-13,SNPP,East Kalimantan,Kutai Timur,112
0.9453404187631543,117.09019467781067,1,7.550000190734863,2026-08-13,SNPP,East Kalimantan,Kutai Timur,112
0.9453404187631543,117.09356758912,1,7.550000190734863,2026-08-13,SNPP,East Kalimantan,Kutai Timur,112
0.9453404187631543,117.09694050042931,1,3.7799999713897705,2026-08-13,SNPP,East Kalimantan,Kutai Timur,112
0.9419679665421801,117.0867082496092,1,7.550000190734863,2026-08-13,SNPP,East Kalimantan,Kutai Timur,112
0.9419679665421801,117.09008115764843,1,7.550000190734863,2026-08-13,SNPP,East Kalimantan,Kutai Timur,112
0.9419679665421801,117.09345406568768,1,7.550000190734863,2026-08-13,SNPP,East Kalimantan,Kutai Timur,112
0.9419679665421801,117.09682697372693,1,3.7799999713897705,2026-08-13,SNPP,East Kalimantan,Kutai Timur,112
0.938595514321206,117.08659513858866,1,7.550000190734863,2026-08-13,SNPP,East Kalimantan,Kutai Timur,112
0.938595514321206,117.08996804336951,1,7.550000190734863,2026-08-13,SNPP,East Kalimantan,Kutai Timur,112
0.938595514321206,117.0933409481504,1,7.550000190734863,2026-08-13,SNPP,East Kalimantan,Kutai Timur,112
0.938595514321206,117.09671385293126,1,3.7799999713897705,2026-08-13,SNPP,East Kalimantan,Kutai Timur,112
0.8374219476919806,117.11374584100312,1,1.2400000095367432,2026-08-13,SNPP,East Kalimantan,Kutai Timur,113
0.8374219476919806,117.11711865346905,1,1.2400000095367432,2026-08-13,SNPP,East Kalimantan,Kutai Timur,113
0.8340494954710065,117.11364528500211,1,1.2400000095367432,2026-08-13,SNPP,East Kalimantan,Kutai Timur,113
0.8340494954710065,117.11701809457205,1,1.2400000095367432,2026-08-13,SNPP,East Kalimantan,Kutai Timur,113
0.8306770432500323,117.11354513491868,1,1.2400000095367432,2026-08-13,SNPP,East Kalimantan,Kutai Timur,113
0.8306770432500323,117.11691794160437,1,1.2400000095367432,2026-08-13,SNPP,East Kalimantan,Kutai Timur,113
0.786835164377368,117.02121532469913,1,8.140000343322754,2026-08-13,SNPP,East Kalimantan,Kutai Timur,114
0.786835164377368,117.02458809495312,1,8.140000343322754,2026-08-13,SNPP,East Kalimantan,Kutai Timur,114
0.786835164377368,117.0279608652071,1,8.140000343322754,2026-08-13,SNPP,East Kalimantan,Kutai Timur,114
0.786835164377368,117.03133363546108,1,14.279999732971191,2026-08-13,SNPP,East Kalimantan,Kutai Timur,114
0.7834627121563938,117.02112093073971,1,8.140000343322754,2026-08-13,SNPP,East Kalimantan,Kutai Timur,114
0.7834627121563938,117.02449369827308,1,8.140000343322754,2026-08-13,SNPP,East Kalimantan,Kutai Timur,114
0.7834627121563938,117.02786646580644,1,8.140000343322754,2026-08-13,SNPP,East Kalimantan,Kutai Timur,114
0.7834627121563938,117.03123923333983,1,14.279999732971191,2026-08-13,SNPP,East Kalimantan,Kutai Timur,114
0.7800902599354197,116.89960740867677,1,11.819999694824219,2026-08-13,SNPP,East Kalimantan,Kutai Timur,115
0.7800902599354197,116.90298017350125,1,11.819999694824219,2026-08-13,SNPP,East Kalimantan,Kutai Timur,115
0.7800902599354197,116.9063529383257,1,11.819999694824219,2026-08-13,SNPP,East Kalimantan,Kutai Timur,115
0.7800902599354197,117.02102694235697,1,8.140000343322754,2026-08-13,SNPP,East Kalimantan,Kutai Timur,114
0.7800902599354197,117.02439970718142,1,8.140000343322754,2026-08-13,SNPP,East Kalimantan,Kutai Timur,114
0.7800902599354197,117.02777247200586,1,8.140000343322754,2026-08-13,SNPP,East Kalimantan,Kutai Timur,114
0.7800902599354197,117.03114523683031,1,14.279999732971191,2026-08-13,SNPP,East Kalimantan,Kutai Timur,114
0.7767178077144455,116.89951392296945,1,11.819999694824219,2026-08-13,SNPP,East Kalimantan,Kutai Timur,115
0.7767178077144455,116.90288668509669,1,11.819999694824219,2026-08-13,SNPP,East Kalimantan,Kutai Timur,115
0.7767178077144455,116.90625944722392,1,11.819999694824219,2026-08-13,SNPP,East Kalimantan,Kutai Timur,115
0.7767178077144455,117.02093335954932,1,6.460000038146973,2026-08-13,SNPP,East Kalimantan,Kutai Timur,114
0.7767178077144455,117.02430612167652,1,6.460000038146973,2026-08-13,SNPP,East Kalimantan,Kutai Timur,114
0.7767178077144455,117.02767888380373,1,6.460000038146973,2026-08-13,SNPP,East Kalimantan,Kutai Timur,114
0.7767178077144455,117.0580337429487,1,46.220001220703125,2026-08-13,SNPP,East Kalimantan,Kutai Timur,116
0.7767178077144455,117.06140650507591,1,46.220001220703125,2026-08-13,SNPP,East Kalimantan,Kutai Timur,116
0.7767178077144455,117.06477926720315,1,46.220001220703125,2026-08-13,SNPP,East Kalimantan,Kutai Timur,116
0.7733453554934714,116.89942084241477,1,11.819999694824219,2026-08-13,SNPP,East Kalimantan,Kutai Timur,115
0.7733453554934714,116.90279360185644,1,11.819999694824219,2026-08-13,SNPP,East Kalimantan,Kutai Timur,115
0.7733453554934714,116.90616636129812,1,11.819999694824219,2026-08-13,SNPP,East Kalimantan,Kutai Timur,115
0.7733453554934714,116.97699430957331,1,5.159999847412109,2026-08-13,SNPP,East Kalimantan,Kutai Timur,117
0.7733453554934714,116.98036706901499,1,5.159999847412109,2026-08-13,SNPP,East Kalimantan,Kutai Timur,117
0.7733453554934714,116.98373982845666,1,5.159999847412109,2026-08-13,SNPP,East Kalimantan,Kutai Timur,117
0.7733453554934714,117.02084018231508,1,6.460000038146973,2026-08-13,SNPP,East Kalimantan,Kutai Timur,114
0.7733453554934714,117.02421294175679,1,6.460000038146973,2026-08-13,SNPP,East Kalimantan,Kutai Timur,114
0.7733453554934714,117.02758570119843,1,6.460000038146973,2026-08-13,SNPP,East Kalimantan,Kutai Timur,114
0.7733453554934714,117.05794053617352,1,46.220001220703125,2026-08-13,SNPP,East Kalimantan,Kutai Timur,116
0.7733453554934714,117.06131329561521,1,46.220001220703125,2026-08-13,SNPP,East Kalimantan,Kutai Timur,116
0.7733453554934714,117.06468605505688,1,46.220001220703125,2026-08-13,SNPP,East Kalimantan,Kutai Timur,116
0.7699729032724972,116.97690157267103,1,5.159999847412109,2026-08-13,SNPP,East Kalimantan,Kutai Timur,117
0.7699729032724972,116.98027432943884,1,5.159999847412109,2026-08-13,SNPP,East Kalimantan,Kutai Timur,117
0.7699729032724972,116.98364708620666,1,5.159999847412109,2026-08-13,SNPP,East Kalimantan,Kutai Timur,117
0.7699729032724972,117.05784773509879,1,46.220001220703125,2026-08-13,SNPP,East Kalimantan,Kutai Timur,116
0.7699729032724972,117.06122049186658,1,46.220001220703125,2026-08-13,SNPP,East Kalimantan,Kutai Timur,116
0.7699729032724972,117.06459324863441,1,46.220001220703125,2026-08-13,SNPP,East Kalimantan,Kutai Timur,116
0.766600451051523,116.97680924118698,1,5.159999847412109,2026-08-13,SNPP,East Kalimantan,Kutai Timur,117
0.766600451051523,116.98018199529265,1,5.159999847412109,2026-08-13,SNPP,East Kalimantan,Kutai Timur,117
0.766600451051523,116.98355474939831,1,5.159999847412109,2026-08-13,SNPP,East Kalimantan,Kutai Timur,117
0.766600451051523,117.08811012667375,1,0.5400000214576721,2026-08-13,SNPP,East Kalimantan,Kutai Timur,118
0.766600451051523,117.09148288077941,1,0.5400000214576721,2026-08-13,SNPP,East Kalimantan,Kutai Timur,118
0.766600451051523,117.09485563488505,1,0.5400000214576721,2026-08-13,SNPP,East Kalimantan,Kutai Timur,118
0.766600451051523,117.13532868415298,1,17.940000534057617,2026-08-13,SNPP,East Kalimantan,Kutai Timur,119
0.766600451051523,117.13870143825862,1,17.940000534057617,2026-08-13,SNPP,East Kalimantan,Kutai Timur,119
0.766600451051523,117.14207419236429,1,17.940000534057617,2026-08-13,SNPP,East Kalimantan,Kutai Timur,119
0.7632279988305488,117.08801811314075,1,0.5400000214576721,2026-08-13,SNPP,East Kalimantan,Kutai Timur,118
0.7632279988305488,117.09139086459595,1,0.5400000214576721,2026-08-13,SNPP,East Kalimantan,Kutai Timur,118
0.7632279988305488,117.09476361605113,1,0.5400000214576721,2026-08-13,SNPP,East Kalimantan,Kutai Timur,118
0.7632279988305488,117.13523663351332,1,17.940000534057617,2026-08-13,SNPP,East Kalimantan,Kutai Timur,119
0.7632279988305488,117.13860938496852,1,17.940000534057617,2026-08-13,SNPP,East Kalimantan,Kutai Timur,119
0.7632279988305488,117.14198213642372,1,17.940000534057617,2026-08-13,SNPP,East Kalimantan,Kutai Timur,119
0.7598555466095747,117.08792650540857,1,0.5400000214576721,2026-08-13,SNPP,East Kalimantan,Kutai Timur,118
0.7598555466095747,117.09129925422498,1,0.5400000214576721,2026-08-13,SNPP,East Kalimantan,Kutai Timur,118
0.7598555466095747,117.09467200304137,1,0.5400000214576721,2026-08-13,SNPP,East Kalimantan,Kutai Timur,118
0.7598555466095747,117.13514498883816,1,17.940000534057617,2026-08-13,SNPP,East Kalimantan,Kutai Timur,119
0.7598555466095747,117.13851773765458,1,17.940000534057617,2026-08-13,SNPP,East Kalimantan,Kutai Timur,119
0.7598555466095747,117.14189048647098,1,17.940000534057617,2026-08-13,SNPP,East Kalimantan,Kutai Timur,119
0.6957789544110654,117.09300846038454,1,13.850000381469727,2026-08-13,SNPP,East Kalimantan,Kutai Timur,120
0.6957789544110654,117.09638116128492,1,13.850000381469727,2026-08-13,SNPP,East Kalimantan,Kutai Timur,120
0.6957789544110654,117.09975386218525,1,13.850000381469727,2026-08-13,SNPP,East Kalimantan,Kutai Timur,120
0.6924065021900911,117.09292496353474,1,13.850000381469727,2026-08-13,SNPP,East Kalimantan,Kutai Timur,120
0.6924065021900911,117.09629766203012,1,13.850000381469727,2026-08-13,SNPP,East Kalimantan,Kutai Timur,120
0.6924065021900911,117.09967036052548,1,13.850000381469727,2026-08-13,SNPP,East Kalimantan,Kutai Timur,120
0.6890340499691169,117.0928418724773,1,13.850000381469727,2026-08-13,SNPP,East Kalimantan,Kutai Timur,120
0.6890340499691169,117.09621456857934,1,13.850000381469727,2026-08-13,SNPP,East Kalimantan,Kutai Timur,120
0.6890340499691169,117.09958726468138,1,13.850000381469727,2026-08-13,SNPP,East Kalimantan,Kutai Timur,120
0.6890340499691169,117.46383844370169,1,2.049999952316284,2026-08-13,SNPP,East Kalimantan,Kutai Timur,121
0.6890340499691169,117.46721113980374,1,2.049999952316284,2026-08-13,SNPP,East Kalimantan,Kutai Timur,121
0.6890340499691169,117.47058383590576,1,2.049999952316284,2026-08-13,SNPP,East Kalimantan,Kutai Timur,121
0.6856615977481427,117.4637554964554,1,2.049999952316284,2026-08-13,SNPP,East Kalimantan,Kutai Timur,121
0.6856615977481427,117.46712819017584,1,2.049999952316284,2026-08-13,SNPP,East Kalimantan,Kutai Timur,121
0.6856615977481427,117.47050088389624,1,2.049999952316284,2026-08-13,SNPP,East Kalimantan,Kutai Timur,121
0.6822891455271686,117.46367295628434,1,2.049999952316284,2026-08-13,SNPP,East Kalimantan,Kutai Timur,121
0.6822891455271686,117.46704564763479,1,2.049999952316284,2026-08-13,SNPP,East Kalimantan,Kutai Timur,121
0.6822891455271686,117.47041833898524,1,2.049999952316284,2026-08-13,SNPP,East Kalimantan,Kutai Timur,121
0.5777431266769691,117.22523245520189,1,1.1100000143051147,2026-08-13,SNPP,East Kalimantan,Kutai Timur,122
0.5777431266769691,117.22860507888119,1,1.1100000143051147,2026-08-13,SNPP,East Kalimantan,Kutai Timur,122
0.5777431266769691,117.23197770256046,1,1.1100000143051147,2026-08-13,SNPP,East Kalimantan,Kutai Timur,122
0.574370674455995,117.22516308043573,1,1.1100000143051147,2026-08-13,SNPP,East Kalimantan,Kutai Timur,122
0.574370674455995,117.22853570211909,1,1.1100000143051147,2026-08-13,SNPP,East Kalimantan,Kutai Timur,122
0.574370674455995,117.2319083238024,1,1.1100000143051147,2026-08-13,SNPP,East Kalimantan,Kutai Timur,122
0.5709982222350208,117.22509411188321,1,1.1100000143051147,2026-08-13,SNPP,East Kalimantan,Kutai Timur,122
0.5709982222350208,117.22846673158232,1,1.1100000143051147,2026-08-13,SNPP,East Kalimantan,Kutai Timur,122
0.5709982222350208,117.23183935128138,1,1.1100000143051147,2026-08-13,SNPP,East Kalimantan,Kutai Timur,122
0.5372737000252791,117.21093636585033,1,0.3400000035762787,2026-08-13,SNPP,East Kalimantan,Kutai Timur,123
0.5372737000252791,117.21430896634958,1,0.3400000035762787,2026-08-13,SNPP,East Kalimantan,Kutai Timur,123
0.5372737000252791,117.21768156684887,1,0.3400000035762787,2026-08-13,SNPP,East Kalimantan,Kutai Timur,123
0.5339012478043048,117.21087187299305,1,0.3400000035762787,2026-08-13,SNPP,East Kalimantan,Kutai Timur,123
0.5339012478043048,117.21424447163662,1,0.3400000035762787,2026-08-13,SNPP,East Kalimantan,Kutai Timur,123
0.5339012478043048,117.21761707028021,1,0.3400000035762787,2026-08-13,SNPP,East Kalimantan,Kutai Timur,123
0.4934318211526148,117.26746345220101,1,6.519999980926514,2026-08-13,SNPP,East Kalimantan,Kutai Timur,124
0.4934318211526148,117.2708360294877,1,6.519999980926514,2026-08-13,SNPP,East Kalimantan,Kutai Timur,124
0.4934318211526148,117.2742086067744,1,6.519999980926514,2026-08-13,SNPP,East Kalimantan,Kutai Timur,124
0.49005936893164054,117.26740421028387,1,6.519999980926514,2026-08-13,SNPP,East Kalimantan,Kutai Timur,124
0.49005936893164054,117.27077678586677,1,6.519999980926514,2026-08-13,SNPP,East Kalimantan,Kutai Timur,124
0.49005936893164054,117.27414936144969,1,6.519999980926514,2026-08-13,SNPP,East Kalimantan,Kutai Timur,124
0.4866869167106664,117.26734537470452,1,6.519999980926514,2026-08-13,SNPP,East Kalimantan,Kutai Timur,124
0.4866869167106664,117.27071794859532,1,6.519999980926514,2026-08-13,SNPP,East Kalimantan,Kutai Timur,124
0.4866869167106664,117.27409052248615,1,6.519999980926514,2026-08-13,SNPP,East Kalimantan,Kutai Timur,124
0.3382990189878027,116.90092768046986,1,0.6899999976158142,2026-08-13,SNPP,East Kalimantan,Kutai Timur,125
0.3382990189878027,116.90430019147745,1,0.6899999976158142,2026-08-13,SNPP,East Kalimantan,Kutai Timur,125
0.3382990189878027,116.907672702485,1,0.6899999976158142,2026-08-13,SNPP,East Kalimantan,Kutai Timur,125
0.3349265667668285,116.90088725509672,1,0.6899999976158142,2026-08-13,SNPP,East Kalimantan,Kutai Timur,125
0.3349265667668285,116.90425976493806,1,0.6899999976158142,2026-08-13,SNPP,East Kalimantan,Kutai Timur,125
0.3349265667668285,116.90763227477937,1,0.6899999976158142,2026-08-13,SNPP,East Kalimantan,Kutai Timur,125
0.3315541145458543,116.9008472347598,1,0.6899999976158142,2026-08-13,SNPP,East Kalimantan,Kutai Timur,125
0.3315541145458543,116.90421974344656,1,0.6899999976158142,2026-08-13,SNPP,East Kalimantan,Kutai Timur,125
0.3315541145458543,116.90759225213333,1,0.6899999976158142,2026-08-13,SNPP,East Kalimantan,Kutai Timur,125
0.1865386690439648,116.62971190815938,1,1.4900000095367432,2026-08-13,SNPP,East Kalimantan,Kutai Timur,126
0.1865386690439648,116.63308437825391,1,1.4900000095367432,2026-08-13,SNPP,East Kalimantan,Kutai Timur,126
0.1865386690439648,116.63645684834842,1,1.4900000095367432,2026-08-13,SNPP,East Kalimantan,Kutai Timur,126
0.1865386690439648,116.63982931844289,1,1.4900000095367432,2026-08-13,SNPP,East Kalimantan,Kutai Timur,126
0.1831662168229906,116.62968976006307,1,1.4900000095367432,2026-08-13,SNPP,East Kalimantan,Kutai Timur,126
0.1831662168229906,116.63306222951714,1,1.4900000095367432,2026-08-13,SNPP,East Kalimantan,Kutai Timur,126
0.1831662168229906,116.63643469897121,1,1.4900000095367432,2026-08-13,SNPP,East Kalimantan,Kutai Timur,126
0.1831662168229906,116.63980716842525,1,1.4900000095367432,2026-08-13,SNPP,East Kalimantan,Kutai Timur,126
0.17979376460201646,116.62966801604392,1,1.4900000095367432,2026-08-13,SNPP,East Kalimantan,Kutai Timur,126
0.17979376460201646,116.63304048486926,1,1.4900000095367432,2026-08-13,SNPP,East Kalimantan,Kutai Timur,126
0.17979376460201646,116.63641295369457,1,1.4900000095367432,2026-08-13,SNPP,East Kalimantan,Kutai Timur,126
0.17979376460201646,116.63978542251988,1,2.140000104904175,2026-08-13,SNPP,East Kalimantan,Kutai Timur,126
0.17642131238104228,116.63301914430988,1,2.140000104904175,2026-08-13,SNPP,East Kalimantan,Kutai Timur,126
0.17642131238104228,116.63639161251814,1,2.140000104904175,2026-08-13,SNPP,East Kalimantan,Kutai Timur,126
0.17642131238104228,116.63976408072638,1,2.140000104904175,2026-08-13,SNPP,East Kalimantan,Kutai Timur,126
0.17642131238104228,116.6431365489346,1,0.4399999976158142,2026-08-13,SNPP,East Kalimantan,Kutai Timur,126
0.1730488601600681,116.63299820783865,1,2.140000104904175,2026-08-13,SNPP,East Kalimantan,Kutai Timur,126
0.1730488601600681,116.63637067544151,1,2.140000104904175,2026-08-13,SNPP,East Kalimantan,Kutai Timur,126
0.1730488601600681,116.63974314304437,1,2.140000104904175,2026-08-13,SNPP,East Kalimantan,Kutai Timur,126
0.1730488601600681,116.64311561064723,1,0.4399999976158142,2026-08-13,SNPP,East Kalimantan,Kutai Timur,126
0.16293150349714558,116.63293782295015,1,1.25,2026-08-13,SNPP,East Kalimantan,Kutai Timur,126
0.16293150349714558,116.63631028880697,1,1.25,2026-08-13,SNPP,East Kalimantan,Kutai Timur,126
0.16293150349714558,116.63968275466378,1,1.25,2026-08-13,SNPP,East Kalimantan,Kutai Timur,126
0.16293150349714558,116.64305522052062,1,1.25,2026-08-13,SNPP,East Kalimantan,Kutai Timur,126
0.16293150349714558,116.64642768637744,1,1.25,2026-08-13,SNPP,East Kalimantan,Kutai Timur,126
0.1595590512761714,116.63291850282789,1,1.25,2026-08-13,SNPP,East Kalimantan,Kutai Timur,126
0.1595590512761714,116.63629096812608,1,1.25,2026-08-13,SNPP,East Kalimantan,Kutai Timur,126
0.1595590512761714,116.63966343342425,1,1.25,2026-08-13,SNPP,East Kalimantan,Kutai Timur,126
0.1595590512761714,116.64303589872243,1,1.25,2026-08-13,SNPP,East Kalimantan,Kutai Timur,126
0.1595590512761714,116.64640836402059,1,1.25,2026-08-13,SNPP,East Kalimantan,Kutai Timur,126
0.1595590512761714,116.64978082931879,1,0.8199999928474426,2026-08-13,SNPP,East Kalimantan,Kutai Timur,126
0.15618659905519722,116.63289958679202,1,1.25,2026-08-13,SNPP,East Kalimantan,Kutai Timur,126
0.15618659905519722,116.63627205154324,1,1.25,2026-08-13,SNPP,East Kalimantan,Kutai Timur,126
0.15618659905519722,116.63964451629444,1,1.25,2026-08-13,SNPP,East Kalimantan,Kutai Timur,126
0.15618659905519722,116.64301698104566,1,1.25,2026-08-13,SNPP,East Kalimantan,Kutai Timur,126
0.15618659905519722,116.64638944579687,1,1.25,2026-08-13,SNPP,East Kalimantan,Kutai Timur,126
0.15618659905519722,116.64976191054812,1,0.8199999928474426,2026-08-13,SNPP,East Kalimantan,Kutai Timur,126
0.15281414683422304,116.6396260032741,1,1.0499999523162842,2026-08-13,SNPP,East Kalimantan,Kutai Timur,126
0.15281414683422304,116.64299846749006,1,0.8199999928474426,2026-08-13,SNPP,East Kalimantan,Kutai Timur,126
0.15281414683422304,116.64637093170599,1,0.8199999928474426,2026-08-13,SNPP,East Kalimantan,Kutai Timur,126
0.15281414683422304,116.64974339592193,1,0.8199999928474426,2026-08-13,SNPP,East Kalimantan,Kutai Timur,126
0.14944169461324888,116.64298035805524,1,0.8199999928474426,2026-08-13,SNPP,East Kalimantan,Kutai Timur,126
0.14944169461324888,116.64635282174757,1,0.8199999928474426,2026-08-13,SNPP,East Kalimantan,Kutai Timur,126
0.13932433795032634,116.79131679090601,1,4.539999961853027,2026-08-13,SNPP,East Kalimantan,Kutai Kartanegara,127
0.13932433795032634,116.7946892530977,1,4.539999961853027,2026-08-13,SNPP,East Kalimantan,Kutai Kartanegara,127
0.13932433795032634,116.79806171528935,1,4.539999961853027,2026-08-13,SNPP,East Kalimantan,Kutai Kartanegara,127
0.13595188572935216,116.79130027696966,1,4.539999961853027,2026-08-13,SNPP,East Kalimantan,Kutai Kartanegara,127
0.13595188572935216,116.79467273868447,1,4.539999961853027,2026-08-13,SNPP,East Kalimantan,Kutai Kartanegara,127
0.13595188572935216,116.79804520039929,1,4.539999961853027,2026-08-13,SNPP,East Kalimantan,Kutai Kartanegara,127
-0.6329672206527599,110.34283122920829,1,0.6399999856948853,2026-08-13,SNPP,West Kalimantan,Ketapang,128
-0.6329672206527599,110.34620388723387,1,0.6399999856948853,2026-08-13,SNPP,West Kalimantan,Ketapang,128
-0.6329672206527599,110.34957654525942,1,0.6399999856948853,2026-08-13,SNPP,West Kalimantan,Ketapang,128
-0.636339672873734,110.34290317397537,1,0.6399999856948853,2026-08-13,SNPP,West Kalimantan,Ketapang,128
-0.636339672873734,110.34627583419996,1,0.6399999856948853,2026-08-13,SNPP,West Kalimantan,Ketapang,128
-0.636339672873734,110.34964849442454,1,0.6399999856948853,2026-08-13,SNPP,West Kalimantan,Ketapang,128
0.07862019797279117,111.45922946777348,1,0.8799999952316284,2026-08-13,SNPP,West Kalimantan,Sintang,129
0.07862019797279117,111.46260192316943,1,0.8799999952316284,2026-08-13,SNPP,West Kalimantan,Sintang,129
0.075247745751817,111.4592206586038,1,0.8799999952316284,2026-08-13,SNPP,West Kalimantan,Sintang,129
0.075247745751817,111.4625931137332,1,0.8799999952316284,2026-08-13,SNPP,West Kalimantan,Sintang,129
0.07187529353084282,111.45921223559107,1,0.8799999952316284,2026-08-13,SNPP,West Kalimantan,Sintang,129
0.07187529353084282,111.4625846904656,1,0.8799999952316284,2026-08-13,SNPP,West Kalimantan,Sintang,129
0.06850284130986865,111.45920419873512,1,0.8799999952316284,2026-08-13,SNPP,West Kalimantan,Sintang,129
0.06850284130986865,111.46257665336648,1,0.8799999952316284,2026-08-13,SNPP,West Kalimantan,Sintang,129
0.06513038908889447,111.61095699603035,1,5.599999904632568,2026-08-13,SNPP,West Kalimantan,Sintang,130
0.06513038908889447,111.61432945043023,1,5.599999904632568,2026-08-13,SNPP,West Kalimantan,Sintang,130
0.06513038908889447,111.61770190483011,1,5.599999904632568,2026-08-13,SNPP,West Kalimantan,Sintang,130
0.06513038908889447,111.62107435922998,1,5.599999904632568,2026-08-13,SNPP,West Kalimantan,Sintang,130
0.0617579368679203,111.60757726741627,1,1.8899999856948853,2026-08-13,SNPP,West Kalimantan,Sintang,130
0.0617579368679203,111.61094972159636,1,3.4600000381469727,2026-08-13,SNPP,West Kalimantan,Sintang,130
0.0617579368679203,111.61432217577642,1,5.599999904632568,2026-08-13,SNPP,West Kalimantan,Sintang,130
0.0617579368679203,111.61769462995649,1,5.599999904632568,2026-08-13,SNPP,West Kalimantan,Sintang,130
0.0617579368679203,111.62106708413656,1,5.599999904632568,2026-08-13,SNPP,West Kalimantan,Sintang,130
0.05838548464694612,111.60757037987257,1,1.8899999856948853,2026-08-13,SNPP,West Kalimantan,Sintang,130
0.05838548464694612,111.61094283384453,1,3.4600000381469727,2026-08-13,SNPP,West Kalimantan,Sintang,130
0.05838548464694612,111.61431528781648,1,5.599999904632568,2026-08-13,SNPP,West Kalimantan,Sintang,130
0.05838548464694612,111.61768774178843,1,5.599999904632568,2026-08-13,SNPP,West Kalimantan,Sintang,130
0.05838548464694612,111.62106019576038,1,5.599999904632568,2026-08-13,SNPP,West Kalimantan,Sintang,130
0.05501303242597195,111.60756387899924,1,1.7100000381469727,2026-08-13,SNPP,West Kalimantan,Sintang,130
0.05501303242597195,111.61093633277477,1,3.4600000381469727,2026-08-13,SNPP,West Kalimantan,Sintang,130
0.05501303242597195,111.61430878655028,1,3.4600000381469727,2026-08-13,SNPP,West Kalimantan,Sintang,130
0.05501303242597195,111.6176812403258,1,3.4600000381469727,2026-08-13,SNPP,West Kalimantan,Sintang,130
0.051640580204997774,111.60755776479618,1,1.7100000381469727,2026-08-13,SNPP,West Kalimantan,Sintang,130
0.051640580204997774,111.61093021838695,1,1.7100000381469727,2026-08-13,SNPP,West Kalimantan,Sintang,130
0.051640580204997774,111.61430267197771,1,1.7100000381469727,2026-08-13,SNPP,West Kalimantan,Sintang,130
0.0482681279840236,111.60755203726329,1,1.7100000381469727,2026-08-13,SNPP,West Kalimantan,Sintang,130
0.0482681279840236,111.61092449068099,1,1.7100000381469727,2026-08-13,SNPP,West Kalimantan,Sintang,130
0.0482681279840236,111.61429694409867,1,1.7100000381469727,2026-08-13,SNPP,West Kalimantan,Sintang,130
-0.18443107526319452,111.76659672233139,1,0.41999998688697815,2026-08-13,SNPP,West Kalimantan,Melawi,131
-0.18443107526319452,111.76996919202428,1,0.41999998688697815,2026-08-13,SNPP,West Kalimantan,Melawi,131
-0.18780352748416868,111.76661809215233,1,0.41999998688697815,2026-08-13,SNPP,West Kalimantan,Melawi,131
-0.18780352748416868,111.76999056249005,1,0.41999998688697815,2026-08-13,SNPP,West Kalimantan,Melawi,131
-0.19117597970514286,111.66209324838162,1,1.5700000524520874,2026-08-13,SNPP,West Kalimantan,Melawi,132
-0.19117597970514286,111.66546571937583,1,1.5700000524520874,2026-08-13,SNPP,West Kalimantan,Melawi,132
-0.19117597970514286,111.66883819037004,1,1.5700000524520874,2026-08-13,SNPP,West Kalimantan,Melawi,132
-0.19454843192611704,111.64862548529743,1,2.1600000858306885,2026-08-13,SNPP,West Kalimantan,Sintang,132
-0.19454843192611704,111.65199795695982,1,2.1600000858306885,2026-08-13,SNPP,West Kalimantan,Melawi,132
-0.19454843192611704,111.66211537194702,1,0.8799999952316284,2026-08-13,SNPP,West Kalimantan,Melawi,132
-0.19454843192611704,111.66548784360941,1,0.8799999952316284,2026-08-13,SNPP,West Kalimantan,Melawi,132
-0.19454843192611704,111.66886031527181,1,0.8799999952316284,2026-08-13,SNPP,West Kalimantan,Melawi,132
-0.19454843192611704,111.67223278693422,1,0.8799999952316284,2026-08-13,SNPP,West Kalimantan,Melawi,132
-0.19792088414709122,111.64864799301083,1,2.1600000858306885,2026-08-13,SNPP,West Kalimantan,Melawi,132
-0.19792088414709122,111.65202046535309,1,2.1600000858306885,2026-08-13,SNPP,West Kalimantan,Melawi,132
-0.19792088414709122,111.6621378823799,1,0.8799999952316284,2026-08-13,SNPP,West Kalimantan,Melawi,132
-0.19792088414709122,111.66551035472217,1,0.8799999952316284,2026-08-13,SNPP,West Kalimantan,Melawi,132
-0.19792088414709122,111.66888282706444,1,0.8799999952316284,2026-08-13,SNPP,West Kalimantan,Melawi,132
-0.19792088414709122,111.6722552994067,1,0.8799999952316284,2026-08-13,SNPP,West Kalimantan,Melawi,132
-0.2012933363680654,111.64867088754535,1,2.1600000858306885,2026-08-13,SNPP,West Kalimantan,Melawi,132
-0.2012933363680654,111.65204336057917,1,2.1600000858306885,2026-08-13,SNPP,West Kalimantan,Melawi,132
-0.2012933363680654,111.65541583361299,1,1.8700000047683716,2026-08-13,SNPP,West Kalimantan,Melawi,132
-0.2012933363680654,111.65878830664681,1,1.8700000047683716,2026-08-13,SNPP,West Kalimantan,Melawi,132
-0.2012933363680654,111.66216077968065,1,0.8799999952316284,2026-08-13,SNPP,West Kalimantan,Melawi,132
-0.2012933363680654,111.66553325271447,1,0.8799999952316284,2026-08-13,SNPP,West Kalimantan,Melawi,132
-0.2012933363680654,111.66890572574829,1,0.8799999952316284,2026-08-13,SNPP,West Kalimantan,Melawi,132
-0.2012933363680654,111.67227819878211,1,0.8799999952316284,2026-08-13,SNPP,West Kalimantan,Melawi,132
-0.20466578858903958,111.6554391163755,1,1.8700000047683716,2026-08-13,SNPP,West Kalimantan,Melawi,132
-0.20466578858903958,111.65881159011256,1,1.8700000047683716,2026-08-13,SNPP,West Kalimantan,Melawi,132
-0.20466578858903958,111.66218406384965,1,0.8799999952316284,2026-08-13,SNPP,West Kalimantan,Melawi,132
-0.20466578858903958,111.6655565375867,1,0.8799999952316284,2026-08-13,SNPP,West Kalimantan,Melawi,132
-0.20466578858903958,111.66892901132377,1,0.8799999952316284,2026-08-13,SNPP,West Kalimantan,Melawi,132
-0.20466578858903958,111.67230148506083,1,0.8799999952316284,2026-08-13,SNPP,West Kalimantan,Melawi,132
-0.20803824081001376,111.66220773488729,1,1.1200000047683716,2026-08-13,SNPP,West Kalimantan,Melawi,132
-0.20803824081001376,111.66558020933928,1,1.1200000047683716,2026-08-13,SNPP,West Kalimantan,Melawi,132
-0.21141069303098792,111.65548684243682,1,1.5399999618530273,2026-08-13,SNPP,West Kalimantan,Melawi,132
-0.21141069303098792,111.6588593176154,1,2.490000009536743,2026-08-13,SNPP,West Kalimantan,Melawi,132
-0.21141069303098792,111.662231792794,1,2.490000009536743,2026-08-13,SNPP,West Kalimantan,Melawi,132
-0.21141069303098792,111.66560426797261,1,2.490000009536743,2026-08-13,SNPP,West Kalimantan,Melawi,132
-0.2147831452519621,111.65213880981955,1,2.5399999618530273,2026-08-13,SNPP,West Kalimantan,Melawi,132
-0.2147831452519621,111.65551128573644,1,2.5399999618530273,2026-08-13,SNPP,West Kalimantan,Melawi,132
-0.2147831452519621,111.65888376165331,1,2.490000009536743,2026-08-13,SNPP,West Kalimantan,Melawi,132
-0.2147831452519621,111.66225623757022,1,2.490000009536743,2026-08-13,SNPP,West Kalimantan,Melawi,132
-0.2147831452519621,111.66562871348711,1,2.490000009536743,2026-08-13,SNPP,West Kalimantan,Melawi,132
-0.21815559747293628,111.65216363921573,1,2.5399999618530273,2026-08-13,SNPP,West Kalimantan,Melawi,132
-0.21815559747293628,111.6555361158826,1,2.5399999618530273,2026-08-13,SNPP,West Kalimantan,Melawi,132
-0.21815559747293628,111.65890859254947,1,2.490000009536743,2026-08-13,SNPP,West Kalimantan,Melawi,132
-0.21815559747293628,111.66228106921635,1,2.490000009536743,2026-08-13,SNPP,West Kalimantan,Melawi,132
-0.21815559747293628,111.6656535458832,1,2.490000009536743,2026-08-13,SNPP,West Kalimantan,Melawi,132
-0.22152804969391046,111.65893381030428,1,1.059999942779541,2026-08-13,SNPP,West Kalimantan,Melawi,132
-0.22152804969391046,111.6623062877328,1,1.059999942779541,2026-08-13,SNPP,West Kalimantan,Melawi,132
-0.22152804969391046,111.66567876516133,1,1.059999942779541,2026-08-13,SNPP,West Kalimantan,Melawi,132
-0.22490050191488464,111.8714255416362,1,0.9900000095367432,2026-08-13,SNPP,West Kalimantan,Sintang,133
-0.22490050191488464,111.87479801983807,1,0.9900000095367432,2026-08-13,SNPP,West Kalimantan,Sintang,133
-0.22490050191488464,111.87817049803995,1,0.9900000095367432,2026-08-13,SNPP,West Kalimantan,Sintang,133
-0.2282729541358588,111.87145158256654,1,0.9900000095367432,2026-08-13,SNPP,West Kalimantan,Sintang,133
-0.2282729541358588,111.87482406155344,1,0.9900000095367432,2026-08-13,SNPP,West Kalimantan,Sintang,133
-0.2282729541358588,111.87819654054034,1,0.9900000095367432,2026-08-13,SNPP,West Kalimantan,Sintang,133
-0.23164540635683298,111.87147801109298,1,0.9900000095367432,2026-08-13,SNPP,West Kalimantan,Sintang,133
-0.23164540635683298,111.8748504908766,1,0.9900000095367432,2026-08-13,SNPP,West Kalimantan,Sintang,133
-0.23164540635683298,111.8782229706602,1,0.9900000095367432,2026-08-13,SNPP,West Kalimantan,Sintang,133
-0.23501785857780713,111.58484397689443,1,1.7000000476837158,2026-08-13,SNPP,West Kalimantan,Melawi,134
-0.23501785857780713,111.58821645748644,1,1.7000000476837158,2026-08-13,SNPP,West Kalimantan,Melawi,134
-0.23501785857780713,111.59158893807846,1,1.75,2026-08-13,SNPP,West Kalimantan,Melawi,134
-0.23501785857780713,111.5949614186705,1,1.75,2026-08-13,SNPP,West Kalimantan,Melawi,134
-0.23839031079878134,111.58487111090734,1,1.7000000476837158,2026-08-13,SNPP,West Kalimantan,Melawi,134
-0.23839031079878134,111.58824359231944,1,1.7000000476837158,2026-08-13,SNPP,West Kalimantan,Melawi,134
-0.23839031079878134,111.59161607373154,1,1.75,2026-08-13,SNPP,West Kalimantan,Melawi,134
-0.23839031079878134,111.59498855514367,1,1.75,2026-08-13,SNPP,West Kalimantan,Melawi,134
-0.2417627630197555,111.58489863152458,1,1.7000000476837158,2026-08-13,SNPP,West Kalimantan,Melawi,134
-0.2417627630197555,111.58827111376846,1,1.7000000476837158,2026-08-13,SNPP,West Kalimantan,Melawi,134
-0.2417627630197555,111.59164359601232,1,1.75,2026-08-13,SNPP,West Kalimantan,Melawi,134
-0.2417627630197555,111.59501607825621,1,1.75,2026-08-13,SNPP,West Kalimantan,Melawi,134
-0.24513521524072968,111.5849265387466,1,0.7599999904632568,2026-08-13,SNPP,West Kalimantan,Melawi,134
-0.24513521524072968,111.58829902183393,1,0.7599999904632568,2026-08-13,SNPP,West Kalimantan,Melawi,134
-0.2754872852294973,111.58182260983831,1,1.6799999475479126,2026-08-13,SNPP,West Kalimantan,Melawi,135
-0.2754872852294973,111.58519510104252,1,1.6799999475479126,2026-08-13,SNPP,West Kalimantan,Melawi,135
-0.27885973745047143,111.54475696836612,1,0.550000011920929,2026-08-13,SNPP,West Kalimantan,Melawi,135
-0.27885973745047143,111.54812946053062,1,0.550000011920929,2026-08-13,SNPP,West Kalimantan,Melawi,135
-0.27885973745047143,111.55150195269512,1,0.550000011920929,2026-08-13,SNPP,West Kalimantan,Melawi,135
-0.27885973745047143,111.55487444485962,1,0.8899999856948853,2026-08-13,SNPP,West Kalimantan,Melawi,135
-0.27885973745047143,111.55824693702414,1,0.8899999856948853,2026-08-13,SNPP,West Kalimantan,Melawi,135
-0.27885973745047143,111.56161942918864,1,1.7599999904632568,2026-08-13,SNPP,West Kalimantan,Melawi,135
-0.27885973745047143,111.56499192135314,1,1.7599999904632568,2026-08-13,SNPP,West Kalimantan,Melawi,135
-0.27885973745047143,111.56836441351766,1,1.7599999904632568,2026-08-13,SNPP,West Kalimantan,Melawi,135
-0.27885973745047143,111.58185438217568,1,1.6799999475479126,2026-08-13,SNPP,West Kalimantan,Melawi,135
-0.27885973745047143,111.58522687434018,1,1.6799999475479126,2026-08-13,SNPP,West Kalimantan,Melawi,135
-0.27885973745047143,111.58859936650468,1,1.6799999475479126,2026-08-13,SNPP,West Kalimantan,Melawi,135
-0.27885973745047143,111.59197185866918,1,1.6799999475479126,2026-08-13,SNPP,West Kalimantan,Melawi,135
-0.27885973745047143,111.63581425680778,1,10.390000343322754,2026-08-13,SNPP,West Kalimantan,Melawi,136
-0.27885973745047143,111.63918674897228,1,10.390000343322754,2026-08-13,SNPP,West Kalimantan,Melawi,136
-0.2822321896714456,111.54478911661045,1,0.550000011920929,2026-08-13,SNPP,West Kalimantan,Melawi,135
-0.2822321896714456,111.54816160974693,1,0.550000011920929,2026-08-13,SNPP,West Kalimantan,Melawi,135
-0.2822321896714456,111.55153410288342,1,0.550000011920929,2026-08-13,SNPP,West Kalimantan,Melawi,135
-0.2822321896714456,111.5549065960199,1,0.8899999856948853,2026-08-13,SNPP,West Kalimantan,Melawi,135
-0.2822321896714456,111.5582790891564,1,0.8899999856948853,2026-08-13,SNPP,West Kalimantan,Melawi,135
-0.2822321896714456,111.5616515822929,1,2.380000114440918,2026-08-13,SNPP,West Kalimantan,Melawi,135
-0.2822321896714456,111.56502407542938,1,2.380000114440918,2026-08-13,SNPP,West Kalimantan,Melawi,135
-0.2822321896714456,111.56839656856586,1,2.380000114440918,2026-08-13,SNPP,West Kalimantan,Melawi,135
-0.2822321896714456,111.58188654111183,1,1.6799999475479126,2026-08-13,SNPP,West Kalimantan,Melawi,135
-0.2822321896714456,111.58525903424831,1,1.6799999475479126,2026-08-13,SNPP,West Kalimantan,Melawi,135
-0.2822321896714456,111.5886315273848,1,1.6799999475479126,2026-08-13,SNPP,West Kalimantan,Melawi,135
-0.2822321896714456,111.59200402052129,1,1.6799999475479126,2026-08-13,SNPP,West Kalimantan,Melawi,135
-0.2822321896714456,111.62910144502268,1,2.119999885559082,2026-08-13,SNPP,West Kalimantan,Melawi,136
-0.2822321896714456,111.63247393815917,1,1.850000023841858,2026-08-13,SNPP,West Kalimantan,Melawi,136
-0.2822321896714456,111.63584643129566,1,10.390000343322754,2026-08-13,SNPP,West Kalimantan,Melawi,136
-0.2822321896714456,111.63921892443216,1,10.390000343322754,2026-08-13,SNPP,West Kalimantan,Melawi,136
-0.28560464189241974,111.55493913368606,1,0.8899999856948853,2026-08-13,SNPP,West Kalimantan,Melawi,135
-0.28560464189241974,111.55831162780623,1,0.8899999856948853,2026-08-13,SNPP,West Kalimantan,Melawi,135
-0.28560464189241974,111.56168412192639,1,2.380000114440918,2026-08-13,SNPP,West Kalimantan,Melawi,135
-0.28560464189241974,111.56505661604655,1,2.380000114440918,2026-08-13,SNPP,West Kalimantan,Melawi,135
-0.28560464189241974,111.56842911016669,1,2.380000114440918,2026-08-13,SNPP,West Kalimantan,Melawi,135
-0.28560464189241974,111.62913400432954,1,2.119999885559082,2026-08-13,SNPP,West Kalimantan,Melawi,136
-0.28560464189241974,111.63250649844971,1,1.850000023841858,2026-08-13,SNPP,West Kalimantan,Melawi,136
-0.28560464189241974,111.63587899256986,1,1.850000023841858,2026-08-13,SNPP,West Kalimantan,Melawi,136
-0.28560464189241974,111.63925148669003,1,1.850000023841858,2026-08-13,SNPP,West Kalimantan,Melawi,136
-0.28897709411339395,111.55497205785865,1,0.8899999856948853,2026-08-13,SNPP,West Kalimantan,Melawi,135
-0.28897709411339395,111.55834455297418,1,0.8899999856948853,2026-08-13,SNPP,West Kalimantan,Melawi,135
-0.28897709411339395,111.56171704808969,1,1.7599999904632568,2026-08-13,SNPP,West Kalimantan,Melawi,135
-0.28897709411339395,111.56508954320519,1,1.7599999904632568,2026-08-13,SNPP,West Kalimantan,Melawi,135
-0.28897709411339395,111.5684620383207,1,1.7599999904632568,2026-08-13,SNPP,West Kalimantan,Melawi,135
-0.28897709411339395,111.63253944551542,1,1.850000023841858,2026-08-13,SNPP,West Kalimantan,Melawi,136
-0.28897709411339395,111.63591194063093,1,1.850000023841858,2026-08-13,SNPP,West Kalimantan,Melawi,136
-0.28897709411339395,111.63928443574645,1,1.850000023841858,2026-08-13,SNPP,West Kalimantan,Melawi,136
-0.29234954633436816,111.56175036078336,1,0.699999988079071,2026-08-13,SNPP,West Kalimantan,Melawi,135
-0.29234954633436816,111.56512285690592,1,0.699999988079071,2026-08-13,SNPP,West Kalimantan,Melawi,135
-0.2957219985553423,111.56178406000801,1,0.699999988079071,2026-08-13,SNPP,West Kalimantan,Melawi,135
-0.2957219985553423,111.56515655714928,1,0.699999988079071,2026-08-13,SNPP,West Kalimantan,Melawi,135
-0.3597985907538516,111.45457718802564,1,2.2200000286102295,2026-08-13,SNPP,West Kalimantan,Melawi,137
-0.3597985907538516,111.45794970674278,1,2.2200000286102295,2026-08-13,SNPP,West Kalimantan,Melawi,137
-0.3597985907538516,111.46132222545992,1,2.2200000286102295,2026-08-13,SNPP,West Kalimantan,Melawi,137
-0.36317104297482583,111.45461857792337,1,2.2200000286102295,2026-08-13,SNPP,West Kalimantan,Melawi,137
-0.36317104297482583,111.45799109789294,1,2.2200000286102295,2026-08-13,SNPP,West Kalimantan,Melawi,137
-0.36317104297482583,111.4613636178625,1,2.2200000286102295,2026-08-13,SNPP,West Kalimantan,Melawi,137
-0.4474823484991802,112.06621130191793,1,4.349999904632568,2026-08-13,SNPP,West Kalimantan,Melawi,138
-0.4474823484991802,112.0695838569958,1,4.349999904632568,2026-08-13,SNPP,West Kalimantan,Melawi,138
-0.4474823484991802,112.07295641207367,1,4.349999904632568,2026-08-13,SNPP,West Kalimantan,Melawi,138
-0.4474823484991802,112.25170183120062,1,6.28000020980835,2026-08-13,SNPP,West Kalimantan,Melawi,139
-0.4474823484991802,112.2550743862785,1,6.28000020980835,2026-08-13,SNPP,West Kalimantan,Melawi,139
-0.4474823484991802,112.25844694135635,1,6.28000020980835,2026-08-13,SNPP,West Kalimantan,Melawi,139
-0.4474823484991802,112.26181949643423,1,6.28000020980835,2026-08-13,SNPP,West Kalimantan,Melawi,139
-0.45085480072015444,112.06626301418667,1,4.349999904632568,2026-08-13,SNPP,West Kalimantan,Melawi,138
-0.45085480072015444,112.06963557082078,1,4.349999904632568,2026-08-13,SNPP,West Kalimantan,Melawi,138
-0.45085480072015444,112.07300812745488,1,4.349999904632568,2026-08-13,SNPP,West Kalimantan,Melawi,138
-0.45085480072015444,112.25175362906283,1,6.28000020980835,2026-08-13,SNPP,West Kalimantan,Melawi,139
-0.45085480072015444,112.25512618569694,1,6.28000020980835,2026-08-13,SNPP,West Kalimantan,Melawi,139
-0.45085480072015444,112.25849874233104,1,6.28000020980835,2026-08-13,SNPP,West Kalimantan,Melawi,139
-0.45085480072015444,112.26187129896515,1,6.28000020980835,2026-08-13,SNPP,West Kalimantan,Melawi,139
-0.4542272529411286,112.06631511476223,1,4.349999904632568,2026-08-13,SNPP,West Kalimantan,Melawi,138
-0.4542272529411286,112.06968767296428,1,4.349999904632568,2026-08-13,SNPP,West Kalimantan,Melawi,138
-0.4542272529411286,112.07306023116631,1,4.349999904632568,2026-08-13,SNPP,West Kalimantan,Melawi,138
-0.4542272529411286,112.25180581587458,1,6.28000020980835,2026-08-13,SNPP,West Kalimantan,Melawi,139
-0.4542272529411286,112.25517837407662,1,6.28000020980835,2026-08-13,SNPP,West Kalimantan,Melawi,139
-0.4542272529411286,112.25855093227867,1,6.28000020980835,2026-08-13,SNPP,West Kalimantan,Melawi,139
-0.4542272529411286,112.2619234904807,1,6.28000020980835,2026-08-13,SNPP,West Kalimantan,Melawi,139
0.9554577754260768,117.84607202010626,1,2.7699999809265137,2026-08-13,SNPP,East Kalimantan,Kutai Timur,89
0.9554577754260768,117.84944494129593,1,1.9500000476837158,2026-08-13,SNPP,East Kalimantan,Kutai Timur,89
0.9554577754260768,117.85281786248564,1,1.9500000476837158,2026-08-13,SNPP,East Kalimantan,Kutai Timur,89
0.9520853232051026,117.84595654192893,1,2.7699999809265137,2026-08-13,SNPP,East Kalimantan,Kutai Timur,89
0.9520853232051026,117.84932945981346,1,1.9500000476837158,2026-08-13,SNPP,East Kalimantan,Kutai Timur,89
0.9520853232051026,117.85270237769801,1,1.9500000476837158,2026-08-13,SNPP,East Kalimantan,Kutai Timur,89
0.9487128709841284,117.84921438685093,1,1.9500000476837158,2026-08-13,SNPP,East Kalimantan,Kutai Timur,89
0.9487128709841284,117.85258730144203,1,1.9500000476837158,2026-08-13,SNPP,East Kalimantan,Kutai Timur,89
0.9352230621002318,117.73070662646464,1,6.25,2026-08-13,SNPP,East Kalimantan,Kutai Timur,140
0.9352230621002318,117.73407952799884,1,6.25,2026-08-13,SNPP,East Kalimantan,Kutai Timur,140
0.9352230621002318,117.737452429533,1,6.25,2026-08-13,SNPP,East Kalimantan,Kutai Timur,140
0.9318506098792575,117.73059370929705,1,6.25,2026-08-13,SNPP,East Kalimantan,Kutai Timur,140
0.9318506098792575,117.73396660759623,1,6.25,2026-08-13,SNPP,East Kalimantan,Kutai Timur,140
0.9318506098792575,117.7373395058954,1,6.25,2026-08-13,SNPP,East Kalimantan,Kutai Timur,140
0.9284781576582835,117.73048120022833,1,6.25,2026-08-13,SNPP,East Kalimantan,Kutai Timur,140
0.9284781576582835,117.73385409530422,1,6.25,2026-08-13,SNPP,East Kalimantan,Kutai Timur,140
0.9284781576582835,117.73722699038008,1,6.25,2026-08-13,SNPP,East Kalimantan,Kutai Timur,140
0.9183608009953609,117.7132816942156,1,3.380000114440918,2026-08-13,SNPP,East Kalimantan,Kutai Timur,140
0.9183608009953609,117.71665457969172,1,3.380000114440918,2026-08-13,SNPP,East Kalimantan,Kutai Timur,140
0.9149883487743868,117.71317083340573,1,3.380000114440918,2026-08-13,SNPP,East Kalimantan,Kutai Timur,140
0.9149883487743868,117.71654371570531,1,3.380000114440918,2026-08-13,SNPP,East Kalimantan,Kutai Timur,140
0.9116158965534126,117.71306038062659,1,3.380000114440918,2026-08-13,SNPP,East Kalimantan,Kutai Timur,140
0.9116158965534126,117.71643325976132,1,3.380000114440918,2026-08-13,SNPP,East Kalimantan,Kutai Timur,140
0.9082434443324383,117.74330621971038,1,2.240000009536743,2026-08-13,SNPP,East Kalimantan,Kutai Timur,141
0.9082434443324383,117.74667909569195,1,2.240000009536743,2026-08-13,SNPP,East Kalimantan,Kutai Timur,141
0.9082434443324383,117.7500519716735,1,2.240000009536743,2026-08-13,SNPP,East Kalimantan,Kutai Timur,141
0.9048709921114643,117.74319655471385,1,2.240000009536743,2026-08-13,SNPP,East Kalimantan,Kutai Timur,141
0.9048709921114643,117.74656942755395,1,2.240000009536743,2026-08-13,SNPP,East Kalimantan,Kutai Timur,141
0.9048709921114643,117.74994230039405,1,2.240000009536743,2026-08-13,SNPP,East Kalimantan,Kutai Timur,141
0.90149853989049,117.74308729784757,1,2.240000009536743,2026-08-13,SNPP,East Kalimantan,Kutai Timur,141
0.90149853989049,117.74646016755791,1,2.240000009536743,2026-08-13,SNPP,East Kalimantan,Kutai Timur,141
0.90149853989049,117.74983303726825,1,2.240000009536743,2026-08-13,SNPP,East Kalimantan,Kutai Timur,141
0.8273045910290582,117.83185260294194,1,6.28000020980835,2026-08-13,SNPP,East Kalimantan,Kutai Timur,142
0.8273045910290582,117.83522540675503,1,6.28000020980835,2026-08-13,SNPP,East Kalimantan,Kutai Timur,142
0.8273045910290582,117.83859821056814,1,6.28000020980835,2026-08-13,SNPP,East Kalimantan,Kutai Timur,142
0.823932138808084,117.83175265531943,1,6.28000020980835,2026-08-13,SNPP,East Kalimantan,Kutai Timur,142
0.823932138808084,117.83512545627163,1,6.28000020980835,2026-08-13,SNPP,East Kalimantan,Kutai Timur,142
0.823932138808084,117.83849825722386,1,6.28000020980835,2026-08-13,SNPP,East Kalimantan,Kutai Timur,142
0.8205596865871099,117.8316531160993,1,6.28000020980835,2026-08-13,SNPP,East Kalimantan,Kutai Timur,142
0.8205596865871099,117.8350259142023,1,6.28000020980835,2026-08-13,SNPP,East Kalimantan,Kutai Timur,142
0.8205596865871099,117.83839871230532,1,6.28000020980835,2026-08-13,SNPP,East Kalimantan,Kutai Timur,142
0.6789166933061944,117.56139880396084,1,2.5999999046325684,2026-08-13,SNPP,East Kalimantan,Kutai Timur,143
0.6789166933061944,117.56477149295306,1,2.5999999046325684,2026-08-13,SNPP,East Kalimantan,Kutai Timur,143
0.6789166933061944,117.56814418194526,1,2.5999999046325684,2026-08-13,SNPP,East Kalimantan,Kutai Timur,143
0.6755442410852203,117.5613170098853,1,3.240000009536743,2026-08-13,SNPP,East Kalimantan,Kutai Timur,143
0.6755442410852203,117.56468969653095,1,3.240000009536743,2026-08-13,SNPP,East Kalimantan,Kutai Timur,143
0.6755442410852203,117.56806238317657,1,3.240000009536743,2026-08-13,SNPP,East Kalimantan,Kutai Timur,143
0.6721717888642461,117.5612356232196,1,3.240000009536743,2026-08-13,SNPP,East Kalimantan,Kutai Timur,143
0.6721717888642461,117.56460830753036,1,3.240000009536743,2026-08-13,SNPP,East Kalimantan,Kutai Timur,143
0.6721717888642461,117.56798099184114,1,3.240000009536743,2026-08-13,SNPP,East Kalimantan,Kutai Timur,143
0.36527863675559613,117.52518200510828,1,3.4800000190734863,2026-08-13,SNPP,East Kalimantan,Kutai Timur,144
0.36527863675559613,117.52855452586647,1,3.4800000190734863,2026-08-13,SNPP,East Kalimantan,Kutai Timur,144
0.36527863675559613,117.53192704662465,1,3.4800000190734863,2026-08-13,SNPP,East Kalimantan,Kutai Timur,144
0.3619061845346219,117.52513810637068,1,3.4800000190734863,2026-08-13,SNPP,East Kalimantan,Kutai Timur,144
0.3619061845346219,117.52851062586915,1,3.4800000190734863,2026-08-13,SNPP,East Kalimantan,Kutai Timur,144
0.3619061845346219,117.53188314536759,1,3.4800000190734863,2026-08-13,SNPP,East Kalimantan,Kutai Timur,144
0.3585337323136477,117.5250946148368,1,3.4800000190734863,2026-08-13,SNPP,East Kalimantan,Kutai Timur,144
0.3585337323136477,117.52846713308725,1,3.4800000190734863,2026-08-13,SNPP,East Kalimantan,Kutai Timur,144
0.3585337323136477,117.53183965133763,1,3.4800000190734863,2026-08-13,SNPP,East Kalimantan,Kutai Timur,144
-0.029298273098382437,112.95988054224455,1,7.869999885559082,2026-08-13,SNPP,West Kalimantan,Sintang,145
-0.029298273098382437,112.96325299490643,1,7.869999885559082,2026-08-13,SNPP,West Kalimantan,Sintang,145
-0.029298273098382437,112.96662544756832,1,7.869999885559082,2026-08-13,SNPP,West Kalimantan,Sintang,145
-0.032670725319356615,112.95988413782736,1,7.869999885559082,2026-08-13,SNPP,West Kalimantan,Sintang,145
-0.032670725319356615,112.9632565905966,1,7.869999885559082,2026-08-13,SNPP,West Kalimantan,Sintang,145
-0.032670725319356615,112.96662904336584,1,7.869999885559082,2026-08-13,SNPP,West Kalimantan,Sintang,145
-0.0360431775403308,112.95988812476516,1,7.869999885559082,2026-08-13,SNPP,West Kalimantan,Sintang,145
-0.0360431775403308,112.96326057765341,1,7.869999885559082,2026-08-13,SNPP,West Kalimantan,Sintang,145
-0.0360431775403308,112.9666330305417,1,7.869999885559082,2026-08-13,SNPP,West Kalimantan,Sintang,145
0.07187529353084282,110.69366497907015,1,0.44999998807907104,2026-08-13,SNPP,West Kalimantan,Sanggau,146
0.07187529353084282,110.6970374339447,1,0.44999998807907104,2026-08-13,SNPP,West Kalimantan,Sanggau,146
0.06850284130986865,110.69365699741462,1,0.44999998807907104,2026-08-13,SNPP,West Kalimantan,Sanggau,146
0.06850284130986865,110.69702945204598,1,0.44999998807907104,2026-08-13,SNPP,West Kalimantan,Sanggau,146
0.06513038908889447,110.69364939926345,1,0.44999998807907104,2026-08-13,SNPP,West Kalimantan,Sanggau,146
0.06513038908889447,110.69702185366332,1,0.44999998807907104,2026-08-13,SNPP,West Kalimantan,Sanggau,146
-0.34968123409092916,111.20826173816076,1,3.799999952316284,2026-08-13,SNPP,West Kalimantan,Sintang,147
-0.34968123409092916,111.21163425319074,1,3.799999952316284,2026-08-13,SNPP,West Kalimantan,Sintang,147
-0.34968123409092916,111.21500676822072,1,3.799999952316284,2026-08-13,SNPP,West Kalimantan,Sintang,147
-0.3530536863119033,111.2083018806829,1,3.799999952316284,2026-08-13,SNPP,West Kalimantan,Sintang,147
-0.3530536863119033,111.21167439693023,1,3.799999952316284,2026-08-13,SNPP,West Kalimantan,Sintang,147
-0.3530536863119033,111.21504691317759,1,3.799999952316284,2026-08-13,SNPP,West Kalimantan,Sintang,147
-0.2417627630197555,114.11426031442751,1,15.319999694824219,2026-08-13,SNPP,Central Kalimantan,Murung Raya,148
-0.2417627630197555,114.11763279667139,1,15.319999694824219,2026-08-13,SNPP,Central Kalimantan,Murung Raya,148
-0.24513521524072968,114.11428885423925,1,15.319999694824219,2026-08-13,SNPP,Central Kalimantan,Murung Raya,148
-0.24513521524072968,114.11766133732658,1,15.319999694824219,2026-08-13,SNPP,Central Kalimantan,Murung Raya,148
-0.24850766746170388,114.1109453054772,1,15.319999694824219,2026-08-13,SNPP,Central Kalimantan,Murung Raya,148
-0.24850766746170388,114.11431778941966,1,15.319999694824219,2026-08-13,SNPP,Central Kalimantan,Murung Raya,148
-0.24850766746170388,114.11769027336213,1,15.319999694824219,2026-08-13,SNPP,Central Kalimantan,Murung Raya,148
-0.24850766746170388,114.12106275730459,1,15.319999694824219,2026-08-13,SNPP,Central Kalimantan,Murung Raya,148
-0.25188011968267804,114.11097463516,1,15.319999694824219,2026-08-13,SNPP,Central Kalimantan,Murung Raya,148
-0.25188011968267804,114.11434711996928,1,15.319999694824219,2026-08-13,SNPP,Central Kalimantan,Murung Raya,148
-0.25188011968267804,114.11771960477857,1,15.319999694824219,2026-08-13,SNPP,Central Kalimantan,Murung Raya,148
-0.25188011968267804,114.12109208958785,1,15.319999694824219,2026-08-13,SNPP,Central Kalimantan,Murung Raya,148
-0.2552525719036522,114.1110043602008,1,15.319999694824219,2026-08-13,SNPP,Central Kalimantan,Murung Raya,148
-0.2552525719036522,114.1143768458886,1,15.319999694824219,2026-08-13,SNPP,Central Kalimantan,Murung Raya,148
-0.2552525719036522,114.11774933157639,1,15.319999694824219,2026-08-13,SNPP,Central Kalimantan,Murung Raya,148
-0.2552525719036522,114.12112181726418,1,15.319999694824219,2026-08-13,SNPP,Central Kalimantan,Murung Raya,148
-0.5351661062445088,114.14857581473957,1,3.7699999809265137,2026-08-13,SNPP,Central Kalimantan,Murung Raya,149
-0.5351661062445088,114.15194841407778,1,3.7699999809265137,2026-08-13,SNPP,Central Kalimantan,Murung Raya,149
-0.5385385584654829,114.14863877096936,1,3.7699999809265137,2026-08-13,SNPP,Central Kalimantan,Murung Raya,149
-0.5385385584654829,114.15201137216765,1,3.7699999809265137,2026-08-13,SNPP,Central Kalimantan,Murung Raya,149
-0.5419110106864571,114.14870212274226,1,3.7699999809265137,2026-08-13,SNPP,Central Kalimantan,Murung Raya,149
-0.5419110106864571,114.15207472581233,1,3.7699999809265137,2026-08-13,SNPP,Central Kalimantan,Murung Raya,149
-0.8724113283419263,110.20385734831775,1,1.5299999713897705,2026-08-13,SNPP,West Kalimantan,Kayong Utara,150
-0.8724113283419263,110.20723019151922,1,1.5299999713897705,2026-08-13,SNPP,West Kalimantan,Kayong Utara,150
-0.8724113283419263,110.21060303472069,1,1.5299999713897705,2026-08-13,SNPP,West Kalimantan,Kayong Utara,150
-0.8724113283419263,110.21397587792217,1,1.5299999713897705,2026-08-13,SNPP,West Kalimantan,Kayong Utara,150
-0.8724113283419263,110.21734872112364,1,1.5299999713897705,2026-08-13,SNPP,West Kalimantan,Kayong Utara,150
-0.8757837805629005,110.20395631548318,1,1.5299999713897705,2026-08-13,SNPP,West Kalimantan,Kayong Utara,150
-0.8757837805629005,110.2073291617136,1,1.5299999713897705,2026-08-13,SNPP,West Kalimantan,Kayong Utara,150
-0.8757837805629005,110.210702007944,1,1.5299999713897705,2026-08-13,SNPP,West Kalimantan,Kayong Utara,150
-0.8757837805629005,110.21407485417443,1,1.5299999713897705,2026-08-13,SNPP,West Kalimantan,Kayong Utara,150
-0.8757837805629005,110.21744770040483,1,1.5299999713897705,2026-08-13,SNPP,West Kalimantan,Kayong Utara,150
-0.8791562327838747,110.20405566463376,1,1.5299999713897705,2026-08-13,SNPP,West Kalimantan,Kayong Utara,150
-0.8791562327838747,110.20742851390479,1,1.5299999713897705,2026-08-13,SNPP,West Kalimantan,Kayong Utara,150
-0.8791562327838747,110.21080136317582,1,1.5299999713897705,2026-08-13,SNPP,West Kalimantan,Kayong Utara,150
-0.8791562327838747,110.21417421244688,1,1.5299999713897705,2026-08-13,SNPP,West Kalimantan,Kayong Utara,150
-0.8825286850048489,110.20752824809453,1,1.5299999713897705,2026-08-13,SNPP,West Kalimantan,Kayong Utara,150
-0.8825286850048489,110.21090110041789,1,1.5299999713897705,2026-08-13,SNPP,West Kalimantan,Kayong Utara,150
-0.8825286850048489,110.21427395274125,1,1.5299999713897705,2026-08-13,SNPP,West Kalimantan,Kayong Utara,150
-0.8825286850048489,110.46723787699317,1,4.829999923706055,2026-08-13,SNPP,West Kalimantan,Ketapang,151
-0.8825286850048489,110.47061072931652,1,4.829999923706055,2026-08-13,SNPP,West Kalimantan,Ketapang,151
-0.8825286850048489,110.4739835816399,1,4.829999923706055,2026-08-13,SNPP,West Kalimantan,Ketapang,151
-0.8825286850048489,110.47735643396325,1,4.829999923706055,2026-08-13,SNPP,West Kalimantan,Ketapang,151
-0.8859011372258231,110.46733822911206,1,4.829999923706055,2026-08-13,SNPP,West Kalimantan,Ketapang,151
-0.8859011372258231,110.47071108449943,1,4.829999923706055,2026-08-13,SNPP,West Kalimantan,Ketapang,151
-0.8859011372258231,110.47408393988681,1,4.829999923706055,2026-08-13,SNPP,West Kalimantan,Ketapang,151
-0.8859011372258231,110.47745679527416,1,4.829999923706055,2026-08-13,SNPP,West Kalimantan,Ketapang,151
-0.8859011372258231,110.48082965066153,1,1.7699999809265137,2026-08-13,SNPP,West Kalimantan,Ketapang,151
-0.8892735894467972,110.46743896413315,1,4.829999923706055,2026-08-13,SNPP,West Kalimantan,Ketapang,151
-0.8892735894467972,110.47081182259622,1,4.829999923706055,2026-08-13,SNPP,West Kalimantan,Ketapang,151
-0.8892735894467972,110.4741846810593,1,4.829999923706055,2026-08-13,SNPP,West Kalimantan,Ketapang,151
-0.8892735894467972,110.47755753952237,1,4.829999923706055,2026-08-13,SNPP,West Kalimantan,Ketapang,151
-0.8892735894467972,110.48093039798545,1,1.7699999809265137,2026-08-13,SNPP,West Kalimantan,Ketapang,151
-0.8926460416677714,110.47091294360865,1,4.829999923706055,2026-08-13,SNPP,West Kalimantan,Ketapang,151
-0.8926460416677714,110.47428580515914,1,4.829999923706055,2026-08-13,SNPP,West Kalimantan,Ketapang,151
-0.8926460416677714,110.4776586667096,1,4.829999923706055,2026-08-13,SNPP,West Kalimantan,Ketapang,151
-0.8926460416677714,110.48103152826008,1,1.7699999809265137,2026-08-13,SNPP,West Kalimantan,Ketapang,151
-1.0376614871696608,109.71332419782473,1,1.9800000190734863,2026-08-13,SNPP,West Kalimantan,Kayong Utara,152
-1.0410339393906352,109.71344135493516,1,1.9800000190734863,2026-08-13,SNPP,West Kalimantan,Kayong Utara,152
-1.0444063916116093,109.71355889240388,1,1.9800000190734863,2026-08-13,SNPP,West Kalimantan,Kayong Utara,152
-1.074758461600377,109.9608661772558,1,1.8899999856948853,2026-08-13,SNPP,West Kalimantan,Kayong Utara,153
-1.074758461600377,109.96423922288828,1,1.8899999856948853,2026-08-13,SNPP,West Kalimantan,Kayong Utara,153
-1.074758461600377,109.96761226852077,1,1.8899999856948853,2026-08-13,SNPP,West Kalimantan,Kayong Utara,153
-1.074758461600377,109.97098531415325,1,1.8899999856948853,2026-08-13,SNPP,West Kalimantan,Kayong Utara,153
-1.078130913821351,109.96098779074639,1,1.8899999856948853,2026-08-13,SNPP,West Kalimantan,Kayong Utara,153
-1.078130913821351,109.96436084010938,1,1.8899999856948853,2026-08-13,SNPP,West Kalimantan,Kayong Utara,153
-1.078130913821351,109.96773388947236,1,1.8899999856948853,2026-08-13,SNPP,West Kalimantan,Kayong Utara,153
-1.078130913821351,109.97110693883533,1,1.8899999856948853,2026-08-13,SNPP,West Kalimantan,Kayong Utara,153
-1.0815033660423252,109.96110978547175,1,1.8899999856948853,2026-08-13,SNPP,West Kalimantan,Kayong Utara,153
-1.0815033660423252,109.96448283857691,1,1.8899999856948853,2026-08-13,SNPP,West Kalimantan,Kayong Utara,153
-1.0815033660423252,109.96785589168208,1,1.8899999856948853,2026-08-13,SNPP,West Kalimantan,Kayong Utara,153
-1.0815033660423252,109.97122894478723,1,1.8899999856948853,2026-08-13,SNPP,West Kalimantan,Kayong Utara,153
-1.0882482704842735,109.9647279792598,1,2.0799999237060547,2026-08-13,SNPP,West Kalimantan,Kayong Utara,153
-1.0882482704842735,109.96810103988443,1,2.0799999237060547,2026-08-13,SNPP,West Kalimantan,Kayong Utara,153
-1.0882482704842735,109.97147410050903,1,2.0799999237060547,2026-08-13,SNPP,West Kalimantan,Kayong Utara,153
-1.091620722705248,109.96485112147941,1,2.0799999237060547,2026-08-13,SNPP,West Kalimantan,Kayong Utara,153
-1.091620722705248,109.96822418588128,1,2.0799999237060547,2026-08-13,SNPP,West Kalimantan,Kayong Utara,153
-1.091620722705248,109.97159725028317,1,2.0799999237060547,2026-08-13,SNPP,West Kalimantan,Kayong Utara,153
-1.1051105315891445,110.20483615650932,1,1.159999966621399,2026-08-13,SNPP,West Kalimantan,Kayong Utara,154
-1.1051105315891445,110.20820923613721,1,1.159999966621399,2026-08-13,SNPP,West Kalimantan,Kayong Utara,154
-1.1051105315891445,110.2115823157651,1,1.159999966621399,2026-08-13,SNPP,West Kalimantan,Kayong Utara,154
-1.1084829838101184,110.20496147736276,1,1.159999966621399,2026-08-13,SNPP,West Kalimantan,Kayong Utara,154
-1.1084829838101184,110.2083345608264,1,1.159999966621399,2026-08-13,SNPP,West Kalimantan,Kayong Utara,154
-1.1084829838101184,110.21170764429003,1,1.159999966621399,2026-08-13,SNPP,West Kalimantan,Kayong Utara,154
-1.1118554360310928,109.74297421869545,1,3.0899999141693115,2026-08-13,SNPP,West Kalimantan,Kayong Utara,155
-1.1118554360310928,109.74634730600653,1,3.0899999141693115,2026-08-13,SNPP,West Kalimantan,Kayong Utara,155
-1.1118554360310928,109.74972039331759,1,3.0899999141693115,2026-08-13,SNPP,West Kalimantan,Kayong Utara,155
-1.1118554360310928,110.20508718031226,1,1.159999966621399,2026-08-13,SNPP,West Kalimantan,Kayong Utara,154
-1.1118554360310928,110.20846026762334,1,1.159999966621399,2026-08-13,SNPP,West Kalimantan,Kayong Utara,154
-1.1118554360310928,110.2118333549344,1,1.159999966621399,2026-08-13,SNPP,West Kalimantan,Kayong Utara,154
-1.1118554360310928,110.44457637939836,1,0.9300000071525574,2026-08-13,SNPP,West Kalimantan,Kayong Utara,156
-1.1118554360310928,110.44794946670942,1,0.9300000071525574,2026-08-13,SNPP,West Kalimantan,Kayong Utara,156
-1.1118554360310928,110.4513225540205,1,1.0700000524520874,2026-08-13,SNPP,West Kalimantan,Kayong Utara,156
-1.1118554360310928,110.45469564133157,1,1.0700000524520874,2026-08-13,SNPP,West Kalimantan,Kayong Utara,156
-1.1118554360310928,110.45806872864263,1,1.0700000524520874,2026-08-13,SNPP,West Kalimantan,Kayong Utara,156
-1.115227888252067,109.74309977504225,1,3.0899999141693115,2026-08-13,SNPP,West Kalimantan,Kayong Utara,155
-1.115227888252067,109.74647286621246,1,3.0899999141693115,2026-08-13,SNPP,West Kalimantan,Kayong Utara,155
-1.115227888252067,109.74984595738265,1,3.0899999141693115,2026-08-13,SNPP,West Kalimantan,Kayong Utara,155
-1.115227888252067,110.44470273844442,1,0.9300000071525574,2026-08-13,SNPP,West Kalimantan,Kayong Utara,156
-1.115227888252067,110.44807582961462,1,0.9300000071525574,2026-08-13,SNPP,West Kalimantan,Kayong Utara,156
-1.115227888252067,110.45144892078481,1,1.0700000524520874,2026-08-13,SNPP,West Kalimantan,Kayong Utara,156
-1.115227888252067,110.45482201195502,1,1.0700000524520874,2026-08-13,SNPP,West Kalimantan,Kayong Utara,156
-1.115227888252067,110.45819510312522,1,1.0700000524520874,2026-08-13,SNPP,West Kalimantan,Ketapang,156
-1.1186003404730411,110.44482948042125,1,0.9300000071525574,2026-08-13,SNPP,West Kalimantan,Kayong Utara,156
-1.1186003404730411,110.44820257546228,1,2.509999990463257,2026-08-13,SNPP,West Kalimantan,Kayong Utara,156
-1.1186003404730411,110.4515756705033,1,2.509999990463257,2026-08-13,SNPP,West Kalimantan,Kayong Utara,156
-1.1186003404730411,110.45494876554432,1,2.509999990463257,2026-08-13,SNPP,West Kalimantan,Kayong Utara,156
-1.1186003404730411,110.45832186058536,1,1.0700000524520874,2026-08-13,SNPP,West Kalimantan,Kayong Utara,156
-1.1219727926940155,110.44495660533106,1,0.9300000071525574,2026-08-13,SNPP,West Kalimantan,Kayong Utara,156
-1.1219727926940155,110.44832970425459,1,2.509999990463257,2026-08-13,SNPP,West Kalimantan,Kayong Utara,156
-1.1219727926940155,110.45170280317815,1,2.509999990463257,2026-08-13,SNPP,West Kalimantan,Kayong Utara,156
-1.1219727926940155,110.4550759021017,1,2.509999990463257,2026-08-13,SNPP,West Kalimantan,Kayong Utara,156
-1.1219727926940155,110.45844900102524,1,1.0700000524520874,2026-08-13,SNPP,West Kalimantan,Kayong Utara,156
-1.1253452449149894,110.4484572159938,1,2.509999990463257,2026-08-13,SNPP,West Kalimantan,Kayong Utara,156
-1.1253452449149894,110.45183031881156,1,2.509999990463257,2026-08-13,SNPP,West Kalimantan,Kayong Utara,156
-1.1253452449149894,110.45520342162934,1,2.509999990463257,2026-08-13,SNPP,West Kalimantan,Kayong Utara,156
-1.307457664847595,110.06797858510896,1,1.2999999523162842,2026-08-13,SNPP,West Kalimantan,Kayong Utara,157
-1.307457664847595,110.07135191558378,1,1.2999999523162842,2026-08-13,SNPP,West Kalimantan,Kayong Utara,157
-1.307457664847595,110.07472524605859,1,1.2999999523162842,2026-08-13,SNPP,West Kalimantan,Kayong Utara,157
-1.310830117068569,110.06812664069369,1,1.2999999523162842,2026-08-13,SNPP,West Kalimantan,Kayong Utara,157
-1.310830117068569,110.07149997570606,1,1.2999999523162842,2026-08-13,SNPP,West Kalimantan,Kayong Utara,157
-1.310830117068569,110.07487331071844,1,1.2999999523162842,2026-08-13,SNPP,West Kalimantan,Kayong Utara,157
-1.3142025692895434,110.06827507801384,1,1.2999999523162842,2026-08-13,SNPP,West Kalimantan,Kayong Utara,157
-1.3142025692895434,110.07164841757546,1,1.2999999523162842,2026-08-13,SNPP,West Kalimantan,Kayong Utara,157
-1.3142025692895434,110.07502175713711,1,2.7799999713897705,2026-08-13,SNPP,West Kalimantan,Kayong Utara,157
-1.3142025692895434,110.07839509669873,1,2.7799999713897705,2026-08-13,SNPP,West Kalimantan,Kayong Utara,157
-1.3142025692895434,110.08176843626036,1,2.7799999713897705,2026-08-13,SNPP,West Kalimantan,Kayong Utara,157
-1.3175750215105175,110.0751705853172,1,2.7799999713897705,2026-08-13,SNPP,West Kalimantan,Kayong Utara,157
-1.3175750215105175,110.07854392943977,1,2.7799999713897705,2026-08-13,SNPP,West Kalimantan,Kayong Utara,157
-1.3175750215105175,110.08191727356238,1,2.7799999713897705,2026-08-13,SNPP,West Kalimantan,Kayong Utara,157
-1.3209474737314917,110.07531979526125,1,2.7799999713897705,2026-08-13,SNPP,West Kalimantan,Kayong Utara,157
-1.3209474737314917,110.0786931439565,1,2.7799999713897705,2026-08-13,SNPP,West Kalimantan,Kayong Utara,157
-1.3209474737314917,110.08206649265176,1,2.7799999713897705,2026-08-13,SNPP,West Kalimantan,Kayong Utara,157
-1.3378097348363627,110.11992540407492,1,0.5099999904632568,2026-08-13,SNPP,West Kalimantan,Kayong Utara,158
-1.3378097348363627,110.12329877580898,1,0.5099999904632568,2026-08-13,SNPP,West Kalimantan,Kayong Utara,158
-1.3378097348363627,110.12667214754303,1,0.5099999904632568,2026-08-13,SNPP,West Kalimantan,Kayong Utara,158
-1.3411821870573366,110.12007696501463,1,0.5099999904632568,2026-08-13,SNPP,West Kalimantan,Kayong Utara,158
-1.3411821870573366,110.12345034139155,1,0.5099999904632568,2026-08-13,SNPP,West Kalimantan,Kayong Utara,158
-1.3411821870573366,110.12682371776846,1,0.5099999904632568,2026-08-13,SNPP,West Kalimantan,Ketapang,158
-1.344554639278311,110.12022890788867,1,0.5099999904632568,2026-08-13,SNPP,West Kalimantan,Kayong Utara,158
-1.344554639278311,110.12360228892015,1,0.5099999904632568,2026-08-13,SNPP,West Kalimantan,Ketapang,158
-1.344554639278311,110.12697566995162,1,0.5099999904632568,2026-08-13,SNPP,West Kalimantan,Ketapang,158
-1.36816180482513,110.0909424769213,1,1.190000057220459,2026-08-13,SNPP,West Kalimantan,Ketapang,159
-1.36816180482513,110.0943158908623,1,1.190000057220459,2026-08-13,SNPP,West Kalimantan,Ketapang,159
-1.36816180482513,110.09768930480331,1,1.190000057220459,2026-08-13,SNPP,West Kalimantan,Ketapang,159
-1.36816180482513,110.10780954662631,1,3.5399999618530273,2026-08-13,SNPP,West Kalimantan,Ketapang,159
-1.36816180482513,110.11118296056735,1,3.5399999618530273,2026-08-13,SNPP,West Kalimantan,Ketapang,159
-1.36816180482513,110.11455637450835,1,3.5399999618530273,2026-08-13,SNPP,West Kalimantan,Ketapang,159
-1.36816180482513,110.11792978844936,1,3.5399999618530273,2026-08-13,SNPP,West Kalimantan,Ketapang,159
-1.3715342570461044,110.09109743263188,1,2.890000104904175,2026-08-13,SNPP,West Kalimantan,Ketapang,159
-1.3715342570461044,110.09447085132106,1,2.890000104904175,2026-08-13,SNPP,West Kalimantan,Ketapang,159
-1.3715342570461044,110.09784427001023,1,2.890000104904175,2026-08-13,SNPP,West Kalimantan,Ketapang,159
-1.3715342570461044,110.10121768869939,1,2.890000104904175,2026-08-13,SNPP,West Kalimantan,Ketapang,159
-1.3715342570461044,110.10459110738856,1,0.6700000166893005,2026-08-13,SNPP,West Kalimantan,Ketapang,159
-1.3715342570461044,110.10796452607774,1,3.5399999618530273,2026-08-13,SNPP,West Kalimantan,Ketapang,159
-1.3715342570461044,110.11133794476692,1,3.5399999618530273,2026-08-13,SNPP,West Kalimantan,Ketapang,159
-1.3715342570461044,110.11471136345608,1,3.5399999618530273,2026-08-13,SNPP,West Kalimantan,Ketapang,159
-1.3715342570461044,110.11808478214526,1,3.5399999618530273,2026-08-13,SNPP,West Kalimantan,Ketapang,159
-1.3715342570461044,110.12145820083441,1,6.409999847412109,2026-08-13,SNPP,West Kalimantan,Ketapang,159
-1.3749067092670784,110.09125277019547,1,2.890000104904175,2026-08-13,SNPP,West Kalimantan,Ketapang,159
-1.3749067092670784,110.0946261936445,1,2.890000104904175,2026-08-13,SNPP,West Kalimantan,Ketapang,159
-1.3749067092670784,110.09799961709354,1,2.890000104904175,2026-08-13,SNPP,West Kalimantan,Ketapang,159
-1.3749067092670784,110.10137304054255,1,2.890000104904175,2026-08-13,SNPP,West Kalimantan,Ketapang,159
-1.3749067092670784,110.10474646399159,1,0.6700000166893005,2026-08-13,SNPP,West Kalimantan,Ketapang,159
-1.3749067092670784,110.10811988744064,1,3.5399999618530273,2026-08-13,SNPP,West Kalimantan,Ketapang,159
-1.3749067092670784,110.11149331088967,1,3.5399999618530273,2026-08-13,SNPP,West Kalimantan,Ketapang,159
-1.3749067092670784,110.1148667343387,1,3.5399999618530273,2026-08-13,SNPP,West Kalimantan,Ketapang,159
-1.3749067092670784,110.11824015778774,1,3.5399999618530273,2026-08-13,SNPP,West Kalimantan,Ketapang,159
-1.3749067092670784,110.12161358123676,1,6.409999847412109,2026-08-13,SNPP,West Kalimantan,Ketapang,159
-1.3782791614880527,110.09140848961468,1,2.890000104904175,2026-08-13,SNPP,West Kalimantan,Ketapang,159
-1.3782791614880527,110.09478191783529,1,2.890000104904175,2026-08-13,SNPP,West Kalimantan,Ketapang,159
-1.3782791614880527,110.09815534605589,1,2.890000104904175,2026-08-13,SNPP,West Kalimantan,Ketapang,159
-1.3782791614880527,110.10152877427647,1,2.890000104904175,2026-08-13,SNPP,West Kalimantan,Ketapang,159
-1.3782791614880527,110.10490220249707,1,2.380000114440918,2026-08-13,SNPP,West Kalimantan,Ketapang,159
-1.3782791614880527,110.10827563071767,1,2.380000114440918,2026-08-13,SNPP,West Kalimantan,Ketapang,159
-1.3782791614880527,110.11164905893828,1,3.5399999618530273,2026-08-13,SNPP,West Kalimantan,Ketapang,159
-1.3782791614880527,110.11502248715887,1,3.5399999618530273,2026-08-13,SNPP,West Kalimantan,Ketapang,159
-1.3782791614880527,110.11839591537948,1,3.5399999618530273,2026-08-13,SNPP,West Kalimantan,Ketapang,159
-1.3782791614880527,110.12176934360008,1,6.409999847412109,2026-08-13,SNPP,West Kalimantan,Ketapang,159
-1.381651613709027,110.10505832290774,1,5.809999942779541,2026-08-13,SNPP,West Kalimantan,Ketapang,159
-1.381651613709027,110.1084317559116,1,5.809999942779541,2026-08-13,SNPP,West Kalimantan,Ketapang,159
-1.381651613709027,110.11180518891547,1,5.809999942779541,2026-08-13,SNPP,West Kalimantan,Ketapang,159
-1.381651613709027,110.11517862191933,1,2.380000114440918,2026-08-13,SNPP,West Kalimantan,Ketapang,159
-1.381651613709027,110.11855205492319,1,2.380000114440918,2026-08-13,SNPP,West Kalimantan,Ketapang,159
-1.381651613709027,110.12192548792704,1,2.549999952316284,2026-08-13,SNPP,West Kalimantan,Ketapang,159
-1.385024065930001,110.10521482522626,1,5.809999942779541,2026-08-13,SNPP,West Kalimantan,Ketapang,159
-1.385024065930001,110.10858826302508,1,5.809999942779541,2026-08-13,SNPP,West Kalimantan,Ketapang,159
-1.385024065930001,110.11196170082393,1,5.809999942779541,2026-08-13,SNPP,West Kalimantan,Ketapang,159
-1.385024065930001,110.11533513862275,1,2.380000114440918,2026-08-13,SNPP,West Kalimantan,Ketapang,159
-1.385024065930001,110.11870857642158,1,2.380000114440918,2026-08-13,SNPP,West Kalimantan,Ketapang,159
-1.3883965181509752,110.10537170945535,1,5.809999942779541,2026-08-13,SNPP,West Kalimantan,Ketapang,159
-1.3883965181509752,110.10874515206085,1,5.809999942779541,2026-08-13,SNPP,West Kalimantan,Ketapang,159
-1.3883965181509752,110.11211859466636,1,5.809999942779541,2026-08-13,SNPP,West Kalimantan,Ketapang,159
-1.4254934925816911,110.29266493666918,1,1.4800000190734863,2026-08-13,SNPP,West Kalimantan,Ketapang,160
-1.4254934925816911,110.29603843292031,1,1.4800000190734863,2026-08-13,SNPP,West Kalimantan,Ketapang,160
-1.4254934925816911,110.29941192917146,1,1.4800000190734863,2026-08-13,SNPP,West Kalimantan,Ketapang,160
-1.4288659448026653,110.29282667612911,1,1.4800000190734863,2026-08-13,SNPP,West Kalimantan,Ketapang,160
-1.4288659448026653,110.29620017732734,1,1.4800000190734863,2026-08-13,SNPP,West Kalimantan,Ketapang,160
-1.4288659448026653,110.29957367852555,1,1.4800000190734863,2026-08-13,SNPP,West Kalimantan,Ketapang,160
-1.4322383970236396,110.29298879817911,1,1.4800000190734863,2026-08-13,SNPP,West Kalimantan,Ketapang,160
-1.4322383970236396,110.29636230433611,1,1.4800000190734863,2026-08-13,SNPP,West Kalimantan,Ketapang,160
-1.4322383970236396,110.29973581049313,1,1.4800000190734863,2026-08-13,SNPP,West Kalimantan,Ketapang,160
-1.4356108492446136,110.17507841335917,1,1.75,2026-08-13,SNPP,West Kalimantan,Ketapang,161
-1.4356108492446136,110.17845192448667,1,1.75,2026-08-13,SNPP,West Kalimantan,Ketapang,161
-1.438983301465588,110.17524112622094,1,1.75,2026-08-13,SNPP,West Kalimantan,Ketapang,161
-1.438983301465588,110.17861464233064,1,1.75,2026-08-13,SNPP,West Kalimantan,Ketapang,161
-1.4423557536865619,110.17540422127168,1,1.75,2026-08-13,SNPP,West Kalimantan,Ketapang,161
-1.4423557536865619,110.17877774237527,1,1.75,2026-08-13,SNPP,West Kalimantan,Ketapang,161
-1.4457282059075363,110.15870006796816,1,1.2899999618530273,2026-08-13,SNPP,West Kalimantan,Ketapang,161
-1.4457282059075363,110.16207359407736,1,1.2899999618530273,2026-08-13,SNPP,West Kalimantan,Ketapang,161
-1.4457282059075363,110.16544712018656,1,1.2899999618530273,2026-08-13,SNPP,West Kalimantan,Ketapang,161
-1.4491006581285104,110.15886390231874,1,1.2899999618530273,2026-08-13,SNPP,West Kalimantan,Ketapang,161
-1.4491006581285104,110.16223743344526,1,1.2899999618530273,2026-08-13,SNPP,West Kalimantan,Ketapang,161
-1.4491006581285104,110.16561096457174,1,1.2899999618530273,2026-08-13,SNPP,West Kalimantan,Ketapang,161
-1.4524731103494846,110.15902811880827,1,1.2899999618530273,2026-08-13,SNPP,West Kalimantan,Ketapang,161
-1.4524731103494846,110.16240165496376,1,1.2899999618530273,2026-08-13,SNPP,West Kalimantan,Ketapang,161
-1.4524731103494846,110.16577519111927,1,1.2899999618530273,2026-08-13,SNPP,West Kalimantan,Ketapang,161
-1.462590467012407,110.16627016376435,1,4.880000114440918,2026-08-13,SNPP,West Kalimantan,Ketapang,161
-1.462590467012407,110.1696437150771,1,4.880000114440918,2026-08-13,SNPP,West Kalimantan,Ketapang,161
-1.462590467012407,110.17301726638983,1,4.880000114440918,2026-08-13,SNPP,West Kalimantan,Ketapang,161
-1.462590467012407,110.17639081770257,1,2.559999942779541,2026-08-13,SNPP,West Kalimantan,Ketapang,161
-1.462590467012407,110.1797643690153,1,2.559999942779541,2026-08-13,SNPP,West Kalimantan,Ketapang,161
-1.4659629192333812,110.16643591898975,1,4.880000114440918,2026-08-13,SNPP,West Kalimantan,Ketapang,161
-1.4659629192333812,110.16980947537832,1,4.880000114440918,2026-08-13,SNPP,West Kalimantan,Ketapang,161
-1.4659629192333812,110.17318303176687,1,4.880000114440918,2026-08-13,SNPP,West Kalimantan,Ketapang,161
-1.4659629192333812,110.1765565881554,1,2.559999942779541,2026-08-13,SNPP,West Kalimantan,Ketapang,161
-1.4659629192333812,110.17993014454396,1,2.559999942779541,2026-08-13,SNPP,West Kalimantan,Ketapang,161
-1.4693353714543553,110.16660205639178,1,4.880000114440918,2026-08-13,SNPP,West Kalimantan,Ketapang,161
-1.4693353714543553,110.16997561786786,1,4.880000114440918,2026-08-13,SNPP,West Kalimantan,Ketapang,161
-1.4693353714543553,110.17334917934393,1,4.880000114440918,2026-08-13,SNPP,West Kalimantan,Ketapang,161
-1.4693353714543553,110.17672274082001,1,2.559999942779541,2026-08-13,SNPP,West Kalimantan,Ketapang,161
-1.4693353714543553,110.18009630229609,1,2.559999942779541,2026-08-13,SNPP,West Kalimantan,Ketapang,161
-0.8521766150160813,109.67373799900244,1,3.140000104904175,2026-08-13,SNPP,West Kalimantan,Kubu Raya,162
-0.8521766150160813,109.67711082427579,1,3.140000104904175,2026-08-13,SNPP,West Kalimantan,Kubu Raya,162
-0.8521766150160813,109.68048364954915,1,3.140000104904175,2026-08-13,SNPP,West Kalimantan,Kubu Raya,162
-0.8521766150160813,109.68385647482248,1,0.9599999785423279,2026-08-13,SNPP,West Kalimantan,Kubu Raya,162
-0.8555490672370555,109.67383420976212,1,3.140000104904175,2026-08-13,SNPP,West Kalimantan,Kubu Raya,162
-0.8555490672370555,109.67720703799425,1,0.6299999952316284,2026-08-13,SNPP,West Kalimantan,Kubu Raya,162
-0.8555490672370555,109.68057986622641,1,0.6299999952316284,2026-08-13,SNPP,West Kalimantan,Kubu Raya,162
-0.8555490672370555,109.68395269445854,1,0.6299999952316284,2026-08-13,SNPP,West Kalimantan,Kubu Raya,162
-0.8589215194580296,109.67393080066131,1,3.140000104904175,2026-08-13,SNPP,West Kalimantan,Kubu Raya,162
-0.8589215194580296,109.67730363186394,1,0.6299999952316284,2026-08-13,SNPP,West Kalimantan,Kubu Raya,162
-0.8589215194580296,109.68067646306656,1,0.6299999952316284,2026-08-13,SNPP,West Kalimantan,Kubu Raya,162
-0.8589215194580296,109.68404929426919,1,0.6299999952316284,2026-08-13,SNPP,West Kalimantan,Kubu Raya,162
-0.8622939716790038,109.6774006058865,1,0.6299999952316284,2026-08-13,SNPP,West Kalimantan,Kubu Raya,162
-0.8622939716790038,109.68077344007132,1,0.6299999952316284,2026-08-13,SNPP,West Kalimantan,Kubu Raya,162
-0.8622939716790038,109.68414627425611,1,0.6299999952316284,2026-08-13,SNPP,West Kalimantan,Kubu Raya,162
-1.0376614871696608,109.70657818708692,1,1.9800000190734863,2026-08-13,SNPP,West Kalimantan,Kayong Utara,152
-1.0376614871696608,109.70995119245583,1,1.9800000190734863,2026-08-13,SNPP,West Kalimantan,Kayong Utara,152
-1.0410339393906352,109.70669533699363,1,1.9800000190734863,2026-08-13,SNPP,West Kalimantan,Kayong Utara,152
-1.0410339393906352,109.71006834596439,1,1.9800000190734863,2026-08-13,SNPP,West Kalimantan,Kayong Utara,152
-1.0444063916116093,109.70681286723526,1,1.9800000190734863,2026-08-13,SNPP,West Kalimantan,Kayong Utara,152
-1.0444063916116093,109.71018587981956,1,1.9800000190734863,2026-08-13,SNPP,West Kalimantan,Kayong Utara,152
-1.0545237482745318,109.7037947164949,1,1.3200000524520874,2026-08-13,SNPP,West Kalimantan,Kayong Utara,152
-1.0545237482745318,109.70716773999003,1,1.3200000524520874,2026-08-13,SNPP,West Kalimantan,Kayong Utara,152
-1.0545237482745318,109.71054076348514,1,1.3200000524520874,2026-08-13,SNPP,West Kalimantan,Kayong Utara,152
-1.057896200495506,109.7039137644363,1,1.3200000524520874,2026-08-13,SNPP,West Kalimantan,Kayong Utara,152
-1.057896200495506,109.70728679159174,1,1.3200000524520874,2026-08-13,SNPP,West Kalimantan,Kayong Utara,152
-1.057896200495506,109.71065981874719,1,1.3200000524520874,2026-08-13,SNPP,West Kalimantan,Kayong Utara,152
-1.233263715986163,109.44414295228053,1,4.010000228881836,2026-08-13,SNPP,West Kalimantan,Kayong Utara,163
-1.233263715986163,109.44751618588872,1,4.010000228881836,2026-08-13,SNPP,West Kalimantan,Kayong Utara,163
-1.233263715986163,109.45088941949689,1,4.010000228881836,2026-08-13,SNPP,West Kalimantan,Kayong Utara,163
-1.2366361682071374,109.44090858487841,1,1.940000057220459,2026-08-13,SNPP,West Kalimantan,Kayong Utara,163
-1.2366361682071374,109.4442818227668,1,3.450000047683716,2026-08-13,SNPP,West Kalimantan,Kayong Utara,163
-1.2366361682071374,109.44765506065518,1,3.450000047683716,2026-08-13,SNPP,West Kalimantan,Kayong Utara,163
-1.2366361682071374,109.45102829854356,1,3.450000047683716,2026-08-13,SNPP,West Kalimantan,Kayong Utara,163
-1.2400086204281113,109.44104783060094,1,1.940000057220459,2026-08-13,SNPP,West Kalimantan,Kayong Utara,163
-1.2400086204281113,109.44442107278121,1,3.450000047683716,2026-08-13,SNPP,West Kalimantan,Kayong Utara,163
-1.2400086204281113,109.44779431496148,1,3.450000047683716,2026-08-13,SNPP,West Kalimantan,Kayong Utara,163
-1.2400086204281113,109.45116755714176,1,3.450000047683716,2026-08-13,SNPP,West Kalimantan,Kayong Utara,163
-1.2400086204281113,109.45454079932205,1,4.260000228881836,2026-08-13,SNPP,West Kalimantan,Kayong Utara,163
-1.2433810726490857,109.4411874558423,1,1.940000057220459,2026-08-13,SNPP,West Kalimantan,Kayong Utara,163
-1.2433810726490857,109.44456070232617,1,3.450000047683716,2026-08-13,SNPP,West Kalimantan,Kayong Utara,163
-1.2433810726490857,109.44793394881003,1,3.450000047683716,2026-08-13,SNPP,West Kalimantan,Kayong Utara,163
-1.2433810726490857,109.45130719529391,1,3.450000047683716,2026-08-13,SNPP,West Kalimantan,Kayong Utara,163
-1.2433810726490857,109.4546804417778,1,4.260000228881836,2026-08-13,SNPP,West Kalimantan,Kayong Utara,163
-1.2467535248700599,109.44132746060494,1,1.940000057220459,2026-08-13,SNPP,West Kalimantan,Kayong Utara,163
-1.2467535248700599,109.4447007114041,1,3.450000047683716,2026-08-13,SNPP,West Kalimantan,Kayong Utara,163
-1.2467535248700599,109.44807396220325,1,3.450000047683716,2026-08-13,SNPP,West Kalimantan,Kayong Utara,163
-1.2467535248700599,109.45144721300241,1,3.450000047683716,2026-08-13,SNPP,West Kalimantan,Kayong Utara,163
-1.2467535248700599,109.4548204638016,1,4.260000228881836,2026-08-13,SNPP,West Kalimantan,Kayong Utara,163
-1.250125977091034,109.44821435514359,1,3.7200000286102295,2026-08-13,SNPP,West Kalimantan,Kayong Utara,163
-1.250125977091034,109.45158761026974,1,3.7200000286102295,2026-08-13,SNPP,West Kalimantan,Kayong Utara,163
-1.250125977091034,109.4549608653959,1,3.7200000286102295,2026-08-13,SNPP,West Kalimantan,Kayong Utara,163
-0.019180916435459914,116.78423313651021,1,0.9800000190734863,2026-08-13,SNPP,East Kalimantan,Kutai Kartanegara,164
-0.019180916435459914,116.78760558892016,1,0.9800000190734863,2026-08-13,SNPP,East Kalimantan,Kutai Kartanegara,164
-0.019180916435459914,116.79097804133009,1,0.9800000190734863,2026-08-13,SNPP,East Kalimantan,Kutai Kartanegara,164
-0.02255336865643409,116.78086318752891,1,1.0299999713897705,2026-08-13,SNPP,East Kalimantan,Kutai Kartanegara,164
-0.02255336865643409,116.78423564001115,1,1.0299999713897705,2026-08-13,SNPP,East Kalimantan,Kutai Kartanegara,164
-0.02255336865643409,116.78760809249343,1,1.0299999713897705,2026-08-13,SNPP,East Kalimantan,Kutai Kartanegara,164
-0.02255336865643409,116.79098054497565,1,0.9800000190734863,2026-08-13,SNPP,East Kalimantan,Kutai Kartanegara,164
-0.025925820877408266,116.78086609555038,1,1.0299999713897705,2026-08-13,SNPP,East Kalimantan,Kutai Kartanegara,164
-0.025925820877408266,116.78423854811662,1,1.0299999713897705,2026-08-13,SNPP,East Kalimantan,Kutai Kartanegara,164
-0.025925820877408266,116.78761100068286,1,1.0299999713897705,2026-08-13,SNPP,East Kalimantan,Kutai Kartanegara,164
-0.025925820877408266,116.79098345324907,1,0.9800000190734863,2026-08-13,SNPP,East Kalimantan,Kutai Kartanegara,164
-0.042788081982279146,117.43177016469866,1,6.639999866485596,2026-08-13,SNPP,East Kalimantan,Kutai Kartanegara,165
-0.042788081982279146,117.43514261786002,1,6.639999866485596,2026-08-13,SNPP,East Kalimantan,Kutai Kartanegara,165
-0.042788081982279146,117.43851507102141,1,6.639999866485596,2026-08-13,SNPP,East Kalimantan,Kutai Kartanegara,165
-0.04616053420325332,117.43177553001638,1,6.639999866485596,2026-08-13,SNPP,East Kalimantan,Kutai Kartanegara,165
-0.04616053420325332,117.43514798333183,1,6.639999866485596,2026-08-13,SNPP,East Kalimantan,Kutai Kartanegara,165
-0.04616053420325332,117.43852043664731,1,6.639999866485596,2026-08-13,SNPP,East Kalimantan,Kutai Kartanegara,165
-0.049532986424227494,117.43178130218246,1,6.639999866485596,2026-08-13,SNPP,East Kalimantan,Kutai Kartanegara,165
-0.049532986424227494,117.43515375566368,1,6.639999866485596,2026-08-13,SNPP,East Kalimantan,Kutai Kartanegara,165
-0.049532986424227494,117.4385262091449,1,6.639999866485596,2026-08-13,SNPP,East Kalimantan,Kutai Kartanegara,165
-0.19454843192611704,116.67360826227262,1,7.179999828338623,2026-08-13,SNPP,East Kalimantan,Kutai Kartanegara,166
-0.19454843192611704,116.67698073393504,1,7.179999828338623,2026-08-13,SNPP,East Kalimantan,Kutai Kartanegara,166
-0.19454843192611704,116.68035320559741,1,7.179999828338623,2026-08-13,SNPP,East Kalimantan,Kutai Kartanegara,166
-0.19792088414709122,116.6736317829933,1,7.179999828338623,2026-08-13,SNPP,East Kalimantan,Kutai Kartanegara,166
-0.19792088414709122,116.67700425533559,1,7.179999828338623,2026-08-13,SNPP,East Kalimantan,Kutai Kartanegara,166
-0.19792088414709122,116.68037672767784,1,7.179999828338623,2026-08-13,SNPP,East Kalimantan,Kutai Kartanegara,166
-0.2012933363680654,116.67365570794483,1,7.179999828338623,2026-08-13,SNPP,East Kalimantan,Kutai Kartanegara,166
-0.2012933363680654,116.67702818097867,1,7.179999828338623,2026-08-13,SNPP,East Kalimantan,Kutai Kartanegara,166
-0.2012933363680654,116.68040065401247,1,7.179999828338623,2026-08-13,SNPP,East Kalimantan,Kutai Kartanegara,166
-0.20803824081001376,117.01432469019285,1,2.1600000858306885,2026-08-13,SNPP,East Kalimantan,Kutai Kartanegara,167
-0.20803824081001376,117.01769716464483,1,2.1600000858306885,2026-08-13,SNPP,East Kalimantan,Kutai Kartanegara,167
-0.20803824081001376,117.02106963909682,1,2.1600000858306885,2026-08-13,SNPP,East Kalimantan,Kutai Kartanegara,167
-0.21141069303098792,117.01434990122678,1,2.1600000858306885,2026-08-13,SNPP,East Kalimantan,Kutai Kartanegara,167
-0.21141069303098792,117.01772237640536,1,2.1600000858306885,2026-08-13,SNPP,East Kalimantan,Kutai Kartanegara,167
-0.21141069303098792,117.02109485158397,1,2.1600000858306885,2026-08-13,SNPP,East Kalimantan,Kutai Kartanegara,167
-0.5823804373381473,117.38046932907906,1,1.590000033378601,2026-08-13,SNPP,East Kalimantan,Kutai Kartanegara,168
-0.5823804373381473,117.38384195552193,1,1.590000033378601,2026-08-13,SNPP,East Kalimantan,Kutai Kartanegara,168
-0.5823804373381473,117.38721458196484,1,1.590000033378601,2026-08-13,SNPP,East Kalimantan,Kutai Kartanegara,168
-0.5823804373381473,117.39058720840771,1,1.590000033378601,2026-08-13,SNPP,East Kalimantan,Kutai Kartanegara,168
-0.5857528895591214,117.38053976172037,1,1.590000033378601,2026-08-13,SNPP,East Kalimantan,Kutai Kartanegara,168
-0.5857528895591214,117.38391239018696,1,1.590000033378601,2026-08-13,SNPP,East Kalimantan,Kutai Kartanegara,168
-0.5857528895591214,117.38728501865354,1,1.590000033378601,2026-08-13,SNPP,East Kalimantan,Kutai Kartanegara,168
-0.5857528895591214,117.39065764712014,1,1.590000033378601,2026-08-13,SNPP,East Kalimantan,Kutai Kartanegara,168
-0.6902989084093208,117.2513897476405,1,1.399999976158142,2026-08-13,SNPP,East Kalimantan,Kutai Kartanegara,169
-0.6902989084093208,117.2547624446388,1,1.399999976158142,2026-08-13,SNPP,East Kalimantan,Kutai Kartanegara,169
-0.6902989084093208,117.25813514163708,1,1.399999976158142,2026-08-13,SNPP,East Kalimantan,Kutai Kartanegara,169
-0.693671360630295,117.2514731035848,1,1.399999976158142,2026-08-13,SNPP,East Kalimantan,Kutai Kartanegara,169
-0.693671360630295,117.25484580298081,1,1.399999976158142,2026-08-13,SNPP,East Kalimantan,Kutai Kartanegara,169
-0.693671360630295,117.25821850237682,1,1.399999976158142,2026-08-13,SNPP,East Kalimantan,Kutai Kartanegara,169
-0.6970438128512692,117.25155686587134,1,1.399999976158142,2026-08-13,SNPP,East Kalimantan,Kutai Kartanegara,169
-0.6970438128512692,117.25492956767673,1,1.399999976158142,2026-08-13,SNPP,East Kalimantan,Kutai Kartanegara,169
-0.6970438128512692,117.25830226948213,1,1.399999976158142,2026-08-13,SNPP,East Kalimantan,Kutai Kartanegara,169
-0.7105336217351659,117.05290599643718,1,1.8799999952316284,2026-08-13,SNPP,East Kalimantan,Kutai Kartanegara,170
-0.7105336217351659,117.05627870799705,1,1.8799999952316284,2026-08-13,SNPP,East Kalimantan,Kutai Kartanegara,170
-0.7105336217351659,117.0596514195569,1,1.8799999952316284,2026-08-13,SNPP,East Kalimantan,Kutai Kartanegara,170
-0.71390607395614,117.05299164485444,1,1.8799999952316284,2026-08-13,SNPP,East Kalimantan,Kutai Kartanegara,170
-0.71390607395614,117.05636435888216,1,1.8799999952316284,2026-08-13,SNPP,East Kalimantan,Kutai Kartanegara,170
-0.71390607395614,117.05973707290984,1,1.8799999952316284,2026-08-13,SNPP,East Kalimantan,Kutai Kartanegara,170
-0.7172785261771142,116.89456002309372,1,1.4700000286102295,2026-08-13,SNPP,East Kalimantan,Kutai Kartanegara,171
-0.7172785261771142,116.89793273960095,1,1.4700000286102295,2026-08-13,SNPP,East Kalimantan,Kutai Kartanegara,171
-0.7172785261771142,116.90130545610818,1,1.4700000286102295,2026-08-13,SNPP,East Kalimantan,Kutai Kartanegara,171
-0.7206509783980884,116.8946463657483,1,1.4700000286102295,2026-08-13,SNPP,East Kalimantan,Kutai Kartanegara,171
-0.7206509783980884,116.89801908474674,1,1.4700000286102295,2026-08-13,SNPP,East Kalimantan,Kutai Kartanegara,171
-0.7206509783980884,116.90139180374516,1,1.4700000286102295,2026-08-13,SNPP,East Kalimantan,Kutai Kartanegara,171
-0.7240234306190626,116.89473311351793,1,1.4700000286102295,2026-08-13,SNPP,East Kalimantan,Kutai Kartanegara,171
-0.7240234306190626,116.89810583501925,1,1.4700000286102295,2026-08-13,SNPP,East Kalimantan,Kutai Kartanegara,171
-0.7240234306190626,116.90147855652059,1,1.4700000286102295,2026-08-13,SNPP,East Kalimantan,Kutai Kartanegara,171
-0.7341407872819852,117.03665040889945,1,2.369999885559082,2026-08-13,SNPP,East Kalimantan,Kutai Kartanegara,172
-0.7341407872819852,117.04002313797965,1,6.050000190734863,2026-08-13,SNPP,East Kalimantan,Kutai Kartanegara,172
-0.7341407872819852,117.0433958670598,1,6.050000190734863,2026-08-13,SNPP,East Kalimantan,Kutai Kartanegara,172
-0.7341407872819852,117.04676859613998,1,6.050000190734863,2026-08-13,SNPP,East Kalimantan,Kutai Kartanegara,172
-0.7375132395029593,117.03673888422995,1,2.369999885559082,2026-08-13,SNPP,East Kalimantan,Kutai Kartanegara,172
-0.7375132395029593,117.04011161585979,1,6.050000190734863,2026-08-13,SNPP,East Kalimantan,Kutai Kartanegara,172
-0.7375132395029593,117.0434843474896,1,6.050000190734863,2026-08-13,SNPP,East Kalimantan,Kutai Kartanegara,172
-0.7375132395029593,117.04685707911943,1,6.050000190734863,2026-08-13,SNPP,East Kalimantan,Kutai Kartanegara,172
-0.7408856917239335,117.036827765174,1,2.369999885559082,2026-08-13,SNPP,East Kalimantan,Kutai Kartanegara,172
-0.7408856917239335,117.04020049936517,1,6.050000190734863,2026-08-13,SNPP,East Kalimantan,Kutai Kartanegara,172
-0.7408856917239335,117.04357323355636,1,6.050000190734863,2026-08-13,SNPP,East Kalimantan,Kutai Kartanegara,172
-0.7408856917239335,117.04694596774753,1,6.050000190734863,2026-08-13,SNPP,East Kalimantan,Kutai Kartanegara,172
-0.14733410083247858,116.4102692732613,1,2.950000047683716,2026-08-13,SNPP,East Kalimantan,Kutai Kartanegara,173
-0.14733410083247858,116.41364173663234,1,2.950000047683716,2026-08-13,SNPP,East Kalimantan,Kutai Kartanegara,173
-0.14733410083247858,116.41701420000342,1,2.950000047683716,2026-08-13,SNPP,East Kalimantan,Kutai Kartanegara,173
-0.15070655305345276,116.41028709451936,1,2.950000047683716,2026-08-13,SNPP,East Kalimantan,Kutai Kartanegara,173
-0.15070655305345276,116.4136595584067,1,2.950000047683716,2026-08-13,SNPP,East Kalimantan,Kutai Kartanegara,173
-0.15070655305345276,116.41703202229407,1,2.950000047683716,2026-08-13,SNPP,East Kalimantan,Kutai Kartanegara,173
-0.15407900527442694,116.41030531909182,1,2.950000047683716,2026-08-13,SNPP,East Kalimantan,Kutai Kartanegara,173
-0.15407900527442694,116.41367778350713,1,2.950000047683716,2026-08-13,SNPP,East Kalimantan,Kutai Kartanegara,173
-0.15407900527442694,116.41705024792246,1,2.950000047683716,2026-08-13,SNPP,East Kalimantan,Kutai Kartanegara,173
-0.31932916410216156,116.12165699603135,1,0.5299999713897705,2026-08-13,SNPP,East Kalimantan,Kutai Barat,174
-0.31932916410216156,116.12502950063087,1,0.5299999713897705,2026-08-13,SNPP,East Kalimantan,Kutai Barat,174
-0.31932916410216156,116.12840200523036,1,0.5299999713897705,2026-08-13,SNPP,East Kalimantan,Kutai Barat,174
-0.31932916410216156,116.13177450982988,1,0.5299999713897705,2026-08-13,SNPP,East Kalimantan,Kutai Barat,174
-0.3227016163231357,116.12169529122193,1,0.5299999713897705,2026-08-13,SNPP,East Kalimantan,Kutai Barat,174
-0.3227016163231357,116.12506779693366,1,0.5299999713897705,2026-08-13,SNPP,East Kalimantan,Kutai Barat,174
-0.3227016163231357,116.12844030264534,1,0.5299999713897705,2026-08-13,SNPP,East Kalimantan,Kutai Barat,174
-0.3227016163231357,116.13181280835707,1,0.5299999713897705,2026-08-13,SNPP,East Kalimantan,Kutai Barat,174
-0.3260740685441099,116.12510649558263,1,0.5299999713897705,2026-08-13,SNPP,East Kalimantan,Kutai Barat,174
-0.3260740685441099,116.1284790024182,1,0.5299999713897705,2026-08-13,SNPP,East Kalimantan,Kutai Barat,174
-0.3260740685441099,116.13185150925382,1,0.5299999713897705,2026-08-13,SNPP,East Kalimantan,Kutai Barat,174
-0.41375782628943847,116.06217562329844,1,1.8200000524520874,2026-08-13,SNPP,East Kalimantan,Kutai Barat,175
-0.41375782628943847,116.0655481634566,1,1.8200000524520874,2026-08-13,SNPP,East Kalimantan,Kutai Barat,175
-0.4171302785104126,116.06222515822209,1,1.8200000524520874,2026-08-13,SNPP,East Kalimantan,Kutai Barat,175
-0.4171302785104126,116.06559769981963,1,1.8200000524520874,2026-08-13,SNPP,East Kalimantan,Kutai Barat,175
-0.4171302785104126,116.06897024141716,1,1.8200000524520874,2026-08-13,SNPP,East Kalimantan,Kutai Barat,175
-0.4171302785104126,116.08246040780722,1,9.399999618530273,2026-08-13,SNPP,East Kalimantan,Kutai Barat,175
-0.4171302785104126,116.08583294940475,1,9.399999618530273,2026-08-13,SNPP,East Kalimantan,Kutai Barat,175
-0.4171302785104126,116.08920549100226,1,9.399999618530273,2026-08-13,SNPP,East Kalimantan,Kutai Barat,175
-0.4171302785104126,116.09257803259979,1,9.399999618530273,2026-08-13,SNPP,East Kalimantan,Kutai Barat,175
-0.42050273073138683,116.0622750952913,1,1.8200000524520874,2026-08-13,SNPP,East Kalimantan,Kutai Barat,175
-0.42050273073138683,116.06564763833988,1,1.8200000524520874,2026-08-13,SNPP,East Kalimantan,Kutai Barat,175
-0.42050273073138683,116.06902018138851,1,1.8200000524520874,2026-08-13,SNPP,East Kalimantan,Kutai Barat,175
-0.42050273073138683,116.08251035358286,1,9.399999618530273,2026-08-13,SNPP,East Kalimantan,Kutai Barat,175
-0.42050273073138683,116.08588289663147,1,9.399999618530273,2026-08-13,SNPP,East Kalimantan,Kutai Barat,175
-0.42050273073138683,116.08925543968004,1,9.399999618530273,2026-08-13,SNPP,East Kalimantan,Kutai Barat,175
-0.42050273073138683,116.09262798272866,1,9.399999618530273,2026-08-13,SNPP,East Kalimantan,Kutai Barat,175
-0.423875182952361,116.05895288999557,1,0.8700000047683716,2026-08-13,SNPP,East Kalimantan,Kutai Barat,175
-0.423875182952361,116.06232543450692,1,0.8700000047683716,2026-08-13,SNPP,East Kalimantan,Kutai Barat,175
-0.423875182952361,116.06569797901828,1,0.8700000047683716,2026-08-13,SNPP,East Kalimantan,Kutai Barat,175
-0.423875182952361,116.06907052352962,1,1.8200000524520874,2026-08-13,SNPP,East Kalimantan,Kutai Barat,175
-0.423875182952361,116.08256070157505,1,9.399999618530273,2026-08-13,SNPP,East Kalimantan,Kutai Barat,175
-0.423875182952361,116.08593324608638,1,9.399999618530273,2026-08-13,SNPP,East Kalimantan,Kutai Barat,175
-0.423875182952361,116.08930579059773,1,9.399999618530273,2026-08-13,SNPP,East Kalimantan,Kutai Barat,175
-0.423875182952361,116.0926783351091,1,9.399999618530273,2026-08-13,SNPP,East Kalimantan,Kutai Barat,175
-0.4272476351733352,116.05900362988406,1,0.8700000047683716,2026-08-13,SNPP,East Kalimantan,Kutai Barat,175
-0.4272476351733352,116.06237617586983,1,0.8700000047683716,2026-08-13,SNPP,East Kalimantan,Kutai Barat,175
-0.4272476351733352,116.06574872185563,1,0.8700000047683716,2026-08-13,SNPP,East Kalimantan,Kutai Barat,175
-0.4272476351733352,116.08261145178464,1,9.399999618530273,2026-08-13,SNPP,East Kalimantan,Kutai Barat,175
-0.4272476351733352,116.08598399777044,1,9.399999618530273,2026-08-13,SNPP,East Kalimantan,Kutai Barat,175
-0.4272476351733352,116.08935654375621,1,9.399999618530273,2026-08-13,SNPP,East Kalimantan,Kutai Barat,175
-0.4272476351733352,116.09272908974204,1,9.399999618530273,2026-08-13,SNPP,East Kalimantan,Kutai Barat,175
-0.4272476351733352,116.0961016357278,1,1.840000033378601,2026-08-13,SNPP,East Kalimantan,Kutai Barat,175
-0.43062008739430935,116.059054771909,1,0.8700000047683716,2026-08-13,SNPP,East Kalimantan,Kutai Barat,175
-0.43062008739430935,116.0624273193809,1,0.8700000047683716,2026-08-13,SNPP,East Kalimantan,Kutai Barat,175
-0.43062008739430935,116.06579986685286,1,0.8700000047683716,2026-08-13,SNPP,East Kalimantan,Kutai Barat,175
-0.43062008739430935,116.08603515168444,1,3.2899999618530273,2026-08-13,SNPP,East Kalimantan,Kutai Barat,175
-0.43062008739430935,116.08940769915635,1,1.840000033378601,2026-08-13,SNPP,East Kalimantan,Kutai Barat,175
-0.43062008739430935,116.09278024662828,1,1.840000033378601,2026-08-13,SNPP,East Kalimantan,Kutai Barat,175
-0.43062008739430935,116.0961527941002,1,1.840000033378601,2026-08-13,SNPP,East Kalimantan,Kutai Barat,175
-0.4339925396152835,116.08945925679903,1,1.3899999856948853,2026-08-13,SNPP,East Kalimantan,Kutai Barat,175
-0.4339925396152835,116.09283180576877,1,1.3899999856948853,2026-08-13,SNPP,East Kalimantan,Kutai Barat,175
-0.4339925396152835,116.09620435473852,1,1.3899999856948853,2026-08-13,SNPP,East Kalimantan,Kutai Barat,175
-0.43736499183625765,116.08951121668514,1,1.3899999856948853,2026-08-13,SNPP,East Kalimantan,Kutai Barat,175
-0.43736499183625765,116.0928837671644,1,1.3899999856948853,2026-08-13,SNPP,East Kalimantan,Kutai Barat,175
-0.43736499183625765,116.09625631764364,1,1.3899999856948853,2026-08-13,SNPP,East Kalimantan,Kutai Barat,175
-0.44073744405723186,116.06932826681302,1,1.0800000429153442,2026-08-13,SNPP,East Kalimantan,Kutai Barat,175
-0.44073744405723186,116.07270081881344,1,1.0800000429153442,2026-08-13,SNPP,East Kalimantan,Kutai Barat,175
-0.44073744405723186,116.07607337081387,1,1.0800000429153442,2026-08-13,SNPP,East Kalimantan,Kutai Barat,175
-0.444109896278206,116.06938102199148,1,1.899999976158142,2026-08-13,SNPP,East Kalimantan,Kutai Barat,175
-0.444109896278206,116.07275357552479,1,1.899999976158142,2026-08-13,SNPP,East Kalimantan,Kutai Barat,175
-0.444109896278206,116.07612612905808,1,1.0800000429153442,2026-08-13,SNPP,East Kalimantan,Kutai Barat,175
-0.4474823484991802,116.06943417934599,1,1.899999976158142,2026-08-13,SNPP,East Kalimantan,Kutai Barat,175
-0.4474823484991802,116.07280673442382,1,1.899999976158142,2026-08-13,SNPP,East Kalimantan,Kutai Barat,175
-0.4474823484991802,116.07617928950171,1,0.9900000095367432,2026-08-13,SNPP,East Kalimantan,Kutai Barat,175
-0.45085480072015444,116.06948773887744,1,1.899999976158142,2026-08-13,SNPP,East Kalimantan,Kutai Barat,175
-0.45085480072015444,116.07286029551156,1,1.899999976158142,2026-08-13,SNPP,East Kalimantan,Kutai Barat,175
-0.45085480072015444,116.07623285214568,1,0.9900000095367432,2026-08-13,SNPP,East Kalimantan,Kutai Barat,175
-0.47108951404599947,116.3902113324486,1,0.7200000286102295,2026-08-13,SNPP,East Kalimantan,Kutai Kartanegara,176
-0.47108951404599947,116.39358389866558,1,0.7200000286102295,2026-08-13,SNPP,East Kalimantan,Kutai Kartanegara,176
-0.4744619662669736,116.38689529500459,1,1.2799999713897705,2026-08-13,SNPP,East Kalimantan,Kutai Kartanegara,176
-0.4744619662669736,116.3902678628596,1,1.2799999713897705,2026-08-13,SNPP,East Kalimantan,Kutai Kartanegara,176
-0.4744619662669736,116.39364043071464,1,1.2799999713897705,2026-08-13,SNPP,East Kalimantan,Kutai Kartanegara,176
-0.47783441848794783,116.38695222706063,1,1.2799999713897705,2026-08-13,SNPP,East Kalimantan,Kutai Kartanegara,176
-0.47783441848794783,116.39032479656537,1,1.2799999713897705,2026-08-13,SNPP,East Kalimantan,Kutai Kartanegara,176
-0.47783441848794783,116.39369736607014,1,1.2799999713897705,2026-08-13,SNPP,East Kalimantan,Kutai Kartanegara,176
-0.481206870708922,116.3870095624007,1,1.2799999713897705,2026-08-13,SNPP,East Kalimantan,Kutai Kartanegara,176
-0.481206870708922,116.39038213356687,1,1.2799999713897705,2026-08-13,SNPP,East Kalimantan,Kutai Kartanegara,176
-0.481206870708922,116.39375470473308,1,1.2799999713897705,2026-08-13,SNPP,East Kalimantan,Kutai Kartanegara,176
-0.9668399905292033,110.61827058169416,1,1.0399999618530273,2026-08-13,SNPP,West Kalimantan,Ketapang,177
-0.9668399905292033,110.62164351412522,1,1.0399999618530273,2026-08-13,SNPP,West Kalimantan,Ketapang,177
-0.9668399905292033,110.62501644655629,1,1.0399999618530273,2026-08-13,SNPP,West Kalimantan,Ketapang,177
-0.9702124427501774,110.61838065458454,1,1.0399999618530273,2026-08-13,SNPP,West Kalimantan,Ketapang,177
-0.9702124427501774,110.62175359037191,1,1.0399999618530273,2026-08-13,SNPP,West Kalimantan,Ketapang,177
-0.9702124427501774,110.62512652615928,1,1.0399999618530273,2026-08-13,SNPP,West Kalimantan,Ketapang,177
-1.1253452449149894,110.63060476815319,1,0.9800000190734863,2026-08-13,SNPP,West Kalimantan,Ketapang,178
-1.1253452449149894,110.63397787097097,1,0.9800000190734863,2026-08-13,SNPP,West Kalimantan,Ketapang,178
-1.1253452449149894,110.63735097378873,1,0.9800000190734863,2026-08-13,SNPP,West Kalimantan,Ketapang,178
-1.1287176971359638,110.6307328737607,1,0.9800000190734863,2026-08-13,SNPP,West Kalimantan,Ketapang,178
-1.1287176971359638,110.63410598048439,1,0.9800000190734863,2026-08-13,SNPP,West Kalimantan,Ketapang,178
-1.1287176971359638,110.63747908720806,1,0.6100000143051147,2026-08-13,SNPP,West Kalimantan,Ketapang,178
-1.1287176971359638,110.64085219393175,1,0.6100000143051147,2026-08-13,SNPP,West Kalimantan,Ketapang,178
-1.1320901493569377,110.63086136295108,1,0.9800000190734863,2026-08-13,SNPP,West Kalimantan,Ketapang,178
-1.1320901493569377,110.63423447359237,1,0.9800000190734863,2026-08-13,SNPP,West Kalimantan,Ketapang,178
-1.1320901493569377,110.63760758423365,1,0.6100000143051147,2026-08-13,SNPP,West Kalimantan,Ketapang,178
-1.1320901493569377,110.64098069487494,1,0.6100000143051147,2026-08-13,SNPP,West Kalimantan,Ketapang,178
-1.6177232691772192,110.85579747846911,1,1.0499999523162842,2026-08-13,SNPP,West Kalimantan,Ketapang,179
-1.6177232691772192,110.85917127538355,1,1.0499999523162842,2026-08-13,SNPP,West Kalimantan,Ketapang,179
-1.6177232691772192,110.86254507229798,1,1.0499999523162842,2026-08-13,SNPP,West Kalimantan,Ketapang,179
-1.6210957213981934,110.85598195098119,1,1.0499999523162842,2026-08-13,SNPP,West Kalimantan,Ketapang,179
-1.6210957213981934,110.85935575350987,1,1.0499999523162842,2026-08-13,SNPP,West Kalimantan,Ketapang,179
-1.6210957213981934,110.86272955603856,1,1.0499999523162842,2026-08-13,SNPP,West Kalimantan,Ketapang,179
-1.0140543216228417,114.89341277032418,1,0.6299999952316284,2026-08-13,SNPP,Central Kalimantan,Barito Utara,180
-1.0174267738438159,114.89353267170571,1,0.6299999952316284,2026-08-13,SNPP,Central Kalimantan,Barito Utara,180
-1.4659629192333812,115.89136111036589,1,1.5700000524520874,2026-08-13,SNPP,East Kalimantan,Paser,181
-1.4659629192333812,115.89473466675442,1,1.5700000524520874,2026-08-13,SNPP,East Kalimantan,Paser,181
-1.4659629192333812,115.89810822314297,1,1.5700000524520874,2026-08-13,SNPP,East Kalimantan,Paser,181
-1.4693353714543553,115.89153588128855,1,1.5700000524520874,2026-08-13,SNPP,East Kalimantan,Paser,181
-1.4693353714543553,115.89490944276463,1,1.5700000524520874,2026-08-13,SNPP,East Kalimantan,Paser,181
-1.4693353714543553,115.8982830042407,1,1.5700000524520874,2026-08-13,SNPP,East Kalimantan,Paser,181
-1.4727078236753297,115.89171105425115,1,1.5700000524520874,2026-08-13,SNPP,East Kalimantan,Paser,181
-1.4727078236753297,115.89508462082642,1,1.5700000524520874,2026-08-13,SNPP,East Kalimantan,Paser,181
-1.4727078236753297,115.89845818740172,1,1.5700000524520874,2026-08-13,SNPP,East Kalimantan,Paser,181
-0.8386868061321846,116.93165172783186,1,3.140000104904175,2026-08-13,SNPP,East Kalimantan,Kutai Kartanegara,182
-0.8386868061321846,116.93502454138691,1,3.140000104904175,2026-08-13,SNPP,East Kalimantan,Kutai Kartanegara,182
-0.8386868061321846,116.93839735494201,1,3.140000104904175,2026-08-13,SNPP,East Kalimantan,Kutai Kartanegara,182
-0.8420592583531588,116.93175268474539,1,3.140000104904175,2026-08-13,SNPP,East Kalimantan,Kutai Kartanegara,182
-0.8420592583531588,116.93512550121248,1,3.140000104904175,2026-08-13,SNPP,East Kalimantan,Kutai Kartanegara,182
-0.8420592583531588,116.9384983176796,1,3.140000104904175,2026-08-13,SNPP,East Kalimantan,Kutai Kartanegara,182
-0.8454317105741329,116.9318540469494,1,3.140000104904175,2026-08-13,SNPP,East Kalimantan,Kutai Kartanegara,182
-0.8454317105741329,116.9352268663402,1,3.140000104904175,2026-08-13,SNPP,East Kalimantan,Kutai Kartanegara,182
-0.8454317105741329,116.93859968573103,1,3.140000104904175,2026-08-13,SNPP,East Kalimantan,Kutai Kartanegara,182
-0.9263705638775132,117.16039216717793,1,0.9900000095367432,2026-08-13,SNPP,East Kalimantan,Kutai Kartanegara,183
-0.9263705638775132,117.16376506024537,1,0.9900000095367432,2026-08-13,SNPP,East Kalimantan,Kutai Kartanegara,183
-0.9297430160984873,117.1605038777049,1,0.9900000095367432,2026-08-13,SNPP,East Kalimantan,Kutai Kartanegara,183
-0.9297430160984873,117.16387677398833,1,0.9900000095367432,2026-08-13,SNPP,East Kalimantan,Kutai Kartanegara,183
-0.9331154683194616,117.16061599435366,1,0.9900000095367432,2026-08-13,SNPP,East Kalimantan,Kutai Kartanegara,183
-0.9331154683194616,117.16398889386477,1,0.9900000095367432,2026-08-13,SNPP,East Kalimantan,Kutai Kartanegara,183
-0.9634675383082291,117.06720130557413,1,0.41999998688697815,2026-08-13,SNPP,East Kalimantan,Kutai Kartanegara,184
-0.9634675383082291,117.07057423466061,1,0.41999998688697815,2026-08-13,SNPP,East Kalimantan,Kutai Kartanegara,184
-0.9634675383082291,117.07394716374705,1,0.41999998688697815,2026-08-13,SNPP,East Kalimantan,Kutai Kartanegara,184
-0.9668399905292033,117.06731738989954,1,0.41999998688697815,2026-08-13,SNPP,East Kalimantan,Kutai Kartanegara,184
-0.9668399905292033,117.07069032233062,1,0.41999998688697815,2026-08-13,SNPP,East Kalimantan,Kutai Kartanegara,184
-0.9668399905292033,117.07406325476167,1,0.41999998688697815,2026-08-13,SNPP,East Kalimantan,Kutai Kartanegara,184
-0.9702124427501774,117.06743388004105,1,0.41999998688697815,2026-08-13,SNPP,East Kalimantan,Kutai Kartanegara,184
-0.9702124427501774,117.07080681582843,1,0.41999998688697815,2026-08-13,SNPP,East Kalimantan,Kutai Kartanegara,184
-0.9702124427501774,117.07417975161579,1,0.41999998688697815,2026-08-13,SNPP,East Kalimantan,Kutai Kartanegara,184
-1.2433810726490857,116.81847751607087,1,2.9600000381469727,2026-08-13,SNPP,East Kalimantan,Kota Balikpapan,185
-1.2467535248700599,116.81862695837499,1,2.9600000381469727,2026-08-13,SNPP,East Kalimantan,Kota Balikpapan,185
-1.250125977091034,116.818776805786,1,2.9600000381469727,2026-08-13,SNPP,East Kalimantan,Kota Balikpapan,185
-1.7391315491322894,111.37215582815281,1,0.6299999952316284,2026-08-13,SNPP,Central Kalimantan,Lamandau,186
-1.7391315491322894,111.37552983455683,1,0.6299999952316284,2026-08-13,SNPP,Central Kalimantan,Lamandau,186
-1.7391315491322894,111.37890384096085,1,0.6299999952316284,2026-08-13,SNPP,Central Kalimantan,Lamandau,186
-1.7425040013532636,111.3723550626478,1,0.6299999952316284,2026-08-13,SNPP,Central Kalimantan,Lamandau,186
-1.7425040013532636,111.37572907508759,1,0.6299999952316284,2026-08-13,SNPP,Central Kalimantan,Lamandau,186
-1.7425040013532636,111.3791030875274,1,0.6299999952316284,2026-08-13,SNPP,Central Kalimantan,Lamandau,186
-1.9313613257278175,111.09730788551471,1,0.5699999928474426,2026-08-13,SNPP,Central Kalimantan,Lamandau,187
-1.9313613257278175,111.1006822546525,1,11.25,2026-08-13,SNPP,Central Kalimantan,Lamandau,187
-1.9313613257278175,111.10405662379029,1,11.25,2026-08-13,SNPP,Central Kalimantan,Lamandau,187
-1.9313613257278175,111.10743099292809,1,11.25,2026-08-13,SNPP,Central Kalimantan,Lamandau,187
-1.9347337779487916,111.094154214519,1,1.2000000476837158,2026-08-13,SNPP,Central Kalimantan,Lamandau,187
-1.9347337779487916,111.09752859036027,1,4.96999979019165,2026-08-13,SNPP,Central Kalimantan,Lamandau,187
-1.9347337779487916,111.10090296620155,1,4.96999979019165,2026-08-13,SNPP,Central Kalimantan,Lamandau,187
-1.9347337779487916,111.10427734204283,1,4.96999979019165,2026-08-13,SNPP,Central Kalimantan,Lamandau,187
-1.9347337779487916,111.10765171788412,1,11.25,2026-08-13,SNPP,Central Kalimantan,Lamandau,187
-1.9381062301697656,111.09437529843028,1,1.2000000476837158,2026-08-13,SNPP,Central Kalimantan,Lamandau,187
-1.9381062301697656,111.09774968098677,1,4.96999979019165,2026-08-13,SNPP,Central Kalimantan,Lamandau,187
-1.9381062301697656,111.10112406354327,1,4.96999979019165,2026-08-13,SNPP,Central Kalimantan,Lamandau,187
-1.9381062301697656,111.10449844609974,1,4.96999979019165,2026-08-13,SNPP,Central Kalimantan,Lamandau,187
-1.9381062301697656,111.10787282865624,1,7.110000133514404,2026-08-13,SNPP,Central Kalimantan,Lamandau,187
-1.9381062301697656,111.11124721121273,1,1.2000000476837158,2026-08-13,SNPP,Central Kalimantan,Lamandau,187
-1.9414786823907402,111.09459676811463,1,1.2000000476837158,2026-08-13,SNPP,Central Kalimantan,Lamandau,187
-1.9414786823907402,111.09797115739805,1,4.96999979019165,2026-08-13,SNPP,Central Kalimantan,Lamandau,187
-1.9414786823907402,111.10134554668146,1,4.96999979019165,2026-08-13,SNPP,Central Kalimantan,Lamandau,187
-1.9414786823907402,111.10471993596487,1,4.96999979019165,2026-08-13,SNPP,Central Kalimantan,Lamandau,187
-1.9414786823907402,111.1080943252483,1,7.110000133514404,2026-08-13,SNPP,Central Kalimantan,Lamandau,187
-1.9414786823907402,111.1114687145317,1,1.2000000476837158,2026-08-13,SNPP,Central Kalimantan,Lamandau,187
-1.944851134611714,111.0948186235759,1,0.7599999904632568,2026-08-13,SNPP,Central Kalimantan,Lamandau,187
-1.944851134611714,111.09819301959796,1,7.110000133514404,2026-08-13,SNPP,Central Kalimantan,Lamandau,187
-1.944851134611714,111.10156741562001,1,7.110000133514404,2026-08-13,SNPP,Central Kalimantan,Lamandau,187
-1.944851134611714,111.10494181164206,1,7.110000133514404,2026-08-13,SNPP,Central Kalimantan,Lamandau,187
-1.944851134611714,111.10831620766412,1,7.110000133514404,2026-08-13,SNPP,Central Kalimantan,Lamandau,187
-1.944851134611714,111.11169060368617,1,0.800000011920929,2026-08-13,SNPP,Central Kalimantan,Lamandau,187
-1.9482235868326883,110.62937328222473,1,1.2100000381469727,2026-08-13,SNPP,West Kalimantan,Ketapang,188
-1.9482235868326883,110.63274768499714,1,1.2100000381469727,2026-08-13,SNPP,West Kalimantan,Ketapang,188
-1.9482235868326883,110.63612208776955,1,1.2100000381469727,2026-08-13,SNPP,West Kalimantan,Ketapang,188
-1.9482235868326883,111.10178967036273,1,9.180000305175781,2026-08-13,SNPP,Central Kalimantan,Lamandau,187
-1.9482235868326883,111.10516407313514,1,9.180000305175781,2026-08-13,SNPP,Central Kalimantan,Lamandau,187
-1.9482235868326883,111.10853847590757,1,9.180000305175781,2026-08-13,SNPP,Central Kalimantan,Lamandau,187
-1.9515960390536626,110.62959497608468,1,1.2100000381469727,2026-08-13,SNPP,West Kalimantan,Ketapang,188
-1.9515960390536626,110.63296938561916,1,1.2100000381469727,2026-08-13,SNPP,West Kalimantan,Ketapang,188
-1.9515960390536626,110.63634379515365,1,1.2100000381469727,2026-08-13,SNPP,West Kalimantan,Ketapang,188
-1.9549684912746368,110.629817054116,1,1.2100000381469727,2026-08-13,SNPP,West Kalimantan,Ketapang,188
-1.9549684912746368,110.63319147042431,1,1.2100000381469727,2026-08-13,SNPP,West Kalimantan,Ketapang,188
-1.9549684912746368,110.63656588673258,1,1.2100000381469727,2026-08-13,SNPP,West Kalimantan,Ketapang,188
-2.0392797967989913,110.71985860853354,1,1.7799999713897705,2026-08-13,SNPP,West Kalimantan,Ketapang,189
-2.0392797967989913,110.72323319799537,1,1.7799999713897705,2026-08-13,SNPP,West Kalimantan,Ketapang,189
-2.0392797967989913,110.72660778745723,1,1.7799999713897705,2026-08-13,SNPP,West Kalimantan,Ketapang,189
-2.042652249019965,110.72009085335537,1,1.7799999713897705,2026-08-13,SNPP,West Kalimantan,Ketapang,189
-2.042652249019965,110.72346544989573,1,1.7799999713897705,2026-08-13,SNPP,West Kalimantan,Ketapang,189
-2.042652249019965,110.72684004643608,1,1.7799999713897705,2026-08-13,SNPP,West Kalimantan,Ketapang,189
-2.046024701240939,110.72032348274801,1,1.7799999713897705,2026-08-13,SNPP,West Kalimantan,Ketapang,189
-2.046024701240939,110.72369808637859,1,1.7799999713897705,2026-08-13,SNPP,West Kalimantan,Ketapang,189
-2.046024701240939,110.72707269000915,1,1.7799999713897705,2026-08-13,SNPP,West Kalimantan,Ketapang,189
-1.0713860093794028,113.86672748105275,1,1.3600000143051147,2026-08-13,SNPP,Central Kalimantan,Gunung Mas,190
-1.0713860093794028,113.87010052296644,1,1.3600000143051147,2026-08-13,SNPP,Central Kalimantan,Gunung Mas,190
-1.0713860093794028,113.87347356488013,1,1.3600000143051147,2026-08-13,SNPP,Central Kalimantan,Gunung Mas,190
-1.0713860093794028,113.87684660679382,1,1.3600000143051147,2026-08-13,SNPP,Central Kalimantan,Gunung Mas,190
-1.074758461600377,113.86685301967552,1,8.199999809265137,2026-08-13,SNPP,Central Kalimantan,Gunung Mas,190
-1.074758461600377,113.870226065308,1,8.199999809265137,2026-08-13,SNPP,Central Kalimantan,Gunung Mas,190
-1.074758461600377,113.87359911094048,1,8.199999809265137,2026-08-13,SNPP,Central Kalimantan,Gunung Mas,190
-1.074758461600377,113.87697215657298,1,1.3600000143051147,2026-08-13,SNPP,Central Kalimantan,Gunung Mas,190
-1.078130913821351,113.8669789530729,1,8.199999809265137,2026-08-13,SNPP,Central Kalimantan,Gunung Mas,190
-1.078130913821351,113.87035200243588,1,8.199999809265137,2026-08-13,SNPP,Central Kalimantan,Gunung Mas,190
-1.078130913821351,113.87372505179886,1,8.199999809265137,2026-08-13,SNPP,Central Kalimantan,Gunung Mas,190
-1.078130913821351,113.87709810116182,1,1.3600000143051147,2026-08-13,SNPP,Central Kalimantan,Gunung Mas,190
-1.0949931749262218,113.84062999622952,1,1.0399999618530273,2026-08-13,SNPP,Central Kalimantan,Gunung Mas,191
-1.0949931749262218,113.84400306442036,1,1.0399999618530273,2026-08-13,SNPP,Central Kalimantan,Gunung Mas,191
-1.0983656271471962,113.84075826791565,1,10.739999771118164,2026-08-13,SNPP,Central Kalimantan,Gunung Mas,191
-1.0983656271471962,113.84413133990714,1,10.739999771118164,2026-08-13,SNPP,Central Kalimantan,Gunung Mas,191
-1.1017380793681701,113.84088693429825,1,10.739999771118164,2026-08-13,SNPP,Central Kalimantan,Gunung Mas,191
-1.1017380793681701,113.84426001010209,1,10.739999771118164,2026-08-13,SNPP,Central Kalimantan,Gunung Mas,191
-1.1186003404730411,113.75046262062953,1,3.4100000858306885,2026-08-13,SNPP,Central Kalimantan,Gunung Mas,192
-1.1186003404730411,113.75383571567055,1,3.4100000858306885,2026-08-13,SNPP,Central Kalimantan,Gunung Mas,192
-1.1186003404730411,113.75720881071159,1,3.4100000858306885,2026-08-13,SNPP,Central Kalimantan,Gunung Mas,192
-1.1186003404730411,113.76058190575262,1,0.9800000190734863,2026-08-13,SNPP,Central Kalimantan,Gunung Mas,192
-1.1219727926940155,113.7505935504102,1,3.4100000858306885,2026-08-13,SNPP,Central Kalimantan,Gunung Mas,192
-1.1219727926940155,113.75396664933375,1,3.4100000858306885,2026-08-13,SNPP,Central Kalimantan,Gunung Mas,192
-1.1219727926940155,113.75733974825731,1,3.4100000858306885,2026-08-13,SNPP,Central Kalimantan,Gunung Mas,192
-1.1219727926940155,113.76071284718087,1,0.9800000190734863,2026-08-13,SNPP,Central Kalimantan,Gunung Mas,192
-1.1253452449149894,113.75072487458738,1,3.4100000858306885,2026-08-13,SNPP,Central Kalimantan,Gunung Mas,192
-1.1253452449149894,113.75409797740514,1,3.4100000858306885,2026-08-13,SNPP,Central Kalimantan,Gunung Mas,192
-1.1253452449149894,113.75747108022291,1,3.4100000858306885,2026-08-13,SNPP,Central Kalimantan,Gunung Mas,192
-1.1455799582408346,113.76164048139071,1,4.050000190734863,2026-08-13,SNPP,Central Kalimantan,Gunung Mas,193
-1.1455799582408346,113.76501360781938,1,4.050000190734863,2026-08-13,SNPP,Central Kalimantan,Gunung Mas,193
-1.1489524104618087,113.76177457833569,1,4.050000190734863,2026-08-13,SNPP,Central Kalimantan,Gunung Mas,193
-1.1489524104618087,113.76514770874043,1,4.050000190734863,2026-08-13,SNPP,Central Kalimantan,Gunung Mas,193
-1.152324862682783,113.76190906973065,1,4.050000190734863,2026-08-13,SNPP,Central Kalimantan,Gunung Mas,193
-1.152324862682783,113.76528220412318,1,4.050000190734863,2026-08-13,SNPP,Central Kalimantan,Gunung Mas,193
-1.2636157859749306,113.60465150536469,1,6.210000038146973,2026-08-13,SNPP,Central Kalimantan,Gunung Mas,194
-1.2636157859749306,113.60802477791577,1,8.949999809265137,2026-08-13,SNPP,Central Kalimantan,Gunung Mas,194
-1.2636157859749306,113.61139805046686,1,8.949999809265137,2026-08-13,SNPP,Central Kalimantan,Gunung Mas,194
-1.2636157859749306,113.61477132301795,1,8.949999809265137,2026-08-13,SNPP,Central Kalimantan,Gunung Mas,194
-1.2636157859749306,113.61814459556904,1,1.059999942779541,2026-08-13,SNPP,Central Kalimantan,Gunung Mas,194
-1.2669882381959048,113.6047991989876,1,6.210000038146973,2026-08-13,SNPP,Central Kalimantan,Gunung Mas,194
-1.2669882381959048,113.60817247592418,1,8.949999809265137,2026-08-13,SNPP,Central Kalimantan,Gunung Mas,194
-1.2669882381959048,113.61154575286075,1,8.949999809265137,2026-08-13,SNPP,Central Kalimantan,Gunung Mas,194
-1.2669882381959048,113.6149190297973,1,8.949999809265137,2026-08-13,SNPP,Central Kalimantan,Gunung Mas,194
-1.2669882381959048,113.61829230673389,1,1.059999942779541,2026-08-13,SNPP,Central Kalimantan,Gunung Mas,194
-1.2703606904168792,113.60494728658465,1,6.210000038146973,2026-08-13,SNPP,Central Kalimantan,Gunung Mas,194
-1.2703606904168792,113.60832056791838,1,8.949999809265137,2026-08-13,SNPP,Central Kalimantan,Gunung Mas,194
-1.2703606904168792,113.61169384925213,1,8.949999809265137,2026-08-13,SNPP,Central Kalimantan,Gunung Mas,194
-1.2703606904168792,113.6150671305859,1,8.949999809265137,2026-08-13,SNPP,Central Kalimantan,Gunung Mas,194
-1.2703606904168792,113.61844041191964,1,1.059999942779541,2026-08-13,SNPP,Central Kalimantan,Gunung Mas,194
-1.2737331426378533,113.60509576815836,1,0.8500000238418579,2026-08-13,SNPP,Central Kalimantan,Gunung Mas,194
-1.2737331426378533,113.60846905390099,1,20.719999313354492,2026-08-13,SNPP,Central Kalimantan,Gunung Mas,194
-1.2737331426378533,113.61184233964363,1,20.719999313354492,2026-08-13,SNPP,Central Kalimantan,Gunung Mas,194
-1.2737331426378533,113.61521562538624,1,20.719999313354492,2026-08-13,SNPP,Central Kalimantan,Gunung Mas,194
-1.2737331426378533,113.61858891112885,1,1.059999942779541,2026-08-13,SNPP,Central Kalimantan,Gunung Mas,194
-1.2771055948588275,113.60524464371134,1,0.8500000238418579,2026-08-13,SNPP,Central Kalimantan,Gunung Mas,194
-1.2771055948588275,113.60861793387456,1,20.719999313354492,2026-08-13,SNPP,Central Kalimantan,Gunung Mas,194
-1.2771055948588275,113.61199122403775,1,20.719999313354492,2026-08-13,SNPP,Central Kalimantan,Gunung Mas,194
-1.2771055948588275,113.61536451420095,1,20.719999313354492,2026-08-13,SNPP,Central Kalimantan,Gunung Mas,194
-1.2838504993007758,113.62915667004147,1,4.75,2026-08-13,SNPP,Central Kalimantan,Gunung Mas,194
-1.2838504993007758,113.6325299690809,1,4.75,2026-08-13,SNPP,Central Kalimantan,Gunung Mas,194
-1.2838504993007758,113.63590326812036,1,4.75,2026-08-13,SNPP,Central Kalimantan,Gunung Mas,194
-1.2838504993007758,113.63927656715978,1,4.75,2026-08-13,SNPP,Central Kalimantan,Gunung Mas,194
-1.28722295152175,113.62930675873741,1,4.75,2026-08-13,SNPP,Central Kalimantan,Gunung Mas,194
-1.28722295152175,113.63268006223254,1,4.75,2026-08-13,SNPP,Central Kalimantan,Gunung Mas,194
-1.28722295152175,113.63605336572763,1,4.75,2026-08-13,SNPP,Central Kalimantan,Gunung Mas,194
-1.28722295152175,113.63942666922274,1,4.75,2026-08-13,SNPP,Central Kalimantan,Gunung Mas,194
-1.290595403742724,113.62945724150485,1,4.75,2026-08-13,SNPP,Central Kalimantan,Gunung Mas,194
-1.290595403742724,113.63283054946734,1,4.75,2026-08-13,SNPP,Central Kalimantan,Gunung Mas,194
-1.290595403742724,113.63620385742982,1,4.75,2026-08-13,SNPP,Central Kalimantan,Gunung Mas,194
-1.290595403742724,113.6395771653923,1,4.75,2026-08-13,SNPP,Central Kalimantan,Gunung Mas,194
-1.364789352604156,113.93984780544592,1,17.190000534057617,2026-08-13,SNPP,Central Kalimantan,Gunung Mas,195
-1.364789352604156,113.94322121465048,1,17.190000534057617,2026-08-13,SNPP,Central Kalimantan,Gunung Mas,195
-1.364789352604156,113.94659462385502,1,17.190000534057617,2026-08-13,SNPP,Central Kalimantan,Gunung Mas,195
-1.364789352604156,114.00056917112772,1,15.069999694824219,2026-08-13,SNPP,Central Kalimantan,Kapuas,196
-1.364789352604156,114.00394258033226,1,15.069999694824219,2026-08-13,SNPP,Central Kalimantan,Kapuas,196
-1.36816180482513,113.9400077836099,1,17.190000534057617,2026-08-13,SNPP,Central Kalimantan,Gunung Mas,195
-1.36816180482513,113.94338119755092,1,17.190000534057617,2026-08-13,SNPP,Central Kalimantan,Gunung Mas,195
-1.36816180482513,113.94675461149193,1,1.100000023841858,2026-08-13,SNPP,Central Kalimantan,Gunung Mas,195
-1.36816180482513,113.95012802543293,1,0.7200000286102295,2026-08-13,SNPP,Central Kalimantan,Gunung Mas,195
-1.36816180482513,113.95350143937394,1,0.7200000286102295,2026-08-13,SNPP,Central Kalimantan,Gunung Mas,195
-1.36816180482513,114.00072923454802,1,15.069999694824219,2026-08-13,SNPP,Central Kalimantan,Kapuas,196
-1.36816180482513,114.00410264848904,1,15.069999694824219,2026-08-13,SNPP,Central Kalimantan,Kapuas,196
-1.3715342570461044,113.94016815697462,1,17.190000534057617,2026-08-13,SNPP,Central Kalimantan,Gunung Mas,195
-1.3715342570461044,113.94354157566382,1,17.190000534057617,2026-08-13,SNPP,Central Kalimantan,Gunung Mas,195
-1.3715342570461044,113.94691499435298,1,1.100000023841858,2026-08-13,SNPP,Central Kalimantan,Gunung Mas,195
-1.3715342570461044,113.95028841304214,1,0.7200000286102295,2026-08-13,SNPP,Central Kalimantan,Gunung Mas,195
-1.3715342570461044,113.95366183173132,1,0.7200000286102295,2026-08-13,SNPP,Central Kalimantan,Gunung Mas,195
-1.3715342570461044,113.99751627469053,1,0.8299999833106995,2026-08-13,SNPP,Central Kalimantan,Gunung Mas,196
-1.3715342570461044,114.0008896933797,1,15.069999694824219,2026-08-13,SNPP,Central Kalimantan,Kapuas,196
-1.3715342570461044,114.00426311206886,1,15.069999694824219,2026-08-13,SNPP,Central Kalimantan,Kapuas,196
-1.3715342570461044,114.00763653075802,1,15.069999694824219,2026-08-13,SNPP,Central Kalimantan,Kapuas,196
-1.3749067092670784,113.94032892554291,1,18.709999084472656,2026-08-13,SNPP,Central Kalimantan,Gunung Mas,195
-1.3749067092670784,113.94370234899195,1,18.709999084472656,2026-08-13,SNPP,Central Kalimantan,Gunung Mas,195
-1.3749067092670784,113.94707577244098,1,4.429999828338623,2026-08-13,SNPP,Central Kalimantan,Gunung Mas,195
-1.3749067092670784,113.95044919589003,1,0.7200000286102295,2026-08-13,SNPP,Central Kalimantan,Gunung Mas,195
-1.3749067092670784,113.95382261933905,1,0.7200000286102295,2026-08-13,SNPP,Central Kalimantan,Gunung Mas,195
-1.3749067092670784,113.99767712417649,1,0.8299999833106995,2026-08-13,SNPP,Central Kalimantan,Gunung Mas,196
-1.3749067092670784,114.00105054762552,1,15.069999694824219,2026-08-13,SNPP,Central Kalimantan,Kapuas,196
-1.3749067092670784,114.00442397107456,1,15.069999694824219,2026-08-13,SNPP,Central Kalimantan,Kapuas,196
-1.3749067092670784,114.00779739452358,1,15.069999694824219,2026-08-13,SNPP,Central Kalimantan,Kapuas,196
-1.3782791614880527,113.9978383690677,1,0.8299999833106995,2026-08-13,SNPP,Central Kalimantan,Gunung Mas,196
-1.3782791614880527,114.00121179728829,1,0.8299999833106995,2026-08-13,SNPP,Central Kalimantan,Kapuas,196
-1.3782791614880527,114.00458522550888,1,0.8299999833106995,2026-08-13,SNPP,Central Kalimantan,Kapuas,196
-1.3782791614880527,114.00795865372947,1,0.8299999833106995,2026-08-13,SNPP,Central Kalimantan,Kapuas,196
-1.0140543216228417,114.89003978984084,1,0.6299999952316284,2026-08-13,SNPP,Central Kalimantan,Barito Utara,180
-1.0174267738438159,114.89015968770241,1,0.6299999952316284,2026-08-13,SNPP,Central Kalimantan,Barito Utara,180
-1.057896200495506,114.21702409843189,1,0.699999988079071,2026-08-13,SNPP,Central Kalimantan,Kapuas,197
-1.057896200495506,114.22039712558734,1,0.699999988079071,2026-08-13,SNPP,Central Kalimantan,Kapuas,197
-1.057896200495506,114.2237701527428,1,0.699999988079071,2026-08-13,SNPP,Central Kalimantan,Kapuas,197
-1.06126865271648,114.21714843986767,1,0.699999988079071,2026-08-13,SNPP,Central Kalimantan,Kapuas,197
-1.06126865271648,114.22052147069515,1,0.699999988079071,2026-08-13,SNPP,Central Kalimantan,Kapuas,197
-1.06126865271648,114.22389450152264,1,0.699999988079071,2026-08-13,SNPP,Central Kalimantan,Kapuas,197
-1.0646411049374545,114.21727317728563,1,0.699999988079071,2026-08-13,SNPP,Central Kalimantan,Kapuas,197
-1.0646411049374545,114.2206462117968,1,0.699999988079071,2026-08-13,SNPP,Central Kalimantan,Kapuas,197
-1.0646411049374545,114.224019246308,1,0.699999988079071,2026-08-13,SNPP,Central Kalimantan,Kapuas,197
-1.2029116459973954,114.48246444177727,1,0.7900000214576721,2026-08-13,SNPP,Central Kalimantan,Kapuas,198
-1.2029116459973954,114.48583763739006,1,0.7900000214576721,2026-08-13,SNPP,Central Kalimantan,Kapuas,198
-1.2029116459973954,114.48921083300284,1,0.7900000214576721,2026-08-13,SNPP,Central Kalimantan,Kapuas,198
-1.2062840982183698,114.48260613395205,1,0.7900000214576721,2026-08-13,SNPP,Central Kalimantan,Kapuas,198
-1.2062840982183698,114.48597933373976,1,0.7900000214576721,2026-08-13,SNPP,Central Kalimantan,Kapuas,198
-1.2062840982183698,114.48935253352748,1,0.7900000214576721,2026-08-13,SNPP,Central Kalimantan,Kapuas,198
-1.2400086204281113,114.16696012517181,1,0.5699999928474426,2026-08-13,SNPP,Central Kalimantan,Kapuas,199
-1.2400086204281113,114.17033336735209,1,0.5699999928474426,2026-08-13,SNPP,Central Kalimantan,Kapuas,199
-1.2433810726490857,114.1671057797473,1,0.5699999928474426,2026-08-13,SNPP,Central Kalimantan,Kapuas,199
-1.2433810726490857,114.17047902623118,1,0.5699999928474426,2026-08-13,SNPP,Central Kalimantan,Kapuas,199
-1.2467535248700599,114.32916786859249,1,0.6800000071525574,2026-08-13,SNPP,Central Kalimantan,Kapuas,200
-1.2467535248700599,114.33254111939168,1,0.6800000071525574,2026-08-13,SNPP,Central Kalimantan,Kapuas,200
-1.2467535248700599,114.33591437019084,1,0.6800000071525574,2026-08-13,SNPP,Central Kalimantan,Kapuas,200
-1.250125977091034,114.17077153175657,1,2.119999885559082,2026-08-13,SNPP,Central Kalimantan,Kapuas,199
-1.250125977091034,114.17414478688272,1,2.119999885559082,2026-08-13,SNPP,Central Kalimantan,Kapuas,199
-1.250125977091034,114.17751804200888,1,2.119999885559082,2026-08-13,SNPP,Central Kalimantan,Kapuas,199
-1.250125977091034,114.32931452268572,1,0.6800000071525574,2026-08-13,SNPP,Central Kalimantan,Kapuas,200
-1.250125977091034,114.33268777781188,1,0.6800000071525574,2026-08-13,SNPP,Central Kalimantan,Kapuas,200
-1.250125977091034,114.33606103293803,1,0.6800000071525574,2026-08-13,SNPP,Central Kalimantan,Kapuas,200
-1.2534984293120082,114.17091837840796,1,2.119999885559082,2026-08-13,SNPP,Central Kalimantan,Kapuas,199
-1.2534984293120082,114.17429163787278,1,2.119999885559082,2026-08-13,SNPP,Central Kalimantan,Kapuas,199
-1.2534984293120082,114.17766489733764,1,2.119999885559082,2026-08-13,SNPP,Central Kalimantan,Kapuas,199
-1.2568708815329823,114.17106562098853,1,2.119999885559082,2026-08-13,SNPP,Central Kalimantan,Kapuas,199
-1.2568708815329823,114.17443888480375,1,2.119999885559082,2026-08-13,SNPP,Central Kalimantan,Kapuas,199
-1.2568708815329823,114.17781214861898,1,2.119999885559082,2026-08-13,SNPP,Central Kalimantan,Kapuas,199
-1.2636157859749306,114.31641201364418,1,0.7900000214576721,2026-08-13,SNPP,Central Kalimantan,Kapuas,200
-1.2636157859749306,114.31978528619527,1,0.7900000214576721,2026-08-13,SNPP,Central Kalimantan,Kapuas,200
-1.2636157859749306,114.32315855874636,1,0.7900000214576721,2026-08-13,SNPP,Central Kalimantan,Kapuas,200
-1.2669882381959048,114.26258820161816,1,0.8999999761581421,2026-08-13,SNPP,Central Kalimantan,Kapuas,201
-1.2669882381959048,114.26596147855473,1,0.8999999761581421,2026-08-13,SNPP,Central Kalimantan,Kapuas,201
-1.2669882381959048,114.31656063260324,1,0.7900000214576721,2026-08-13,SNPP,Central Kalimantan,Kapuas,200
-1.2669882381959048,114.3199339095398,1,0.7900000214576721,2026-08-13,SNPP,Central Kalimantan,Kapuas,200
-1.2669882381959048,114.32330718647637,1,0.7900000214576721,2026-08-13,SNPP,Central Kalimantan,Kapuas,200
-1.2703606904168792,114.26273714666483,1,0.8999999761581421,2026-08-13,SNPP,Central Kalimantan,Kapuas,201
-1.2703606904168792,114.26611042799858,1,0.8999999761581421,2026-08-13,SNPP,Central Kalimantan,Kapuas,201
-1.2737331426378533,114.26288648796935,1,0.8999999761581421,2026-08-13,SNPP,Central Kalimantan,Kapuas,201
-1.2737331426378533,114.266259773712,1,0.8999999761581421,2026-08-13,SNPP,Central Kalimantan,Kapuas,201
-1.2804780470798016,114.19234717285757,1,1.840000033378601,2026-08-13,SNPP,Central Kalimantan,Kapuas,202
-1.2804780470798016,114.19572046745303,1,1.840000033378601,2026-08-13,SNPP,Central Kalimantan,Kapuas,202
-1.2804780470798016,114.1990937620485,1,1.840000033378601,2026-08-13,SNPP,Central Kalimantan,Kapuas,202
-1.2838504993007758,114.19249760962785,1,1.840000033378601,2026-08-13,SNPP,Central Kalimantan,Kapuas,202
-1.2838504993007758,114.19587090866729,1,1.840000033378601,2026-08-13,SNPP,Central Kalimantan,Kapuas,202
-1.2838504993007758,114.19924420770673,1,1.840000033378601,2026-08-13,SNPP,Central Kalimantan,Kapuas,202
-1.28722295152175,114.19264844242072,1,1.840000033378601,2026-08-13,SNPP,Central Kalimantan,Kapuas,202
-1.28722295152175,114.19602174591583,1,1.840000033378601,2026-08-13,SNPP,Central Kalimantan,Kapuas,202
-1.28722295152175,114.19939504941095,1,1.840000033378601,2026-08-13,SNPP,Central Kalimantan,Kapuas,202
-1.310830117068569,114.20046203084854,1,0.7900000214576721,2026-08-13,SNPP,Central Kalimantan,Kapuas,203
-1.310830117068569,114.20383536586091,1,0.7900000214576721,2026-08-13,SNPP,Central Kalimantan,Kapuas,203
-1.310830117068569,114.20720870087328,1,0.7900000214576721,2026-08-13,SNPP,Central Kalimantan,Kapuas,203
-1.3142025692895434,114.20061604101534,1,0.7900000214576721,2026-08-13,SNPP,Central Kalimantan,Kapuas,203
-1.3142025692895434,114.20398938057697,1,0.7900000214576721,2026-08-13,SNPP,Central Kalimantan,Kapuas,203
-1.3142025692895434,114.2073627201386,1,0.7900000214576721,2026-08-13,SNPP,Central Kalimantan,Kapuas,203
-1.3209474737314917,114.25489882868503,1,0.6399999856948853,2026-08-13,SNPP,Central Kalimantan,Kapuas,204
-1.3209474737314917,114.25827217738029,1,0.6399999856948853,2026-08-13,SNPP,Central Kalimantan,Kapuas,204
-1.3209474737314917,114.26164552607553,1,0.6399999856948853,2026-08-13,SNPP,Central Kalimantan,Kapuas,204
-1.3243199259524658,114.25505410041895,1,0.6399999856948853,2026-08-13,SNPP,Central Kalimantan,Kapuas,204
-1.3243199259524658,114.25842745369856,1,0.6399999856948853,2026-08-13,SNPP,Central Kalimantan,Kapuas,204
-1.3243199259524658,114.26180080697817,1,0.6399999856948853,2026-08-13,SNPP,Central Kalimantan,Kapuas,204
-1.3243199259524658,114.26517416025779,1,1.75,2026-08-13,SNPP,Central Kalimantan,Kapuas,204
-1.3243199259524658,114.26854751353741,1,1.75,2026-08-13,SNPP,Central Kalimantan,Kapuas,204
-1.3243199259524658,114.27192086681704,1,1.75,2026-08-13,SNPP,Central Kalimantan,Kapuas,204
-1.3243199259524658,114.29890769305396,1,4.110000133514404,2026-08-13,SNPP,Central Kalimantan,Kapuas,205
-1.3243199259524658,114.30228104633359,1,4.110000133514404,2026-08-13,SNPP,Central Kalimantan,Kapuas,205
-1.3243199259524658,114.30565439961322,1,4.110000133514404,2026-08-13,SNPP,Central Kalimantan,Kapuas,205
-1.32769237817344,114.25520976841786,1,0.6399999856948853,2026-08-13,SNPP,Central Kalimantan,Kapuas,204
-1.32769237817344,114.25858312629353,1,0.6399999856948853,2026-08-13,SNPP,Central Kalimantan,Kapuas,204
-1.32769237817344,114.2619564841692,1,0.6399999856948853,2026-08-13,SNPP,Central Kalimantan,Kapuas,204
-1.32769237817344,114.26532984204488,1,1.7799999713897705,2026-08-13,SNPP,Central Kalimantan,Kapuas,204
-1.32769237817344,114.26870319992058,1,1.75,2026-08-13,SNPP,Central Kalimantan,Kapuas,204
-1.32769237817344,114.27207655779625,1,1.75,2026-08-13,SNPP,Central Kalimantan,Kapuas,204
-1.32769237817344,114.29906342080167,1,4.110000133514404,2026-08-13,SNPP,Central Kalimantan,Kapuas,205
-1.32769237817344,114.30243677867736,1,4.110000133514404,2026-08-13,SNPP,Central Kalimantan,Kapuas,205
-1.32769237817344,114.30581013655303,1,4.110000133514404,2026-08-13,SNPP,Central Kalimantan,Kapuas,205
-1.3310648303944144,114.2654859201348,1,1.7799999713897705,2026-08-13,SNPP,Central Kalimantan,Kapuas,204
-1.3310648303944144,114.26885928261824,1,1.7799999713897705,2026-08-13,SNPP,Central Kalimantan,Kapuas,204
-1.3310648303944144,114.27223264510168,1,1.7799999713897705,2026-08-13,SNPP,Central Kalimantan,Kapuas,204
-1.3310648303944144,114.29921954496918,1,4.110000133514404,2026-08-13,SNPP,Central Kalimantan,Kapuas,205
-1.3310648303944144,114.30259290745263,1,4.110000133514404,2026-08-13,SNPP,Central Kalimantan,Kapuas,205
-1.3310648303944144,114.30596626993608,1,4.110000133514404,2026-08-13,SNPP,Central Kalimantan,Kapuas,205
-1.3580444481622076,114.29373601021487,1,0.9200000166893005,2026-08-13,SNPP,Central Kalimantan,Kapuas,206
-1.3580444481622076,114.29710940998159,1,0.9200000166893005,2026-08-13,SNPP,Central Kalimantan,Kapuas,206
-1.3580444481622076,114.3004828097483,1,0.9200000166893005,2026-08-13,SNPP,Central Kalimantan,Kapuas,206
-1.3614169003831817,114.29389569285708,1,0.9200000166893005,2026-08-13,SNPP,Central Kalimantan,Kapuas,206
-1.3614169003831817,114.29726909733687,1,0.9200000166893005,2026-08-13,SNPP,Central Kalimantan,Kapuas,206
-1.3614169003831817,114.30064250181664,1,0.9200000166893005,2026-08-13,SNPP,Central Kalimantan,Kapuas,206
-1.3614169003831817,114.31413611973576,1,0.3799999952316284,2026-08-13,SNPP,Central Kalimantan,Kapuas,206
-1.3614169003831817,114.31750952421555,1,0.3799999952316284,2026-08-13,SNPP,Central Kalimantan,Kapuas,206
-1.3614169003831817,114.32088292869534,1,0.3799999952316284,2026-08-13,SNPP,Central Kalimantan,Kapuas,206
-1.364789352604156,114.2738153166958,1,0.949999988079071,2026-08-13,SNPP,Central Kalimantan,Kapuas,206
-1.364789352604156,114.27718872590036,1,0.949999988079071,2026-08-13,SNPP,Central Kalimantan,Kapuas,206
-1.364789352604156,114.28056213510489,1,0.949999988079071,2026-08-13,SNPP,Central Kalimantan,Kapuas,206
-1.364789352604156,114.29405577192307,1,0.9200000166893005,2026-08-13,SNPP,Central Kalimantan,Kapuas,206
-1.364789352604156,114.29742918112761,1,0.9200000166893005,2026-08-13,SNPP,Central Kalimantan,Kapuas,206
-1.364789352604156,114.30080259033215,1,0.9200000166893005,2026-08-13,SNPP,Central Kalimantan,Kapuas,206
-1.364789352604156,114.31429622715034,1,0.3799999952316284,2026-08-13,SNPP,Central Kalimantan,Kapuas,206
-1.364789352604156,114.31766963635488,1,0.3799999952316284,2026-08-13,SNPP,Central Kalimantan,Kapuas,206
-1.364789352604156,114.32104304555942,1,0.3799999952316284,2026-08-13,SNPP,Central Kalimantan,Kapuas,206
-1.36816180482513,114.27397576376957,1,0.949999988079071,2026-08-13,SNPP,Central Kalimantan,Kapuas,206
-1.36816180482513,114.27734917771058,1,0.949999988079071,2026-08-13,SNPP,Central Kalimantan,Kapuas,206
-1.36816180482513,114.28072259165157,1,0.949999988079071,2026-08-13,SNPP,Central Kalimantan,Kapuas,206
-1.36816180482513,114.2942162474156,1,0.9200000166893005,2026-08-13,SNPP,Central Kalimantan,Kapuas,206
-1.36816180482513,114.29758966135661,1,0.9200000166893005,2026-08-13,SNPP,Central Kalimantan,Kapuas,206
-1.36816180482513,114.31445673106165,1,0.3799999952316284,2026-08-13,SNPP,Central Kalimantan,Kapuas,206
-1.36816180482513,114.31783014500266,1,0.3799999952316284,2026-08-13,SNPP,Central Kalimantan,Kapuas,206
-1.36816180482513,114.32120355894367,1,0.3799999952316284,2026-08-13,SNPP,Central Kalimantan,Kapuas,206
-1.3715342570461044,114.27413660720245,1,0.949999988079071,2026-08-13,SNPP,Central Kalimantan,Kapuas,206
-1.3715342570461044,114.27751002589162,1,0.949999988079071,2026-08-13,SNPP,Central Kalimantan,Kapuas,206
-1.3715342570461044,114.28088344458078,1,0.949999988079071,2026-08-13,SNPP,Central Kalimantan,Kapuas,206
-1.3715342570461044,114.28425686326996,1,0.9800000190734863,2026-08-13,SNPP,Central Kalimantan,Kapuas,206
-1.3715342570461044,114.28763028195914,1,0.9800000190734863,2026-08-13,SNPP,Central Kalimantan,Kapuas,206
-1.3715342570461044,114.29100370064829,1,0.9800000190734863,2026-08-13,SNPP,Central Kalimantan,Kapuas,206
-1.3715342570461044,114.32473788754,1,0.4399999976158142,2026-08-13,SNPP,Central Kalimantan,Kapuas,206
-1.3715342570461044,114.32811130622916,1,0.4399999976158142,2026-08-13,SNPP,Central Kalimantan,Kapuas,206
-1.3749067092670784,114.26417757665016,1,0.49000000953674316,2026-08-13,SNPP,Central Kalimantan,Kapuas,206
-1.3749067092670784,114.26755100009919,1,0.49000000953674316,2026-08-13,SNPP,Central Kalimantan,Kapuas,206
-1.3749067092670784,114.28441811734436,1,0.9800000190734863,2026-08-13,SNPP,Central Kalimantan,Kapuas,206
-1.3749067092670784,114.28779154079339,1,0.9800000190734863,2026-08-13,SNPP,Central Kalimantan,Kapuas,206
-1.3749067092670784,114.29116496424243,1,0.9800000190734863,2026-08-13,SNPP,Central Kalimantan,Kapuas,206
-1.3749067092670784,114.32489919873275,1,0.7900000214576721,2026-08-13,SNPP,Central Kalimantan,Kapuas,206
-1.3749067092670784,114.3282726221818,1,0.7900000214576721,2026-08-13,SNPP,Central Kalimantan,Kapuas,206
-1.3782791614880527,114.26096577027437,1,0.49000000953674316,2026-08-13,SNPP,Central Kalimantan,Kapuas,206
-1.3782791614880527,114.26433919849495,1,0.49000000953674316,2026-08-13,SNPP,Central Kalimantan,Kapuas,206
-1.3782791614880527,114.26771262671555,1,0.49000000953674316,2026-08-13,SNPP,Central Kalimantan,Kapuas,206
-1.3782791614880527,114.28457976781856,1,0.9800000190734863,2026-08-13,SNPP,Central Kalimantan,Kapuas,206
-1.3782791614880527,114.28795319603917,1,0.9800000190734863,2026-08-13,SNPP,Central Kalimantan,Kapuas,206
-1.3782791614880527,114.29132662425977,1,0.9800000190734863,2026-08-13,SNPP,Central Kalimantan,Kapuas,206
-1.3782791614880527,114.32506090646574,1,0.7900000214576721,2026-08-13,SNPP,Central Kalimantan,Kapuas,206
-1.3782791614880527,114.32843433468634,1,0.7900000214576721,2026-08-13,SNPP,Central Kalimantan,Kapuas,206
-1.381651613709027,114.26112778366833,1,0.49000000953674316,2026-08-13,SNPP,Central Kalimantan,Kapuas,206
-1.381651613709027,114.26450121667219,1,0.49000000953674316,2026-08-13,SNPP,Central Kalimantan,Kapuas,206
-1.381651613709027,114.26787464967605,1,0.49000000953674316,2026-08-13,SNPP,Central Kalimantan,Kapuas,206
-1.381651613709027,114.32522301074174,1,0.7900000214576721,2026-08-13,SNPP,Central Kalimantan,Kapuas,206
-1.381651613709027,114.32859644374561,1,0.7900000214576721,2026-08-13,SNPP,Central Kalimantan,Kapuas,206
-1.3951414225929237,114.2786470617772,1,1.4500000476837158,2026-08-13,SNPP,Central Kalimantan,Kapuas,206
-1.3951414225929237,114.28202051403115,1,1.4500000476837158,2026-08-13,SNPP,Central Kalimantan,Kapuas,206
-1.3985138748138977,114.27881108102584,1,1.4500000476837158,2026-08-13,SNPP,Central Kalimantan,Kapuas,206
-1.3985138748138977,114.28218453812153,1,1.4500000476837158,2026-08-13,SNPP,Central Kalimantan,Kapuas,206
-1.401886327034872,114.27897549667063,1,1.4500000476837158,2026-08-13,SNPP,Central Kalimantan,Kapuas,206
-1.401886327034872,114.28234895861979,1,1.4500000476837158,2026-08-13,SNPP,Central Kalimantan,Kapuas,206
-1.422121040360717,114.31370522817654,1,0.4699999988079071,2026-08-13,SNPP,Central Kalimantan,Kapuas,207
-1.422121040360717,114.31707871949229,1,0.4699999988079071,2026-08-13,SNPP,Central Kalimantan,Kapuas,207
-1.422121040360717,114.36093410659711,1,1.0299999713897705,2026-08-13,SNPP,Central Kalimantan,Kapuas,208
-1.422121040360717,114.36430759791287,1,1.0299999713897705,2026-08-13,SNPP,Central Kalimantan,Kapuas,208
-1.4254934925816911,114.31387246802855,1,0.4699999988079071,2026-08-13,SNPP,Central Kalimantan,Kapuas,207
-1.4254934925816911,114.31724596427969,1,0.4699999988079071,2026-08-13,SNPP,Central Kalimantan,Kapuas,207
-1.4254934925816911,114.36110141554452,1,1.0299999713897705,2026-08-13,SNPP,Central Kalimantan,Kapuas,208
-1.4254934925816911,114.36447491179565,1,1.0299999713897705,2026-08-13,SNPP,Central Kalimantan,Kapuas,208
-1.4288659448026653,114.31404010441675,1,0.4699999988079071,2026-08-13,SNPP,Central Kalimantan,Kapuas,207
-1.4288659448026653,114.31741360561497,1,0.4699999988079071,2026-08-13,SNPP,Central Kalimantan,Kapuas,207
-1.4288659448026653,114.36126912119195,1,1.0299999713897705,2026-08-13,SNPP,Central Kalimantan,Kapuas,208
-1.4288659448026653,114.36464262239016,1,1.0299999713897705,2026-08-13,SNPP,Central Kalimantan,Kapuas,208
-1.4322383970236396,114.31420813734405,1,0.4699999988079071,2026-08-13,SNPP,Central Kalimantan,Kapuas,207
-1.4322383970236396,114.31758164350106,1,0.4699999988079071,2026-08-13,SNPP,Central Kalimantan,Kapuas,207
-1.4322383970236396,114.4592689020958,1,3.809999942779541,2026-08-13,SNPP,Central Kalimantan,Kapuas,209
-1.4322383970236396,114.46264240825282,1,3.809999942779541,2026-08-13,SNPP,Central Kalimantan,Kapuas,209
-1.4322383970236396,114.46601591440984,1,3.809999942779541,2026-08-13,SNPP,Central Kalimantan,Kapuas,209
-1.4322383970236396,114.46938942056687,1,0.8700000047683716,2026-08-13,SNPP,Central Kalimantan,Kapuas,209
-1.4356108492446136,114.45943754529624,1,3.809999942779541,2026-08-13,SNPP,Central Kalimantan,Kapuas,209
-1.4356108492446136,114.46281105642376,1,3.809999942779541,2026-08-13,SNPP,Central Kalimantan,Kapuas,209
-1.4356108492446136,114.46618456755127,1,3.809999942779541,2026-08-13,SNPP,Central Kalimantan,Kapuas,209
-1.4356108492446136,114.46955807867877,1,0.8700000047683716,2026-08-13,SNPP,Central Kalimantan,Kapuas,209
-1.438983301465588,114.46298010165452,1,0.8700000047683716,2026-08-13,SNPP,Central Kalimantan,Kapuas,209
-1.438983301465588,114.46635361776423,1,0.8700000047683716,2026-08-13,SNPP,Central Kalimantan,Kapuas,209
-1.438983301465588,114.46972713387393,1,0.8700000047683716,2026-08-13,SNPP,Central Kalimantan,Kapuas,209
-1.4659629192333812,114.37326073551658,1,0.47999998927116394,2026-08-13,SNPP,Central Kalimantan,Kapuas,210
-1.4659629192333812,114.37663429190513,1,0.47999998927116394,2026-08-13,SNPP,Central Kalimantan,Kapuas,210
-1.4659629192333812,114.38000784829369,1,0.47999998927116394,2026-08-13,SNPP,Central Kalimantan,Kapuas,210
-1.4693353714543553,114.37343321705546,1,0.47999998927116394,2026-08-13,SNPP,Central Kalimantan,Kapuas,210
-1.4693353714543553,114.37680677853153,1,0.47999998927116394,2026-08-13,SNPP,Central Kalimantan,Kapuas,210
-1.4693353714543553,114.38018034000763,1,0.47999998927116394,2026-08-13,SNPP,Central Kalimantan,Kapuas,210
-1.4693353714543553,114.51174923757448,1,0.5899999737739563,2026-08-13,SNPP,Central Kalimantan,Kapuas,211
-1.4693353714543553,114.51512279905056,1,0.5899999737739563,2026-08-13,SNPP,Central Kalimantan,Kapuas,211
-1.4693353714543553,114.51849636052663,1,0.5899999737739563,2026-08-13,SNPP,Central Kalimantan,Kapuas,211
-1.4727078236753297,114.3736060953678,1,0.47999998927116394,2026-08-13,SNPP,Central Kalimantan,Kapuas,210
-1.4727078236753297,114.3769796619431,1,0.47999998927116394,2026-08-13,SNPP,Central Kalimantan,Kapuas,210
-1.4727078236753297,114.3803532285184,1,0.47999998927116394,2026-08-13,SNPP,Central Kalimantan,Kapuas,210
-1.4727078236753297,114.51192232495495,1,0.5899999737739563,2026-08-13,SNPP,Central Kalimantan,Kapuas,211
-1.4727078236753297,114.51529589153026,1,0.5899999737739563,2026-08-13,SNPP,Central Kalimantan,Kapuas,211
-1.4727078236753297,114.51866945810555,1,0.5899999737739563,2026-08-13,SNPP,Central Kalimantan,Kapuas,211
-1.5098047981060456,114.48686351820682,1,0.800000011920929,2026-08-13,SNPP,Central Kalimantan,Kapuas,212
-1.5098047981060456,114.49023714164599,1,0.800000011920929,2026-08-13,SNPP,Central Kalimantan,Kapuas,212
-1.5098047981060456,114.49361076508518,1,0.800000011920929,2026-08-13,SNPP,Central Kalimantan,Kapuas,212
-1.5131772503270196,114.48704133094542,1,0.800000011920929,2026-08-13,SNPP,Central Kalimantan,Kapuas,212
-1.5131772503270196,114.49041495962426,1,0.800000011920929,2026-08-13,SNPP,Central Kalimantan,Kapuas,212
-1.5131772503270196,114.49378858830312,1,0.800000011920929,2026-08-13,SNPP,Central Kalimantan,Kapuas,212
-1.516549702547994,114.48721954088322,1,0.800000011920929,2026-08-13,SNPP,Central Kalimantan,Kapuas,212
-1.516549702547994,114.49059317481344,1,0.800000011920929,2026-08-13,SNPP,Central Kalimantan,Kapuas,212
-1.516549702547994,114.49396680874366,1,0.800000011920929,2026-08-13,SNPP,Central Kalimantan,Kapuas,212
-1.5671364858626065,114.4494557867068,1,0.7099999785423279,2026-08-13,SNPP,Central Kalimantan,Kapuas,213
-1.5671364858626065,114.45282950081223,1,0.7099999785423279,2026-08-13,SNPP,Central Kalimantan,Kapuas,213
-1.5671364858626065,114.45620321491762,1,0.7099999785423279,2026-08-13,SNPP,Central Kalimantan,Kapuas,213
-1.5705089380835806,114.44964028699283,1,0.7099999785423279,2026-08-13,SNPP,Central Kalimantan,Kapuas,213
-1.5705089380835806,114.4530140065369,1,0.7099999785423279,2026-08-13,SNPP,Central Kalimantan,Kapuas,213
-1.5705089380835806,114.45638772608098,1,0.7099999785423279,2026-08-13,SNPP,Central Kalimantan,Kapuas,213
-2.1202186501023714,113.83032020877111,1,2.3399999141693115,2026-08-13,SNPP,Central Kalimantan,Kota Palangka Raya,214
-2.1202186501023714,113.83369497135236,1,2.3399999141693115,2026-08-13,SNPP,Central Kalimantan,Kota Palangka Raya,214
-2.1202186501023714,113.83706973393359,1,2.3399999141693115,2026-08-13,SNPP,Central Kalimantan,Kota Palangka Raya,214
-2.1235911023233456,113.83056845547807,1,2.3399999141693115,2026-08-13,SNPP,Central Kalimantan,Kota Palangka Raya,214
-2.1235911023233456,113.83394322541916,1,2.3399999141693115,2026-08-13,SNPP,Central Kalimantan,Kota Palangka Raya,214
-2.1235911023233456,113.83731799536025,1,2.3399999141693115,2026-08-13,SNPP,Central Kalimantan,Kota Palangka Raya,214
-2.1269635545443197,113.83081709764079,1,2.3399999141693115,2026-08-13,SNPP,Central Kalimantan,Kota Palangka Raya,214
-2.1269635545443197,113.83419187495348,1,2.3399999141693115,2026-08-13,SNPP,Central Kalimantan,Kota Palangka Raya,214
-2.1269635545443197,113.83756665226612,1,2.3399999141693115,2026-08-13,SNPP,Central Kalimantan,Kota Palangka Raya,214
-2.133708458986268,113.82794077625981,1,1.059999942779541,2026-08-13,SNPP,Central Kalimantan,Kota Palangka Raya,214
-2.133708458986268,113.83131556835077,1,1.059999942779541,2026-08-13,SNPP,Central Kalimantan,Kota Palangka Raya,214
-2.133708458986268,113.83469036044175,1,1.059999942779541,2026-08-13,SNPP,Central Kalimantan,Kota Palangka Raya,214
-2.133708458986268,113.85493911298755,1,1.159999966621399,2026-08-13,SNPP,Central Kalimantan,Kota Palangka Raya,215
-2.133708458986268,113.85831390507853,1,2.3399999141693115,2026-08-13,SNPP,Central Kalimantan,Kota Palangka Raya,215
-2.133708458986268,113.8616886971695,1,2.3399999141693115,2026-08-13,SNPP,Central Kalimantan,Kota Palangka Raya,215
-2.133708458986268,113.86506348926046,1,2.3399999141693115,2026-08-13,SNPP,Central Kalimantan,Kota Palangka Raya,215
-2.137080911207242,113.82819059740896,1,1.059999942779541,2026-08-13,SNPP,Central Kalimantan,Kota Palangka Raya,214
-2.137080911207242,113.83156539690667,1,1.059999942779541,2026-08-13,SNPP,Central Kalimantan,Kota Palangka Raya,214
-2.137080911207242,113.83494019640439,1,1.059999942779541,2026-08-13,SNPP,Central Kalimantan,Kota Palangka Raya,214
-2.137080911207242,113.85518899339067,1,5.590000152587891,2026-08-13,SNPP,Central Kalimantan,Kota Palangka Raya,215
-2.137080911207242,113.85856379288839,1,4.559999942779541,2026-08-13,SNPP,Central Kalimantan,Kota Palangka Raya,215
-2.137080911207242,113.8619385923861,1,4.559999942779541,2026-08-13,SNPP,Central Kalimantan,Kota Palangka Raya,215
-2.137080911207242,113.8653133918838,1,4.559999942779541,2026-08-13,SNPP,Central Kalimantan,Kota Palangka Raya,215
-2.1404533634282163,113.82844081401944,1,1.059999942779541,2026-08-13,SNPP,Central Kalimantan,Kota Palangka Raya,214
-2.1404533634282163,113.83181562093561,1,1.059999942779541,2026-08-13,SNPP,Central Kalimantan,Kota Palangka Raya,214
-2.1404533634282163,113.83519042785181,1,1.059999942779541,2026-08-13,SNPP,Central Kalimantan,Kota Palangka Raya,214
-2.1404533634282163,113.85543926934889,1,5.590000152587891,2026-08-13,SNPP,Central Kalimantan,Kota Palangka Raya,215
-2.1404533634282163,113.85881407626508,1,4.559999942779541,2026-08-13,SNPP,Central Kalimantan,Kota Palangka Raya,215
-2.1404533634282163,113.86218888318126,1,4.559999942779541,2026-08-13,SNPP,Central Kalimantan,Kota Palangka Raya,215
-2.1404533634282163,113.86556369009743,1,4.559999942779541,2026-08-13,SNPP,Central Kalimantan,Kota Palangka Raya,215
-2.1404533634282163,113.86893849701362,1,2.069999933242798,2026-08-13,SNPP,Central Kalimantan,Kota Palangka Raya,215
-2.1438258156491905,113.86243956955934,1,4.559999942779541,2026-08-13,SNPP,Central Kalimantan,Kota Palangka Raya,215
-2.1438258156491905,113.86581438390571,1,4.559999942779541,2026-08-13,SNPP,Central Kalimantan,Kota Palangka Raya,215
-2.1438258156491905,113.86918919825209,1,2.069999933242798,2026-08-13,SNPP,Central Kalimantan,Kota Palangka Raya,215
-2.1471982678701647,113.866065473313,1,2.069999933242798,2026-08-13,SNPP,Central Kalimantan,Kota Palangka Raya,215
-2.1471982678701647,113.8694402951013,1,2.069999933242798,2026-08-13,SNPP,Central Kalimantan,Kota Palangka Raya,215
-2.177550337858932,113.83796907701547,1,0.7900000214576721,2026-08-13,SNPP,Central Kalimantan,Kota Palangka Raya,216
-2.177550337858932,113.84134396630868,1,0.7900000214576721,2026-08-13,SNPP,Central Kalimantan,Kota Palangka Raya,216
-2.177550337858932,113.84471885560188,1,0.7900000214576721,2026-08-13,SNPP,Central Kalimantan,Kota Palangka Raya,216
-2.177550337858932,113.84809374489508,1,0.7900000214576721,2026-08-13,SNPP,Central Kalimantan,Kota Palangka Raya,216
-2.1809227900799066,113.83822405462087,1,0.7900000214576721,2026-08-13,SNPP,Central Kalimantan,Kota Palangka Raya,216
-2.1809227900799066,113.84159895147324,1,0.7900000214576721,2026-08-13,SNPP,Central Kalimantan,Kota Palangka Raya,216
-2.1809227900799066,113.84497384832562,1,0.7900000214576721,2026-08-13,SNPP,Central Kalimantan,Kota Palangka Raya,216
-2.1809227900799066,113.848348745178,1,0.7900000214576721,2026-08-13,SNPP,Central Kalimantan,Kota Palangka Raya,216
-2.1977850511847774,113.85975448480791,1,0.8100000023841858,2026-08-13,SNPP,Central Kalimantan,Kota Palangka Raya,217
-2.1977850511847774,113.86312941963206,1,0.9100000262260437,2026-08-13,SNPP,Central Kalimantan,Kota Palangka Raya,217
-2.1977850511847774,113.86650435445623,1,0.9100000262260437,2026-08-13,SNPP,Central Kalimantan,Kota Palangka Raya,217
-2.201157503405751,113.86001188150769,1,0.8100000023841858,2026-08-13,SNPP,Central Kalimantan,Kota Palangka Raya,217
-2.201157503405751,113.86338682396138,1,0.9100000262260437,2026-08-13,SNPP,Central Kalimantan,Kota Palangka Raya,217
-2.201157503405751,113.86676176641507,1,0.9100000262260437,2026-08-13,SNPP,Central Kalimantan,Kota Palangka Raya,217
-2.2045299556267257,113.86026967384628,1,0.8100000023841858,2026-08-13,SNPP,Central Kalimantan,Kota Palangka Raya,217
-2.2045299556267257,113.86364462394123,1,0.9100000262260437,2026-08-13,SNPP,Central Kalimantan,Kota Palangka Raya,217
-2.2045299556267257,113.86701957403619,1,0.9100000262260437,2026-08-13,SNPP,Central Kalimantan,Kota Palangka Raya,217
-2.211274860068674,113.85741148004514,1,0.8299999833106995,2026-08-13,SNPP,Central Kalimantan,Kota Palangka Raya,217
-2.211274860068674,113.8607864454578,1,0.8299999833106995,2026-08-13,SNPP,Central Kalimantan,Kota Palangka Raya,217
-2.211274860068674,113.86416141087047,1,0.8299999833106995,2026-08-13,SNPP,Central Kalimantan,Kota Palangka Raya,217
-2.214647312289648,113.83742061311592,1,1.2100000381469727,2026-08-13,SNPP,Central Kalimantan,Kota Palangka Raya,217
-2.214647312289648,113.84079558620505,1,1.2100000381469727,2026-08-13,SNPP,Central Kalimantan,Kota Palangka Raya,217
-2.214647312289648,113.84417055929416,1,1.2100000381469727,2026-08-13,SNPP,Central Kalimantan,Kota Palangka Raya,217
-2.214647312289648,113.84754553238326,1,1.2100000381469727,2026-08-13,SNPP,Central Kalimantan,Kota Palangka Raya,217
-2.214647312289648,113.8576704516506,1,0.8299999833106995,2026-08-13,SNPP,Central Kalimantan,Kota Palangka Raya,217
-2.214647312289648,113.86104542473971,1,0.8299999833106995,2026-08-13,SNPP,Central Kalimantan,Kota Palangka Raya,217
-2.214647312289648,113.86442039782884,1,0.8299999833106995,2026-08-13,SNPP,Central Kalimantan,Kota Palangka Raya,217
-2.2180197645106223,113.80055514568723,1,1.0399999618530273,2026-08-13,SNPP,Central Kalimantan,Kota Palangka Raya,218
-2.2180197645106223,113.80393012646452,1,1.0399999618530273,2026-08-13,SNPP,Central Kalimantan,Kota Palangka Raya,218
-2.2180197645106223,113.8073051072418,1,1.0399999618530273,2026-08-13,SNPP,Central Kalimantan,Kota Palangka Raya,218
-2.2180197645106223,113.81068008801908,1,1.0399999618530273,2026-08-13,SNPP,Central Kalimantan,Kota Palangka Raya,218
-2.2180197645106223,113.81405506879638,1,0.47999998927116394,2026-08-13,SNPP,Central Kalimantan,Kota Palangka Raya,218
-2.2180197645106223,113.83767993423737,1,1.2100000381469727,2026-08-13,SNPP,Central Kalimantan,Kota Palangka Raya,217
-2.2180197645106223,113.84105491501465,1,1.2100000381469727,2026-08-13,SNPP,Central Kalimantan,Kota Palangka Raya,217
-2.2180197645106223,113.84442989579195,1,1.2100000381469727,2026-08-13,SNPP,Central Kalimantan,Kota Palangka Raya,217
-2.2180197645106223,113.84780487656923,1,1.2100000381469727,2026-08-13,SNPP,Central Kalimantan,Kota Palangka Raya,217
-2.2213922167315965,113.79406480073455,1,3.309999942779541,2026-08-13,SNPP,Central Kalimantan,Kota Palangka Raya,218
-2.2213922167315965,113.79743978921172,1,3.309999942779541,2026-08-13,SNPP,Central Kalimantan,Kota Palangka Raya,218
-2.2213922167315965,113.80081477768893,1,3.309999942779541,2026-08-13,SNPP,Central Kalimantan,Kota Palangka Raya,218
-2.2213922167315965,113.8041897661661,1,1.0399999618530273,2026-08-13,SNPP,Central Kalimantan,Kota Palangka Raya,218
-2.2213922167315965,113.8075647546433,1,1.0399999618530273,2026-08-13,SNPP,Central Kalimantan,Kota Palangka Raya,218
-2.2213922167315965,113.81093974312049,1,1.0399999618530273,2026-08-13,SNPP,Central Kalimantan,Kota Palangka Raya,218
-2.2213922167315965,113.81431473159766,1,0.47999998927116394,2026-08-13,SNPP,Central Kalimantan,Kota Palangka Raya,218
-2.2213922167315965,113.84131463941516,1,1.2100000381469727,2026-08-13,SNPP,Central Kalimantan,Kota Palangka Raya,217
-2.2213922167315965,113.84468962789234,1,1.2100000381469727,2026-08-13,SNPP,Central Kalimantan,Kota Palangka Raya,217
-2.2213922167315965,113.84806461636954,1,1.2100000381469727,2026-08-13,SNPP,Central Kalimantan,Kota Palangka Raya,217
-2.2247646689525706,113.79432481276763,1,3.309999942779541,2026-08-13,SNPP,Central Kalimantan,Kota Palangka Raya,218
-2.2247646689525706,113.79769980895644,1,3.309999942779541,2026-08-13,SNPP,Central Kalimantan,Kota Palangka Raya,218
-2.2247646689525706,113.80107480514526,1,3.309999942779541,2026-08-13,SNPP,Central Kalimantan,Kota Palangka Raya,218
-2.2247646689525706,113.80444980133407,1,3.309999942779541,2026-08-13,SNPP,Central Kalimantan,Kota Palangka Raya,218
-2.2247646689525706,113.8078247975229,1,1.0399999618530273,2026-08-13,SNPP,Central Kalimantan,Kota Palangka Raya,218
-2.2247646689525706,113.81119979371171,1,1.0399999618530273,2026-08-13,SNPP,Central Kalimantan,Kota Palangka Raya,218
-2.2247646689525706,113.84157475941105,1,1.2100000381469727,2026-08-13,SNPP,Central Kalimantan,Kota Palangka Raya,217
-2.2247646689525706,113.84494975559987,1,1.2100000381469727,2026-08-13,SNPP,Central Kalimantan,Kota Palangka Raya,217
-2.2247646689525706,113.84832475178868,1,1.2100000381469727,2026-08-13,SNPP,Central Kalimantan,Kota Palangka Raya,217
-2.2281371211735452,113.79458522023644,1,3.309999942779541,2026-08-13,SNPP,Central Kalimantan,Kota Palangka Raya,218
-2.2281371211735452,113.79796022414861,1,3.309999942779541,2026-08-13,SNPP,Central Kalimantan,Kota Palangka Raya,218
-2.2281371211735452,113.80133522806078,1,3.309999942779541,2026-08-13,SNPP,Central Kalimantan,Kota Palangka Raya,218
-2.2281371211735452,113.80471023197295,1,3.309999942779541,2026-08-13,SNPP,Central Kalimantan,Kota Palangka Raya,218
-2.2281371211735452,113.80808523588513,1,1.7300000190734863,2026-08-13,SNPP,Central Kalimantan,Kota Palangka Raya,218
-2.231509573394519,113.79484602314547,1,2.890000104904175,2026-08-13,SNPP,Central Kalimantan,Kota Palangka Raya,218
-2.231509573394519,113.79822103479272,1,2.890000104904175,2026-08-13,SNPP,Central Kalimantan,Kota Palangka Raya,218
-2.231509573394519,113.80159604643997,1,3.309999942779541,2026-08-13,SNPP,Central Kalimantan,Kota Palangka Raya,218
-2.231509573394519,113.80497105808725,1,3.309999942779541,2026-08-13,SNPP,Central Kalimantan,Kota Palangka Raya,218
-2.234882025615493,113.79848224089332,1,2.890000104904175,2026-08-13,SNPP,Central Kalimantan,Kota Palangka Raya,218
-2.234882025615493,113.8018572602874,1,2.890000104904175,2026-08-13,SNPP,Central Kalimantan,Kota Palangka Raya,218
-2.234882025615493,113.84573251241035,1,1.25,2026-08-13,SNPP,Central Kalimantan,Kota Palangka Raya,217
-2.234882025615493,113.84910753180442,1,1.25,2026-08-13,SNPP,Central Kalimantan,Kota Palangka Raya,217
-2.234882025615493,113.85248255119848,1,1.25,2026-08-13,SNPP,Central Kalimantan,Kota Palangka Raya,217
-2.2382544778364677,113.84599422259157,1,1.25,2026-08-13,SNPP,Central Kalimantan,Kota Palangka Raya,217
-2.2382544778364677,113.84936924974419,1,1.25,2026-08-13,SNPP,Central Kalimantan,Kota Palangka Raya,217
-2.2382544778364677,113.85274427689679,1,1.25,2026-08-13,SNPP,Central Kalimantan,Kota Palangka Raya,217
-2.241626930057442,113.84625632840253,1,1.25,2026-08-13,SNPP,Central Kalimantan,Kota Palangka Raya,217
-2.241626930057442,113.84963136332541,1,1.25,2026-08-13,SNPP,Central Kalimantan,Kota Palangka Raya,217
-2.241626930057442,113.8530063982483,1,1.25,2026-08-13,SNPP,Central Kalimantan,Kota Palangka Raya,217
-2.2449993822784156,113.81614344550385,1,1.25,2026-08-13,SNPP,Central Kalimantan,Kota Palangka Raya,218
-2.2449993822784156,113.81951848820874,1,1.25,2026-08-13,SNPP,Central Kalimantan,Kota Palangka Raya,218
-2.2449993822784156,113.82289353091363,1,1.25,2026-08-13,SNPP,Central Kalimantan,Kota Palangka Raya,218
-2.2483718344993897,113.81640627244445,1,1.25,2026-08-13,SNPP,Central Kalimantan,Kota Palangka Raya,218
-2.2483718344993897,113.81978132294306,1,1.25,2026-08-13,SNPP,Central Kalimantan,Kota Palangka Raya,218
-2.2483718344993897,113.82315637344166,1,1.25,2026-08-13,SNPP,Central Kalimantan,Kota Palangka Raya,218
-2.2517442867203643,113.8166694949229,1,0.8199999928474426,2026-08-13,SNPP,Central Kalimantan,Kota Palangka Raya,218
-2.2517442867203643,113.82004455322698,1,0.8199999928474426,2026-08-13,SNPP,Central Kalimantan,Kota Palangka Raya,218
-2.2551167389413385,113.81355804682254,1,0.8199999928474426,2026-08-13,SNPP,Central Kalimantan,Kota Palangka Raya,218
-2.2551167389413385,113.81693311294379,1,0.8199999928474426,2026-08-13,SNPP,Central Kalimantan,Kota Palangka Raya,218
-2.2551167389413385,113.82030817906505,1,0.8199999928474426,2026-08-13,SNPP,Central Kalimantan,Kota Palangka Raya,218
-2.258489191162312,113.81382205256152,1,0.8199999928474426,2026-08-13,SNPP,Central Kalimantan,Kota Palangka Raya,218
-2.258489191162312,113.8171971265117,1,0.8199999928474426,2026-08-13,SNPP,Central Kalimantan,Kota Palangka Raya,218
-2.258489191162312,113.82057220046187,1,0.8199999928474426,2026-08-13,SNPP,Central Kalimantan,Kota Palangka Raya,218
-2.2618616433832868,113.81408645384037,1,0.9399999976158142,2026-08-13,SNPP,Central Kalimantan,Kota Palangka Raya,218
-2.2618616433832868,113.81746153563118,1,0.9399999976158142,2026-08-13,SNPP,Central Kalimantan,Kota Palangka Raya,218
-2.2618616433832868,113.82083661742202,1,0.9399999976158142,2026-08-13,SNPP,Central Kalimantan,Kota Palangka Raya,218
-2.268606547825235,113.8213666380506,1,1.3899999856948853,2026-08-13,SNPP,Central Kalimantan,Kota Palangka Raya,218
-2.268606547825235,113.8247417355579,1,1.1100000143051147,2026-08-13,SNPP,Central Kalimantan,Kota Palangka Raya,218
-2.268606547825235,113.82811683306521,1,1.1100000143051147,2026-08-13,SNPP,Central Kalimantan,Kota Palangka Raya,218
-2.2719790000462092,113.82163224172827,1,1.3899999856948853,2026-08-13,SNPP,Central Kalimantan,Kota Palangka Raya,218
-2.2719790000462092,113.8250073471114,1,1.1100000143051147,2026-08-13,SNPP,Central Kalimantan,Kota Palangka Raya,218
-2.2719790000462092,113.82838245249455,1,1.1100000143051147,2026-08-13,SNPP,Central Kalimantan,Kota Palangka Raya,218
-2.2719790000462092,114.00726303780078,1,0.75,2026-08-13,SNPP,Central Kalimantan,Kota Palangka Raya,219
-2.2719790000462092,114.01063814318391,1,0.75,2026-08-13,SNPP,Central Kalimantan,Kota Palangka Raya,219
-2.2719790000462092,114.01401324856704,1,0.75,2026-08-13,SNPP,Central Kalimantan,Kota Palangka Raya,219
-2.2753514522671834,113.81852312771694,1,5.96999979019165,2026-08-13,SNPP,Central Kalimantan,Kota Palangka Raya,218
-2.2753514522671834,113.82189824098765,1,5.96999979019165,2026-08-13,SNPP,Central Kalimantan,Kota Palangka Raya,218
-2.2753514522671834,113.82527335425834,1,5.96999979019165,2026-08-13,SNPP,Central Kalimantan,Kota Palangka Raya,218
-2.2753514522671834,113.82864846752905,1,1.1100000143051147,2026-08-13,SNPP,Central Kalimantan,Kota Palangka Raya,218
-2.2753514522671834,114.00752947087624,1,0.75,2026-08-13,SNPP,Central Kalimantan,Kota Palangka Raya,219
-2.2753514522671834,114.01090458414693,1,0.75,2026-08-13,SNPP,Central Kalimantan,Kota Palangka Raya,219
-2.2753514522671834,114.01427969741763,1,0.75,2026-08-13,SNPP,Central Kalimantan,Kota Palangka Raya,219
-2.2787239044881575,113.81878951466337,1,5.96999979019165,2026-08-13,SNPP,Central Kalimantan,Kota Palangka Raya,218
-2.2787239044881575,113.82216463583336,1,5.96999979019165,2026-08-13,SNPP,Central Kalimantan,Kota Palangka Raya,218
-2.2787239044881575,113.82553975700336,1,5.96999979019165,2026-08-13,SNPP,Central Kalimantan,Kota Palangka Raya,218
-2.2787239044881575,114.00779630018319,1,0.75,2026-08-13,SNPP,Central Kalimantan,Kota Palangka Raya,219
-2.2787239044881575,114.01117142135318,1,0.75,2026-08-13,SNPP,Central Kalimantan,Kota Palangka Raya,219
-2.2787239044881575,114.01454654252318,1,0.75,2026-08-13,SNPP,Central Kalimantan,Kota Palangka Raya,219
-2.2820963567091317,113.81905629718901,1,5.96999979019165,2026-08-13,SNPP,Central Kalimantan,Kota Palangka Raya,218
-2.2820963567091317,113.82243142627004,1,5.96999979019165,2026-08-13,SNPP,Central Kalimantan,Kota Palangka Raya,218
-2.2820963567091317,113.82580655535105,1,5.96999979019165,2026-08-13,SNPP,Central Kalimantan,Kota Palangka Raya,218
-2.28884126115108,113.83309162874956,1,1.1399999856948853,2026-08-13,SNPP,Central Kalimantan,Kota Palangka Raya,218
-2.28884126115108,113.83646677368783,1,1.1399999856948853,2026-08-13,SNPP,Central Kalimantan,Kota Palangka Raya,218
-2.28884126115108,113.83984191862608,1,1.1399999856948853,2026-08-13,SNPP,Central Kalimantan,Kota Palangka Raya,218
-2.292213713372054,113.8299844769411,1,1.0199999809265137,2026-08-13,SNPP,Central Kalimantan,Kota Palangka Raya,218
-2.292213713372054,113.83335962982558,1,1.1399999856948853,2026-08-13,SNPP,Central Kalimantan,Kota Palangka Raya,218
-2.292213713372054,113.83673478271005,1,1.1399999856948853,2026-08-13,SNPP,Central Kalimantan,Kota Palangka Raya,218
-2.292213713372054,113.84010993559454,1,1.1399999856948853,2026-08-13,SNPP,Central Kalimantan,Kota Palangka Raya,218
-2.292213713372054,113.9953669682807,1,4.139999866485596,2026-08-13,SNPP,Central Kalimantan,Kota Palangka Raya,219
-2.292213713372054,113.99874212116518,1,4.139999866485596,2026-08-13,SNPP,Central Kalimantan,Kota Palangka Raya,219
-2.2955861655930283,113.83025286570387,1,1.0199999809265137,2026-08-13,SNPP,Central Kalimantan,Kota Palangka Raya,218
-2.2955861655930283,113.8336280265463,1,1.340000033378601,2026-08-13,SNPP,Central Kalimantan,Kota Palangka Raya,218
-2.2955861655930283,113.83700318738873,1,1.340000033378601,2026-08-13,SNPP,Central Kalimantan,Kota Palangka Raya,218
-2.2955861655930283,113.84037834823114,1,1.340000033378601,2026-08-13,SNPP,Central Kalimantan,Kota Palangka Raya,218
-2.2955861655930283,113.99563574698294,1,4.139999866485596,2026-08-13,SNPP,Central Kalimantan,Kota Palangka Raya,219
-2.2955861655930283,113.99901090782537,1,4.139999866485596,2026-08-13,SNPP,Central Kalimantan,Kota Palangka Raya,219
-2.298958617814003,113.83052165010427,1,1.0199999809265137,2026-08-13,SNPP,Central Kalimantan,Kota Palangka Raya,218
-2.298958617814003,113.83389681891639,1,1.340000033378601,2026-08-13,SNPP,Central Kalimantan,Kota Palangka Raya,218
-2.298958617814003,113.83727198772849,1,1.340000033378601,2026-08-13,SNPP,Central Kalimantan,Kota Palangka Raya,218
-2.298958617814003,113.8406471565406,1,1.340000033378601,2026-08-13,SNPP,Central Kalimantan,Kota Palangka Raya,218
-2.298958617814003,113.99590492189762,1,4.139999866485596,2026-08-13,SNPP,Central Kalimantan,Kota Palangka Raya,219
-2.298958617814003,113.99928009070972,1,4.139999866485596,2026-08-13,SNPP,Central Kalimantan,Kota Palangka Raya,219
-2.3191933311398474,114.081908714023,1,1.1799999475479126,2026-08-13,SNPP,Central Kalimantan,Pulang Pisau,220
-2.3191933311398474,114.08528393089954,1,1.1799999475479126,2026-08-13,SNPP,Central Kalimantan,Pulang Pisau,220
-2.3191933311398474,114.08865914777608,1,1.1799999475479126,2026-08-13,SNPP,Central Kalimantan,Pulang Pisau,220
-2.322565783360822,114.07880563892274,1,1.1799999475479126,2026-08-13,SNPP,Central Kalimantan,Pulang Pisau,220
-2.322565783360822,114.0821808638511,1,1.1799999475479126,2026-08-13,SNPP,Central Kalimantan,Pulang Pisau,220
-2.322565783360822,114.08555608877943,1,1.1799999475479126,2026-08-13,SNPP,Central Kalimantan,Pulang Pisau,220
-2.322565783360822,114.08893131370776,1,1.1799999475479126,2026-08-13,SNPP,Central Kalimantan,Pulang Pisau,220
-2.325938235581796,114.07570294423876,1,1.4900000095367432,2026-08-13,SNPP,Central Kalimantan,Pulang Pisau,220
-2.325938235581796,114.07907817723063,1,1.1799999475479126,2026-08-13,SNPP,Central Kalimantan,Pulang Pisau,220
-2.325938235581796,114.0824534102225,1,1.1799999475479126,2026-08-13,SNPP,Central Kalimantan,Pulang Pisau,220
-2.325938235581796,114.08582864321437,1,1.1799999475479126,2026-08-13,SNPP,Central Kalimantan,Pulang Pisau,220
-2.325938235581796,114.08920387620624,1,1.1799999475479126,2026-08-13,SNPP,Central Kalimantan,Pulang Pisau,220
-2.3293106878027703,114.0759758710077,1,1.4900000095367432,2026-08-13,SNPP,Central Kalimantan,Pulang Pisau,220
-2.3293106878027703,114.07935111207485,1,1.4900000095367432,2026-08-13,SNPP,Central Kalimantan,Pulang Pisau,220
-2.3293106878027703,114.08272635314196,1,1.1799999475479126,2026-08-13,SNPP,Central Kalimantan,Pulang Pisau,220
-2.3293106878027703,114.08610159420911,1,1.1799999475479126,2026-08-13,SNPP,Central Kalimantan,Pulang Pisau,220
-2.3326831400237444,114.07624919430599,1,6.46999979019165,2026-08-13,SNPP,Central Kalimantan,Pulang Pisau,220
-2.3326831400237444,114.07962444346012,1,6.46999979019165,2026-08-13,SNPP,Central Kalimantan,Pulang Pisau,220
-2.3326831400237444,114.08299969261425,1,1.3600000143051147,2026-08-13,SNPP,Central Kalimantan,Pulang Pisau,220
-2.3326831400237444,114.08637494176838,1,1.3600000143051147,2026-08-13,SNPP,Central Kalimantan,Pulang Pisau,220
-2.3360555922447186,114.07652291413834,1,6.46999979019165,2026-08-13,SNPP,Central Kalimantan,Pulang Pisau,220
-2.3360555922447186,114.0798981713912,1,6.46999979019165,2026-08-13,SNPP,Central Kalimantan,Pulang Pisau,220
-2.3360555922447186,114.08327342864406,1,2.5799999237060547,2026-08-13,SNPP,Central Kalimantan,Pulang Pisau,220
-2.3360555922447186,114.08664868589693,1,2.5799999237060547,2026-08-13,SNPP,Central Kalimantan,Pulang Pisau,220
-2.3394280444656927,114.07679703050951,1,2.5799999237060547,2026-08-13,SNPP,Central Kalimantan,Pulang Pisau,220
-2.3394280444656927,114.08017229587284,1,2.5799999237060547,2026-08-13,SNPP,Central Kalimantan,Pulang Pisau,220
-2.3394280444656927,114.08354756123616,1,2.5799999237060547,2026-08-13,SNPP,Central Kalimantan,Pulang Pisau,220
-2.3394280444656927,114.08692282659948,1,2.5799999237060547,2026-08-13,SNPP,Central Kalimantan,Pulang Pisau,220
-2.342800496686667,114.07707154342428,1,2.5799999237060547,2026-08-13,SNPP,Central Kalimantan,Pulang Pisau,220
-2.342800496686667,114.0804468169098,1,2.5799999237060547,2026-08-13,SNPP,Central Kalimantan,Pulang Pisau,220
-2.342800496686667,114.08382209039532,1,2.5799999237060547,2026-08-13,SNPP,Central Kalimantan,Pulang Pisau,220
-2.342800496686667,114.08719736388082,1,2.5799999237060547,2026-08-13,SNPP,Central Kalimantan,Pulang Pisau,220
-2.346172948907641,114.08072173450684,1,0.8100000023841858,2026-08-13,SNPP,Central Kalimantan,Pulang Pisau,220
-2.346172948907641,114.0840970161263,1,0.8100000023841858,2026-08-13,SNPP,Central Kalimantan,Pulang Pisau,220
-2.346172948907641,114.08747229774573,1,0.8100000023841858,2026-08-13,SNPP,Central Kalimantan,Pulang Pisau,220
-2.346172948907641,114.09759814260408,1,0.8100000023841858,2026-08-13,SNPP,Central Kalimantan,Pulang Pisau,220
-2.346172948907641,114.10097342422353,1,0.8100000023841858,2026-08-13,SNPP,Central Kalimantan,Pulang Pisau,220
-2.346172948907641,114.10434870584298,1,0.8100000023841858,2026-08-13,SNPP,Central Kalimantan,Pulang Pisau,220
-2.349545401128615,114.09787349749428,1,2.2699999809265137,2026-08-13,SNPP,Central Kalimantan,Pulang Pisau,220
-2.349545401128615,114.10124878725938,1,2.2699999809265137,2026-08-13,SNPP,Central Kalimantan,Pulang Pisau,220
-2.349545401128615,114.10462407702448,1,0.8100000023841858,2026-08-13,SNPP,Central Kalimantan,Pulang Pisau,220
-2.3529178533495894,114.09814924901279,1,2.2699999809265137,2026-08-13,SNPP,Central Kalimantan,Pulang Pisau,220
-2.3529178533495894,114.10152454693528,1,2.2699999809265137,2026-08-13,SNPP,Central Kalimantan,Pulang Pisau,220
-2.3529178533495894,114.10489984485778,1,2.059999942779541,2026-08-13,SNPP,Central Kalimantan,Pulang Pisau,220
-2.356290305570564,114.09842539716438,1,2.2699999809265137,2026-08-13,SNPP,Central Kalimantan,Pulang Pisau,220
-2.356290305570564,114.101800703256,1,2.2699999809265137,2026-08-13,SNPP,Central Kalimantan,Pulang Pisau,220
-2.356290305570564,114.10517600934762,1,2.059999942779541,2026-08-13,SNPP,Central Kalimantan,Pulang Pisau,220
-2.3596627577915377,114.10207725622632,1,2.2699999809265137,2026-08-13,SNPP,Central Kalimantan,Pulang Pisau,220
-2.3596627577915377,114.10545257049881,1,2.059999942779541,2026-08-13,SNPP,Central Kalimantan,Pulang Pisau,220
-1.6750549569337803,110.29554554048077,1,0.6000000238418579,2026-08-13,SNPP,West Kalimantan,Ketapang,221
-1.6750549569337803,110.29891943442982,1,0.6000000238418579,2026-08-13,SNPP,West Kalimantan,Ketapang,221
-1.6784274091547542,110.29236168242589,1,0.6800000071525574,2026-08-13,SNPP,West Kalimantan,Ketapang,221
-1.6784274091547542,110.29573558218821,1,0.6000000238418579,2026-08-13,SNPP,West Kalimantan,Ketapang,221
-1.6784274091547542,110.29910948195057,1,0.6000000238418579,2026-08-13,SNPP,West Kalimantan,Ketapang,221
-1.6817998613757286,110.29255210108921,1,0.6800000071525574,2026-08-13,SNPP,West Kalimantan,Ketapang,221
-1.6817998613757286,110.29592600667655,1,0.6000000238418579,2026-08-13,SNPP,West Kalimantan,Ketapang,221
-1.6817998613757286,110.2992999122639,1,0.6000000238418579,2026-08-13,SNPP,West Kalimantan,Ketapang,221
-1.6851723135967025,110.29274290252499,1,0.6800000071525574,2026-08-13,SNPP,West Kalimantan,Ketapang,221
-1.6851723135967025,110.29611681394906,1,0.6800000071525574,2026-08-13,SNPP,West Kalimantan,Ketapang,221
-1.6851723135967025,110.29949072537313,1,0.6800000071525574,2026-08-13,SNPP,West Kalimantan,Ketapang,221
-1.6986621224805996,110.26989239184303,1,1.2100000381469727,2026-08-13,SNPP,West Kalimantan,Ketapang,222
-1.6986621224805996,110.27326632673103,1,1.2100000381469727,2026-08-13,SNPP,West Kalimantan,Ketapang,222
-1.6986621224805996,110.27664026161904,1,1.2100000381469727,2026-08-13,SNPP,West Kalimantan,Ketapang,222
-1.7020345747015735,110.27008506592408,1,1.2100000381469727,2026-08-13,SNPP,West Kalimantan,Ketapang,222
-1.7020345747015735,110.27345900670734,1,4.880000114440918,2026-08-13,SNPP,West Kalimantan,Ketapang,222
-1.7020345747015735,110.27683294749062,1,4.880000114440918,2026-08-13,SNPP,West Kalimantan,Ketapang,222
-1.7020345747015735,110.28020688827387,1,4.880000114440918,2026-08-13,SNPP,West Kalimantan,Ketapang,222
-1.7020345747015735,110.28358082905716,1,0.9200000166893005,2026-08-13,SNPP,West Kalimantan,Ketapang,222
-1.7054070269225479,110.27027812271558,1,1.2100000381469727,2026-08-13,SNPP,West Kalimantan,Ketapang,222
-1.7054070269225479,110.27365206940583,1,4.880000114440918,2026-08-13,SNPP,West Kalimantan,Ketapang,222
-1.7054070269225479,110.27702601609606,1,4.880000114440918,2026-08-13,SNPP,West Kalimantan,Ketapang,222
-1.7054070269225479,110.28039996278629,1,4.880000114440918,2026-08-13,SNPP,West Kalimantan,Ketapang,222
-1.7054070269225479,110.28377390947654,1,0.9200000166893005,2026-08-13,SNPP,West Kalimantan,Ketapang,222
-1.7087794791435218,110.2738455148298,1,4.880000114440918,2026-08-13,SNPP,West Kalimantan,Ketapang,222
-1.7087794791435218,110.27721946743873,1,4.880000114440918,2026-08-13,SNPP,West Kalimantan,Ketapang,222
-1.7087794791435218,110.28059342004764,1,4.880000114440918,2026-08-13,SNPP,West Kalimantan,Ketapang,222
-1.7087794791435218,110.28396737265656,1,0.9200000166893005,2026-08-13,SNPP,West Kalimantan,Ketapang,222
-1.71552438358547,110.14264893909262,1,0.5099999904632568,2026-08-13,SNPP,West Kalimantan,Ketapang,223
-1.71552438358547,110.14602290357402,1,0.5099999904632568,2026-08-13,SNPP,West Kalimantan,Ketapang,223
-1.71552438358547,110.14939686805545,1,0.5099999904632568,2026-08-13,SNPP,West Kalimantan,Ketapang,223
-1.71552438358547,110.26411166042347,1,1.2999999523162842,2026-08-13,SNPP,West Kalimantan,Ketapang,222
-1.71552438358547,110.2674856249049,1,1.2999999523162842,2026-08-13,SNPP,West Kalimantan,Ketapang,222
-1.71552438358547,110.27085958938629,1,1.2999999523162842,2026-08-13,SNPP,West Kalimantan,Ketapang,222
-1.7188968358064445,110.14284330051463,1,0.5099999904632568,2026-08-13,SNPP,West Kalimantan,Ketapang,223
-1.7188968358064445,110.14621727094986,1,0.5099999904632568,2026-08-13,SNPP,West Kalimantan,Ketapang,223
-1.7188968358064445,110.1495912413851,1,0.5099999904632568,2026-08-13,SNPP,West Kalimantan,Ketapang,223
-1.7188968358064445,110.26430623618269,1,1.2999999523162842,2026-08-13,SNPP,West Kalimantan,Ketapang,222
-1.7188968358064445,110.26768020661792,1,1.2999999523162842,2026-08-13,SNPP,West Kalimantan,Ketapang,222
-1.7188968358064445,110.27105417705314,1,1.2999999523162842,2026-08-13,SNPP,West Kalimantan,Ketapang,222
-1.7188968358064445,110.27442814748836,1,1.2100000381469727,2026-08-13,SNPP,West Kalimantan,Ketapang,222
-1.7222692880274186,110.14303804421891,1,0.5099999904632568,2026-08-13,SNPP,West Kalimantan,Ketapang,223
-1.7222692880274186,110.14641202061965,1,0.5099999904632568,2026-08-13,SNPP,West Kalimantan,Ketapang,223
-1.7222692880274186,110.14978599702042,1,0.5099999904632568,2026-08-13,SNPP,West Kalimantan,Ketapang,223
-1.7222692880274186,110.26450119464575,1,1.2999999523162842,2026-08-13,SNPP,West Kalimantan,Ketapang,222
-1.7222692880274186,110.2678751710465,1,1.2999999523162842,2026-08-13,SNPP,West Kalimantan,Ketapang,222
-1.7222692880274186,110.27124914744725,1,1.2999999523162842,2026-08-13,SNPP,West Kalimantan,Ketapang,222
-1.7222692880274186,110.27462312384799,1,1.2100000381469727,2026-08-13,SNPP,West Kalimantan,Ketapang,222
-1.7256417402483928,110.264696535816,1,1.2999999523162842,2026-08-13,SNPP,West Kalimantan,Ketapang,222
-1.7256417402483928,110.268070518194,1,1.2999999523162842,2026-08-13,SNPP,West Kalimantan,Ketapang,222
-1.7256417402483928,110.27144450057197,1,1.2999999523162842,2026-08-13,SNPP,West Kalimantan,Ketapang,222
-1.729014192469367,110.24127434112846,1,1.1399999856948853,2026-08-13,SNPP,West Kalimantan,Ketapang,222
-1.729014192469367,110.24464832949538,1,1.1399999856948853,2026-08-13,SNPP,West Kalimantan,Ketapang,222
-1.729014192469367,110.24802231786228,1,1.1399999856948853,2026-08-13,SNPP,West Kalimantan,Ketapang,222
-1.729014192469367,110.25139630622922,1,1.1399999856948853,2026-08-13,SNPP,West Kalimantan,Ketapang,222
-1.732386644690341,110.24147040571876,1,1.1399999856948853,2026-08-13,SNPP,West Kalimantan,Ketapang,222
-1.732386644690341,110.24484440008634,1,1.1399999856948853,2026-08-13,SNPP,West Kalimantan,Ketapang,222
-1.732386644690341,110.2482183944539,1,1.1399999856948853,2026-08-13,SNPP,West Kalimantan,Ketapang,222
-1.732386644690341,110.25159238882148,1,1.1399999856948853,2026-08-13,SNPP,West Kalimantan,Ketapang,222
-1.7357590969113152,110.24504085332441,1,1.1399999856948853,2026-08-13,SNPP,West Kalimantan,Ketapang,222
-1.7357590969113152,110.24841485370435,1,1.1399999856948853,2026-08-13,SNPP,West Kalimantan,Ketapang,222
-1.7357590969113152,110.2517888540843,1,1.1399999856948853,2026-08-13,SNPP,West Kalimantan,Ketapang,222
-1.7593662624581345,110.12158715700521,1,1.3200000524520874,2026-08-13,SNPP,West Kalimantan,Ketapang,224
-1.7593662624581345,110.12496119979959,1,1.3200000524520874,2026-08-13,SNPP,West Kalimantan,Ketapang,224
-1.7593662624581345,110.12833524259399,1,1.3200000524520874,2026-08-13,SNPP,West Kalimantan,Ketapang,224
-1.7593662624581345,110.13508332818277,1,1.2400000095367432,2026-08-13,SNPP,West Kalimantan,Ketapang,224
-1.7593662624581345,110.13845737097716,1,1.2400000095367432,2026-08-13,SNPP,West Kalimantan,Ketapang,224
-1.7593662624581345,110.14183141377156,1,1.2400000095367432,2026-08-13,SNPP,West Kalimantan,Ketapang,224
-1.7593662624581345,110.14520545656595,1,1.2400000095367432,2026-08-13,SNPP,West Kalimantan,Ketapang,224
-1.7593662624581345,110.14857949936034,1,1.0,2026-08-13,SNPP,West Kalimantan,Ketapang,224
-1.7627387146791087,110.12178644561958,1,1.3200000524520874,2026-08-13,SNPP,West Kalimantan,Ketapang,224
-1.7627387146791087,110.12516049452002,1,1.3200000524520874,2026-08-13,SNPP,West Kalimantan,Ketapang,224
-1.7627387146791087,110.12853454342046,1,1.809999942779541,2026-08-13,SNPP,West Kalimantan,Ketapang,224
-1.7627387146791087,110.13190859232091,1,1.809999942779541,2026-08-13,SNPP,West Kalimantan,Ketapang,224
-1.7627387146791087,110.13528264122137,1,4.25,2026-08-13,SNPP,West Kalimantan,Ketapang,224
-1.7627387146791087,110.1386566901218,1,4.25,2026-08-13,SNPP,West Kalimantan,Ketapang,224
-1.7627387146791087,110.14203073902226,1,4.25,2026-08-13,SNPP,West Kalimantan,Ketapang,224
-1.7627387146791087,110.14540478792269,1,4.25,2026-08-13,SNPP,West Kalimantan,Ketapang,224
-1.7627387146791087,110.14877883682314,1,1.0,2026-08-13,SNPP,West Kalimantan,Ketapang,224
-1.7661111669000829,110.12198611647865,1,1.3200000524520874,2026-08-13,SNPP,West Kalimantan,Ketapang,224
-1.7661111669000829,110.12536017149687,1,1.3200000524520874,2026-08-13,SNPP,West Kalimantan,Ketapang,224
-1.7661111669000829,110.12873422651508,1,1.809999942779541,2026-08-13,SNPP,West Kalimantan,Ketapang,224
-1.7661111669000829,110.13210828153329,1,1.809999942779541,2026-08-13,SNPP,West Kalimantan,Ketapang,224
-1.7661111669000829,110.1354823365515,1,4.25,2026-08-13,SNPP,West Kalimantan,Ketapang,224
-1.7661111669000829,110.13885639156972,1,4.25,2026-08-13,SNPP,West Kalimantan,Ketapang,224
-1.7661111669000829,110.14223044658793,1,4.25,2026-08-13,SNPP,West Kalimantan,Ketapang,224
-1.7661111669000829,110.14560450160613,1,4.25,2026-08-13,SNPP,West Kalimantan,Ketapang,224
-1.7661111669000829,110.14897855662434,1,1.0,2026-08-13,SNPP,West Kalimantan,Ketapang,224
-1.769483619121057,110.12218616958589,1,1.3200000524520874,2026-08-13,SNPP,West Kalimantan,Ketapang,224
-1.769483619121057,110.12556023073357,1,1.809999942779541,2026-08-13,SNPP,West Kalimantan,Ketapang,224
-1.769483619121057,110.12893429188127,1,1.809999942779541,2026-08-13,SNPP,West Kalimantan,Ketapang,224
-1.769483619121057,110.13230835302896,1,1.809999942779541,2026-08-13,SNPP,West Kalimantan,Ketapang,224
-1.769483619121057,110.13568241417664,1,4.25,2026-08-13,SNPP,West Kalimantan,Ketapang,224
-1.769483619121057,110.13905647532434,1,4.25,2026-08-13,SNPP,West Kalimantan,Ketapang,224
-1.769483619121057,110.14243053647202,1,4.25,2026-08-13,SNPP,West Kalimantan,Ketapang,224
-1.769483619121057,110.1458045976197,1,4.25,2026-08-13,SNPP,West Kalimantan,Ketapang,224
-1.863912281308334,110.16168523889603,1,0.6200000047683716,2026-08-13,SNPP,West Kalimantan,Ketapang,225
-1.863912281308334,110.16505947642449,1,0.6200000047683716,2026-08-13,SNPP,West Kalimantan,Ketapang,225
-1.863912281308334,110.16843371395296,1,0.6200000047683716,2026-08-13,SNPP,West Kalimantan,Ketapang,225
-1.863912281308334,110.17180795148144,1,0.6200000047683716,2026-08-13,SNPP,West Kalimantan,Ketapang,225
-1.867284733529308,110.15852219943025,1,1.6699999570846558,2026-08-13,SNPP,West Kalimantan,Ketapang,225
-1.867284733529308,110.16189644342788,1,1.600000023841858,2026-08-13,SNPP,West Kalimantan,Ketapang,225
-1.867284733529308,110.16527068742552,1,1.600000023841858,2026-08-13,SNPP,West Kalimantan,Ketapang,225
-1.867284733529308,110.16864493142316,1,1.600000023841858,2026-08-13,SNPP,West Kalimantan,Ketapang,225
-1.867284733529308,110.1720191754208,1,1.600000023841858,2026-08-13,SNPP,West Kalimantan,Ketapang,225
-1.8706571857502825,110.15535952947496,1,1.6699999570846558,2026-08-13,SNPP,West Kalimantan,Ketapang,225
-1.8706571857502825,110.15873377995351,1,1.6699999570846558,2026-08-13,SNPP,West Kalimantan,Ketapang,225
-1.8706571857502825,110.16210803043202,1,1.600000023841858,2026-08-13,SNPP,West Kalimantan,Ketapang,225
-1.8706571857502825,110.16548228091054,1,1.600000023841858,2026-08-13,SNPP,West Kalimantan,Ketapang,225
-1.8706571857502825,110.16885653138905,1,1.600000023841858,2026-08-13,SNPP,West Kalimantan,Ketapang,225
-1.8706571857502825,110.17223078186758,1,1.600000023841858,2026-08-13,SNPP,West Kalimantan,Ketapang,225
-1.8740296379712564,110.15557148596987,1,1.6699999570846558,2026-08-13,SNPP,West Kalimantan,Ketapang,225
-1.8740296379712564,110.158945742941,1,1.6699999570846558,2026-08-13,SNPP,West Kalimantan,Ketapang,225
-1.8740296379712564,110.16231999991211,1,1.600000023841858,2026-08-13,SNPP,West Kalimantan,Ketapang,225
-1.8740296379712564,110.16569425688324,1,1.600000023841858,2026-08-13,SNPP,West Kalimantan,Ketapang,225
-1.8740296379712564,110.16906851385434,1,1.600000023841858,2026-08-13,SNPP,West Kalimantan,Ketapang,225
-1.8740296379712564,110.17244277082546,1,1.600000023841858,2026-08-13,SNPP,West Kalimantan,Ketapang,225
-1.8774020901922306,110.15578382492099,1,1.6699999570846558,2026-08-13,SNPP,West Kalimantan,Ketapang,225
-1.8774020901922306,110.15915808839642,1,1.6699999570846558,2026-08-13,SNPP,West Kalimantan,Ketapang,225
-1.8774020901922306,110.16253235187186,1,1.6699999570846558,2026-08-13,SNPP,West Kalimantan,Ketapang,225
-1.8774020901922306,110.16590661534728,1,1.600000023841858,2026-08-13,SNPP,West Kalimantan,Ketapang,225
-1.8774020901922306,110.1692808788227,1,1.600000023841858,2026-08-13,SNPP,West Kalimantan,Ketapang,225
-1.8774020901922306,110.17265514229814,1,1.600000023841858,2026-08-13,SNPP,West Kalimantan,Ketapang,225
-2.059514510124836,111.98674488686618,1,0.5400000214576721,2026-08-13,SNPP,Central Kalimantan,Kotawaringin Barat,226
-2.059514510124836,111.99011951897488,1,0.5400000214576721,2026-08-13,SNPP,Central Kalimantan,Kotawaringin Barat,226
-2.059514510124836,111.99349415108357,1,0.5400000214576721,2026-08-13,SNPP,Central Kalimantan,Kotawaringin Barat,226
-2.0628869623458104,111.98698211998564,1,0.5400000214576721,2026-08-13,SNPP,Central Kalimantan,Kotawaringin Barat,226
-2.0628869623458104,111.99035675924318,1,0.5400000214576721,2026-08-13,SNPP,Central Kalimantan,Kotawaringin Barat,226
-2.0628869623458104,111.9937313985007,1,0.5400000214576721,2026-08-13,SNPP,Central Kalimantan,Kotawaringin Barat,226
-2.0662594145667845,111.98721974209595,1,0.5400000214576721,2026-08-13,SNPP,Central Kalimantan,Kotawaringin Barat,226
-2.0662594145667845,111.99059438851403,1,0.5400000214576721,2026-08-13,SNPP,Central Kalimantan,Kotawaringin Barat,226
-2.0662594145667845,111.9939690349321,1,0.5400000214576721,2026-08-13,SNPP,Central Kalimantan,Kotawaringin Barat,226
-2.2820963567091317,111.7939788485756,1,0.6399999856948853,2026-08-13,SNPP,Central Kalimantan,Kotawaringin Barat,227
-2.2820963567091317,111.79735397765661,1,0.6399999856948853,2026-08-13,SNPP,Central Kalimantan,Kotawaringin Barat,227
-2.2854688089301063,111.79424127303152,1,0.6399999856948853,2026-08-13,SNPP,Central Kalimantan,Kotawaringin Barat,227
-2.2854688089301063,111.79761641003529,1,0.6399999856948853,2026-08-13,SNPP,Central Kalimantan,Kotawaringin Barat,227
-2.298958617814003,112.16993859454652,1,0.3199999928474426,2026-08-13,SNPP,Central Kalimantan,Seruyan,228
-2.298958617814003,112.17331376335864,1,0.3199999928474426,2026-08-13,SNPP,Central Kalimantan,Seruyan,228
-2.298958617814003,112.17668893217073,1,0.3199999928474426,2026-08-13,SNPP,Central Kalimantan,Seruyan,228
-2.3023310700349766,112.17020384773542,1,0.3199999928474426,2026-08-13,SNPP,Central Kalimantan,Seruyan,228
-2.3023310700349766,112.17357902452895,1,0.3199999928474426,2026-08-13,SNPP,Central Kalimantan,Seruyan,228
-2.3023310700349766,112.17695420132246,1,0.3199999928474426,2026-08-13,SNPP,Central Kalimantan,Seruyan,228
-1.8537949246454113,112.38466370814115,1,0.9399999976158142,2026-08-13,SNPP,Central Kalimantan,Kotawaringin Timur,229
-1.8537949246454113,112.3880379263324,1,0.9399999976158142,2026-08-13,SNPP,Central Kalimantan,Kotawaringin Timur,229
-1.8571673768663859,112.38487800529839,1,0.9399999976158142,2026-08-13,SNPP,Central Kalimantan,Kotawaringin Timur,229
-1.8571673768663859,112.38825222992368,1,0.9399999976158142,2026-08-13,SNPP,Central Kalimantan,Kotawaringin Timur,229
-1.8605398290873598,112.38509269263697,1,0.9399999976158142,2026-08-13,SNPP,Central Kalimantan,Kotawaringin Timur,229
-1.8605398290873598,112.388466923708,1,0.9399999976158142,2026-08-13,SNPP,Central Kalimantan,Kotawaringin Timur,229
-1.944851134611714,112.42433065626551,1,1.2599999904632568,2026-08-13,SNPP,Central Kalimantan,Kotawaringin Timur,230
-1.944851134611714,112.42770505228756,1,1.2599999904632568,2026-08-13,SNPP,Central Kalimantan,Kotawaringin Timur,230
-1.9482235868326883,112.42118115437675,1,2.0299999713897705,2026-08-13,SNPP,Central Kalimantan,Kotawaringin Timur,230
-1.9482235868326883,112.42455555714916,1,2.0299999713897705,2026-08-13,SNPP,Central Kalimantan,Kotawaringin Timur,230
-1.9482235868326883,112.42792995992157,1,2.0299999713897705,2026-08-13,SNPP,Central Kalimantan,Kotawaringin Timur,230
-1.9515960390536626,112.42140643889974,1,2.0299999713897705,2026-08-13,SNPP,Central Kalimantan,Kotawaringin Timur,230
-1.9515960390536626,112.42478084843424,1,2.0299999713897705,2026-08-13,SNPP,Central Kalimantan,Kotawaringin Timur,230
-1.9515960390536626,112.42815525796874,1,2.0299999713897705,2026-08-13,SNPP,Central Kalimantan,Kotawaringin Timur,230
-1.9549684912746368,112.42163211381637,1,2.0299999713897705,2026-08-13,SNPP,Central Kalimantan,Kotawaringin Timur,230
-1.9549684912746368,112.42500653012465,1,2.0299999713897705,2026-08-13,SNPP,Central Kalimantan,Kotawaringin Timur,230
-1.9549684912746368,112.42838094643295,1,2.0299999713897705,2026-08-13,SNPP,Central Kalimantan,Kotawaringin Timur,230
-2.346172948907641,112.8318675353114,1,1.0199999809265137,2026-08-13,SNPP,Central Kalimantan,Kotawaringin Timur,231
-2.346172948907641,112.83524281693084,1,1.0199999809265137,2026-08-13,SNPP,Central Kalimantan,Kotawaringin Timur,231
-2.349545401128615,112.8321398355789,1,1.0199999809265137,2026-08-13,SNPP,Central Kalimantan,Kotawaringin Timur,231
-2.349545401128615,112.83551512534402,1,1.0199999809265137,2026-08-13,SNPP,Central Kalimantan,Kotawaringin Timur,231
-2.447346515536866,112.93809758379034,1,1.7200000286102295,2026-08-13,SNPP,Central Kalimantan,Kotawaringin Timur,232
-2.447346515536866,112.94147311488412,1,1.7200000286102295,2026-08-13,SNPP,Central Kalimantan,Kotawaringin Timur,232
-2.447346515536866,112.94484864597791,1,1.7200000286102295,2026-08-13,SNPP,Central Kalimantan,Kotawaringin Timur,232
-2.4507189677578403,112.93838189942873,1,1.7200000286102295,2026-08-13,SNPP,Central Kalimantan,Kotawaringin Timur,232
-2.4507189677578403,112.94175743902025,1,1.7200000286102295,2026-08-13,SNPP,Central Kalimantan,Kotawaringin Timur,232
-2.4507189677578403,112.94513297861177,1,1.7200000286102295,2026-08-13,SNPP,Central Kalimantan,Kotawaringin Timur,232
-2.454091419978815,112.93866660778085,1,1.7200000286102295,2026-08-13,SNPP,Central Kalimantan,Kotawaringin Timur,232
-2.454091419978815,112.94204215588182,1,1.7200000286102295,2026-08-13,SNPP,Central Kalimantan,Kotawaringin Timur,232
-2.454091419978815,112.94541770398278,1,1.7200000286102295,2026-08-13,SNPP,Central Kalimantan,Kotawaringin Timur,232
-2.4675812288627115,113.09508615220946,1,2.9600000381469727,2026-08-13,SNPP,Central Kalimantan,Kotawaringin Timur,233
-2.4675812288627115,113.09846173446563,1,2.9600000381469727,2026-08-13,SNPP,Central Kalimantan,Kotawaringin Timur,233
-2.4675812288627115,113.10183731672181,1,1.25,2026-08-13,SNPP,Central Kalimantan,Kotawaringin Timur,233
-2.4709536810836856,113.09537321833913,1,2.9600000381469727,2026-08-13,SNPP,Central Kalimantan,Kotawaringin Timur,233
-2.4709536810836856,113.09874880916347,1,2.9600000381469727,2026-08-13,SNPP,Central Kalimantan,Kotawaringin Timur,233
-2.4709536810836856,113.10212439998779,1,1.25,2026-08-13,SNPP,Central Kalimantan,Kotawaringin Timur,233
-2.47432613330466,112.88974911409547,1,0.8299999833106995,2026-08-13,SNPP,Central Kalimantan,Kotawaringin Timur,234
-2.47432613330466,112.89312471349967,1,0.8299999833106995,2026-08-13,SNPP,Central Kalimantan,Kotawaringin Timur,234
-2.47432613330466,113.09566067775226,1,2.9600000381469727,2026-08-13,SNPP,Central Kalimantan,Kotawaringin Timur,233
-2.47432613330466,113.09903627715647,1,2.9600000381469727,2026-08-13,SNPP,Central Kalimantan,Kotawaringin Timur,233
-2.47432613330466,113.10241187656067,1,1.25,2026-08-13,SNPP,Central Kalimantan,Kotawaringin Timur,233
-2.477698585525634,112.89003644270794,1,0.8299999833106995,2026-08-13,SNPP,Central Kalimantan,Kotawaringin Timur,234
-2.477698585525634,112.89341205070377,1,0.8299999833106995,2026-08-13,SNPP,Central Kalimantan,Kotawaringin Timur,234
-2.477698585525634,112.94404617064127,1,1.399999976158142,2026-08-13,SNPP,Central Kalimantan,Kotawaringin Timur,235
-2.477698585525634,112.94742177863712,1,1.399999976158142,2026-08-13,SNPP,Central Kalimantan,Kotawaringin Timur,235
-2.477698585525634,112.95079738663296,1,1.399999976158142,2026-08-13,SNPP,Central Kalimantan,Kotawaringin Timur,235
-2.481071037746608,112.94433402948492,1,1.399999976158142,2026-08-13,SNPP,Central Kalimantan,Kotawaringin Timur,235
-2.481071037746608,112.94770964608412,1,1.399999976158142,2026-08-13,SNPP,Central Kalimantan,Kotawaringin Timur,235
-2.481071037746608,112.95108526268332,1,1.399999976158142,2026-08-13,SNPP,Central Kalimantan,Kotawaringin Timur,235
-2.4844434899675822,112.88723665245567,1,1.100000023841858,2026-08-13,SNPP,Central Kalimantan,Kotawaringin Timur,234
-2.4844434899675822,112.89061227766997,1,1.2899999618530273,2026-08-13,SNPP,Central Kalimantan,Kotawaringin Timur,234
-2.4844434899675822,112.89398790288426,1,1.2899999618530273,2026-08-13,SNPP,Central Kalimantan,Kotawaringin Timur,234
-2.4844434899675822,112.89736352809855,1,1.2899999618530273,2026-08-13,SNPP,Central Kalimantan,Kotawaringin Timur,234
-2.4844434899675822,112.94462228109873,1,1.399999976158142,2026-08-13,SNPP,Central Kalimantan,Kotawaringin Timur,235
-2.4844434899675822,112.94799790631303,1,1.399999976158142,2026-08-13,SNPP,Central Kalimantan,Kotawaringin Timur,235
-2.4844434899675822,112.95137353152735,1,1.399999976158142,2026-08-13,SNPP,Central Kalimantan,Kotawaringin Timur,235
-2.487815942188557,112.82676374104786,1,0.8700000047683716,2026-08-13,SNPP,Central Kalimantan,Kotawaringin Timur,236
-2.487815942188557,112.83013937488899,1,0.8700000047683716,2026-08-13,SNPP,Central Kalimantan,Kotawaringin Timur,236
-2.487815942188557,112.83351500873013,1,0.8700000047683716,2026-08-13,SNPP,Central Kalimantan,Kotawaringin Timur,236
-2.487815942188557,112.83689064257128,1,0.8700000047683716,2026-08-13,SNPP,Central Kalimantan,Kotawaringin Timur,236
-2.487815942188557,112.88752515018837,1,1.100000023841858,2026-08-13,SNPP,Central Kalimantan,Kotawaringin Timur,234
-2.487815942188557,112.8909007840295,1,1.2899999618530273,2026-08-13,SNPP,Central Kalimantan,Kotawaringin Timur,234
-2.487815942188557,112.89427641787064,1,1.2899999618530273,2026-08-13,SNPP,Central Kalimantan,Kotawaringin Timur,234
-2.487815942188557,112.89765205171177,1,1.2899999618530273,2026-08-13,SNPP,Central Kalimantan,Kotawaringin Timur,234
-2.4911883944095305,112.82705247586674,1,0.8700000047683716,2026-08-13,SNPP,Central Kalimantan,Kotawaringin Timur,236
-2.4911883944095305,112.83042811834646,1,0.8700000047683716,2026-08-13,SNPP,Central Kalimantan,Kotawaringin Timur,236
-2.4911883944095305,112.83380376082619,1,0.8700000047683716,2026-08-13,SNPP,Central Kalimantan,Kotawaringin Timur,236
-2.4911883944095305,112.83717940330591,1,0.8700000047683716,2026-08-13,SNPP,Central Kalimantan,Kotawaringin Timur,236
-2.4911883944095305,112.89118968298142,1,1.2899999618530273,2026-08-13,SNPP,Central Kalimantan,Kotawaringin Timur,234
-2.4911883944095305,112.89456532546113,1,1.2899999618530273,2026-08-13,SNPP,Central Kalimantan,Kotawaringin Timur,234
-2.4911883944095305,112.89794096794085,1,0.5,2026-08-13,SNPP,Central Kalimantan,Kotawaringin Timur,234
-2.4911883944095305,112.90131661042058,1,0.5,2026-08-13,SNPP,Central Kalimantan,Kotawaringin Timur,234
-2.4911883944095305,112.92157046529888,1,0.8299999833106995,2026-08-13,SNPP,Central Kalimantan,Kotawaringin Timur,237
-2.4911883944095305,112.92494610777861,1,0.8299999833106995,2026-08-13,SNPP,Central Kalimantan,Kotawaringin Timur,237
-2.4945608466305047,112.83071725418999,1,0.8700000047683716,2026-08-13,SNPP,Central Kalimantan,Kotawaringin Timur,236
-2.4945608466305047,112.83409290532005,1,0.8700000047683716,2026-08-13,SNPP,Central Kalimantan,Kotawaringin Timur,236
-2.4945608466305047,112.83746855645008,1,0.8700000047683716,2026-08-13,SNPP,Central Kalimantan,Kotawaringin Timur,236
-2.4945608466305047,112.8914789745307,1,0.8199999928474426,2026-08-13,SNPP,Central Kalimantan,Kotawaringin Timur,234
-2.4945608466305047,112.89485462566074,1,0.8199999928474426,2026-08-13,SNPP,Central Kalimantan,Kotawaringin Timur,234
-2.4945608466305047,112.89823027679077,1,0.5,2026-08-13,SNPP,Central Kalimantan,Kotawaringin Timur,234
-2.4945608466305047,112.90160592792083,1,0.5,2026-08-13,SNPP,Central Kalimantan,Kotawaringin Timur,234
-2.4945608466305047,112.92185983470105,1,0.8299999833106995,2026-08-13,SNPP,Central Kalimantan,Kotawaringin Timur,237
-2.4945608466305047,112.92523548583108,1,0.8299999833106995,2026-08-13,SNPP,Central Kalimantan,Kotawaringin Timur,237
-1.9650858479375595,114.95313900595333,1,2.1700000762939453,2026-08-13,SNPP,Central Kalimantan,Barito Selatan,238
-1.9650858479375595,114.95651344265335,1,2.890000104904175,2026-08-13,SNPP,Central Kalimantan,Barito Selatan,238
-1.9650858479375595,114.9598878793533,1,2.890000104904175,2026-08-13,SNPP,Central Kalimantan,Barito Selatan,238
-1.9684583001585334,114.95337135798484,1,2.1700000762939453,2026-08-13,SNPP,Central Kalimantan,Barito Selatan,238
-1.9684583001585334,114.95674580150548,1,2.890000104904175,2026-08-13,SNPP,Central Kalimantan,Barito Selatan,238
-1.9684583001585334,114.96012024502613,1,2.890000104904175,2026-08-13,SNPP,Central Kalimantan,Barito Selatan,238
-2.059514510124836,115.567229554187,1,0.8899999856948853,2026-08-13,SNPP,South Kalimantan,Tabalong,239
-2.059514510124836,115.57060418629568,1,0.8899999856948853,2026-08-13,SNPP,South Kalimantan,Tabalong,239
-2.059514510124836,115.57397881840437,1,0.8899999856948853,2026-08-13,SNPP,South Kalimantan,Tabalong,239
-2.0628869623458104,115.56747437221794,1,0.8899999856948853,2026-08-13,SNPP,South Kalimantan,Tabalong,239
-2.0628869623458104,115.57084901147545,1,0.8899999856948853,2026-08-13,SNPP,South Kalimantan,Tabalong,239
-2.0628869623458104,115.57422365073299,1,0.8899999856948853,2026-08-13,SNPP,South Kalimantan,Tabalong,239
-2.0662594145667845,115.56771959167668,1,0.8899999856948853,2026-08-13,SNPP,South Kalimantan,Tabalong,239
-2.0662594145667845,115.57109423809476,1,0.8899999856948853,2026-08-13,SNPP,South Kalimantan,Tabalong,239
-2.0662594145667845,115.57446888451284,1,0.8899999856948853,2026-08-13,SNPP,South Kalimantan,Tabalong,239
-2.16743298119601,115.56851312734317,1,1.9600000381469727,2026-08-13,SNPP,South Kalimantan,Tabalong,240
-2.16743298119601,115.57188799402918,1,1.9600000381469727,2026-08-13,SNPP,South Kalimantan,Tabalong,240
-2.170805433416984,115.56877077816031,1,1.9600000381469727,2026-08-13,SNPP,South Kalimantan,Tabalong,240
-2.170805433416984,115.57214565237034,1,1.9600000381469727,2026-08-13,SNPP,South Kalimantan,Tabalong,240
-2.174177885637958,115.5690288305214,1,1.9600000381469727,2026-08-13,SNPP,South Kalimantan,Tabalong,240
-2.174177885637958,115.57240371226715,1,1.9600000381469727,2026-08-13,SNPP,South Kalimantan,Tabalong,240
-2.2079024078477,115.49400741183538,1,1.75,2026-08-13,SNPP,South Kalimantan,Tabalong,241
-2.2079024078477,115.4973823695833,1,1.75,2026-08-13,SNPP,South Kalimantan,Tabalong,241
-2.2079024078477,115.50075732733127,1,1.75,2026-08-13,SNPP,South Kalimantan,Tabalong,241
-2.211274860068674,115.49426970518849,1,1.75,2026-08-13,SNPP,South Kalimantan,Tabalong,241
-2.211274860068674,115.49764467060113,1,1.75,2026-08-13,SNPP,South Kalimantan,Tabalong,241
-2.211274860068674,115.50101963601381,1,1.75,2026-08-13,SNPP,South Kalimantan,Tabalong,241
-2.214647312289648,115.49453239987002,1,1.75,2026-08-13,SNPP,South Kalimantan,Tabalong,241
-2.214647312289648,115.4979073729591,1,1.75,2026-08-13,SNPP,South Kalimantan,Tabalong,241
-2.214647312289648,115.50128234604824,1,1.75,2026-08-13,SNPP,South Kalimantan,Tabalong,241
-2.2180197645106223,115.4947954958845,1,1.75,2026-08-13,SNPP,South Kalimantan,Tabalong,241
-2.2180197645106223,115.49817047666174,1,1.75,2026-08-13,SNPP,South Kalimantan,Tabalong,241
-2.2180197645106223,115.50154545743905,1,1.75,2026-08-13,SNPP,South Kalimantan,Tabalong,241
-2.2247646689525706,115.48519790336418,1,3.5899999141693115,2026-08-13,SNPP,South Kalimantan,Tabalong,241
-2.2247646689525706,115.48857289955302,1,3.5899999141693115,2026-08-13,SNPP,South Kalimantan,Tabalong,241
-2.2281371211735452,115.48546218023492,1,3.5899999141693115,2026-08-13,SNPP,South Kalimantan,Tabalong,241
-2.2281371211735452,115.48883718414712,1,3.5899999141693115,2026-08-13,SNPP,South Kalimantan,Tabalong,241
-2.231509573394519,115.48572685842177,1,3.5899999141693115,2026-08-13,SNPP,South Kalimantan,Tabalong,241
-2.231509573394519,115.48910187006902,1,3.5899999141693115,2026-08-13,SNPP,South Kalimantan,Tabalong,241
-2.447346515536866,115.04105345522377,1,0.5899999737739563,2026-08-13,SNPP,South Kalimantan,Hulu Sungai Utara,242
-2.447346515536866,115.04442898631756,1,0.5899999737739563,2026-08-13,SNPP,South Kalimantan,Hulu Sungai Utara,242
-2.447346515536866,115.04780451741135,1,0.5899999737739563,2026-08-13,SNPP,South Kalimantan,Hulu Sungai Utara,242
-2.4507189677578403,115.04134306494144,1,0.5899999737739563,2026-08-13,SNPP,South Kalimantan,Hulu Sungai Utara,242
-2.4507189677578403,115.04471860453296,1,0.5899999737739563,2026-08-13,SNPP,South Kalimantan,Hulu Sungai Utara,242
-2.4507189677578403,115.04809414412446,1,0.5899999737739563,2026-08-13,SNPP,South Kalimantan,Hulu Sungai Utara,242
-2.497933298851479,111.17693348429682,1,0.9800000190734863,2026-08-13,SNPP,Central Kalimantan,Sukamara,243
-2.497933298851479,111.18030914408892,1,0.9800000190734863,2026-08-13,SNPP,Central Kalimantan,Sukamara,243
-2.5013057510724535,111.17721915476632,1,0.9800000190734863,2026-08-13,SNPP,Central Kalimantan,Sukamara,243
-2.5013057510724535,111.1805948232322,1,0.9800000190734863,2026-08-13,SNPP,Central Kalimantan,Sukamara,243
-2.8318060687279223,111.193584995927,1,11.710000038146973,2026-08-13,SNPP,Central Kalimantan,Sukamara,244
-2.8318060687279223,111.19696157139933,1,11.710000038146973,2026-08-13,SNPP,Central Kalimantan,Sukamara,244
-2.8318060687279223,111.20033814687163,1,11.710000038146973,2026-08-13,SNPP,Central Kalimantan,Sukamara,244
-2.8318060687279223,111.20371472234395,1,11.710000038146973,2026-08-13,SNPP,Central Kalimantan,Sukamara,244
-2.8351785209488964,111.19390893041792,1,11.710000038146973,2026-08-13,SNPP,Central Kalimantan,Sukamara,244
-2.8351785209488964,111.19728551572705,1,11.710000038146973,2026-08-13,SNPP,Central Kalimantan,Sukamara,244
-2.8351785209488964,111.20066210103616,1,11.710000038146973,2026-08-13,SNPP,Central Kalimantan,Sukamara,244
-2.8351785209488964,111.20403868634527,1,11.710000038146973,2026-08-13,SNPP,Central Kalimantan,Sukamara,244
-2.8385509731698706,111.1942332520349,1,11.710000038146973,2026-08-13,SNPP,Central Kalimantan,Sukamara,244
-2.8385509731698706,111.19760984719258,1,11.710000038146973,2026-08-13,SNPP,Central Kalimantan,Sukamara,244
-2.8385509731698706,111.20098644235026,1,11.710000038146973,2026-08-13,SNPP,Central Kalimantan,Sukamara,244
-2.8385509731698706,111.20436303750793,1,11.710000038146973,2026-08-13,SNPP,Central Kalimantan,Sukamara,244
-2.8419234253908447,111.19455796078363,1,11.710000038146973,2026-08-13,SNPP,Central Kalimantan,Sukamara,244
-2.8419234253908447,111.1979345658016,1,11.710000038146973,2026-08-13,SNPP,Central Kalimantan,Sukamara,244
-2.8419234253908447,111.2013111708196,1,11.710000038146973,2026-08-13,SNPP,Central Kalimantan,Sukamara,244
-2.8419234253908447,111.20468777583757,1,11.710000038146973,2026-08-13,SNPP,Central Kalimantan,Sukamara,244
-2.8452958776118193,111.19825967155974,1,11.75,2026-08-13,SNPP,Central Kalimantan,Sukamara,244
-2.8452958776118193,111.2016362864498,1,11.75,2026-08-13,SNPP,Central Kalimantan,Sukamara,244
-2.8452958776118193,111.20501290133984,1,11.75,2026-08-13,SNPP,Central Kalimantan,Sukamara,244
-1.651447791386961,114.36309338821212,1,4.730000019073486,2026-08-13,SNPP,Central Kalimantan,Kapuas,245
-1.651447791386961,114.36646724179596,1,4.730000019073486,2026-08-13,SNPP,Central Kalimantan,Kapuas,245
-1.6548202436079351,114.36328766253452,1,4.730000019073486,2026-08-13,SNPP,Central Kalimantan,Kapuas,245
-1.6548202436079351,114.3666615218497,1,4.730000019073486,2026-08-13,SNPP,Central Kalimantan,Kapuas,245
-1.6581926958289093,114.36348233373518,1,4.730000019073486,2026-08-13,SNPP,Central Kalimantan,Kapuas,245
-1.6581926958289093,114.36685619879339,1,4.730000019073486,2026-08-13,SNPP,Central Kalimantan,Kapuas,245
-1.7020345747015735,114.35930129524613,1,7.110000133514404,2026-08-13,SNPP,Central Kalimantan,Kapuas,246
-1.7020345747015735,114.36267523602939,1,7.110000133514404,2026-08-13,SNPP,Central Kalimantan,Kapuas,246
-1.7020345747015735,114.36604917681265,1,7.110000133514404,2026-08-13,SNPP,Central Kalimantan,Kapuas,246
-1.7054070269225479,114.35950151128635,1,7.110000133514404,2026-08-13,SNPP,Central Kalimantan,Kapuas,246
-1.7054070269225479,114.36287545797659,1,7.110000133514404,2026-08-13,SNPP,Central Kalimantan,Kapuas,246
-1.7054070269225479,114.36624940466682,1,7.110000133514404,2026-08-13,SNPP,Central Kalimantan,Kapuas,246
-1.7087794791435218,114.35970212423278,1,7.110000133514404,2026-08-13,SNPP,Central Kalimantan,Kapuas,246
-1.7087794791435218,114.36307607684171,1,7.110000133514404,2026-08-13,SNPP,Central Kalimantan,Kapuas,246
-1.7087794791435218,114.36645002945062,1,7.110000133514404,2026-08-13,SNPP,Central Kalimantan,Kapuas,246
-2.0257899879150947,114.14073859762692,1,1.909999966621399,2026-08-13,SNPP,Central Kalimantan,Kapuas,247
-2.0257899879150947,114.14411315889195,1,1.909999966621399,2026-08-13,SNPP,Central Kalimantan,Kapuas,247
-2.0291624401360684,114.1308527293787,1,1.9600000381469727,2026-08-13,SNPP,Central Kalimantan,Kapuas,247
-2.0291624401360684,114.13422729767538,1,1.9600000381469727,2026-08-13,SNPP,Central Kalimantan,Kapuas,247
-2.0291624401360684,114.13760186597204,1,1.9600000381469727,2026-08-13,SNPP,Central Kalimantan,Kapuas,247
-2.0291624401360684,114.14097643426871,1,1.909999966621399,2026-08-13,SNPP,Central Kalimantan,Kapuas,247
-2.0291624401360684,114.14435100256536,1,1.909999966621399,2026-08-13,SNPP,Central Kalimantan,Kapuas,247
-2.0325348923570425,114.13109094132997,1,1.9600000381469727,2026-08-13,SNPP,Central Kalimantan,Kapuas,247
-2.0325348923570425,114.13446551666999,1,1.9600000381469727,2026-08-13,SNPP,Central Kalimantan,Kapuas,247
-2.0325348923570425,114.13784009201,1,1.9600000381469727,2026-08-13,SNPP,Central Kalimantan,Kapuas,247
-2.0325348923570425,114.14121466734998,1,1.909999966621399,2026-08-13,SNPP,Central Kalimantan,Kapuas,247
-2.0325348923570425,114.14458924269,1,1.909999966621399,2026-08-13,SNPP,Central Kalimantan,Kapuas,247
-2.035907344578017,114.13132954968971,1,1.9600000381469727,2026-08-13,SNPP,Central Kalimantan,Pulang Pisau,247
-2.035907344578017,114.13470413208478,1,1.9600000381469727,2026-08-13,SNPP,Central Kalimantan,Kapuas,247
-2.035907344578017,114.13807871447985,1,1.9600000381469727,2026-08-13,SNPP,Central Kalimantan,Kapuas,247
-2.0662594145667845,114.22461031728166,1,0.6299999952316284,2026-08-13,SNPP,Central Kalimantan,Kapuas,248
-2.0662594145667845,114.22798496369974,1,0.6299999952316284,2026-08-13,SNPP,Central Kalimantan,Kapuas,248
-2.0696318667877587,114.22485308360632,1,0.6299999952316284,2026-08-13,SNPP,Central Kalimantan,Kapuas,248
-2.0696318667877587,114.22822773719668,1,0.6299999952316284,2026-08-13,SNPP,Central Kalimantan,Kapuas,248
-2.231509573394519,114.67909907472708,1,1.8300000429153442,2026-08-13,SNPP,Central Kalimantan,Kapuas,249
-2.231509573394519,114.68247408637436,1,1.409999966621399,2026-08-13,SNPP,Central Kalimantan,Barito Selatan,249
-2.231509573394519,114.68584909802158,1,1.409999966621399,2026-08-13,SNPP,Central Kalimantan,Barito Selatan,249
-2.231509573394519,114.68922410966886,1,1.409999966621399,2026-08-13,SNPP,Central Kalimantan,Barito Selatan,249
-2.234882025615493,114.6793623027461,1,1.8300000429153442,2026-08-13,SNPP,Central Kalimantan,Kapuas,249
-2.234882025615493,114.68273732214018,1,1.409999966621399,2026-08-13,SNPP,Central Kalimantan,Barito Selatan,249
-2.234882025615493,114.68611234153423,1,1.409999966621399,2026-08-13,SNPP,Central Kalimantan,Barito Selatan,249
-2.234882025615493,114.68948736092833,1,1.409999966621399,2026-08-13,SNPP,Central Kalimantan,Barito Selatan,249
-2.2382544778364677,114.67962592928727,1,1.8300000429153442,2026-08-13,SNPP,Central Kalimantan,Kapuas,249
-2.2382544778364677,114.68300095643991,1,1.409999966621399,2026-08-13,SNPP,Central Kalimantan,Barito Selatan,249
-2.2382544778364677,114.6863759835925,1,1.409999966621399,2026-08-13,SNPP,Central Kalimantan,Barito Selatan,249
-2.2382544778364677,114.68975101074513,1,1.409999966621399,2026-08-13,SNPP,Central Kalimantan,Barito Selatan,249
-2.349545401128615,114.1079993667896,1,2.059999942779541,2026-08-13,SNPP,Central Kalimantan,Pulang Pisau,220
-2.3529178533495894,114.10827514278027,1,2.059999942779541,2026-08-13,SNPP,Central Kalimantan,Pulang Pisau,220
-2.356290305570564,114.10855131543924,1,2.059999942779541,2026-08-13,SNPP,Central Kalimantan,Pulang Pisau,220
-2.3596627577915377,114.10882788477129,1,2.059999942779541,2026-08-13,SNPP,Central Kalimantan,Pulang Pisau,220
-2.3596627577915377,114.74676228227172,1,0.7599999904632568,2026-08-13,SNPP,Central Kalimantan,Barito Selatan,250
-2.3596627577915377,114.75013759654422,1,0.7599999904632568,2026-08-13,SNPP,Central Kalimantan,Barito Selatan,250
-2.363035210012512,114.74704079668196,1,0.7599999904632568,2026-08-13,SNPP,Central Kalimantan,Barito Selatan,250
-2.363035210012512,114.75041611914706,1,0.7599999904632568,2026-08-13,SNPP,Central Kalimantan,Barito Selatan,250
-2.366407662233486,114.7473197099926,1,0.7599999904632568,2026-08-13,SNPP,Central Kalimantan,Barito Selatan,250
-2.366407662233486,114.75069504066201,1,0.7599999904632568,2026-08-13,SNPP,Central Kalimantan,Barito Selatan,250
-2.4642087766417373,114.74883059224472,1,0.75,2026-08-13,SNPP,Central Kalimantan,Barito Selatan,251
-2.4642087766417373,114.75220616594449,1,0.75,2026-08-13,SNPP,Central Kalimantan,Barito Selatan,251
-2.4642087766417373,114.75558173964424,1,0.75,2026-08-13,SNPP,Central Kalimantan,Barito Selatan,251
-2.4675812288627115,114.74912145773624,1,0.75,2026-08-13,SNPP,Central Kalimantan,Barito Selatan,251
-2.4675812288627115,114.75249703999243,1,2.1500000953674316,2026-08-13,SNPP,Central Kalimantan,Barito Selatan,251
-2.4675812288627115,114.7558726222486,1,2.1500000953674316,2026-08-13,SNPP,Central Kalimantan,Barito Selatan,251
-2.4675812288627115,114.7592482045048,1,2.1500000953674316,2026-08-13,SNPP,Central Kalimantan,Barito Selatan,251
-2.4709536810836856,114.74941272225801,1,0.75,2026-08-13,SNPP,Central Kalimantan,Barito Selatan,251
-2.4709536810836856,114.75278831308235,1,2.1500000953674316,2026-08-13,SNPP,Central Kalimantan,Barito Selatan,251
-2.4709536810836856,114.75616390390665,1,2.1500000953674316,2026-08-13,SNPP,Central Kalimantan,Barito Selatan,251
-2.4709536810836856,114.759539494731,1,2.1500000953674316,2026-08-13,SNPP,Central Kalimantan,Barito Selatan,251
-2.47432613330466,114.75307998521927,1,2.1500000953674316,2026-08-13,SNPP,Central Kalimantan,Barito Selatan,251
-2.47432613330466,114.75645558462347,1,2.1500000953674316,2026-08-13,SNPP,Central Kalimantan,Barito Selatan,251
-1.8605398290873598,115.88417031328784,1,1.559999942779541,2026-08-13,SNPP,East Kalimantan,Paser,252
-1.8605398290873598,115.88754454435887,1,1.559999942779541,2026-08-13,SNPP,East Kalimantan,Paser,252
-1.8605398290873598,115.8909187754299,1,1.559999942779541,2026-08-13,SNPP,East Kalimantan,Paser,252
-1.863912281308334,115.88439208718847,1,1.559999942779541,2026-08-13,SNPP,East Kalimantan,Paser,252
-1.863912281308334,115.88776632471696,1,1.559999942779541,2026-08-13,SNPP,East Kalimantan,Paser,252
-1.863912281308334,115.89114056224545,1,1.559999942779541,2026-08-13,SNPP,East Kalimantan,Paser,252
-1.867284733529308,115.8846142634263,1,1.559999942779541,2026-08-13,SNPP,East Kalimantan,Paser,252
-1.867284733529308,115.88798850742397,1,1.559999942779541,2026-08-13,SNPP,East Kalimantan,Paser,252
-1.867284733529308,115.8913627514216,1,1.559999942779541,2026-08-13,SNPP,East Kalimantan,Paser,252
-1.887519446855153,115.8555872226229,1,1.0700000524520874,2026-08-13,SNPP,East Kalimantan,Paser,253
-1.887519446855153,115.85896150568156,1,3.7300000190734863,2026-08-13,SNPP,East Kalimantan,Paser,253
-1.887519446855153,115.8623357887402,1,3.7300000190734863,2026-08-13,SNPP,East Kalimantan,Paser,253
-1.887519446855153,115.86571007179889,1,3.7300000190734863,2026-08-13,SNPP,East Kalimantan,Paser,253
-1.8908918990761272,115.85581215636887,1,1.0700000524520874,2026-08-13,SNPP,East Kalimantan,Paser,253
-1.8908918990761272,115.85918644597871,1,6.730000019073486,2026-08-13,SNPP,East Kalimantan,Paser,253
-1.8908918990761272,115.86256073558853,1,6.730000019073486,2026-08-13,SNPP,East Kalimantan,Paser,253
-1.8908918990761272,115.86593502519837,1,6.730000019073486,2026-08-13,SNPP,East Kalimantan,Paser,253
-1.8908918990761272,115.86930931480818,1,6.730000019073486,2026-08-13,SNPP,East Kalimantan,Paser,253
-1.8942643512971016,115.85941178855035,1,6.730000019073486,2026-08-13,SNPP,East Kalimantan,Paser,253
-1.8942643512971016,115.86278608472306,1,6.730000019073486,2026-08-13,SNPP,East Kalimantan,Paser,253
-1.8942643512971016,115.86616038089578,1,6.730000019073486,2026-08-13,SNPP,East Kalimantan,Paser,253
-1.8942643512971016,115.8695346770685,1,6.730000019073486,2026-08-13,SNPP,East Kalimantan,Paser,253
-1.8976368035180757,115.85963753340037,1,6.730000019073486,2026-08-13,SNPP,East Kalimantan,Paser,253
-1.8976368035180757,115.86301183614769,1,6.730000019073486,2026-08-13,SNPP,East Kalimantan,Paser,253
-1.8976368035180757,115.86638613889502,1,6.730000019073486,2026-08-13,SNPP,East Kalimantan,Paser,253
-1.8976368035180757,115.86976044164234,1,6.730000019073486,2026-08-13,SNPP,East Kalimantan,Paser,253
-1.9010092557390499,115.86323798986639,1,6.730000019073486,2026-08-13,SNPP,East Kalimantan,Paser,253
-1.9010092557390499,115.86661229920006,1,6.730000019073486,2026-08-13,SNPP,East Kalimantan,Paser,253
-1.9010092557390499,115.86998660853371,1,6.730000019073486,2026-08-13,SNPP,East Kalimantan,Paser,253
-1.924616421285869,115.94244251307799,1,12.5600004196167,2026-08-13,SNPP,East Kalimantan,Paser,254
-1.924616421285869,115.94581686884396,1,12.5600004196167,2026-08-13,SNPP,East Kalimantan,Paser,254
-1.924616421285869,115.94919122460993,1,12.5600004196167,2026-08-13,SNPP,East Kalimantan,Paser,254
-1.9279888735068436,115.93929767648605,1,12.260000228881836,2026-08-13,SNPP,East Kalimantan,Paser,254
-1.9279888735068436,115.9426720389321,1,12.5600004196167,2026-08-13,SNPP,East Kalimantan,Paser,254
-1.9279888735068436,115.94604640137811,1,12.5600004196167,2026-08-13,SNPP,East Kalimantan,Paser,254
-1.9279888735068436,115.94942076382411,1,12.5600004196167,2026-08-13,SNPP,East Kalimantan,Paser,254
-1.9313613257278175,115.93952759824745,1,12.260000228881836,2026-08-13,SNPP,East Kalimantan,Paser,254
-1.9313613257278175,115.94290196738525,1,12.5600004196167,2026-08-13,SNPP,East Kalimantan,Paser,254
-1.9313613257278175,115.94627633652306,1,12.5600004196167,2026-08-13,SNPP,East Kalimantan,Paser,254
-1.9313613257278175,115.94965070566084,1,12.5600004196167,2026-08-13,SNPP,East Kalimantan,Paser,254
-1.9347337779487916,115.93975792260024,1,12.260000228881836,2026-08-13,SNPP,East Kalimantan,Paser,254
-1.9347337779487916,115.94313229844153,1,12.5600004196167,2026-08-13,SNPP,East Kalimantan,Paser,254
-1.9347337779487916,115.94650667428283,1,12.5600004196167,2026-08-13,SNPP,East Kalimantan,Paser,254
-1.9347337779487916,115.94988105012409,1,12.5600004196167,2026-08-13,SNPP,East Kalimantan,Paser,254
-1.9549684912746368,116.38994569236182,1,0.5299999713897705,2026-08-13,SNPP,East Kalimantan,Paser,255
-1.9549684912746368,116.3933201086701,1,0.5299999713897705,2026-08-13,SNPP,East Kalimantan,Paser,255
-1.9549684912746368,116.39669452497837,1,0.5299999713897705,2026-08-13,SNPP,East Kalimantan,Paser,255
-1.958340943495611,116.39017973743965,1,0.5299999713897705,2026-08-13,SNPP,East Kalimantan,Paser,255
-1.958340943495611,116.39355416053345,1,0.5299999713897705,2026-08-13,SNPP,East Kalimantan,Paser,255
-1.958340943495611,116.39692858362726,1,0.5299999713897705,2026-08-13,SNPP,East Kalimantan,Paser,255
-1.9617133957165849,116.39041418669952,1,0.5299999713897705,2026-08-13,SNPP,East Kalimantan,Paser,255
-1.9617133957165849,116.39378861659056,1,0.5299999713897705,2026-08-13,SNPP,East Kalimantan,Paser,255
-1.9617133957165849,116.39716304648158,1,0.5299999713897705,2026-08-13,SNPP,East Kalimantan,Paser,255
-1.975203204600482,115.87168961728096,1,1.5199999809265137,2026-08-13,SNPP,East Kalimantan,Paser,256
-1.975203204600482,115.87506407447808,1,1.5199999809265137,2026-08-13,SNPP,East Kalimantan,Paser,256
-1.975203204600482,115.87843853167523,1,1.5199999809265137,2026-08-13,SNPP,East Kalimantan,Paser,256
-1.978575656821456,115.87192503171524,1,1.5199999809265137,2026-08-13,SNPP,East Kalimantan,Paser,256
-1.978575656821456,115.8752994957682,1,1.5199999809265137,2026-08-13,SNPP,East Kalimantan,Paser,256
-1.978575656821456,115.87867395982119,1,1.5199999809265137,2026-08-13,SNPP,East Kalimantan,Paser,256
-2.076376771229707,116.06453385026322,1,0.5,2026-08-13,SNPP,East Kalimantan,Paser,257
-2.076376771229707,116.06790851823327,1,0.5,2026-08-13,SNPP,East Kalimantan,Paser,257
-2.076376771229707,116.07128318620337,1,0.5,2026-08-13,SNPP,East Kalimantan,Paser,257
-2.079749223450681,116.06478173496994,1,0.6200000047683716,2026-08-13,SNPP,East Kalimantan,Paser,257
-2.079749223450681,116.06815641014745,1,0.6200000047683716,2026-08-13,SNPP,East Kalimantan,Paser,257
-2.079749223450681,116.07153108532498,1,0.6200000047683716,2026-08-13,SNPP,East Kalimantan,Paser,257
-2.0831216756716557,116.06503002284903,1,0.6200000047683716,2026-08-13,SNPP,East Kalimantan,Paser,257
-2.0831216756716557,116.0684047052457,1,0.6200000047683716,2026-08-13,SNPP,East Kalimantan,Paser,257
-2.0831216756716557,116.07177938764238,1,0.6200000047683716,2026-08-13,SNPP,East Kalimantan,Paser,257
-2.0864941278926294,116.06527871390475,1,0.6200000047683716,2026-08-13,SNPP,East Kalimantan,Paser,257
-2.0864941278926294,116.06865340353231,1,0.6200000047683716,2026-08-13,SNPP,East Kalimantan,Paser,257
-2.0864941278926294,116.07202809315989,1,0.6200000047683716,2026-08-13,SNPP,East Kalimantan,Paser,257
-2.0898665801136036,116.09927477684329,1,0.7799999713897705,2026-08-13,SNPP,East Kalimantan,Paser,258
-2.0898665801136036,116.10264947371347,1,0.7799999713897705,2026-08-13,SNPP,East Kalimantan,Paser,258
-2.0898665801136036,116.10602417058367,1,0.7799999713897705,2026-08-13,SNPP,East Kalimantan,Paser,258
-2.0932390323345778,116.09952434680864,1,0.7799999713897705,2026-08-13,SNPP,East Kalimantan,Paser,258
-2.0932390323345778,116.10289905093315,1,0.7799999713897705,2026-08-13,SNPP,East Kalimantan,Paser,258
-2.0932390323345778,116.10627375505767,1,0.7799999713897705,2026-08-13,SNPP,East Kalimantan,Paser,258
-2.0966114845555524,116.09977432008084,1,0.699999988079071,2026-08-13,SNPP,East Kalimantan,Paser,258
-2.0966114845555524,116.1031490314714,1,0.699999988079071,2026-08-13,SNPP,East Kalimantan,Paser,258
-2.1640605289750354,116.31409975546794,1,1.850000023841858,2026-08-13,SNPP,East Kalimantan,Paser,259
-2.1640605289750354,116.31747461464168,1,1.850000023841858,2026-08-13,SNPP,East Kalimantan,Paser,259
-2.1640605289750354,116.32084947381546,1,1.850000023841858,2026-08-13,SNPP,East Kalimantan,Paser,259
-2.16743298119601,116.31435866495757,1,1.850000023841858,2026-08-13,SNPP,East Kalimantan,Paser,259
-2.16743298119601,116.3177335316436,1,1.850000023841858,2026-08-13,SNPP,East Kalimantan,Paser,259
-2.16743298119601,116.32110839832964,1,1.850000023841858,2026-08-13,SNPP,East Kalimantan,Paser,259
-2.5451476299451175,113.28745620895124,1,1.5,2026-08-13,SNPP,Central Kalimantan,Katingan,260
-2.5451476299451175,113.2908319912449,1,1.5,2026-08-13,SNPP,Central Kalimantan,Katingan,260
-2.5485200821660916,113.28775280797403,1,1.5,2026-08-13,SNPP,Central Kalimantan,Katingan,260
-2.5485200821660916,113.29112859910585,1,1.5,2026-08-13,SNPP,Central Kalimantan,Katingan,260
-2.5518925343870658,113.28804980104258,1,1.5,2026-08-13,SNPP,Central Kalimantan,Katingan,260
-2.5518925343870658,113.29142560102432,1,1.5,2026-08-13,SNPP,Central Kalimantan,Katingan,260
-2.693535527667981,113.34476977215651,1,1.1299999952316284,2026-08-13,SNPP,Central Kalimantan,Katingan,261
-2.693535527667981,113.34814595443956,1,1.1299999952316284,2026-08-13,SNPP,Central Kalimantan,Katingan,261
-2.693535527667981,113.3515221367226,1,1.1299999952316284,2026-08-13,SNPP,Central Kalimantan,Katingan,261
-2.6969079798889553,113.34508383577692,1,1.1299999952316284,2026-08-13,SNPP,Central Kalimantan,Katingan,261
-2.6969079798889553,113.34846002741492,1,1.1299999952316284,2026-08-13,SNPP,Central Kalimantan,Katingan,261
-2.6969079798889553,113.35183621905291,1,1.1299999952316284,2026-08-13,SNPP,Central Kalimantan,Katingan,261
-2.7002804321099294,113.34539829382923,1,1.1299999952316284,2026-08-13,SNPP,Central Kalimantan,Katingan,261
-2.7002804321099294,113.34877449483393,1,1.1299999952316284,2026-08-13,SNPP,Central Kalimantan,Katingan,261
-2.7002804321099294,113.35215069583863,1,1.1299999952316284,2026-08-13,SNPP,Central Kalimantan,Katingan,261
-2.703652884330904,113.34571314631891,1,0.75,2026-08-13,SNPP,Central Kalimantan,Katingan,261
-2.703652884330904,113.3490893567021,1,0.75,2026-08-13,SNPP,Central Kalimantan,Katingan,261
-2.497933298851479,112.89851997826658,1,0.5,2026-08-13,SNPP,Central Kalimantan,Kotawaringin Timur,234
-2.497933298851479,112.90189563805869,1,0.5,2026-08-13,SNPP,Central Kalimantan,Kotawaringin Timur,234
-2.497933298851479,112.92214959681128,1,0.8299999833106995,2026-08-13,SNPP,Central Kalimantan,Kotawaringin Timur,237
-2.497933298851479,112.92552525660338,1,0.8299999833106995,2026-08-13,SNPP,Central Kalimantan,Kotawaringin Timur,237
-2.538402725503169,112.92228161054814,1,0.7599999904632568,2026-08-13,SNPP,Central Kalimantan,Kotawaringin Timur,262
-2.538402725503169,112.92565737520069,1,0.7599999904632568,2026-08-13,SNPP,Central Kalimantan,Kotawaringin Timur,262
-2.5417751777241433,112.92257646950877,1,0.7599999904632568,2026-08-13,SNPP,Central Kalimantan,Kotawaringin Timur,262
-2.5417751777241433,112.925952242976,1,0.7599999904632568,2026-08-13,SNPP,Central Kalimantan,Kotawaringin Timur,262
-2.5451476299451175,112.92287172123675,1,0.7599999904632568,2026-08-13,SNPP,Central Kalimantan,Kotawaringin Timur,262
-2.5451476299451175,112.9262475035304,1,0.7599999904632568,2026-08-13,SNPP,Central Kalimantan,Kotawaringin Timur,262
-2.5485200821660916,112.86240312536444,1,2.259999990463257,2026-08-13,SNPP,Central Kalimantan,Kotawaringin Timur,263
-2.5485200821660916,112.86577891649625,1,2.259999990463257,2026-08-13,SNPP,Central Kalimantan,Kotawaringin Timur,263
-2.5485200821660916,112.86915470762808,1,2.259999990463257,2026-08-13,SNPP,Central Kalimantan,Kotawaringin Timur,263
-2.5518925343870658,112.86269900334415,1,2.259999990463257,2026-08-13,SNPP,Central Kalimantan,Kotawaringin Timur,263
-2.5518925343870658,112.86607480332589,1,2.259999990463257,2026-08-13,SNPP,Central Kalimantan,Kotawaringin Timur,263
-2.5518925343870658,112.86945060330761,1,2.259999990463257,2026-08-13,SNPP,Central Kalimantan,Kotawaringin Timur,263
-2.55526498660804,112.86299527389528,1,2.259999990463257,2026-08-13,SNPP,Central Kalimantan,Kotawaringin Timur,263
-2.55526498660804,112.86637108273867,1,2.259999990463257,2026-08-13,SNPP,Central Kalimantan,Kotawaringin Timur,263
-2.55526498660804,112.86974689158205,1,2.259999990463257,2026-08-13,SNPP,Central Kalimantan,Kotawaringin Timur,263
-2.5856170565968077,112.95007660358756,1,1.1299999952316284,2026-08-13,SNPP,Central Kalimantan,Kotawaringin Timur,264
-2.5856170565968077,112.95345249271423,1,1.1299999952316284,2026-08-13,SNPP,Central Kalimantan,Kotawaringin Timur,264
-2.588989508817782,112.95037702461401,1,1.1299999952316284,2026-08-13,SNPP,Central Kalimantan,Kotawaringin Timur,264
-2.588989508817782,112.95375292271977,1,1.1299999952316284,2026-08-13,SNPP,Central Kalimantan,Kotawaringin Timur,264
-2.612596674364601,112.88159578685571,1,1.100000023841858,2026-08-13,SNPP,Central Kalimantan,Kotawaringin Timur,265
-2.612596674364601,112.88497174814388,1,1.100000023841858,2026-08-13,SNPP,Central Kalimantan,Kotawaringin Timur,265
-2.615969126585575,112.88189916087084,1,1.100000023841858,2026-08-13,SNPP,Central Kalimantan,Kotawaringin Timur,265
-2.615969126585575,112.88527513123208,1,1.100000023841858,2026-08-13,SNPP,Central Kalimantan,Kotawaringin Timur,265
-2.615969126585575,112.88865110159328,1,1.0800000429153442,2026-08-13,SNPP,Central Kalimantan,Kotawaringin Timur,265
-2.615969126585575,112.8920270719545,1,1.0800000429153442,2026-08-13,SNPP,Central Kalimantan,Kotawaringin Timur,265
-2.615969126585575,112.89540304231573,1,0.5600000023841858,2026-08-13,SNPP,Central Kalimantan,Kotawaringin Timur,265
-2.6193415788065493,112.8822029276033,1,1.100000023841858,2026-08-13,SNPP,Central Kalimantan,Kotawaringin Timur,265
-2.6193415788065493,112.8855789070493,1,1.100000023841858,2026-08-13,SNPP,Central Kalimantan,Kotawaringin Timur,265
-2.6193415788065493,112.8889548864953,1,1.0800000429153442,2026-08-13,SNPP,Central Kalimantan,Kotawaringin Timur,265
-2.6193415788065493,112.89233086594129,1,1.0800000429153442,2026-08-13,SNPP,Central Kalimantan,Kotawaringin Timur,265
-2.6193415788065493,112.89570684538731,1,0.5600000023841858,2026-08-13,SNPP,Central Kalimantan,Kotawaringin Timur,265
-2.666555909900188,112.85611192934569,1,1.2899999618530273,2026-08-13,SNPP,Central Kalimantan,Kotawaringin Timur,266
-2.666555909900188,112.85948803721196,1,1.2899999618530273,2026-08-13,SNPP,Central Kalimantan,Kotawaringin Timur,266
-2.666555909900188,112.86286414507822,1,1.2899999618530273,2026-08-13,SNPP,Central Kalimantan,Kotawaringin Timur,266
-2.669928362121162,112.85642150412592,1,1.2899999618530273,2026-08-13,SNPP,Central Kalimantan,Kotawaringin Timur,266
-2.669928362121162,112.85979762125316,1,1.2899999618530273,2026-08-13,SNPP,Central Kalimantan,Kotawaringin Timur,266
-2.669928362121162,112.86317373838041,1,1.2899999618530273,2026-08-13,SNPP,Central Kalimantan,Kotawaringin Timur,266
-2.673300814342136,112.85673147160296,1,1.2899999618530273,2026-08-13,SNPP,Central Kalimantan,Kotawaringin Timur,266
-2.673300814342136,112.86010759800293,1,1.2899999618530273,2026-08-13,SNPP,Central Kalimantan,Kotawaringin Timur,266
-2.673300814342136,112.8634837244029,1,1.2899999618530273,2026-08-13,SNPP,Central Kalimantan,Kotawaringin Timur,266
-2.6800457187840845,112.73918751034569,1,0.6700000166893005,2026-08-13,SNPP,Central Kalimantan,Kotawaringin Timur,267
-2.6800457187840845,112.74256365532635,1,0.6700000166893005,2026-08-13,SNPP,Central Kalimantan,Kotawaringin Timur,267
-2.6800457187840845,112.74593980030703,1,0.6700000166893005,2026-08-13,SNPP,Central Kalimantan,Kotawaringin Timur,267
-2.6834181710050586,112.73949833016661,1,0.6700000166893005,2026-08-13,SNPP,Central Kalimantan,Kotawaringin Timur,267
-2.6834181710050586,112.74287448445524,1,0.6700000166893005,2026-08-13,SNPP,Central Kalimantan,Kotawaringin Timur,267
-2.6834181710050586,112.74625063874387,1,0.6700000166893005,2026-08-13,SNPP,Central Kalimantan,Kotawaringin Timur,267
-2.6834181710050586,112.75637910160978,1,1.5499999523162842,2026-08-13,SNPP,Central Kalimantan,Kotawaringin Timur,267
-2.6834181710050586,112.75975525589841,1,1.5499999523162842,2026-08-13,SNPP,Central Kalimantan,Kotawaringin Timur,267
-2.6834181710050586,112.76313141018706,1,1.5499999523162842,2026-08-13,SNPP,Central Kalimantan,Kotawaringin Timur,267
-2.686790623226033,112.75669036033648,1,1.5499999523162842,2026-08-13,SNPP,Central Kalimantan,Kotawaringin Timur,267
-2.686790623226033,112.76006652394483,1,1.5499999523162842,2026-08-13,SNPP,Central Kalimantan,Kotawaringin Timur,267
-2.686790623226033,112.7634426875532,1,1.5499999523162842,2026-08-13,SNPP,Central Kalimantan,Kotawaringin Timur,267
-2.686790623226033,112.91874621353736,1,1.2100000381469727,2026-08-13,SNPP,Central Kalimantan,Kotawaringin Timur,268
-2.686790623226033,112.92212237714571,1,1.2100000381469727,2026-08-13,SNPP,Central Kalimantan,Kotawaringin Timur,268
-2.690163075447007,112.86841571844847,1,0.8500000238418579,2026-08-13,SNPP,Central Kalimantan,Kotawaringin Timur,266
-2.690163075447007,112.87179189138828,1,0.8500000238418579,2026-08-13,SNPP,Central Kalimantan,Kotawaringin Timur,266
-2.690163075447007,112.8751680643281,1,0.8500000238418579,2026-08-13,SNPP,Central Kalimantan,Kotawaringin Timur,266
-2.690163075447007,112.91905831254572,1,1.2100000381469727,2026-08-13,SNPP,Central Kalimantan,Kotawaringin Timur,268
-2.690163075447007,112.92243448548554,1,1.2100000381469727,2026-08-13,SNPP,Central Kalimantan,Kotawaringin Timur,268
-2.693535527667981,112.86872807024933,1,0.8500000238418579,2026-08-13,SNPP,Central Kalimantan,Kotawaringin Timur,266
-2.693535527667981,112.87210425253235,1,0.8500000238418579,2026-08-13,SNPP,Central Kalimantan,Kotawaringin Timur,266
-2.693535527667981,112.87548043481537,1,0.8500000238418579,2026-08-13,SNPP,Central Kalimantan,Kotawaringin Timur,266
-2.693535527667981,112.91937080449478,1,1.2100000381469727,2026-08-13,SNPP,Central Kalimantan,Kotawaringin Timur,268
-2.693535527667981,112.92274698677781,1,1.2100000381469727,2026-08-13,SNPP,Central Kalimantan,Kotawaringin Timur,268
-2.6969079798889553,112.86904081482007,1,0.8500000238418579,2026-08-13,SNPP,Central Kalimantan,Kotawaringin Timur,266
-2.6969079798889553,112.87241700645805,1,0.8500000238418579,2026-08-13,SNPP,Central Kalimantan,Kotawaringin Timur,266
-2.6969079798889553,112.87579319809605,1,0.8500000238418579,2026-08-13,SNPP,Central Kalimantan,Kotawaringin Timur,266
-2.8351785209488964,112.8957079262123,1,1.5099999904632568,2026-08-13,SNPP,Central Kalimantan,Kotawaringin Timur,269
-2.8351785209488964,112.89908451152141,1,1.5099999904632568,2026-08-13,SNPP,Central Kalimantan,Kotawaringin Timur,269
-2.8351785209488964,112.91934402337611,1,3.2699999809265137,2026-08-13,SNPP,Central Kalimantan,Kotawaringin Timur,269
-2.8351785209488964,112.92272060868522,1,3.2699999809265137,2026-08-13,SNPP,Central Kalimantan,Kotawaringin Timur,269
-2.8351785209488964,112.92609719399432,1,3.2699999809265137,2026-08-13,SNPP,Central Kalimantan,Kotawaringin Timur,269
-2.8385509731698706,112.89603721150226,1,1.5099999904632568,2026-08-13,SNPP,Central Kalimantan,Kotawaringin Timur,269
-2.8385509731698706,112.89941380665995,1,0.8100000023841858,2026-08-13,SNPP,Central Kalimantan,Kotawaringin Timur,269
-2.8385509731698706,112.90279040181761,1,0.8100000023841858,2026-08-13,SNPP,Central Kalimantan,Kotawaringin Timur,269
-2.8385509731698706,112.91967337760597,1,3.2699999809265137,2026-08-13,SNPP,Central Kalimantan,Kotawaringin Timur,269
-2.8385509731698706,112.92304997276365,1,3.2699999809265137,2026-08-13,SNPP,Central Kalimantan,Kotawaringin Timur,269
-2.8385509731698706,112.92642656792133,1,3.2699999809265137,2026-08-13,SNPP,Central Kalimantan,Kotawaringin Timur,269
-2.8419234253908447,112.89636688984893,1,1.5099999904632568,2026-08-13,SNPP,Central Kalimantan,Kotawaringin Timur,269
-2.8419234253908447,112.89974349486693,1,0.8100000023841858,2026-08-13,SNPP,Central Kalimantan,Kotawaringin Timur,269
-2.8419234253908447,112.9031200998849,1,0.8100000023841858,2026-08-13,SNPP,Central Kalimantan,Kotawaringin Timur,269
-2.8419234253908447,112.90649670490289,1,0.8100000023841858,2026-08-13,SNPP,Central Kalimantan,Kotawaringin Timur,269
-2.8452958776118193,112.89669696125799,1,0.8100000023841858,2026-08-13,SNPP,Central Kalimantan,Kotawaringin Timur,269
-2.8452958776118193,112.90007357614806,1,1.409999966621399,2026-08-13,SNPP,Central Kalimantan,Kotawaringin Timur,269
-2.8452958776118193,112.90345019103812,1,1.409999966621399,2026-08-13,SNPP,Central Kalimantan,Kotawaringin Timur,269
-2.8452958776118193,112.90682680592816,1,1.409999966621399,2026-08-13,SNPP,Central Kalimantan,Kotawaringin Timur,269
-2.8486683298327935,112.9004040505091,1,1.409999966621399,2026-08-13,SNPP,Central Kalimantan,Kotawaringin Timur,269
-2.8486683298327935,112.90378067528297,1,1.409999966621399,2026-08-13,SNPP,Central Kalimantan,Kotawaringin Timur,269
-2.8486683298327935,112.90715730005685,1,1.409999966621399,2026-08-13,SNPP,Central Kalimantan,Kotawaringin Timur,269
-2.852040782053767,112.90073491795579,1,1.409999966621399,2026-08-13,SNPP,Central Kalimantan,Kotawaringin Timur,269
-2.852040782053767,112.90411155262525,1,1.409999966621399,2026-08-13,SNPP,Central Kalimantan,Kotawaringin Timur,269
-2.852040782053767,112.90748818729472,1,1.409999966621399,2026-08-13,SNPP,Central Kalimantan,Kotawaringin Timur,269
-2.8554132342747414,112.90106617849385,1,0.7799999713897705,2026-08-13,SNPP,Central Kalimantan,Kotawaringin Timur,269
-2.8554132342747414,112.90444282307065,1,0.7799999713897705,2026-08-13,SNPP,Central Kalimantan,Kotawaringin Timur,269
-2.922862278694225,112.88413603101206,1,6.090000152587891,2026-08-13,SNPP,Central Kalimantan,Kotawaringin Timur,270
-2.922862278694225,112.88751287620478,1,6.090000152587891,2026-08-13,SNPP,Central Kalimantan,Kotawaringin Timur,270
-2.922862278694225,112.89088972139751,1,6.090000152587891,2026-08-13,SNPP,Central Kalimantan,Kotawaringin Timur,270
-2.922862278694225,112.89426656659023,1,6.090000152587891,2026-08-13,SNPP,Central Kalimantan,Kotawaringin Timur,270
-2.922862278694225,112.89764341178297,1,3.680000066757202,2026-08-13,SNPP,Central Kalimantan,Kotawaringin Timur,270
-2.926234730915199,112.88447547672958,1,6.090000152587891,2026-08-13,SNPP,Central Kalimantan,Kotawaringin Timur,270
-2.926234730915199,112.88785233207655,1,6.090000152587891,2026-08-13,SNPP,Central Kalimantan,Kotawaringin Timur,270
-2.926234730915199,112.89122918742356,1,6.090000152587891,2026-08-13,SNPP,Central Kalimantan,Kotawaringin Timur,270
-2.926234730915199,112.89460604277055,1,6.090000152587891,2026-08-13,SNPP,Central Kalimantan,Kotawaringin Timur,270
-2.926234730915199,112.89798289811753,1,3.680000066757202,2026-08-13,SNPP,Central Kalimantan,Kotawaringin Timur,270
-2.926234730915199,112.90135975346453,1,3.680000066757202,2026-08-13,SNPP,Central Kalimantan,Kotawaringin Timur,270
-2.9296071831361736,112.88481531558438,1,6.090000152587891,2026-08-13,SNPP,Central Kalimantan,Kotawaringin Timur,270
-2.9296071831361736,112.8881921810974,1,6.090000152587891,2026-08-13,SNPP,Central Kalimantan,Kotawaringin Timur,270
-2.9296071831361736,112.89156904661041,1,6.090000152587891,2026-08-13,SNPP,Central Kalimantan,Kotawaringin Timur,270
-2.9296071831361736,112.89494591212343,1,6.090000152587891,2026-08-13,SNPP,Central Kalimantan,Kotawaringin Timur,270
-2.9296071831361736,112.89832277763644,1,3.680000066757202,2026-08-13,SNPP,Central Kalimantan,Kotawaringin Timur,270
-2.9296071831361736,112.90169964314946,1,3.680000066757202,2026-08-13,SNPP,Central Kalimantan,Kotawaringin Timur,270
-2.9296071831361736,112.90507650866248,1,2.6600000858306885,2026-08-13,SNPP,Central Kalimantan,Kotawaringin Timur,270
-2.932979635357148,112.88853242327313,1,6.090000152587891,2026-08-13,SNPP,Central Kalimantan,Kotawaringin Timur,270
-2.932979635357148,112.89190929896395,1,6.090000152587891,2026-08-13,SNPP,Central Kalimantan,Kotawaringin Timur,270
-2.932979635357148,112.89528617465477,1,3.680000066757202,2026-08-13,SNPP,Central Kalimantan,Kotawaringin Timur,270
-2.932979635357148,112.89866305034556,1,3.680000066757202,2026-08-13,SNPP,Central Kalimantan,Kotawaringin Timur,270
-2.932979635357148,112.90203992603637,1,3.680000066757202,2026-08-13,SNPP,Central Kalimantan,Kotawaringin Timur,270
-2.932979635357148,112.90541680172717,1,2.6600000858306885,2026-08-13,SNPP,Central Kalimantan,Kotawaringin Timur,270
-2.9363520875781215,112.88887305860975,1,1.3700000047683716,2026-08-13,SNPP,Central Kalimantan,Kotawaringin Timur,270
-2.9363520875781215,112.8922499444901,1,2.940000057220459,2026-08-13,SNPP,Central Kalimantan,Kotawaringin Timur,270
-2.9363520875781215,112.89562683037046,1,2.940000057220459,2026-08-13,SNPP,Central Kalimantan,Kotawaringin Timur,270
-2.9363520875781215,112.89900371625082,1,2.940000057220459,2026-08-13,SNPP,Central Kalimantan,Kotawaringin Timur,270
-2.9363520875781215,112.90238060213116,1,0.9599999785423279,2026-08-13,SNPP,Central Kalimantan,Kotawaringin Timur,270
-2.9363520875781215,112.90575748801152,1,0.9599999785423279,2026-08-13,SNPP,Central Kalimantan,Kotawaringin Timur,270
-2.939724539799096,112.88921408711313,1,0.8100000023841858,2026-08-13,SNPP,Central Kalimantan,Kotawaringin Timur,270
-2.939724539799096,112.8925909831948,1,2.940000057220459,2026-08-13,SNPP,Central Kalimantan,Kotawaringin Timur,270
-2.939724539799096,112.89596787927645,1,2.940000057220459,2026-08-13,SNPP,Central Kalimantan,Kotawaringin Timur,270
-2.939724539799096,112.89934477535812,1,2.940000057220459,2026-08-13,SNPP,Central Kalimantan,Kotawaringin Timur,270
-2.939724539799096,112.90272167143978,1,1.3200000524520874,2026-08-13,SNPP,Central Kalimantan,Kotawaringin Timur,270
-2.939724539799096,112.90609856752144,1,1.3200000524520874,2026-08-13,SNPP,Central Kalimantan,Kotawaringin Timur,270
-2.9430969920200702,112.89293241508395,1,2.940000057220459,2026-08-13,SNPP,Central Kalimantan,Kotawaringin Timur,270
-2.9430969920200702,112.8963093213787,1,2.940000057220459,2026-08-13,SNPP,Central Kalimantan,Kotawaringin Timur,270
-2.9430969920200702,112.89968622767343,1,2.940000057220459,2026-08-13,SNPP,Central Kalimantan,Kotawaringin Timur,270
-2.9430969920200702,112.90306313396815,1,1.3200000524520874,2026-08-13,SNPP,Central Kalimantan,Kotawaringin Timur,270
-2.9430969920200702,112.90644004026288,1,1.3200000524520874,2026-08-13,SNPP,Central Kalimantan,Kotawaringin Timur,270
-2.9633317053459156,112.84771171414317,1,1.3600000143051147,2026-08-13,SNPP,Central Kalimantan,Kotawaringin Timur,271
-2.9633317053459156,112.85108868196333,1,1.399999976158142,2026-08-13,SNPP,Central Kalimantan,Kotawaringin Timur,271
-2.9633317053459156,112.85446564978348,1,1.399999976158142,2026-08-13,SNPP,Central Kalimantan,Kotawaringin Timur,271
-2.9667041575668893,112.84805575435443,1,1.399999976158142,2026-08-13,SNPP,Central Kalimantan,Kotawaringin Timur,271
-2.9667041575668893,112.85143273246997,1,1.399999976158142,2026-08-13,SNPP,Central Kalimantan,Kotawaringin Timur,271
-2.9667041575668893,112.85480971058553,1,1.399999976158142,2026-08-13,SNPP,Central Kalimantan,Kotawaringin Timur,271
-2.9667041575668893,112.85818668870108,1,1.399999976158142,2026-08-13,SNPP,Central Kalimantan,Kotawaringin Timur,271
-2.9700766097878635,112.8484001876331,1,1.399999976158142,2026-08-13,SNPP,Central Kalimantan,Kotawaringin Timur,271
-2.9700766097878635,112.85177717605582,1,1.399999976158142,2026-08-13,SNPP,Central Kalimantan,Kotawaringin Timur,271
-2.9700766097878635,112.85515416447855,1,1.399999976158142,2026-08-13,SNPP,Central Kalimantan,Kotawaringin Timur,271
-2.9700766097878635,112.85853115290126,1,1.399999976158142,2026-08-13,SNPP,Central Kalimantan,Kotawaringin Timur,271
-2.9700766097878635,112.861908141324,1,0.9399999976158142,2026-08-13,SNPP,Central Kalimantan,Kotawaringin Timur,271
-2.9700766097878635,112.86528512974672,1,0.9399999976158142,2026-08-13,SNPP,Central Kalimantan,Kotawaringin Timur,271
-2.9700766097878635,112.86866211816942,1,0.9399999976158142,2026-08-13,SNPP,Central Kalimantan,Kotawaringin Timur,271
-2.9734490620088376,112.84874501398524,1,1.399999976158142,2026-08-13,SNPP,Central Kalimantan,Kotawaringin Timur,271
-2.9734490620088376,112.85212201272687,1,1.399999976158142,2026-08-13,SNPP,Central Kalimantan,Kotawaringin Timur,271
-2.9734490620088376,112.85549901146852,1,1.399999976158142,2026-08-13,SNPP,Central Kalimantan,Kotawaringin Timur,271
-2.9734490620088376,112.86225300895182,1,0.9399999976158142,2026-08-13,SNPP,Central Kalimantan,Kotawaringin Timur,271
-2.9734490620088376,112.86563000769348,1,0.9399999976158142,2026-08-13,SNPP,Central Kalimantan,Kotawaringin Timur,271
-2.9734490620088376,112.86900700643513,1,0.9399999976158142,2026-08-13,SNPP,Central Kalimantan,Kotawaringin Timur,271
-2.9768215142298122,112.86259826970614,1,0.9399999976158142,2026-08-13,SNPP,Central Kalimantan,Kotawaringin Timur,271
-2.9768215142298122,112.86597527877848,1,0.9399999976158142,2026-08-13,SNPP,Central Kalimantan,Kotawaringin Timur,271
-2.9768215142298122,112.86935228785082,1,0.9399999976158142,2026-08-13,SNPP,Central Kalimantan,Kotawaringin Timur,271
-2.980193966450786,112.86632094300772,1,1.6799999475479126,2026-08-13,SNPP,Central Kalimantan,Kotawaringin Timur,271
-2.980193966450786,112.8696979624225,1,2.619999885559082,2026-08-13,SNPP,Central Kalimantan,Kotawaringin Timur,271
-2.980193966450786,112.87307498183732,1,2.619999885559082,2026-08-13,SNPP,Central Kalimantan,Kotawaringin Timur,271
-2.980193966450786,112.8764520012521,1,2.619999885559082,2026-08-13,SNPP,Central Kalimantan,Kotawaringin Timur,271
-2.98356641867176,112.8632899706182,1,1.6799999475479126,2026-08-13,SNPP,Central Kalimantan,Kotawaringin Timur,271
-2.98356641867176,112.86666700038721,1,2.619999885559082,2026-08-13,SNPP,Central Kalimantan,Kotawaringin Timur,271
-2.98356641867176,112.87004403015621,1,2.619999885559082,2026-08-13,SNPP,Central Kalimantan,Kotawaringin Timur,271
-2.98356641867176,112.87342105992523,1,2.619999885559082,2026-08-13,SNPP,Central Kalimantan,Kotawaringin Timur,271
-2.98356641867176,112.87679808969423,1,2.619999885559082,2026-08-13,SNPP,Central Kalimantan,Kotawaringin Timur,271
-2.9869388708927342,112.86363641078795,1,5.429999828338623,2026-08-13,SNPP,Central Kalimantan,Kotawaringin Timur,271
-2.9869388708927342,112.86701345092294,1,2.619999885559082,2026-08-13,SNPP,Central Kalimantan,Kotawaringin Timur,271
-2.9869388708927342,112.87039049105795,1,2.619999885559082,2026-08-13,SNPP,Central Kalimantan,Kotawaringin Timur,271
-2.9869388708927342,112.87376753119294,1,2.619999885559082,2026-08-13,SNPP,Central Kalimantan,Kotawaringin Timur,271
-2.9869388708927342,112.87714457132793,1,2.619999885559082,2026-08-13,SNPP,Central Kalimantan,Kotawaringin Timur,271
-2.990311323113709,112.86398324410824,1,5.429999828338623,2026-08-13,SNPP,Central Kalimantan,Kotawaringin Timur,271
-2.990311323113709,112.86736029462097,1,2.619999885559082,2026-08-13,SNPP,Central Kalimantan,Kotawaringin Timur,271
-2.990311323113709,112.8707373451337,1,2.619999885559082,2026-08-13,SNPP,Central Kalimantan,Kotawaringin Timur,271
-2.990311323113709,112.87411439564644,1,2.619999885559082,2026-08-13,SNPP,Central Kalimantan,Kotawaringin Timur,271
-2.990311323113709,112.87749144615918,1,2.619999885559082,2026-08-13,SNPP,Central Kalimantan,Kotawaringin Timur,271
-2.990311323113709,112.88086849667194,1,0.7900000214576721,2026-08-13,SNPP,Central Kalimantan,Kotawaringin Timur,271
-2.990311323113709,112.88424554718466,1,0.7900000214576721,2026-08-13,SNPP,Central Kalimantan,Kotawaringin Timur,271
-2.9936837753346826,112.86433047058505,1,5.429999828338623,2026-08-13,SNPP,Central Kalimantan,Kotawaringin Timur,271
-2.9936837753346826,112.8677075314873,1,5.730000019073486,2026-08-13,SNPP,Central Kalimantan,Kotawaringin Timur,271
-2.9936837753346826,112.87108459238955,1,5.730000019073486,2026-08-13,SNPP,Central Kalimantan,Kotawaringin Timur,271
-2.9936837753346826,112.87446165329179,1,5.730000019073486,2026-08-13,SNPP,Central Kalimantan,Kotawaringin Timur,271
-2.9936837753346826,112.87783871419404,1,0.7900000214576721,2026-08-13,SNPP,Central Kalimantan,Kotawaringin Timur,271
-2.9936837753346826,112.8812157750963,1,0.7900000214576721,2026-08-13,SNPP,Central Kalimantan,Kotawaringin Timur,271
-2.9936837753346826,112.88459283599855,1,0.7900000214576721,2026-08-13,SNPP,Central Kalimantan,Kotawaringin Timur,271
-2.9970562275556567,112.86467809022444,1,5.429999828338623,2026-08-13,SNPP,Central Kalimantan,Kotawaringin Timur,271
-2.9970562275556567,112.86805516152796,1,5.429999828338623,2026-08-13,SNPP,Central Kalimantan,Kotawaringin Timur,271
-2.9970562275556567,112.8714322328315,1,5.429999828338623,2026-08-13,SNPP,Central Kalimantan,Kotawaringin Timur,271
-2.9970562275556567,112.874809304135,1,5.730000019073486,2026-08-13,SNPP,Central Kalimantan,Kotawaringin Timur,271
-3.0004286797766313,112.86502610303246,1,0.9200000166893005,2026-08-13,SNPP,Central Kalimantan,Kotawaringin Timur,271
-3.0004286797766313,112.86840318474901,1,1.0399999618530273,2026-08-13,SNPP,Central Kalimantan,Kotawaringin Timur,271
-3.0004286797766313,112.87178026646558,1,1.0399999618530273,2026-08-13,SNPP,Central Kalimantan,Kotawaringin Timur,271
-3.0038011319976055,112.85186614044972,1,1.4600000381469727,2026-08-13,SNPP,Central Kalimantan,Kotawaringin Timur,271
-3.0038011319976055,112.85524323259106,1,1.4600000381469727,2026-08-13,SNPP,Central Kalimantan,Kotawaringin Timur,271
-3.0038011319976055,112.87212869329788,1,1.4600000381469727,2026-08-13,SNPP,Central Kalimantan,Kotawaringin Timur,271
-3.0038011319976055,112.87550578543923,1,1.4600000381469727,2026-08-13,SNPP,Central Kalimantan,Kotawaringin Timur,271
-3.0038011319976055,112.8788828775806,1,1.4600000381469727,2026-08-13,SNPP,Central Kalimantan,Kotawaringin Timur,271
-3.0071735842185796,112.84883779528893,1,1.4600000381469727,2026-08-13,SNPP,Central Kalimantan,Kotawaringin Timur,271
-3.0071735842185796,112.85221489786684,1,26.530000686645508,2026-08-13,SNPP,Central Kalimantan,Kotawaringin Timur,271
-3.0071735842185796,112.85559200044479,1,26.530000686645508,2026-08-13,SNPP,Central Kalimantan,Kotawaringin Timur,271
-3.0071735842185796,112.8589691030227,1,26.530000686645508,2026-08-13,SNPP,Central Kalimantan,Kotawaringin Timur,271
-3.0071735842185796,112.86234620560063,1,26.530000686645508,2026-08-13,SNPP,Central Kalimantan,Kotawaringin Timur,271
-3.0071735842185796,112.87247751333442,1,1.4600000381469727,2026-08-13,SNPP,Central Kalimantan,Kotawaringin Timur,271
-3.0071735842185796,112.87585461591233,1,1.4600000381469727,2026-08-13,SNPP,Central Kalimantan,Kotawaringin Timur,271
-3.0071735842185796,112.87923171849026,1,1.4600000381469727,2026-08-13,SNPP,Central Kalimantan,Kotawaringin Timur,271
-3.0105460364395533,112.84918693539748,1,1.4600000381469727,2026-08-13,SNPP,Central Kalimantan,Kotawaringin Timur,271
-3.0105460364395533,112.85256404842373,1,26.530000686645508,2026-08-13,SNPP,Central Kalimantan,Kotawaringin Timur,271
-3.0105460364395533,112.85594116144999,1,26.530000686645508,2026-08-13,SNPP,Central Kalimantan,Kotawaringin Timur,271
-3.0105460364395533,112.85931827447624,1,26.530000686645508,2026-08-13,SNPP,Central Kalimantan,Kotawaringin Timur,271
-3.0105460364395533,112.8626953875025,1,26.530000686645508,2026-08-13,SNPP,Central Kalimantan,Kotawaringin Timur,271
-3.0105460364395533,112.86607250052877,1,16.270000457763672,2026-08-13,SNPP,Central Kalimantan,Kotawaringin Timur,271
-3.0105460364395533,112.87282672658127,1,1.4600000381469727,2026-08-13,SNPP,Central Kalimantan,Kotawaringin Timur,271
-3.0105460364395533,112.87620383960753,1,1.4600000381469727,2026-08-13,SNPP,Central Kalimantan,Kotawaringin Timur,271
-3.0105460364395533,112.87958095263377,1,1.4600000381469727,2026-08-13,SNPP,Central Kalimantan,Kotawaringin Timur,271
-3.013918488660528,112.84953646864005,1,1.4600000381469727,2026-08-13,SNPP,Central Kalimantan,Kotawaringin Timur,271
-3.013918488660528,112.8529135921264,1,26.530000686645508,2026-08-13,SNPP,Central Kalimantan,Kotawaringin Timur,271
-3.013918488660528,112.85629071561274,1,26.530000686645508,2026-08-13,SNPP,Central Kalimantan,Kotawaringin Timur,271
-3.013918488660528,112.8596678390991,1,26.530000686645508,2026-08-13,SNPP,Central Kalimantan,Kotawaringin Timur,271
-3.013918488660528,112.86304496258545,1,26.530000686645508,2026-08-13,SNPP,Central Kalimantan,Kotawaringin Timur,271
-3.013918488660528,112.86642208607182,1,16.270000457763672,2026-08-13,SNPP,Central Kalimantan,Kotawaringin Timur,271
-3.017290940881502,112.85326352898095,1,26.530000686645508,2026-08-13,SNPP,Central Kalimantan,Kotawaringin Timur,271
-3.017290940881502,112.85664066293914,1,26.530000686645508,2026-08-13,SNPP,Central Kalimantan,Kotawaringin Timur,271
-3.017290940881502,112.86001779689735,1,26.530000686645508,2026-08-13,SNPP,Central Kalimantan,Kotawaringin Timur,271
-3.017290940881502,112.86339493085558,1,26.530000686645508,2026-08-13,SNPP,Central Kalimantan,Kotawaringin Timur,271
-3.017290940881502,112.86677206481379,1,16.270000457763672,2026-08-13,SNPP,Central Kalimantan,Kotawaringin Timur,271
-3.0206633931024762,112.85361385899344,1,15.479999542236328,2026-08-13,SNPP,Central Kalimantan,Kotawaringin Timur,271
-3.0206633931024762,112.85699100343527,1,15.479999542236328,2026-08-13,SNPP,Central Kalimantan,Kotawaringin Timur,271
-3.0206633931024762,112.86036814787711,1,15.479999542236328,2026-08-13,SNPP,Central Kalimantan,Kotawaringin Timur,271
-3.0206633931024762,112.86374529231894,1,16.270000457763672,2026-08-13,SNPP,Central Kalimantan,Kotawaringin Timur,271
-3.0206633931024762,112.86712243676078,1,16.270000457763672,2026-08-13,SNPP,Central Kalimantan,Kotawaringin Timur,271
-3.0274082975444245,112.87120152573857,1,0.8799999952316284,2026-08-13,SNPP,Central Kalimantan,Kotawaringin Timur,271
-3.0274082975444245,112.87457869118295,1,0.8799999952316284,2026-08-13,SNPP,Central Kalimantan,Kotawaringin Timur,271
-3.0274082975444245,112.87795585662734,1,0.8799999952316284,2026-08-13,SNPP,Central Kalimantan,Kotawaringin Timur,271
-3.0307807497653987,112.8715530878561,1,0.8799999952316284,2026-08-13,SNPP,Central Kalimantan,Kotawaringin Timur,271
-3.0307807497653987,112.87493026381941,1,0.8799999952316284,2026-08-13,SNPP,Central Kalimantan,Kotawaringin Timur,271
-3.0307807497653987,112.87830743978272,1,0.8799999952316284,2026-08-13,SNPP,Central Kalimantan,Kotawaringin Timur,271
-3.034153201986373,112.87528222970879,1,0.7300000190734863,2026-08-13,SNPP,Central Kalimantan,Kotawaringin Timur,271
-3.034153201986373,112.87865941620278,1,0.7300000190734863,2026-08-13,SNPP,Central Kalimantan,Kotawaringin Timur,271
-3.034153201986373,112.88203660269677,1,0.7300000190734863,2026-08-13,SNPP,Central Kalimantan,Kotawaringin Timur,271
-3.037525654207347,112.87563458885725,1,0.7300000190734863,2026-08-13,SNPP,Central Kalimantan,Kotawaringin Timur,271
-3.037525654207347,112.8790117858937,1,0.7300000190734863,2026-08-13,SNPP,Central Kalimantan,Kotawaringin Timur,271
-3.037525654207347,112.88238898293015,1,0.7300000190734863,2026-08-13,SNPP,Central Kalimantan,Kotawaringin Timur,271
-3.0442705586492953,112.6872162701828,1,3.119999885559082,2026-08-13,SNPP,Central Kalimantan,Seruyan,272
-3.0442705586492953,112.69059348833947,1,9.329999923706055,2026-08-13,SNPP,Central Kalimantan,Seruyan,272
-3.0442705586492953,112.69397070649613,1,9.329999923706055,2026-08-13,SNPP,Central Kalimantan,Seruyan,272
-3.0442705586492953,112.6973479246528,1,9.329999923706055,2026-08-13,SNPP,Central Kalimantan,Seruyan,272
-3.0442705586492953,112.70072514280946,1,9.329999923706055,2026-08-13,SNPP,Central Kalimantan,Seruyan,272
-3.04764301087027,112.68756921679098,1,3.119999885559082,2026-08-13,SNPP,Central Kalimantan,Seruyan,272
-3.04764301087027,112.69094644552538,1,9.329999923706055,2026-08-13,SNPP,Central Kalimantan,Seruyan,272
-3.04764301087027,112.6943236742598,1,9.329999923706055,2026-08-13,SNPP,Central Kalimantan,Seruyan,272
-3.04764301087027,112.69770090299421,1,9.329999923706055,2026-08-13,SNPP,Central Kalimantan,Seruyan,272
-3.04764301087027,112.70107813172864,1,9.329999923706055,2026-08-13,SNPP,Central Kalimantan,Seruyan,272
-3.0510154630912436,112.6879225560238,1,5.489999771118164,2026-08-13,SNPP,Central Kalimantan,Seruyan,272
-3.0510154630912436,112.69129979534775,1,9.329999923706055,2026-08-13,SNPP,Central Kalimantan,Seruyan,272
-3.0510154630912436,112.69467703467168,1,9.329999923706055,2026-08-13,SNPP,Central Kalimantan,Seruyan,272
-3.0510154630912436,112.69805427399562,1,9.329999923706055,2026-08-13,SNPP,Central Kalimantan,Seruyan,272
-3.0510154630912436,112.70143151331956,1,9.329999923706055,2026-08-13,SNPP,Central Kalimantan,Seruyan,272
-3.0543879153122178,112.68827628788743,1,5.489999771118164,2026-08-13,SNPP,Central Kalimantan,Seruyan,272
-3.0543879153122178,112.69165353781264,1,9.329999923706055,2026-08-13,SNPP,Central Kalimantan,Seruyan,272
-3.0543879153122178,112.69503078773786,1,9.329999923706055,2026-08-13,SNPP,Central Kalimantan,Seruyan,272
-3.0543879153122178,112.69840803766311,1,9.329999923706055,2026-08-13,SNPP,Central Kalimantan,Seruyan,272
-3.0543879153122178,112.70178528758834,1,9.329999923706055,2026-08-13,SNPP,Central Kalimantan,Seruyan,272
-3.057760367533192,112.688630412388,1,5.489999771118164,2026-08-13,SNPP,Central Kalimantan,Seruyan,272
-3.057760367533192,112.69200767292628,1,6.579999923706055,2026-08-13,SNPP,Central Kalimantan,Seruyan,272
-3.057760367533192,112.69538493346457,1,6.579999923706055,2026-08-13,SNPP,Central Kalimantan,Seruyan,272
-3.057760367533192,112.69876219400285,1,6.579999923706055,2026-08-13,SNPP,Central Kalimantan,Seruyan,272
-3.0611328197541665,112.68898492953167,1,5.489999771118164,2026-08-13,SNPP,Central Kalimantan,Seruyan,272
-3.0611328197541665,112.69236220069477,1,5.489999771118164,2026-08-13,SNPP,Central Kalimantan,Seruyan,272
-3.0611328197541665,112.69573947185788,1,5.489999771118164,2026-08-13,SNPP,Central Kalimantan,Seruyan,272
-3.098229794184882,112.88204430784438,1,0.8600000143051147,2026-08-13,SNPP,Central Kalimantan,Kotawaringin Timur,273
-3.098229794184882,112.88542169665725,1,0.8600000143051147,2026-08-13,SNPP,Central Kalimantan,Kotawaringin Timur,273
-3.1016022464058564,112.86551714219198,1,1.7699999809265137,2026-08-13,SNPP,Central Kalimantan,Kotawaringin Timur,273
-3.1016022464058564,112.86889454177089,1,1.7699999809265137,2026-08-13,SNPP,Central Kalimantan,Kotawaringin Timur,273
-3.1016022464058564,112.87227194134978,1,1.7699999809265137,2026-08-13,SNPP,Central Kalimantan,Kotawaringin Timur,273
-3.1016022464058564,112.88240414008652,1,0.8600000143051147,2026-08-13,SNPP,Central Kalimantan,Kotawaringin Timur,273
-3.1016022464058564,112.88578153966542,1,0.8600000143051147,2026-08-13,SNPP,Central Kalimantan,Kotawaringin Timur,273
-3.1049746986268305,112.8658773139279,1,1.7699999809265137,2026-08-13,SNPP,Central Kalimantan,Kotawaringin Timur,273
-3.1049746986268305,112.86925472428462,1,2.640000104904175,2026-08-13,SNPP,Central Kalimantan,Kotawaringin Timur,273
-3.1049746986268305,112.87263213464134,1,2.640000104904175,2026-08-13,SNPP,Central Kalimantan,Kotawaringin Timur,273
-3.1049746986268305,112.87600954499807,1,2.640000104904175,2026-08-13,SNPP,Central Kalimantan,Kotawaringin Timur,273
-3.1049746986268305,112.87938695535479,1,2.640000104904175,2026-08-13,SNPP,Central Kalimantan,Kotawaringin Timur,273
-3.1049746986268305,112.88276436571151,1,0.8600000143051147,2026-08-13,SNPP,Central Kalimantan,Kotawaringin Timur,273
-3.1049746986268305,112.88614177606824,1,0.8600000143051147,2026-08-13,SNPP,Central Kalimantan,Kotawaringin Timur,273
-3.1083471508478047,112.86623787899407,1,1.7699999809265137,2026-08-13,SNPP,Central Kalimantan,Kotawaringin Timur,273
-3.1083471508478047,112.86961530014038,1,2.640000104904175,2026-08-13,SNPP,Central Kalimantan,Kotawaringin Timur,273
-3.1083471508478047,112.87299272128669,1,2.640000104904175,2026-08-13,SNPP,Central Kalimantan,Kotawaringin Timur,273
-3.1083471508478047,112.87637014243302,1,2.640000104904175,2026-08-13,SNPP,Central Kalimantan,Kotawaringin Timur,273
-3.1083471508478047,112.87974756357931,1,2.640000104904175,2026-08-13,SNPP,Central Kalimantan,Kotawaringin Timur,273
-3.1083471508478047,112.88312498472563,1,1.0399999618530273,2026-08-13,SNPP,Central Kalimantan,Kotawaringin Timur,273
-3.1083471508478047,112.88650240587194,1,1.0399999618530273,2026-08-13,SNPP,Central Kalimantan,Kotawaringin Timur,273
-3.111719603068779,112.86659883739681,1,1.7699999809265137,2026-08-13,SNPP,Central Kalimantan,Kotawaringin Timur,273
-3.111719603068779,112.86997626934446,1,2.640000104904175,2026-08-13,SNPP,Central Kalimantan,Kotawaringin Timur,273
-3.111719603068779,112.87335370129213,1,2.640000104904175,2026-08-13,SNPP,Central Kalimantan,Kotawaringin Timur,273
-3.111719603068779,112.87673113323982,1,2.640000104904175,2026-08-13,SNPP,Central Kalimantan,Kotawaringin Timur,273
-3.111719603068779,112.88010856518747,1,1.2699999809265137,2026-08-13,SNPP,Central Kalimantan,Kotawaringin Timur,273
-3.111719603068779,112.88348599713515,1,3.869999885559082,2026-08-13,SNPP,Central Kalimantan,Kotawaringin Timur,273
-3.111719603068779,112.88686342908282,1,3.869999885559082,2026-08-13,SNPP,Central Kalimantan,Kotawaringin Timur,273
-3.115092055289753,112.87033763190313,1,1.1699999570846558,2026-08-13,SNPP,Central Kalimantan,Kotawaringin Timur,273
-3.115092055289753,112.87371507466392,1,1.1699999570846558,2026-08-13,SNPP,Central Kalimantan,Kotawaringin Timur,273
-3.115092055289753,112.87709251742474,1,1.2699999809265137,2026-08-13,SNPP,Central Kalimantan,Kotawaringin Timur,273
-3.115092055289753,112.88046996018552,1,1.2699999809265137,2026-08-13,SNPP,Central Kalimantan,Kotawaringin Timur,273
-3.115092055289753,112.88384740294633,1,3.869999885559082,2026-08-13,SNPP,Central Kalimantan,Kotawaringin Timur,273
-3.115092055289753,112.88722484570711,1,3.869999885559082,2026-08-13,SNPP,Central Kalimantan,Kotawaringin Timur,273
-3.1184645075107276,112.87745429499405,1,1.2699999809265137,2026-08-13,SNPP,Central Kalimantan,Kotawaringin Timur,273
-3.1184645075107276,112.88083174857975,1,1.2699999809265137,2026-08-13,SNPP,Central Kalimantan,Kotawaringin Timur,273
-3.1184645075107276,112.88420920216545,1,3.869999885559082,2026-08-13,SNPP,Central Kalimantan,Kotawaringin Timur,273
-3.1184645075107276,112.88758665575114,1,3.869999885559082,2026-08-13,SNPP,Central Kalimantan,Kotawaringin Timur,273
-3.1218369597317017,112.87106153710934,1,1.4900000095367432,2026-08-13,SNPP,Central Kalimantan,Kotawaringin Timur,273
-3.1218369597317017,112.8744390015317,1,1.5700000524520874,2026-08-13,SNPP,Central Kalimantan,Kotawaringin Timur,273
-3.1218369597317017,112.87781646595408,1,1.5700000524520874,2026-08-13,SNPP,Central Kalimantan,Kotawaringin Timur,273
-3.1218369597317017,112.88119393037644,1,1.5700000524520874,2026-08-13,SNPP,Central Kalimantan,Kotawaringin Timur,273
-3.1252094119526754,112.87142407976948,1,1.4900000095367432,2026-08-13,SNPP,Central Kalimantan,Kotawaringin Timur,273
-3.1252094119526754,112.87480155504028,1,1.5700000524520874,2026-08-13,SNPP,Central Kalimantan,Kotawaringin Timur,273
-3.1252094119526754,112.87817903031109,1,1.5700000524520874,2026-08-13,SNPP,Central Kalimantan,Kotawaringin Timur,273
-3.1252094119526754,112.8815565055819,1,1.5700000524520874,2026-08-13,SNPP,Central Kalimantan,Kotawaringin Timur,273
-3.1252094119526754,112.8849339808527,1,0.8700000047683716,2026-08-13,SNPP,Central Kalimantan,Kotawaringin Timur,273
-3.1285818641736496,112.88191947420242,1,0.8700000047683716,2026-08-13,SNPP,Central Kalimantan,Kotawaringin Timur,273
-3.1285818641736496,112.88529696033342,1,0.8700000047683716,2026-08-13,SNPP,Central Kalimantan,Kotawaringin Timur,273
-3.131954316394624,112.88228283624431,1,0.8700000047683716,2026-08-13,SNPP,Central Kalimantan,Kotawaringin Timur,273
-3.131954316394624,112.88566033324732,1,0.8700000047683716,2026-08-13,SNPP,Central Kalimantan,Kotawaringin Timur,273
-3.1353267686155983,112.80496391031859,1,1.5499999523162842,2026-08-13,SNPP,Central Kalimantan,Seruyan,274
-3.1353267686155983,112.80834141820536,1,5.630000114440918,2026-08-13,SNPP,Central Kalimantan,Seruyan,274
-3.1353267686155983,112.81171892609211,1,5.630000114440918,2026-08-13,SNPP,Central Kalimantan,Seruyan,274
-3.1353267686155983,112.81509643397887,1,5.630000114440918,2026-08-13,SNPP,Central Kalimantan,Seruyan,274
-3.138699220836572,112.80532780862511,1,1.5499999523162842,2026-08-13,SNPP,Central Kalimantan,Seruyan,274
-3.138699220836572,112.8087053274074,1,5.630000114440918,2026-08-13,SNPP,Central Kalimantan,Seruyan,274
-3.138699220836572,112.81208284618967,1,5.630000114440918,2026-08-13,SNPP,Central Kalimantan,Seruyan,274
-3.138699220836572,112.81546036497195,1,5.630000114440918,2026-08-13,SNPP,Central Kalimantan,Seruyan,274
-3.138699220836572,112.81883788375423,1,5.630000114440918,2026-08-13,SNPP,Central Kalimantan,Seruyan,274
-3.138699220836572,112.8222154025365,1,4.71999979019165,2026-08-13,SNPP,Central Kalimantan,Seruyan,274
-3.138699220836572,112.82897044010106,1,9.75,2026-08-13,SNPP,Central Kalimantan,Seruyan,274
-3.138699220836572,112.83234795888335,1,9.75,2026-08-13,SNPP,Central Kalimantan,Seruyan,274
-3.138699220836572,112.83572547766562,1,9.75,2026-08-13,SNPP,Central Kalimantan,Kotawaringin Timur,274
-3.1420716730575466,112.80906962979081,1,5.630000114440918,2026-08-13,SNPP,Central Kalimantan,Seruyan,274
-3.1420716730575466,112.81244715948039,1,5.630000114440918,2026-08-13,SNPP,Central Kalimantan,Seruyan,274
-3.1420716730575466,112.81582468916996,1,5.630000114440918,2026-08-13,SNPP,Central Kalimantan,Seruyan,274
-3.1420716730575466,112.81920221885953,1,5.630000114440918,2026-08-13,SNPP,Central Kalimantan,Seruyan,274
-3.1420716730575466,112.8225797485491,1,4.71999979019165,2026-08-13,SNPP,Central Kalimantan,Seruyan,274
-3.1420716730575466,112.82933480792828,1,9.75,2026-08-13,SNPP,Central Kalimantan,Seruyan,274
-3.1420716730575466,112.83271233761783,1,9.75,2026-08-13,SNPP,Central Kalimantan,Seruyan,274
-3.1420716730575466,112.83608986730741,1,9.75,2026-08-13,SNPP,Central Kalimantan,Kotawaringin Timur,274
-3.145444125278521,112.80943432536193,1,3.4200000762939453,2026-08-13,SNPP,Central Kalimantan,Seruyan,274
-3.145444125278521,112.81281186597057,1,3.4200000762939453,2026-08-13,SNPP,Central Kalimantan,Seruyan,274
-3.145444125278521,112.81618940657921,1,2.4200000762939453,2026-08-13,SNPP,Central Kalimantan,Seruyan,274
-3.145444125278521,112.81956694718785,1,2.4200000762939453,2026-08-13,SNPP,Central Kalimantan,Seruyan,274
-3.145444125278521,112.8229444877965,1,4.71999979019165,2026-08-13,SNPP,Central Kalimantan,Seruyan,274
-3.145444125278521,112.8296995690138,1,9.75,2026-08-13,SNPP,Central Kalimantan,Seruyan,274
-3.145444125278521,112.83307710962244,1,9.75,2026-08-13,SNPP,Central Kalimantan,Seruyan,274
-3.145444125278521,112.83645465023109,1,9.75,2026-08-13,SNPP,Central Kalimantan,Kotawaringin Timur,274
-3.148816577499495,112.80979941412707,1,3.4200000762939453,2026-08-13,SNPP,Central Kalimantan,Seruyan,274
-3.148816577499495,112.81317696566657,1,3.4200000762939453,2026-08-13,SNPP,Central Kalimantan,Seruyan,274
-3.148816577499495,112.81655451720606,1,2.4200000762939453,2026-08-13,SNPP,Central Kalimantan,Seruyan,274
-3.148816577499495,112.81993206874554,1,2.4200000762939453,2026-08-13,SNPP,Central Kalimantan,Seruyan,274
-3.148816577499495,112.83006472336402,1,9.75,2026-08-13,SNPP,Central Kalimantan,Seruyan,274
-3.148816577499495,112.8334422749035,1,9.75,2026-08-13,SNPP,Central Kalimantan,Seruyan,274
-3.148816577499495,112.83681982644298,1,9.75,2026-08-13,SNPP,Central Kalimantan,Kotawaringin Timur,274
-3.152189029720469,112.8135424585747,1,2.4200000762939453,2026-08-13,SNPP,Central Kalimantan,Seruyan,274
-3.152189029720469,112.81692002105682,1,2.4200000762939453,2026-08-13,SNPP,Central Kalimantan,Seruyan,274
-3.152189029720469,112.8202975835389,1,2.4200000762939453,2026-08-13,SNPP,Central Kalimantan,Seruyan,274
-3.212893169698004,112.57698975217919,1,0.9800000190734863,2026-08-13,SNPP,Central Kalimantan,Seruyan,275
-3.212893169698004,112.58036751364168,1,0.9800000190734863,2026-08-13,SNPP,Central Kalimantan,Seruyan,275
-3.212893169698004,112.58374527510416,1,0.9800000190734863,2026-08-13,SNPP,Central Kalimantan,Seruyan,275
-3.2162656219189785,112.57736191335788,1,0.9800000190734863,2026-08-13,SNPP,Central Kalimantan,Seruyan,275
-3.2162656219189785,112.5807396859867,1,0.9800000190734863,2026-08-13,SNPP,Central Kalimantan,Seruyan,275
-3.2162656219189785,112.58411745861551,1,0.9800000190734863,2026-08-13,SNPP,Central Kalimantan,Seruyan,275
-2.609224222143627,111.55791953261166,1,2.450000047683716,2026-08-13,SNPP,Central Kalimantan,Kotawaringin Barat,276
-2.609224222143627,111.56129548483855,1,2.450000047683716,2026-08-13,SNPP,Central Kalimantan,Kotawaringin Barat,276
-2.609224222143627,111.56467143706544,1,2.450000047683716,2026-08-13,SNPP,Central Kalimantan,Kotawaringin Barat,276
-2.609224222143627,111.56804738929233,1,2.450000047683716,2026-08-13,SNPP,Central Kalimantan,Kotawaringin Barat,276
-2.609224222143627,111.57142334151924,1,1.690000057220459,2026-08-13,SNPP,Central Kalimantan,Kotawaringin Barat,276
-2.609224222143627,111.57479929374611,1,4.570000171661377,2026-08-13,SNPP,Central Kalimantan,Kotawaringin Barat,276
-2.609224222143627,111.578175245973,1,4.570000171661377,2026-08-13,SNPP,Central Kalimantan,Kotawaringin Barat,276
-2.609224222143627,111.58155119819989,1,4.570000171661377,2026-08-13,SNPP,Central Kalimantan,Kotawaringin Barat,276
-2.609224222143627,111.58492715042678,1,1.8300000429153442,2026-08-13,SNPP,Central Kalimantan,Kotawaringin Barat,276
-2.612596674364601,111.55821896188812,1,2.450000047683716,2026-08-13,SNPP,Central Kalimantan,Kotawaringin Barat,276
-2.612596674364601,111.5615949231763,1,2.450000047683716,2026-08-13,SNPP,Central Kalimantan,Kotawaringin Barat,276
-2.612596674364601,111.56497088446447,1,2.450000047683716,2026-08-13,SNPP,Central Kalimantan,Kotawaringin Barat,276
-2.612596674364601,111.56834684575266,1,2.450000047683716,2026-08-13,SNPP,Central Kalimantan,Kotawaringin Barat,276
-2.612596674364601,111.57172280704084,1,3.369999885559082,2026-08-13,SNPP,Central Kalimantan,Kotawaringin Barat,276
-2.612596674364601,111.57509876832904,1,3.369999885559082,2026-08-13,SNPP,Central Kalimantan,Kotawaringin Barat,276
-2.612596674364601,111.57847472961721,1,3.369999885559082,2026-08-13,SNPP,Central Kalimantan,Kotawaringin Barat,276
-2.612596674364601,111.58185069090538,1,3.369999885559082,2026-08-13,SNPP,Central Kalimantan,Kotawaringin Barat,276
-2.612596674364601,111.58522665219357,1,1.8300000429153442,2026-08-13,SNPP,Central Kalimantan,Kotawaringin Barat,276
-2.615969126585575,111.55851877927263,1,2.450000047683716,2026-08-13,SNPP,Central Kalimantan,Kotawaringin Barat,276
-2.615969126585575,111.56189474963384,1,2.450000047683716,2026-08-13,SNPP,Central Kalimantan,Kotawaringin Barat,276
-2.615969126585575,111.56527071999506,1,2.450000047683716,2026-08-13,SNPP,Central Kalimantan,Kotawaringin Barat,276
-2.615969126585575,111.56864669035627,1,2.450000047683716,2026-08-13,SNPP,Central Kalimantan,Kotawaringin Barat,276
-2.615969126585575,111.57202266071751,1,3.369999885559082,2026-08-13,SNPP,Central Kalimantan,Kotawaringin Barat,276
-2.615969126585575,111.57539863107873,1,3.369999885559082,2026-08-13,SNPP,Central Kalimantan,Kotawaringin Barat,276
-2.615969126585575,111.57877460143995,1,3.369999885559082,2026-08-13,SNPP,Central Kalimantan,Kotawaringin Barat,276
-2.615969126585575,111.58215057180117,1,3.369999885559082,2026-08-13,SNPP,Central Kalimantan,Kotawaringin Barat,276
-2.615969126585575,111.58552654216237,1,1.8300000429153442,2026-08-13,SNPP,Central Kalimantan,Kotawaringin Barat,276
-2.6193415788065493,111.5588189847704,1,2.450000047683716,2026-08-13,SNPP,Central Kalimantan,Kotawaringin Barat,276
-2.6193415788065493,111.56219496421639,1,2.450000047683716,2026-08-13,SNPP,Central Kalimantan,Kotawaringin Barat,276
-2.6193415788065493,111.5655709436624,1,0.7699999809265137,2026-08-13,SNPP,Central Kalimantan,Kotawaringin Barat,276
-2.6193415788065493,111.56894692310838,1,0.7699999809265137,2026-08-13,SNPP,Central Kalimantan,Kotawaringin Barat,276
-2.6193415788065493,111.5723229025544,1,3.369999885559082,2026-08-13,SNPP,Central Kalimantan,Kotawaringin Barat,276
-2.6193415788065493,111.5756988820004,1,3.369999885559082,2026-08-13,SNPP,Central Kalimantan,Kotawaringin Barat,276
-2.6193415788065493,111.5790748614464,1,3.369999885559082,2026-08-13,SNPP,Central Kalimantan,Kotawaringin Barat,276
-2.6193415788065493,111.58245084089239,1,3.369999885559082,2026-08-13,SNPP,Central Kalimantan,Kotawaringin Barat,276
-2.6193415788065493,111.5858268203384,1,0.9300000071525574,2026-08-13,SNPP,Central Kalimantan,Kotawaringin Barat,276
-2.6227140310275234,111.56587155547167,1,0.7699999809265137,2026-08-13,SNPP,Central Kalimantan,Kotawaringin Barat,276
-2.6227140310275234,111.56924754401422,1,0.7699999809265137,2026-08-13,SNPP,Central Kalimantan,Kotawaringin Barat,276
-3.0071735842185796,112.28823876735312,1,0.3100000023841858,2026-08-13,SNPP,Central Kalimantan,Seruyan,277
-3.0071735842185796,112.29161586993104,1,0.3100000023841858,2026-08-13,SNPP,Central Kalimantan,Seruyan,277
-3.0105460364395533,112.2885861730388,1,0.3100000023841858,2026-08-13,SNPP,Central Kalimantan,Seruyan,277
-3.0105460364395533,112.29196328606504,1,0.3100000023841858,2026-08-13,SNPP,Central Kalimantan,Seruyan,277
-3.013918488660528,112.28893396990553,1,0.3100000023841858,2026-08-13,SNPP,Central Kalimantan,Seruyan,277
-3.013918488660528,112.29231109339186,1,0.3100000023841858,2026-08-13,SNPP,Central Kalimantan,Seruyan,277
-3.1420716730575466,112.33959300293965,1,0.46000000834465027,2026-08-13,SNPP,Central Kalimantan,Seruyan,278
-3.1420716730575466,112.34297053262922,1,0.46000000834465027,2026-08-13,SNPP,Central Kalimantan,Seruyan,278
-3.1420716730575466,112.34634806231881,1,0.46000000834465027,2026-08-13,SNPP,Central Kalimantan,Seruyan,278
-3.1420716730575466,112.34972559200838,1,0.46000000834465027,2026-08-13,SNPP,Central Kalimantan,Seruyan,278
-3.145444125278521,112.33995618076004,1,0.46000000834465027,2026-08-13,SNPP,Central Kalimantan,Seruyan,278
-3.145444125278521,112.3433337213687,1,0.46000000834465027,2026-08-13,SNPP,Central Kalimantan,Seruyan,278
-3.145444125278521,112.34671126197735,1,0.46000000834465027,2026-08-13,SNPP,Central Kalimantan,Seruyan,278
-3.145444125278521,112.35008880258599,1,0.46000000834465027,2026-08-13,SNPP,Central Kalimantan,Seruyan,278
-3.172423743046314,112.3867848689371,1,0.9399999976158142,2026-08-13,SNPP,Central Kalimantan,Seruyan,279
-3.172423743046314,112.39016249732211,1,0.9399999976158142,2026-08-13,SNPP,Central Kalimantan,Seruyan,279
-3.175796195267288,112.38715171433016,1,0.9399999976158142,2026-08-13,SNPP,Central Kalimantan,Seruyan,279
-3.175796195267288,112.3905293537402,1,0.9399999976158142,2026-08-13,SNPP,Central Kalimantan,Seruyan,279
-2.5485200821660916,114.81361039955765,1,0.6800000071525574,2026-08-13,SNPP,Central Kalimantan,Barito Selatan,280
-2.5485200821660916,114.81698619068949,1,0.6800000071525574,2026-08-13,SNPP,Central Kalimantan,Barito Selatan,280
-2.5485200821660916,114.82036198182129,1,0.6800000071525574,2026-08-13,SNPP,Central Kalimantan,Barito Selatan,280
-2.5485200821660916,114.82373777295314,1,0.6800000071525574,2026-08-13,SNPP,Central Kalimantan,Barito Selatan,280
-2.5518925343870658,114.81391139278614,1,0.6800000071525574,2026-08-13,SNPP,Central Kalimantan,Barito Selatan,280
-2.5518925343870658,114.81728719276786,1,0.6800000071525574,2026-08-13,SNPP,Central Kalimantan,Barito Selatan,280
-2.5518925343870658,114.82066299274959,1,0.6800000071525574,2026-08-13,SNPP,Central Kalimantan,Barito Selatan,280
-2.5518925343870658,114.82403879273134,1,0.6800000071525574,2026-08-13,SNPP,Central Kalimantan,Barito Selatan,280
-2.55526498660804,114.81421278537294,1,0.6800000071525574,2026-08-13,SNPP,Central Kalimantan,Barito Selatan,280
-2.55526498660804,114.81758859421633,1,0.6800000071525574,2026-08-13,SNPP,Central Kalimantan,Barito Selatan,280
-2.55526498660804,114.82096440305969,1,0.6800000071525574,2026-08-13,SNPP,Central Kalimantan,Barito Selatan,280
-2.55526498660804,114.8243402119031,1,0.6800000071525574,2026-08-13,SNPP,Central Kalimantan,Barito Selatan,280
-2.578872152154859,114.93111333688209,1,0.3199999928474426,2026-08-13,SNPP,South Kalimantan,Hulu Sungai Selatan,281
-2.578872152154859,114.93448920808585,1,0.3199999928474426,2026-08-13,SNPP,South Kalimantan,Hulu Sungai Selatan,281
-2.578872152154859,114.93786507928961,1,0.3199999928474426,2026-08-13,SNPP,South Kalimantan,Hulu Sungai Selatan,281
-2.582244604375833,114.93141822901485,1,0.3199999928474426,2026-08-13,SNPP,South Kalimantan,Hulu Sungai Selatan,281
-2.582244604375833,114.93479410917419,1,0.3199999928474426,2026-08-13,SNPP,South Kalimantan,Hulu Sungai Selatan,281
-2.582244604375833,114.93816998933356,1,0.3199999928474426,2026-08-13,SNPP,South Kalimantan,Hulu Sungai Selatan,281
-2.63620383991142,114.79793385334605,1,1.0299999713897705,2026-08-13,SNPP,South Kalimantan,Barito Kuala,282
-2.63620383991142,114.80130987839217,1,1.0299999713897705,2026-08-13,SNPP,South Kalimantan,Barito Kuala,282
-2.639576292132394,114.79824516752352,1,1.0299999713897705,2026-08-13,SNPP,South Kalimantan,Barito Kuala,282
-2.639576292132394,114.80162120172488,1,1.0299999713897705,2026-08-13,SNPP,South Kalimantan,Barito Kuala,282
-2.642948744353369,114.7985568811154,1,1.0299999713897705,2026-08-13,SNPP,South Kalimantan,Barito Kuala,282
-2.642948744353369,114.80193292448375,1,1.0299999713897705,2026-08-13,SNPP,South Kalimantan,Barito Kuala,282
-2.703652884330904,114.78735497992953,1,1.9199999570846558,2026-08-13,SNPP,South Kalimantan,Barito Kuala,283
-2.703652884330904,114.79073119031268,1,1.9199999570846558,2026-08-13,SNPP,South Kalimantan,Barito Kuala,283
-2.703652884330904,114.79410740069584,1,1.9199999570846558,2026-08-13,SNPP,South Kalimantan,Barito Kuala,283
-2.703652884330904,114.80423603184533,1,1.3600000143051147,2026-08-13,SNPP,South Kalimantan,Barito Kuala,283
-2.703652884330904,114.8076122422285,1,1.3600000143051147,2026-08-13,SNPP,South Kalimantan,Barito Kuala,283
-2.703652884330904,114.81098845261165,1,1.3600000143051147,2026-08-13,SNPP,South Kalimantan,Barito Kuala,283
-2.7070253365518777,114.78767423648141,1,1.9199999570846558,2026-08-13,SNPP,South Kalimantan,Barito Kuala,283
-2.7070253365518777,114.79105045625481,1,1.9199999570846558,2026-08-13,SNPP,South Kalimantan,Barito Kuala,283
-2.7070253365518777,114.79442667602815,1,1.9199999570846558,2026-08-13,SNPP,South Kalimantan,Barito Kuala,283
-2.7070253365518777,114.80455533534828,1,1.3600000143051147,2026-08-13,SNPP,South Kalimantan,Barito Kuala,283
-2.7070253365518777,114.80793155512167,1,1.3600000143051147,2026-08-13,SNPP,South Kalimantan,Barito Kuala,283
-2.7070253365518777,114.81130777489501,1,1.3600000143051147,2026-08-13,SNPP,South Kalimantan,Barito Kuala,283
-2.710397788772852,114.80487503837524,1,1.3600000143051147,2026-08-13,SNPP,South Kalimantan,Barito Kuala,283
-2.710397788772852,114.80825126755059,1,1.3600000143051147,2026-08-13,SNPP,South Kalimantan,Barito Kuala,283
-2.710397788772852,114.8116274967259,1,1.3600000143051147,2026-08-13,SNPP,South Kalimantan,Barito Kuala,283
-2.926234730915199,114.95111094908773,1,0.800000011920929,2026-08-13,SNPP,South Kalimantan,Tapin,284
-2.926234730915199,114.95448780443472,1,0.800000011920929,2026-08-13,SNPP,South Kalimantan,Tapin,284
-2.9296071831361736,114.95145700955122,1,0.800000011920929,2026-08-13,SNPP,South Kalimantan,Tapin,284
-2.9296071831361736,114.95483387506422,1,0.800000011920929,2026-08-13,SNPP,South Kalimantan,Tapin,284
-2.932979635357148,114.95180347035534,1,0.800000011920929,2026-08-13,SNPP,South Kalimantan,Tapin,284
-2.932979635357148,114.95518034604615,1,0.800000011920929,2026-08-13,SNPP,South Kalimantan,Tapin,284
-3.175796195267288,114.93051419010017,1,1.5399999618530273,2026-08-13,SNPP,South Kalimantan,Banjar,285
-3.175796195267288,114.93389182951023,1,1.5399999618530273,2026-08-13,SNPP,South Kalimantan,Banjar,285
-3.175796195267288,114.93726946892029,1,1.5399999618530273,2026-08-13,SNPP,South Kalimantan,Banjar,285
-3.1791686474882628,114.9308897379728,1,0.8999999761581421,2026-08-13,SNPP,South Kalimantan,Banjar,285
-3.1791686474882628,114.93426738841967,1,0.8999999761581421,2026-08-13,SNPP,South Kalimantan,Banjar,285
-3.1791686474882628,114.93764503886653,1,0.8999999761581421,2026-08-13,SNPP,South Kalimantan,Banjar,285
-3.1825410997092365,114.93126568648572,1,0.8999999761581421,2026-08-13,SNPP,South Kalimantan,Banjar,285
-3.1825410997092365,114.93464334798114,1,0.8999999761581421,2026-08-13,SNPP,South Kalimantan,Banjar,285
-3.1825410997092365,114.93802100947659,1,0.8999999761581421,2026-08-13,SNPP,South Kalimantan,Banjar,285
-3.1859135519302106,114.93164203564542,1,0.8999999761581421,2026-08-13,SNPP,South Kalimantan,Banjar,285
-3.1859135519302106,114.93501970820121,1,0.8999999761581421,2026-08-13,SNPP,South Kalimantan,Banjar,285
-3.1859135519302106,114.938397380757,1,0.8999999761581421,2026-08-13,SNPP,South Kalimantan,Banjar,285
-3.3174391885482035,114.94663222784526,1,0.6200000047683716,2026-08-13,SNPP,South Kalimantan,Banjar,286
-3.3174391885482035,114.95001034094082,1,0.6200000047683716,2026-08-13,SNPP,South Kalimantan,Banjar,286
-3.320811640769178,114.94702460831763,1,0.6200000047683716,2026-08-13,SNPP,South Kalimantan,Banjar,286
-3.320811640769178,114.9504027329447,1,0.6200000047683716,2026-08-13,SNPP,South Kalimantan,Banjar,286
-2.639576292132394,115.06157583522891,1,2.0299999713897705,2026-08-13,SNPP,South Kalimantan,Hulu Sungai Selatan,287
-2.639576292132394,115.06495186943025,1,2.0299999713897705,2026-08-13,SNPP,South Kalimantan,Hulu Sungai Selatan,287
-2.639576292132394,115.06832790363161,1,2.0299999713897705,2026-08-13,SNPP,South Kalimantan,Hulu Sungai Selatan,287
-2.642948744353369,115.06188826384697,1,2.0299999713897705,2026-08-13,SNPP,South Kalimantan,Hulu Sungai Selatan,287
-2.642948744353369,115.06526430721529,1,2.0299999713897705,2026-08-13,SNPP,South Kalimantan,Hulu Sungai Selatan,287
-2.642948744353369,115.06864035058365,1,2.0299999713897705,2026-08-13,SNPP,South Kalimantan,Hulu Sungai Selatan,287
-2.646321196574343,115.06220109280108,1,2.0299999713897705,2026-08-13,SNPP,South Kalimantan,Hulu Sungai Selatan,287
-2.646321196574343,115.06557714534816,1,2.0299999713897705,2026-08-13,SNPP,South Kalimantan,Hulu Sungai Selatan,287
-2.646321196574343,115.06895319789525,1,2.0299999713897705,2026-08-13,SNPP,South Kalimantan,Hulu Sungai Selatan,287
-2.6496936487953167,115.06251432209672,1,0.5799999833106995,2026-08-13,SNPP,South Kalimantan,Hulu Sungai Selatan,287
-2.6496936487953167,115.06589038383427,1,0.5799999833106995,2026-08-13,SNPP,South Kalimantan,Hulu Sungai Selatan,287
-2.7238875976567485,115.20118107321227,1,2.2300000190734863,2026-08-13,SNPP,South Kalimantan,Hulu Sungai Selatan,288
-2.7238875976567485,115.20455734011293,1,2.2300000190734863,2026-08-13,SNPP,South Kalimantan,Hulu Sungai Selatan,288
-2.727260049877723,115.20150388084573,1,2.2300000190734863,2026-08-13,SNPP,South Kalimantan,Hulu Sungai Selatan,288
-2.727260049877723,115.20488015720713,1,2.2300000190734863,2026-08-13,SNPP,South Kalimantan,Hulu Sungai Selatan,288
-2.7306325020986972,115.20182708941145,1,2.2300000190734863,2026-08-13,SNPP,South Kalimantan,Hulu Sungai Selatan,288
-2.7306325020986972,115.2052033752453,1,2.2300000190734863,2026-08-13,SNPP,South Kalimantan,Hulu Sungai Selatan,288
-2.8115713554020774,115.30762337361993,1,1.2000000476837158,2026-08-13,SNPP,South Kalimantan,Hulu Sungai Selatan,289
-2.8115713554020774,115.3109998903183,1,1.2000000476837158,2026-08-13,SNPP,South Kalimantan,Hulu Sungai Selatan,289
-2.8149438076230515,115.30795689055675,1,1.2000000476837158,2026-08-13,SNPP,South Kalimantan,Hulu Sungai Selatan,289
-2.8149438076230515,115.31133341702139,1,1.2000000476837158,2026-08-13,SNPP,South Kalimantan,Hulu Sungai Selatan,289
-2.8183162598440257,115.30829080891496,1,1.2000000476837158,2026-08-13,SNPP,South Kalimantan,Hulu Sungai Selatan,289
-2.8183162598440257,115.31166734515762,1,1.2000000476837158,2026-08-13,SNPP,South Kalimantan,Hulu Sungai Selatan,289
-2.8554132342747414,115.26809402683251,1,0.9200000166893005,2026-08-13,SNPP,South Kalimantan,Hulu Sungai Selatan,290
-2.8554132342747414,115.2714706714093,1,0.9200000166893005,2026-08-13,SNPP,South Kalimantan,Hulu Sungai Selatan,290
-2.8554132342747414,115.27484731598611,1,0.9200000166893005,2026-08-13,SNPP,South Kalimantan,Hulu Sungai Selatan,290
-2.858785686495716,115.26843263375362,1,0.9200000166893005,2026-08-13,SNPP,South Kalimantan,Hulu Sungai Selatan,290
-2.858785686495716,115.27180928824953,1,0.9200000166893005,2026-08-13,SNPP,South Kalimantan,Hulu Sungai Selatan,290
-2.858785686495716,115.27518594274544,1,0.9200000166893005,2026-08-13,SNPP,South Kalimantan,Hulu Sungai Selatan,290
-2.86215813871669,115.1843550313505,1,0.5299999713897705,2026-08-13,SNPP,South Kalimantan,Tapin,291
-2.86215813871669,115.18773169577722,1,0.5299999713897705,2026-08-13,SNPP,South Kalimantan,Hulu Sungai Selatan,291
-2.865530590937664,115.1846941924013,1,0.5299999713897705,2026-08-13,SNPP,South Kalimantan,Tapin,291
-2.865530590937664,115.18807086677063,1,0.5299999713897705,2026-08-13,SNPP,South Kalimantan,Tapin,291
-2.8689030431586384,115.18503375451445,1,0.5299999713897705,2026-08-13,SNPP,South Kalimantan,Tapin,291
-2.8689030431586384,115.18841043883816,1,0.5299999713897705,2026-08-13,SNPP,South Kalimantan,Tapin,291
-2.919489826473251,115.2374510084272,1,0.8399999737739563,2026-08-13,SNPP,South Kalimantan,Tapin,292
-2.919489826473251,115.24082784347742,1,0.8399999737739563,2026-08-13,SNPP,South Kalimantan,Tapin,292
-2.922862278694225,115.23104343995497,1,1.690000057220459,2026-08-13,SNPP,South Kalimantan,Tapin,292
-2.922862278694225,115.23442028514769,1,1.690000057220459,2026-08-13,SNPP,South Kalimantan,Tapin,292
-2.922862278694225,115.23779713034043,1,4.96999979019165,2026-08-13,SNPP,South Kalimantan,Tapin,292
-2.922862278694225,115.24117397553316,1,4.96999979019165,2026-08-13,SNPP,South Kalimantan,Tapin,292
-2.926234730915199,115.23138994288796,1,1.690000057220459,2026-08-13,SNPP,South Kalimantan,Tapin,292
-2.926234730915199,115.23476679823493,1,1.690000057220459,2026-08-13,SNPP,South Kalimantan,Tapin,292
-2.926234730915199,115.23814365358191,1,4.96999979019165,2026-08-13,SNPP,South Kalimantan,Tapin,292
-2.926234730915199,115.24152050892894,1,4.96999979019165,2026-08-13,SNPP,South Kalimantan,Tapin,292
-2.926234730915199,115.2448973642759,1,1.3300000429153442,2026-08-13,SNPP,South Kalimantan,Tapin,292
-2.9296071831361736,115.23173684713169,1,1.690000057220459,2026-08-13,SNPP,South Kalimantan,Tapin,292
-2.9296071831361736,115.23511371264469,1,1.690000057220459,2026-08-13,SNPP,South Kalimantan,Tapin,292
-2.9296071831361736,115.23849057815771,1,4.96999979019165,2026-08-13,SNPP,South Kalimantan,Tapin,292
-2.9296071831361736,115.24186744367074,1,4.96999979019165,2026-08-13,SNPP,South Kalimantan,Tapin,292
-2.9296071831361736,115.24524430918373,1,1.3300000429153442,2026-08-13,SNPP,South Kalimantan,Tapin,292
-2.932979635357148,115.2320841526922,1,1.690000057220459,2026-08-13,SNPP,South Kalimantan,Tapin,292
-2.932979635357148,115.23546102838299,1,1.690000057220459,2026-08-13,SNPP,South Kalimantan,Tapin,292
-2.932979635357148,115.2388379040738,1,1.690000057220459,2026-08-13,SNPP,South Kalimantan,Tapin,292
-2.932979635357148,115.24221477976461,1,1.690000057220459,2026-08-13,SNPP,South Kalimantan,Tapin,292
-2.932979635357148,115.2455916554554,1,1.3300000429153442,2026-08-13,SNPP,South Kalimantan,Tapin,292
-2.9363520875781215,115.23580874545586,1,2.0799999237060547,2026-08-13,SNPP,South Kalimantan,Tapin,292
-2.9363520875781215,115.23918563133623,1,2.0799999237060547,2026-08-13,SNPP,South Kalimantan,Tapin,292
-2.9363520875781215,115.2425625172166,1,1.2799999713897705,2026-08-13,SNPP,South Kalimantan,Tapin,292
-2.9363520875781215,115.24593940309694,1,1.2799999713897705,2026-08-13,SNPP,South Kalimantan,Tapin,292
-2.939724539799096,115.23277996778774,1,2.380000114440918,2026-08-13,SNPP,South Kalimantan,Tapin,292
-2.939724539799096,115.23615686386938,1,2.200000047683716,2026-08-13,SNPP,South Kalimantan,Tapin,292
-2.939724539799096,115.23953375995107,1,2.200000047683716,2026-08-13,SNPP,South Kalimantan,Tapin,292
-2.939724539799096,115.24291065603272,1,2.200000047683716,2026-08-13,SNPP,South Kalimantan,Tapin,292
-2.939724539799096,115.24628755211438,1,1.2799999713897705,2026-08-13,SNPP,South Kalimantan,Tapin,292
-2.9430969920200702,115.22975157104011,1,2.380000114440918,2026-08-13,SNPP,South Kalimantan,Tapin,292
-2.9430969920200702,115.23312847733486,1,2.380000114440918,2026-08-13,SNPP,South Kalimantan,Tapin,292
-2.9430969920200702,115.23650538362958,1,2.200000047683716,2026-08-13,SNPP,South Kalimantan,Tapin,292
-2.9430969920200702,115.23988228992432,1,2.200000047683716,2026-08-13,SNPP,South Kalimantan,Tapin,292
-2.9430969920200702,115.24325919621907,1,2.200000047683716,2026-08-13,SNPP,South Kalimantan,Tapin,292
-2.9464694442410444,115.23010047170338,1,2.380000114440918,2026-08-13,SNPP,South Kalimantan,Tapin,292
-2.9464694442410444,115.23347738822295,1,2.380000114440918,2026-08-13,SNPP,South Kalimantan,Tapin,292
-2.9464694442410444,115.2368543047425,1,2.200000047683716,2026-08-13,SNPP,South Kalimantan,Tapin,292
-2.9464694442410444,115.24023122126208,1,2.200000047683716,2026-08-13,SNPP,South Kalimantan,Tapin,292
-2.9464694442410444,115.24360813778165,1,2.200000047683716,2026-08-13,SNPP,South Kalimantan,Tapin,292
-2.980193966450786,115.05125250438091,1,3.6500000953674316,2026-08-13,SNPP,South Kalimantan,Tapin,293
-2.980193966450786,115.05462952379573,1,3.6500000953674316,2026-08-13,SNPP,South Kalimantan,Tapin,293
-2.980193966450786,115.0580065432105,1,3.6500000953674316,2026-08-13,SNPP,South Kalimantan,Tapin,293
-2.98356641867176,115.04485120140141,1,6.210000038146973,2026-08-13,SNPP,South Kalimantan,Tapin,293
-2.98356641867176,115.04822823117041,1,6.210000038146973,2026-08-13,SNPP,South Kalimantan,Tapin,293
-2.98356641867176,115.05160526093943,1,6.210000038146973,2026-08-13,SNPP,South Kalimantan,Tapin,293
-2.98356641867176,115.05498229070845,1,3.6500000953674316,2026-08-13,SNPP,South Kalimantan,Tapin,293
-2.98356641867176,115.05835932047746,1,3.6500000953674316,2026-08-13,SNPP,South Kalimantan,Tapin,293
-2.9869388708927342,115.04520433799516,1,6.210000038146973,2026-08-13,SNPP,South Kalimantan,Tapin,293
-2.9869388708927342,115.04858137813015,1,6.210000038146973,2026-08-13,SNPP,South Kalimantan,Tapin,293
-2.9869388708927342,115.05195841826516,1,6.210000038146973,2026-08-13,SNPP,South Kalimantan,Tapin,293
-2.9869388708927342,115.05533545840017,1,3.6500000953674316,2026-08-13,SNPP,South Kalimantan,Tapin,293
-2.9869388708927342,115.05871249853514,1,3.6500000953674316,2026-08-13,SNPP,South Kalimantan,Tapin,293
-2.990311323113709,115.04555787533873,1,6.210000038146973,2026-08-13,SNPP,South Kalimantan,Tapin,293
-2.990311323113709,115.04893492585146,1,6.210000038146973,2026-08-13,SNPP,South Kalimantan,Tapin,293
-2.990311323113709,115.05231197636421,1,6.210000038146973,2026-08-13,SNPP,South Kalimantan,Tapin,293
-2.990311323113709,115.05568902687695,1,3.6500000953674316,2026-08-13,SNPP,South Kalimantan,Tapin,293
-2.990311323113709,115.05906607738967,1,3.6500000953674316,2026-08-13,SNPP,South Kalimantan,Tapin,293
-2.9936837753346826,115.04591181343827,1,6.210000038146973,2026-08-13,SNPP,South Kalimantan,Tapin,293
-2.9936837753346826,115.04928887434049,1,6.210000038146973,2026-08-13,SNPP,South Kalimantan,Tapin,293
-2.9936837753346826,115.05266593524276,1,6.210000038146973,2026-08-13,SNPP,South Kalimantan,Tapin,293
-2.9970562275556567,115.06652858012102,1,3.440000057220459,2026-08-13,SNPP,South Kalimantan,Tapin,293
-2.9970562275556567,115.06990565142456,1,3.440000057220459,2026-08-13,SNPP,South Kalimantan,Tapin,293
-2.9970562275556567,115.0732827227281,1,3.440000057220459,2026-08-13,SNPP,South Kalimantan,Tapin,293
-2.9970562275556567,115.20161143226193,1,2.440000057220459,2026-08-13,SNPP,South Kalimantan,Tapin,294
-2.9970562275556567,115.20498850356546,1,2.440000057220459,2026-08-13,SNPP,South Kalimantan,Tapin,294
-2.9970562275556567,115.20836557486895,1,2.440000057220459,2026-08-13,SNPP,South Kalimantan,Tapin,294
-3.0004286797766313,115.06688338222915,1,5.179999828338623,2026-08-13,SNPP,South Kalimantan,Tapin,293
-3.0004286797766313,115.07026046394573,1,5.179999828338623,2026-08-13,SNPP,South Kalimantan,Tapin,293
-3.0004286797766313,115.0736375456623,1,5.179999828338623,2026-08-13,SNPP,South Kalimantan,Tapin,293
-3.0004286797766313,115.20196665089153,1,2.440000057220459,2026-08-13,SNPP,South Kalimantan,Tapin,294
-3.0004286797766313,115.20534373260809,1,2.440000057220459,2026-08-13,SNPP,South Kalimantan,Tapin,294
-3.0004286797766313,115.20872081432465,1,2.440000057220459,2026-08-13,SNPP,South Kalimantan,Tapin,294
-3.0038011319976055,115.06723858518231,1,5.179999828338623,2026-08-13,SNPP,South Kalimantan,Tapin,293
-3.0038011319976055,115.07061567732369,1,7.690000057220459,2026-08-13,SNPP,South Kalimantan,Tapin,293
-3.0038011319976055,115.07399276946505,1,7.690000057220459,2026-08-13,SNPP,South Kalimantan,Tapin,293
-3.0038011319976055,115.0773698616064,1,7.690000057220459,2026-08-13,SNPP,South Kalimantan,Tapin,293
-3.0038011319976055,115.20232227083673,1,2.440000057220459,2026-08-13,SNPP,South Kalimantan,Tapin,294
-3.0038011319976055,115.20569936297811,1,2.440000057220459,2026-08-13,SNPP,South Kalimantan,Tapin,294
-3.0038011319976055,115.20907645511946,1,2.440000057220459,2026-08-13,SNPP,South Kalimantan,Tapin,294
-3.0071735842185796,115.06759418898667,1,5.179999828338623,2026-08-13,SNPP,South Kalimantan,Tapin,293
-3.0071735842185796,115.07097129156459,1,7.690000057220459,2026-08-13,SNPP,South Kalimantan,Tapin,293
-3.0071735842185796,115.07434839414253,1,7.690000057220459,2026-08-13,SNPP,South Kalimantan,Tapin,293
-3.0071735842185796,115.07772549672043,1,7.690000057220459,2026-08-13,SNPP,South Kalimantan,Tapin,293
-3.0105460364395533,115.07132730667465,1,7.690000057220459,2026-08-13,SNPP,South Kalimantan,Tapin,293
-3.0105460364395533,115.07470441970092,1,7.690000057220459,2026-08-13,SNPP,South Kalimantan,Tapin,293
-3.0105460364395533,115.07808153272717,1,7.690000057220459,2026-08-13,SNPP,South Kalimantan,Tapin,293
-3.0105460364395533,115.31785655759144,1,1.1699999570846558,2026-08-13,SNPP,South Kalimantan,Banjar,295
-3.0105460364395533,115.32123367061769,1,1.1699999570846558,2026-08-13,SNPP,South Kalimantan,Banjar,295
-3.0105460364395533,115.32461078364393,1,1.1699999570846558,2026-08-13,SNPP,South Kalimantan,Banjar,295
-3.013918488660528,115.31821373716376,1,1.1699999570846558,2026-08-13,SNPP,South Kalimantan,Banjar,295
-3.013918488660528,115.3215908606501,1,1.1699999570846558,2026-08-13,SNPP,South Kalimantan,Banjar,295
-3.013918488660528,115.32496798413646,1,1.1699999570846558,2026-08-13,SNPP,South Kalimantan,Banjar,295
-3.0240358453234504,115.15718424936085,1,1.3200000524520874,2026-08-13,SNPP,South Kalimantan,Tapin,296
-3.0240358453234504,115.16056140429808,1,1.8600000143051147,2026-08-13,SNPP,South Kalimantan,Tapin,296
-3.0240358453234504,115.16393855923532,1,1.8600000143051147,2026-08-13,SNPP,South Kalimantan,Tapin,296
-3.0240358453234504,115.16731571417255,1,1.8600000143051147,2026-08-13,SNPP,South Kalimantan,Tapin,296
-3.0274082975444245,115.15754253158848,1,1.3600000143051147,2026-08-13,SNPP,South Kalimantan,Tapin,296
-3.0274082975444245,115.16091969703284,1,1.8600000143051147,2026-08-13,SNPP,South Kalimantan,Tapin,296
-3.0274082975444245,115.16429686247724,1,1.8600000143051147,2026-08-13,SNPP,South Kalimantan,Tapin,296
-3.0274082975444245,115.16767402792166,1,1.8600000143051147,2026-08-13,SNPP,South Kalimantan,Tapin,296
-3.0307807497653987,115.09711204767704,1,3.4700000286102295,2026-08-13,SNPP,South Kalimantan,Tapin,297
-3.0307807497653987,115.10048922364037,1,3.4700000286102295,2026-08-13,SNPP,South Kalimantan,Tapin,297
-3.0307807497653987,115.1545240390533,1,6.119999885559082,2026-08-13,SNPP,South Kalimantan,Tapin,296
-3.0307807497653987,115.15790121501662,1,6.119999885559082,2026-08-13,SNPP,South Kalimantan,Tapin,296
-3.0307807497653987,115.16127839097992,1,1.8600000143051147,2026-08-13,SNPP,South Kalimantan,Tapin,296
-3.0307807497653987,115.16465556694324,1,1.8600000143051147,2026-08-13,SNPP,South Kalimantan,Tapin,296
-3.0307807497653987,115.16803274290655,1,1.8600000143051147,2026-08-13,SNPP,South Kalimantan,Tapin,296
-3.034153201986373,115.09747094275953,1,3.4700000286102295,2026-08-13,SNPP,South Kalimantan,Tapin,297
-3.034153201986373,115.10084812925354,1,3.4700000286102295,2026-08-13,SNPP,South Kalimantan,Tapin,297
-3.034153201986373,115.15150592666352,1,1.4600000381469727,2026-08-13,SNPP,South Kalimantan,Tapin,296
-3.034153201986373,115.1548831131575,1,6.119999885559082,2026-08-13,SNPP,South Kalimantan,Tapin,296
-3.034153201986373,115.1582602996515,1,6.119999885559082,2026-08-13,SNPP,South Kalimantan,Tapin,296
-3.034153201986373,115.1616374861455,1,1.3600000143051147,2026-08-13,SNPP,South Kalimantan,Tapin,296
-3.034153201986373,115.1650146726395,1,1.3600000143051147,2026-08-13,SNPP,South Kalimantan,Tapin,296
-3.037525654207347,115.15186539142647,1,1.4600000381469727,2026-08-13,SNPP,South Kalimantan,Tapin,296
-3.037525654207347,115.15524258846293,1,6.119999885559082,2026-08-13,SNPP,South Kalimantan,Tapin,296
-3.037525654207347,115.15861978549937,1,6.119999885559082,2026-08-13,SNPP,South Kalimantan,Tapin,296
-3.040898106428321,115.15222525738515,1,1.4600000381469727,2026-08-13,SNPP,South Kalimantan,Tapin,296
-3.040898106428321,115.1556024649758,1,1.4600000381469727,2026-08-13,SNPP,South Kalimantan,Tapin,296
-3.040898106428321,115.1589796725665,1,1.4600000381469727,2026-08-13,SNPP,South Kalimantan,Tapin,296
-3.0779950808590373,115.12243701900373,1,2.140000104904175,2026-08-13,SNPP,South Kalimantan,Tapin,298
-3.0779950808590373,115.12581434346744,1,2.140000104904175,2026-08-13,SNPP,South Kalimantan,Tapin,298
-3.0779950808590373,115.12919166793121,1,2.140000104904175,2026-08-13,SNPP,South Kalimantan,Tapin,298
-3.081367533080011,115.11942425768727,1,4.550000190734863,2026-08-13,SNPP,South Kalimantan,Tapin,298
-3.081367533080011,115.12280159284646,1,4.550000190734863,2026-08-13,SNPP,South Kalimantan,Tapin,298
-3.081367533080011,115.12617892800561,1,2.1500000953674316,2026-08-13,SNPP,South Kalimantan,Tapin,298
-3.081367533080011,115.12955626316479,1,2.1500000953674316,2026-08-13,SNPP,South Kalimantan,Tapin,298
-3.0847399853009856,115.11303453024995,1,7.389999866485596,2026-08-13,SNPP,South Kalimantan,Tapin,298
-3.0847399853009856,115.11641187611633,1,7.389999866485596,2026-08-13,SNPP,South Kalimantan,Tapin,298
-3.0847399853009856,115.11978922198266,1,7.389999866485596,2026-08-13,SNPP,South Kalimantan,Tapin,298
-3.0847399853009856,115.12316656784904,1,7.389999866485596,2026-08-13,SNPP,South Kalimantan,Tapin,298
-3.0847399853009856,115.12654391371541,1,2.1500000953674316,2026-08-13,SNPP,South Kalimantan,Tapin,298
-3.0847399853009856,115.12992125958179,1,2.1500000953674316,2026-08-13,SNPP,South Kalimantan,Tapin,298
-3.0881124375219597,115.11339987426186,1,7.389999866485596,2026-08-13,SNPP,South Kalimantan,Tapin,298
-3.0881124375219597,115.11677723084719,1,7.389999866485596,2026-08-13,SNPP,South Kalimantan,Tapin,298
-3.0881124375219597,115.12015458743254,1,7.389999866485596,2026-08-13,SNPP,South Kalimantan,Tapin,298
-3.0881124375219597,115.12353194401787,1,7.389999866485596,2026-08-13,SNPP,South Kalimantan,Tapin,298
-3.0881124375219597,115.12690930060322,1,2.1500000953674316,2026-08-13,SNPP,South Kalimantan,Tapin,298
-3.091484889742934,115.11038825209496,1,2.0999999046325684,2026-08-13,SNPP,South Kalimantan,Tapin,298
-3.091484889742934,115.11376561941105,1,7.389999866485596,2026-08-13,SNPP,South Kalimantan,Tapin,298
-3.091484889742934,115.11714298672713,1,7.389999866485596,2026-08-13,SNPP,South Kalimantan,Tapin,298
-3.091484889742934,115.1205203540432,1,7.389999866485596,2026-08-13,SNPP,South Kalimantan,Tapin,298
-3.091484889742934,115.1238977213593,1,7.389999866485596,2026-08-13,SNPP,South Kalimantan,Tapin,298
-3.094857341963908,115.1073770095867,1,2.0999999046325684,2026-08-13,SNPP,South Kalimantan,Tapin,298
-3.094857341963908,115.11075438764526,1,2.0999999046325684,2026-08-13,SNPP,South Kalimantan,Tapin,298
-3.094857341963908,115.11413176570387,1,7.389999866485596,2026-08-13,SNPP,South Kalimantan,Tapin,298
-3.094857341963908,115.11750914376246,1,7.389999866485596,2026-08-13,SNPP,South Kalimantan,Tapin,298
-3.094857341963908,115.12088652182105,1,7.389999866485596,2026-08-13,SNPP,South Kalimantan,Tapin,298
-3.094857341963908,115.12426389987962,1,7.389999866485596,2026-08-13,SNPP,South Kalimantan,Tapin,298
-3.098229794184882,115.10774353552095,1,2.0999999046325684,2026-08-13,SNPP,South Kalimantan,Tapin,298
-3.098229794184882,115.1111209243338,1,2.0999999046325684,2026-08-13,SNPP,South Kalimantan,Tapin,298
-3.098229794184882,115.11449831314667,1,2.0999999046325684,2026-08-13,SNPP,South Kalimantan,Tapin,298
-3.1016022464058564,115.10811046258804,1,2.0999999046325684,2026-08-13,SNPP,South Kalimantan,Tapin,298
-3.1016022464058564,115.11148786216692,1,2.0999999046325684,2026-08-13,SNPP,South Kalimantan,Tapin,298
-3.1016022464058564,115.11486526174585,1,2.0999999046325684,2026-08-13,SNPP,South Kalimantan,Tapin,298
-3.4455923729452222,113.71513610743767,1,12.09000015258789,2026-08-13,SNPP,Central Kalimantan,Pulang Pisau,299
-3.4455923729452222,113.71851466701455,1,12.09000015258789,2026-08-13,SNPP,Central Kalimantan,Pulang Pisau,299
-3.4455923729452222,113.72189322659142,1,12.09000015258789,2026-08-13,SNPP,Central Kalimantan,Pulang Pisau,299
-3.4489648251661964,113.7155393073788,1,12.09000015258789,2026-08-13,SNPP,Central Kalimantan,Pulang Pisau,299
-3.4489648251661964,113.71891787893504,1,12.09000015258789,2026-08-13,SNPP,Central Kalimantan,Pulang Pisau,299
-3.4489648251661964,113.72229645049129,1,12.09000015258789,2026-08-13,SNPP,Central Kalimantan,Pulang Pisau,299
-3.452337277387171,113.71594290415473,1,12.09000015258789,2026-08-13,SNPP,Central Kalimantan,Pulang Pisau,299
-3.452337277387171,113.71932148770212,1,12.09000015258789,2026-08-13,SNPP,Central Kalimantan,Pulang Pisau,299
-3.452337277387171,113.72270007124952,1,12.09000015258789,2026-08-13,SNPP,Central Kalimantan,Pulang Pisau,299
-3.452337277387171,113.7260786547969,1,1.0,2026-08-13,SNPP,Central Kalimantan,Pulang Pisau,299
-3.4557097296081447,113.71972549332278,1,1.0,2026-08-13,SNPP,Central Kalimantan,Pulang Pisau,299
-3.4557097296081447,113.72310408887313,1,1.0,2026-08-13,SNPP,Central Kalimantan,Pulang Pisau,299
-3.4557097296081447,113.72648268442346,1,1.0,2026-08-13,SNPP,Central Kalimantan,Pulang Pisau,299
-3.637822149540751,114.73563412171177,1,0.20000000298023224,2026-08-13,SNPP,South Kalimantan,Tanah Laut,300
-3.637822149540751,114.73901338293581,1,0.20000000298023224,2026-08-13,SNPP,South Kalimantan,Tanah Laut,300
-3.637822149540751,114.74239264415988,1,0.20000000298023224,2026-08-13,SNPP,South Kalimantan,Tanah Laut,300
-3.641194601761725,114.7360636849122,1,0.20000000298023224,2026-08-13,SNPP,South Kalimantan,Tanah Laut,300
-3.641194601761725,114.73944295878798,1,6.110000133514404,2026-08-13,SNPP,South Kalimantan,Tanah Laut,300
-3.641194601761725,114.74282223266378,1,6.110000133514404,2026-08-13,SNPP,South Kalimantan,Tanah Laut,300
-3.641194601761725,114.74620150653956,1,6.110000133514404,2026-08-13,SNPP,South Kalimantan,Tanah Laut,300
-3.641194601761725,114.74958078041536,1,6.110000133514404,2026-08-13,SNPP,South Kalimantan,Tanah Laut,300
-3.6445670539826986,114.73987293537982,1,6.110000133514404,2026-08-13,SNPP,South Kalimantan,Tanah Laut,300
-3.6445670539826986,114.74325222191918,1,6.110000133514404,2026-08-13,SNPP,South Kalimantan,Tanah Laut,300
-3.6445670539826986,114.74663150845853,1,6.110000133514404,2026-08-13,SNPP,South Kalimantan,Tanah Laut,300
-3.6445670539826986,114.75001079499789,1,6.110000133514404,2026-08-13,SNPP,South Kalimantan,Tanah Laut,300
-3.647939506203673,114.74030331271886,1,6.110000133514404,2026-08-13,SNPP,South Kalimantan,Tanah Laut,300
-3.647939506203673,114.74368261193358,1,6.110000133514404,2026-08-13,SNPP,South Kalimantan,Tanah Laut,300
-3.647939506203673,114.74706191114828,1,6.110000133514404,2026-08-13,SNPP,South Kalimantan,Tanah Laut,300
-3.647939506203673,114.75044121036295,1,6.110000133514404,2026-08-13,SNPP,South Kalimantan,Tanah Laut,300
-3.786210047263614,114.72111580050333,1,2.759999990463257,2026-08-13,SNPP,South Kalimantan,Tanah Laut,301
-3.786210047263614,114.72449562957233,1,2.759999990463257,2026-08-13,SNPP,South Kalimantan,Tanah Laut,301
-3.786210047263614,114.72787545864136,1,2.759999990463257,2026-08-13,SNPP,South Kalimantan,Tanah Laut,301
-3.789582499484588,114.72156287119176,1,2.759999990463257,2026-08-13,SNPP,South Kalimantan,Tanah Laut,301
-3.789582499484588,114.72494271343204,1,2.759999990463257,2026-08-13,SNPP,South Kalimantan,Tanah Laut,301
-3.789582499484588,114.72832255567236,1,2.759999990463257,2026-08-13,SNPP,South Kalimantan,Tanah Laut,301
-3.7929549517055623,114.72201034282595,1,2.759999990463257,2026-08-13,SNPP,South Kalimantan,Tanah Laut,301
-3.7929549517055623,114.72539019824931,1,2.759999990463257,2026-08-13,SNPP,South Kalimantan,Tanah Laut,301
-3.7929549517055623,114.7287700536727,1,2.759999990463257,2026-08-13,SNPP,South Kalimantan,Tanah Laut,301
-4.093103199372265,114.66200978986409,1,1.409999966621399,2026-08-13,SNPP,South Kalimantan,Tanah Laut,302
-4.093103199372265,114.66539086591857,1,1.409999966621399,2026-08-13,SNPP,South Kalimantan,Tanah Laut,302
-4.096475651593238,114.66249295196805,1,1.409999966621399,2026-08-13,SNPP,South Kalimantan,Tanah Laut,302
-4.096475651593238,114.66587404226966,1,1.409999966621399,2026-08-13,SNPP,South Kalimantan,Tanah Laut,302
-4.099848103814212,114.66297651540074,1,1.409999966621399,2026-08-13,SNPP,South Kalimantan,Tanah Laut,302
-4.099848103814212,114.66635761996136,1,1.409999966621399,2026-08-13,SNPP,South Kalimantan,Tanah Laut,302
-4.126827721582005,114.6398097192414,1,1.4700000286102295,2026-08-13,SNPP,South Kalimantan,Tanah Laut,303
-4.126827721582005,114.64319093830001,1,1.4700000286102295,2026-08-13,SNPP,South Kalimantan,Tanah Laut,303
-4.126827721582005,114.64657215735863,1,1.4700000286102295,2026-08-13,SNPP,South Kalimantan,Tanah Laut,303
-4.130200173802979,114.64029678008889,1,1.4700000286102295,2026-08-13,SNPP,South Kalimantan,Tanah Laut,303
-4.130200173802979,114.64367801351301,1,1.4700000286102295,2026-08-13,SNPP,South Kalimantan,Tanah Laut,303
-4.130200173802979,114.64705924693713,1,1.4700000286102295,2026-08-13,SNPP,South Kalimantan,Tanah Laut,303
-4.133572626023954,114.64078424225508,1,1.4700000286102295,2026-08-13,SNPP,South Kalimantan,Tanah Laut,303
-4.133572626023954,114.64416549005654,1,1.4700000286102295,2026-08-13,SNPP,South Kalimantan,Tanah Laut,303
-4.133572626023954,114.64754673785801,1,1.4700000286102295,2026-08-13,SNPP,South Kalimantan,Tanah Laut,303
-4.153807339349799,114.66400544930505,1,5.900000095367432,2026-08-13,SNPP,South Kalimantan,Tanah Laut,304
-4.153807339349799,114.6673867836192,1,5.900000095367432,2026-08-13,SNPP,South Kalimantan,Tanah Laut,304
-4.153807339349799,114.67076811793333,1,5.900000095367432,2026-08-13,SNPP,South Kalimantan,Tanah Laut,304
-4.157179791570773,114.66449580770143,1,5.900000095367432,2026-08-13,SNPP,South Kalimantan,Tanah Laut,304
-4.157179791570773,114.66787715647578,1,5.900000095367432,2026-08-13,SNPP,South Kalimantan,Tanah Laut,304
-4.157179791570773,114.67125850525012,1,5.900000095367432,2026-08-13,SNPP,South Kalimantan,Tanah Laut,304
-4.160552243791748,114.66498656755564,1,5.900000095367432,2026-08-13,SNPP,South Kalimantan,Tanah Laut,304
-4.160552243791748,114.66836793080205,1,5.900000095367432,2026-08-13,SNPP,South Kalimantan,Tanah Laut,304
-4.160552243791748,114.67174929404845,1,5.900000095367432,2026-08-13,SNPP,South Kalimantan,Tanah Laut,304
-4.163924696012722,114.66547772887628,1,4.760000228881836,2026-08-13,SNPP,South Kalimantan,Tanah Laut,304
-4.163924696012722,114.66885910660658,1,4.760000228881836,2026-08-13,SNPP,South Kalimantan,Tanah Laut,304
-4.163924696012722,114.67224048433687,1,4.760000228881836,2026-08-13,SNPP,South Kalimantan,Tanah Laut,304
-4.167297148233696,114.66596929167193,1,4.760000228881836,2026-08-13,SNPP,South Kalimantan,Tanah Laut,304
-4.167297148233696,114.66935068389795,1,4.760000228881836,2026-08-13,SNPP,South Kalimantan,Tanah Laut,304
-4.167297148233696,114.67273207612396,1,4.760000228881836,2026-08-13,SNPP,South Kalimantan,Tanah Laut,304
-3.5332761306905507,115.8341662161462,1,3.559999942779541,2026-08-13,SNPP,South Kalimantan,Tanah Bumbu,305
-3.5332761306905507,115.83754509101891,1,3.559999942779541,2026-08-13,SNPP,South Kalimantan,Tanah Bumbu,305
-3.5332761306905507,115.84092396589163,1,3.4700000286102295,2026-08-13,SNPP,South Kalimantan,Tanah Bumbu,305
-3.5366485829115253,115.83458740254295,1,3.559999942779541,2026-08-13,SNPP,South Kalimantan,Tanah Bumbu,305
-3.5366485829115253,115.83796628970163,1,3.559999942779541,2026-08-13,SNPP,South Kalimantan,Tanah Bumbu,305
-3.5366485829115253,115.84134517686033,1,3.4700000286102295,2026-08-13,SNPP,South Kalimantan,Tanah Bumbu,305
-3.5400210351324994,115.83500899331987,1,3.559999942779541,2026-08-13,SNPP,South Kalimantan,Tanah Bumbu,305
-3.5400210351324994,115.83838789277634,1,3.559999942779541,2026-08-13,SNPP,South Kalimantan,Tanah Bumbu,305
-3.5400210351324994,115.84176679223282,1,3.4700000286102295,2026-08-13,SNPP,South Kalimantan,Tanah Bumbu,305
-3.543393487353473,115.83543098848428,1,3.4700000286102295,2026-08-13,SNPP,South Kalimantan,Tanah Bumbu,305
-3.543393487353473,115.83880990025033,1,3.4700000286102295,2026-08-13,SNPP,South Kalimantan,Tanah Bumbu,305
-3.543393487353473,115.84218881201637,1,3.4700000286102295,2026-08-13,SNPP,South Kalimantan,Tanah Bumbu,305
-3.840169282799201,115.25898352201048,1,1.1299999952316284,2026-08-13,SNPP,South Kalimantan,Tanah Laut,306
-3.840169282799201,115.26236356323739,1,1.1299999952316284,2026-08-13,SNPP,South Kalimantan,Tanah Laut,306
-3.840169282799201,115.26574360446433,1,1.1299999952316284,2026-08-13,SNPP,South Kalimantan,Tanah Laut,306
-3.843541735020175,115.25943910633589,1,1.1299999952316284,2026-08-13,SNPP,South Kalimantan,Tanah Laut,306
-3.843541735020175,115.26281916092313,1,1.1299999952316284,2026-08-13,SNPP,South Kalimantan,Tanah Laut,306
-3.843541735020175,115.26619921551033,1,1.1299999952316284,2026-08-13,SNPP,South Kalimantan,Tanah Laut,306
-3.8469141872411488,115.25989509358772,1,1.1299999952316284,2026-08-13,SNPP,South Kalimantan,Tanah Laut,306
-3.8469141872411488,115.26327516154704,1,1.1299999952316284,2026-08-13,SNPP,South Kalimantan,Tanah Laut,306
-3.8469141872411488,115.26665522950637,1,1.1299999952316284,2026-08-13,SNPP,South Kalimantan,Tanah Laut,306
-3.452337277387171,116.37488815594705,1,0.7300000190734863,2026-08-13,SNPP,South Kalimantan,Kota Baru,307
-3.452337277387171,116.3782667394944,1,0.7300000190734863,2026-08-13,SNPP,South Kalimantan,Kota Baru,307
-3.452337277387171,116.38164532304182,1,0.7300000190734863,2026-08-13,SNPP,South Kalimantan,Kota Baru,307
-3.4557097296081447,116.37530159588235,1,0.7300000190734863,2026-08-13,SNPP,South Kalimantan,Kota Baru,307
-3.4557097296081447,116.37868019143268,1,0.7300000190734863,2026-08-13,SNPP,South Kalimantan,Kota Baru,307
-3.4557097296081447,116.38205878698302,1,0.7300000190734863,2026-08-13,SNPP,South Kalimantan,Kota Baru,307
-3.459082181829119,116.37571544194577,1,0.7300000190734863,2026-08-13,SNPP,South Kalimantan,Kota Baru,307
-3.459082181829119,116.37909404951083,1,0.7300000190734863,2026-08-13,SNPP,South Kalimantan,Kota Baru,307
-3.459082181829119,116.3824726570759,1,0.7300000190734863,2026-08-13,SNPP,South Kalimantan,Kota Baru,307
-3.74236816839095,116.13817676829527,1,1.0800000429153442,2026-08-13,SNPP,South Kalimantan,Kota Baru,308
-3.74236816839095,116.14155642721263,1,1.0800000429153442,2026-08-13,SNPP,South Kalimantan,Kota Baru,308
-3.74236816839095,116.14493608613,1,1.0800000429153442,2026-08-13,SNPP,South Kalimantan,Kota Baru,308
-3.74236816839095,116.16183438071685,1,32.36000061035156,2026-08-13,SNPP,South Kalimantan,Kota Baru,308
-3.74236816839095,116.1652140396342,1,32.36000061035156,2026-08-13,SNPP,South Kalimantan,Kota Baru,308
-3.74236816839095,116.16859369855158,1,32.36000061035156,2026-08-13,SNPP,South Kalimantan,Kota Baru,308
-3.7457406206119237,116.13524443592311,1,1.0800000429153442,2026-08-13,SNPP,South Kalimantan,Kota Baru,308
-3.7457406206119237,116.13862410785819,1,1.0800000429153442,2026-08-13,SNPP,South Kalimantan,Kota Baru,308
-3.7457406206119237,116.14200377979328,1,1.0800000429153442,2026-08-13,SNPP,South Kalimantan,Kota Baru,308
-3.7457406206119237,116.14538345172839,1,1.0800000429153442,2026-08-13,SNPP,South Kalimantan,Kota Baru,308
-3.7457406206119237,116.16228181140386,1,32.36000061035156,2026-08-13,SNPP,South Kalimantan,Kota Baru,308
-3.7457406206119237,116.16566148333894,1,32.36000061035156,2026-08-13,SNPP,South Kalimantan,Kota Baru,308
-3.7457406206119237,116.16904115527404,1,32.36000061035156,2026-08-13,SNPP,South Kalimantan,Kota Baru,308
-3.749113072832898,116.13569216827334,1,1.0800000429153442,2026-08-13,SNPP,South Kalimantan,Kota Baru,308
-3.749113072832898,116.13907185323795,1,1.0800000429153442,2026-08-13,SNPP,South Kalimantan,Kota Baru,308
-3.749113072832898,116.1424515382026,1,1.0800000429153442,2026-08-13,SNPP,South Kalimantan,Kota Baru,308
-3.749113072832898,116.14583122316724,1,1.0800000429153442,2026-08-13,SNPP,South Kalimantan,Kota Baru,308
-3.749113072832898,116.15934996302578,1,4.320000171661377,2026-08-13,SNPP,South Kalimantan,Kota Baru,308
-3.749113072832898,116.16272964799042,1,32.36000061035156,2026-08-13,SNPP,South Kalimantan,Kota Baru,308
-3.749113072832898,116.16610933295503,1,32.36000061035156,2026-08-13,SNPP,South Kalimantan,Kota Baru,308
-3.749113072832898,116.16948901791967,1,32.36000061035156,2026-08-13,SNPP,South Kalimantan,Kota Baru,308
-3.752485525053872,116.13952000444239,1,1.0800000429153442,2026-08-13,SNPP,South Kalimantan,Kota Baru,308
-3.752485525053872,116.14289970244839,1,1.0800000429153442,2026-08-13,SNPP,South Kalimantan,Kota Baru,308
-3.752485525053872,116.14627940045438,1,1.0800000429153442,2026-08-13,SNPP,South Kalimantan,Kota Baru,308
-3.752485525053872,116.15979819247828,1,4.320000171661377,2026-08-13,SNPP,South Kalimantan,Kota Baru,308
-3.752485525053872,116.16317789048426,1,32.36000061035156,2026-08-13,SNPP,South Kalimantan,Kota Baru,308
-3.752485525053872,116.16655758849022,1,32.36000061035156,2026-08-13,SNPP,South Kalimantan,Kota Baru,308
-3.755857977274847,116.13996856147925,1,1.0800000429153442,2026-08-13,SNPP,South Kalimantan,Kota Baru,308
-3.755857977274847,116.1433482725384,1,1.0800000429153442,2026-08-13,SNPP,South Kalimantan,Kota Baru,308
-3.755857977274847,116.14672798359754,1,1.0800000429153442,2026-08-13,SNPP,South Kalimantan,Kota Baru,308
-3.755857977274847,116.16024682783407,1,4.320000171661377,2026-08-13,SNPP,South Kalimantan,Kota Baru,308
-3.755857977274847,116.16362653889323,1,32.36000061035156,2026-08-13,SNPP,South Kalimantan,Kota Baru,308
-3.755857977274847,116.16700624995234,1,32.36000061035156,2026-08-13,SNPP,South Kalimantan,Kota Baru,308
3.8220421632541264,115.72635741057687,1,7.800000190734863,2026-08-14,SNPP,North Kalimantan,Nunukan,309
3.8220421632541264,115.72973738019387,1,7.800000190734863,2026-08-14,SNPP,North Kalimantan,Nunukan,309
3.8220421632541264,115.7331173498109,1,7.800000190734863,2026-08-14,SNPP,North Kalimantan,Nunukan,309
3.8186697110331522,115.72590254813261,1,7.800000190734863,2026-08-14,SNPP,North Kalimantan,Nunukan,309
3.8186697110331522,115.72928250446466,1,7.800000190734863,2026-08-14,SNPP,North Kalimantan,Nunukan,309
3.8186697110331522,115.73266246079672,1,7.800000190734863,2026-08-14,SNPP,North Kalimantan,Nunukan,309
3.815297258812177,115.72544809019861,1,7.800000190734863,2026-08-14,SNPP,North Kalimantan,Nunukan,309
3.815297258812177,115.72882803325751,1,7.800000190734863,2026-08-14,SNPP,North Kalimantan,Nunukan,309
3.815297258812177,115.73220797631643,1,7.800000190734863,2026-08-14,SNPP,North Kalimantan,Nunukan,309
3.8119248065912035,115.72499403676693,1,7.800000190734863,2026-08-14,SNPP,North Kalimantan,Nunukan,309
3.8119248065912035,115.72837396656446,1,7.800000190734863,2026-08-14,SNPP,North Kalimantan,Nunukan,309
3.8119248065912035,115.73175389636205,1,7.800000190734863,2026-08-14,SNPP,North Kalimantan,Nunukan,309
3.5455010811342436,116.65001450818215,1,6.429999828338623,2026-08-14,SNPP,North Kalimantan,Malinau,310
3.5455010811342436,116.65339342764695,1,6.429999828338623,2026-08-14,SNPP,North Kalimantan,Malinau,310
3.5455010811342436,116.6567723471118,1,6.429999828338623,2026-08-14,SNPP,North Kalimantan,Malinau,310
3.5455010811342436,116.68042478336552,1,4.130000114440918,2026-08-14,SNPP,North Kalimantan,Malinau,311
3.5455010811342436,116.68380370283035,1,4.130000114440918,2026-08-14,SNPP,North Kalimantan,Malinau,311
3.5455010811342436,116.68718262229514,1,5.739999771118164,2026-08-14,SNPP,North Kalimantan,Malinau,311
3.5455010811342436,116.69056154175996,1,5.739999771118164,2026-08-14,SNPP,North Kalimantan,Malinau,311
3.5455010811342436,116.69394046122478,1,5.739999771118164,2026-08-14,SNPP,North Kalimantan,Malinau,311
3.5421286289132694,116.64958929191131,1,6.429999828338623,2026-08-14,SNPP,North Kalimantan,Malinau,310
3.5421286289132694,116.65296819905916,1,6.429999828338623,2026-08-14,SNPP,North Kalimantan,Malinau,310
3.5421286289132694,116.65634710620705,1,6.429999828338623,2026-08-14,SNPP,North Kalimantan,Malinau,310
3.5421286289132694,116.67999945624216,1,4.130000114440918,2026-08-14,SNPP,North Kalimantan,Malinau,311
3.5421286289132694,116.68337836339006,1,4.130000114440918,2026-08-14,SNPP,North Kalimantan,Malinau,311
3.5421286289132694,116.68675727053792,1,5.739999771118164,2026-08-14,SNPP,North Kalimantan,Malinau,311
3.5421286289132694,116.6901361776858,1,5.739999771118164,2026-08-14,SNPP,North Kalimantan,Malinau,311
3.5421286289132694,116.69351508483366,1,5.739999771118164,2026-08-14,SNPP,North Kalimantan,Malinau,311
3.5387561766922953,116.64916448287539,1,6.429999828338623,2026-08-14,SNPP,North Kalimantan,Malinau,310
3.5387561766922953,116.65254337771812,1,6.429999828338623,2026-08-14,SNPP,North Kalimantan,Malinau,310
3.5387561766922953,116.65592227256087,1,6.429999828338623,2026-08-14,SNPP,North Kalimantan,Malinau,310
3.535383724471321,116.64874008106705,1,6.429999828338623,2026-08-14,SNPP,North Kalimantan,Malinau,310
3.535383724471321,116.65211896361642,1,6.429999828338623,2026-08-14,SNPP,North Kalimantan,Malinau,310
3.535383724471321,116.65549784616579,1,6.429999828338623,2026-08-14,SNPP,North Kalimantan,Malinau,310
3.4611897756098893,116.60234148910705,1,3.880000114440918,2026-08-14,SNPP,North Kalimantan,Malinau,8
3.4611897756098893,116.60572010418664,1,3.880000114440918,2026-08-14,SNPP,North Kalimantan,Malinau,8
3.4611897756098893,116.60909871926623,1,3.880000114440918,2026-08-14,SNPP,North Kalimantan,Malinau,8
3.457817323388915,116.60192658375169,1,3.880000114440918,2026-08-14,SNPP,North Kalimantan,Malinau,8
3.457817323388915,116.60530518680918,1,3.880000114440918,2026-08-14,SNPP,North Kalimantan,Malinau,8
3.457817323388915,116.60868378986666,1,3.880000114440918,2026-08-14,SNPP,North Kalimantan,Malinau,8
3.454444871167941,116.60151208531892,1,3.880000114440918,2026-08-14,SNPP,North Kalimantan,Malinau,8
3.454444871167941,116.6048906763661,1,3.880000114440918,2026-08-14,SNPP,North Kalimantan,Malinau,8
3.454444871167941,116.60826926741325,1,3.880000114440918,2026-08-14,SNPP,North Kalimantan,Malinau,8
3.430837705621122,116.59862198951672,1,7.800000190734863,2026-08-14,SNPP,North Kalimantan,Malinau,8
3.430837705621122,116.60200049682182,1,11.460000038146973,2026-08-14,SNPP,North Kalimantan,Malinau,8
3.430837705621122,116.6053790041269,1,11.460000038146973,2026-08-14,SNPP,North Kalimantan,Malinau,8
3.430837705621122,116.60875751143205,1,11.460000038146973,2026-08-14,SNPP,North Kalimantan,Malinau,8
3.430837705621122,116.61213601873713,1,11.460000038146973,2026-08-14,SNPP,North Kalimantan,Malinau,8
3.430837705621122,116.61551452604223,1,10.029999732971191,2026-08-14,SNPP,North Kalimantan,Malinau,8
3.4274652534001473,116.59821074620552,1,7.800000190734863,2026-08-14,SNPP,North Kalimantan,Malinau,8
3.4274652534001473,116.60158924159465,1,11.460000038146973,2026-08-14,SNPP,North Kalimantan,Malinau,8
3.4274652534001473,116.60496773698375,1,11.460000038146973,2026-08-14,SNPP,North Kalimantan,Malinau,8
3.4274652534001473,116.60834623237288,1,11.460000038146973,2026-08-14,SNPP,North Kalimantan,Malinau,8
3.4274652534001473,116.61172472776198,1,11.460000038146973,2026-08-14,SNPP,North Kalimantan,Malinau,8
3.4274652534001473,116.61510322315107,1,10.029999732971191,2026-08-14,SNPP,North Kalimantan,Malinau,8
3.424092801179173,116.59779990975227,1,7.800000190734863,2026-08-14,SNPP,North Kalimantan,Malinau,8
3.424092801179173,116.60117839323719,1,11.460000038146973,2026-08-14,SNPP,North Kalimantan,Malinau,8
3.424092801179173,116.60455687672209,1,11.460000038146973,2026-08-14,SNPP,North Kalimantan,Malinau,8
3.424092801179173,116.60793536020701,1,11.460000038146973,2026-08-14,SNPP,North Kalimantan,Malinau,8
3.424092801179173,116.61131384369187,1,11.460000038146973,2026-08-14,SNPP,North Kalimantan,Malinau,8
3.424092801179173,116.6146923271768,1,10.029999732971191,2026-08-14,SNPP,North Kalimantan,Malinau,8
3.4207203489581994,116.5973894801498,1,7.800000190734863,2026-08-14,SNPP,North Kalimantan,Malinau,8
3.4207203489581994,116.60076795174228,1,7.800000190734863,2026-08-14,SNPP,North Kalimantan,Malinau,8
3.4207203489581994,116.60414642333478,1,7.800000190734863,2026-08-14,SNPP,North Kalimantan,Malinau,8
3.4207203489581994,116.60752489492728,1,7.800000190734863,2026-08-14,SNPP,North Kalimantan,Malinau,8
3.0733577701978594,116.37491829155017,1,2.8399999141693115,2026-08-14,SNPP,North Kalimantan,Malinau,312
3.0733577701978594,116.37829560132629,1,2.8399999141693115,2026-08-14,SNPP,North Kalimantan,Malinau,312
3.0733577701978594,116.38167291110244,1,2.8399999141693115,2026-08-14,SNPP,North Kalimantan,Malinau,312
3.069985317976885,116.37455071282379,1,2.8399999141693115,2026-08-14,SNPP,North Kalimantan,Malinau,312
3.069985317976885,116.37792801193244,1,2.8399999141693115,2026-08-14,SNPP,North Kalimantan,Malinau,312
3.069985317976885,116.3813053110411,1,2.8399999141693115,2026-08-14,SNPP,North Kalimantan,Malinau,312
3.0666128657559106,116.37418353960193,1,2.8399999141693115,2026-08-14,SNPP,North Kalimantan,Malinau,312
3.0666128657559106,116.37756082805485,1,2.8399999141693115,2026-08-14,SNPP,North Kalimantan,Malinau,312
3.0666128657559106,116.38093811650782,1,2.8399999141693115,2026-08-14,SNPP,North Kalimantan,Malinau,312
3.0632404135349365,116.37381677187817,1,2.8399999141693115,2026-08-14,SNPP,North Kalimantan,Malinau,312
3.0632404135349365,116.37719404968715,1,2.8399999141693115,2026-08-14,SNPP,North Kalimantan,Malinau,312
3.0632404135349365,116.38057132749614,1,2.8399999141693115,2026-08-14,SNPP,North Kalimantan,Malinau,312
3.0430057002090916,116.05078933235704,1,31.510000228881836,2026-08-14,SNPP,North Kalimantan,Malinau,313
3.0430057002090916,116.05416654654948,1,31.510000228881836,2026-08-14,SNPP,North Kalimantan,Malinau,313
3.0430057002090916,116.05754376074195,1,31.510000228881836,2026-08-14,SNPP,North Kalimantan,Malinau,313
3.0396332479881174,116.05042640629152,1,31.510000228881836,2026-08-14,SNPP,North Kalimantan,Malinau,313
3.0396332479881174,116.05380360992238,1,31.510000228881836,2026-08-14,SNPP,North Kalimantan,Malinau,313
3.0396332479881174,116.05718081355327,1,31.510000228881836,2026-08-14,SNPP,North Kalimantan,Malinau,313
3.0362607957671433,116.05006388455551,1,31.510000228881836,2026-08-14,SNPP,North Kalimantan,Malinau,313
3.0362607957671433,116.05344107763655,1,31.510000228881836,2026-08-14,SNPP,North Kalimantan,Malinau,313
3.0362607957671433,116.05681827071764,1,31.510000228881836,2026-08-14,SNPP,North Kalimantan,Malinau,313
3.022770986883246,116.49102462171382,1,8.0600004196167,2026-08-14,SNPP,North Kalimantan,Malinau,15
3.022770986883246,116.49440177271332,1,8.0600004196167,2026-08-14,SNPP,North Kalimantan,Malinau,15
3.022770986883246,116.4977789237128,1,8.0600004196167,2026-08-14,SNPP,North Kalimantan,Malinau,15
3.019398534662272,116.4906627472127,1,8.0600004196167,2026-08-14,SNPP,North Kalimantan,Malinau,15
3.019398534662272,116.49403988772123,1,8.0600004196167,2026-08-14,SNPP,North Kalimantan,Malinau,15
3.019398534662272,116.49741702822973,1,8.0600004196167,2026-08-14,SNPP,North Kalimantan,Malinau,15
3.0160260824412983,116.49030127854464,1,8.0600004196167,2026-08-14,SNPP,North Kalimantan,Malinau,15
3.0160260824412983,116.49367840857394,1,8.0600004196167,2026-08-14,SNPP,North Kalimantan,Malinau,15
3.0160260824412983,116.49705553860323,1,8.0600004196167,2026-08-14,SNPP,North Kalimantan,Malinau,15
2.992418916894479,116.49115941767116,1,13.239999771118164,2026-08-14,SNPP,North Kalimantan,Malinau,15
2.992418916894479,116.49453647467537,1,13.239999771118164,2026-08-14,SNPP,North Kalimantan,Malinau,15
2.992418916894479,116.49791353167961,1,13.239999771118164,2026-08-14,SNPP,North Kalimantan,Malinau,15
2.989046464673505,116.49080118505688,1,13.239999771118164,2026-08-14,SNPP,North Kalimantan,Malinau,15
2.989046464673505,116.49417823167599,1,13.239999771118164,2026-08-14,SNPP,North Kalimantan,Malinau,15
2.989046464673505,116.49755527829514,1,13.239999771118164,2026-08-14,SNPP,North Kalimantan,Malinau,15
2.9856740124525305,116.48706632198534,1,20.329999923706055,2026-08-14,SNPP,North Kalimantan,Malinau,15
2.9856740124525305,116.49044335823115,1,20.329999923706055,2026-08-14,SNPP,North Kalimantan,Malinau,15
2.9856740124525305,116.49382039447691,1,20.329999923706055,2026-08-14,SNPP,North Kalimantan,Malinau,15
2.9856740124525305,116.49719743072272,1,20.329999923706055,2026-08-14,SNPP,North Kalimantan,Malinau,15
2.9856740124525305,116.50057446696854,1,20.329999923706055,2026-08-14,SNPP,North Kalimantan,Malinau,15
2.9823015602315563,116.48670891130347,1,20.329999923706055,2026-08-14,SNPP,North Kalimantan,Malinau,15
2.9823015602315563,116.4900859371877,1,20.329999923706055,2026-08-14,SNPP,North Kalimantan,Malinau,15
2.9823015602315563,116.4934629630719,1,20.329999923706055,2026-08-14,SNPP,North Kalimantan,Malinau,15
2.9823015602315563,116.49683998895615,1,20.329999923706055,2026-08-14,SNPP,North Kalimantan,Malinau,15
2.9823015602315563,116.50021701484039,1,20.329999923706055,2026-08-14,SNPP,North Kalimantan,Malinau,15
2.978929108010582,116.48635190638593,1,20.329999923706055,2026-08-14,SNPP,North Kalimantan,Malinau,15
2.978929108010582,116.48972892192036,1,20.329999923706055,2026-08-14,SNPP,North Kalimantan,Malinau,15
2.978929108010582,116.49310593745477,1,20.329999923706055,2026-08-14,SNPP,North Kalimantan,Malinau,15
2.978929108010582,116.49648295298921,1,20.329999923706055,2026-08-14,SNPP,North Kalimantan,Malinau,15
2.978929108010582,116.49985996852361,1,20.329999923706055,2026-08-14,SNPP,North Kalimantan,Malinau,15
2.975556655789608,116.48599530722655,1,20.329999923706055,2026-08-14,SNPP,North Kalimantan,Malinau,15
2.975556655789608,116.48937231242293,1,20.329999923706055,2026-08-14,SNPP,North Kalimantan,Malinau,15
2.975556655789608,116.49274931761929,1,20.329999923706055,2026-08-14,SNPP,North Kalimantan,Malinau,15
2.607959363703423,115.79462311338243,2,16.309999465942383,2026-08-14,SNPP,North Kalimantan,Malinau,61
2.607959363703423,115.79799906221386,2,16.309999465942383,2026-08-14,SNPP,North Kalimantan,Malinau,61
2.607959363703423,115.80137501104527,2,16.309999465942383,2026-08-14,SNPP,North Kalimantan,Malinau,61
2.607959363703423,115.8047509598767,1,6.690000057220459,2026-08-14,SNPP,North Kalimantan,Malinau,61
2.6045869114824485,115.79431286611354,2,16.309999465942383,2026-08-14,SNPP,North Kalimantan,Malinau,61
2.6045869114824485,115.79768880589982,2,16.309999465942383,2026-08-14,SNPP,North Kalimantan,Malinau,61
2.6045869114824485,115.80106474568609,2,16.309999465942383,2026-08-14,SNPP,North Kalimantan,Malinau,61
2.6045869114824485,115.80444068547237,1,6.690000057220459,2026-08-14,SNPP,North Kalimantan,Malinau,61
2.6012144592614743,115.7940030216797,2,16.309999465942383,2026-08-14,SNPP,North Kalimantan,Malinau,61
2.6012144592614743,115.79737895243261,2,16.309999465942383,2026-08-14,SNPP,North Kalimantan,Malinau,61
2.6012144592614743,115.80075488318549,2,16.309999465942383,2026-08-14,SNPP,North Kalimantan,Malinau,61
2.6012144592614743,115.80413081393839,1,10.699999809265137,2026-08-14,SNPP,North Kalimantan,Malinau,61
2.5978420070405006,115.79369358007557,2,16.309999465942383,2026-08-14,SNPP,North Kalimantan,Malinau,61
2.5978420070405006,115.79706950180682,2,16.309999465942383,2026-08-14,SNPP,North Kalimantan,Malinau,61
2.5978420070405006,115.80044542353804,2,16.309999465942383,2026-08-14,SNPP,North Kalimantan,Malinau,61
2.5978420070405006,115.80382134526928,1,10.699999809265137,2026-08-14,SNPP,North Kalimantan,Malinau,61
2.594469554819526,115.79676045401709,1,10.699999809265137,2026-08-14,SNPP,North Kalimantan,Malinau,61
2.594469554819526,115.80013636673839,1,10.699999809265137,2026-08-14,SNPP,North Kalimantan,Malinau,61
2.594469554819526,115.80351227945974,1,10.699999809265137,2026-08-14,SNPP,North Kalimantan,Malinau,61
2.5809797459356294,115.82253530550449,1,16.799999237060547,2026-08-14,SNPP,North Kalimantan,Malinau,314
2.5809797459356294,115.8259111823036,1,16.799999237060547,2026-08-14,SNPP,North Kalimantan,Malinau,314
2.5809797459356294,115.82928705910273,1,16.799999237060547,2026-08-14,SNPP,North Kalimantan,Malinau,314
2.5776072937146552,115.77159018248621,1,11.979999542236328,2026-08-14,SNPP,North Kalimantan,Malinau,61
2.5776072937146552,115.77496605033413,1,11.979999542236328,2026-08-14,SNPP,North Kalimantan,Malinau,61
2.5776072937146552,115.77834191818206,1,11.979999542236328,2026-08-14,SNPP,North Kalimantan,Malinau,61
2.5776072937146552,115.82222820020519,1,16.799999237060547,2026-08-14,SNPP,North Kalimantan,Malinau,314
2.5776072937146552,115.82560406805307,1,16.799999237060547,2026-08-14,SNPP,North Kalimantan,Malinau,314
2.5776072937146552,115.82897993590102,1,16.799999237060547,2026-08-14,SNPP,North Kalimantan,Malinau,314
2.574234841493681,115.77128361417651,1,11.979999542236328,2026-08-14,SNPP,North Kalimantan,Malinau,61
2.574234841493681,115.77465947308497,1,11.979999542236328,2026-08-14,SNPP,North Kalimantan,Malinau,61
2.574234841493681,115.77803533199346,1,11.979999542236328,2026-08-14,SNPP,North Kalimantan,Malinau,61
2.574234841493681,115.82192149780374,1,16.799999237060547,2026-08-14,SNPP,North Kalimantan,Malinau,314
2.574234841493681,115.82529735671221,1,16.799999237060547,2026-08-14,SNPP,North Kalimantan,Malinau,314
2.574234841493681,115.82867321562071,1,16.799999237060547,2026-08-14,SNPP,North Kalimantan,Malinau,314
2.570862389272707,115.76760159860245,1,23.8799991607666,2026-08-14,SNPP,North Kalimantan,Malinau,61
2.570862389272707,115.77097744858324,2,23.8799991607666,2026-08-14,SNPP,North Kalimantan,Malinau,61
2.570862389272707,115.77435329856402,2,23.8799991607666,2026-08-14,SNPP,North Kalimantan,Malinau,61
2.570862389272707,115.77772914854481,2,23.8799991607666,2026-08-14,SNPP,North Kalimantan,Malinau,61
2.570862389272707,115.81486349833334,2,18.8799991607666,2026-08-14,SNPP,North Kalimantan,Malinau,314
2.570862389272707,115.81823934831412,2,18.8799991607666,2026-08-14,SNPP,North Kalimantan,Malinau,314
2.570862389272707,115.82161519829491,2,18.8799991607666,2026-08-14,SNPP,North Kalimantan,Malinau,314
2.570862389272707,115.82499104827566,1,16.799999237060547,2026-08-14,SNPP,North Kalimantan,Malinau,314
2.570862389272707,115.82836689825645,1,16.799999237060547,2026-08-14,SNPP,North Kalimantan,Malinau,314
2.567489937051733,115.76729584463627,1,23.8799991607666,2026-08-14,SNPP,North Kalimantan,Malinau,61
2.567489937051733,115.7706716857011,2,23.8799991607666,2026-08-14,SNPP,North Kalimantan,Malinau,61
2.567489937051733,115.77404752676591,2,23.8799991607666,2026-08-14,SNPP,North Kalimantan,Malinau,61
2.567489937051733,115.77742336783074,2,23.8799991607666,2026-08-14,SNPP,North Kalimantan,Malinau,61
2.567489937051733,115.81455761954368,2,18.8799991607666,2026-08-14,SNPP,North Kalimantan,Malinau,314
2.567489937051733,115.8179334606085,2,18.8799991607666,2026-08-14,SNPP,North Kalimantan,Malinau,314
2.567489937051733,115.82130930167332,2,18.8799991607666,2026-08-14,SNPP,North Kalimantan,Malinau,314
2.5641174848307586,115.76699049336416,1,23.8799991607666,2026-08-14,SNPP,North Kalimantan,Malinau,61
2.5641174848307586,115.77036632552476,2,23.8799991607666,2026-08-14,SNPP,North Kalimantan,Malinau,61
2.5641174848307586,115.77374215768535,2,23.8799991607666,2026-08-14,SNPP,North Kalimantan,Malinau,61
2.5641174848307586,115.77711798984595,2,23.8799991607666,2026-08-14,SNPP,North Kalimantan,Malinau,61
2.5641174848307586,115.81425214361249,2,18.8799991607666,2026-08-14,SNPP,North Kalimantan,Malinau,314
2.5641174848307586,115.8176279757731,2,18.8799991607666,2026-08-14,SNPP,North Kalimantan,Malinau,314
2.5641174848307586,115.8210038079337,2,18.8799991607666,2026-08-14,SNPP,North Kalimantan,Malinau,314
2.5607450326097845,115.76668554478083,1,23.8799991607666,2026-08-14,SNPP,North Kalimantan,Malinau,61
2.5607450326097845,115.77006136804894,1,23.8799991607666,2026-08-14,SNPP,North Kalimantan,Malinau,61
2.5607450326097845,115.77343719131703,1,23.8799991607666,2026-08-14,SNPP,North Kalimantan,Malinau,61
2.6349389814712163,117.4311140560929,1,8.300000190734863,2026-08-14,SNPP,North Kalimantan,Bulungan,315
2.6349389814712163,117.43449007770829,1,8.300000190734863,2026-08-14,SNPP,North Kalimantan,Bulungan,315
2.631566529250242,117.42404413766974,1,8.300000190734863,2026-08-14,SNPP,North Kalimantan,Bulungan,315
2.631566529250242,117.42742015014602,1,8.300000190734863,2026-08-14,SNPP,North Kalimantan,Bulungan,315
2.631566529250242,117.43079616262234,1,8.300000190734863,2026-08-14,SNPP,North Kalimantan,Bulungan,315
2.631566529250242,117.4341721750986,1,8.300000190734863,2026-08-14,SNPP,North Kalimantan,Bulungan,315
2.628194077029268,117.42372667101719,1,8.300000190734863,2026-08-14,SNPP,North Kalimantan,Bulungan,315
2.628194077029268,117.42710267436613,1,8.300000190734863,2026-08-14,SNPP,North Kalimantan,Bulungan,315
2.628194077029268,117.43047867771506,1,8.300000190734863,2026-08-14,SNPP,North Kalimantan,Bulungan,315
2.628194077029268,117.433854681064,1,8.300000190734863,2026-08-14,SNPP,North Kalimantan,Bulungan,315
2.624821624808294,117.42340961289896,1,8.300000190734863,2026-08-14,SNPP,North Kalimantan,Bulungan,315
2.624821624808294,117.4267856071323,1,8.300000190734863,2026-08-14,SNPP,North Kalimantan,Bulungan,315
2.624821624808294,117.43016160136561,1,8.300000190734863,2026-08-14,SNPP,North Kalimantan,Bulungan,315
2.624821624808294,117.43353759559893,1,8.300000190734863,2026-08-14,SNPP,North Kalimantan,Bulungan,315
2.6214491725873197,117.45347682947457,1,3.2100000381469727,2026-08-14,SNPP,North Kalimantan,Bulungan,32
2.6214491725873197,117.45685281460402,1,3.2100000381469727,2026-08-14,SNPP,North Kalimantan,Bulungan,32
2.6214491725873197,117.46022879973346,1,3.2100000381469727,2026-08-14,SNPP,North Kalimantan,Bulungan,32
2.6214491725873197,117.46360478486291,1,3.2100000381469727,2026-08-14,SNPP,North Kalimantan,Bulungan,32
2.618076720366345,117.45316050657937,1,3.2100000381469727,2026-08-14,SNPP,North Kalimantan,Bulungan,32
2.618076720366345,117.45653648261667,1,3.2100000381469727,2026-08-14,SNPP,North Kalimantan,Bulungan,32
2.618076720366345,117.459912458654,1,3.2100000381469727,2026-08-14,SNPP,North Kalimantan,Bulungan,32
2.618076720366345,117.46328843469134,1,3.2100000381469727,2026-08-14,SNPP,North Kalimantan,Bulungan,32
2.6147042681453714,117.45284459230767,1,3.2100000381469727,2026-08-14,SNPP,North Kalimantan,Bulungan,32
2.6147042681453714,117.4562205592646,1,3.2100000381469727,2026-08-14,SNPP,North Kalimantan,Bulungan,32
2.6147042681453714,117.45959652622155,1,3.2100000381469727,2026-08-14,SNPP,North Kalimantan,Bulungan,32
2.6147042681453714,117.46297249317851,1,3.2100000381469727,2026-08-14,SNPP,North Kalimantan,Bulungan,32
2.607959363703423,117.42183045013005,1,5.010000228881836,2026-08-14,SNPP,North Kalimantan,Bulungan,315
2.607959363703423,117.42520639896148,1,5.010000228881836,2026-08-14,SNPP,North Kalimantan,Bulungan,315
2.6045869114824485,117.42151584310231,1,5.010000228881836,2026-08-14,SNPP,North Kalimantan,Bulungan,315
2.6045869114824485,117.4248917828886,1,5.010000228881836,2026-08-14,SNPP,North Kalimantan,Bulungan,315
2.6045869114824485,117.42826772267489,1,0.6200000047683716,2026-08-14,SNPP,North Kalimantan,Bulungan,315
2.6012144592614743,117.42120164457052,1,5.010000228881836,2026-08-14,SNPP,East Kalimantan,Bulungan,315
2.6012144592614743,117.4245775753234,1,5.010000228881836,2026-08-14,SNPP,East Kalimantan,Bulungan,315
2.6012144592614743,117.42795350607629,1,0.6200000047683716,2026-08-14,SNPP,North Kalimantan,Bulungan,315
2.5877246503775777,117.48071504055467,1,7.269999980926514,2026-08-14,SNPP,North Kalimantan,Bulungan,316
2.5877246503775777,117.4840909352914,1,11.4399995803833,2026-08-14,SNPP,North Kalimantan,Bulungan,316
2.5877246503775777,117.48746683002811,1,11.4399995803833,2026-08-14,SNPP,North Kalimantan,Bulungan,316
2.5877246503775777,117.49084272476487,1,11.4399995803833,2026-08-14,SNPP,North Kalimantan,Bulungan,316
2.584352198156604,117.48040272287652,1,7.269999980926514,2026-08-14,SNPP,North Kalimantan,Bulungan,316
2.584352198156604,117.4837786086386,1,9.010000228881836,2026-08-14,SNPP,North Kalimantan,Bulungan,316
2.584352198156604,117.48715449440063,1,9.010000228881836,2026-08-14,SNPP,North Kalimantan,Bulungan,316
2.584352198156604,117.4905303801627,1,9.010000228881836,2026-08-14,SNPP,North Kalimantan,Bulungan,316
2.584352198156604,117.49390626592478,1,3.990000009536743,2026-08-14,SNPP,North Kalimantan,Bulungan,316
2.5809797459356294,117.48009081387308,1,7.269999980926514,2026-08-14,SNPP,North Kalimantan,Bulungan,316
2.5809797459356294,117.48346669067222,1,9.010000228881836,2026-08-14,SNPP,North Kalimantan,Bulungan,316
2.5809797459356294,117.48684256747131,1,9.010000228881836,2026-08-14,SNPP,North Kalimantan,Bulungan,316
2.5809797459356294,117.49021844427045,1,9.010000228881836,2026-08-14,SNPP,North Kalimantan,Bulungan,316
2.5809797459356294,117.49359432106957,1,3.990000009536743,2026-08-14,SNPP,North Kalimantan,Bulungan,316
2.5776072937146552,117.44602063505958,1,0.949999988079071,2026-08-14,SNPP,East Kalimantan,Bulungan,317
2.5776072937146552,117.44939650290753,1,0.949999988079071,2026-08-14,SNPP,North Kalimantan,Bulungan,317
2.5776072937146552,117.45277237075544,1,0.949999988079071,2026-08-14,SNPP,North Kalimantan,Bulungan,317
2.5776072937146552,117.48315518138683,1,9.010000228881836,2026-08-14,SNPP,North Kalimantan,Bulungan,316
2.5776072937146552,117.48653104923476,1,9.010000228881836,2026-08-14,SNPP,North Kalimantan,Bulungan,316
2.5776072937146552,117.48990691708269,1,9.010000228881836,2026-08-14,SNPP,North Kalimantan,Bulungan,316
2.5776072937146552,117.49328278493061,1,3.990000009536743,2026-08-14,SNPP,North Kalimantan,Bulungan,316
2.574234841493681,117.44570963278372,1,0.949999988079071,2026-08-14,SNPP,East Kalimantan,Bulungan,317
2.574234841493681,117.44908549169219,1,0.949999988079071,2026-08-14,SNPP,East Kalimantan,Bulungan,317
2.574234841493681,117.45246135060067,1,0.949999988079071,2026-08-14,SNPP,North Kalimantan,Bulungan,317
2.574234841493681,117.4862199396855,1,3.990000009536743,2026-08-14,SNPP,North Kalimantan,Bulungan,316
2.574234841493681,117.489595798594,1,3.990000009536743,2026-08-14,SNPP,North Kalimantan,Bulungan,316
2.574234841493681,117.49297165750247,1,3.990000009536743,2026-08-14,SNPP,North Kalimantan,Bulungan,316
2.570862389272707,117.44539903904887,1,0.949999988079071,2026-08-14,SNPP,East Kalimantan,Bulungan,317
2.570862389272707,117.44877488902965,1,0.949999988079071,2026-08-14,SNPP,East Kalimantan,Bulungan,317
2.570862389272707,117.4521507390104,1,0.949999988079071,2026-08-14,SNPP,East Kalimantan,Bulungan,317
2.5405103192839396,117.42236745793423,1,3.7200000286102295,2026-08-14,SNPP,East Kalimantan,Berau,34
2.5405103192839396,117.42574322809408,1,3.7200000286102295,2026-08-14,SNPP,East Kalimantan,Berau,34
2.5405103192839396,117.42911899825393,1,3.7200000286102295,2026-08-14,SNPP,East Kalimantan,Berau,34
2.5371378670629654,117.42206100217577,1,3.7200000286102295,2026-08-14,SNPP,East Kalimantan,Berau,34
2.5371378670629654,117.4254367635253,1,3.7200000286102295,2026-08-14,SNPP,East Kalimantan,Berau,34
2.5371378670629654,117.42881252487489,1,3.7200000286102295,2026-08-14,SNPP,East Kalimantan,Berau,34
2.341535638246463,117.10796139243993,1,3.940000057220459,2026-08-14,SNPP,East Kalimantan,Berau,36
2.341535638246463,117.11133666287783,1,3.940000057220459,2026-08-14,SNPP,East Kalimantan,Berau,36
2.341535638246463,117.11471193331568,1,3.940000057220459,2026-08-14,SNPP,East Kalimantan,Berau,36
2.338163186025489,117.10767973847277,1,3.940000057220459,2026-08-14,SNPP,East Kalimantan,Berau,36
2.338163186025489,117.11105500079285,1,3.940000057220459,2026-08-14,SNPP,East Kalimantan,Berau,36
2.338163186025489,117.11443026311292,1,3.940000057220459,2026-08-14,SNPP,East Kalimantan,Berau,36
2.334790733804515,116.98588933987894,1,4.550000190734863,2026-08-14,SNPP,East Kalimantan,Berau,318
2.334790733804515,116.98926459409297,1,4.550000190734863,2026-08-14,SNPP,East Kalimantan,Berau,318
2.334790733804515,116.992639848307,1,4.550000190734863,2026-08-14,SNPP,East Kalimantan,Berau,318
2.334790733804515,117.10739849158338,1,3.940000057220459,2026-08-14,SNPP,East Kalimantan,Berau,36
2.334790733804515,117.1107737457974,1,3.940000057220459,2026-08-14,SNPP,East Kalimantan,Berau,36
2.334790733804515,117.11414900001138,1,3.940000057220459,2026-08-14,SNPP,East Kalimantan,Berau,36
2.334790733804515,117.11752425422543,1,1.0700000524520874,2026-08-14,SNPP,East Kalimantan,Berau,36
2.334790733804515,117.12089950843941,1,1.0700000524520874,2026-08-14,SNPP,East Kalimantan,Berau,36
2.3314182815835403,116.98560879145832,1,4.550000190734863,2026-08-14,SNPP,East Kalimantan,Berau,318
2.3314182815835403,116.988984037578,1,4.550000190734863,2026-08-14,SNPP,East Kalimantan,Berau,318
2.3314182815835403,116.99235928369771,1,4.550000190734863,2026-08-14,SNPP,East Kalimantan,Berau,318
2.3314182815835403,117.11386814400628,1,1.0700000524520874,2026-08-14,SNPP,East Kalimantan,Berau,36
2.3314182815835403,117.11724339012595,1,1.0700000524520874,2026-08-14,SNPP,East Kalimantan,Berau,36
2.3314182815835403,117.12061863624564,1,1.0700000524520874,2026-08-14,SNPP,East Kalimantan,Berau,36
2.328045829362566,116.98532864968335,1,4.550000190734863,2026-08-14,SNPP,East Kalimantan,Berau,318
2.328045829362566,116.98870388772046,1,4.550000190734863,2026-08-14,SNPP,East Kalimantan,Berau,318
2.328045829362566,116.99207912575756,1,4.550000190734863,2026-08-14,SNPP,East Kalimantan,Berau,318
2.3246733771415924,117.1099324232995,1,5.53000020980835,2026-08-14,SNPP,East Kalimantan,Berau,36
2.3246733771415924,117.1133076532657,1,5.53000020980835,2026-08-14,SNPP,East Kalimantan,Berau,36
2.3246733771415924,117.11668288323192,1,5.53000020980835,2026-08-14,SNPP,East Kalimantan,Berau,36
2.321300924920618,117.10290235279923,1,1.6299999952316284,2026-08-14,SNPP,East Kalimantan,Berau,36
2.321300924920618,117.10627757470634,1,1.6299999952316284,2026-08-14,SNPP,East Kalimantan,Berau,36
2.321300924920618,117.10965279661345,1,5.53000020980835,2026-08-14,SNPP,East Kalimantan,Berau,36
2.321300924920618,117.11302801852051,1,5.53000020980835,2026-08-14,SNPP,East Kalimantan,Berau,36
2.321300924920618,117.11640324042762,1,5.53000020980835,2026-08-14,SNPP,East Kalimantan,Berau,36
2.321300924920618,117.51130420355726,1,3.8399999141693115,2026-08-14,SNPP,East Kalimantan,Berau,319
2.321300924920618,117.51467942546435,1,3.8399999141693115,2026-08-14,SNPP,East Kalimantan,Berau,319
2.321300924920618,117.51805464737146,1,3.8399999141693115,2026-08-14,SNPP,East Kalimantan,Berau,319
2.3179284726996436,117.10262314927319,1,0.8700000047683716,2026-08-14,SNPP,East Kalimantan,Berau,36
2.3179284726996436,117.10599836313288,1,7.010000228881836,2026-08-14,SNPP,East Kalimantan,Berau,36
2.3179284726996436,117.10937357699257,1,7.010000228881836,2026-08-14,SNPP,East Kalimantan,Berau,36
2.3179284726996436,117.11274879085227,1,7.010000228881836,2026-08-14,SNPP,East Kalimantan,Berau,36
2.3179284726996436,117.11612400471196,1,5.53000020980835,2026-08-14,SNPP,East Kalimantan,Berau,36
2.3179284726996436,117.51102402629586,1,3.8399999141693115,2026-08-14,SNPP,East Kalimantan,Berau,319
2.3179284726996436,117.51439924015553,1,3.8399999141693115,2026-08-14,SNPP,East Kalimantan,Berau,319
2.3179284726996436,117.51777445401522,1,3.8399999141693115,2026-08-14,SNPP,East Kalimantan,Berau,319
2.3145560204786695,117.10234435278402,1,0.8700000047683716,2026-08-14,SNPP,East Kalimantan,Berau,36
2.3145560204786695,117.10571955860806,1,7.010000228881836,2026-08-14,SNPP,East Kalimantan,Berau,36
2.3145560204786695,117.10909476443209,1,7.010000228881836,2026-08-14,SNPP,East Kalimantan,Berau,36
2.3145560204786695,117.1124699702561,1,7.010000228881836,2026-08-14,SNPP,East Kalimantan,Berau,36
2.3145560204786695,117.11584517608011,1,2.359999895095825,2026-08-14,SNPP,East Kalimantan,Berau,36
2.3145560204786695,117.5107442574909,1,3.8399999141693115,2026-08-14,SNPP,East Kalimantan,Berau,319
2.3145560204786695,117.51411946331491,1,3.8399999141693115,2026-08-14,SNPP,East Kalimantan,Berau,319
2.3145560204786695,117.51749466913894,1,3.8399999141693115,2026-08-14,SNPP,East Kalimantan,Berau,319
2.3111835682576958,117.10206596332691,1,0.8700000047683716,2026-08-14,SNPP,East Kalimantan,Berau,36
2.3111835682576958,117.10544116112699,1,7.010000228881836,2026-08-14,SNPP,East Kalimantan,Berau,36
2.3111835682576958,117.10881635892709,1,7.010000228881836,2026-08-14,SNPP,East Kalimantan,Berau,36
2.3111835682576958,117.11219155672717,1,7.010000228881836,2026-08-14,SNPP,East Kalimantan,Berau,36
2.307811116036721,116.89590140383613,1,6.150000095367432,2026-08-14,SNPP,East Kalimantan,Berau,320
2.307811116036721,116.89927659362404,1,6.150000095367432,2026-08-14,SNPP,East Kalimantan,Berau,320
2.307811116036721,116.9026517834119,1,6.150000095367432,2026-08-14,SNPP,East Kalimantan,Berau,320
2.307811116036721,116.9060269731998,1,6.150000095367432,2026-08-14,SNPP,East Kalimantan,Berau,320
2.304438663815747,116.89562431645746,1,6.150000095367432,2026-08-14,SNPP,East Kalimantan,Berau,320
2.304438663815747,116.8989994982449,1,6.150000095367432,2026-08-14,SNPP,East Kalimantan,Berau,320
2.304438663815747,116.90237468003228,1,6.150000095367432,2026-08-14,SNPP,East Kalimantan,Berau,320
2.304438663815747,116.9057498618197,1,6.150000095367432,2026-08-14,SNPP,East Kalimantan,Berau,320
2.301066211594773,116.89534763538076,1,6.150000095367432,2026-08-14,SNPP,East Kalimantan,Berau,320
2.301066211594773,116.89872280917943,1,6.150000095367432,2026-08-14,SNPP,East Kalimantan,Berau,320
2.301066211594773,116.90209798297809,1,6.150000095367432,2026-08-14,SNPP,East Kalimantan,Berau,320
2.301066211594773,116.90547315677678,1,6.150000095367432,2026-08-14,SNPP,East Kalimantan,Berau,320
2.2976937593737987,116.89507136060122,1,6.150000095367432,2026-08-14,SNPP,East Kalimantan,Berau,320
2.2976937593737987,116.89844652642289,1,6.150000095367432,2026-08-14,SNPP,East Kalimantan,Berau,320
2.2976937593737987,116.90182169224455,1,6.150000095367432,2026-08-14,SNPP,East Kalimantan,Berau,320
2.2976937593737987,116.90519685806622,1,6.150000095367432,2026-08-14,SNPP,East Kalimantan,Berau,320
2.2943213071528246,117.14118201562974,1,4.650000095367432,2026-08-14,SNPP,East Kalimantan,Berau,38
2.2943213071528246,117.14455717348609,1,4.650000095367432,2026-08-14,SNPP,East Kalimantan,Berau,38
2.2943213071528246,117.1479323313425,1,4.650000095367432,2026-08-14,SNPP,East Kalimantan,Berau,38
2.2909488549318504,117.14090597282113,1,4.650000095367432,2026-08-14,SNPP,East Kalimantan,Berau,38
2.2909488549318504,117.14428112272394,1,4.650000095367432,2026-08-14,SNPP,East Kalimantan,Berau,38
2.2909488549318504,117.14765627262678,1,4.650000095367432,2026-08-14,SNPP,East Kalimantan,Berau,38
2.2875764027108763,117.14063033715163,1,4.650000095367432,2026-08-14,SNPP,East Kalimantan,Berau,38
2.2875764027108763,117.14400547911265,1,4.650000095367432,2026-08-14,SNPP,East Kalimantan,Berau,38
2.2875764027108763,117.14738062107367,1,4.650000095367432,2026-08-14,SNPP,East Kalimantan,Berau,38
2.284203950489902,117.14035510861652,1,4.650000095367432,2026-08-14,SNPP,East Kalimantan,Berau,38
2.284203950489902,117.14373024264742,1,4.650000095367432,2026-08-14,SNPP,East Kalimantan,Berau,38
2.284203950489902,117.14710537667838,1,4.650000095367432,2026-08-14,SNPP,East Kalimantan,Berau,38
2.274086593826979,117.54116999278432,1,5.369999885559082,2026-08-14,SNPP,East Kalimantan,Berau,321
2.274086593826979,117.54454510309536,1,5.369999885559082,2026-08-14,SNPP,East Kalimantan,Berau,321
2.274086593826979,117.54792021340643,1,5.369999885559082,2026-08-14,SNPP,East Kalimantan,Berau,321
2.270714141606005,117.54089545464224,1,5.369999885559082,2026-08-14,SNPP,East Kalimantan,Berau,321
2.270714141606005,117.5442705570701,1,5.369999885559082,2026-08-14,SNPP,East Kalimantan,Berau,321
2.270714141606005,117.547645659498,1,5.369999885559082,2026-08-14,SNPP,East Kalimantan,Berau,321
2.2673416893850313,117.54062132500655,1,5.369999885559082,2026-08-14,SNPP,East Kalimantan,Berau,321
2.2673416893850313,117.54399641956299,1,5.369999885559082,2026-08-14,SNPP,East Kalimantan,Berau,321
2.2673416893850313,117.54737151411945,1,5.369999885559082,2026-08-14,SNPP,East Kalimantan,Berau,321
2.2403620716172377,117.23469011293244,1,5.320000171661377,2026-08-14,SNPP,East Kalimantan,Berau,39
2.2403620716172377,117.23806514493968,1,5.320000171661377,2026-08-14,SNPP,East Kalimantan,Berau,39
2.2403620716172377,117.24144017694688,1,5.320000171661377,2026-08-14,SNPP,East Kalimantan,Berau,39
2.2369896193962635,117.23104533432836,1,0.8700000047683716,2026-08-14,SNPP,East Kalimantan,Berau,39
2.2369896193962635,117.23442035856971,1,5.320000171661377,2026-08-14,SNPP,East Kalimantan,Berau,39
2.2369896193962635,117.23779538281107,1,5.320000171661377,2026-08-14,SNPP,East Kalimantan,Berau,39
2.2369896193962635,117.24117040705241,1,5.320000171661377,2026-08-14,SNPP,East Kalimantan,Berau,39
2.2369896193962635,117.24454543129377,1,6.690000057220459,2026-08-14,SNPP,East Kalimantan,Berau,39
2.2336171671752894,117.23077599512337,1,0.8700000047683716,2026-08-14,SNPP,East Kalimantan,Berau,39
2.2336171671752894,117.23415101161059,1,5.320000171661377,2026-08-14,SNPP,East Kalimantan,Berau,39
2.2336171671752894,117.2375260280978,1,5.320000171661377,2026-08-14,SNPP,East Kalimantan,Berau,39
2.2336171671752894,117.240901044585,1,5.320000171661377,2026-08-14,SNPP,East Kalimantan,Berau,39
2.2336171671752894,117.24427606107221,1,6.690000057220459,2026-08-14,SNPP,East Kalimantan,Berau,39
2.230244714954315,117.23050706330557,1,0.8700000047683716,2026-08-14,SNPP,East Kalimantan,Berau,39
2.230244714954315,117.23388207205036,1,5.320000171661377,2026-08-14,SNPP,East Kalimantan,Berau,39
2.230244714954315,117.23725708079517,1,5.320000171661377,2026-08-14,SNPP,East Kalimantan,Berau,39
2.230244714954315,117.24063208953996,1,5.320000171661377,2026-08-14,SNPP,East Kalimantan,Berau,39
2.230244714954315,117.24400709828477,1,6.690000057220459,2026-08-14,SNPP,East Kalimantan,Berau,39
2.2201273582913927,116.95970386509515,2,139.52999877929688,2026-08-14,SNPP,East Kalimantan,Berau,40
2.2201273582913927,116.96307885068308,2,139.52999877929688,2026-08-14,SNPP,East Kalimantan,Berau,40
2.2201273582913927,116.966453836271,2,139.52999877929688,2026-08-14,SNPP,East Kalimantan,Berau,40
2.2167549060704186,116.95943717841966,2,139.52999877929688,2026-08-14,SNPP,East Kalimantan,Berau,40
2.2167549060704186,116.96281215631208,2,139.52999877929688,2026-08-14,SNPP,East Kalimantan,Berau,40
2.2167549060704186,116.96618713420452,2,139.52999877929688,2026-08-14,SNPP,East Kalimantan,Berau,40
2.2167549060704186,117.25306025505982,1,7.070000171661377,2026-08-14,SNPP,East Kalimantan,Berau,39
2.2167549060704186,117.25643523295223,1,7.619999885559082,2026-08-14,SNPP,East Kalimantan,Berau,39
2.2167549060704186,117.25981021084466,1,7.619999885559082,2026-08-14,SNPP,East Kalimantan,Berau,39
2.2167549060704186,117.26318518873705,1,7.619999885559082,2026-08-14,SNPP,East Kalimantan,Berau,39
2.213382453849444,116.95579592796125,1,6.050000190734863,2026-08-14,SNPP,East Kalimantan,Berau,40
2.213382453849444,116.95917089816987,2,139.52999877929688,2026-08-14,SNPP,East Kalimantan,Berau,40
2.213382453849444,116.96254586837851,2,139.52999877929688,2026-08-14,SNPP,East Kalimantan,Berau,40
2.213382453849444,116.96592083858717,2,139.52999877929688,2026-08-14,SNPP,East Kalimantan,Berau,40
2.213382453849444,117.25279330632165,1,7.070000171661377,2026-08-14,SNPP,East Kalimantan,Berau,39
2.213382453849444,117.25616827653027,1,7.619999885559082,2026-08-14,SNPP,East Kalimantan,Berau,39
2.213382453849444,117.25954324673891,1,7.619999885559082,2026-08-14,SNPP,East Kalimantan,Berau,39
2.213382453849444,117.26291821694754,1,7.619999885559082,2026-08-14,SNPP,East Kalimantan,Berau,39
2.2100100016284703,116.95553006180455,1,6.050000190734863,2026-08-14,SNPP,East Kalimantan,Berau,40
2.2100100016284703,116.95890502434114,2,139.52999877929688,2026-08-14,SNPP,East Kalimantan,Berau,40
2.2100100016284703,116.96227998687773,2,139.52999877929688,2026-08-14,SNPP,East Kalimantan,Berau,40
2.2100100016284703,116.96565494941434,2,139.52999877929688,2026-08-14,SNPP,East Kalimantan,Berau,40
2.2100100016284703,117.25252676502483,1,7.070000171661377,2026-08-14,SNPP,East Kalimantan,Berau,39
2.2100100016284703,117.25590172756141,1,7.619999885559082,2026-08-14,SNPP,East Kalimantan,Berau,39
2.2100100016284703,117.25927669009799,1,7.619999885559082,2026-08-14,SNPP,East Kalimantan,Berau,39
2.2100100016284703,117.26265165263459,1,7.619999885559082,2026-08-14,SNPP,East Kalimantan,Berau,39
2.206637549407496,116.9552646020526,1,6.050000190734863,2026-08-14,SNPP,East Kalimantan,Berau,40
2.206637549407496,116.95863955692886,1,6.050000190734863,2026-08-14,SNPP,East Kalimantan,Berau,40
2.206637549407496,116.96201451180511,1,6.050000190734863,2026-08-14,SNPP,East Kalimantan,Berau,40
2.206637549407496,117.255635586041,1,7.619999885559082,2026-08-14,SNPP,East Kalimantan,Berau,39
2.206637549407496,117.25901054091727,1,7.619999885559082,2026-08-14,SNPP,East Kalimantan,Berau,39
2.206637549407496,117.26238549579354,1,7.619999885559082,2026-08-14,SNPP,East Kalimantan,Berau,39
2.203265097186522,116.95499954870074,1,6.050000190734863,2026-08-14,SNPP,East Kalimantan,Berau,40
2.203265097186522,116.95837449592842,1,6.050000190734863,2026-08-14,SNPP,East Kalimantan,Berau,40
2.203265097186522,116.96174944315612,1,6.050000190734863,2026-08-14,SNPP,East Kalimantan,Berau,40
2.189775288302625,117.24418623975309,1,2.690000057220459,2026-08-14,SNPP,East Kalimantan,Berau,39
2.189775288302625,117.24756115650368,1,2.690000057220459,2026-08-14,SNPP,East Kalimantan,Berau,39
2.189775288302625,117.25093607325428,1,2.690000057220459,2026-08-14,SNPP,East Kalimantan,Berau,39
2.1864028360816508,117.24392256559672,1,2.690000057220459,2026-08-14,SNPP,East Kalimantan,Berau,39
2.1864028360816508,117.24729747475733,1,2.690000057220459,2026-08-14,SNPP,East Kalimantan,Berau,39
2.1864028360816508,117.25067238391799,1,2.690000057220459,2026-08-14,SNPP,East Kalimantan,Berau,39
2.1830303838606766,117.24365929882143,1,2.690000057220459,2026-08-14,SNPP,East Kalimantan,Berau,39
2.1830303838606766,117.24703420040383,1,2.690000057220459,2026-08-14,SNPP,East Kalimantan,Berau,39
2.1830303838606766,117.25040910198624,1,2.690000057220459,2026-08-14,SNPP,East Kalimantan,Berau,39
2.1560507660928834,117.13019806429581,1,1.340000033378601,2026-08-14,SNPP,East Kalimantan,Berau,41
2.1560507660928834,117.13357290567448,1,1.340000033378601,2026-08-14,SNPP,East Kalimantan,Berau,41
2.152678313871909,117.12993871034487,1,1.340000033378601,2026-08-14,SNPP,East Kalimantan,Berau,41
2.152678313871909,117.13331354425085,1,1.340000033378601,2026-08-14,SNPP,East Kalimantan,Berau,41
2.149305861650935,117.12967976334274,1,1.340000033378601,2026-08-14,SNPP,East Kalimantan,Berau,41
2.149305861650935,117.13305458978776,1,1.340000033378601,2026-08-14,SNPP,East Kalimantan,Berau,41
2.122326243883142,117.17824434463579,1,4.5,2026-08-14,SNPP,East Kalimantan,Berau,42
2.122326243883142,117.18161911181515,1,8.079999923706055,2026-08-14,SNPP,East Kalimantan,Berau,42
2.122326243883142,117.18499387899452,1,8.079999923706055,2026-08-14,SNPP,East Kalimantan,Berau,42
2.122326243883142,117.18836864617386,1,8.079999923706055,2026-08-14,SNPP,East Kalimantan,Berau,42
2.122326243883142,117.54271920000606,1,1.5199999809265137,2026-08-14,SNPP,East Kalimantan,Berau,43
2.1189537916621672,117.17798894963994,1,4.5,2026-08-14,SNPP,East Kalimantan,Berau,42
2.1189537916621672,117.18136370946382,1,8.079999923706055,2026-08-14,SNPP,East Kalimantan,Berau,42
2.1189537916621672,117.18473846928777,1,8.079999923706055,2026-08-14,SNPP,East Kalimantan,Berau,42
2.1189537916621672,117.18811322911165,1,8.079999923706055,2026-08-14,SNPP,East Kalimantan,Berau,42
2.1189537916621672,117.54246301062166,1,1.909999966621399,2026-08-14,SNPP,East Kalimantan,Berau,43
2.115581339441193,117.17773396172414,1,4.5,2026-08-14,SNPP,East Kalimantan,Berau,42
2.115581339441193,117.18110871420431,1,8.079999923706055,2026-08-14,SNPP,East Kalimantan,Berau,42
2.115581339441193,117.1844834666845,1,8.079999923706055,2026-08-14,SNPP,East Kalimantan,Berau,42
2.115581339441193,117.18785821916467,1,8.079999923706055,2026-08-14,SNPP,East Kalimantan,Berau,42
2.115581339441193,117.54220722958355,1,1.909999966621399,2026-08-14,SNPP,East Kalimantan,Berau,43
2.112208887220219,117.18085412603219,1,1.2599999904632568,2026-08-14,SNPP,East Kalimantan,Berau,42
2.112208887220219,117.18422887118035,1,1.2599999904632568,2026-08-14,SNPP,East Kalimantan,Berau,42
2.112208887220219,117.54195185688722,1,1.909999966621399,2026-08-14,SNPP,East Kalimantan,Berau,43
2.0683670083475545,117.10333920296661,1,0.4300000071525574,2026-08-14,SNPP,East Kalimantan,Berau,322
2.0683670083475545,117.1067138538656,1,0.4300000071525574,2026-08-14,SNPP,East Kalimantan,Berau,322
2.0683670083475545,117.11008850476455,1,0.4300000071525574,2026-08-14,SNPP,East Kalimantan,Berau,322
2.064994556126581,117.10309047125031,1,0.4300000071525574,2026-08-14,SNPP,East Kalimantan,Berau,322
2.064994556126581,117.10646511498142,1,0.4300000071525574,2026-08-14,SNPP,East Kalimantan,Berau,322
2.064994556126581,117.10983975871251,1,0.4300000071525574,2026-08-14,SNPP,East Kalimantan,Berau,322
2.0616221039056066,117.10284214629799,1,0.4300000071525574,2026-08-14,SNPP,East Kalimantan,Berau,322
2.0616221039056066,117.10621678287295,1,0.4300000071525574,2026-08-14,SNPP,East Kalimantan,Berau,322
2.0616221039056066,117.10959141944787,1,0.4300000071525574,2026-08-14,SNPP,East Kalimantan,Berau,322
2.0413873905797613,117.18572558548999,1,8.40999984741211,2026-08-14,SNPP,East Kalimantan,Berau,44
2.0413873905797613,117.18910017937417,1,8.40999984741211,2026-08-14,SNPP,East Kalimantan,Berau,44
2.0413873905797613,117.19247477325828,1,8.40999984741211,2026-08-14,SNPP,East Kalimantan,Berau,44
2.0380149383587876,117.18547993091248,1,8.40999984741211,2026-08-14,SNPP,East Kalimantan,Berau,44
2.0380149383587876,117.18885451772253,1,8.40999984741211,2026-08-14,SNPP,East Kalimantan,Berau,44
2.0380149383587876,117.19222910453254,1,8.40999984741211,2026-08-14,SNPP,East Kalimantan,Berau,44
2.034642486137813,117.18523468335769,1,8.40999984741211,2026-08-14,SNPP,East Kalimantan,Berau,44
2.034642486137813,117.18860926310533,1,8.40999984741211,2026-08-14,SNPP,East Kalimantan,Berau,44
2.034642486137813,117.19198384285299,1,8.40999984741211,2026-08-14,SNPP,East Kalimantan,Berau,44
2.0110353205909934,117.30163791912297,1,0.9200000166893005,2026-08-14,SNPP,East Kalimantan,Berau,45
2.0110353205909934,117.30501244976206,1,0.9200000166893005,2026-08-14,SNPP,East Kalimantan,Berau,45
2.0076628683700197,117.30139568369555,1,4.0,2026-08-14,SNPP,East Kalimantan,Berau,45
2.0076628683700197,117.30477020736602,1,4.0,2026-08-14,SNPP,East Kalimantan,Berau,45
2.0076628683700197,117.30814473103652,1,4.0,2026-08-14,SNPP,East Kalimantan,Berau,45
2.0042904161490456,117.28765578880859,1,1.8799999952316284,2026-08-14,SNPP,East Kalimantan,Berau,45
2.0042904161490456,117.29103030552221,1,1.8799999952316284,2026-08-14,SNPP,East Kalimantan,Berau,45
2.0042904161490456,117.29440482223582,1,1.8799999952316284,2026-08-14,SNPP,East Kalimantan,Berau,45
2.0042904161490456,117.301153855663,1,4.619999885559082,2026-08-14,SNPP,East Kalimantan,Berau,45
2.0042904161490456,117.30452837237657,1,4.619999885559082,2026-08-14,SNPP,East Kalimantan,Berau,45
2.0042904161490456,117.30790288909017,1,4.619999885559082,2026-08-14,SNPP,East Kalimantan,Berau,45
2.0009179639280714,117.28403988617907,1,1.2000000476837158,2026-08-14,SNPP,East Kalimantan,Berau,45
2.0009179639280714,117.28741439594747,1,1.8799999952316284,2026-08-14,SNPP,East Kalimantan,Berau,45
2.0009179639280714,117.29078890571589,1,1.8799999952316284,2026-08-14,SNPP,East Kalimantan,Berau,45
2.0009179639280714,117.2941634154843,1,1.8799999952316284,2026-08-14,SNPP,East Kalimantan,Berau,45
2.0009179639280714,117.30091243502113,1,4.619999885559082,2026-08-14,SNPP,East Kalimantan,Berau,45
2.0009179639280714,117.30428694478952,1,4.619999885559082,2026-08-14,SNPP,East Kalimantan,Berau,45
2.0009179639280714,117.30766145455794,1,4.619999885559082,2026-08-14,SNPP,East Kalimantan,Berau,45
1.997545511707097,117.28379890759103,1,1.2000000476837158,2026-08-14,SNPP,East Kalimantan,Berau,45
1.997545511707097,117.28717341042598,1,1.8799999952316284,2026-08-14,SNPP,East Kalimantan,Berau,45
1.997545511707097,117.29054791326092,1,1.8799999952316284,2026-08-14,SNPP,East Kalimantan,Berau,45
1.997545511707097,117.29392241609588,1,1.8799999952316284,2026-08-14,SNPP,East Kalimantan,Berau,45
1.997545511707097,117.30067142176578,1,4.619999885559082,2026-08-14,SNPP,East Kalimantan,Berau,45
1.997545511707097,117.3040459246007,1,4.619999885559082,2026-08-14,SNPP,East Kalimantan,Berau,45
1.997545511707097,117.30742042743567,1,4.619999885559082,2026-08-14,SNPP,East Kalimantan,Berau,45
1.9671934417183297,117.2647762245608,1,2.75,2026-08-14,SNPP,East Kalimantan,Berau,48
1.9671934417183297,117.26815066552199,1,2.75,2026-08-14,SNPP,East Kalimantan,Berau,48
1.963820989497355,117.26453935310434,1,2.75,2026-08-14,SNPP,East Kalimantan,Berau,48
1.963820989497355,117.26791378724921,1,2.75,2026-08-14,SNPP,East Kalimantan,Berau,48
1.963820989497355,117.27128822139407,1,2.75,2026-08-14,SNPP,East Kalimantan,Berau,48
1.963820989497355,117.27466265553896,1,2.75,2026-08-14,SNPP,East Kalimantan,Berau,48
1.9604485372763811,117.2643028888716,1,2.75,2026-08-14,SNPP,East Kalimantan,Berau,48
1.9604485372763811,117.26767731621193,1,2.75,2026-08-14,SNPP,East Kalimantan,Berau,48
1.9604485372763811,117.2710517435522,1,2.75,2026-08-14,SNPP,East Kalimantan,Berau,48
1.9604485372763811,117.27442617089253,1,2.75,2026-08-14,SNPP,East Kalimantan,Berau,48
1.9300964672876137,117.26894176842241,1,1.0399999618530273,2026-08-14,SNPP,East Kalimantan,Berau,48
1.9300964672876137,117.27231613504905,1,1.0399999618530273,2026-08-14,SNPP,East Kalimantan,Berau,48
1.9300964672876137,117.27569050167567,1,1.0399999618530273,2026-08-14,SNPP,East Kalimantan,Berau,48
1.9267240150666394,117.26870936282756,1,1.0399999618530273,2026-08-14,SNPP,East Kalimantan,Berau,48
1.9267240150666394,117.27208372276682,1,1.0399999618530273,2026-08-14,SNPP,East Kalimantan,Berau,48
1.9267240150666394,117.27545808270607,1,1.0399999618530273,2026-08-14,SNPP,East Kalimantan,Berau,48
1.9233515628456652,117.2684773644351,1,1.0399999618530273,2026-08-14,SNPP,East Kalimantan,Berau,48
1.9233515628456652,117.27185171769871,1,1.0399999618530273,2026-08-14,SNPP,East Kalimantan,Berau,48
1.9233515628456652,117.27522607096228,1,1.0399999618530273,2026-08-14,SNPP,East Kalimantan,Berau,48
1.859274970647156,117.1932879564318,1,1.1100000143051147,2026-08-14,SNPP,East Kalimantan,Berau,323
1.859274970647156,117.19666218508395,1,1.1100000143051147,2026-08-14,SNPP,East Kalimantan,Berau,323
1.8559025184261815,117.19306423652012,1,1.1100000143051147,2026-08-14,SNPP,East Kalimantan,Berau,323
1.8559025184261815,117.19643845873087,1,1.1100000143051147,2026-08-14,SNPP,East Kalimantan,Berau,323
1.8525300662052075,117.19284092348175,1,1.1100000143051147,2026-08-14,SNPP,East Kalimantan,Berau,323
1.8525300662052075,117.1962151392629,1,1.1100000143051147,2026-08-14,SNPP,East Kalimantan,Berau,323
2.4157295871078945,117.87373747992434,2,14.920000076293945,2026-08-14,SNPP,North Kalimantan,Bulungan,324
2.4157295871078945,117.87711293192231,2,14.920000076293945,2026-08-14,SNPP,North Kalimantan,Bulungan,324
2.4157295871078945,117.88048838392035,2,14.920000076293945,2026-08-14,SNPP,North Kalimantan,Bulungan,324
2.412357134886921,117.8734449844072,2,14.920000076293945,2026-08-14,SNPP,North Kalimantan,Bulungan,324
2.412357134886921,117.87682042802922,2,14.920000076293945,2026-08-14,SNPP,North Kalimantan,Bulungan,324
2.412357134886921,117.8801958716513,2,14.920000076293945,2026-08-14,SNPP,North Kalimantan,Bulungan,324
2.4089846826659467,117.87315289871762,2,14.920000076293945,2026-08-14,SNPP,North Kalimantan,Bulungan,324
2.4089846826659467,117.87652833397544,2,14.920000076293945,2026-08-14,SNPP,North Kalimantan,Bulungan,324
2.4089846826659467,117.8799037692333,2,14.920000076293945,2026-08-14,SNPP,North Kalimantan,Bulungan,324
2.2943213071528246,117.86684095475127,1,1.2000000476837158,2026-08-14,SNPP,East Kalimantan,Berau,55
2.2943213071528246,117.87021611260765,1,1.3700000047683716,2026-08-14,SNPP,East Kalimantan,Berau,55
2.2943213071528246,117.873591270464,1,1.3700000047683716,2026-08-14,SNPP,East Kalimantan,Berau,55
2.2943213071528246,117.90396769117143,1,1.8799999952316284,2026-08-14,SNPP,East Kalimantan,Berau,55
2.2943213071528246,117.9073428490278,1,1.8799999952316284,2026-08-14,SNPP,East Kalimantan,Berau,55
2.2943213071528246,117.91071800688421,1,1.8799999952316284,2026-08-14,SNPP,East Kalimantan,Berau,55
2.2909488549318504,117.86656320192975,1,15.15999984741211,2026-08-14,SNPP,East Kalimantan,Berau,55
2.2909488549318504,117.86993835183259,1,15.15999984741211,2026-08-14,SNPP,East Kalimantan,Berau,55
2.2909488549318504,117.8733135017354,1,1.3700000047683716,2026-08-14,SNPP,East Kalimantan,Berau,55
2.2909488549318504,117.87668865163826,1,1.3700000047683716,2026-08-14,SNPP,East Kalimantan,Berau,55
2.2909488549318504,117.9036898508609,1,1.8799999952316284,2026-08-14,SNPP,East Kalimantan,Berau,55
2.2909488549318504,117.90706500076371,1,1.8799999952316284,2026-08-14,SNPP,East Kalimantan,Berau,55
2.2909488549318504,117.91044015066655,1,1.8799999952316284,2026-08-14,SNPP,East Kalimantan,Berau,55
2.2875764027108763,117.81228358739328,1,7.380000114440918,2026-08-14,SNPP,East Kalimantan,Berau,57
2.2875764027108763,117.8156587293543,1,7.380000114440918,2026-08-14,SNPP,East Kalimantan,Berau,57
2.2875764027108763,117.81903387131531,1,7.380000114440918,2026-08-14,SNPP,East Kalimantan,Berau,57
2.2875764027108763,117.8224090132763,1,7.380000114440918,2026-08-14,SNPP,East Kalimantan,Berau,57
2.2875764027108763,117.8662858587695,1,15.15999984741211,2026-08-14,SNPP,East Kalimantan,Berau,55
2.2875764027108763,117.86966100073052,1,15.15999984741211,2026-08-14,SNPP,East Kalimantan,Berau,55
2.2875764027108763,117.8730361426915,1,1.3700000047683716,2026-08-14,SNPP,East Kalimantan,Berau,55
2.2875764027108763,117.87641128465252,1,1.3700000047683716,2026-08-14,SNPP,East Kalimantan,Berau,55
2.2875764027108763,117.90341242034063,1,1.8799999952316284,2026-08-14,SNPP,East Kalimantan,Berau,55
2.2875764027108763,117.90678756230164,1,1.8799999952316284,2026-08-14,SNPP,East Kalimantan,Berau,55
2.2875764027108763,117.91016270426266,1,1.8799999952316284,2026-08-14,SNPP,East Kalimantan,Berau,55
2.2875764027108763,117.92703841406772,1,1.7599999904632568,2026-08-14,SNPP,East Kalimantan,Berau,55
2.2875764027108763,117.93041355602877,1,1.7599999904632568,2026-08-14,SNPP,East Kalimantan,Berau,55
2.284203950489902,117.81200678077087,1,7.380000114440918,2026-08-14,SNPP,East Kalimantan,Berau,57
2.284203950489902,117.81538191480178,1,7.380000114440918,2026-08-14,SNPP,East Kalimantan,Berau,57
2.284203950489902,117.81875704883274,1,7.380000114440918,2026-08-14,SNPP,East Kalimantan,Berau,57
2.284203950489902,117.82213218286363,1,7.380000114440918,2026-08-14,SNPP,East Kalimantan,Berau,57
2.284203950489902,117.85925865720382,1,2.7300000190734863,2026-08-14,SNPP,East Kalimantan,Berau,55
2.284203950489902,117.86263379123479,1,2.7300000190734863,2026-08-14,SNPP,East Kalimantan,Berau,55
2.284203950489902,117.86600892526569,1,15.15999984741211,2026-08-14,SNPP,East Kalimantan,Berau,55
2.284203950489902,117.8693840592966,1,15.15999984741211,2026-08-14,SNPP,East Kalimantan,Berau,55
2.284203950489902,117.87275919332754,1,1.190000057220459,2026-08-14,SNPP,East Kalimantan,Berau,55
2.284203950489902,117.87613432735847,1,1.190000057220459,2026-08-14,SNPP,East Kalimantan,Berau,55
2.284203950489902,117.92676133782237,1,5.820000171661377,2026-08-14,SNPP,East Kalimantan,Berau,55
2.284203950489902,117.9301364718533,1,5.820000171661377,2026-08-14,SNPP,East Kalimantan,Berau,55
2.284203950489902,117.93351160588422,1,5.820000171661377,2026-08-14,SNPP,East Kalimantan,Berau,55
2.280831498268928,117.81173038361243,1,7.380000114440918,2026-08-14,SNPP,East Kalimantan,Berau,57
2.280831498268928,117.81510550972499,1,7.380000114440918,2026-08-14,SNPP,East Kalimantan,Berau,57
2.280831498268928,117.81848063583756,1,7.380000114440918,2026-08-14,SNPP,East Kalimantan,Berau,57
2.280831498268928,117.82185576195012,1,7.380000114440918,2026-08-14,SNPP,East Kalimantan,Berau,57
2.280831498268928,117.85898214918839,1,2.7300000190734863,2026-08-14,SNPP,East Kalimantan,Berau,55
2.280831498268928,117.86235727530098,1,2.7300000190734863,2026-08-14,SNPP,East Kalimantan,Berau,55
2.280831498268928,117.86573240141352,1,2.7300000190734863,2026-08-14,SNPP,East Kalimantan,Berau,55
2.280831498268928,117.86910752752611,1,2.7300000190734863,2026-08-14,SNPP,East Kalimantan,Berau,55
2.280831498268928,117.87248265363866,1,1.190000057220459,2026-08-14,SNPP,East Kalimantan,Berau,55
2.280831498268928,117.92648467143981,1,5.820000171661377,2026-08-14,SNPP,East Kalimantan,Berau,55
2.280831498268928,117.92985979755238,1,5.820000171661377,2026-08-14,SNPP,East Kalimantan,Berau,55
2.280831498268928,117.93323492366494,1,5.820000171661377,2026-08-14,SNPP,East Kalimantan,Berau,55
2.277459046047954,117.85870605079633,1,2.7300000190734863,2026-08-14,SNPP,East Kalimantan,Berau,55
2.277459046047954,117.8620811690023,1,2.7300000190734863,2026-08-14,SNPP,East Kalimantan,Berau,55
2.277459046047954,117.8654562872082,1,2.7300000190734863,2026-08-14,SNPP,East Kalimantan,Berau,55
2.277459046047954,117.86883140541417,1,2.7300000190734863,2026-08-14,SNPP,East Kalimantan,Berau,55
2.277459046047954,117.87220652362011,1,1.940000057220459,2026-08-14,SNPP,East Kalimantan,Berau,55
2.277459046047954,117.9262084149152,1,5.820000171661377,2026-08-14,SNPP,East Kalimantan,Berau,55
2.277459046047954,117.92958353312116,1,5.820000171661377,2026-08-14,SNPP,East Kalimantan,Berau,55
2.277459046047954,117.9329586513271,1,5.820000171661377,2026-08-14,SNPP,East Kalimantan,Berau,55
2.274086593826979,117.85843036202287,1,2.7300000190734863,2026-08-14,SNPP,East Kalimantan,Berau,55
2.274086593826979,117.8618054723339,1,2.7300000190734863,2026-08-14,SNPP,East Kalimantan,Berau,55
2.274086593826979,117.86518058264494,1,2.7300000190734863,2026-08-14,SNPP,East Kalimantan,Berau,55
2.274086593826979,117.86855569295601,1,2.7300000190734863,2026-08-14,SNPP,East Kalimantan,Berau,55
2.274086593826979,117.92593256824382,1,5.820000171661377,2026-08-14,SNPP,East Kalimantan,Berau,55
2.274086593826979,117.92930767855488,1,5.820000171661377,2026-08-14,SNPP,East Kalimantan,Berau,55
2.274086593826979,117.93268278886592,1,5.820000171661377,2026-08-14,SNPP,East Kalimantan,Berau,55
2.274086593826979,117.94280811979905,1,1.0099999904632568,2026-08-14,SNPP,East Kalimantan,Berau,55
2.274086593826979,117.94618323011012,1,1.0099999904632568,2026-08-14,SNPP,East Kalimantan,Berau,55
2.270714141606005,117.86153018529109,1,1.1799999475479126,2026-08-14,SNPP,East Kalimantan,Berau,55
2.270714141606005,117.86490528771895,1,1.1799999475479126,2026-08-14,SNPP,East Kalimantan,Berau,55
2.270714141606005,117.86828039014685,1,1.1799999475479126,2026-08-14,SNPP,East Kalimantan,Berau,55
2.270714141606005,117.93240733627661,1,8.170000076293945,2026-08-14,SNPP,East Kalimantan,Berau,55
2.270714141606005,117.93578243870449,1,8.170000076293945,2026-08-14,SNPP,East Kalimantan,Berau,55
2.270714141606005,117.93915754113236,1,8.170000076293945,2026-08-14,SNPP,East Kalimantan,Berau,55
2.270714141606005,117.94253264356026,1,1.590000033378601,2026-08-14,SNPP,East Kalimantan,Berau,55
2.270714141606005,117.94590774598815,1,1.590000033378601,2026-08-14,SNPP,East Kalimantan,Berau,55
2.2673416893850313,117.9321322935544,1,8.170000076293945,2026-08-14,SNPP,East Kalimantan,Berau,55
2.2673416893850313,117.93550738811086,2,10.289999961853027,2026-08-14,SNPP,East Kalimantan,Berau,55
2.2673416893850313,117.93888248266728,2,10.289999961853027,2026-08-14,SNPP,East Kalimantan,Berau,55
2.2673416893850313,117.94225757722374,2,10.289999961853027,2026-08-14,SNPP,East Kalimantan,Berau,55
2.2673416893850313,117.94563267178019,1,1.590000033378601,2026-08-14,SNPP,East Kalimantan,Berau,55
2.2673416893850313,118.0030092792398,1,7.380000114440918,2026-08-14,SNPP,East Kalimantan,Berau,58
2.2673416893850313,118.00638437379624,1,7.380000114440918,2026-08-14,SNPP,East Kalimantan,Berau,58
2.2673416893850313,118.00975946835268,1,7.380000114440918,2026-08-14,SNPP,East Kalimantan,Berau,58
2.263969237164057,117.92848257399778,1,1.0099999904632568,2026-08-14,SNPP,East Kalimantan,Berau,55
2.263969237164057,117.93185766069449,1,8.170000076293945,2026-08-14,SNPP,East Kalimantan,Berau,55
2.263969237164057,117.93523274739124,2,10.289999961853027,2026-08-14,SNPP,East Kalimantan,Berau,55
2.263969237164057,117.93860783408797,2,10.289999961853027,2026-08-14,SNPP,East Kalimantan,Berau,55
2.263969237164057,117.94198292078472,2,10.289999961853027,2026-08-14,SNPP,East Kalimantan,Berau,55
2.263969237164057,117.95548326757168,1,0.8100000023841858,2026-08-14,SNPP,East Kalimantan,Berau,55
2.263969237164057,117.95885835426843,1,0.8100000023841858,2026-08-14,SNPP,East Kalimantan,Berau,55
2.263969237164057,117.99598430793259,1,1.559999942779541,2026-08-14,SNPP,East Kalimantan,Berau,58
2.263969237164057,117.99935939462934,1,3.75,2026-08-14,SNPP,East Kalimantan,Berau,58
2.263969237164057,118.00273448132607,1,7.380000114440918,2026-08-14,SNPP,East Kalimantan,Berau,58
2.263969237164057,118.0061095680228,1,7.380000114440918,2026-08-14,SNPP,East Kalimantan,Berau,58
2.263969237164057,118.00948465471956,1,7.380000114440918,2026-08-14,SNPP,East Kalimantan,Berau,58
2.2605967849430826,117.82695599338042,1,3.4000000953674316,2026-08-14,SNPP,East Kalimantan,Berau,57
2.2605967849430826,117.83033107222919,1,3.4000000953674316,2026-08-14,SNPP,East Kalimantan,Berau,57
2.2605967849430826,117.83370615107798,1,3.4000000953674316,2026-08-14,SNPP,East Kalimantan,Berau,57
2.2605967849430826,117.85395662417054,1,3.2300000190734863,2026-08-14,SNPP,East Kalimantan,Berau,55
2.2605967849430826,117.8573317030193,1,3.2300000190734863,2026-08-14,SNPP,East Kalimantan,Berau,55
2.2605967849430826,117.86070678186809,1,3.2300000190734863,2026-08-14,SNPP,East Kalimantan,Berau,55
2.2605967849430826,117.90458280690201,1,4.159999847412109,2026-08-14,SNPP,East Kalimantan,Berau,55
2.2605967849430826,117.90795788575078,1,4.159999847412109,2026-08-14,SNPP,East Kalimantan,Berau,55
2.2605967849430826,117.92820835884339,1,1.590000033378601,2026-08-14,SNPP,East Kalimantan,Berau,55
2.2605967849430826,117.93158343769213,1,10.289999961853027,2026-08-14,SNPP,East Kalimantan,Berau,55
2.2605967849430826,117.93495851654092,2,10.289999961853027,2026-08-14,SNPP,East Kalimantan,Berau,55
2.2605967849430826,117.93833359538965,2,10.289999961853027,2026-08-14,SNPP,East Kalimantan,Berau,55
2.2605967849430826,117.94170867423844,2,10.289999961853027,2026-08-14,SNPP,East Kalimantan,Berau,55
2.2605967849430826,117.95520898963348,1,1.309999942779541,2026-08-14,SNPP,East Kalimantan,Berau,55
2.2605967849430826,117.95858406848227,1,1.309999942779541,2026-08-14,SNPP,East Kalimantan,Berau,55
2.2605967849430826,117.9957099358187,1,1.559999942779541,2026-08-14,SNPP,East Kalimantan,Berau,58
2.2605967849430826,117.99908501466743,1,3.75,2026-08-14,SNPP,East Kalimantan,Berau,58
2.2605967849430826,118.00246009351622,1,7.380000114440918,2026-08-14,SNPP,East Kalimantan,Berau,58
2.2605967849430826,118.00583517236495,1,7.380000114440918,2026-08-14,SNPP,East Kalimantan,Berau,58
2.2605967849430826,118.00921025121374,1,7.380000114440918,2026-08-14,SNPP,East Kalimantan,Berau,58
2.2572243327221084,117.82668242315454,1,3.4000000953674316,2026-08-14,SNPP,East Kalimantan,Berau,57
2.2572243327221084,117.83005749416702,1,3.4000000953674316,2026-08-14,SNPP,East Kalimantan,Berau,57
2.2572243327221084,117.83343256517956,1,3.4000000953674316,2026-08-14,SNPP,East Kalimantan,Berau,57
2.2572243327221084,117.85368299125466,1,3.2300000190734863,2026-08-14,SNPP,East Kalimantan,Berau,55
2.2572243327221084,117.85705806226719,1,3.2300000190734863,2026-08-14,SNPP,East Kalimantan,Berau,55
2.2572243327221084,117.86043313327973,1,3.2300000190734863,2026-08-14,SNPP,East Kalimantan,Berau,55
2.2572243327221084,117.90430905644244,1,4.159999847412109,2026-08-14,SNPP,East Kalimantan,Berau,55
2.2572243327221084,117.90768412745494,1,4.159999847412109,2026-08-14,SNPP,East Kalimantan,Berau,55
2.2572243327221084,117.9279345535301,1,1.590000033378601,2026-08-14,SNPP,East Kalimantan,Berau,55
2.2572243327221084,117.93130962454258,1,10.289999961853027,2026-08-14,SNPP,East Kalimantan,Berau,55
2.2572243327221084,117.9346846955551,1,10.289999961853027,2026-08-14,SNPP,East Kalimantan,Berau,55
