{
"type": "FeatureCollection",
"name": "kalimantan_density_7d",
"crs": { "type": "name", "properties": { "name": "urn:ogc:def:crs:OGC:1.3:CRS84" } },
"features": [
{ "type": "Feature", "properties": { "lon_bin": 1, "lat_bin": 47, "count": 6 }, "geometry": { "type": "Polygon", "coordinates": [ [ [ 109.108593145423924, 0.432702851766288 ], [ 109.108593145423924, 0.532702851766287 ], [ 109.00859314542393, 0.532702851766287 ], [ 109.00859314542393, 0.432702851766288 ], [ 109.108593145423924, 0.432702851766288 ] ] ] } },
{ "type": "Feature", "properties": { "lon_bin": 2, "lat_bin": 38, "count": 4 }, "geometry": { "type": "Polygon", "coordinates": [ [ [ 109.208593145423919, -0.467297148233709 ], [ 109.208593145423919, -0.36729714823371 ], [ 109.108593145423924, -0.36729714823371 ], [ 109.108593145423924, -0.467297148233709 ], [ 109.208593145423919, -0.467297148233709 ] ] ] } },
{ "type": "Feature", "properties": { "lon_bin": 3, "lat_bin": 38, "count": 8 }, "geometry": { "type": "Polygon", "coordinates": [ [ [ 109.308593145423913, -0.467297148233709 ], [ 109.308593145423913, -0.36729714823371 ], [ 109.208593145423919, -0.36729714823371 ], [ 109.208593145423919, -0.467297148233709 ], [ 109.308593145423913, -0.467297148233709 ] ] ] } },
{ "type": "Feature", "properties": { "lon_bin": 3, "lat_bin": 44, "count": 13 }, "geometry": { "type": "Polygon", "coordinates": [ [ [ 109.308593145423913, 0.132702851766289 ], [ 109.308593145423913, 0.232702851766288 ], [ 109.208593145423919, 0.232702851766288 ], [ 109.208593145423919, 0.132702851766289 ], [ 109.308593145423913, 0.132702851766289 ] ] ] } },
{ "type": "Feature", "properties": { "lon_bin": 4, "lat_bin": 43, "count": 9 }, "geometry": { "type": "Polygon", "coordinates": [ [ [ 109.408593145423907, 0.032702851766289 ], [ 109.408593145423907, 0.132702851766289 ], [ 109.308593145423913, 0.132702851766289 ], [ 109.308593145423913, 0.032702851766289 ], [ 109.408593145423907, 0.032702851766289 ] ] ] } },
{ "type": "Feature", "properties": { "lon_bin": 5, "lat_bin": 30, "count": 25 }, "geometry": { "type": "Polygon", "coordinates": [ [ [ 109.508593145423902, -1.267297148233706 ], [ 109.508593145423902, -1.167297148233707 ], [ 109.408593145423907, -1.167297148233707 ], [ 109.408593145423907, -1.267297148233706 ], [ 109.508593145423902, -1.267297148233706 ] ] ] } },
{ "type": "Feature", "properties": { "lon_bin": 5, "lat_bin": 38, "count": 9 }, "geometry": { "type": "Polygon", "coordinates": [ [ [ 109.508593145423902, -0.467297148233709 ], [ 109.508593145423902, -0.36729714823371 ], [ 109.408593145423907, -0.36729714823371 ], [ 109.408593145423907, -0.467297148233709 ], [ 109.508593145423902, -0.467297148233709 ] ] ] } },
{ "type": "Feature", "properties": { "lon_bin": 5, "lat_bin": 39, "count": 3 }, "geometry": { "type": "Polygon", "coordinates": [ [ [ 109.508593145423902, -0.36729714823371 ], [ 109.508593145423902, -0.26729714823371 ], [ 109.408593145423907, -0.26729714823371 ], [ 109.408593145423907, -0.36729714823371 ], [ 109.508593145423902, -0.36729714823371 ] ] ] } },
{ "type": "Feature", "properties": { "lon_bin": 7, "lat_bin": 32, "count": 7 }, "geometry": { "type": "Polygon", "coordinates": [ [ [ 109.70859314542389, -1.067297148233707 ], [ 109.70859314542389, -0.967297148233707 ], [ 109.608593145423896, -0.967297148233707 ], [ 109.608593145423896, -1.067297148233707 ], [ 109.70859314542389, -1.067297148233707 ] ] ] } },
{ "type": "Feature", "properties": { "lon_bin": 7, "lat_bin": 34, "count": 15 }, "geometry": { "type": "Polygon", "coordinates": [ [ [ 109.70859314542389, -0.867297148233708 ], [ 109.70859314542389, -0.767297148233708 ], [ 109.608593145423896, -0.767297148233708 ], [ 109.608593145423896, -0.867297148233708 ], [ 109.70859314542389, -0.867297148233708 ] ] ] } },
{ "type": "Feature", "properties": { "lon_bin": 7, "lat_bin": 39, "count": 9 }, "geometry": { "type": "Polygon", "coordinates": [ [ [ 109.70859314542389, -0.36729714823371 ], [ 109.70859314542389, -0.26729714823371 ], [ 109.608593145423896, -0.26729714823371 ], [ 109.608593145423896, -0.36729714823371 ], [ 109.70859314542389, -0.36729714823371 ] ] ] } },
{ "type": "Feature", "properties": { "lon_bin": 8, "lat_bin": 31, "count": 6 }, "geometry": { "type": "Polygon", "coordinates": [ [ [ 109.808593145423885, -1.167297148233707 ], [ 109.808593145423885, -1.067297148233707 ], [ 109.70859314542389, -1.067297148233707 ], [ 109.70859314542389, -1.167297148233707 ], [ 109.808593145423885, -1.167297148233707 ] ] ] } },
{ "type": "Feature", "properties": { "lon_bin": 8, "lat_bin": 32, "count": 8 }, "geometry": { "type": "Polygon", "coordinates": [ [ [ 109.808593145423885, -1.067297148233707 ], [ 109.808593145423885, -0.967297148233707 ], [ 109.70859314542389, -0.967297148233707 ], [ 109.70859314542389, -1.067297148233707 ], [ 109.808593145423885, -1.067297148233707 ] ] ] } },
{ "type": "Feature", "properties": { "lon_bin": 10, "lat_bin": 31, "count": 18 }, "geometry": { "type": "Polygon", "coordinates": [ [ [ 110.008593145423873, -1.167297148233707 ], [ 110.008593145423873, -1.067297148233707 ], [ 109.908593145423879, -1.067297148233707 ], [ 109.908593145423879, -1.167297148233707 ], [ 110.008593145423873, -1.167297148233707 ] ] ] } },
{ "type": "Feature", "properties": { "lon_bin": 11, "lat_bin": 28, "count": 27 }, "geometry": { "type": "Polygon", "coordinates": [ [ [ 110.108593145423868, -1.467297148233706 ], [ 110.108593145423868, -1.367297148233706 ], [ 110.008593145423873, -1.367297148233706 ], [ 110.008593145423873, -1.467297148233706 ], [ 110.108593145423868, -1.467297148233706 ] ] ] } },
{ "type": "Feature", "properties": { "lon_bin": 11, "lat_bin": 29, "count": 17 }, "geometry": { "type": "Polygon", "coordinates": [ [ [ 110.108593145423868, -1.367297148233706 ], [ 110.108593145423868, -1.267297148233706 ], [ 110.008593145423873, -1.267297148233706 ], [ 110.008593145423873, -1.367297148233706 ], [ 110.108593145423868, -1.367297148233706 ] ] ] } },
{ "type": "Feature", "properties": { "lon_bin": 12, "lat_bin": 23, "count": 18 }, "geometry": { "type": "Polygon", "coordinates": [ [ [ 110.208593145423862, -1.967297148233704 ], [ 110.208593145423862, -1.867297148233704 ], [ 110.108593145423868, -1.867297148233704 ], [ 110.108593145423868, -1.967297148233704 ], [ 110.208593145423862, -1.967297148233704 ] ] ] } },
{ "type": "Feature", "properties": { "lon_bin": 12, "lat_bin": 24, "count": 17 }, "geometry": { "type": "Polygon", "coordinates": [ [ [ 110.208593145423862, -1.867297148233704 ], [ 110.208593145423862, -1.767297148233705 ], [ 110.108593145423868, -1.767297148233705 ], [ 110.108593145423868, -1.867297148233704 ], [ 110.208593145423862, -1.867297148233704 ] ] ] } },
{ "type": "Feature", "properties": { "lon_bin": 12, "lat_bin": 25, "count": 35 }, "geometry": { "type": "Polygon", "coordinates": [ [ [ 110.208593145423862, -1.767297148233705 ], [ 110.208593145423862, -1.667297148233705 ], [ 110.108593145423868, -1.667297148233705 ], [ 110.108593145423868, -1.767297148233705 ], [ 110.208593145423862, -1.767297148233705 ] ] ] } },
{ "type": "Feature", "properties": { "lon_bin": 12, "lat_bin": 27, "count": 5 }, "geometry": { "type": "Polygon", "coordinates": [ [ [ 110.208593145423862, -1.567297148233705 ], [ 110.208593145423862, -1.467297148233706 ], [ 110.108593145423868, -1.467297148233706 ], [ 110.108593145423868, -1.567297148233705 ], [ 110.208593145423862, -1.567297148233705 ] ] ] } },
{ "type": "Feature", "properties": { "lon_bin": 12, "lat_bin": 28, "count": 49 }, "geometry": { "type": "Polygon", "coordinates": [ [ [ 110.208593145423862, -1.467297148233706 ], [ 110.208593145423862, -1.367297148233706 ], [ 110.108593145423868, -1.367297148233706 ], [ 110.108593145423868, -1.467297148233706 ], [ 110.208593145423862, -1.467297148233706 ] ] ] } },
{ "type": "Feature", "properties": { "lon_bin": 12, "lat_bin": 29, "count": 9 }, "geometry": { "type": "Polygon", "coordinates": [ [ [ 110.208593145423862, -1.367297148233706 ], [ 110.208593145423862, -1.267297148233706 ], [ 110.108593145423868, -1.267297148233706 ], [ 110.108593145423868, -1.367297148233706 ], [ 110.208593145423862, -1.367297148233706 ] ] ] } },
{ "type": "Feature", "properties": { "lon_bin": 12, "lat_bin": 31, "count": 6 }, "geometry": { "type": "Polygon", "coordinates": [ [ [ 110.208593145423862, -1.167297148233707 ], [ 110.208593145423862, -1.067297148233707 ], [ 110.108593145423868, -1.067297148233707 ], [ 110.108593145423868, -1.167297148233707 ], [ 110.208593145423862, -1.167297148233707 ] ] ] } },
{ "type": "Feature", "properties": { "lon_bin": 12, "lat_bin": 33, "count": 7 }, "geometry": { "type": "Polygon", "coordinates": [ [ [ 110.208593145423862, -0.967297148233707 ], [ 110.208593145423862, -0.867297148233708 ], [ 110.108593145423868, -0.867297148233708 ], [ 110.108593145423868, -0.967297148233707 ], [ 110.208593145423862, -0.967297148233707 ] ] ] } },
{ "type": "Feature", "properties": { "lon_bin": 13, "lat_bin": 25, "count": 53 }, "geometry": { "type": "Polygon", "coordinates": [ [ [ 110.308593145423856, -1.767297148233705 ], [ 110.308593145423856, -1.667297148233705 ], [ 110.208593145423862, -1.667297148233705 ], [ 110.208593145423862, -1.767297148233705 ], [ 110.308593145423856, -1.767297148233705 ] ] ] } },
{ "type": "Feature", "properties": { "lon_bin": 13, "lat_bin": 28, "count": 9 }, "geometry": { "type": "Polygon", "coordinates": [ [ [ 110.308593145423856, -1.467297148233706 ], [ 110.308593145423856, -1.367297148233706 ], [ 110.208593145423862, -1.367297148233706 ], [ 110.208593145423862, -1.467297148233706 ], [ 110.308593145423856, -1.467297148233706 ] ] ] } },
{ "type": "Feature", "properties": { "lon_bin": 13, "lat_bin": 31, "count": 3 }, "geometry": { "type": "Polygon", "coordinates": [ [ [ 110.308593145423856, -1.167297148233707 ], [ 110.308593145423856, -1.067297148233707 ], [ 110.208593145423862, -1.067297148233707 ], [ 110.208593145423862, -1.167297148233707 ], [ 110.308593145423856, -1.167297148233707 ] ] ] } },
{ "type": "Feature", "properties": { "lon_bin": 13, "lat_bin": 33, "count": 10 }, "geometry": { "type": "Polygon", "coordinates": [ [ [ 110.308593145423856, -0.967297148233707 ], [ 110.308593145423856, -0.867297148233708 ], [ 110.208593145423862, -0.867297148233708 ], [ 110.208593145423862, -0.967297148233707 ], [ 110.308593145423856, -0.967297148233707 ] ] ] } },
{ "type": "Feature", "properties": { "lon_bin": 14, "lat_bin": 36, "count": 6 }, "geometry": { "type": "Polygon", "coordinates": [ [ [ 110.408593145423851, -0.667297148233708 ], [ 110.408593145423851, -0.567297148233709 ], [ 110.308593145423856, -0.567297148233709 ], [ 110.308593145423856, -0.667297148233708 ], [ 110.408593145423851, -0.667297148233708 ] ] ] } },
{ "type": "Feature", "properties": { "lon_bin": 15, "lat_bin": 31, "count": 23 }, "geometry": { "type": "Polygon", "coordinates": [ [ [ 110.508593145423845, -1.167297148233707 ], [ 110.508593145423845, -1.067297148233707 ], [ 110.408593145423851, -1.067297148233707 ], [ 110.408593145423851, -1.167297148233707 ], [ 110.508593145423845, -1.167297148233707 ] ] ] } },
{ "type": "Feature", "properties": { "lon_bin": 15, "lat_bin": 33, "count": 18 }, "geometry": { "type": "Polygon", "coordinates": [ [ [ 110.508593145423845, -0.967297148233707 ], [ 110.508593145423845, -0.867297148233708 ], [ 110.408593145423851, -0.867297148233708 ], [ 110.408593145423851, -0.967297148233707 ], [ 110.508593145423845, -0.967297148233707 ] ] ] } },
{ "type": "Feature", "properties": { "lon_bin": 17, "lat_bin": 23, "count": 9 }, "geometry": { "type": "Polygon", "coordinates": [ [ [ 110.708593145423833, -1.967297148233704 ], [ 110.708593145423833, -1.867297148233704 ], [ 110.608593145423839, -1.867297148233704 ], [ 110.608593145423839, -1.967297148233704 ], [ 110.708593145423833, -1.967297148233704 ] ] ] } },
{ "type": "Feature", "properties": { "lon_bin": 17, "lat_bin": 31, "count": 11 }, "geometry": { "type": "Polygon", "coordinates": [ [ [ 110.708593145423833, -1.167297148233707 ], [ 110.708593145423833, -1.067297148233707 ], [ 110.608593145423839, -1.067297148233707 ], [ 110.608593145423839, -1.167297148233707 ], [ 110.708593145423833, -1.167297148233707 ] ] ] } },
{ "type": "Feature", "properties": { "lon_bin": 17, "lat_bin": 32, "count": 3 }, "geometry": { "type": "Polygon", "coordinates": [ [ [ 110.708593145423833, -1.067297148233707 ], [ 110.708593145423833, -0.967297148233707 ], [ 110.608593145423839, -0.967297148233707 ], [ 110.608593145423839, -1.067297148233707 ], [ 110.708593145423833, -1.067297148233707 ] ] ] } },
{ "type": "Feature", "properties": { "lon_bin": 17, "lat_bin": 33, "count": 3 }, "geometry": { "type": "Polygon", "coordinates": [ [ [ 110.708593145423833, -0.967297148233707 ], [ 110.708593145423833, -0.867297148233708 ], [ 110.608593145423839, -0.867297148233708 ], [ 110.608593145423839, -0.967297148233707 ], [ 110.708593145423833, -0.967297148233707 ] ] ] } },
{ "type": "Feature", "properties": { "lon_bin": 17, "lat_bin": 43, "count": 6 }, "geometry": { "type": "Polygon", "coordinates": [ [ [ 110.708593145423833, 0.032702851766289 ], [ 110.708593145423833, 0.132702851766289 ], [ 110.608593145423839, 0.132702851766289 ], [ 110.608593145423839, 0.032702851766289 ], [ 110.708593145423833, 0.032702851766289 ] ] ] } },
{ "type": "Feature", "properties": { "lon_bin": 18, "lat_bin": 22, "count": 9 }, "geometry": { "type": "Polygon", "coordinates": [ [ [ 110.808593145423828, -2.067297148233703 ], [ 110.808593145423828, -1.967297148233704 ], [ 110.708593145423833, -1.967297148233704 ], [ 110.708593145423833, -2.067297148233703 ], [ 110.808593145423828, -2.067297148233703 ] ] ] } },
{ "type": "Feature", "properties": { "lon_bin": 19, "lat_bin": 26, "count": 6 }, "geometry": { "type": "Polygon", "coordinates": [ [ [ 110.908593145423822, -1.667297148233705 ], [ 110.908593145423822, -1.567297148233705 ], [ 110.808593145423828, -1.567297148233705 ], [ 110.808593145423828, -1.667297148233705 ], [ 110.908593145423822, -1.667297148233705 ] ] ] } },
{ "type": "Feature", "properties": { "lon_bin": 20, "lat_bin": 45, "count": 12 }, "geometry": { "type": "Polygon", "coordinates": [ [ [ 111.008593145423816, 0.232702851766288 ], [ 111.008593145423816, 0.332702851766288 ], [ 110.908593145423822, 0.332702851766288 ], [ 110.908593145423822, 0.232702851766288 ], [ 111.008593145423816, 0.232702851766288 ] ] ] } },
{ "type": "Feature", "properties": { "lon_bin": 20, "lat_bin": 46, "count": 9 }, "geometry": { "type": "Polygon", "coordinates": [ [ [ 111.008593145423816, 0.332702851766288 ], [ 111.008593145423816, 0.432702851766288 ], [ 110.908593145423822, 0.432702851766288 ], [ 110.908593145423822, 0.332702851766288 ], [ 111.008593145423816, 0.332702851766288 ] ] ] } },
{ "type": "Feature", "properties": { "lon_bin": 20, "lat_bin": 51, "count": 6 }, "geometry": { "type": "Polygon", "coordinates": [ [ [ 111.008593145423816, 0.832702851766286 ], [ 111.008593145423816, 0.932702851766286 ], [ 110.908593145423822, 0.932702851766286 ], [ 110.908593145423822, 0.832702851766286 ], [ 111.008593145423816, 0.832702851766286 ] ] ] } },
{ "type": "Feature", "properties": { "lon_bin": 21, "lat_bin": 23, "count": 27 }, "geometry": { "type": "Polygon", "coordinates": [ [ [ 111.108593145423811, -1.967297148233704 ], [ 111.108593145423811, -1.867297148233704 ], [ 111.008593145423816, -1.867297148233704 ], [ 111.008593145423816, -1.967297148233704 ], [ 111.108593145423811, -1.967297148233704 ] ] ] } },
{ "type": "Feature", "properties": { "lon_bin": 22, "lat_bin": 14, "count": 19 }, "geometry": { "type": "Polygon", "coordinates": [ [ [ 111.208593145423805, -2.867297148233701 ], [ 111.208593145423805, -2.767297148233701 ], [ 111.108593145423811, -2.767297148233701 ], [ 111.108593145423811, -2.867297148233701 ], [ 111.208593145423805, -2.867297148233701 ] ] ] } },
{ "type": "Feature", "properties": { "lon_bin": 22, "lat_bin": 17, "count": 4 }, "geometry": { "type": "Polygon", "coordinates": [ [ [ 111.208593145423805, -2.567297148233702 ], [ 111.208593145423805, -2.467297148233702 ], [ 111.108593145423811, -2.467297148233702 ], [ 111.108593145423811, -2.567297148233702 ], [ 111.208593145423805, -2.567297148233702 ] ] ] } },
{ "type": "Feature", "properties": { "lon_bin": 22, "lat_bin": 23, "count": 3 }, "geometry": { "type": "Polygon", "coordinates": [ [ [ 111.208593145423805, -1.967297148233704 ], [ 111.208593145423805, -1.867297148233704 ], [ 111.108593145423811, -1.867297148233704 ], [ 111.108593145423811, -1.967297148233704 ], [ 111.208593145423805, -1.967297148233704 ] ] ] } },
{ "type": "Feature", "properties": { "lon_bin": 22, "lat_bin": 39, "count": 2 }, "geometry": { "type": "Polygon", "coordinates": [ [ [ 111.208593145423805, -0.36729714823371 ], [ 111.208593145423805, -0.26729714823371 ], [ 111.108593145423811, -0.26729714823371 ], [ 111.108593145423811, -0.36729714823371 ], [ 111.208593145423805, -0.36729714823371 ] ] ] } },
{ "type": "Feature", "properties": { "lon_bin": 22, "lat_bin": 45, "count": 12 }, "geometry": { "type": "Polygon", "coordinates": [ [ [ 111.208593145423805, 0.232702851766288 ], [ 111.208593145423805, 0.332702851766288 ], [ 111.108593145423811, 0.332702851766288 ], [ 111.108593145423811, 0.232702851766288 ], [ 111.208593145423805, 0.232702851766288 ] ] ] } },
{ "type": "Feature", "properties": { "lon_bin": 23, "lat_bin": 39, "count": 4 }, "geometry": { "type": "Polygon", "coordinates": [ [ [ 111.308593145423799, -0.36729714823371 ], [ 111.308593145423799, -0.26729714823371 ], [ 111.208593145423805, -0.26729714823371 ], [ 111.208593145423805, -0.36729714823371 ], [ 111.308593145423799, -0.36729714823371 ] ] ] } },
{ "type": "Feature", "properties": { "lon_bin": 24, "lat_bin": 25, "count": 6 }, "geometry": { "type": "Polygon", "coordinates": [ [ [ 111.408593145423794, -1.767297148233705 ], [ 111.408593145423794, -1.667297148233705 ], [ 111.308593145423799, -1.667297148233705 ], [ 111.308593145423799, -1.767297148233705 ], [ 111.408593145423794, -1.767297148233705 ] ] ] } },
{ "type": "Feature", "properties": { "lon_bin": 25, "lat_bin": 39, "count": 6 }, "geometry": { "type": "Polygon", "coordinates": [ [ [ 111.508593145423788, -0.36729714823371 ], [ 111.508593145423788, -0.26729714823371 ], [ 111.408593145423794, -0.26729714823371 ], [ 111.408593145423794, -0.36729714823371 ], [ 111.508593145423788, -0.36729714823371 ] ] ] } },
{ "type": "Feature", "properties": { "lon_bin": 25, "lat_bin": 43, "count": 8 }, "geometry": { "type": "Polygon", "coordinates": [ [ [ 111.508593145423788, 0.032702851766289 ], [ 111.508593145423788, 0.132702851766289 ], [ 111.408593145423794, 0.132702851766289 ], [ 111.408593145423794, 0.032702851766289 ], [ 111.508593145423788, 0.032702851766289 ] ] ] } },
{ "type": "Feature", "properties": { "lon_bin": 25, "lat_bin": 44, "count": 4 }, "geometry": { "type": "Polygon", "coordinates": [ [ [ 111.508593145423788, 0.132702851766289 ], [ 111.508593145423788, 0.232702851766288 ], [ 111.408593145423794, 0.232702851766288 ], [ 111.408593145423794, 0.132702851766289 ], [ 111.508593145423788, 0.132702851766289 ] ] ] } },
{ "type": "Feature", "properties": { "lon_bin": 26, "lat_bin": 16, "count": 38 }, "geometry": { "type": "Polygon", "coordinates": [ [ [ 111.608593145423782, -2.667297148233701 ], [ 111.608593145423782, -2.567297148233702 ], [ 111.508593145423788, -2.567297148233702 ], [ 111.508593145423788, -2.667297148233701 ], [ 111.608593145423782, -2.667297148233701 ] ] ] } },
{ "type": "Feature", "properties": { "lon_bin": 26, "lat_bin": 39, "count": 40 }, "geometry": { "type": "Polygon", "coordinates": [ [ [ 111.608593145423782, -0.36729714823371 ], [ 111.608593145423782, -0.26729714823371 ], [ 111.508593145423788, -0.26729714823371 ], [ 111.508593145423788, -0.36729714823371 ], [ 111.608593145423782, -0.36729714823371 ] ] ] } },
{ "type": "Feature", "properties": { "lon_bin": 26, "lat_bin": 40, "count": 14 }, "geometry": { "type": "Polygon", "coordinates": [ [ [ 111.608593145423782, -0.26729714823371 ], [ 111.608593145423782, -0.16729714823371 ], [ 111.508593145423788, -0.16729714823371 ], [ 111.508593145423788, -0.26729714823371 ], [ 111.608593145423782, -0.26729714823371 ] ] ] } },
{ "type": "Feature", "properties": { "lon_bin": 26, "lat_bin": 43, "count": 5 }, "geometry": { "type": "Polygon", "coordinates": [ [ [ 111.608593145423782, 0.032702851766289 ], [ 111.608593145423782, 0.132702851766289 ], [ 111.508593145423788, 0.132702851766289 ], [ 111.508593145423788, 0.032702851766289 ], [ 111.608593145423782, 0.032702851766289 ] ] ] } },
{ "type": "Feature", "properties": { "lon_bin": 26, "lat_bin": 47, "count": 9 }, "geometry": { "type": "Polygon", "coordinates": [ [ [ 111.608593145423782, 0.432702851766288 ], [ 111.608593145423782, 0.532702851766287 ], [ 111.508593145423788, 0.532702851766287 ], [ 111.508593145423788, 0.432702851766288 ], [ 111.608593145423782, 0.432702851766288 ] ] ] } },
{ "type": "Feature", "properties": { "lon_bin": 27, "lat_bin": 39, "count": 13 }, "geometry": { "type": "Polygon", "coordinates": [ [ [ 111.708593145423777, -0.36729714823371 ], [ 111.708593145423777, -0.26729714823371 ], [ 111.608593145423782, -0.26729714823371 ], [ 111.608593145423782, -0.36729714823371 ], [ 111.708593145423777, -0.36729714823371 ] ] ] } },
{ "type": "Feature", "properties": { "lon_bin": 27, "lat_bin": 40, "count": 48 }, "geometry": { "type": "Polygon", "coordinates": [ [ [ 111.708593145423777, -0.26729714823371 ], [ 111.708593145423777, -0.16729714823371 ], [ 111.608593145423782, -0.16729714823371 ], [ 111.608593145423782, -0.26729714823371 ], [ 111.708593145423777, -0.26729714823371 ] ] ] } },
{ "type": "Feature", "properties": { "lon_bin": 27, "lat_bin": 43, "count": 19 }, "geometry": { "type": "Polygon", "coordinates": [ [ [ 111.708593145423777, 0.032702851766289 ], [ 111.708593145423777, 0.132702851766289 ], [ 111.608593145423782, 0.132702851766289 ], [ 111.608593145423782, 0.032702851766289 ], [ 111.708593145423777, 0.032702851766289 ] ] ] } },
{ "type": "Feature", "properties": { "lon_bin": 28, "lat_bin": 19, "count": 4 }, "geometry": { "type": "Polygon", "coordinates": [ [ [ 111.808593145423771, -2.367297148233702 ], [ 111.808593145423771, -2.267297148233703 ], [ 111.708593145423777, -2.267297148233703 ], [ 111.708593145423777, -2.367297148233702 ], [ 111.808593145423771, -2.367297148233702 ] ] ] } },
{ "type": "Feature", "properties": { "lon_bin": 28, "lat_bin": 40, "count": 4 }, "geometry": { "type": "Polygon", "coordinates": [ [ [ 111.808593145423771, -0.26729714823371 ], [ 111.808593145423771, -0.16729714823371 ], [ 111.708593145423777, -0.16729714823371 ], [ 111.708593145423777, -0.26729714823371 ], [ 111.808593145423771, -0.26729714823371 ] ] ] } },
{ "type": "Feature", "properties": { "lon_bin": 28, "lat_bin": 49, "count": 6 }, "geometry": { "type": "Polygon", "coordinates": [ [ [ 111.808593145423771, 0.632702851766287 ], [ 111.808593145423771, 0.732702851766287 ], [ 111.708593145423777, 0.732702851766287 ], [ 111.708593145423777, 0.632702851766287 ], [ 111.808593145423771, 0.632702851766287 ] ] ] } },
{ "type": "Feature", "properties": { "lon_bin": 29, "lat_bin": 40, "count": 9 }, "geometry": { "type": "Polygon", "coordinates": [ [ [ 111.908593145423765, -0.26729714823371 ], [ 111.908593145423765, -0.16729714823371 ], [ 111.808593145423771, -0.16729714823371 ], [ 111.808593145423771, -0.26729714823371 ], [ 111.908593145423765, -0.26729714823371 ] ] ] } },
{ "type": "Feature", "properties": { "lon_bin": 30, "lat_bin": 22, "count": 9 }, "geometry": { "type": "Polygon", "coordinates": [ [ [ 112.00859314542376, -2.067297148233703 ], [ 112.00859314542376, -1.967297148233704 ], [ 111.908593145423765, -1.967297148233704 ], [ 111.908593145423765, -2.067297148233703 ], [ 112.00859314542376, -2.067297148233703 ] ] ] } },
{ "type": "Feature", "properties": { "lon_bin": 31, "lat_bin": 38, "count": 9 }, "geometry": { "type": "Polygon", "coordinates": [ [ [ 112.108593145423754, -0.467297148233709 ], [ 112.108593145423754, -0.36729714823371 ], [ 112.00859314542376, -0.36729714823371 ], [ 112.00859314542376, -0.467297148233709 ], [ 112.108593145423754, -0.467297148233709 ] ] ] } },
{ "type": "Feature", "properties": { "lon_bin": 31, "lat_bin": 53, "count": 9 }, "geometry": { "type": "Polygon", "coordinates": [ [ [ 112.108593145423754, 1.032702851766286 ], [ 112.108593145423754, 1.132702851766285 ], [ 112.00859314542376, 1.132702851766285 ], [ 112.00859314542376, 1.032702851766286 ], [ 112.108593145423754, 1.032702851766286 ] ] ] } },
{ "type": "Feature", "properties": { "lon_bin": 32, "lat_bin": 19, "count": 6 }, "geometry": { "type": "Polygon", "coordinates": [ [ [ 112.208593145423748, -2.367297148233702 ], [ 112.208593145423748, -2.267297148233703 ], [ 112.108593145423754, -2.267297148233703 ], [ 112.108593145423754, -2.367297148233702 ], [ 112.208593145423748, -2.367297148233702 ] ] ] } },
{ "type": "Feature", "properties": { "lon_bin": 32, "lat_bin": 51, "count": 12 }, "geometry": { "type": "Polygon", "coordinates": [ [ [ 112.208593145423748, 0.832702851766286 ], [ 112.208593145423748, 0.932702851766286 ], [ 112.108593145423754, 0.932702851766286 ], [ 112.108593145423754, 0.832702851766286 ], [ 112.208593145423748, 0.832702851766286 ] ] ] } },
{ "type": "Feature", "properties": { "lon_bin": 33, "lat_bin": 12, "count": 6 }, "geometry": { "type": "Polygon", "coordinates": [ [ [ 112.308593145423742, -3.0672971482337 ], [ 112.308593145423742, -2.9672971482337 ], [ 112.208593145423748, -2.9672971482337 ], [ 112.208593145423748, -3.0672971482337 ], [ 112.308593145423742, -3.0672971482337 ] ] ] } },
{ "type": "Feature", "properties": { "lon_bin": 33, "lat_bin": 38, "count": 12 }, "geometry": { "type": "Polygon", "coordinates": [ [ [ 112.308593145423742, -0.467297148233709 ], [ 112.308593145423742, -0.36729714823371 ], [ 112.208593145423748, -0.36729714823371 ], [ 112.208593145423748, -0.467297148233709 ], [ 112.308593145423742, -0.467297148233709 ] ] ] } },
{ "type": "Feature", "properties": { "lon_bin": 33, "lat_bin": 53, "count": 12 }, "geometry": { "type": "Polygon", "coordinates": [ [ [ 112.308593145423742, 1.032702851766286 ], [ 112.308593145423742, 1.132702851766285 ], [ 112.208593145423748, 1.132702851766285 ], [ 112.208593145423748, 1.032702851766286 ], [ 112.308593145423742, 1.032702851766286 ] ] ] } },
{ "type": "Feature", "properties": { "lon_bin": 34, "lat_bin": 10, "count": 4 }, "geometry": { "type": "Polygon", "coordinates": [ [ [ 112.408593145423737, -3.267297148233699 ], [ 112.408593145423737, -3.1672971482337 ], [ 112.308593145423742, -3.1672971482337 ], [ 112.308593145423742, -3.267297148233699 ], [ 112.408593145423737, -3.267297148233699 ] ] ] } },
{ "type": "Feature", "properties": { "lon_bin": 34, "lat_bin": 11, "count": 8 }, "geometry": { "type": "Polygon", "coordinates": [ [ [ 112.408593145423737, -3.1672971482337 ], [ 112.408593145423737, -3.0672971482337 ], [ 112.308593145423742, -3.0672971482337 ], [ 112.308593145423742, -3.1672971482337 ], [ 112.408593145423737, -3.1672971482337 ] ] ] } },
{ "type": "Feature", "properties": { "lon_bin": 34, "lat_bin": 24, "count": 6 }, "geometry": { "type": "Polygon", "coordinates": [ [ [ 112.408593145423737, -1.867297148233704 ], [ 112.408593145423737, -1.767297148233705 ], [ 112.308593145423742, -1.767297148233705 ], [ 112.308593145423742, -1.867297148233704 ], [ 112.408593145423737, -1.867297148233704 ] ] ] } },
{ "type": "Feature", "properties": { "lon_bin": 35, "lat_bin": 23, "count": 11 }, "geometry": { "type": "Polygon", "coordinates": [ [ [ 112.508593145423731, -1.967297148233704 ], [ 112.508593145423731, -1.867297148233704 ], [ 112.408593145423737, -1.867297148233704 ], [ 112.408593145423737, -1.967297148233704 ], [ 112.508593145423731, -1.967297148233704 ] ] ] } },
{ "type": "Feature", "properties": { "lon_bin": 36, "lat_bin": 10, "count": 6 }, "geometry": { "type": "Polygon", "coordinates": [ [ [ 112.608593145423725, -3.267297148233699 ], [ 112.608593145423725, -3.1672971482337 ], [ 112.508593145423731, -3.1672971482337 ], [ 112.508593145423731, -3.267297148233699 ], [ 112.608593145423725, -3.267297148233699 ] ] ] } },
{ "type": "Feature", "properties": { "lon_bin": 37, "lat_bin": 12, "count": 27 }, "geometry": { "type": "Polygon", "coordinates": [ [ [ 112.70859314542372, -3.0672971482337 ], [ 112.70859314542372, -2.9672971482337 ], [ 112.608593145423725, -2.9672971482337 ], [ 112.608593145423725, -3.0672971482337 ], [ 112.70859314542372, -3.0672971482337 ] ] ] } },
{ "type": "Feature", "properties": { "lon_bin": 38, "lat_bin": 11, "count": 3 }, "geometry": { "type": "Polygon", "coordinates": [ [ [ 112.808593145423714, -3.1672971482337 ], [ 112.808593145423714, -3.0672971482337 ], [ 112.70859314542372, -3.0672971482337 ], [ 112.70859314542372, -3.1672971482337 ], [ 112.808593145423714, -3.1672971482337 ] ] ] } },
{ "type": "Feature", "properties": { "lon_bin": 38, "lat_bin": 15, "count": 12 }, "geometry": { "type": "Polygon", "coordinates": [ [ [ 112.808593145423714, -2.767297148233701 ], [ 112.808593145423714, -2.667297148233701 ], [ 112.70859314542372, -2.667297148233701 ], [ 112.70859314542372, -2.767297148233701 ], [ 112.808593145423714, -2.767297148233701 ] ] ] } },
{ "type": "Feature", "properties": { "lon_bin": 39, "lat_bin": 11, "count": 87 }, "geometry": { "type": "Polygon", "coordinates": [ [ [ 112.908593145423708, -3.1672971482337 ], [ 112.908593145423708, -3.0672971482337 ], [ 112.808593145423714, -3.0672971482337 ], [ 112.808593145423714, -3.1672971482337 ], [ 112.908593145423708, -3.1672971482337 ] ] ] } },
{ "type": "Feature", "properties": { "lon_bin": 39, "lat_bin": 12, "count": 101 }, "geometry": { "type": "Polygon", "coordinates": [ [ [ 112.908593145423708, -3.0672971482337 ], [ 112.908593145423708, -2.9672971482337 ], [ 112.808593145423714, -2.9672971482337 ], [ 112.808593145423714, -3.0672971482337 ], [ 112.908593145423708, -3.0672971482337 ] ] ] } },
{ "type": "Feature", "properties": { "lon_bin": 39, "lat_bin": 13, "count": 48 }, "geometry": { "type": "Polygon", "coordinates": [ [ [ 112.908593145423708, -2.9672971482337 ], [ 112.908593145423708, -2.867297148233701 ], [ 112.808593145423714, -2.867297148233701 ], [ 112.808593145423714, -2.9672971482337 ], [ 112.908593145423708, -2.9672971482337 ] ] ] } },
{ "type": "Feature", "properties": { "lon_bin": 39, "lat_bin": 14, "count": 21 }, "geometry": { "type": "Polygon", "coordinates": [ [ [ 112.908593145423708, -2.867297148233701 ], [ 112.908593145423708, -2.767297148233701 ], [ 112.808593145423714, -2.767297148233701 ], [ 112.808593145423714, -2.867297148233701 ], [ 112.908593145423708, -2.867297148233701 ] ] ] } },
{ "type": "Feature", "properties": { "lon_bin": 39, "lat_bin": 15, "count": 15 }, "geometry": { "type": "Polygon", "coordinates": [ [ [ 112.908593145423708, -2.767297148233701 ], [ 112.908593145423708, -2.667297148233701 ], [ 112.808593145423714, -2.667297148233701 ], [ 112.808593145423714, -2.767297148233701 ], [ 112.908593145423708, -2.767297148233701 ] ] ] } },
{ "type": "Feature", "properties": { "lon_bin": 39, "lat_bin": 16, "count": 15 }, "geometry": { "type": "Polygon", "coordinates": [ [ [ 112.908593145423708, -2.667297148233701 ], [ 112.908593145423708, -2.567297148233702 ], [ 112.808593145423714, -2.567297148233702 ], [ 112.808593145423714, -2.667297148233701 ], [ 112.908593145423708, -2.667297148233701 ] ] ] } },
{ "type": "Feature", "properties": { "lon_bin": 39, "lat_bin": 17, "count": 42 }, "geometry": { "type": "Polygon", "coordinates": [ [ [ 112.908593145423708, -2.567297148233702 ], [ 112.908593145423708, -2.467297148233702 ], [ 112.808593145423714, -2.467297148233702 ], [ 112.808593145423714, -2.567297148233702 ], [ 112.908593145423708, -2.567297148233702 ] ] ] } },
{ "type": "Feature", "properties": { "lon_bin": 39, "lat_bin": 19, "count": 4 }, "geometry": { "type": "Polygon", "coordinates": [ [ [ 112.908593145423708, -2.367297148233702 ], [ 112.908593145423708, -2.267297148233703 ], [ 112.808593145423714, -2.267297148233703 ], [ 112.808593145423714, -2.367297148233702 ], [ 112.908593145423708, -2.367297148233702 ] ] ] } },
{ "type": "Feature", "properties": { "lon_bin": 39, "lat_bin": 46, "count": 9 }, "geometry": { "type": "Polygon", "coordinates": [ [ [ 112.908593145423708, 0.332702851766288 ], [ 112.908593145423708, 0.432702851766288 ], [ 112.808593145423714, 0.432702851766288 ], [ 112.808593145423714, 0.332702851766288 ], [ 112.908593145423708, 0.332702851766288 ] ] ] } },
{ "type": "Feature", "properties": { "lon_bin": 39, "lat_bin": 48, "count": 18 }, "geometry": { "type": "Polygon", "coordinates": [ [ [ 112.908593145423708, 0.532702851766287 ], [ 112.908593145423708, 0.632702851766287 ], [ 112.808593145423714, 0.632702851766287 ], [ 112.808593145423714, 0.532702851766287 ], [ 112.908593145423708, 0.532702851766287 ] ] ] } },
{ "type": "Feature", "properties": { "lon_bin": 39, "lat_bin": 52, "count": 6 }, "geometry": { "type": "Polygon", "coordinates": [ [ [ 112.908593145423708, 0.932702851766286 ], [ 112.908593145423708, 1.032702851766286 ], [ 112.808593145423714, 1.032702851766286 ], [ 112.808593145423714, 0.932702851766286 ], [ 112.908593145423708, 0.932702851766286 ] ] ] } },
{ "type": "Feature", "properties": { "lon_bin": 40, "lat_bin": 14, "count": 6 }, "geometry": { "type": "Polygon", "coordinates": [ [ [ 113.008593145423703, -2.867297148233701 ], [ 113.008593145423703, -2.767297148233701 ], [ 112.908593145423708, -2.767297148233701 ], [ 112.908593145423708, -2.867297148233701 ], [ 113.008593145423703, -2.867297148233701 ] ] ] } },
{ "type": "Feature", "properties": { "lon_bin": 40, "lat_bin": 15, "count": 6 }, "geometry": { "type": "Polygon", "coordinates": [ [ [ 113.008593145423703, -2.767297148233701 ], [ 113.008593145423703, -2.667297148233701 ], [ 112.908593145423708, -2.667297148233701 ], [ 112.908593145423708, -2.767297148233701 ], [ 113.008593145423703, -2.767297148233701 ] ] ] } },
{ "type": "Feature", "properties": { "lon_bin": 40, "lat_bin": 16, "count": 4 }, "geometry": { "type": "Polygon", "coordinates": [ [ [ 113.008593145423703, -2.667297148233701 ], [ 113.008593145423703, -2.567297148233702 ], [ 112.908593145423708, -2.567297148233702 ], [ 112.908593145423708, -2.667297148233701 ], [ 113.008593145423703, -2.667297148233701 ] ] ] } },
{ "type": "Feature", "properties": { "lon_bin": 40, "lat_bin": 17, "count": 21 }, "geometry": { "type": "Polygon", "coordinates": [ [ [ 113.008593145423703, -2.567297148233702 ], [ 113.008593145423703, -2.467297148233702 ], [ 112.908593145423708, -2.467297148233702 ], [ 112.908593145423708, -2.567297148233702 ], [ 113.008593145423703, -2.567297148233702 ] ] ] } },
{ "type": "Feature", "properties": { "lon_bin": 40, "lat_bin": 18, "count": 9 }, "geometry": { "type": "Polygon", "coordinates": [ [ [ 113.008593145423703, -2.467297148233702 ], [ 113.008593145423703, -2.367297148233702 ], [ 112.908593145423708, -2.367297148233702 ], [ 112.908593145423708, -2.467297148233702 ], [ 113.008593145423703, -2.467297148233702 ] ] ] } },
{ "type": "Feature", "properties": { "lon_bin": 40, "lat_bin": 42, "count": 9 }, "geometry": { "type": "Polygon", "coordinates": [ [ [ 113.008593145423703, -0.067297148233711 ], [ 113.008593145423703, 0.032702851766289 ], [ 112.908593145423708, 0.032702851766289 ], [ 112.908593145423708, -0.067297148233711 ], [ 113.008593145423703, -0.067297148233711 ] ] ] } },
{ "type": "Feature", "properties": { "lon_bin": 40, "lat_bin": 47, "count": 9 }, "geometry": { "type": "Polygon", "coordinates": [ [ [ 113.008593145423703, 0.432702851766288 ], [ 113.008593145423703, 0.532702851766287 ], [ 112.908593145423708, 0.532702851766287 ], [ 112.908593145423708, 0.432702851766288 ], [ 113.008593145423703, 0.432702851766288 ] ] ] } },
{ "type": "Feature", "properties": { "lon_bin": 40, "lat_bin": 50, "count": 6 }, "geometry": { "type": "Polygon", "coordinates": [ [ [ 113.008593145423703, 0.732702851766287 ], [ 113.008593145423703, 0.832702851766286 ], [ 112.908593145423708, 0.832702851766286 ], [ 112.908593145423708, 0.732702851766287 ], [ 113.008593145423703, 0.732702851766287 ] ] ] } },
{ "type": "Feature", "properties": { "lon_bin": 40, "lat_bin": 52, "count": 9 }, "geometry": { "type": "Polygon", "coordinates": [ [ [ 113.008593145423703, 0.932702851766286 ], [ 113.008593145423703, 1.032702851766286 ], [ 112.908593145423708, 1.032702851766286 ], [ 112.908593145423708, 0.932702851766286 ], [ 113.008593145423703, 0.932702851766286 ] ] ] } },
{ "type": "Feature", "properties": { "lon_bin": 41, "lat_bin": 17, "count": 9 }, "geometry": { "type": "Polygon", "coordinates": [ [ [ 113.108593145423697, -2.567297148233702 ], [ 113.108593145423697, -2.467297148233702 ], [ 113.008593145423703, -2.467297148233702 ], [ 113.008593145423703, -2.567297148233702 ], [ 113.108593145423697, -2.567297148233702 ] ] ] } },
{ "type": "Feature", "properties": { "lon_bin": 41, "lat_bin": 47, "count": 6 }, "geometry": { "type": "Polygon", "coordinates": [ [ [ 113.108593145423697, 0.432702851766288 ], [ 113.108593145423697, 0.532702851766287 ], [ 113.008593145423703, 0.532702851766287 ], [ 113.008593145423703, 0.432702851766288 ], [ 113.108593145423697, 0.432702851766288 ] ] ] } },
{ "type": "Feature", "properties": { "lon_bin": 41, "lat_bin": 49, "count": 9 }, "geometry": { "type": "Polygon", "coordinates": [ [ [ 113.108593145423697, 0.632702851766287 ], [ 113.108593145423697, 0.732702851766287 ], [ 113.008593145423703, 0.732702851766287 ], [ 113.008593145423703, 0.632702851766287 ], [ 113.108593145423697, 0.632702851766287 ] ] ] } },
{ "type": "Feature", "properties": { "lon_bin": 42, "lat_bin": 48, "count": 12 }, "geometry": { "type": "Polygon", "coordinates": [ [ [ 113.208593145423691, 0.532702851766287 ], [ 113.208593145423691, 0.632702851766287 ], [ 113.108593145423697, 0.632702851766287 ], [ 113.108593145423697, 0.532702851766287 ], [ 113.208593145423691, 0.532702851766287 ] ] ] } },
{ "type": "Feature", "properties": { "lon_bin": 43, "lat_bin": 17, "count": 6 }, "geometry": { "type": "Polygon", "coordinates": [ [ [ 113.308593145423686, -2.567297148233702 ], [ 113.308593145423686, -2.467297148233702 ], [ 113.208593145423691, -2.467297148233702 ], [ 113.208593145423691, -2.567297148233702 ], [ 113.308593145423686, -2.567297148233702 ] ] ] } },
{ "type": "Feature", "properties": { "lon_bin": 44, "lat_bin": 15, "count": 11 }, "geometry": { "type": "Polygon", "coordinates": [ [ [ 113.40859314542368, -2.767297148233701 ], [ 113.40859314542368, -2.667297148233701 ], [ 113.308593145423686, -2.667297148233701 ], [ 113.308593145423686, -2.767297148233701 ], [ 113.40859314542368, -2.767297148233701 ] ] ] } },
{ "type": "Feature", "properties": { "lon_bin": 46, "lat_bin": 29, "count": 5 }, "geometry": { "type": "Polygon", "coordinates": [ [ [ 113.608593145423669, -1.367297148233706 ], [ 113.608593145423669, -1.267297148233706 ], [ 113.508593145423674, -1.267297148233706 ], [ 113.508593145423674, -1.367297148233706 ], [ 113.608593145423669, -1.367297148233706 ] ] ] } },
{ "type": "Feature", "properties": { "lon_bin": 46, "lat_bin": 30, "count": 4 }, "geometry": { "type": "Polygon", "coordinates": [ [ [ 113.608593145423669, -1.267297148233706 ], [ 113.608593145423669, -1.167297148233707 ], [ 113.508593145423674, -1.167297148233707 ], [ 113.508593145423674, -1.267297148233706 ], [ 113.608593145423669, -1.267297148233706 ] ] ] } },
{ "type": "Feature", "properties": { "lon_bin": 47, "lat_bin": 29, "count": 21 }, "geometry": { "type": "Polygon", "coordinates": [ [ [ 113.708593145423663, -1.367297148233706 ], [ 113.708593145423663, -1.267297148233706 ], [ 113.608593145423669, -1.267297148233706 ], [ 113.608593145423669, -1.367297148233706 ], [ 113.708593145423663, -1.367297148233706 ] ] ] } },
{ "type": "Feature", "properties": { "lon_bin": 47, "lat_bin": 30, "count": 6 }, "geometry": { "type": "Polygon", "coordinates": [ [ [ 113.708593145423663, -1.267297148233706 ], [ 113.708593145423663, -1.167297148233707 ], [ 113.608593145423669, -1.167297148233707 ], [ 113.608593145423669, -1.267297148233706 ], [ 113.708593145423663, -1.267297148233706 ] ] ] } },
{ "type": "Feature", "properties": { "lon_bin": 48, "lat_bin": 8, "count": 13 }, "geometry": { "type": "Polygon", "coordinates": [ [ [ 113.808593145423657, -3.467297148233699 ], [ 113.808593145423657, -3.367297148233699 ], [ 113.708593145423663, -3.367297148233699 ], [ 113.708593145423663, -3.467297148233699 ], [ 113.808593145423657, -3.467297148233699 ] ] ] } },
{ "type": "Feature", "properties": { "lon_bin": 48, "lat_bin": 20, "count": 24 }, "geometry": { "type": "Polygon", "coordinates": [ [ [ 113.808593145423657, -2.267297148233703 ], [ 113.808593145423657, -2.167297148233703 ], [ 113.708593145423663, -2.167297148233703 ], [ 113.708593145423663, -2.267297148233703 ], [ 113.808593145423657, -2.267297148233703 ] ] ] } },
{ "type": "Feature", "properties": { "lon_bin": 48, "lat_bin": 31, "count": 17 }, "geometry": { "type": "Polygon", "coordinates": [ [ [ 113.808593145423657, -1.167297148233707 ], [ 113.808593145423657, -1.067297148233707 ], [ 113.708593145423663, -1.067297148233707 ], [ 113.708593145423663, -1.167297148233707 ], [ 113.808593145423657, -1.167297148233707 ] ] ] } },
{ "type": "Feature", "properties": { "lon_bin": 49, "lat_bin": 19, "count": 31 }, "geometry": { "type": "Polygon", "coordinates": [ [ [ 113.908593145423652, -2.367297148233702 ], [ 113.908593145423652, -2.267297148233703 ], [ 113.808593145423657, -2.267297148233703 ], [ 113.808593145423657, -2.367297148233702 ], [ 113.908593145423652, -2.367297148233702 ] ] ] } },
{ "type": "Feature", "properties": { "lon_bin": 49, "lat_bin": 20, "count": 68 }, "geometry": { "type": "Polygon", "coordinates": [ [ [ 113.908593145423652, -2.267297148233703 ], [ 113.908593145423652, -2.167297148233703 ], [ 113.808593145423657, -2.167297148233703 ], [ 113.808593145423657, -2.267297148233703 ], [ 113.908593145423652, -2.267297148233703 ] ] ] } },
{ "type": "Feature", "properties": { "lon_bin": 49, "lat_bin": 21, "count": 36 }, "geometry": { "type": "Polygon", "coordinates": [ [ [ 113.908593145423652, -2.167297148233703 ], [ 113.908593145423652, -2.067297148233703 ], [ 113.808593145423657, -2.067297148233703 ], [ 113.808593145423657, -2.167297148233703 ], [ 113.908593145423652, -2.167297148233703 ] ] ] } },
{ "type": "Feature", "properties": { "lon_bin": 49, "lat_bin": 31, "count": 18 }, "geometry": { "type": "Polygon", "coordinates": [ [ [ 113.908593145423652, -1.167297148233707 ], [ 113.908593145423652, -1.067297148233707 ], [ 113.808593145423657, -1.067297148233707 ], [ 113.808593145423657, -1.167297148233707 ], [ 113.908593145423652, -1.167297148233707 ] ] ] } },
{ "type": "Feature", "properties": { "lon_bin": 50, "lat_bin": 19, "count": 9 }, "geometry": { "type": "Polygon", "coordinates": [ [ [ 114.008593145423646, -2.367297148233702 ], [ 114.008593145423646, -2.267297148233703 ], [ 113.908593145423652, -2.267297148233703 ], [ 113.908593145423652, -2.367297148233702 ], [ 114.008593145423646, -2.367297148233702 ] ] ] } },
{ "type": "Feature", "properties": { "lon_bin": 50, "lat_bin": 28, "count": 29 }, "geometry": { "type": "Polygon", "coordinates": [ [ [ 114.008593145423646, -1.467297148233706 ], [ 114.008593145423646, -1.367297148233706 ], [ 113.908593145423652, -1.367297148233706 ], [ 113.908593145423652, -1.467297148233706 ], [ 114.008593145423646, -1.467297148233706 ] ] ] } },
{ "type": "Feature", "properties": { "lon_bin": 50, "lat_bin": 29, "count": 5 }, "geometry": { "type": "Polygon", "coordinates": [ [ [ 114.008593145423646, -1.367297148233706 ], [ 114.008593145423646, -1.267297148233706 ], [ 113.908593145423652, -1.267297148233706 ], [ 113.908593145423652, -1.367297148233706 ], [ 114.008593145423646, -1.367297148233706 ] ] ] } },
{ "type": "Feature", "properties": { "lon_bin": 51, "lat_bin": 19, "count": 58 }, "geometry": { "type": "Polygon", "coordinates": [ [ [ 114.10859314542364, -2.367297148233702 ], [ 114.10859314542364, -2.267297148233703 ], [ 114.008593145423646, -2.267297148233703 ], [ 114.008593145423646, -2.367297148233702 ], [ 114.10859314542364, -2.367297148233702 ] ] ] } },
{ "type": "Feature", "properties": { "lon_bin": 51, "lat_bin": 50, "count": 3 }, "geometry": { "type": "Polygon", "coordinates": [ [ [ 114.10859314542364, 0.732702851766287 ], [ 114.10859314542364, 0.832702851766286 ], [ 114.008593145423646, 0.832702851766286 ], [ 114.008593145423646, 0.732702851766287 ], [ 114.10859314542364, 0.732702851766287 ] ] ] } },
{ "type": "Feature", "properties": { "lon_bin": 52, "lat_bin": 19, "count": 1 }, "geometry": { "type": "Polygon", "coordinates": [ [ [ 114.208593145423634, -2.367297148233702 ], [ 114.208593145423634, -2.267297148233703 ], [ 114.10859314542364, -2.267297148233703 ], [ 114.10859314542364, -2.367297148233702 ], [ 114.208593145423634, -2.367297148233702 ] ] ] } },
{ "type": "Feature", "properties": { "lon_bin": 52, "lat_bin": 22, "count": 15 }, "geometry": { "type": "Polygon", "coordinates": [ [ [ 114.208593145423634, -2.067297148233703 ], [ 114.208593145423634, -1.967297148233704 ], [ 114.10859314542364, -1.967297148233704 ], [ 114.10859314542364, -2.067297148233703 ], [ 114.208593145423634, -2.067297148233703 ] ] ] } },
{ "type": "Feature", "properties": { "lon_bin": 52, "lat_bin": 29, "count": 15 }, "geometry": { "type": "Polygon", "coordinates": [ [ [ 114.208593145423634, -1.367297148233706 ], [ 114.208593145423634, -1.267297148233706 ], [ 114.10859314542364, -1.267297148233706 ], [ 114.10859314542364, -1.367297148233706 ], [ 114.208593145423634, -1.367297148233706 ] ] ] } },
{ "type": "Feature", "properties": { "lon_bin": 52, "lat_bin": 30, "count": 13 }, "geometry": { "type": "Polygon", "coordinates": [ [ [ 114.208593145423634, -1.267297148233706 ], [ 114.208593145423634, -1.167297148233707 ], [ 114.10859314542364, -1.167297148233707 ], [ 114.10859314542364, -1.267297148233706 ], [ 114.208593145423634, -1.267297148233706 ] ] ] } },
{ "type": "Feature", "properties": { "lon_bin": 52, "lat_bin": 37, "count": 6 }, "geometry": { "type": "Polygon", "coordinates": [ [ [ 114.208593145423634, -0.567297148233709 ], [ 114.208593145423634, -0.467297148233709 ], [ 114.10859314542364, -0.467297148233709 ], [ 114.10859314542364, -0.567297148233709 ], [ 114.208593145423634, -0.567297148233709 ] ] ] } },
{ "type": "Feature", "properties": { "lon_bin": 52, "lat_bin": 40, "count": 16 }, "geometry": { "type": "Polygon", "coordinates": [ [ [ 114.208593145423634, -0.26729714823371 ], [ 114.208593145423634, -0.16729714823371 ], [ 114.10859314542364, -0.16729714823371 ], [ 114.10859314542364, -0.26729714823371 ], [ 114.208593145423634, -0.26729714823371 ] ] ] } },
{ "type": "Feature", "properties": { "lon_bin": 52, "lat_bin": 50, "count": 6 }, "geometry": { "type": "Polygon", "coordinates": [ [ [ 114.208593145423634, 0.732702851766287 ], [ 114.208593145423634, 0.832702851766286 ], [ 114.10859314542364, 0.832702851766286 ], [ 114.10859314542364, 0.732702851766287 ], [ 114.208593145423634, 0.732702851766287 ] ] ] } },
{ "type": "Feature", "properties": { "lon_bin": 53, "lat_bin": 21, "count": 2 }, "geometry": { "type": "Polygon", "coordinates": [ [ [ 114.308593145423629, -2.167297148233703 ], [ 114.308593145423629, -2.067297148233703 ], [ 114.208593145423634, -2.067297148233703 ], [ 114.208593145423634, -2.167297148233703 ], [ 114.308593145423629, -2.167297148233703 ] ] ] } },
{ "type": "Feature", "properties": { "lon_bin": 53, "lat_bin": 22, "count": 2 }, "geometry": { "type": "Polygon", "coordinates": [ [ [ 114.308593145423629, -2.067297148233703 ], [ 114.308593145423629, -1.967297148233704 ], [ 114.208593145423634, -1.967297148233704 ], [ 114.208593145423634, -2.067297148233703 ], [ 114.308593145423629, -2.067297148233703 ] ] ] } },
{ "type": "Feature", "properties": { "lon_bin": 53, "lat_bin": 28, "count": 31 }, "geometry": { "type": "Polygon", "coordinates": [ [ [ 114.308593145423629, -1.467297148233706 ], [ 114.308593145423629, -1.367297148233706 ], [ 114.208593145423634, -1.367297148233706 ], [ 114.208593145423634, -1.467297148233706 ], [ 114.308593145423629, -1.467297148233706 ] ] ] } },
{ "type": "Feature", "properties": { "lon_bin": 53, "lat_bin": 29, "count": 43 }, "geometry": { "type": "Polygon", "coordinates": [ [ [ 114.308593145423629, -1.367297148233706 ], [ 114.308593145423629, -1.267297148233706 ], [ 114.208593145423634, -1.267297148233706 ], [ 114.208593145423634, -1.367297148233706 ], [ 114.308593145423629, -1.367297148233706 ] ] ] } },
{ "type": "Feature", "properties": { "lon_bin": 53, "lat_bin": 30, "count": 2 }, "geometry": { "type": "Polygon", "coordinates": [ [ [ 114.308593145423629, -1.267297148233706 ], [ 114.308593145423629, -1.167297148233707 ], [ 114.208593145423634, -1.167297148233707 ], [ 114.208593145423634, -1.267297148233706 ], [ 114.308593145423629, -1.267297148233706 ] ] ] } },
{ "type": "Feature", "properties": { "lon_bin": 53, "lat_bin": 32, "count": 9 }, "geometry": { "type": "Polygon", "coordinates": [ [ [ 114.308593145423629, -1.067297148233707 ], [ 114.308593145423629, -0.967297148233707 ], [ 114.208593145423634, -0.967297148233707 ], [ 114.208593145423634, -1.067297148233707 ], [ 114.308593145423629, -1.067297148233707 ] ] ] } },
{ "type": "Feature", "properties": { "lon_bin": 54, "lat_bin": 25, "count": 9 }, "geometry": { "type": "Polygon", "coordinates": [ [ [ 114.408593145423623, -1.767297148233705 ], [ 114.408593145423623, -1.667297148233705 ], [ 114.308593145423629, -1.667297148233705 ], [ 114.308593145423629, -1.767297148233705 ], [ 114.408593145423623, -1.767297148233705 ] ] ] } },
{ "type": "Feature", "properties": { "lon_bin": 54, "lat_bin": 26, "count": 6 }, "geometry": { "type": "Polygon", "coordinates": [ [ [ 114.408593145423623, -1.667297148233705 ], [ 114.408593145423623, -1.567297148233705 ], [ 114.308593145423629, -1.567297148233705 ], [ 114.308593145423629, -1.667297148233705 ], [ 114.408593145423623, -1.667297148233705 ] ] ] } },
{ "type": "Feature", "properties": { "lon_bin": 54, "lat_bin": 27, "count": 6 }, "geometry": { "type": "Polygon", "coordinates": [ [ [ 114.408593145423623, -1.567297148233705 ], [ 114.408593145423623, -1.467297148233706 ], [ 114.308593145423629, -1.467297148233706 ], [ 114.308593145423629, -1.567297148233705 ], [ 114.408593145423623, -1.567297148233705 ] ] ] } },
{ "type": "Feature", "properties": { "lon_bin": 54, "lat_bin": 28, "count": 28 }, "geometry": { "type": "Polygon", "coordinates": [ [ [ 114.408593145423623, -1.467297148233706 ], [ 114.408593145423623, -1.367297148233706 ], [ 114.308593145423629, -1.367297148233706 ], [ 114.308593145423629, -1.467297148233706 ], [ 114.408593145423623, -1.467297148233706 ] ] ] } },
{ "type": "Feature", "properties": { "lon_bin": 54, "lat_bin": 29, "count": 6 }, "geometry": { "type": "Polygon", "coordinates": [ [ [ 114.408593145423623, -1.367297148233706 ], [ 114.408593145423623, -1.267297148233706 ], [ 114.308593145423629, -1.267297148233706 ], [ 114.308593145423629, -1.367297148233706 ], [ 114.408593145423623, -1.367297148233706 ] ] ] } },
{ "type": "Feature", "properties": { "lon_bin": 54, "lat_bin": 30, "count": 12 }, "geometry": { "type": "Polygon", "coordinates": [ [ [ 114.408593145423623, -1.267297148233706 ], [ 114.408593145423623, -1.167297148233707 ], [ 114.308593145423629, -1.167297148233707 ], [ 114.308593145423629, -1.267297148233706 ], [ 114.408593145423623, -1.267297148233706 ] ] ] } },
{ "type": "Feature", "properties": { "lon_bin": 55, "lat_bin": 26, "count": 3 }, "geometry": { "type": "Polygon", "coordinates": [ [ [ 114.508593145423617, -1.667297148233705 ], [ 114.508593145423617, -1.567297148233705 ], [ 114.408593145423623, -1.567297148233705 ], [ 114.408593145423623, -1.667297148233705 ], [ 114.508593145423617, -1.667297148233705 ] ] ] } },
{ "type": "Feature", "properties": { "lon_bin": 55, "lat_bin": 27, "count": 12 }, "geometry": { "type": "Polygon", "coordinates": [ [ [ 114.508593145423617, -1.567297148233705 ], [ 114.508593145423617, -1.467297148233706 ], [ 114.408593145423623, -1.467297148233706 ], [ 114.408593145423623, -1.567297148233705 ], [ 114.508593145423617, -1.567297148233705 ] ] ] } },
{ "type": "Feature", "properties": { "lon_bin": 55, "lat_bin": 28, "count": 11 }, "geometry": { "type": "Polygon", "coordinates": [ [ [ 114.508593145423617, -1.467297148233706 ], [ 114.508593145423617, -1.367297148233706 ], [ 114.408593145423623, -1.367297148233706 ], [ 114.408593145423623, -1.467297148233706 ], [ 114.508593145423617, -1.467297148233706 ] ] ] } },
{ "type": "Feature", "properties": { "lon_bin": 55, "lat_bin": 30, "count": 6 }, "geometry": { "type": "Polygon", "coordinates": [ [ [ 114.508593145423617, -1.267297148233706 ], [ 114.508593145423617, -1.167297148233707 ], [ 114.408593145423623, -1.167297148233707 ], [ 114.408593145423623, -1.267297148233706 ], [ 114.508593145423617, -1.267297148233706 ] ] ] } },
{ "type": "Feature", "properties": { "lon_bin": 55, "lat_bin": 49, "count": 3 }, "geometry": { "type": "Polygon", "coordinates": [ [ [ 114.508593145423617, 0.632702851766287 ], [ 114.508593145423617, 0.732702851766287 ], [ 114.408593145423623, 0.732702851766287 ], [ 114.408593145423623, 0.632702851766287 ], [ 114.508593145423617, 0.632702851766287 ] ] ] } },
{ "type": "Feature", "properties": { "lon_bin": 55, "lat_bin": 50, "count": 6 }, "geometry": { "type": "Polygon", "coordinates": [ [ [ 114.508593145423617, 0.732702851766287 ], [ 114.508593145423617, 0.832702851766286 ], [ 114.408593145423623, 0.832702851766286 ], [ 114.408593145423623, 0.732702851766287 ], [ 114.508593145423617, 0.732702851766287 ] ] ] } },
{ "type": "Feature", "properties": { "lon_bin": 56, "lat_bin": 27, "count": 6 }, "geometry": { "type": "Polygon", "coordinates": [ [ [ 114.608593145423612, -1.567297148233705 ], [ 114.608593145423612, -1.467297148233706 ], [ 114.508593145423617, -1.467297148233706 ], [ 114.508593145423617, -1.567297148233705 ], [ 114.608593145423612, -1.567297148233705 ] ] ] } },
{ "type": "Feature", "properties": { "lon_bin": 56, "lat_bin": 50, "count": 15 }, "geometry": { "type": "Polygon", "coordinates": [ [ [ 114.608593145423612, 0.732702851766287 ], [ 114.608593145423612, 0.832702851766286 ], [ 114.508593145423617, 0.832702851766286 ], [ 114.508593145423617, 0.732702851766287 ], [ 114.608593145423612, 0.732702851766287 ] ] ] } },
{ "type": "Feature", "properties": { "lon_bin": 57, "lat_bin": 1, "count": 30 }, "geometry": { "type": "Polygon", "coordinates": [ [ [ 114.708593145423606, -4.167297148233696 ], [ 114.708593145423606, -4.067297148233696 ], [ 114.608593145423612, -4.067297148233696 ], [ 114.608593145423612, -4.167297148233696 ], [ 114.708593145423606, -4.167297148233696 ] ] ] } },
{ "type": "Feature", "properties": { "lon_bin": 57, "lat_bin": 20, "count": 12 }, "geometry": { "type": "Polygon", "coordinates": [ [ [ 114.708593145423606, -2.267297148233703 ], [ 114.708593145423606, -2.167297148233703 ], [ 114.608593145423612, -2.167297148233703 ], [ 114.608593145423612, -2.267297148233703 ], [ 114.708593145423606, -2.267297148233703 ] ] ] } },
{ "type": "Feature", "properties": { "lon_bin": 57, "lat_bin": 50, "count": 3 }, "geometry": { "type": "Polygon", "coordinates": [ [ [ 114.708593145423606, 0.732702851766287 ], [ 114.708593145423606, 0.832702851766286 ], [ 114.608593145423612, 0.832702851766286 ], [ 114.608593145423612, 0.732702851766287 ], [ 114.708593145423606, 0.732702851766287 ] ] ] } },
{ "type": "Feature", "properties": { "lon_bin": 58, "lat_bin": 4, "count": 9 }, "geometry": { "type": "Polygon", "coordinates": [ [ [ 114.8085931454236, -3.867297148233697 ], [ 114.8085931454236, -3.767297148233697 ], [ 114.708593145423606, -3.767297148233697 ], [ 114.708593145423606, -3.867297148233697 ], [ 114.8085931454236, -3.867297148233697 ] ] ] } },
{ "type": "Feature", "properties": { "lon_bin": 58, "lat_bin": 6, "count": 16 }, "geometry": { "type": "Polygon", "coordinates": [ [ [ 114.8085931454236, -3.667297148233698 ], [ 114.8085931454236, -3.567297148233698 ], [ 114.708593145423606, -3.567297148233698 ], [ 114.708593145423606, -3.667297148233698 ], [ 114.8085931454236, -3.667297148233698 ] ] ] } },
{ "type": "Feature", "properties": { "lon_bin": 58, "lat_bin": 15, "count": 12 }, "geometry": { "type": "Polygon", "coordinates": [ [ [ 114.8085931454236, -2.767297148233701 ], [ 114.8085931454236, -2.667297148233701 ], [ 114.708593145423606, -2.667297148233701 ], [ 114.708593145423606, -2.767297148233701 ], [ 114.8085931454236, -2.767297148233701 ] ] ] } },
{ "type": "Feature", "properties": { "lon_bin": 58, "lat_bin": 16, "count": 6 }, "geometry": { "type": "Polygon", "coordinates": [ [ [ 114.8085931454236, -2.667297148233701 ], [ 114.8085931454236, -2.567297148233702 ], [ 114.708593145423606, -2.567297148233702 ], [ 114.708593145423606, -2.667297148233701 ], [ 114.8085931454236, -2.667297148233701 ] ] ] } },
{ "type": "Feature", "properties": { "lon_bin": 58, "lat_bin": 17, "count": 10 }, "geometry": { "type": "Polygon", "coordinates": [ [ [ 114.8085931454236, -2.567297148233702 ], [ 114.8085931454236, -2.467297148233702 ], [ 114.708593145423606, -2.467297148233702 ], [ 114.708593145423606, -2.567297148233702 ], [ 114.8085931454236, -2.567297148233702 ] ] ] } },
{ "type": "Feature", "properties": { "lon_bin": 58, "lat_bin": 18, "count": 3 }, "geometry": { "type": "Polygon", "coordinates": [ [ [ 114.8085931454236, -2.467297148233702 ], [ 114.8085931454236, -2.367297148233702 ], [ 114.708593145423606, -2.367297148233702 ], [ 114.708593145423606, -2.467297148233702 ], [ 114.8085931454236, -2.467297148233702 ] ] ] } },
{ "type": "Feature", "properties": { "lon_bin": 58, "lat_bin": 19, "count": 6 }, "geometry": { "type": "Polygon", "coordinates": [ [ [ 114.8085931454236, -2.367297148233702 ], [ 114.8085931454236, -2.267297148233703 ], [ 114.708593145423606, -2.267297148233703 ], [ 114.708593145423606, -2.367297148233702 ], [ 114.8085931454236, -2.367297148233702 ] ] ] } },
{ "type": "Feature", "properties": { "lon_bin": 59, "lat_bin": 15, "count": 3 }, "geometry": { "type": "Polygon", "coordinates": [ [ [ 114.908593145423595, -2.767297148233701 ], [ 114.908593145423595, -2.667297148233701 ], [ 114.8085931454236, -2.667297148233701 ], [ 114.8085931454236, -2.767297148233701 ], [ 114.908593145423595, -2.767297148233701 ] ] ] } },
{ "type": "Feature", "properties": { "lon_bin": 59, "lat_bin": 17, "count": 12 }, "geometry": { "type": "Polygon", "coordinates": [ [ [ 114.908593145423595, -2.567297148233702 ], [ 114.908593145423595, -2.467297148233702 ], [ 114.8085931454236, -2.467297148233702 ], [ 114.8085931454236, -2.567297148233702 ], [ 114.908593145423595, -2.567297148233702 ] ] ] } },
{ "type": "Feature", "properties": { "lon_bin": 59, "lat_bin": 32, "count": 4 }, "geometry": { "type": "Polygon", "coordinates": [ [ [ 114.908593145423595, -1.067297148233707 ], [ 114.908593145423595, -0.967297148233707 ], [ 114.8085931454236, -0.967297148233707 ], [ 114.8085931454236, -1.067297148233707 ], [ 114.908593145423595, -1.067297148233707 ] ] ] } },
{ "type": "Feature", "properties": { "lon_bin": 60, "lat_bin": 9, "count": 4 }, "geometry": { "type": "Polygon", "coordinates": [ [ [ 115.008593145423589, -3.367297148233699 ], [ 115.008593145423589, -3.267297148233699 ], [ 114.908593145423595, -3.267297148233699 ], [ 114.908593145423595, -3.367297148233699 ], [ 115.008593145423589, -3.367297148233699 ] ] ] } },
{ "type": "Feature", "properties": { "lon_bin": 60, "lat_bin": 10, "count": 12 }, "geometry": { "type": "Polygon", "coordinates": [ [ [ 115.008593145423589, -3.267297148233699 ], [ 115.008593145423589, -3.1672971482337 ], [ 114.908593145423595, -3.1672971482337 ], [ 114.908593145423595, -3.267297148233699 ], [ 115.008593145423589, -3.267297148233699 ] ] ] } },
{ "type": "Feature", "properties": { "lon_bin": 60, "lat_bin": 13, "count": 6 }, "geometry": { "type": "Polygon", "coordinates": [ [ [ 115.008593145423589, -2.9672971482337 ], [ 115.008593145423589, -2.867297148233701 ], [ 114.908593145423595, -2.867297148233701 ], [ 114.908593145423595, -2.9672971482337 ], [ 115.008593145423589, -2.9672971482337 ] ] ] } },
{ "type": "Feature", "properties": { "lon_bin": 60, "lat_bin": 16, "count": 6 }, "geometry": { "type": "Polygon", "coordinates": [ [ [ 115.008593145423589, -2.667297148233701 ], [ 115.008593145423589, -2.567297148233702 ], [ 114.908593145423595, -2.567297148233702 ], [ 114.908593145423595, -2.667297148233701 ], [ 115.008593145423589, -2.667297148233701 ] ] ] } },
{ "type": "Feature", "properties": { "lon_bin": 60, "lat_bin": 22, "count": 3 }, "geometry": { "type": "Polygon", "coordinates": [ [ [ 115.008593145423589, -2.067297148233703 ], [ 115.008593145423589, -1.967297148233704 ], [ 114.908593145423595, -1.967297148233704 ], [ 114.908593145423595, -2.067297148233703 ], [ 115.008593145423589, -2.067297148233703 ] ] ] } },
{ "type": "Feature", "properties": { "lon_bin": 60, "lat_bin": 23, "count": 3 }, "geometry": { "type": "Polygon", "coordinates": [ [ [ 115.008593145423589, -1.967297148233704 ], [ 115.008593145423589, -1.867297148233704 ], [ 114.908593145423595, -1.867297148233704 ], [ 114.908593145423595, -1.967297148233704 ], [ 115.008593145423589, -1.967297148233704 ] ] ] } },
{ "type": "Feature", "properties": { "lon_bin": 61, "lat_bin": 11, "count": 3 }, "geometry": { "type": "Polygon", "coordinates": [ [ [ 115.108593145423583, -3.1672971482337 ], [ 115.108593145423583, -3.0672971482337 ], [ 115.008593145423589, -3.0672971482337 ], [ 115.008593145423589, -3.1672971482337 ], [ 115.108593145423583, -3.1672971482337 ] ] ] } },
{ "type": "Feature", "properties": { "lon_bin": 61, "lat_bin": 12, "count": 42 }, "geometry": { "type": "Polygon", "coordinates": [ [ [ 115.108593145423583, -3.0672971482337 ], [ 115.108593145423583, -2.9672971482337 ], [ 115.008593145423589, -2.9672971482337 ], [ 115.008593145423589, -3.0672971482337 ], [ 115.108593145423583, -3.0672971482337 ] ] ] } },
{ "type": "Feature", "properties": { "lon_bin": 61, "lat_bin": 16, "count": 11 }, "geometry": { "type": "Polygon", "coordinates": [ [ [ 115.108593145423583, -2.667297148233701 ], [ 115.108593145423583, -2.567297148233702 ], [ 115.008593145423589, -2.567297148233702 ], [ 115.008593145423589, -2.667297148233701 ], [ 115.108593145423583, -2.667297148233701 ] ] ] } },
{ "type": "Feature", "properties": { "lon_bin": 61, "lat_bin": 18, "count": 6 }, "geometry": { "type": "Polygon", "coordinates": [ [ [ 115.108593145423583, -2.467297148233702 ], [ 115.108593145423583, -2.367297148233702 ], [ 115.008593145423589, -2.367297148233702 ], [ 115.008593145423589, -2.467297148233702 ], [ 115.108593145423583, -2.467297148233702 ] ] ] } },
{ "type": "Feature", "properties": { "lon_bin": 61, "lat_bin": 61, "count": 6 }, "geometry": { "type": "Polygon", "coordinates": [ [ [ 115.108593145423583, 1.832702851766283 ], [ 115.108593145423583, 1.932702851766282 ], [ 115.008593145423589, 1.932702851766282 ], [ 115.008593145423589, 1.832702851766283 ], [ 115.108593145423583, 1.832702851766283 ] ] ] } },
{ "type": "Feature", "properties": { "lon_bin": 62, "lat_bin": 11, "count": 32 }, "geometry": { "type": "Polygon", "coordinates": [ [ [ 115.208593145423578, -3.1672971482337 ], [ 115.208593145423578, -3.0672971482337 ], [ 115.108593145423583, -3.0672971482337 ], [ 115.108593145423583, -3.1672971482337 ], [ 115.208593145423578, -3.1672971482337 ] ] ] } },
{ "type": "Feature", "properties": { "lon_bin": 62, "lat_bin": 12, "count": 31 }, "geometry": { "type": "Polygon", "coordinates": [ [ [ 115.208593145423578, -3.0672971482337 ], [ 115.208593145423578, -2.9672971482337 ], [ 115.108593145423583, -2.9672971482337 ], [ 115.108593145423583, -3.0672971482337 ], [ 115.208593145423578, -3.0672971482337 ] ] ] } },
{ "type": "Feature", "properties": { "lon_bin": 62, "lat_bin": 13, "count": 2 }, "geometry": { "type": "Polygon", "coordinates": [ [ [ 115.208593145423578, -2.9672971482337 ], [ 115.208593145423578, -2.867297148233701 ], [ 115.108593145423583, -2.867297148233701 ], [ 115.108593145423583, -2.9672971482337 ], [ 115.208593145423578, -2.9672971482337 ] ] ] } },
{ "type": "Feature", "properties": { "lon_bin": 62, "lat_bin": 14, "count": 4 }, "geometry": { "type": "Polygon", "coordinates": [ [ [ 115.208593145423578, -2.867297148233701 ], [ 115.208593145423578, -2.767297148233701 ], [ 115.108593145423583, -2.767297148233701 ], [ 115.108593145423583, -2.867297148233701 ], [ 115.208593145423578, -2.867297148233701 ] ] ] } },
{ "type": "Feature", "properties": { "lon_bin": 62, "lat_bin": 15, "count": 6 }, "geometry": { "type": "Polygon", "coordinates": [ [ [ 115.208593145423578, -2.767297148233701 ], [ 115.208593145423578, -2.667297148233701 ], [ 115.108593145423583, -2.667297148233701 ], [ 115.108593145423583, -2.767297148233701 ], [ 115.208593145423578, -2.767297148233701 ] ] ] } },
{ "type": "Feature", "properties": { "lon_bin": 63, "lat_bin": 4, "count": 9 }, "geometry": { "type": "Polygon", "coordinates": [ [ [ 115.308593145423572, -3.867297148233697 ], [ 115.308593145423572, -3.767297148233697 ], [ 115.208593145423578, -3.767297148233697 ], [ 115.208593145423578, -3.867297148233697 ], [ 115.308593145423572, -3.867297148233697 ] ] ] } },
{ "type": "Feature", "properties": { "lon_bin": 63, "lat_bin": 12, "count": 2 }, "geometry": { "type": "Polygon", "coordinates": [ [ [ 115.308593145423572, -3.0672971482337 ], [ 115.308593145423572, -2.9672971482337 ], [ 115.208593145423578, -2.9672971482337 ], [ 115.208593145423578, -3.0672971482337 ], [ 115.308593145423572, -3.0672971482337 ] ] ] } },
{ "type": "Feature", "properties": { "lon_bin": 63, "lat_bin": 13, "count": 40 }, "geometry": { "type": "Polygon", "coordinates": [ [ [ 115.308593145423572, -2.9672971482337 ], [ 115.308593145423572, -2.867297148233701 ], [ 115.208593145423578, -2.867297148233701 ], [ 115.208593145423578, -2.9672971482337 ], [ 115.308593145423572, -2.9672971482337 ] ] ] } },
{ "type": "Feature", "properties": { "lon_bin": 63, "lat_bin": 14, "count": 9 }, "geometry": { "type": "Polygon", "coordinates": [ [ [ 115.308593145423572, -2.867297148233701 ], [ 115.308593145423572, -2.767297148233701 ], [ 115.208593145423578, -2.767297148233701 ], [ 115.208593145423578, -2.867297148233701 ], [ 115.308593145423572, -2.867297148233701 ] ] ] } },
{ "type": "Feature", "properties": { "lon_bin": 64, "lat_bin": 12, "count": 6 }, "geometry": { "type": "Polygon", "coordinates": [ [ [ 115.408593145423566, -3.0672971482337 ], [ 115.408593145423566, -2.9672971482337 ], [ 115.308593145423572, -2.9672971482337 ], [ 115.308593145423572, -3.0672971482337 ], [ 115.408593145423566, -3.0672971482337 ] ] ] } },
{ "type": "Feature", "properties": { "lon_bin": 64, "lat_bin": 14, "count": 3 }, "geometry": { "type": "Polygon", "coordinates": [ [ [ 115.408593145423566, -2.867297148233701 ], [ 115.408593145423566, -2.767297148233701 ], [ 115.308593145423572, -2.767297148233701 ], [ 115.308593145423572, -2.867297148233701 ], [ 115.408593145423566, -2.867297148233701 ] ] ] } },
{ "type": "Feature", "properties": { "lon_bin": 64, "lat_bin": 46, "count": 6 }, "geometry": { "type": "Polygon", "coordinates": [ [ [ 115.408593145423566, 0.332702851766288 ], [ 115.408593145423566, 0.432702851766288 ], [ 115.308593145423572, 0.432702851766288 ], [ 115.308593145423572, 0.332702851766288 ], [ 115.408593145423566, 0.332702851766288 ] ] ] } },
{ "type": "Feature", "properties": { "lon_bin": 64, "lat_bin": 56, "count": 6 }, "geometry": { "type": "Polygon", "coordinates": [ [ [ 115.408593145423566, 1.332702851766284 ], [ 115.408593145423566, 1.432702851766284 ], [ 115.308593145423572, 1.432702851766284 ], [ 115.308593145423572, 1.332702851766284 ], [ 115.408593145423566, 1.332702851766284 ] ] ] } },
{ "type": "Feature", "properties": { "lon_bin": 65, "lat_bin": 20, "count": 18 }, "geometry": { "type": "Polygon", "coordinates": [ [ [ 115.508593145423561, -2.267297148233703 ], [ 115.508593145423561, -2.167297148233703 ], [ 115.408593145423566, -2.167297148233703 ], [ 115.408593145423566, -2.267297148233703 ], [ 115.508593145423561, -2.267297148233703 ] ] ] } },
{ "type": "Feature", "properties": { "lon_bin": 66, "lat_bin": 20, "count": 6 }, "geometry": { "type": "Polygon", "coordinates": [ [ [ 115.608593145423555, -2.267297148233703 ], [ 115.608593145423555, -2.167297148233703 ], [ 115.508593145423561, -2.167297148233703 ], [ 115.508593145423561, -2.267297148233703 ], [ 115.608593145423555, -2.267297148233703 ] ] ] } },
{ "type": "Feature", "properties": { "lon_bin": 66, "lat_bin": 22, "count": 9 }, "geometry": { "type": "Polygon", "coordinates": [ [ [ 115.608593145423555, -2.067297148233703 ], [ 115.608593145423555, -1.967297148233704 ], [ 115.508593145423561, -1.967297148233704 ], [ 115.508593145423561, -2.067297148233703 ], [ 115.608593145423555, -2.067297148233703 ] ] ] } },
{ "type": "Feature", "properties": { "lon_bin": 67, "lat_bin": 56, "count": 8 }, "geometry": { "type": "Polygon", "coordinates": [ [ [ 115.708593145423549, 1.332702851766284 ], [ 115.708593145423549, 1.432702851766284 ], [ 115.608593145423555, 1.432702851766284 ], [ 115.608593145423555, 1.332702851766284 ], [ 115.708593145423549, 1.332702851766284 ] ] ] } },
{ "type": "Feature", "properties": { "lon_bin": 68, "lat_bin": 56, "count": 4 }, "geometry": { "type": "Polygon", "coordinates": [ [ [ 115.808593145423544, 1.332702851766284 ], [ 115.808593145423544, 1.432702851766284 ], [ 115.708593145423549, 1.432702851766284 ], [ 115.708593145423549, 1.332702851766284 ], [ 115.808593145423544, 1.332702851766284 ] ] ] } },
{ "type": "Feature", "properties": { "lon_bin": 68, "lat_bin": 68, "count": 66 }, "geometry": { "type": "Polygon", "coordinates": [ [ [ 115.808593145423544, 2.53270285176628 ], [ 115.808593145423544, 2.63270285176628 ], [ 115.708593145423549, 2.63270285176628 ], [ 115.708593145423549, 2.53270285176628 ], [ 115.808593145423544, 2.53270285176628 ] ] ] } },
{ "type": "Feature", "properties": { "lon_bin": 68, "lat_bin": 69, "count": 9 }, "geometry": { "type": "Polygon", "coordinates": [ [ [ 115.808593145423544, 2.63270285176628 ], [ 115.808593145423544, 2.732702851766279 ], [ 115.708593145423549, 2.732702851766279 ], [ 115.708593145423549, 2.63270285176628 ], [ 115.808593145423544, 2.63270285176628 ] ] ] } },
{ "type": "Feature", "properties": { "lon_bin": 68, "lat_bin": 78, "count": 9 }, "geometry": { "type": "Polygon", "coordinates": [ [ [ 115.808593145423544, 3.532702851766277 ], [ 115.808593145423544, 3.632702851766276 ], [ 115.708593145423549, 3.632702851766276 ], [ 115.708593145423549, 3.532702851766277 ], [ 115.808593145423544, 3.532702851766277 ] ] ] } },
{ "type": "Feature", "properties": { "lon_bin": 68, "lat_bin": 80, "count": 12 }, "geometry": { "type": "Polygon", "coordinates": [ [ [ 115.808593145423544, 3.732702851766276 ], [ 115.808593145423544, 3.832702851766276 ], [ 115.708593145423549, 3.832702851766276 ], [ 115.708593145423549, 3.732702851766276 ], [ 115.808593145423544, 3.732702851766276 ] ] ] } },
{ "type": "Feature", "properties": { "lon_bin": 68, "lat_bin": 82, "count": 9 }, "geometry": { "type": "Polygon", "coordinates": [ [ [ 115.808593145423544, 3.932702851766275 ], [ 115.808593145423544, 4.032702851766275 ], [ 115.708593145423549, 4.032702851766275 ], [ 115.708593145423549, 3.932702851766275 ], [ 115.808593145423544, 3.932702851766275 ] ] ] } },
{ "type": "Feature", "properties": { "lon_bin": 69, "lat_bin": 7, "count": 12 }, "geometry": { "type": "Polygon", "coordinates": [ [ [ 115.908593145423538, -3.567297148233698 ], [ 115.908593145423538, -3.467297148233699 ], [ 115.808593145423544, -3.467297148233699 ], [ 115.808593145423544, -3.567297148233698 ], [ 115.908593145423538, -3.567297148233698 ] ] ] } },
{ "type": "Feature", "properties": { "lon_bin": 69, "lat_bin": 22, "count": 6 }, "geometry": { "type": "Polygon", "coordinates": [ [ [ 115.908593145423538, -2.067297148233703 ], [ 115.908593145423538, -1.967297148233704 ], [ 115.808593145423544, -1.967297148233704 ], [ 115.808593145423544, -2.067297148233703 ], [ 115.908593145423538, -2.067297148233703 ] ] ] } },
{ "type": "Feature", "properties": { "lon_bin": 69, "lat_bin": 23, "count": 20 }, "geometry": { "type": "Polygon", "coordinates": [ [ [ 115.908593145423538, -1.967297148233704 ], [ 115.908593145423538, -1.867297148233704 ], [ 115.808593145423544, -1.867297148233704 ], [ 115.808593145423544, -1.967297148233704 ], [ 115.908593145423538, -1.967297148233704 ] ] ] } },
{ "type": "Feature", "properties": { "lon_bin": 69, "lat_bin": 24, "count": 9 }, "geometry": { "type": "Polygon", "coordinates": [ [ [ 115.908593145423538, -1.867297148233704 ], [ 115.908593145423538, -1.767297148233705 ], [ 115.808593145423544, -1.767297148233705 ], [ 115.808593145423544, -1.867297148233704 ], [ 115.908593145423538, -1.867297148233704 ] ] ] } },
{ "type": "Feature", "properties": { "lon_bin": 69, "lat_bin": 27, "count": 6 }, "geometry": { "type": "Polygon", "coordinates": [ [ [ 115.908593145423538, -1.567297148233705 ], [ 115.908593145423538, -1.467297148233706 ], [ 115.808593145423544, -1.467297148233706 ], [ 115.808593145423544, -1.567297148233705 ], [ 115.908593145423538, -1.567297148233705 ] ] ] } },
{ "type": "Feature", "properties": { "lon_bin": 69, "lat_bin": 28, "count": 3 }, "geometry": { "type": "Polygon", "coordinates": [ [ [ 115.908593145423538, -1.467297148233706 ], [ 115.908593145423538, -1.367297148233706 ], [ 115.808593145423544, -1.367297148233706 ], [ 115.808593145423544, -1.467297148233706 ], [ 115.908593145423538, -1.467297148233706 ] ] ] } },
{ "type": "Feature", "properties": { "lon_bin": 69, "lat_bin": 68, "count": 64 }, "geometry": { "type": "Polygon", "coordinates": [ [ [ 115.908593145423538, 2.53270285176628 ], [ 115.908593145423538, 2.63270285176628 ], [ 115.808593145423544, 2.63270285176628 ], [ 115.808593145423544, 2.53270285176628 ], [ 115.908593145423538, 2.53270285176628 ] ] ] } },
{ "type": "Feature", "properties": { "lon_bin": 69, "lat_bin": 79, "count": 12 }, "geometry": { "type": "Polygon", "coordinates": [ [ [ 115.908593145423538, 3.632702851766276 ], [ 115.908593145423538, 3.732702851766276 ], [ 115.808593145423544, 3.732702851766276 ], [ 115.808593145423544, 3.632702851766276 ], [ 115.908593145423538, 3.632702851766276 ] ] ] } },
{ "type": "Feature", "properties": { "lon_bin": 69, "lat_bin": 80, "count": 15 }, "geometry": { "type": "Polygon", "coordinates": [ [ [ 115.908593145423538, 3.732702851766276 ], [ 115.908593145423538, 3.832702851766276 ], [ 115.808593145423544, 3.832702851766276 ], [ 115.808593145423544, 3.732702851766276 ], [ 115.908593145423538, 3.732702851766276 ] ] ] } },
{ "type": "Feature", "properties": { "lon_bin": 70, "lat_bin": 23, "count": 15 }, "geometry": { "type": "Polygon", "coordinates": [ [ [ 116.008593145423532, -1.967297148233704 ], [ 116.008593145423532, -1.867297148233704 ], [ 115.908593145423538, -1.867297148233704 ], [ 115.908593145423538, -1.967297148233704 ], [ 116.008593145423532, -1.967297148233704 ] ] ] } },
{ "type": "Feature", "properties": { "lon_bin": 71, "lat_bin": 21, "count": 20 }, "geometry": { "type": "Polygon", "coordinates": [ [ [ 116.108593145423526, -2.167297148233703 ], [ 116.108593145423526, -2.067297148233703 ], [ 116.008593145423532, -2.067297148233703 ], [ 116.008593145423532, -2.167297148233703 ], [ 116.108593145423526, -2.167297148233703 ] ] ] } },
{ "type": "Feature", "properties": { "lon_bin": 71, "lat_bin": 38, "count": 57 }, "geometry": { "type": "Polygon", "coordinates": [ [ [ 116.108593145423526, -0.467297148233709 ], [ 116.108593145423526, -0.36729714823371 ], [ 116.008593145423532, -0.36729714823371 ], [ 116.008593145423532, -0.467297148233709 ], [ 116.108593145423526, -0.467297148233709 ] ] ] } },
{ "type": "Feature", "properties": { "lon_bin": 71, "lat_bin": 73, "count": 9 }, "geometry": { "type": "Polygon", "coordinates": [ [ [ 116.108593145423526, 3.032702851766278 ], [ 116.108593145423526, 3.132702851766278 ], [ 116.008593145423532, 3.132702851766278 ], [ 116.008593145423532, 3.032702851766278 ], [ 116.108593145423526, 3.032702851766278 ] ] ] } },
{ "type": "Feature", "properties": { "lon_bin": 71, "lat_bin": 75, "count": 24 }, "geometry": { "type": "Polygon", "coordinates": [ [ [ 116.108593145423526, 3.232702851766278 ], [ 116.108593145423526, 3.332702851766277 ], [ 116.008593145423532, 3.332702851766277 ], [ 116.008593145423532, 3.232702851766278 ], [ 116.108593145423526, 3.232702851766278 ] ] ] } },
{ "type": "Feature", "properties": { "lon_bin": 72, "lat_bin": 5, "count": 33 }, "geometry": { "type": "Polygon", "coordinates": [ [ [ 116.208593145423521, -3.767297148233697 ], [ 116.208593145423521, -3.667297148233698 ], [ 116.108593145423526, -3.667297148233698 ], [ 116.108593145423526, -3.767297148233697 ], [ 116.208593145423521, -3.767297148233697 ] ] ] } },
{ "type": "Feature", "properties": { "lon_bin": 72, "lat_bin": 39, "count": 11 }, "geometry": { "type": "Polygon", "coordinates": [ [ [ 116.208593145423521, -0.36729714823371 ], [ 116.208593145423521, -0.26729714823371 ], [ 116.108593145423526, -0.26729714823371 ], [ 116.108593145423526, -0.36729714823371 ], [ 116.208593145423521, -0.36729714823371 ] ] ] } },
{ "type": "Feature", "properties": { "lon_bin": 74, "lat_bin": 8, "count": 9 }, "geometry": { "type": "Polygon", "coordinates": [ [ [ 116.408593145423509, -3.467297148233699 ], [ 116.408593145423509, -3.367297148233699 ], [ 116.308593145423515, -3.367297148233699 ], [ 116.308593145423515, -3.467297148233699 ], [ 116.408593145423509, -3.467297148233699 ] ] ] } },
{ "type": "Feature", "properties": { "lon_bin": 74, "lat_bin": 20, "count": 3 }, "geometry": { "type": "Polygon", "coordinates": [ [ [ 116.408593145423509, -2.267297148233703 ], [ 116.408593145423509, -2.167297148233703 ], [ 116.308593145423515, -2.167297148233703 ], [ 116.308593145423515, -2.267297148233703 ], [ 116.408593145423509, -2.267297148233703 ] ] ] } },
{ "type": "Feature", "properties": { "lon_bin": 74, "lat_bin": 21, "count": 3 }, "geometry": { "type": "Polygon", "coordinates": [ [ [ 116.408593145423509, -2.167297148233703 ], [ 116.408593145423509, -2.067297148233703 ], [ 116.308593145423515, -2.067297148233703 ], [ 116.308593145423515, -2.167297148233703 ], [ 116.408593145423509, -2.167297148233703 ] ] ] } },
{ "type": "Feature", "properties": { "lon_bin": 74, "lat_bin": 23, "count": 9 }, "geometry": { "type": "Polygon", "coordinates": [ [ [ 116.408593145423509, -1.967297148233704 ], [ 116.408593145423509, -1.867297148233704 ], [ 116.308593145423515, -1.867297148233704 ], [ 116.308593145423515, -1.967297148233704 ], [ 116.408593145423509, -1.967297148233704 ] ] ] } },
{ "type": "Feature", "properties": { "lon_bin": 74, "lat_bin": 37, "count": 11 }, "geometry": { "type": "Polygon", "coordinates": [ [ [ 116.408593145423509, -0.567297148233709 ], [ 116.408593145423509, -0.467297148233709 ], [ 116.308593145423515, -0.467297148233709 ], [ 116.308593145423515, -0.567297148233709 ], [ 116.408593145423509, -0.567297148233709 ] ] ] } },
{ "type": "Feature", "properties": { "lon_bin": 74, "lat_bin": 46, "count": 12 }, "geometry": { "type": "Polygon", "coordinates": [ [ [ 116.408593145423509, 0.332702851766288 ], [ 116.408593145423509, 0.432702851766288 ], [ 116.308593145423515, 0.432702851766288 ], [ 116.308593145423515, 0.332702851766288 ], [ 116.408593145423509, 0.332702851766288 ] ] ] } },
{ "type": "Feature", "properties": { "lon_bin": 74, "lat_bin": 72, "count": 9 }, "geometry": { "type": "Polygon", "coordinates": [ [ [ 116.408593145423509, 2.932702851766279 ], [ 116.408593145423509, 3.032702851766278 ], [ 116.308593145423515, 3.032702851766278 ], [ 116.308593145423515, 2.932702851766279 ], [ 116.408593145423509, 2.932702851766279 ] ] ] } },
{ "type": "Feature", "properties": { "lon_bin": 74, "lat_bin": 73, "count": 12 }, "geometry": { "type": "Polygon", "coordinates": [ [ [ 116.408593145423509, 3.032702851766278 ], [ 116.408593145423509, 3.132702851766278 ], [ 116.308593145423515, 3.132702851766278 ], [ 116.308593145423515, 3.032702851766278 ], [ 116.408593145423509, 3.032702851766278 ] ] ] } },
{ "type": "Feature", "properties": { "lon_bin": 75, "lat_bin": 41, "count": 9 }, "geometry": { "type": "Polygon", "coordinates": [ [ [ 116.508593145423504, -0.16729714823371 ], [ 116.508593145423504, -0.067297148233711 ], [ 116.408593145423509, -0.067297148233711 ], [ 116.408593145423509, -0.16729714823371 ], [ 116.508593145423504, -0.16729714823371 ] ] ] } },
{ "type": "Feature", "properties": { "lon_bin": 75, "lat_bin": 72, "count": 89 }, "geometry": { "type": "Polygon", "coordinates": [ [ [ 116.508593145423504, 2.932702851766279 ], [ 116.508593145423504, 3.032702851766278 ], [ 116.408593145423509, 3.032702851766278 ], [ 116.408593145423509, 2.932702851766279 ], [ 116.508593145423504, 2.932702851766279 ] ] ] } },
{ "type": "Feature", "properties": { "lon_bin": 75, "lat_bin": 73, "count": 31 }, "geometry": { "type": "Polygon", "coordinates": [ [ [ 116.508593145423504, 3.032702851766278 ], [ 116.508593145423504, 3.132702851766278 ], [ 116.408593145423509, 3.132702851766278 ], [ 116.408593145423509, 3.032702851766278 ], [ 116.508593145423504, 3.032702851766278 ] ] ] } },
{ "type": "Feature", "properties": { "lon_bin": 75, "lat_bin": 76, "count": 9 }, "geometry": { "type": "Polygon", "coordinates": [ [ [ 116.508593145423504, 3.332702851766277 ], [ 116.508593145423504, 3.432702851766277 ], [ 116.408593145423509, 3.432702851766277 ], [ 116.408593145423509, 3.332702851766277 ], [ 116.508593145423504, 3.332702851766277 ] ] ] } },
{ "type": "Feature", "properties": { "lon_bin": 75, "lat_bin": 77, "count": 11 }, "geometry": { "type": "Polygon", "coordinates": [ [ [ 116.508593145423504, 3.432702851766277 ], [ 116.508593145423504, 3.532702851766277 ], [ 116.408593145423509, 3.532702851766277 ], [ 116.408593145423509, 3.432702851766277 ], [ 116.508593145423504, 3.432702851766277 ] ] ] } },
{ "type": "Feature", "properties": { "lon_bin": 76, "lat_bin": 74, "count": 12 }, "geometry": { "type": "Polygon", "coordinates": [ [ [ 116.608593145423498, 3.132702851766278 ], [ 116.608593145423498, 3.232702851766278 ], [ 116.508593145423504, 3.232702851766278 ], [ 116.508593145423504, 3.132702851766278 ], [ 116.608593145423498, 3.132702851766278 ] ] ] } },
{ "type": "Feature", "properties": { "lon_bin": 76, "lat_bin": 75, "count": 24 }, "geometry": { "type": "Polygon", "coordinates": [ [ [ 116.608593145423498, 3.232702851766278 ], [ 116.608593145423498, 3.332702851766277 ], [ 116.508593145423504, 3.332702851766277 ], [ 116.508593145423504, 3.232702851766278 ], [ 116.608593145423498, 3.232702851766278 ] ] ] } },
{ "type": "Feature", "properties": { "lon_bin": 76, "lat_bin": 76, "count": 18 }, "geometry": { "type": "Polygon", "coordinates": [ [ [ 116.608593145423498, 3.332702851766277 ], [ 116.608593145423498, 3.432702851766277 ], [ 116.508593145423504, 3.432702851766277 ], [ 116.508593145423504, 3.332702851766277 ], [ 116.608593145423498, 3.332702851766277 ] ] ] } },
{ "type": "Feature", "properties": { "lon_bin": 76, "lat_bin": 77, "count": 32 }, "geometry": { "type": "Polygon", "coordinates": [ [ [ 116.608593145423498, 3.432702851766277 ], [ 116.608593145423498, 3.532702851766277 ], [ 116.508593145423504, 3.532702851766277 ], [ 116.508593145423504, 3.432702851766277 ], [ 116.608593145423498, 3.432702851766277 ] ] ] } },
{ "type": "Feature", "properties": { "lon_bin": 76, "lat_bin": 78, "count": 48 }, "geometry": { "type": "Polygon", "coordinates": [ [ [ 116.608593145423498, 3.532702851766277 ], [ 116.608593145423498, 3.632702851766276 ], [ 116.508593145423504, 3.632702851766276 ], [ 116.508593145423504, 3.532702851766277 ], [ 116.608593145423498, 3.532702851766277 ] ] ] } },
{ "type": "Feature", "properties": { "lon_bin": 77, "lat_bin": 40, "count": 9 }, "geometry": { "type": "Polygon", "coordinates": [ [ [ 116.708593145423492, -0.26729714823371 ], [ 116.708593145423492, -0.16729714823371 ], [ 116.608593145423498, -0.16729714823371 ], [ 116.608593145423498, -0.26729714823371 ], [ 116.708593145423492, -0.26729714823371 ] ] ] } },
{ "type": "Feature", "properties": { "lon_bin": 77, "lat_bin": 44, "count": 43 }, "geometry": { "type": "Polygon", "coordinates": [ [ [ 116.708593145423492, 0.132702851766289 ], [ 116.708593145423492, 0.232702851766288 ], [ 116.608593145423498, 0.232702851766288 ], [ 116.608593145423498, 0.132702851766289 ], [ 116.708593145423492, 0.132702851766289 ] ] ] } },
{ "type": "Feature", "properties": { "lon_bin": 77, "lat_bin": 76, "count": 7 }, "geometry": { "type": "Polygon", "coordinates": [ [ [ 116.708593145423492, 3.332702851766277 ], [ 116.708593145423492, 3.432702851766277 ], [ 116.608593145423498, 3.432702851766277 ], [ 116.608593145423498, 3.332702851766277 ], [ 116.708593145423492, 3.332702851766277 ] ] ] } },
{ "type": "Feature", "properties": { "lon_bin": 77, "lat_bin": 77, "count": 13 }, "geometry": { "type": "Polygon", "coordinates": [ [ [ 116.708593145423492, 3.432702851766277 ], [ 116.708593145423492, 3.532702851766277 ], [ 116.608593145423498, 3.532702851766277 ], [ 116.608593145423498, 3.432702851766277 ], [ 116.708593145423492, 3.432702851766277 ] ] ] } },
{ "type": "Feature", "properties": { "lon_bin": 77, "lat_bin": 78, "count": 26 }, "geometry": { "type": "Polygon", "coordinates": [ [ [ 116.708593145423492, 3.532702851766277 ], [ 116.708593145423492, 3.632702851766276 ], [ 116.608593145423498, 3.632702851766276 ], [ 116.608593145423498, 3.532702851766277 ], [ 116.708593145423492, 3.532702851766277 ] ] ] } },
{ "type": "Feature", "properties": { "lon_bin": 77, "lat_bin": 79, "count": 23 }, "geometry": { "type": "Polygon", "coordinates": [ [ [ 116.708593145423492, 3.632702851766276 ], [ 116.708593145423492, 3.732702851766276 ], [ 116.608593145423498, 3.732702851766276 ], [ 116.608593145423498, 3.632702851766276 ], [ 116.708593145423492, 3.632702851766276 ] ] ] } },
{ "type": "Feature", "properties": { "lon_bin": 78, "lat_bin": 42, "count": 11 }, "geometry": { "type": "Polygon", "coordinates": [ [ [ 116.808593145423487, -0.067297148233711 ], [ 116.808593145423487, 0.032702851766289 ], [ 116.708593145423492, 0.032702851766289 ], [ 116.708593145423492, -0.067297148233711 ], [ 116.808593145423487, -0.067297148233711 ] ] ] } },
{ "type": "Feature", "properties": { "lon_bin": 78, "lat_bin": 44, "count": 6 }, "geometry": { "type": "Polygon", "coordinates": [ [ [ 116.808593145423487, 0.132702851766289 ], [ 116.808593145423487, 0.232702851766288 ], [ 116.708593145423492, 0.232702851766288 ], [ 116.708593145423492, 0.132702851766289 ], [ 116.808593145423487, 0.132702851766289 ] ] ] } },
{ "type": "Feature", "properties": { "lon_bin": 78, "lat_bin": 56, "count": 9 }, "geometry": { "type": "Polygon", "coordinates": [ [ [ 116.808593145423487, 1.332702851766284 ], [ 116.808593145423487, 1.432702851766284 ], [ 116.708593145423492, 1.432702851766284 ], [ 116.708593145423492, 1.332702851766284 ], [ 116.808593145423487, 1.332702851766284 ] ] ] } },
{ "type": "Feature", "properties": { "lon_bin": 79, "lat_bin": 30, "count": 3 }, "geometry": { "type": "Polygon", "coordinates": [ [ [ 116.908593145423481, -1.267297148233706 ], [ 116.908593145423481, -1.167297148233707 ], [ 116.808593145423487, -1.167297148233707 ], [ 116.808593145423487, -1.267297148233706 ], [ 116.908593145423481, -1.267297148233706 ] ] ] } },
{ "type": "Feature", "properties": { "lon_bin": 79, "lat_bin": 35, "count": 9 }, "geometry": { "type": "Polygon", "coordinates": [ [ [ 116.908593145423481, -0.767297148233708 ], [ 116.908593145423481, -0.667297148233708 ], [ 116.808593145423487, -0.667297148233708 ], [ 116.808593145423487, -0.767297148233708 ], [ 116.908593145423481, -0.767297148233708 ] ] ] } },
{ "type": "Feature", "properties": { "lon_bin": 79, "lat_bin": 45, "count": 3 }, "geometry": { "type": "Polygon", "coordinates": [ [ [ 116.908593145423481, 0.232702851766288 ], [ 116.908593145423481, 0.332702851766288 ], [ 116.808593145423487, 0.332702851766288 ], [ 116.808593145423487, 0.232702851766288 ], [ 116.908593145423481, 0.232702851766288 ] ] ] } },
{ "type": "Feature", "properties": { "lon_bin": 79, "lat_bin": 46, "count": 6 }, "geometry": { "type": "Polygon", "coordinates": [ [ [ 116.908593145423481, 0.332702851766288 ], [ 116.908593145423481, 0.432702851766288 ], [ 116.808593145423487, 0.432702851766288 ], [ 116.808593145423487, 0.332702851766288 ], [ 116.908593145423481, 0.332702851766288 ] ] ] } },
{ "type": "Feature", "properties": { "lon_bin": 79, "lat_bin": 50, "count": 9 }, "geometry": { "type": "Polygon", "coordinates": [ [ [ 116.908593145423481, 0.732702851766287 ], [ 116.908593145423481, 0.832702851766286 ], [ 116.808593145423487, 0.832702851766286 ], [ 116.808593145423487, 0.732702851766287 ], [ 116.908593145423481, 0.732702851766287 ] ] ] } },
{ "type": "Feature", "properties": { "lon_bin": 79, "lat_bin": 65, "count": 16 }, "geometry": { "type": "Polygon", "coordinates": [ [ [ 116.908593145423481, 2.232702851766281 ], [ 116.908593145423481, 2.332702851766281 ], [ 116.808593145423487, 2.332702851766281 ], [ 116.808593145423487, 2.232702851766281 ], [ 116.908593145423481, 2.232702851766281 ] ] ] } },
{ "type": "Feature", "properties": { "lon_bin": 79, "lat_bin": 70, "count": 18 }, "geometry": { "type": "Polygon", "coordinates": [ [ [ 116.908593145423481, 2.732702851766279 ], [ 116.908593145423481, 2.832702851766279 ], [ 116.808593145423487, 2.832702851766279 ], [ 116.808593145423487, 2.732702851766279 ], [ 116.908593145423481, 2.732702851766279 ] ] ] } },
{ "type": "Feature", "properties": { "lon_bin": 79, "lat_bin": 78, "count": 9 }, "geometry": { "type": "Polygon", "coordinates": [ [ [ 116.908593145423481, 3.532702851766277 ], [ 116.908593145423481, 3.632702851766276 ], [ 116.808593145423487, 3.632702851766276 ], [ 116.808593145423487, 3.532702851766277 ], [ 116.908593145423481, 3.532702851766277 ] ] ] } },
{ "type": "Feature", "properties": { "lon_bin": 80, "lat_bin": 34, "count": 9 }, "geometry": { "type": "Polygon", "coordinates": [ [ [ 117.008593145423475, -0.867297148233708 ], [ 117.008593145423475, -0.767297148233708 ], [ 116.908593145423481, -0.767297148233708 ], [ 116.908593145423481, -0.867297148233708 ], [ 117.008593145423475, -0.867297148233708 ] ] ] } },
{ "type": "Feature", "properties": { "lon_bin": 80, "lat_bin": 50, "count": 9 }, "geometry": { "type": "Polygon", "coordinates": [ [ [ 117.008593145423475, 0.732702851766287 ], [ 117.008593145423475, 0.832702851766286 ], [ 116.908593145423481, 0.832702851766286 ], [ 116.908593145423481, 0.732702851766287 ], [ 117.008593145423475, 0.732702851766287 ] ] ] } },
{ "type": "Feature", "properties": { "lon_bin": 80, "lat_bin": 55, "count": 12 }, "geometry": { "type": "Polygon", "coordinates": [ [ [ 117.008593145423475, 1.232702851766285 ], [ 117.008593145423475, 1.332702851766284 ], [ 116.908593145423481, 1.332702851766284 ], [ 116.908593145423481, 1.232702851766285 ], [ 117.008593145423475, 1.232702851766285 ] ] ] } },
{ "type": "Feature", "properties": { "lon_bin": 80, "lat_bin": 64, "count": 37 }, "geometry": { "type": "Polygon", "coordinates": [ [ [ 117.008593145423475, 2.132702851766282 ], [ 117.008593145423475, 2.232702851766281 ], [ 116.908593145423481, 2.232702851766281 ], [ 116.908593145423481, 2.132702851766282 ], [ 117.008593145423475, 2.132702851766282 ] ] ] } },
{ "type": "Feature", "properties": { "lon_bin": 80, "lat_bin": 65, "count": 6 }, "geometry": { "type": "Polygon", "coordinates": [ [ [ 117.008593145423475, 2.232702851766281 ], [ 117.008593145423475, 2.332702851766281 ], [ 116.908593145423481, 2.332702851766281 ], [ 116.908593145423481, 2.232702851766281 ], [ 117.008593145423475, 2.232702851766281 ] ] ] } },
{ "type": "Feature", "properties": { "lon_bin": 80, "lat_bin": 66, "count": 3 }, "geometry": { "type": "Polygon", "coordinates": [ [ [ 117.008593145423475, 2.332702851766281 ], [ 117.008593145423475, 2.432702851766281 ], [ 116.908593145423481, 2.432702851766281 ], [ 116.908593145423481, 2.332702851766281 ], [ 117.008593145423475, 2.332702851766281 ] ] ] } },
{ "type": "Feature", "properties": { "lon_bin": 80, "lat_bin": 71, "count": 14 }, "geometry": { "type": "Polygon", "coordinates": [ [ [ 117.008593145423475, 2.832702851766279 ], [ 117.008593145423475, 2.932702851766279 ], [ 116.908593145423481, 2.932702851766279 ], [ 116.908593145423481, 2.832702851766279 ], [ 117.008593145423475, 2.832702851766279 ] ] ] } },
{ "type": "Feature", "properties": { "lon_bin": 81, "lat_bin": 32, "count": 3 }, "geometry": { "type": "Polygon", "coordinates": [ [ [ 117.10859314542347, -1.067297148233707 ], [ 117.10859314542347, -0.967297148233707 ], [ 117.008593145423475, -0.967297148233707 ], [ 117.008593145423475, -1.067297148233707 ], [ 117.10859314542347, -1.067297148233707 ] ] ] } },
{ "type": "Feature", "properties": { "lon_bin": 81, "lat_bin": 33, "count": 6 }, "geometry": { "type": "Polygon", "coordinates": [ [ [ 117.10859314542347, -0.967297148233707 ], [ 117.10859314542347, -0.867297148233708 ], [ 117.008593145423475, -0.867297148233708 ], [ 117.008593145423475, -0.967297148233707 ], [ 117.10859314542347, -0.967297148233707 ] ] ] } },
{ "type": "Feature", "properties": { "lon_bin": 81, "lat_bin": 35, "count": 18 }, "geometry": { "type": "Polygon", "coordinates": [ [ [ 117.10859314542347, -0.767297148233708 ], [ 117.10859314542347, -0.667297148233708 ], [ 117.008593145423475, -0.667297148233708 ], [ 117.008593145423475, -0.767297148233708 ], [ 117.10859314542347, -0.767297148233708 ] ] ] } },
{ "type": "Feature", "properties": { "lon_bin": 81, "lat_bin": 40, "count": 6 }, "geometry": { "type": "Polygon", "coordinates": [ [ [ 117.10859314542347, -0.26729714823371 ], [ 117.10859314542347, -0.16729714823371 ], [ 117.008593145423475, -0.16729714823371 ], [ 117.008593145423475, -0.26729714823371 ], [ 117.10859314542347, -0.26729714823371 ] ] ] } },
{ "type": "Feature", "properties": { "lon_bin": 81, "lat_bin": 49, "count": 9 }, "geometry": { "type": "Polygon", "coordinates": [ [ [ 117.10859314542347, 0.632702851766287 ], [ 117.10859314542347, 0.732702851766287 ], [ 117.008593145423475, 0.732702851766287 ], [ 117.008593145423475, 0.632702851766287 ], [ 117.10859314542347, 0.632702851766287 ] ] ] } },
{ "type": "Feature", "properties": { "lon_bin": 81, "lat_bin": 50, "count": 36 }, "geometry": { "type": "Polygon", "coordinates": [ [ [ 117.10859314542347, 0.732702851766287 ], [ 117.10859314542347, 0.832702851766286 ], [ 117.008593145423475, 0.832702851766286 ], [ 117.008593145423475, 0.732702851766287 ], [ 117.10859314542347, 0.732702851766287 ] ] ] } },
{ "type": "Feature", "properties": { "lon_bin": 81, "lat_bin": 52, "count": 12 }, "geometry": { "type": "Polygon", "coordinates": [ [ [ 117.10859314542347, 0.932702851766286 ], [ 117.10859314542347, 1.032702851766286 ], [ 117.008593145423475, 1.032702851766286 ], [ 117.008593145423475, 0.932702851766286 ], [ 117.10859314542347, 0.932702851766286 ] ] ] } },
{ "type": "Feature", "properties": { "lon_bin": 81, "lat_bin": 55, "count": 9 }, "geometry": { "type": "Polygon", "coordinates": [ [ [ 117.10859314542347, 1.232702851766285 ], [ 117.10859314542347, 1.332702851766284 ], [ 117.008593145423475, 1.332702851766284 ], [ 117.008593145423475, 1.232702851766285 ], [ 117.10859314542347, 1.232702851766285 ] ] ] } },
{ "type": "Feature", "properties": { "lon_bin": 81, "lat_bin": 63, "count": 6 }, "geometry": { "type": "Polygon", "coordinates": [ [ [ 117.10859314542347, 2.032702851766282 ], [ 117.10859314542347, 2.132702851766282 ], [ 117.008593145423475, 2.132702851766282 ], [ 117.008593145423475, 2.032702851766282 ], [ 117.10859314542347, 2.032702851766282 ] ] ] } },
{ "type": "Feature", "properties": { "lon_bin": 81, "lat_bin": 65, "count": 14 }, "geometry": { "type": "Polygon", "coordinates": [ [ [ 117.10859314542347, 2.232702851766281 ], [ 117.10859314542347, 2.332702851766281 ], [ 117.008593145423475, 2.332702851766281 ], [ 117.008593145423475, 2.232702851766281 ], [ 117.10859314542347, 2.232702851766281 ] ] ] } },
{ "type": "Feature", "properties": { "lon_bin": 81, "lat_bin": 66, "count": 3 }, "geometry": { "type": "Polygon", "coordinates": [ [ [ 117.10859314542347, 2.332702851766281 ], [ 117.10859314542347, 2.432702851766281 ], [ 117.008593145423475, 2.432702851766281 ], [ 117.008593145423475, 2.332702851766281 ], [ 117.10859314542347, 2.332702851766281 ] ] ] } },
{ "type": "Feature", "properties": { "lon_bin": 81, "lat_bin": 85, "count": 6 }, "geometry": { "type": "Polygon", "coordinates": [ [ [ 117.10859314542347, 4.232702851766274 ], [ 117.10859314542347, 4.332702851766274 ], [ 117.008593145423475, 4.332702851766274 ], [ 117.008593145423475, 4.232702851766274 ], [ 117.10859314542347, 4.232702851766274 ] ] ] } },
{ "type": "Feature", "properties": { "lon_bin": 82, "lat_bin": 33, "count": 6 }, "geometry": { "type": "Polygon", "coordinates": [ [ [ 117.208593145423464, -0.967297148233707 ], [ 117.208593145423464, -0.867297148233708 ], [ 117.10859314542347, -0.867297148233708 ], [ 117.10859314542347, -0.967297148233707 ], [ 117.208593145423464, -0.967297148233707 ] ] ] } },
{ "type": "Feature", "properties": { "lon_bin": 82, "lat_bin": 50, "count": 11 }, "geometry": { "type": "Polygon", "coordinates": [ [ [ 117.208593145423464, 0.732702851766287 ], [ 117.208593145423464, 0.832702851766286 ], [ 117.10859314542347, 0.832702851766286 ], [ 117.10859314542347, 0.732702851766287 ], [ 117.208593145423464, 0.732702851766287 ] ] ] } },
{ "type": "Feature", "properties": { "lon_bin": 82, "lat_bin": 51, "count": 4 }, "geometry": { "type": "Polygon", "coordinates": [ [ [ 117.208593145423464, 0.832702851766286 ], [ 117.208593145423464, 0.932702851766286 ], [ 117.10859314542347, 0.932702851766286 ], [ 117.10859314542347, 0.832702851766286 ], [ 117.208593145423464, 0.832702851766286 ] ] ] } },
{ "type": "Feature", "properties": { "lon_bin": 82, "lat_bin": 57, "count": 9 }, "geometry": { "type": "Polygon", "coordinates": [ [ [ 117.208593145423464, 1.432702851766284 ], [ 117.208593145423464, 1.532702851766284 ], [ 117.10859314542347, 1.532702851766284 ], [ 117.10859314542347, 1.432702851766284 ], [ 117.208593145423464, 1.432702851766284 ] ] ] } },
{ "type": "Feature", "properties": { "lon_bin": 82, "lat_bin": 59, "count": 33 }, "geometry": { "type": "Polygon", "coordinates": [ [ [ 117.208593145423464, 1.632702851766283 ], [ 117.208593145423464, 1.732702851766283 ], [ 117.10859314542347, 1.732702851766283 ], [ 117.10859314542347, 1.632702851766283 ], [ 117.208593145423464, 1.632702851766283 ] ] ] } },
{ "type": "Feature", "properties": { "lon_bin": 82, "lat_bin": 61, "count": 6 }, "geometry": { "type": "Polygon", "coordinates": [ [ [ 117.208593145423464, 1.832702851766283 ], [ 117.208593145423464, 1.932702851766282 ], [ 117.10859314542347, 1.932702851766282 ], [ 117.10859314542347, 1.832702851766283 ], [ 117.208593145423464, 1.832702851766283 ] ] ] } },
{ "type": "Feature", "properties": { "lon_bin": 82, "lat_bin": 63, "count": 76 }, "geometry": { "type": "Polygon", "coordinates": [ [ [ 117.208593145423464, 2.032702851766282 ], [ 117.208593145423464, 2.132702851766282 ], [ 117.10859314542347, 2.132702851766282 ], [ 117.10859314542347, 2.032702851766282 ], [ 117.208593145423464, 2.032702851766282 ] ] ] } },
{ "type": "Feature", "properties": { "lon_bin": 82, "lat_bin": 64, "count": 15 }, "geometry": { "type": "Polygon", "coordinates": [ [ [ 117.208593145423464, 2.132702851766282 ], [ 117.208593145423464, 2.232702851766281 ], [ 117.10859314542347, 2.232702851766281 ], [ 117.10859314542347, 2.132702851766282 ], [ 117.208593145423464, 2.132702851766282 ] ] ] } },
{ "type": "Feature", "properties": { "lon_bin": 82, "lat_bin": 65, "count": 55 }, "geometry": { "type": "Polygon", "coordinates": [ [ [ 117.208593145423464, 2.232702851766281 ], [ 117.208593145423464, 2.332702851766281 ], [ 117.10859314542347, 2.332702851766281 ], [ 117.10859314542347, 2.232702851766281 ], [ 117.208593145423464, 2.232702851766281 ] ] ] } },
{ "type": "Feature", "properties": { "lon_bin": 82, "lat_bin": 66, "count": 11 }, "geometry": { "type": "Polygon", "coordinates": [ [ [ 117.208593145423464, 2.332702851766281 ], [ 117.208593145423464, 2.432702851766281 ], [ 117.10859314542347, 2.432702851766281 ], [ 117.10859314542347, 2.332702851766281 ], [ 117.208593145423464, 2.332702851766281 ] ] ] } },
{ "type": "Feature", "properties": { "lon_bin": 82, "lat_bin": 76, "count": 4 }, "geometry": { "type": "Polygon", "coordinates": [ [ [ 117.208593145423464, 3.332702851766277 ], [ 117.208593145423464, 3.432702851766277 ], [ 117.10859314542347, 3.432702851766277 ], [ 117.10859314542347, 3.332702851766277 ], [ 117.208593145423464, 3.332702851766277 ] ] ] } },
{ "type": "Feature", "properties": { "lon_bin": 83, "lat_bin": 35, "count": 9 }, "geometry": { "type": "Polygon", "coordinates": [ [ [ 117.308593145423458, -0.767297148233708 ], [ 117.308593145423458, -0.667297148233708 ], [ 117.208593145423464, -0.667297148233708 ], [ 117.208593145423464, -0.767297148233708 ], [ 117.308593145423458, -0.767297148233708 ] ] ] } },
{ "type": "Feature", "properties": { "lon_bin": 83, "lat_bin": 47, "count": 9 }, "geometry": { "type": "Polygon", "coordinates": [ [ [ 117.308593145423458, 0.432702851766288 ], [ 117.308593145423458, 0.532702851766287 ], [ 117.208593145423464, 0.532702851766287 ], [ 117.208593145423464, 0.432702851766288 ], [ 117.308593145423458, 0.432702851766288 ] ] ] } },
{ "type": "Feature", "properties": { "lon_bin": 83, "lat_bin": 48, "count": 15 }, "geometry": { "type": "Polygon", "coordinates": [ [ [ 117.308593145423458, 0.532702851766287 ], [ 117.308593145423458, 0.632702851766287 ], [ 117.208593145423464, 0.632702851766287 ], [ 117.208593145423464, 0.532702851766287 ], [ 117.308593145423458, 0.532702851766287 ] ] ] } },
{ "type": "Feature", "properties": { "lon_bin": 83, "lat_bin": 55, "count": 9 }, "geometry": { "type": "Polygon", "coordinates": [ [ [ 117.308593145423458, 1.232702851766285 ], [ 117.308593145423458, 1.332702851766284 ], [ 117.208593145423464, 1.332702851766284 ], [ 117.208593145423464, 1.232702851766285 ], [ 117.308593145423458, 1.232702851766285 ] ] ] } },
{ "type": "Feature", "properties": { "lon_bin": 83, "lat_bin": 57, "count": 6 }, "geometry": { "type": "Polygon", "coordinates": [ [ [ 117.308593145423458, 1.432702851766284 ], [ 117.308593145423458, 1.532702851766284 ], [ 117.208593145423464, 1.532702851766284 ], [ 117.208593145423464, 1.432702851766284 ], [ 117.308593145423458, 1.432702851766284 ] ] ] } },
{ "type": "Feature", "properties": { "lon_bin": 83, "lat_bin": 61, "count": 9 }, "geometry": { "type": "Polygon", "coordinates": [ [ [ 117.308593145423458, 1.832702851766283 ], [ 117.308593145423458, 1.932702851766282 ], [ 117.208593145423464, 1.932702851766282 ], [ 117.208593145423464, 1.832702851766283 ], [ 117.308593145423458, 1.832702851766283 ] ] ] } },
{ "type": "Feature", "properties": { "lon_bin": 83, "lat_bin": 62, "count": 107 }, "geometry": { "type": "Polygon", "coordinates": [ [ [ 117.308593145423458, 1.932702851766282 ], [ 117.308593145423458, 2.032702851766282 ], [ 117.208593145423464, 2.032702851766282 ], [ 117.208593145423464, 1.932702851766282 ], [ 117.308593145423458, 1.932702851766282 ] ] ] } },
{ "type": "Feature", "properties": { "lon_bin": 83, "lat_bin": 64, "count": 38 }, "geometry": { "type": "Polygon", "coordinates": [ [ [ 117.308593145423458, 2.132702851766282 ], [ 117.308593145423458, 2.232702851766281 ], [ 117.208593145423464, 2.232702851766281 ], [ 117.208593145423464, 2.132702851766282 ], [ 117.308593145423458, 2.132702851766282 ] ] ] } },
{ "type": "Feature", "properties": { "lon_bin": 83, "lat_bin": 65, "count": 30 }, "geometry": { "type": "Polygon", "coordinates": [ [ [ 117.308593145423458, 2.232702851766281 ], [ 117.308593145423458, 2.332702851766281 ], [ 117.208593145423464, 2.332702851766281 ], [ 117.208593145423464, 2.232702851766281 ], [ 117.308593145423458, 2.232702851766281 ] ] ] } },
{ "type": "Feature", "properties": { "lon_bin": 83, "lat_bin": 73, "count": 31 }, "geometry": { "type": "Polygon", "coordinates": [ [ [ 117.308593145423458, 3.032702851766278 ], [ 117.308593145423458, 3.132702851766278 ], [ 117.208593145423464, 3.132702851766278 ], [ 117.208593145423464, 3.032702851766278 ], [ 117.308593145423458, 3.032702851766278 ] ] ] } },
{ "type": "Feature", "properties": { "lon_bin": 83, "lat_bin": 74, "count": 19 }, "geometry": { "type": "Polygon", "coordinates": [ [ [ 117.308593145423458, 3.132702851766278 ], [ 117.308593145423458, 3.232702851766278 ], [ 117.208593145423464, 3.232702851766278 ], [ 117.208593145423464, 3.132702851766278 ], [ 117.308593145423458, 3.132702851766278 ] ] ] } },
{ "type": "Feature", "properties": { "lon_bin": 83, "lat_bin": 75, "count": 9 }, "geometry": { "type": "Polygon", "coordinates": [ [ [ 117.308593145423458, 3.232702851766278 ], [ 117.308593145423458, 3.332702851766277 ], [ 117.208593145423464, 3.332702851766277 ], [ 117.208593145423464, 3.232702851766278 ], [ 117.308593145423458, 3.232702851766278 ] ] ] } },
{ "type": "Feature", "properties": { "lon_bin": 83, "lat_bin": 76, "count": 9 }, "geometry": { "type": "Polygon", "coordinates": [ [ [ 117.308593145423458, 3.332702851766277 ], [ 117.308593145423458, 3.432702851766277 ], [ 117.208593145423464, 3.432702851766277 ], [ 117.208593145423464, 3.332702851766277 ], [ 117.308593145423458, 3.332702851766277 ] ] ] } },
{ "type": "Feature", "properties": { "lon_bin": 84, "lat_bin": 36, "count": 8 }, "geometry": { "type": "Polygon", "coordinates": [ [ [ 117.408593145423453, -0.667297148233708 ], [ 117.408593145423453, -0.567297148233709 ], [ 117.308593145423458, -0.567297148233709 ], [ 117.308593145423458, -0.667297148233708 ], [ 117.408593145423453, -0.667297148233708 ] ] ] } },
{ "type": "Feature", "properties": { "lon_bin": 85, "lat_bin": 42, "count": 9 }, "geometry": { "type": "Polygon", "coordinates": [ [ [ 117.508593145423447, -0.067297148233711 ], [ 117.508593145423447, 0.032702851766289 ], [ 117.408593145423453, 0.032702851766289 ], [ 117.408593145423453, -0.067297148233711 ], [ 117.508593145423447, -0.067297148233711 ] ] ] } },
{ "type": "Feature", "properties": { "lon_bin": 85, "lat_bin": 49, "count": 9 }, "geometry": { "type": "Polygon", "coordinates": [ [ [ 117.508593145423447, 0.632702851766287 ], [ 117.508593145423447, 0.732702851766287 ], [ 117.408593145423453, 0.732702851766287 ], [ 117.408593145423453, 0.632702851766287 ], [ 117.508593145423447, 0.632702851766287 ] ] ] } },
{ "type": "Feature", "properties": { "lon_bin": 85, "lat_bin": 62, "count": 2 }, "geometry": { "type": "Polygon", "coordinates": [ [ [ 117.508593145423447, 1.932702851766282 ], [ 117.508593145423447, 2.032702851766282 ], [ 117.408593145423453, 2.032702851766282 ], [ 117.408593145423453, 1.932702851766282 ], [ 117.508593145423447, 1.932702851766282 ] ] ] } },
{ "type": "Feature", "properties": { "lon_bin": 85, "lat_bin": 66, "count": 6 }, "geometry": { "type": "Polygon", "coordinates": [ [ [ 117.508593145423447, 2.332702851766281 ], [ 117.508593145423447, 2.432702851766281 ], [ 117.408593145423453, 2.432702851766281 ], [ 117.408593145423453, 2.332702851766281 ], [ 117.508593145423447, 2.332702851766281 ] ] ] } },
{ "type": "Feature", "properties": { "lon_bin": 85, "lat_bin": 67, "count": 20 }, "geometry": { "type": "Polygon", "coordinates": [ [ [ 117.508593145423447, 2.432702851766281 ], [ 117.508593145423447, 2.53270285176628 ], [ 117.408593145423453, 2.53270285176628 ], [ 117.408593145423453, 2.432702851766281 ], [ 117.508593145423447, 2.432702851766281 ] ] ] } },
{ "type": "Feature", "properties": { "lon_bin": 85, "lat_bin": 68, "count": 83 }, "geometry": { "type": "Polygon", "coordinates": [ [ [ 117.508593145423447, 2.53270285176628 ], [ 117.508593145423447, 2.63270285176628 ], [ 117.408593145423453, 2.63270285176628 ], [ 117.408593145423453, 2.53270285176628 ], [ 117.508593145423447, 2.53270285176628 ] ] ] } },
{ "type": "Feature", "properties": { "lon_bin": 85, "lat_bin": 69, "count": 2 }, "geometry": { "type": "Polygon", "coordinates": [ [ [ 117.508593145423447, 2.63270285176628 ], [ 117.508593145423447, 2.732702851766279 ], [ 117.408593145423453, 2.732702851766279 ], [ 117.408593145423453, 2.63270285176628 ], [ 117.508593145423447, 2.63270285176628 ] ] ] } },
{ "type": "Feature", "properties": { "lon_bin": 86, "lat_bin": 46, "count": 9 }, "geometry": { "type": "Polygon", "coordinates": [ [ [ 117.608593145423441, 0.332702851766288 ], [ 117.608593145423441, 0.432702851766288 ], [ 117.508593145423447, 0.432702851766288 ], [ 117.508593145423447, 0.332702851766288 ], [ 117.608593145423441, 0.332702851766288 ] ] ] } },
{ "type": "Feature", "properties": { "lon_bin": 86, "lat_bin": 49, "count": 9 }, "geometry": { "type": "Polygon", "coordinates": [ [ [ 117.608593145423441, 0.632702851766287 ], [ 117.608593145423441, 0.732702851766287 ], [ 117.508593145423447, 0.732702851766287 ], [ 117.508593145423447, 0.632702851766287 ], [ 117.608593145423441, 0.632702851766287 ] ] ] } },
{ "type": "Feature", "properties": { "lon_bin": 86, "lat_bin": 62, "count": 4 }, "geometry": { "type": "Polygon", "coordinates": [ [ [ 117.608593145423441, 1.932702851766282 ], [ 117.608593145423441, 2.032702851766282 ], [ 117.508593145423447, 2.032702851766282 ], [ 117.508593145423447, 1.932702851766282 ], [ 117.608593145423441, 1.932702851766282 ] ] ] } },
{ "type": "Feature", "properties": { "lon_bin": 86, "lat_bin": 63, "count": 8 }, "geometry": { "type": "Polygon", "coordinates": [ [ [ 117.608593145423441, 2.032702851766282 ], [ 117.608593145423441, 2.132702851766282 ], [ 117.508593145423447, 2.132702851766282 ], [ 117.508593145423447, 2.032702851766282 ], [ 117.608593145423441, 2.032702851766282 ] ] ] } },
{ "type": "Feature", "properties": { "lon_bin": 86, "lat_bin": 65, "count": 18 }, "geometry": { "type": "Polygon", "coordinates": [ [ [ 117.608593145423441, 2.232702851766281 ], [ 117.608593145423441, 2.332702851766281 ], [ 117.508593145423447, 2.332702851766281 ], [ 117.508593145423447, 2.232702851766281 ], [ 117.608593145423441, 2.232702851766281 ] ] ] } },
{ "type": "Feature", "properties": { "lon_bin": 86, "lat_bin": 67, "count": 6 }, "geometry": { "type": "Polygon", "coordinates": [ [ [ 117.608593145423441, 2.432702851766281 ], [ 117.608593145423441, 2.53270285176628 ], [ 117.508593145423447, 2.53270285176628 ], [ 117.508593145423447, 2.432702851766281 ], [ 117.608593145423441, 2.432702851766281 ] ] ] } },
{ "type": "Feature", "properties": { "lon_bin": 87, "lat_bin": 64, "count": 9 }, "geometry": { "type": "Polygon", "coordinates": [ [ [ 117.708593145423436, 2.132702851766282 ], [ 117.708593145423436, 2.232702851766281 ], [ 117.608593145423441, 2.232702851766281 ], [ 117.608593145423441, 2.132702851766282 ], [ 117.708593145423436, 2.132702851766282 ] ] ] } },
{ "type": "Feature", "properties": { "lon_bin": 87, "lat_bin": 65, "count": 9 }, "geometry": { "type": "Polygon", "coordinates": [ [ [ 117.708593145423436, 2.232702851766281 ], [ 117.708593145423436, 2.332702851766281 ], [ 117.608593145423441, 2.332702851766281 ], [ 117.608593145423441, 2.232702851766281 ], [ 117.708593145423436, 2.232702851766281 ] ] ] } },
{ "type": "Feature", "properties": { "lon_bin": 87, "lat_bin": 67, "count": 3 }, "geometry": { "type": "Polygon", "coordinates": [ [ [ 117.708593145423436, 2.432702851766281 ], [ 117.708593145423436, 2.53270285176628 ], [ 117.608593145423441, 2.53270285176628 ], [ 117.608593145423441, 2.432702851766281 ], [ 117.708593145423436, 2.432702851766281 ] ] ] } },
{ "type": "Feature", "properties": { "lon_bin": 87, "lat_bin": 68, "count": 6 }, "geometry": { "type": "Polygon", "coordinates": [ [ [ 117.708593145423436, 2.53270285176628 ], [ 117.708593145423436, 2.63270285176628 ], [ 117.608593145423441, 2.63270285176628 ], [ 117.608593145423441, 2.53270285176628 ], [ 117.708593145423436, 2.53270285176628 ] ] ] } },
{ "type": "Feature", "properties": { "lon_bin": 87, "lat_bin": 69, "count": 11 }, "geometry": { "type": "Polygon", "coordinates": [ [ [ 117.708593145423436, 2.63270285176628 ], [ 117.708593145423436, 2.732702851766279 ], [ 117.608593145423441, 2.732702851766279 ], [ 117.608593145423441, 2.63270285176628 ], [ 117.708593145423436, 2.63270285176628 ] ] ] } },
{ "type": "Feature", "properties": { "lon_bin": 87, "lat_bin": 76, "count": 11 }, "geometry": { "type": "Polygon", "coordinates": [ [ [ 117.708593145423436, 3.332702851766277 ], [ 117.708593145423436, 3.432702851766277 ], [ 117.608593145423441, 3.432702851766277 ], [ 117.608593145423441, 3.332702851766277 ], [ 117.708593145423436, 3.332702851766277 ] ] ] } },
{ "type": "Feature", "properties": { "lon_bin": 88, "lat_bin": 51, "count": 21 }, "geometry": { "type": "Polygon", "coordinates": [ [ [ 117.80859314542343, 0.832702851766286 ], [ 117.80859314542343, 0.932702851766286 ], [ 117.708593145423436, 0.932702851766286 ], [ 117.708593145423436, 0.832702851766286 ], [ 117.80859314542343, 0.832702851766286 ] ] ] } },
{ "type": "Feature", "properties": { "lon_bin": 88, "lat_bin": 52, "count": 3 }, "geometry": { "type": "Polygon", "coordinates": [ [ [ 117.80859314542343, 0.932702851766286 ], [ 117.80859314542343, 1.032702851766286 ], [ 117.708593145423436, 1.032702851766286 ], [ 117.708593145423436, 0.932702851766286 ], [ 117.80859314542343, 0.932702851766286 ] ] ] } },
{ "type": "Feature", "properties": { "lon_bin": 88, "lat_bin": 57, "count": 3 }, "geometry": { "type": "Polygon", "coordinates": [ [ [ 117.80859314542343, 1.432702851766284 ], [ 117.80859314542343, 1.532702851766284 ], [ 117.708593145423436, 1.532702851766284 ], [ 117.708593145423436, 1.432702851766284 ], [ 117.80859314542343, 1.432702851766284 ] ] ] } },
{ "type": "Feature", "properties": { "lon_bin": 88, "lat_bin": 64, "count": 6 }, "geometry": { "type": "Polygon", "coordinates": [ [ [ 117.80859314542343, 2.132702851766282 ], [ 117.80859314542343, 2.232702851766281 ], [ 117.708593145423436, 2.232702851766281 ], [ 117.708593145423436, 2.132702851766282 ], [ 117.80859314542343, 2.132702851766282 ] ] ] } },
{ "type": "Feature", "properties": { "lon_bin": 89, "lat_bin": 50, "count": 9 }, "geometry": { "type": "Polygon", "coordinates": [ [ [ 117.908593145423424, 0.732702851766287 ], [ 117.908593145423424, 0.832702851766286 ], [ 117.80859314542343, 0.832702851766286 ], [ 117.80859314542343, 0.732702851766287 ], [ 117.908593145423424, 0.732702851766287 ] ] ] } },
{ "type": "Feature", "properties": { "lon_bin": 89, "lat_bin": 52, "count": 11 }, "geometry": { "type": "Polygon", "coordinates": [ [ [ 117.908593145423424, 0.932702851766286 ], [ 117.908593145423424, 1.032702851766286 ], [ 117.80859314542343, 1.032702851766286 ], [ 117.80859314542343, 0.932702851766286 ], [ 117.908593145423424, 0.932702851766286 ] ] ] } },
{ "type": "Feature", "properties": { "lon_bin": 89, "lat_bin": 57, "count": 6 }, "geometry": { "type": "Polygon", "coordinates": [ [ [ 117.908593145423424, 1.432702851766284 ], [ 117.908593145423424, 1.532702851766284 ], [ 117.80859314542343, 1.532702851766284 ], [ 117.80859314542343, 1.432702851766284 ], [ 117.908593145423424, 1.432702851766284 ] ] ] } },
{ "type": "Feature", "properties": { "lon_bin": 89, "lat_bin": 64, "count": 19 }, "geometry": { "type": "Polygon", "coordinates": [ [ [ 117.908593145423424, 2.132702851766282 ], [ 117.908593145423424, 2.232702851766281 ], [ 117.80859314542343, 2.232702851766281 ], [ 117.80859314542343, 2.132702851766282 ], [ 117.908593145423424, 2.132702851766282 ] ] ] } },
{ "type": "Feature", "properties": { "lon_bin": 89, "lat_bin": 65, "count": 144 }, "geometry": { "type": "Polygon", "coordinates": [ [ [ 117.908593145423424, 2.232702851766281 ], [ 117.908593145423424, 2.332702851766281 ], [ 117.80859314542343, 2.332702851766281 ], [ 117.80859314542343, 2.232702851766281 ], [ 117.908593145423424, 2.232702851766281 ] ] ] } },
{ "type": "Feature", "properties": { "lon_bin": 89, "lat_bin": 66, "count": 11 }, "geometry": { "type": "Polygon", "coordinates": [ [ [ 117.908593145423424, 2.332702851766281 ], [ 117.908593145423424, 2.432702851766281 ], [ 117.80859314542343, 2.432702851766281 ], [ 117.80859314542343, 2.332702851766281 ], [ 117.908593145423424, 2.332702851766281 ] ] ] } },
{ "type": "Feature", "properties": { "lon_bin": 90, "lat_bin": 65, "count": 124 }, "geometry": { "type": "Polygon", "coordinates": [ [ [ 118.008593145423418, 2.232702851766281 ], [ 118.008593145423418, 2.332702851766281 ], [ 117.908593145423424, 2.332702851766281 ], [ 117.908593145423424, 2.232702851766281 ], [ 118.008593145423418, 2.232702851766281 ] ] ] } },
{ "type": "Feature", "properties": { "lon_bin": 90, "lat_bin": 66, "count": 8 }, "geometry": { "type": "Polygon", "coordinates": [ [ [ 118.008593145423418, 2.332702851766281 ], [ 118.008593145423418, 2.432702851766281 ], [ 117.908593145423424, 2.432702851766281 ], [ 117.908593145423424, 2.332702851766281 ], [ 118.008593145423418, 2.332702851766281 ] ] ] } },
{ "type": "Feature", "properties": { "lon_bin": 91, "lat_bin": 56, "count": 9 }, "geometry": { "type": "Polygon", "coordinates": [ [ [ 118.108593145423413, 1.332702851766284 ], [ 118.108593145423413, 1.432702851766284 ], [ 118.008593145423418, 1.432702851766284 ], [ 118.008593145423418, 1.332702851766284 ], [ 118.108593145423413, 1.332702851766284 ] ] ] } },
{ "type": "Feature", "properties": { "lon_bin": 91, "lat_bin": 58, "count": 9 }, "geometry": { "type": "Polygon", "coordinates": [ [ [ 118.108593145423413, 1.532702851766284 ], [ 118.108593145423413, 1.632702851766283 ], [ 118.008593145423418, 1.632702851766283 ], [ 118.008593145423418, 1.532702851766284 ], [ 118.108593145423413, 1.532702851766284 ] ] ] } },
{ "type": "Feature", "properties": { "lon_bin": 91, "lat_bin": 65, "count": 6 }, "geometry": { "type": "Polygon", "coordinates": [ [ [ 118.108593145423413, 2.232702851766281 ], [ 118.108593145423413, 2.332702851766281 ], [ 118.008593145423418, 2.332702851766281 ], [ 118.008593145423418, 2.232702851766281 ], [ 118.108593145423413, 2.232702851766281 ] ] ] } },
{ "type": "Feature", "properties": { "lon_bin": 93, "lat_bin": 56, "count": 12 }, "geometry": { "type": "Polygon", "coordinates": [ [ [ 118.308593145423401, 1.332702851766284 ], [ 118.308593145423401, 1.432702851766284 ], [ 118.208593145423407, 1.432702851766284 ], [ 118.208593145423407, 1.332702851766284 ], [ 118.308593145423401, 1.332702851766284 ] ] ] } },
{ "type": "Feature", "properties": { "lon_bin": 93, "lat_bin": 57, "count": 6 }, "geometry": { "type": "Polygon", "coordinates": [ [ [ 118.308593145423401, 1.432702851766284 ], [ 118.308593145423401, 1.532702851766284 ], [ 118.208593145423407, 1.532702851766284 ], [ 118.208593145423407, 1.432702851766284 ], [ 118.308593145423401, 1.432702851766284 ] ] ] } },
{ "type": "Feature", "properties": { "lon_bin": 94, "lat_bin": 57, "count": 9 }, "geometry": { "type": "Polygon", "coordinates": [ [ [ 118.408593145423396, 1.432702851766284 ], [ 118.408593145423396, 1.532702851766284 ], [ 118.308593145423401, 1.532702851766284 ], [ 118.308593145423401, 1.432702851766284 ], [ 118.408593145423396, 1.432702851766284 ] ] ] } },
{ "type": "Feature", "properties": { "lon_bin": 96, "lat_bin": 52, "count": 9 }, "geometry": { "type": "Polygon", "coordinates": [ [ [ 118.608593145423384, 0.932702851766286 ], [ 118.608593145423384, 1.032702851766286 ], [ 118.50859314542339, 1.032702851766286 ], [ 118.50859314542339, 0.932702851766286 ], [ 118.608593145423384, 0.932702851766286 ] ] ] } },
{ "type": "Feature", "properties": { "lon_bin": 98, "lat_bin": 54, "count": 6 }, "geometry": { "type": "Polygon", "coordinates": [ [ [ 118.808593145423373, 1.132702851766285 ], [ 118.808593145423373, 1.232702851766285 ], [ 118.708593145423379, 1.232702851766285 ], [ 118.708593145423379, 1.132702851766285 ], [ 118.808593145423373, 1.132702851766285 ] ] ] } }
]
}
