{
"type": "FeatureCollection",
"name": "kalimantan_clusters_7d",
"crs": { "type": "name", "properties": { "name": "urn:ogc:def:crs:OGC:1.3:CRS84" } },
"features": [
{ "type": "Feature", "properties": { "cluster_id": 55, "n_detections": 220, "centroid_lat": 2.2676789346071287, "centroid_lon": 117.89858530122406, "lat_min": 2.203265097186522, "lat_max": 2.2943213071528246, "lon_min": 117.85204979473708, "lon_max": 117.97153697949706, "avg_confidence": 1.040909090909091, "max_frp": 28.520000457763672, "avg_frp": 6.5975909845395524, "first_date": "2026-08-13", "last_date": "2026-08-14", "province": "East Kalimantan", "regency": "Berau", "extent_lat_km": 10.119076613555206, "extent_lon_km": 13.268212028104392 }, "geometry": { "type": "Point", "coordinates": [ 117.89858530122406, 2.267678934607129 ] } },
{ "type": "Feature", "properties": { "cluster_id": 271, "n_detections": 108, "centroid_lat": -2.9981803782959817, "centroid_lon": 112.86595807727089, "lat_min": -3.037525654207347, "lat_max": -2.9633317053459156, "lon_min": 112.84771171414317, "lon_max": 112.88459283599855, "avg_confidence": 1.0, "max_frp": 26.530000686645508, "avg_frp": 6.6250000877512827, "first_date": "2026-08-13", "last_date": "2026-08-13", "province": "Central Kalimantan", "regency": "Kotawaringin Timur", "extent_lat_km": 8.245173536970869, "extent_lon_km": 4.0929888944455968 }, "geometry": { "type": "Point", "coordinates": [ 112.865958077270889, -2.998180378295982 ] } },
{ "type": "Feature", "properties": { "cluster_id": 218, "n_detections": 77, "centroid_lat": -2.2552481331837138, "centroid_lon": 113.8170004433991, "lat_min": -2.2989586178140029, "lat_max": -2.2180197645106223, "lon_min": 113.79406480073455, "lon_max": 113.8406471565406, "avg_confidence": 1.0, "max_frp": 5.9699997901916504, "avg_frp": 2.1236363308770314, "first_date": "2026-08-13", "last_date": "2026-08-13", "province": "Central Kalimantan", "regency": "Kota Palangka Raya", "extent_lat_km": 8.9947347676046832, "extent_lon_km": 5.1726875172268416 }, "geometry": { "type": "Point", "coordinates": [ 113.817000443399095, -2.255248133183714 ] } },
{ "type": "Feature", "properties": { "cluster_id": 61, "n_detections": 72, "centroid_lat": 2.5906287064567497, "centroid_lon": 115.78975581970377, "lat_min": 2.5607450326097845, "lat_max": 2.6113318159243972, "lon_min": 115.76668554478083, "lon_max": 115.81518951082167, "avg_confidence": 1.2916666666666667, "max_frp": 23.879999160766602, "avg_frp": 14.416388538148668, "first_date": "2026-08-13", "last_date": "2026-08-14", "province": "North Kalimantan", "regency": "Malinau", "extent_lat_km": 5.6217092297529145, "extent_lon_km": 5.3847367855763153 }, "geometry": { "type": "Point", "coordinates": [ 115.789755819703771, 2.59062870645675 ] } },
{ "type": "Feature", "properties": { "cluster_id": 39, "n_detections": 68, "centroid_lat": 2.2218631792874826, "centroid_lon": 117.24370097521124, "lat_min": 2.1796579316397029, "lat_max": 2.2639692371640572, "lon_min": 117.23050706330557, "lon_max": 117.26318518873705, "avg_confidence": 1.0, "max_frp": 7.619999885559082, "avg_frp": 4.3629412072546341, "first_date": "2026-08-13", "last_date": "2026-08-14", "province": "East Kalimantan", "regency": "Berau", "extent_lat_km": 9.3695153829214917, "extent_lon_km": 3.6287898859540388 }, "geometry": { "type": "Point", "coordinates": [ 117.24370097521124, 2.221863179287483 ] } },
{ "type": "Feature", "properties": { "cluster_id": 206, "n_detections": 60, "centroid_lat": -1.3732204831565913, "centroid_lon": 114.29378498197553, "lat_min": -1.401886327034872, "lat_max": -1.3580444481622076, "lon_min": 114.26096577027437, "lon_max": 114.32859644374561, "avg_confidence": 1.0, "max_frp": 1.4500000476837158, "avg_frp": 0.81916667819023137, "first_date": "2026-08-13", "last_date": "2026-08-13", "province": "Central Kalimantan", "regency": "Kapuas", "extent_lat_km": 4.8721479991191989, "extent_lon_km": 7.513638205735317 }, "geometry": { "type": "Point", "coordinates": [ 114.293784981975534, -1.373220483156591 ] } },
{ "type": "Feature", "properties": { "cluster_id": 15, "n_detections": 57, "centroid_lat": 3.0023587760720871, "centroid_lon": 116.49275574354805, "lat_min": 2.975556655789608, "lat_max": 3.0227709868832462, "lon_min": 116.4798088570178, "lon_max": 116.50380979866186, "avg_confidence": 1.0, "max_frp": 20.329999923706055, "avg_frp": 14.661578830919767, "first_date": "2026-08-13", "last_date": "2026-08-14", "province": "North Kalimantan", "regency": "Malinau", "extent_lat_km": 5.2469286144360074, "extent_lon_km": 2.6635635571994811 }, "geometry": { "type": "Point", "coordinates": [ 116.492755743548045, 3.002358776072087 ] } },
{ "type": "Feature", "properties": { "cluster_id": 175, "n_detections": 57, "centroid_lat": -0.42943677082554649, "centroid_lon": 116.07797225162828, "lat_min": -0.45085480072015444, "lat_max": -0.41375782628943847, "lon_min": 116.05895288999557, "lon_max": 116.09625631764364, "avg_confidence": 1.0, "max_frp": 9.3999996185302734, "avg_frp": 3.7070174468191048, "first_date": "2026-08-13", "last_date": "2026-08-13", "province": "East Kalimantan", "regency": "Kutai Barat", "extent_lat_km": 4.1225867684854656, "extent_lon_km": 4.1454134747927149 }, "geometry": { "type": "Point", "coordinates": [ 116.077972251628282, -0.429436770825546 ] } },
{ "type": "Feature", "properties": { "cluster_id": 36, "n_detections": 56, "centroid_lat": 2.3244324876972371, "centroid_lon": 117.11184278369286, "lat_min": 2.3111835682576958, "lat_max": 2.3415356382464632, "lon_min": 117.10206596332691, "lon_max": 117.12427476265344, "avg_confidence": 1.0, "max_frp": 11.779999732971191, "avg_frp": 5.7628571348530908, "first_date": "2026-08-13", "last_date": "2026-08-14", "province": "East Kalimantan", "regency": "Berau", "extent_lat_km": 3.3730255378517193, "extent_lon_km": 2.4660331239293591 }, "geometry": { "type": "Point", "coordinates": [ 117.111842783692865, 2.324432487697237 ] } },
{ "type": "Feature", "properties": { "cluster_id": 48, "n_detections": 55, "centroid_lat": 1.9467134591400499, "centroid_lon": 117.28537231984511, "lat_min": 1.9233515628456652, "lat_max": 1.9671934417183297, "lon_min": 117.2643028888716, "lon_max": 117.3081704442957, "avg_confidence": 1.0, "max_frp": 6.2199997901916504, "avg_frp": 2.2796363223682752, "first_date": "2026-08-13", "last_date": "2026-08-14", "province": "East Kalimantan", "regency": "Berau", "extent_lat_km": 4.8721479991191989, "extent_lon_km": 4.8721878380685499 }, "geometry": { "type": "Point", "coordinates": [ 117.285372319845109, 1.94671345914005 ] } },
{ "type": "Feature", "properties": { "cluster_id": 220, "n_detections": 53, "centroid_lat": -2.3394280444656927, "centroid_lon": 114.08953648397096, "lat_min": -2.3596627577915377, "lat_max": -2.3191933311398474, "lon_min": 114.07570294423876, "lon_max": 114.10882788477129, "avg_confidence": 1.0, "max_frp": 6.4699997901916504, "avg_frp": 2.0790565519962669, "first_date": "2026-08-13", "last_date": "2026-08-13", "province": "Central Kalimantan", "regency": "Pulang Pisau", "extent_lat_km": 4.4973673838023416, "extent_lon_km": 3.6781065364549286 }, "geometry": { "type": "Point", "coordinates": [ 114.08953648397096, -2.339428044465693 ] } },
{ "type": "Feature", "properties": { "cluster_id": 45, "n_detections": 52, "centroid_lat": 2.003447303093802, "centroid_lon": 117.29259263607179, "lat_min": 1.997545511707097, "lat_max": 2.0110353205909934, "lon_min": 117.27704990192113, "lon_max": 117.30814473103652, "avg_confidence": 1.0, "max_frp": 7.8299999237060547, "avg_frp": 4.1332691862032966, "first_date": "2026-08-13", "last_date": "2026-08-14", "province": "East Kalimantan", "regency": "Berau", "extent_lat_km": 1.4991224612674061, "extent_lon_km": 3.4534560584938476 }, "geometry": { "type": "Point", "coordinates": [ 117.292592636071788, 2.003447303093802 ] } },
{ "type": "Feature", "properties": { "cluster_id": 159, "n_detections": 51, "centroid_lat": -1.3765598721204972, "centroid_lon": 110.10773374168846, "lat_min": -1.3883965181509752, "lat_max": -1.3681618048251301, "lon_min": 110.0909424769213, "lon_max": 110.12192548792704, "avg_confidence": 1.0, "max_frp": 6.4099998474121094, "avg_frp": 3.549803932507833, "first_date": "2026-08-13", "last_date": "2026-08-13", "province": "West Kalimantan", "regency": "Ketapang", "extent_lat_km": 2.2486836919011708, "extent_lon_km": 3.4421483274706737 }, "geometry": { "type": "Point", "coordinates": [ 110.107733741688463, -1.376559872120497 ] } },
{ "type": "Feature", "properties": { "cluster_id": 273, "n_detections": 51, "centroid_lat": -3.1133066394080608, "centroid_lon": 112.87802835449291, "lat_min": -3.1319543163946242, "lat_max": -3.0982297941848822, "lon_min": 112.86551714219198, "lon_max": 112.88758665575114, "avg_confidence": 1.0, "max_frp": 3.869999885559082, "avg_frp": 1.8737255007612938, "first_date": "2026-08-13", "last_date": "2026-08-13", "province": "Central Kalimantan", "regency": "Kotawaringin Timur", "extent_lat_km": 3.747806153168626, "extent_lon_km": 2.4489652320327675 }, "geometry": { "type": "Point", "coordinates": [ 112.878028354492912, -3.113306639408061 ] } },
{ "type": "Feature", "properties": { "cluster_id": 44, "n_detections": 50, "centroid_lat": 2.0500208682654555, "centroid_lon": 117.18170150963516, "lat_min": 2.034642486137813, "lat_max": 2.0683670083475545, "lon_min": 117.15634067343258, "lon_max": 117.2012040790369, "avg_confidence": 1.0, "max_frp": 8.4099998474121094, "avg_frp": 6.7646000576019283, "first_date": "2026-08-13", "last_date": "2026-08-14", "province": "East Kalimantan", "regency": "Berau", "extent_lat_km": 3.7478061531685767, "extent_lon_km": 4.9824793256456816 }, "geometry": { "type": "Point", "coordinates": [ 117.181701509635161, 2.050020868265455 ] } },
{ "type": "Feature", "properties": { "cluster_id": 132, "n_detections": 48, "centroid_lat": -0.20536838280174252, "centroid_lon": 111.66141751435335, "lat_min": -0.22152804969391046, "lat_max": -0.19117597970514286, "lon_min": 111.64862548529743, "lon_max": 111.67230148506083, "avg_confidence": 1.0, "max_frp": 2.5399999618530273, "avg_frp": 1.6408333405852318, "first_date": "2026-08-13", "last_date": "2026-08-13", "province": "West Kalimantan", "regency": "Melawi", "extent_lat_km": 3.3730255378517437, "extent_lon_km": 2.6310969519794525 }, "geometry": { "type": "Point", "coordinates": [ 111.661417514353346, -0.205368382801743 ] } },
{ "type": "Feature", "properties": { "cluster_id": 126, "n_detections": 43, "centroid_lat": 0.16779410902506184, "centroid_lon": 116.63916489420335, "lat_min": 0.14944169461324888, "lat_max": 0.18653866904396479, "lon_min": 116.62966801604392, "lon_max": 116.64978082931879, "avg_confidence": 1.0, "max_frp": 2.1400001049041748, "avg_frp": 1.343953505504963, "first_date": "2026-08-13", "last_date": "2026-08-13", "province": "East Kalimantan", "regency": "Kutai Timur", "extent_lat_km": 4.1225867684854594, "extent_lon_km": 2.2351273544592316 }, "geometry": { "type": "Point", "coordinates": [ 116.639164894203347, 0.167794109025062 ] } },
{ "type": "Feature", "properties": { "cluster_id": 222, "n_detections": 42, "centroid_lat": -1.7168894237701504, "centroid_lon": 110.26628135361034, "lat_min": -1.7357590969113152, "lat_max": -1.6986621224805996, "lon_min": 110.24127434112846, "lon_max": 110.28396737265656, "avg_confidence": 1.0, "max_frp": 4.880000114440918, "avg_frp": 1.983095252797717, "first_date": "2026-08-13", "last_date": "2026-08-13", "province": "West Kalimantan", "regency": "Ketapang", "extent_lat_km": 4.1225867684854345, "extent_lon_km": 4.7423466643515564 }, "geometry": { "type": "Point", "coordinates": [ 110.266281353610339, -1.71688942377015 ] } },
{ "type": "Feature", "properties": { "cluster_id": 270, "n_detections": 41, "centroid_lat": -2.932897380424929, "centroid_lon": 112.89577278291631, "lat_min": -2.9430969920200702, "lat_max": -2.9228622786942249, "lon_min": 112.88413603101206, "lon_max": 112.90644004026288, "avg_confidence": 1.0, "max_frp": 6.0900001525878906, "avg_frp": 3.801463500755589, "first_date": "2026-08-13", "last_date": "2026-08-13", "province": "Central Kalimantan", "regency": "Kotawaringin Timur", "extent_lat_km": 2.2486836919011952, "extent_lon_km": 2.4753978799545671 }, "geometry": { "type": "Point", "coordinates": [ 112.89577278291631, -2.932897380424929 ] } },
{ "type": "Feature", "properties": { "cluster_id": 135, "n_detections": 40, "centroid_lat": -0.28332823664326223, "centroid_lon": 111.56596248172509, "lat_min": -0.29572199855534231, "lat_max": -0.27548728522949728, "lon_min": 111.54475696836612, "lon_max": 111.59200402052129, "avg_confidence": 1.0, "max_frp": 2.380000114440918, "avg_frp": 1.3715000003576279, "first_date": "2026-08-13", "last_date": "2026-08-13", "province": "West Kalimantan", "regency": "Melawi", "extent_lat_km": 2.2486836919011584, "extent_lon_km": 5.2505007097625063 }, "geometry": { "type": "Point", "coordinates": [ 111.565962481725094, -0.283328236643262 ] } },
{ "type": "Feature", "properties": { "cluster_id": 8, "n_detections": 40, "centroid_lat": 3.4351375822028638, "centroid_lon": 116.60497788671896, "lat_min": 3.4207203489581994, "lat_max": 3.4611897756098893, "lon_min": 116.5973894801498, "lon_max": 116.61551452604223, "avg_confidence": 1.0, "max_frp": 11.460000038146973, "avg_frp": 7.3890000462532042, "first_date": "2026-08-13", "last_date": "2026-08-14", "province": "North Kalimantan", "regency": "Malinau", "extent_lat_km": 4.4973673838022918, "extent_lon_km": 2.0106173103370186 }, "geometry": { "type": "Point", "coordinates": [ 116.604977886718956, 3.435137582202864 ] } },
{ "type": "Feature", "properties": { "cluster_id": 4, "n_detections": 40, "centroid_lat": 3.5461755715784387, "centroid_lon": 116.54155302158283, "lat_min": 3.5320112722503469, "lat_max": 3.5623633422391148, "lon_min": 116.52289225399433, "lon_max": 116.55540476316727, "avg_confidence": 1.0, "max_frp": 25.579999923706055, "avg_frp": 10.163500028848649, "first_date": "2026-08-13", "last_date": "2026-08-13", "province": "North Kalimantan", "regency": "Malinau", "extent_lat_km": 3.3730255378517686, "extent_lon_km": 3.606197019975649 }, "geometry": { "type": "Point", "coordinates": [ 116.541553021582828, 3.546175571578439 ] } },
{ "type": "Feature", "properties": { "cluster_id": 292, "n_detections": 40, "centroid_lat": -2.9341599936344887, "centroid_lon": 115.23820094751675, "lat_min": -2.9464694442410444, "lat_max": -2.9194898264732512, "lon_min": 115.22975157104011, "lon_max": 115.24628755211438, "avg_confidence": 1.0, "max_frp": 4.9699997901916504, "avg_frp": 2.3022500038146974, "first_date": "2026-08-13", "last_date": "2026-08-13", "province": "South Kalimantan", "regency": "Tapin", "extent_lat_km": 2.9982449225348615, "extent_lon_km": 1.8352344553689901 }, "geometry": { "type": "Point", "coordinates": [ 115.238200947516745, -2.934159993634489 ] } },
{ "type": "Feature", "properties": { "cluster_id": 274, "n_detections": 39, "centroid_lat": -3.1432822969317424, "centroid_lon": 112.82019956084162, "lat_min": -3.1521890297204691, "lat_max": -3.1353267686155983, "lon_min": 112.80496391031859, "lon_max": 112.83681982644298, "avg_confidence": 1.0, "max_frp": 9.75, "avg_frp": 5.8156410608536158, "first_date": "2026-08-13", "last_date": "2026-08-13", "province": "Central Kalimantan", "regency": "Seruyan", "extent_lat_km": 1.8739030765842883, "extent_lon_km": 3.5348219241092536 }, "geometry": { "type": "Point", "coordinates": [ 112.820199560841615, -3.143282296931742 ] } },
{ "type": "Feature", "properties": { "cluster_id": 49, "n_detections": 38, "centroid_lat": 2.5954457909887556, "centroid_lon": 115.87947158888815, "lat_min": 2.584352198156604, "lat_max": 2.6045869114824485, "lon_min": 115.8673457872443, "lon_max": 115.89221511991576, "avg_confidence": 1.0, "max_frp": 29.649999618530273, "avg_frp": 20.428947084828426, "first_date": "2026-08-13", "last_date": "2026-08-13", "province": "North Kalimantan", "regency": "Malinau", "extent_lat_km": 2.2486836919010966, "extent_lon_km": 2.7608938302287904 }, "geometry": { "type": "Point", "coordinates": [ 115.879471588888151, 2.595445790988756 ] } },
{ "type": "Feature", "properties": { "cluster_id": 293, "n_detections": 38, "centroid_lat": -2.9945712627612551, "centroid_lon": 115.06093687743309, "lat_min": -3.0105460364395533, "lat_max": -2.9801939664507859, "lon_min": 115.04485120140141, "lon_max": 115.07808153272717, "avg_confidence": 1.0, "max_frp": 7.690000057220459, "avg_frp": 5.6000000301160311, "first_date": "2026-08-13", "last_date": "2026-08-13", "province": "South Kalimantan", "regency": "Tapin", "extent_lat_km": 3.3730255378517193, "extent_lon_km": 3.6878440430485915 }, "geometry": { "type": "Point", "coordinates": [ 115.060936877433093, -2.994571262761255 ] } },
{ "type": "Feature", "properties": { "cluster_id": 217, "n_detections": 38, "centroid_lat": -2.2184635082239086, "centroid_lon": 113.85237165028703, "lat_min": -2.2416269300574418, "lat_max": -2.1977850511847774, "lon_min": 113.83742061311592, "lon_max": 113.86701957403619, "avg_confidence": 1.0, "max_frp": 1.25, "avg_frp": 1.0805263315376483, "first_date": "2026-08-13", "last_date": "2026-08-13", "province": "Central Kalimantan", "regency": "Kota Palangka Raya", "extent_lat_km": 4.8721479991191989, "extent_lon_km": 3.2868671529116207 }, "geometry": { "type": "Point", "coordinates": [ 113.852371650287026, -2.218463508223909 ] } },
{ "type": "Feature", "properties": { "cluster_id": 276, "n_detections": 38, "centroid_lat": -2.6147266441883743, "centroid_lon": 111.57164590805195, "lat_min": -2.6227140310275234, "lat_max": -2.6092242221436268, "lon_min": 111.55791953261166, "lon_max": 111.5858268203384, "avg_confidence": 1.0, "max_frp": 4.570000171661377, "avg_frp": 2.622105261212901, "first_date": "2026-08-13", "last_date": "2026-08-13", "province": "Central Kalimantan", "regency": "Kotawaringin Barat", "extent_lat_km": 1.4991224612674308, "extent_lon_km": 3.0981080125783969 }, "geometry": { "type": "Point", "coordinates": [ 111.571645908051948, -2.614726644188374 ] } },
{ "type": "Feature", "properties": { "cluster_id": 58, "n_detections": 38, "centroid_lat": 2.2624605085388843, "centroid_lon": 118.0012812035707, "lat_min": 2.2369896193962635, "lat_max": 2.2774590460479538, "lon_min": 117.99315917997849, "lon_max": 118.00975946835268, "avg_confidence": 1.0, "max_frp": 7.380000114440918, "avg_frp": 5.7534210305464892, "first_date": "2026-08-13", "last_date": "2026-08-14", "province": "East Kalimantan", "regency": "Berau", "extent_lat_km": 4.4973673838023416, "extent_lon_km": 1.8433519861547385 }, "geometry": { "type": "Point", "coordinates": [ 118.001281203570699, 2.262460508538884 ] } },
{ "type": "Feature", "properties": { "cluster_id": 40, "n_detections": 37, "centroid_lat": 2.2108303278443828, "centroid_lon": 116.96024715169057, "lat_min": 2.203265097186522, "lat_max": 2.2201273582913927, "lon_min": 116.95499954870074, "lon_max": 116.966453836271, "avg_confidence": 1.3243243243243243, "max_frp": 139.52999877929688, "avg_frp": 48.285134827768481, "first_date": "2026-08-13", "last_date": "2026-08-14", "province": "East Kalimantan", "regency": "Berau", "extent_lat_km": 1.8739030765842883, "extent_lon_km": 1.2719674736275812 }, "geometry": { "type": "Point", "coordinates": [ 116.960247151690567, 2.210830327844383 ] } },
{ "type": "Feature", "properties": { "cluster_id": 194, "n_detections": 36, "centroid_lat": -1.275794085661782, "centroid_lon": 113.61905612280719, "lat_min": -1.2905954037427241, "lat_max": -1.2636157859749306, "lon_min": 113.60465150536469, "lon_max": 113.6395771653923, "avg_confidence": 1.0, "max_frp": 20.719999313354492, "avg_frp": 7.956666502687666, "first_date": "2026-08-13", "last_date": "2026-08-13", "province": "Central Kalimantan", "regency": "Gunung Mas", "extent_lat_km": 2.9982449225348859, "extent_lon_km": 3.8803264463941156 }, "geometry": { "type": "Point", "coordinates": [ 113.619056122807194, -1.275794085661782 ] } },
{ "type": "Feature", "properties": { "cluster_id": 298, "n_detections": 35, "centroid_lat": -3.0895577741880915, "centroid_lon": 115.11867166858003, "lat_min": -3.1016022464058564, "lat_max": -3.0779950808590373, "lon_min": 115.1073770095867, "lon_max": 115.12992125958179, "avg_confidence": 1.0, "max_frp": 7.3899998664855957, "avg_frp": 4.6688570908137734, "first_date": "2026-08-13", "last_date": "2026-08-13", "province": "South Kalimantan", "regency": "Tapin", "extent_lat_km": 2.6234643072180037, "extent_lon_km": 2.5017010108608608 }, "geometry": { "type": "Point", "coordinates": [ 115.118671668580035, -3.089557774188092 ] } },
{ "type": "Feature", "properties": { "cluster_id": 224, "n_detections": 34, "centroid_lat": -1.7644249407895958, "centroid_lon": 110.1350849569716, "lat_min": -1.769483619121057, "lat_max": -1.7593662624581345, "lon_min": 110.12158715700521, "lon_max": 110.14897855662434, "avg_confidence": 1.0, "max_frp": 4.25, "avg_frp": 2.4173529428594254, "first_date": "2026-08-13", "last_date": "2026-08-13", "province": "West Kalimantan", "regency": "Ketapang", "extent_lat_km": 1.124341845950573, "extent_lon_km": 3.0425629871281532 }, "geometry": { "type": "Point", "coordinates": [ 110.135084956971596, -1.764424940789596 ] } },
{ "type": "Feature", "properties": { "cluster_id": 308, "n_detections": 33, "centroid_lat": -3.7490108773110502, "centroid_lon": 116.15267980556743, "lat_min": -3.755857977274847, "lat_max": -3.74236816839095, "lon_min": 116.13524443592311, "lon_max": 116.16948901791967, "avg_confidence": 1.0, "max_frp": 32.360000610351562, "avg_frp": 13.696969975124706, "first_date": "2026-08-13", "last_date": "2026-08-13", "province": "South Kalimantan", "regency": "Kota Baru", "extent_lat_km": 1.4991224612674801, "extent_lon_km": 3.7974566109787196 }, "geometry": { "type": "Point", "coordinates": [ 116.152679805567431, -3.74901087731105 ] } },
{ "type": "Feature", "properties": { "cluster_id": 16, "n_detections": 32, "centroid_lat": 2.9937889756092497, "centroid_lon": 116.45299944532684, "lat_min": 2.9789291080105822, "lat_max": 3.0160260824412983, "lon_min": 116.44582771997293, "lon_max": 116.46005003201897, "avg_confidence": 1.0, "max_frp": 13.890000343322754, "avg_frp": 8.6593751162290573, "first_date": "2026-08-13", "last_date": "2026-08-13", "province": "North Kalimantan", "regency": "Malinau", "extent_lat_km": 4.1225867684854842, "extent_lon_km": 1.578368439983314 }, "geometry": { "type": "Point", "coordinates": [ 116.452999445326839, 2.99378897560925 ] } },
{ "type": "Feature", "properties": { "cluster_id": 14, "n_detections": 31, "centroid_lat": 3.0554076212797709, "centroid_lon": 116.47733576989053, "lat_min": 3.0430057002090916, "lat_max": 3.0666128657559106, "lon_min": 116.45979685941856, "lon_max": 116.49576592390788, "avg_confidence": 1.0, "max_frp": 19.989999771118164, "avg_frp": 13.661613002900154, "first_date": "2026-08-13", "last_date": "2026-08-13", "province": "North Kalimantan", "regency": "Malinau", "extent_lat_km": 2.6234643072180037, "extent_lon_km": 3.9915598833928025 }, "geometry": { "type": "Point", "coordinates": [ 116.47733576989053, 3.055407621279771 ] } },
{ "type": "Feature", "properties": { "cluster_id": 23, "n_detections": 31, "centroid_lat": 3.0385453601748997, "centroid_lon": 117.25063201387552, "lat_min": 3.0328883435461691, "lat_max": 3.0463781524300657, "lon_min": 117.23582488072728, "lon_max": 117.26959691703598, "avg_confidence": 1.0, "max_frp": 52.159999847412109, "avg_frp": 28.901290309044622, "first_date": "2026-08-13", "last_date": "2026-08-13", "province": "North Kalimantan", "regency": "Bulungan", "extent_lat_km": 1.4991224612674308, "extent_lon_km": 3.7478099312136162 }, "geometry": { "type": "Point", "coordinates": [ 117.250632013875517, 3.0385453601749 ] } },
{ "type": "Feature", "properties": { "cluster_id": 187, "n_detections": 30, "centroid_lat": -1.9396800412062203, "centroid_lon": 111.1028025488651, "lat_min": -1.9482235868326883, "lat_max": -1.9313613257278175, "lon_min": 111.09415421451899, "lon_max": 111.11169060368617, "avg_confidence": 1.0, "max_frp": 11.25, "avg_frp": 5.6020000020662941, "first_date": "2026-08-13", "last_date": "2026-08-13", "province": "Central Kalimantan", "regency": "Lamandau", "extent_lat_km": 1.8739030765842883, "extent_lon_km": 1.947702283614529 }, "geometry": { "type": "Point", "coordinates": [ 111.1028025488651, -1.93968004120622 ] } },
{ "type": "Feature", "properties": { "cluster_id": 161, "n_detections": 30, "centroid_lat": -1.4555083173483612, "centroid_lon": 110.17064845016689, "lat_min": -1.4693353714543553, "lat_max": -1.4356108492446136, "lon_min": 110.15870006796816, "lon_max": 110.18009630229609, "avg_confidence": 1.0, "max_frp": 4.880000114440918, "avg_frp": 2.713000011444092, "first_date": "2026-08-13", "last_date": "2026-08-13", "province": "West Kalimantan", "regency": "Ketapang", "extent_lat_km": 3.7478061531686016, "extent_lon_km": 2.3769963370578422 }, "geometry": { "type": "Point", "coordinates": [ 110.170648450166894, -1.455508317348361 ] } },
{ "type": "Feature", "properties": { "cluster_id": 57, "n_detections": 27, "centroid_lat": 2.2752107445673042, "centroid_lon": 117.82589791318988, "lat_min": 2.2572243327221084, "lat_max": 2.2875764027108763, "lon_min": 117.81173038361243, "lon_max": 117.83845534156066, "avg_confidence": 1.0, "max_frp": 11.899999618530273, "avg_frp": 8.0022221671210403, "first_date": "2026-08-13", "last_date": "2026-08-14", "province": "East Kalimantan", "regency": "Berau", "extent_lat_km": 3.3730255378517686, "extent_lon_km": 2.9676032648761903 }, "geometry": { "type": "Point", "coordinates": [ 117.825897913189877, 2.275210744567304 ] } },
{ "type": "Feature", "properties": { "cluster_id": 269, "n_detections": 27, "centroid_lat": -2.8432973874067975, "centroid_lon": 112.90638170411945, "lat_min": -2.8554132342747414, "lat_max": -2.8351785209488964, "lon_min": 112.8957079262123, "lon_max": 112.92642656792133, "avg_confidence": 1.0, "max_frp": 3.2699999809265137, "avg_frp": 1.6581481297810872, "first_date": "2026-08-13", "last_date": "2026-08-13", "province": "Central Kalimantan", "regency": "Kotawaringin Timur", "extent_lat_km": 2.2486836919011459, "extent_lon_km": 3.4095600971464721 }, "geometry": { "type": "Point", "coordinates": [ 112.906381704119454, -2.843297387406797 ] } },
{ "type": "Feature", "properties": { "cluster_id": 272, "n_detections": 27, "centroid_lat": -3.0518898025559404, "centroid_lon": 112.69414380854421, "lat_min": -3.0611328197541665, "lat_max": -3.0442705586492953, "lon_min": 112.6872162701828, "lon_max": 112.70178528758834, "avg_confidence": 1.0, "max_frp": 9.3299999237060547, "avg_frp": 7.7111109980830443, "first_date": "2026-08-13", "last_date": "2026-08-13", "province": "Central Kalimantan", "regency": "Seruyan", "extent_lat_km": 1.8739030765843379, "extent_lon_km": 1.6167586428661018 }, "geometry": { "type": "Point", "coordinates": [ 112.694143808544212, -3.05188980255594 ] } },
{ "type": "Feature", "properties": { "cluster_id": 225, "n_detections": 27, "centroid_lat": -1.8712817139393516, "centroid_lon": 110.16464705273903, "lat_min": -1.8774020901922306, "lat_max": -1.863912281308334, "lon_min": 110.15535952947496, "lon_max": 110.17265514229814, "avg_confidence": 1.0, "max_frp": 1.6699999570846558, "avg_frp": 1.4755555567917999, "first_date": "2026-08-13", "last_date": "2026-08-13", "province": "West Kalimantan", "regency": "Ketapang", "extent_lat_km": 1.4991224612674308, "extent_lon_km": 1.9210364344275253 }, "geometry": { "type": "Point", "coordinates": [ 110.164647052739028, -1.871281713939352 ] } },
{ "type": "Feature", "properties": { "cluster_id": 163, "n_detections": 25, "centroid_lat": -1.241897193671857, "centroid_lon": 109.44800785140772, "lat_min": -1.250125977091034, "lat_max": -1.233263715986163, "lon_min": 109.44090858487841, "lon_max": 109.4549608653959, "avg_confidence": 1.0, "max_frp": 4.2600002288818359, "avg_frp": 3.4052000904083251, "first_date": "2026-08-13", "last_date": "2026-08-13", "province": "West Kalimantan", "regency": "Kayong Utara", "extent_lat_km": 1.873903076584313, "extent_lon_km": 1.5612631104064889 }, "geometry": { "type": "Point", "coordinates": [ 109.448007851407723, -1.241897193671857 ] } },
{ "type": "Feature", "properties": { "cluster_id": 296, "n_detections": 24, "centroid_lat": -3.0319049005057237, "centroid_lon": 115.15956923581501, "lat_min": -3.0408981064283211, "lat_max": -3.0240358453234504, "lon_min": 115.15150592666352, "lon_max": 115.16803274290655, "avg_confidence": 1.0, "max_frp": 6.119999885559082, "avg_frp": 2.756666655341784, "first_date": "2026-08-13", "last_date": "2026-08-13", "province": "South Kalimantan", "regency": "Tapin", "extent_lat_km": 1.8739030765842883, "extent_lon_km": 1.8340542490323224 }, "geometry": { "type": "Point", "coordinates": [ 115.159569235815013, -3.031904900505724 ] } },
{ "type": "Feature", "properties": { "cluster_id": 32, "n_detections": 24, "centroid_lat": 2.6189198334215891, "centroid_lon": 117.46421169106772, "lat_min": 2.6147042681453714, "lat_max": 2.6248216248082938, "lon_min": 117.45284459230767, "lon_max": 117.47404952639867, "avg_confidence": 1.0, "max_frp": 11.630000114440918, "avg_frp": 7.4200000762939453, "first_date": "2026-08-13", "last_date": "2026-08-14", "province": "North Kalimantan", "regency": "Bulungan", "extent_lat_km": 1.124341845950573, "extent_lon_km": 2.3540430412710389 }, "geometry": { "type": "Point", "coordinates": [ 117.464211691067717, 2.618919833421589 ] } },
{ "type": "Feature", "properties": { "cluster_id": 11, "n_detections": 24, "centroid_lat": 3.2588426423514387, "centroid_lon": 116.52116828412812, "lat_min": 3.241980381246568, "lat_max": 3.2790773556772836, "lon_min": 116.51203942478125, "lon_max": 116.53322697095646, "avg_confidence": 1.0, "max_frp": 30.170000076293945, "avg_frp": 19.812500029802322, "first_date": "2026-08-13", "last_date": "2026-08-13", "province": "North Kalimantan", "regency": "Malinau", "extent_lat_km": 4.1225867684854345, "extent_lon_km": 2.3507644494546094 }, "geometry": { "type": "Point", "coordinates": [ 116.521168284128123, 3.258842642351439 ] } },
{ "type": "Feature", "properties": { "cluster_id": 130, "n_detections": 24, "centroid_lat": 0.057542371591702578, "centroid_lon": 111.61347101643081, "lat_min": 0.0482681279840236, "lat_max": 0.065130389088894472, "lon_min": 111.60755203726329, "lon_max": 111.62107435922998, "avg_confidence": 1.0, "max_frp": 5.5999999046325684, "avg_frp": 3.7104166448116302, "first_date": "2026-08-13", "last_date": "2026-08-13", "province": "West Kalimantan", "regency": "Sintang", "extent_lat_km": 1.8739030765842999, "extent_lon_km": 1.5027348823090227 }, "geometry": { "type": "Point", "coordinates": [ 111.613471016430807, 0.057542371591703 ] } },
{ "type": "Feature", "properties": { "cluster_id": 42, "n_detections": 23, "centroid_lat": 2.1183672782324328, "centroid_lon": 117.1823466219375, "lat_min": 2.1122088872202189, "lat_max": 2.1223262438831418, "lon_min": 117.17773396172414, "lon_max": 117.18836864617386, "avg_confidence": 1.0, "max_frp": 13.869999885559082, "avg_frp": 9.2856520984483808, "first_date": "2026-08-13", "last_date": "2026-08-14", "province": "East Kalimantan", "regency": "Berau", "extent_lat_km": 1.1243418459506225, "extent_lon_km": 1.181024813349705 }, "geometry": { "type": "Point", "coordinates": [ 117.182346621937498, 2.118367278232433 ] } },
{ "type": "Feature", "properties": { "cluster_id": 156, "n_detections": 23, "centroid_lat": -1.1180138270433064, "centroid_lon": 110.45155394342908, "lat_min": -1.1253452449149894, "lat_max": -1.1118554360310928, "lon_min": 110.44457637939836, "lon_max": 110.45844900102524, "avg_confidence": 1.0, "max_frp": 2.5099999904632568, "avg_frp": 1.5969565381174502, "first_date": "2026-08-13", "last_date": "2026-08-13", "province": "West Kalimantan", "regency": "Kayong Utara", "extent_lat_km": 1.4991224612674308, "extent_lon_km": 1.5413709501417392 }, "geometry": { "type": "Point", "coordinates": [ 110.451553943429076, -1.118013827043306 ] } },
{ "type": "Feature", "properties": { "cluster_id": 27, "n_detections": 23, "centroid_lat": 3.675853690892767, "centroid_lon": 116.67646132857543, "lat_min": 3.6635369088683398, "lat_max": 3.6905165266361331, "lon_min": 116.6655935753613, "lon_max": 116.68896091969231, "avg_confidence": 1.0, "max_frp": 8.6899995803833008, "avg_frp": 4.761739025945249, "first_date": "2026-08-13", "last_date": "2026-08-13", "province": "North Kalimantan", "regency": "Malinau", "extent_lat_km": 2.9982449225348615, "extent_lon_km": 2.5914706188355474 }, "geometry": { "type": "Point", "coordinates": [ 116.676461328575428, 3.675853690892767 ] } },
{ "type": "Feature", "properties": { "cluster_id": 315, "n_detections": 22, "centroid_lat": 2.6200695330423756, "centroid_lon": 117.42756994564652, "lat_min": 2.6012144592614743, "lat_max": 2.6349389814712163, "lon_min": 117.42120164457052, "lon_max": 117.43449007770829, "avg_confidence": 1.0, "max_frp": 8.3000001907348633, "avg_frp": 6.7045456387779927, "first_date": "2026-08-14", "last_date": "2026-08-14", "province": "North Kalimantan", "regency": "Bulungan", "extent_lat_km": 3.747806153168626, "extent_lon_km": 1.475199814608084 }, "geometry": { "type": "Point", "coordinates": [ 117.427569945646525, 2.620069533042376 ] } },
{ "type": "Feature", "properties": { "cluster_id": 234, "n_detections": 22, "centroid_lat": -2.4878159421885564, "centroid_lon": 112.89443068608854, "lat_min": -2.4979332988514789, "lat_max": -2.4743261333046598, "lon_min": 112.88723665245567, "lon_max": 112.90189563805869, "avg_confidence": 1.0, "max_frp": 1.2899999618530273, "avg_frp": 0.93090907552025537, "first_date": "2026-08-13", "last_date": "2026-08-13", "province": "Central Kalimantan", "regency": "Kotawaringin Timur", "extent_lat_km": 2.6234643072180037, "extent_lon_km": 1.6275176463945551 }, "geometry": { "type": "Point", "coordinates": [ 112.89443068608854, -2.487815942188556 ] } },
{ "type": "Feature", "properties": { "cluster_id": 316, "n_detections": 21, "centroid_lat": 2.58146152482434, "centroid_lon": 117.48736972230552, "lat_min": 2.5742348414936811, "lat_max": 2.5877246503775777, "lon_min": 117.48009081387308, "lon_max": 117.49390626592478, "avg_confidence": 1.0, "max_frp": 11.439999580383301, "avg_frp": 7.6742857524326871, "first_date": "2026-08-14", "last_date": "2026-08-14", "province": "North Kalimantan", "regency": "Bulungan", "extent_lat_km": 1.4991224612674308, "extent_lon_km": 1.5337531450853823 }, "geometry": { "type": "Point", "coordinates": [ 117.487369722305516, 2.58146152482434 ] } },
{ "type": "Feature", "properties": { "cluster_id": 91, "n_detections": 21, "centroid_lat": 1.6569278373887053, "centroid_lon": 117.19408057936462, "lat_min": 1.650182932946757, "lat_max": 1.6636727418306536, "lon_min": 117.18713319872258, "lon_max": 117.20102773121566, "avg_confidence": 1.4285714285714286, "max_frp": 25.190000534057617, "avg_frp": 15.822857311793737, "first_date": "2026-08-13", "last_date": "2026-08-13", "province": "East Kalimantan", "regency": "Berau", "extent_lat_km": 1.4991224612674308, "extent_lon_km": 1.5434537760469531 }, "geometry": { "type": "Point", "coordinates": [ 117.194080579364623, 1.656927837388705 ] } },
{ "type": "Feature", "properties": { "cluster_id": 253, "n_detections": 20, "centroid_lat": -1.8937584834639556, "centroid_lon": 115.86359620228548, "lat_min": -1.9010092557390499, "lat_max": -1.887519446855153, "lon_min": 115.8555872226229, "lon_max": 115.86998660853371, "avg_confidence": 1.0, "max_frp": 6.7300000190734863, "avg_frp": 5.7140000224113461, "first_date": "2026-08-13", "last_date": "2026-08-13", "province": "East Kalimantan", "regency": "Paser", "extent_lat_km": 1.4991224612674554, "extent_lon_km": 1.5993297598149436 }, "geometry": { "type": "Point", "coordinates": [ 115.863596202285478, -1.893758483463956 ] } },
{ "type": "Feature", "properties": { "cluster_id": 314, "n_detections": 20, "centroid_lat": 2.5723799927721451, "centroid_lon": 115.82225990609132, "lat_min": 2.5641174848307586, "lat_max": 2.5809797459356294, "lon_min": 115.81425214361249, "lon_max": 115.82928705910273, "avg_confidence": 1.45, "max_frp": 18.879999160766602, "avg_frp": 17.735999202728273, "first_date": "2026-08-14", "last_date": "2026-08-14", "province": "North Kalimantan", "regency": "Malinau", "extent_lat_km": 1.8739030765842883, "extent_lon_km": 1.6691464986406483 }, "geometry": { "type": "Point", "coordinates": [ 115.822259906091318, 2.572379992772145 ] } },
{ "type": "Feature", "properties": { "cluster_id": 244, "n_detections": 19, "centroid_lat": -2.8381959781992419, "centroid_lon": 111.19953092535503, "lat_min": -2.8452958776118193, "lat_max": -2.8318060687279223, "lon_min": 111.193584995927, "lon_max": 111.20501290133984, "avg_confidence": 1.0, "max_frp": 11.75, "avg_frp": 11.716315821597451, "first_date": "2026-08-13", "last_date": "2026-08-13", "province": "Central Kalimantan", "regency": "Sukamara", "extent_lat_km": 1.4991224612674801, "extent_lon_km": 1.2684253036204474 }, "geometry": { "type": "Point", "coordinates": [ 111.199530925355035, -2.838195978199242 ] } },
{ "type": "Feature", "properties": { "cluster_id": 22, "n_detections": 19, "centroid_lat": 3.2203256880382072, "centroid_lon": 117.22262214394766, "lat_min": 3.2150007634787747, "lat_max": 3.2251181201416967, "lon_min": 117.21528610136146, "lon_max": 117.22957403122498, "avg_confidence": 1.0, "max_frp": 57.779998779296875, "avg_frp": 32.990525747600351, "first_date": "2026-08-13", "last_date": "2026-08-13", "province": "North Kalimantan", "regency": "Bulungan", "extent_lat_km": 1.1243418459505237, "extent_lon_km": 1.5853103207741492 }, "geometry": { "type": "Point", "coordinates": [ 117.22262214394766, 3.220325688038207 ] } },
{ "type": "Feature", "properties": { "cluster_id": 153, "n_detections": 18, "centroid_lat": -1.0820654414124877, "centroid_lon": 109.96675253221093, "lat_min": -1.0916207227052479, "lat_max": -1.0747584616003769, "lon_min": 109.9608661772558, "lon_max": 109.97159725028317, "avg_confidence": 1.0, "max_frp": 2.0799999237060547, "avg_frp": 1.9533332983652751, "first_date": "2026-08-13", "last_date": "2026-08-13", "province": "West Kalimantan", "regency": "Kayong Utara", "extent_lat_km": 1.873903076584313, "extent_lon_km": 1.1923314818396122 }, "geometry": { "type": "Point", "coordinates": [ 109.966752532210933, -1.082065441412488 ] } },
{ "type": "Feature", "properties": { "cluster_id": 195, "n_detections": 18, "centroid_lat": -1.3704101063057794, "centroid_lon": 113.94629947418782, "lat_min": -1.3749067092670784, "lat_max": -1.3647893526041559, "lon_min": 113.93984780544592, "lon_max": 113.95382261933905, "avg_confidence": 1.0, "max_frp": 18.709999084472656, "avg_frp": 9.3722223308351307, "first_date": "2026-08-13", "last_date": "2026-08-13", "province": "Central Kalimantan", "regency": "Gunung Mas", "extent_lat_km": 1.124341845950573, "extent_lon_km": 1.5525768639198085 }, "geometry": { "type": "Point", "coordinates": [ 113.946299474187825, -1.370410106305779 ] } },
{ "type": "Feature", "properties": { "cluster_id": 151, "n_detections": 18, "centroid_lat": -0.88758736333631016, "centroid_lon": 110.47413448168783, "lat_min": -0.89264604166777139, "lat_max": -0.88252868500484893, "lon_min": 110.46723787699317, "lon_max": 110.48103152826008, "avg_confidence": 1.0, "max_frp": 4.8299999237060547, "avg_frp": 4.3199999332427979, "first_date": "2026-08-13", "last_date": "2026-08-13", "province": "West Kalimantan", "regency": "Ketapang", "extent_lat_km": 1.124341845950573, "extent_lon_km": 1.5327045368751819 }, "geometry": { "type": "Point", "coordinates": [ 110.474134481687827, -0.88758736333631 ] } },
{ "type": "Feature", "properties": { "cluster_id": 79, "n_detections": 18, "centroid_lat": 0.56593954390355949, "centroid_lon": 112.81810611251748, "lat_min": 0.55750841335112411, "lat_max": 0.57437067445599499, "lon_min": 112.81344596216177, "lon_max": 112.82389178368653, "avg_confidence": 1.0, "max_frp": 7.4899997711181641, "avg_frp": 5.3233331839243574, "first_date": "2026-08-13", "last_date": "2026-08-13", "province": "West Kalimantan", "regency": "Kapuas Hulu", "extent_lat_km": 1.8739030765843008, "extent_lon_km": 1.1607875175283917 }, "geometry": { "type": "Point", "coordinates": [ 112.818106112517484, 0.565939543903559 ] } },
{ "type": "Feature", "properties": { "cluster_id": 266, "n_detections": 18, "centroid_lat": -2.6817319448945716, "centroid_lon": 112.86595106780779, "lat_min": -2.6969079798889553, "lat_max": -2.6665559099001879, "lon_min": 112.85611192934569, "lon_max": 112.87579319809605, "avg_confidence": 1.0, "max_frp": 1.2899999618530273, "avg_frp": 1.0699999928474426, "first_date": "2026-08-13", "last_date": "2026-08-13", "province": "Central Kalimantan", "regency": "Kotawaringin Timur", "extent_lat_km": 3.3730255378517193, "extent_lon_km": 2.1847840925000801 }, "geometry": { "type": "Point", "coordinates": [ 112.865951067807785, -2.681731944894572 ] } },
{ "type": "Feature", "properties": { "cluster_id": 38, "n_detections": 18, "centroid_lat": 2.2892626288213633, "centroid_lon": 117.14414343663445, "lat_min": 2.2842039504899021, "lat_max": 2.2943213071528246, "lon_min": 117.14035510861652, "lon_max": 117.1479323313425, "avg_confidence": 1.0, "max_frp": 18.309999465942383, "avg_frp": 9.203333218892416, "first_date": "2026-08-13", "last_date": "2026-08-14", "province": "East Kalimantan", "regency": "Berau", "extent_lat_km": 1.124341845950573, "extent_lon_km": 0.84138471466150588 }, "geometry": { "type": "Point", "coordinates": [ 117.144143436634451, 2.289262628821363 ] } },
{ "type": "Feature", "properties": { "cluster_id": 25, "n_detections": 18, "centroid_lat": 2.740047075691578, "centroid_lon": 116.88188454644531, "lat_min": 2.7327400958794672, "lat_max": 2.7462299047633638, "lon_min": 116.87666999297826, "lon_max": 116.88811569456271, "avg_confidence": 1.0, "max_frp": 23.159999847412109, "avg_frp": 9.3449998961554641, "first_date": "2026-08-13", "last_date": "2026-08-13", "province": "North Kalimantan", "regency": "Bulungan", "extent_lat_km": 1.4991224612674308, "extent_lon_km": 1.2705065916010336 }, "geometry": { "type": "Point", "coordinates": [ 116.881884546445306, 2.740047075691578 ] } },
{ "type": "Feature", "properties": { "cluster_id": 114, "n_detections": 18, "centroid_lat": 0.78065233530558198, "centroid_lon": 117.02553998873077, "lat_min": 0.77334535549347139, "lat_max": 0.786835164377368, "lon_min": 117.02084018231508, "lon_max": 117.03133363546108, "avg_confidence": 1.0, "max_frp": 14.279999732971191, "avg_frp": 8.6033334732055664, "first_date": "2026-08-13", "last_date": "2026-08-13", "province": "East Kalimantan", "regency": "Kutai Timur", "extent_lat_km": 1.4991224612674308, "extent_lon_km": 1.1660292092846078 }, "geometry": { "type": "Point", "coordinates": [ 117.02553998873077, 0.780652335305582 ] } },
{ "type": "Feature", "properties": { "cluster_id": 87, "n_detections": 18, "centroid_lat": 1.4298493878431109, "centroid_lon": 118.24590838374242, "lat_min": 1.4141112774785647, "lat_max": 1.4444633474673323, "lon_min": 118.23805396458299, "lon_max": 118.25102458233873, "avg_confidence": 1.0, "max_frp": 4.5199999809265137, "avg_frp": 3.6833333174387612, "first_date": "2026-08-13", "last_date": "2026-08-13", "province": "East Kalimantan", "regency": "Berau", "extent_lat_km": 3.3730255378517437, "extent_lon_km": 1.4409759285482435 }, "geometry": { "type": "Point", "coordinates": [ 118.245908383742417, 1.429849387843111 ] } },
{ "type": "Feature", "properties": { "cluster_id": 214, "n_detections": 18, "centroid_lat": -2.1303360067652939, "centroid_lon": 113.83275444298634, "lat_min": -2.1404533634282163, "lat_max": -2.1202186501023714, "lon_min": 113.82794077625981, "lon_max": 113.83756665226612, "avg_confidence": 1.0, "max_frp": 2.3399999141693115, "avg_frp": 1.6999999284744263, "first_date": "2026-08-13", "last_date": "2026-08-13", "province": "Central Kalimantan", "regency": "Kota Palangka Raya", "extent_lat_km": 2.2486836919011459, "extent_lon_km": 1.0689842634818549 }, "geometry": { "type": "Point", "coordinates": [ 113.832754442986342, -2.130336006765294 ] } },
{ "type": "Feature", "properties": { "cluster_id": 204, "n_detections": 18, "centroid_lat": -1.3260061520629529, "centroid_lon": 114.2635654589081, "lat_min": -1.3310648303944144, "lat_max": -1.3209474737314917, "lon_min": 114.25489882868503, "lon_max": 114.27223264510168, "avg_confidence": 1.0, "max_frp": 1.7799999713897705, "avg_frp": 1.2016666531562805, "first_date": "2026-08-13", "last_date": "2026-08-13", "province": "Central Kalimantan", "regency": "Kapuas", "extent_lat_km": 1.1243418459505976, "extent_lon_km": 1.9257911701579851 }, "geometry": { "type": "Point", "coordinates": [ 114.263565458908104, -1.326006152062953 ] } },
{ "type": "Feature", "properties": { "cluster_id": 215, "n_detections": 18, "centroid_lat": -2.1395165711446125, "centroid_lon": 113.86249462839348, "lat_min": -2.1471982678701647, "lat_max": -2.133708458986268, "lon_min": 113.85493911298755, "lon_max": 113.8694402951013, "avg_confidence": 1.0, "max_frp": 5.5900001525878906, "avg_frp": 3.5622221827507019, "first_date": "2026-08-13", "last_date": "2026-08-13", "province": "Central Kalimantan", "regency": "Kota Palangka Raya", "extent_lat_km": 1.4991224612674308, "extent_lon_km": 1.6103929530785692 }, "geometry": { "type": "Point", "coordinates": [ 113.862494628393478, -2.139516571144612 ] } },
{ "type": "Feature", "properties": { "cluster_id": 5, "n_detections": 18, "centroid_lat": 3.5033454283720662, "centroid_lon": 116.51464749015683, "lat_min": 3.4915418455986571, "lat_max": 3.5151490111454762, "lon_min": 116.5081109595495, "lon_max": 116.52118628721441, "avg_confidence": 1.0, "max_frp": 4.5, "avg_frp": 4.1799999475479126, "first_date": "2026-08-13", "last_date": "2026-08-13", "province": "North Kalimantan", "regency": "Malinau", "extent_lat_km": 2.6234643072180037, "extent_lon_km": 1.4503457294485109 }, "geometry": { "type": "Point", "coordinates": [ 116.514647490156833, 3.503345428372066 ] } },
{ "type": "Feature", "properties": { "cluster_id": 241, "n_detections": 18, "centroid_lat": -2.2180197645106223, "centroid_lon": 115.49423408695588, "lat_min": -2.2315095733945189, "lat_max": -2.2079024078476999, "lon_min": 115.48519790336418, "lon_max": 115.50154545743905, "avg_confidence": 1.0, "max_frp": 3.5899999141693115, "avg_frp": 2.363333304723104, "first_date": "2026-08-13", "last_date": "2026-08-13", "province": "South Kalimantan", "regency": "Tabalong", "extent_lat_km": 2.6234643072180037, "extent_lon_km": 1.8153425987904757 }, "geometry": { "type": "Point", "coordinates": [ 115.494234086955885, -2.218019764510622 ] } },
{ "type": "Feature", "properties": { "cluster_id": 157, "n_detections": 17, "centroid_lat": -1.3142025692895434, "centroid_lon": 110.07502209880846, "lat_min": -1.3209474737314917, "lat_max": -1.3074576648475951, "lon_min": 110.06797858510896, "lon_max": 110.08206649265176, "avg_confidence": 1.0, "max_frp": 2.7799999713897705, "avg_frp": 2.0835293741787182, "first_date": "2026-08-13", "last_date": "2026-08-13", "province": "West Kalimantan", "regency": "Kayong Utara", "extent_lat_km": 1.4991224612674308, "extent_lon_km": 1.5651773445721426 }, "geometry": { "type": "Point", "coordinates": [ 110.075022098808461, -1.314202569289543 ] } },
{ "type": "Feature", "properties": { "cluster_id": 33, "n_detections": 17, "centroid_lat": 2.5224577809246074, "centroid_lon": 117.47097216626493, "lat_min": 2.5067857970741976, "lat_max": 2.5337654148419908, "lon_min": 117.46658083443191, "lon_max": 117.47576699564532, "avg_confidence": 1.0, "max_frp": 41.459999084472656, "avg_frp": 23.399999473024817, "first_date": "2026-08-13", "last_date": "2026-08-13", "province": "East Kalimantan", "regency": "Berau", "extent_lat_km": 2.9982449225348615, "extent_lon_km": 1.0198689328321779 }, "geometry": { "type": "Point", "coordinates": [ 117.470972166264929, 2.522457780924607 ] } },
{ "type": "Feature", "properties": { "cluster_id": 150, "n_detections": 17, "centroid_lat": -0.87677567827495173, "centroid_lon": 110.21033460404342, "lat_min": -0.88252868500484893, "lat_max": -0.87241132834192625, "lon_min": 110.20385734831775, "lon_max": 110.21744770040483, "avg_confidence": 1.0, "max_frp": 1.5299999713897705, "avg_frp": 1.5299999713897705, "first_date": "2026-08-13", "last_date": "2026-08-13", "province": "West Kalimantan", "regency": "Kayong Utara", "extent_lat_km": 1.1243418459505976, "extent_lon_km": 1.5101189977105496 }, "geometry": { "type": "Point", "coordinates": [ 110.210334604043425, -0.876775678274952 ] } },
{ "type": "Feature", "properties": { "cluster_id": 148, "n_detections": 16, "centroid_lat": -0.24977233704456916, "centroid_lon": 114.11601532704087, "lat_min": -0.25525257190365219, "lat_max": -0.24176276301975549, "lon_min": 114.1109453054772, "lon_max": 114.12112181726418, "avg_confidence": 1.0, "max_frp": 15.319999694824219, "avg_frp": 15.319999694824219, "first_date": "2026-08-13", "last_date": "2026-08-13", "province": "Central Kalimantan", "regency": "Murung Raya", "extent_lat_km": 1.4991224612674399, "extent_lon_km": 1.1309050089825166 }, "geometry": { "type": "Point", "coordinates": [ 114.11601532704087, -0.249772337044569 ] } },
{ "type": "Feature", "properties": { "cluster_id": 320, "n_detections": 16, "centroid_lat": 2.3027524377052599, "centroid_lon": 116.90054894576726, "lat_min": 2.2976937593737987, "lat_max": 2.3078111160367212, "lon_min": 116.89507136060122, "lon_max": 116.9060269731998, "avg_confidence": 1.0, "max_frp": 6.1500000953674316, "avg_frp": 6.1500000953674316, "first_date": "2026-08-14", "last_date": "2026-08-14", "province": "East Kalimantan", "regency": "Berau", "extent_lat_km": 1.124341845950573, "extent_lon_km": 1.2165140577542113 }, "geometry": { "type": "Point", "coordinates": [ 116.900548945767255, 2.30275243770526 ] } },
{ "type": "Feature", "properties": { "cluster_id": 196, "n_detections": 16, "centroid_lat": -1.3727989266289695, "centroid_lon": 114.00263702052429, "lat_min": -1.3782791614880527, "lat_max": -1.3647893526041559, "lon_min": 113.99751627469053, "lon_max": 114.00795865372947, "avg_confidence": 1.0, "max_frp": 15.069999694824219, "avg_frp": 9.729999803006649, "first_date": "2026-08-13", "last_date": "2026-08-13", "province": "Central Kalimantan", "regency": "Kapuas", "extent_lat_km": 1.4991224612674554, "extent_lon_km": 1.1601285025704573 }, "geometry": { "type": "Point", "coordinates": [ 114.00263702052429, -1.37279892662897 ] } },
{ "type": "Feature", "properties": { "cluster_id": 300, "n_detections": 16, "centroid_lat": -3.6430916061360228, "centroid_lon": 114.74327548869034, "lat_min": -3.6479395062036728, "lat_max": -3.6378221495407508, "lon_min": 114.73563412171177, "lon_max": 114.75044121036295, "avg_confidence": 1.0, "max_frp": 6.1100001335144043, "avg_frp": 4.6325001008808613, "first_date": "2026-08-13", "last_date": "2026-08-13", "province": "South Kalimantan", "regency": "Tanah Laut", "extent_lat_km": 1.1243418459505237, "extent_lon_km": 1.6421865478773925 }, "geometry": { "type": "Point", "coordinates": [ 114.743275488690344, -3.643091606136023 ] } },
{ "type": "Feature", "properties": { "cluster_id": 12, "n_detections": 15, "centroid_lat": 3.2574936614630494, "centroid_lon": 116.06997348596715, "lat_min": 3.2520977379094904, "lat_max": 3.2622150945724133, "lon_min": 116.06433537317372, "lon_max": 116.07524712099755, "avg_confidence": 1.0, "max_frp": 10.050000190734863, "avg_frp": 7.8540001869201657, "first_date": "2026-08-13", "last_date": "2026-08-13", "province": "North Kalimantan", "regency": "Malinau", "extent_lat_km": 1.1243418459506225, "extent_lon_km": 1.2106632374305584 }, "geometry": { "type": "Point", "coordinates": [ 116.069973485967154, 3.257493661463049 ] } },
{ "type": "Feature", "properties": { "cluster_id": 219, "n_detections": 15, "centroid_lat": -2.2834453375975214, "centroid_lon": 114.00547221352757, "lat_min": -2.2989586178140029, "lat_max": -2.2719790000462092, "lon_min": 113.99536696828071, "lon_max": 114.01454654252318, "avg_confidence": 1.0, "max_frp": 4.1399998664855957, "avg_frp": 2.1059999465942383, "first_date": "2026-08-13", "last_date": "2026-08-13", "province": "Central Kalimantan", "regency": "Kota Palangka Raya", "extent_lat_km": 2.9982449225349108, "extent_lon_km": 2.1297336241687099 }, "geometry": { "type": "Point", "coordinates": [ 114.005472213527568, -2.283445337597521 ] } },
{ "type": "Feature", "properties": { "cluster_id": 162, "n_detections": 15, "centroid_lat": -0.85689804812544523, "centroid_lon": 109.67926955107775, "lat_min": -0.86229397167900379, "lat_max": -0.85217661501608133, "lon_min": 109.67373799900244, "lon_max": 109.68414627425611, "avg_confidence": 1.0, "max_frp": 3.1400001049041748, "avg_frp": 1.4886666973431906, "first_date": "2026-08-13", "last_date": "2026-08-13", "province": "West Kalimantan", "regency": "Kubu Raya", "extent_lat_km": 1.124341845950573, "extent_lon_km": 1.1565422733995168 }, "geometry": { "type": "Point", "coordinates": [ 109.679269551077752, -0.856898048125445 ] } },
{ "type": "Feature", "properties": { "cluster_id": 152, "n_detections": 15, "centroid_lat": -1.0471043533883886, "centroid_lon": 109.70893198996431, "lat_min": -1.0578962004955059, "lat_max": -1.0376614871696608, "lon_min": 109.7037947164949, "lon_max": 109.71355889240388, "avg_confidence": 1.0, "max_frp": 1.9800000190734863, "avg_frp": 1.7160000324249267, "first_date": "2026-08-13", "last_date": "2026-08-13", "province": "West Kalimantan", "regency": "Kayong Utara", "extent_lat_km": 2.2486836919011708, "extent_lon_km": 1.084911668223693 }, "geometry": { "type": "Point", "coordinates": [ 109.708931989964313, -1.047104353388389 ] } },
{ "type": "Feature", "properties": { "cluster_id": 254, "n_detections": 15, "centroid_lat": -1.930012344839428, "centroid_lon": 115.9448348026945, "lat_min": -1.9347337779487916, "lat_max": -1.924616421285869, "lon_min": 115.93929767648605, "lon_max": 115.94988105012409, "avg_confidence": 1.0, "max_frp": 12.560000419616699, "avg_frp": 12.500000381469727, "first_date": "2026-08-13", "last_date": "2026-08-13", "province": "East Kalimantan", "regency": "Paser", "extent_lat_km": 1.1243418459505976, "extent_lon_km": 1.1754631073982713 }, "geometry": { "type": "Point", "coordinates": [ 115.944834802694501, -1.930012344839428 ] } },
{ "type": "Feature", "properties": { "cluster_id": 140, "n_detections": 15, "centroid_lat": 0.92510570543730919, "centroid_lon": 117.72632301040694, "lat_min": 0.91161589655341257, "lat_max": 0.93522306210023176, "lon_min": 117.71306038062659, "lon_max": 117.73745242953299, "avg_confidence": 1.0, "max_frp": 6.25, "avg_frp": 5.102000045776367, "first_date": "2026-08-13", "last_date": "2026-08-13", "province": "East Kalimantan", "regency": "Kutai Timur", "extent_lat_km": 2.6234643072180162, "extent_lon_km": 2.7103350673231184 }, "geometry": { "type": "Point", "coordinates": [ 117.726323010406944, 0.925105705437309 ] } },
{ "type": "Feature", "properties": { "cluster_id": 1, "n_detections": 15, "centroid_lat": 3.7613380232765907, "centroid_lon": 115.87369959075201, "lat_min": 3.7579655710556166, "lat_max": 3.7647104754975649, "lon_min": 115.86649183354037, "lon_max": 115.88090753524996, "avg_confidence": 1.0, "max_frp": 12.649999618530273, "avg_frp": 9.4899997711181641, "first_date": "2026-08-13", "last_date": "2026-08-13", "province": "North Kalimantan", "regency": "Nunukan", "extent_lat_km": 0.74956123063371538, "extent_lon_km": 1.5985661245971763 }, "geometry": { "type": "Point", "coordinates": [ 115.873699590752011, 3.761338023276591 ] } },
{ "type": "Feature", "properties": { "cluster_id": 283, "n_detections": 15, "centroid_lat": -2.7063508461076831, "centroid_lon": 114.80111534229363, "lat_min": -2.7103977887728519, "lat_max": -2.703652884330904, "lon_min": 114.78735497992953, "lon_max": 114.8116274967259, "avg_confidence": 1.0, "max_frp": 1.9199999570846558, "avg_frp": 1.5839999914169312, "first_date": "2026-08-13", "last_date": "2026-08-13", "province": "South Kalimantan", "regency": "Barito Kuala", "extent_lat_km": 0.74956123063366598, "extent_lon_km": 2.6943962341256422 }, "geometry": { "type": "Point", "coordinates": [ 114.801115342293627, -2.706350846107683 ] } },
{ "type": "Feature", "properties": { "cluster_id": 41, "n_detections": 15, "centroid_lat": 2.1466078998741556, "centroid_lon": 117.14027287535353, "lat_min": 2.1391885049880126, "lat_max": 2.1560507660928834, "lon_min": 117.12967976334274, "lon_max": 117.14967013725962, "avg_confidence": 1.0, "max_frp": 5.75, "avg_frp": 3.9019999980926512, "first_date": "2026-08-13", "last_date": "2026-08-14", "province": "East Kalimantan", "regency": "Berau", "extent_lat_km": 1.8739030765842883, "extent_lon_km": 2.2199713054250134 }, "geometry": { "type": "Point", "coordinates": [ 117.140272875353531, 2.146607899874156 ] } },
{ "type": "Feature", "properties": { "cluster_id": 304, "n_detections": 15, "centroid_lat": -4.1605522437917477, "centroid_lon": 114.66836833228031, "lat_min": -4.167297148233696, "lat_max": -4.1538073393497994, "lon_min": 114.66400544930505, "lon_max": 114.67273207612396, "avg_confidence": 1.0, "max_frp": 5.9000000953674316, "avg_frp": 5.4440001487731937, "first_date": "2026-08-13", "last_date": "2026-08-13", "province": "South Kalimantan", "regency": "Tanah Laut", "extent_lat_km": 1.4991224612674308, "extent_lon_km": 0.96723431660782688 }, "geometry": { "type": "Point", "coordinates": [ 114.668368332280309, -4.160552243791748 ] } },
{ "type": "Feature", "properties": { "cluster_id": 247, "n_detections": 15, "centroid_lat": -2.0311859114686528, "centroid_lon": 114.13774492951221, "lat_min": -2.0359073445780171, "lat_max": -2.0257899879150947, "lon_min": 114.1308527293787, "lon_max": 114.14458924269, "avg_confidence": 1.0, "max_frp": 1.9600000381469727, "avg_frp": 1.9400000095367431, "first_date": "2026-08-13", "last_date": "2026-08-13", "province": "Central Kalimantan", "regency": "Kapuas", "extent_lat_km": 1.124341845950573, "extent_lon_km": 1.525579574503771 }, "geometry": { "type": "Point", "coordinates": [ 114.137744929512209, -2.031185911468653 ] } },
{ "type": "Feature", "properties": { "cluster_id": 24, "n_detections": 14, "centroid_lat": 2.8828142197128179, "centroid_lon": 116.91701071421633, "lat_min": 2.8777555413813567, "lat_max": 2.8878728980442796, "lon_min": 116.91177218891293, "lon_max": 116.92224891200811, "avg_confidence": 1.0, "max_frp": 91.0, "avg_frp": 91.0, "first_date": "2026-08-13", "last_date": "2026-08-13", "province": "North Kalimantan", "regency": "Bulungan", "extent_lat_km": 1.1243418459506225, "extent_lon_km": 1.1628048289404305 }, "geometry": { "type": "Point", "coordinates": [ 116.917010714216332, 2.882814219712818 ] } },
{ "type": "Feature", "properties": { "cluster_id": 134, "n_detections": 14, "centroid_lat": -0.2393538685762025, "centroid_lon": 111.58945607881242, "lat_min": -0.24513521524072968, "lat_max": -0.23501785857780713, "lon_min": 111.58484397689443, "lon_max": 111.59501607825621, "avg_confidence": 1.0, "max_frp": 1.75, "avg_frp": 1.5871428762163435, "first_date": "2026-08-13", "last_date": "2026-08-13", "province": "West Kalimantan", "regency": "Melawi", "extent_lat_km": 1.1243418459505823, "extent_lon_km": 1.1304157604716691 }, "geometry": { "type": "Point", "coordinates": [ 111.589456078812418, -0.239353868576202 ] } },
{ "type": "Feature", "properties": { "cluster_id": 136, "n_detections": 13, "centroid_lat": -0.28430754488435278, "centroid_lon": 111.63508834989398, "lat_min": -0.28897709411339395, "lat_max": -0.27885973745047143, "lon_min": 111.62910144502268, "lon_max": 111.63928443574645, "avg_confidence": 1.0, "max_frp": 10.390000343322754, "avg_frp": 4.5192308701001682, "first_date": "2026-08-13", "last_date": "2026-08-13", "province": "West Kalimantan", "regency": "Melawi", "extent_lat_km": 1.1243418459505792, "extent_lon_km": 1.1316218273301804 }, "geometry": { "type": "Point", "coordinates": [ 111.635088349893977, -0.284307544884353 ] } },
{ "type": "Feature", "properties": { "cluster_id": 251, "n_detections": 13, "centroid_lat": -2.4688783258707785, "centroid_lon": 114.7539075250874, "lat_min": -2.4743261333046598, "lat_max": -2.4642087766417373, "lon_min": 114.74883059224472, "lon_max": 114.759539494731, "avg_confidence": 1.0, "max_frp": 2.1500000953674316, "avg_frp": 1.6115385202261119, "first_date": "2026-08-13", "last_date": "2026-08-13", "province": "Central Kalimantan", "regency": "Barito Selatan", "extent_lat_km": 1.124341845950573, "extent_lon_km": 1.1889756616910476 }, "geometry": { "type": "Point", "coordinates": [ 114.753907525087399, -2.468878325870778 ] } },
{ "type": "Feature", "properties": { "cluster_id": 70, "n_detections": 13, "centroid_lat": 0.2197443524504798, "centroid_lon": 109.22658633774519, "lat_min": 0.2168907390327324, "lat_max": 0.22363564347468073, "lon_min": 109.22059880844884, "lon_max": 109.23411324216308, "avg_confidence": 1.0, "max_frp": 4.2199997901916504, "avg_frp": 4.2199997901916504, "first_date": "2026-08-13", "last_date": "2026-08-13", "province": "West Kalimantan", "regency": "Mempawah", "extent_lat_km": 0.74956123063371849, "extent_lon_km": 1.5018479730754806 }, "geometry": { "type": "Point", "coordinates": [ 109.226586337745189, 0.21974435245048 ] } },
{ "type": "Feature", "properties": { "cluster_id": 299, "n_detections": 13, "centroid_lat": -3.4507807609774903, "centroid_lon": 113.72043484787471, "lat_min": -3.4557097296081447, "lat_max": -3.4455923729452222, "lon_min": 113.71513610743767, "lon_max": 113.72648268442346, "avg_confidence": 1.0, "max_frp": 12.090000152587891, "avg_frp": 8.6776924133300781, "first_date": "2026-08-13", "last_date": "2026-08-13", "province": "Central Kalimantan", "regency": "Pulang Pisau", "extent_lat_km": 1.124341845950573, "extent_lon_km": 1.258658846990256 }, "geometry": { "type": "Point", "coordinates": [ 113.720434847874714, -3.45078076097749 ] } },
{ "type": "Feature", "properties": { "cluster_id": 199, "n_detections": 13, "centroid_lat": -1.2498665576894206, "centroid_lon": 114.17257724824464, "lat_min": -1.2568708815329823, "lat_max": -1.2400086204281113, "lon_min": 114.16696012517181, "lon_max": 114.17781214861898, "avg_confidence": 1.0, "max_frp": 2.119999885559082, "avg_frp": 1.6430768416478083, "first_date": "2026-08-13", "last_date": "2026-08-13", "province": "Central Kalimantan", "regency": "Kapuas", "extent_lat_km": 1.873903076584313, "extent_lon_km": 1.2056984350943445 }, "geometry": { "type": "Point", "coordinates": [ 114.172577248244636, -1.249866557689421 ] } },
{ "type": "Feature", "properties": { "cluster_id": 106, "n_detections": 12, "centroid_lat": 0.35516128009267356, "centroid_lon": 116.35310200249758, "lat_min": 0.35178882787169941, "lat_max": 0.35853373231364771, "lon_min": 116.34800084287696, "lon_max": 116.35820330019027, "avg_confidence": 1.0, "max_frp": 8.9200000762939453, "avg_frp": 8.9200000762939453, "first_date": "2026-08-13", "last_date": "2026-08-13", "province": "East Kalimantan", "regency": "Kutai Kartanegara", "extent_lat_km": 0.74956123063371538, "extent_lon_km": 1.1337772985803096 }, "geometry": { "type": "Point", "coordinates": [ 116.353102002497579, 0.355161280092674 ] } },
{ "type": "Feature", "properties": { "cluster_id": 102, "n_detections": 12, "centroid_lat": 0.81381478214516145, "centroid_lon": 114.56153312493377, "lat_min": 0.8104423299241873, "lat_max": 0.81718723436613561, "lon_min": 114.55637822241464, "lon_max": 114.56668816826745, "avg_confidence": 1.0, "max_frp": 11.149999618530273, "avg_frp": 11.149999618530273, "first_date": "2026-08-13", "last_date": "2026-08-13", "province": "East Kalimantan", "regency": "Mahakam Hulu", "extent_lat_km": 0.74956123063371538, "extent_lon_km": 1.1456287096498905 }, "geometry": { "type": "Point", "coordinates": [ 114.561533124933774, 0.813814782145161 ] } },
{ "type": "Feature", "properties": { "cluster_id": 109, "n_detections": 12, "centroid_lat": -0.37160217352726127, "centroid_lon": 109.48179793548366, "lat_min": -0.37666085185872256, "lat_max": -0.36654349519579998, "lon_min": 109.47836291106189, "lon_max": 109.48523334310447, "avg_confidence": 1.0, "max_frp": 1.309999942779541, "avg_frp": 1.2124999612569809, "first_date": "2026-08-13", "last_date": "2026-08-13", "province": "West Kalimantan", "regency": "Kubu Raya", "extent_lat_km": 1.1243418459505854, "extent_lon_km": 0.76349505475763346 }, "geometry": { "type": "Point", "coordinates": [ 109.481797935483655, -0.371602173527261 ] } },
{ "type": "Feature", "properties": { "cluster_id": 265, "n_detections": 12, "centroid_lat": -2.6168122396408187, "centroid_lon": 112.88788312295355, "lat_min": -2.6193415788065493, "lat_max": -2.612596674364601, "lon_min": 112.88159578685571, "lon_max": 112.89570684538731, "avg_confidence": 1.0, "max_frp": 1.1000000238418579, "avg_frp": 1.0033333599567413, "first_date": "2026-08-13", "last_date": "2026-08-13", "province": "Central Kalimantan", "regency": "Kotawaringin Timur", "extent_lat_km": 0.74956123063371538, "extent_lon_km": 1.566526680397017 }, "geometry": { "type": "Point", "coordinates": [ 112.887883122953554, -2.616812239640819 ] } },
{ "type": "Feature", "properties": { "cluster_id": 83, "n_detections": 12, "centroid_lat": 0.61484010110768506, "centroid_lon": 113.18390580121741, "lat_min": 0.6114676488867109, "lat_max": 0.61821255332865932, "lon_min": 113.17877540707434, "lon_max": 113.1890363324919, "avg_confidence": 1.0, "max_frp": 2.9100000858306885, "avg_frp": 2.9100000858306885, "first_date": "2026-08-13", "last_date": "2026-08-13", "province": "West Kalimantan", "regency": "Kapuas Hulu", "extent_lat_km": 0.7495612306337277, "extent_lon_km": 1.1402309874114318 }, "geometry": { "type": "Point", "coordinates": [ 113.183905801217406, 0.614840101107685 ] } },
{ "type": "Feature", "properties": { "cluster_id": 98, "n_detections": 12, "centroid_lat": 0.87957760045415789, "centroid_lon": 112.20079534147361, "lat_min": 0.87451892212269666, "lat_max": 0.88463627878561912, "lon_min": 112.1972706024607, "lon_max": 112.20432047853838, "avg_confidence": 1.0, "max_frp": 2.119999885559082, "avg_frp": 2.119999885559082, "first_date": "2026-08-13", "last_date": "2026-08-13", "province": "West Kalimantan", "regency": "Kapuas Hulu", "extent_lat_km": 1.124341845950573, "extent_lon_km": 0.78336041243713728 }, "geometry": { "type": "Point", "coordinates": [ 112.200795341473608, 0.879577600454158 ] } },
{ "type": "Feature", "properties": { "cluster_id": 72, "n_detections": 12, "centroid_lat": 1.3837592074897971, "centroid_lon": 115.70674669358455, "lat_min": 1.3803867552688229, "lat_max": 1.3871316597107712, "lon_min": 115.7015220991557, "lon_max": 115.7119714361824, "avg_confidence": 1.0, "max_frp": 10.010000228881836, "avg_frp": 10.010000228881836, "first_date": "2026-08-13", "last_date": "2026-08-13", "province": "North Kalimantan", "regency": "Malinau", "extent_lat_km": 0.74956123063371538, "extent_lon_km": 1.1608961787297667 }, "geometry": { "type": "Point", "coordinates": [ 115.706746693584549, 1.383759207489797 ] } },
{ "type": "Feature", "properties": { "cluster_id": 110, "n_detections": 12, "centroid_lat": -0.42893386128382227, "centroid_lon": 109.20938698377671, "lat_min": -0.4339925396152835, "lat_max": -0.42387518295236098, "lon_min": 109.2059424429259, "lon_max": 109.21283190748927, "avg_confidence": 1.0, "max_frp": 2.6099998950958252, "avg_frp": 2.5249999165534973, "first_date": "2026-08-13", "last_date": "2026-08-13", "province": "West Kalimantan", "regency": "Kubu Raya", "extent_lat_km": 1.1243418459505792, "extent_lon_km": 0.76560474234044695 }, "geometry": { "type": "Point", "coordinates": [ 109.20938698377671, -0.428933861283822 ] } },
{ "type": "Feature", "properties": { "cluster_id": 90, "n_detections": 12, "centroid_lat": 1.6940248118194212, "centroid_lon": 117.1777433393479, "lat_min": 1.6906523595984471, "lat_max": 1.6973972640403954, "lon_min": 117.17247854364898, "lon_max": 117.18300828822603, "avg_confidence": 1.0, "max_frp": 2.1600000858306885, "avg_frp": 1.8825000524520874, "first_date": "2026-08-13", "last_date": "2026-08-13", "province": "East Kalimantan", "regency": "Berau", "extent_lat_km": 0.74956123063371538, "extent_lon_km": 1.1696590900446848 }, "geometry": { "type": "Point", "coordinates": [ 117.177743339347899, 1.694024811819421 ] } },
{ "type": "Feature", "properties": { "cluster_id": 267, "n_detections": 12, "centroid_lat": -2.6834181710050586, "centroid_lon": 112.75131497990621, "lat_min": -2.6867906232260328, "lat_max": -2.6800457187840845, "lon_min": 112.73918751034569, "lon_max": 112.76344268755319, "avg_confidence": 1.0, "max_frp": 1.5499999523162842, "avg_frp": 1.1099999845027924, "first_date": "2026-08-13", "last_date": "2026-08-13", "province": "Central Kalimantan", "regency": "Kotawaringin Timur", "extent_lat_km": 0.74956123063371538, "extent_lon_km": 2.6925221602133789 }, "geometry": { "type": "Point", "coordinates": [ 112.751314979906212, -2.683418171005059 ] } },
{ "type": "Feature", "properties": { "cluster_id": 112, "n_detections": 12, "centroid_lat": 0.94196796654218018, "centroid_lon": 117.09176774696446, "lat_min": 0.93859551432120603, "lat_max": 0.94534041876315433, "lon_min": 117.08659513858866, "lon_max": 117.09694050042931, "avg_confidence": 1.0, "max_frp": 7.5500001907348633, "avg_frp": 6.6075001358985901, "first_date": "2026-08-13", "last_date": "2026-08-13", "province": "East Kalimantan", "regency": "Kutai Timur", "extent_lat_km": 0.74956123063371538, "extent_lon_km": 1.1495246924033746 }, "geometry": { "type": "Point", "coordinates": [ 117.091767746964464, 0.94196796654218 ] } },
{ "type": "Feature", "properties": { "cluster_id": 2, "n_detections": 12, "centroid_lat": 3.7141236921829521, "centroid_lon": 115.84887433480191, "lat_min": 3.7107512399619784, "lat_max": 3.7174961444039263, "lon_min": 115.84336244897034, "lon_max": 115.85438639428773, "avg_confidence": 1.0, "max_frp": 8.3900003433227539, "avg_frp": 8.3900003433227539, "first_date": "2026-08-13", "last_date": "2026-08-13", "province": "North Kalimantan", "regency": "Nunukan", "extent_lat_km": 0.74956123063366598, "extent_lon_km": 1.2225179604178211 }, "geometry": { "type": "Point", "coordinates": [ 115.848874334801906, 3.714123692182952 ] } },
{ "type": "Feature", "properties": { "cluster_id": 76, "n_detections": 12, "centroid_lat": 0.25061526124247413, "centroid_lon": 111.19545088158502, "lat_min": 0.24724280902149998, "lat_max": 0.25398771346344828, "lon_min": 111.1903635919132, "lon_max": 111.20053830228049, "avg_confidence": 1.0, "max_frp": 4.619999885559082, "avg_frp": 4.619999885559082, "first_date": "2026-08-13", "last_date": "2026-08-13", "province": "West Kalimantan", "regency": "Sekadau", "extent_lat_km": 0.74956123063371538, "extent_lon_km": 1.1307047464757649 }, "geometry": { "type": "Point", "coordinates": [ 111.195450881585018, 0.250615261242474 ] } },
{ "type": "Feature", "properties": { "cluster_id": 53, "n_detections": 12, "centroid_lat": 2.3347907338045144, "centroid_lon": 117.91239675824886, "lat_min": 2.3314182815835403, "lat_max": 2.338163186025489, "lon_min": 117.90705098213176, "lon_max": 117.91774269529027, "avg_confidence": 1.0, "max_frp": 7.1700000762939453, "avg_frp": 7.1700000762939453, "first_date": "2026-08-13", "last_date": "2026-08-13", "province": "East Kalimantan", "regency": "Berau", "extent_lat_km": 0.74956123063376467, "extent_lon_km": 1.187183714845123 }, "geometry": { "type": "Point", "coordinates": [ 117.91239675824886, 2.334790733804514 ] } },
{ "type": "Feature", "properties": { "cluster_id": 63, "n_detections": 12, "centroid_lat": 1.0650624726077376, "centroid_lon": 112.28791302948132, "lat_min": 1.0600037942762763, "lat_max": 1.0701211509391988, "lon_min": 112.28435588424641, "lon_max": 112.29147057508483, "avg_confidence": 1.0, "max_frp": 5.9699997901916504, "avg_frp": 5.9699997901916504, "first_date": "2026-08-13", "last_date": "2026-08-13", "province": "West Kalimantan", "regency": "Kapuas Hulu", "extent_lat_km": 1.124341845950573, "extent_lon_km": 0.79051899317343555 }, "geometry": { "type": "Point", "coordinates": [ 112.287913029481317, 1.065062472607738 ] } },
{ "type": "Feature", "properties": { "cluster_id": 75, "n_detections": 12, "centroid_lat": 0.25398771346344828, "centroid_lon": 110.99650306637535, "lat_min": 0.25061526124247413, "lat_max": 0.25736016568442244, "lon_min": 110.99141544195636, "lon_max": 111.00159082162347, "avg_confidence": 1.0, "max_frp": 8.130000114440918, "avg_frp": 8.130000114440918, "first_date": "2026-08-13", "last_date": "2026-08-13", "province": "West Kalimantan", "regency": "Sekadau", "extent_lat_km": 0.74956123063371538, "extent_lon_km": 1.1307788319620311 }, "geometry": { "type": "Point", "coordinates": [ 110.996503066375354, 0.253987713463448 ] } },
{ "type": "Feature", "properties": { "cluster_id": 285, "n_detections": 12, "centroid_lat": -3.1808548735987494, "centroid_lon": 114.93445556852807, "lat_min": -3.1859135519302106, "lat_max": -3.1757961952672882, "lon_min": 114.93051419010017, "lon_max": 114.938397380757, "avg_confidence": 1.0, "max_frp": 1.5399999618530273, "avg_frp": 1.0599999725818634, "first_date": "2026-08-13", "last_date": "2026-08-13", "province": "South Kalimantan", "regency": "Banjar", "extent_lat_km": 1.124341845950573, "extent_lon_km": 0.87470928701878436 }, "geometry": { "type": "Point", "coordinates": [ 114.934455568528065, -3.180854873598749 ] } },
{ "type": "Feature", "properties": { "cluster_id": 310, "n_detections": 12, "centroid_lat": 3.5404424028027823, "centroid_lon": 116.65275599201017, "lat_min": 3.5353837244713211, "lat_max": 3.5455010811342436, "lon_min": 116.64874008106705, "lon_max": 116.6567723471118, "avg_confidence": 1.0, "max_frp": 6.429999828338623, "avg_frp": 6.429999828338623, "first_date": "2026-08-14", "last_date": "2026-08-14", "province": "North Kalimantan", "regency": "Malinau", "extent_lat_km": 1.124341845950573, "extent_lon_km": 0.89092211229033058 }, "geometry": { "type": "Point", "coordinates": [ 116.652755992010171, 3.540442402802782 ] } },
{ "type": "Feature", "properties": { "cluster_id": 200, "n_detections": 12, "centroid_lat": -1.2568708815329823, "centroid_lon": 114.32623702323467, "lat_min": -1.2669882381959048, "lat_max": -1.2467535248700599, "lon_min": 114.31641201364418, "lon_max": 114.33606103293803, "avg_confidence": 1.0, "max_frp": 0.79000002145767212, "avg_frp": 0.73500001430511475, "first_date": "2026-08-13", "last_date": "2026-08-13", "province": "Central Kalimantan", "regency": "Kapuas", "extent_lat_km": 2.2486836919011459, "extent_lon_km": 2.1830701494759839 }, "geometry": { "type": "Point", "coordinates": [ 114.326237023234668, -1.256870881532982 ] } },
{ "type": "Feature", "properties": { "cluster_id": 312, "n_detections": 12, "centroid_lat": 3.0682990918663982, "centroid_lon": 116.37774462275019, "lat_min": 3.0632404135349365, "lat_max": 3.0733577701978594, "lon_min": 116.37381677187817, "lon_max": 116.38167291110244, "avg_confidence": 1.0, "max_frp": 2.8399999141693115, "avg_frp": 2.8399999141693115, "first_date": "2026-08-14", "last_date": "2026-08-14", "province": "North Kalimantan", "regency": "Malinau", "extent_lat_km": 1.1243418459506225, "extent_lon_km": 0.87180117717595684 }, "geometry": { "type": "Point", "coordinates": [ 116.377744622750185, 3.068299091866398 ] } },
{ "type": "Feature", "properties": { "cluster_id": 13, "n_detections": 12, "centroid_lat": 3.221745667920723, "centroid_lon": 116.54180512908768, "lat_min": 3.2183732156997489, "lat_max": 3.2251181201416967, "lon_min": 116.53635239912336, "lon_max": 116.54725802806708, "avg_confidence": 1.0, "max_frp": 18.940000534057617, "avg_frp": 16.547500133514404, "first_date": "2026-08-13", "last_date": "2026-08-13", "province": "North Kalimantan", "regency": "Malinau", "extent_lat_km": 0.74956123063366598, "extent_lon_km": 1.2100270767658019 }, "geometry": { "type": "Point", "coordinates": [ 116.541805129087678, 3.221745667920723 ] } },
{ "type": "Feature", "properties": { "cluster_id": 309, "n_detections": 12, "centroid_lat": 3.8169834849226647, "centroid_lon": 115.72905547112013, "lat_min": 3.8119248065912035, "lat_max": 3.8220421632541264, "lon_min": 115.72499403676693, "lon_max": 115.7331173498109, "avg_confidence": 1.0, "max_frp": 7.8000001907348633, "avg_frp": 7.8000001907348633, "first_date": "2026-08-14", "last_date": "2026-08-14", "province": "North Kalimantan", "regency": "Nunukan", "extent_lat_km": 1.1243418459506225, "extent_lon_km": 0.90074129399896341 }, "geometry": { "type": "Point", "coordinates": [ 115.729055471120134, 3.816983484922665 ] } },
{ "type": "Feature", "properties": { "cluster_id": 172, "n_detections": 12, "centroid_lat": -0.73751323950295922, "centroid_lon": 117.04179811688506, "lat_min": -0.74088569172393348, "lat_max": -0.73414078728198517, "lon_min": 117.03665040889945, "lon_max": 117.04694596774753, "avg_confidence": 1.0, "max_frp": 6.0500001907348633, "avg_frp": 5.130000114440918, "first_date": "2026-08-13", "last_date": "2026-08-13", "province": "East Kalimantan", "regency": "Kutai Kartanegara", "extent_lat_km": 0.74956123063371538, "extent_lon_km": 1.1440506697854911 }, "geometry": { "type": "Point", "coordinates": [ 117.041798116885062, -0.737513239502959 ] } },
{ "type": "Feature", "properties": { "cluster_id": 249, "n_detections": 12, "centroid_lat": -2.2348820256154931, "centroid_lon": 114.68442496468379, "lat_min": -2.2382544778364677, "lat_max": -2.2315095733945189, "lon_min": 114.67909907472708, "lon_max": 114.68975101074513, "avg_confidence": 1.0, "max_frp": 1.8300000429153442, "avg_frp": 1.5149999856948853, "first_date": "2026-08-13", "last_date": "2026-08-13", "province": "Central Kalimantan", "regency": "Barito Selatan", "extent_lat_km": 0.74956123063376467, "extent_lon_km": 1.1828492429325348 }, "geometry": { "type": "Point", "coordinates": [ 114.684424964683785, -2.234882025615493 ] } },
{ "type": "Feature", "properties": { "cluster_id": 34, "n_detections": 12, "centroid_lat": 2.5312360756762602, "centroid_lon": 117.42237076601502, "lat_min": 2.5202756059580942, "lat_max": 2.5405103192839396, "lon_min": 117.41715913197741, "lon_max": 117.42911899825393, "avg_confidence": 1.0, "max_frp": 3.7200000286102295, "avg_frp": 2.0850000083446503, "first_date": "2026-08-13", "last_date": "2026-08-14", "province": "East Kalimantan", "regency": "Berau", "extent_lat_km": 2.2486836919011952, "extent_lon_km": 1.3278031272387947 }, "geometry": { "type": "Point", "coordinates": [ 117.422370766015021, 2.53123607567626 ] } },
{ "type": "Feature", "properties": { "cluster_id": 305, "n_detections": 12, "centroid_lat": -3.5383348090220124, "centroid_lon": 115.8381772934368, "lat_min": -3.5433934873534731, "lat_max": -3.5332761306905507, "lon_min": 115.8341662161462, "lon_max": 115.84218881201637, "avg_confidence": 1.0, "max_frp": 3.559999942779541, "avg_frp": 3.5149999856948853, "first_date": "2026-08-13", "last_date": "2026-08-13", "province": "South Kalimantan", "regency": "Tanah Bumbu", "extent_lat_km": 1.124341845950573, "extent_lon_km": 0.88985154139998868 }, "geometry": { "type": "Point", "coordinates": [ 115.8381772934368, -3.538334809022012 ] } },
{ "type": "Feature", "properties": { "cluster_id": 280, "n_detections": 12, "centroid_lat": -2.5518925343870658, "centroid_lon": 114.81897522588405, "lat_min": -2.5552649866080399, "lat_max": -2.5485200821660916, "lon_min": 114.81361039955765, "lon_max": 114.82434021190311, "avg_confidence": 1.0, "max_frp": 0.68000000715255737, "avg_frp": 0.68000000715255737, "first_date": "2026-08-13", "last_date": "2026-08-13", "province": "Central Kalimantan", "regency": "Barito Selatan", "extent_lat_km": 0.74956123063371538, "extent_lon_km": 1.1912215459521511 }, "geometry": { "type": "Point", "coordinates": [ 114.818975225884046, -2.551892534387066 ] } },
{ "type": "Feature", "properties": { "cluster_id": 97, "n_detections": 12, "centroid_lat": 1.2454886664298559, "centroid_lon": 116.95856083780478, "lat_min": 1.2421162142088817, "lat_max": 1.2488611186508303, "lon_min": 116.95335136603553, "lon_max": 116.96377045772144, "avg_confidence": 1.0, "max_frp": 8.5600004196166992, "avg_frp": 7.4300003051757812, "first_date": "2026-08-13", "last_date": "2026-08-13", "province": "East Kalimantan", "regency": "Kutai Timur", "extent_lat_km": 0.74956123063374003, "extent_lon_km": 1.1576001017146975 }, "geometry": { "type": "Point", "coordinates": [ 116.958560837804782, 1.245488666429856 ] } },
{ "type": "Feature", "properties": { "cluster_id": 257, "n_detections": 12, "centroid_lat": -2.0814354495611682, "centroid_lon": 116.06828075928969, "lat_min": -2.0864941278926294, "lat_max": -2.076376771229707, "lon_min": 116.06453385026322, "lon_max": 116.07202809315989, "avg_confidence": 1.0, "max_frp": 0.62000000476837158, "avg_frp": 0.59000000357627869, "first_date": "2026-08-13", "last_date": "2026-08-13", "province": "East Kalimantan", "regency": "Paser", "extent_lat_km": 1.124341845950573, "extent_lon_km": 0.83228572037809823 }, "geometry": { "type": "Point", "coordinates": [ 116.068280759289692, -2.081435449561168 ] } },
{ "type": "Feature", "properties": { "cluster_id": 139, "n_detections": 12, "centroid_lat": -0.45085480072015444, "centroid_lon": 112.25681259366968, "lat_min": -0.45422725294112859, "lat_max": -0.44748234849918023, "lon_min": 112.25170183120062, "lon_max": 112.2619234904807, "avg_confidence": 1.0, "max_frp": 6.2800002098083496, "avg_frp": 6.2800002098083496, "first_date": "2026-08-13", "last_date": "2026-08-13", "province": "West Kalimantan", "regency": "Melawi", "extent_lat_km": 0.74956123063372149, "extent_lon_km": 1.135897827718906 }, "geometry": { "type": "Point", "coordinates": [ 112.256812593669679, -0.450854800720154 ] } },
{ "type": "Feature", "properties": { "cluster_id": 190, "n_detections": 12, "centroid_lat": -1.0747584616003769, "centroid_lon": 113.87191271972164, "lat_min": -1.0781309138213511, "lat_max": -1.0713860093794028, "lon_min": 113.86672748105275, "lon_max": 113.87709810116182, "avg_confidence": 1.0, "max_frp": 8.1999998092651367, "avg_frp": 4.7799999117851257, "first_date": "2026-08-13", "last_date": "2026-08-13", "province": "Central Kalimantan", "regency": "Gunung Mas", "extent_lat_km": 0.74956123063371538, "extent_lon_km": 1.15228425855294 }, "geometry": { "type": "Point", "coordinates": [ 113.871912719721635, -1.074758461600377 ] } },
{ "type": "Feature", "properties": { "cluster_id": 7, "n_detections": 11, "centroid_lat": 3.454138284602398, "centroid_lon": 116.65338197738767, "lat_min": 3.4510724189469668, "lat_max": 3.4578173233889151, "lon_min": 116.64839810048255, "lon_max": 116.65894813312083, "avg_confidence": 1.0, "max_frp": 9.380000114440918, "avg_frp": 7.9663636901161885, "first_date": "2026-08-13", "last_date": "2026-08-13", "province": "North Kalimantan", "regency": "Malinau", "extent_lat_km": 0.74956123063371538, "extent_lon_km": 1.1702952342205499 }, "geometry": { "type": "Point", "coordinates": [ 116.653381977387667, 3.454138284602398 ] } },
{ "type": "Feature", "properties": { "cluster_id": 209, "n_detections": 11, "centroid_lat": -1.4353042626790706, "centroid_lon": 114.46494261332437, "lat_min": -1.4389833014655879, "lat_max": -1.4322383970236396, "lon_min": 114.4592689020958, "lon_max": 114.46972713387393, "avg_confidence": 1.0, "max_frp": 3.809999942779541, "avg_frp": 2.473636334592646, "first_date": "2026-08-13", "last_date": "2026-08-13", "province": "Central Kalimantan", "regency": "Kapuas", "extent_lat_km": 0.74956123063371538, "extent_lon_km": 1.1618586447024506 }, "geometry": { "type": "Point", "coordinates": [ 114.464942613324368, -1.435304262679071 ] } },
{ "type": "Feature", "properties": { "cluster_id": 230, "n_detections": 11, "centroid_lat": -1.9503696927914902, "centroid_lon": 112.42500586506156, "lat_min": -1.9549684912746368, "lat_max": -1.9448511346117141, "lon_min": 112.42118115437675, "lon_max": 112.42838094643295, "avg_confidence": 1.0, "max_frp": 2.0299999713897705, "avg_frp": 1.889999974857677, "first_date": "2026-08-13", "last_date": "2026-08-13", "province": "Central Kalimantan", "regency": "Kotawaringin Timur", "extent_lat_km": 1.1243418459505976, "extent_lon_km": 0.79964937176888762 }, "geometry": { "type": "Point", "coordinates": [ 112.425005865061564, -1.95036969279149 ] } },
{ "type": "Feature", "properties": { "cluster_id": 18, "n_detections": 11, "centroid_lat": 3.3790245760443365, "centroid_lon": 117.66020690674726, "lat_min": 3.3735060178645608, "lat_max": 3.3836233745274833, "lon_min": 117.6562611055804, "lon_max": 117.66383587722306, "avg_confidence": 1.0, "max_frp": 6.4800000190734863, "avg_frp": 5.3963634751059795, "first_date": "2026-08-13", "last_date": "2026-08-13", "province": "North Kalimantan", "regency": "Kota Tarakan", "extent_lat_km": 1.124341845950573, "extent_lon_km": 0.8403209073794885 }, "geometry": { "type": "Point", "coordinates": [ 117.660206906747263, 3.379024576044336 ] } },
{ "type": "Feature", "properties": { "cluster_id": 178, "n_detections": 11, "centroid_lat": -1.1290242837015068, "centroid_lon": 110.63534435126817, "lat_min": -1.1320901493569377, "lat_max": -1.1253452449149894, "lon_min": 110.63060476815319, "lon_max": 110.64098069487494, "avg_confidence": 1.0, "max_frp": 0.98000001907348633, "avg_frp": 0.84545456279407849, "first_date": "2026-08-13", "last_date": "2026-08-13", "province": "West Kalimantan", "regency": "Ketapang", "extent_lat_km": 0.74956123063371538, "extent_lon_km": 1.1528528771222428 }, "geometry": { "type": "Point", "coordinates": [ 110.635344351268174, -1.129024283701507 ] } },
{ "type": "Feature", "properties": { "cluster_id": 176, "n_detections": 11, "centroid_lat": -0.47660807222577534, "centroid_lon": 116.39061087364453, "lat_min": -0.48120687070892199, "lat_max": -0.47108951404599947, "lon_min": 116.38689529500459, "lon_max": 116.39375470473308, "avg_confidence": 1.0, "max_frp": 1.2799999713897705, "avg_frp": 1.1781817999753086, "first_date": "2026-08-13", "last_date": "2026-08-13", "province": "East Kalimantan", "regency": "Kutai Kartanegara", "extent_lat_km": 1.1243418459505792, "extent_lon_km": 0.7622598299118577 }, "geometry": { "type": "Point", "coordinates": [ 116.390610873644533, -0.476608072225775 ] } },
{ "type": "Feature", "properties": { "cluster_id": 192, "n_detections": 11, "centroid_lat": -1.1216662061284721, "centroid_lon": 113.75518143456016, "lat_min": -1.1253452449149894, "lat_max": -1.1186003404730411, "lon_min": 113.75046262062953, "lon_max": 113.76071284718087, "avg_confidence": 1.0, "max_frp": 3.4100000858306885, "avg_frp": 2.9681818918748335, "first_date": "2026-08-13", "last_date": "2026-08-13", "province": "Central Kalimantan", "regency": "Gunung Mas", "extent_lat_km": 0.74956123063371538, "extent_lon_km": 1.1388894021916622 }, "geometry": { "type": "Point", "coordinates": [ 113.755181434560157, -1.121666206128472 ] } },
{ "type": "Feature", "properties": { "cluster_id": 50, "n_detections": 11, "centroid_lat": 2.6640647051978115, "centroid_lon": 117.68340129451445, "lat_min": 2.6585461470180354, "lat_max": 2.6686635036809583, "lon_min": 117.67980502263975, "lon_max": 117.6875239869359, "avg_confidence": 1.0, "max_frp": 1.2200000286102295, "avg_frp": 1.2200000286102295, "first_date": "2026-08-13", "last_date": "2026-08-13", "province": "North Kalimantan", "regency": "Bulungan", "extent_lat_km": 1.1243418459506225, "extent_lon_km": 0.85688140266224067 }, "geometry": { "type": "Point", "coordinates": [ 117.683401294514454, 2.664064705197811 ] } },
{ "type": "Feature", "properties": { "cluster_id": 287, "n_detections": 11, "centroid_lat": -2.644175090615541, "centroid_lon": 115.0650713338102, "lat_min": -2.6496936487953167, "lat_max": -2.6395762921323942, "lon_min": 115.06157583522891, "lon_max": 115.06895319789525, "avg_confidence": 1.0, "max_frp": 2.0299999713897705, "avg_frp": 1.7663636099208484, "first_date": "2026-08-13", "last_date": "2026-08-13", "province": "South Kalimantan", "regency": "Hulu Sungai Selatan", "extent_lat_km": 1.124341845950573, "extent_lon_km": 0.81897342108536342 }, "geometry": { "type": "Point", "coordinates": [ 115.065071333810195, -2.644175090615541 ] } },
{ "type": "Feature", "properties": { "cluster_id": 236, "n_detections": 11, "centroid_lat": -2.4908818078439876, "centroid_lon": 112.83255011286761, "lat_min": -2.4945608466305047, "lat_max": -2.4878159421885568, "lon_min": 112.82676374104786, "lon_max": 112.83746855645008, "avg_confidence": 1.0, "max_frp": 0.87000000476837158, "avg_frp": 0.87000000476837158, "first_date": "2026-08-13", "last_date": "2026-08-13", "province": "Central Kalimantan", "regency": "Kotawaringin Timur", "extent_lat_km": 0.74956123063366598, "extent_lon_km": 1.1885021181416007 }, "geometry": { "type": "Point", "coordinates": [ 112.832550112867608, -2.490881807843988 ] } },
{ "type": "Feature", "properties": { "cluster_id": 221, "n_detections": 11, "centroid_lat": -1.6805735151135559, "centroid_lon": 110.29616365303201, "lat_min": -1.6851723135967025, "lat_max": -1.6750549569337803, "lon_min": 110.29236168242589, "lon_max": 110.29949072537313, "avg_confidence": 1.0, "max_frp": 0.68000000715255737, "avg_frp": 0.63636365261944861, "first_date": "2026-08-13", "last_date": "2026-08-13", "province": "West Kalimantan", "regency": "Ketapang", "extent_lat_km": 1.1243418459505483, "extent_lon_km": 0.79190976501861854 }, "geometry": { "type": "Point", "coordinates": [ 110.296163653032011, -1.680573515113556 ] } },
{ "type": "Feature", "properties": { "cluster_id": 174, "n_detections": 11, "centroid_lat": -0.32239502975759265, "centroid_lon": 116.127210565285, "lat_min": -0.32607406854410992, "lat_max": -0.31932916410216156, "lon_min": 116.12165699603135, "lon_max": 116.13185150925382, "avg_confidence": 1.0, "max_frp": 0.52999997138977051, "avg_frp": 0.52999997138977051, "first_date": "2026-08-13", "last_date": "2026-08-13", "province": "East Kalimantan", "regency": "Kutai Barat", "extent_lat_km": 0.74956123063372149, "extent_lon_km": 1.1328983195498386 }, "geometry": { "type": "Point", "coordinates": [ 116.127210565284997, -0.322395029757593 ] } },
{ "type": "Feature", "properties": { "cluster_id": 164, "n_detections": 11, "centroid_lat": -0.022859955221977198, "centroid_lon": 116.78638212085167, "lat_min": -0.025925820877408266, "lat_max": -0.019180916435459914, "lon_min": 116.78086318752891, "lon_max": 116.79098345324907, "avg_confidence": 1.0, "max_frp": 1.0299999713897705, "avg_frp": 1.0072727203369141, "first_date": "2026-08-13", "last_date": "2026-08-13", "province": "East Kalimantan", "regency": "Kutai Kartanegara", "extent_lat_km": 0.74956123063372038, "extent_lon_km": 1.1246650399659073 }, "geometry": { "type": "Point", "coordinates": [ 116.78638212085167, -0.022859955221977 ] } },
{ "type": "Feature", "properties": { "cluster_id": 89, "n_detections": 11, "centroid_lat": 0.95423142916390447, "centroid_lon": 117.8497097623202, "lat_min": 0.94871287098412838, "lat_max": 0.95883022764705106, "lon_min": 117.84595654192893, "lon_max": 117.8529337558069, "avg_confidence": 1.0, "max_frp": 2.7699999809265137, "avg_frp": 2.3227272900668057, "first_date": "2026-08-13", "last_date": "2026-08-13", "province": "East Kalimantan", "regency": "Kutai Timur", "extent_lat_km": 1.1243418459505976, "extent_lon_km": 0.77527024681355305 }, "geometry": { "type": "Point", "coordinates": [ 117.849709762320202, 0.954231429163904 ] } },
{ "type": "Feature", "properties": { "cluster_id": 261, "n_detections": 11, "centroid_lat": -2.6981343261511275, "centroid_lon": 113.34826763028057, "lat_min": -2.703652884330904, "lat_max": -2.6935355276679811, "lon_min": 113.34476977215651, "lon_max": 113.35215069583863, "avg_confidence": 1.0, "max_frp": 1.1299999952316284, "avg_frp": 1.060909087007696, "first_date": "2026-08-13", "last_date": "2026-08-13", "province": "Central Kalimantan", "regency": "Katingan", "extent_lat_km": 1.1243418459506225, "extent_lon_km": 0.81933273528300299 }, "geometry": { "type": "Point", "coordinates": [ 113.348267630280574, -2.698134326151127 ] } },
{ "type": "Feature", "properties": { "cluster_id": 311, "n_detections": 10, "centroid_lat": 3.5438148550237565, "centroid_lon": 116.68696994641655, "lat_min": 3.5421286289132694, "lat_max": 3.5455010811342436, "lon_min": 116.67999945624216, "lon_max": 116.69394046122478, "avg_confidence": 1.0, "max_frp": 5.7399997711181641, "avg_frp": 5.0959999084472658, "first_date": "2026-08-14", "last_date": "2026-08-14", "province": "North Kalimantan", "regency": "Malinau", "extent_lat_km": 0.37478061531685769, "extent_lon_km": 1.5463014153074415 }, "geometry": { "type": "Point", "coordinates": [ 116.686969946416554, 3.543814855023756 ] } },
{ "type": "Feature", "properties": { "cluster_id": 307, "n_detections": 9, "centroid_lat": -3.4557097296081447, "centroid_lon": 116.37868032681266, "lat_min": -3.4590821818291189, "lat_max": -3.452337277387171, "lon_min": 116.37488815594705, "lon_max": 116.38247265707589, "avg_confidence": 1.0, "max_frp": 0.73000001907348633, "avg_frp": 0.73000001907348633, "first_date": "2026-08-13", "last_date": "2026-08-13", "province": "South Kalimantan", "regency": "Kota Baru", "extent_lat_km": 0.74956123063366598, "extent_lon_km": 0.84133302065784721 }, "geometry": { "type": "Point", "coordinates": [ 116.378680326812656, -3.455709729608145 ] } },
{ "type": "Feature", "properties": { "cluster_id": 0, "n_detections": 9, "centroid_lat": 3.9367055387672485, "centroid_lon": 115.77924832093419, "lat_min": 3.9333330865462734, "lat_max": 3.9400779909882226, "lon_min": 115.77539900020284, "lon_max": 115.78309780402486, "avg_confidence": 1.0, "max_frp": 5.7199997901916504, "avg_frp": 5.7199997901916504, "first_date": "2026-08-13", "last_date": "2026-08-13", "province": "North Kalimantan", "regency": "Nunukan", "extent_lat_km": 0.74956123063381408, "extent_lon_km": 0.85354935699786527 }, "geometry": { "type": "Point", "coordinates": [ 115.779248320934187, 3.936705538767248 ] } },
{ "type": "Feature", "properties": { "cluster_id": 324, "n_detections": 9, "centroid_lat": 2.4123571348869208, "centroid_lon": 117.87682056464233, "lat_min": 2.4089846826659467, "lat_max": 2.4157295871078945, "lon_min": 117.87315289871762, "lon_max": 117.88048838392035, "avg_confidence": 2.0, "max_frp": 14.920000076293945, "avg_frp": 14.920000076293945, "first_date": "2026-08-14", "last_date": "2026-08-14", "province": "North Kalimantan", "regency": "Bulungan", "extent_lat_km": 0.74956123063366598, "extent_lon_km": 0.81447002698039284 }, "geometry": { "type": "Point", "coordinates": [ 117.87682056464233, 2.412357134886921 ] } },
{ "type": "Feature", "properties": { "cluster_id": 28, "n_detections": 9, "centroid_lat": 3.589342960006908, "centroid_lon": 116.60827238796433, "lat_min": 3.5859705077859338, "lat_max": 3.5927154122278822, "lon_min": 116.60446284763455, "lon_max": 116.61208208897119, "avg_confidence": 1.0, "max_frp": 3.0399999618530273, "avg_frp": 3.0399999618530273, "first_date": "2026-08-13", "last_date": "2026-08-13", "province": "North Kalimantan", "regency": "Malinau", "extent_lat_km": 0.74956123063371538, "extent_lon_km": 0.84506534317703763 }, "geometry": { "type": "Point", "coordinates": [ 116.608272387964334, 3.589342960006908 ] } },
{ "type": "Feature", "properties": { "cluster_id": 3, "n_detections": 9, "centroid_lat": 3.5589908900181402, "centroid_lon": 115.77318767935425, "lat_min": 3.555618437797166, "lat_max": 3.5623633422391148, "lon_min": 115.76938495752174, "lon_max": 115.77699056066172, "avg_confidence": 1.0, "max_frp": 3.7300000190734863, "avg_frp": 3.7300000190734863, "first_date": "2026-08-13", "last_date": "2026-08-13", "province": "North Kalimantan", "regency": "Nunukan", "extent_lat_km": 0.74956123063376467, "extent_lon_km": 0.84358061607771806 }, "geometry": { "type": "Point", "coordinates": [ 115.773187679354251, 3.55899089001814 ] } },
{ "type": "Feature", "properties": { "cluster_id": 303, "n_detections": 9, "centroid_lat": -4.1302001738029794, "centroid_lon": 114.64367814728985, "lat_min": -4.1335726260239536, "lat_max": -4.1268277215820053, "lon_min": 114.6398097192414, "lon_max": 114.64754673785801, "avg_confidence": 1.0, "max_frp": 1.4700000286102295, "avg_frp": 1.4700000286102295, "first_date": "2026-08-13", "last_date": "2026-08-13", "province": "South Kalimantan", "regency": "Tanah Laut", "extent_lat_km": 0.74956123063371538, "extent_lon_km": 0.85758190403616374 }, "geometry": { "type": "Point", "coordinates": [ 114.643678147289847, -4.130200173802979 ] } },
{ "type": "Feature", "properties": { "cluster_id": 301, "n_detections": 9, "centroid_lat": -3.7895824994845881, "centroid_lon": 114.72494284708458, "lat_min": -3.7929549517055623, "lat_max": -3.786210047263614, "lon_min": 114.72111580050333, "lon_max": 114.7287700536727, "avg_confidence": 1.0, "max_frp": 2.7599999904632568, "avg_frp": 2.7599999904632568, "first_date": "2026-08-13", "last_date": "2026-08-13", "province": "South Kalimantan", "regency": "Tanah Laut", "extent_lat_km": 0.74956123063371538, "extent_lon_km": 0.84875728174912157 }, "geometry": { "type": "Point", "coordinates": [ 114.724942847084577, -3.789582499484588 ] } },
{ "type": "Feature", "properties": { "cluster_id": 306, "n_detections": 9, "centroid_lat": -3.8435417350201746, "centroid_lon": 115.26281929523586, "lat_min": -3.8469141872411488, "lat_max": -3.8401692827992009, "lon_min": 115.25898352201048, "lon_max": 115.26665522950637, "avg_confidence": 1.0, "max_frp": 1.1299999952316284, "avg_frp": 1.1299999952316284, "first_date": "2026-08-13", "last_date": "2026-08-13", "province": "South Kalimantan", "regency": "Tanah Laut", "extent_lat_km": 0.74956123063366598, "extent_lon_km": 0.85063929639453628 }, "geometry": { "type": "Point", "coordinates": [ 115.262819295235857, -3.843541735020175 ] } },
{ "type": "Feature", "properties": { "cluster_id": 100, "n_detections": 9, "centroid_lat": 0.50354917781553732, "centroid_lon": 111.58146970357346, "lat_min": 0.50017672559456317, "lat_max": 0.50692163003651147, "lon_min": 111.5780394647096, "lon_max": 111.58490007480631, "avg_confidence": 1.0, "max_frp": 1.9900000095367432, "avg_frp": 1.9900000095367432, "first_date": "2026-08-13", "last_date": "2026-08-13", "province": "West Kalimantan", "regency": "Sintang", "extent_lat_km": 0.74956123063371538, "extent_lon_km": 0.76239015584589331 }, "geometry": { "type": "Point", "coordinates": [ 111.581469703573461, 0.503549177815537 ] } },
{ "type": "Feature", "properties": { "cluster_id": 96, "n_detections": 9, "centroid_lat": 1.265723379755701, "centroid_lon": 117.02861831447061, "lat_min": 1.2623509275347269, "lat_max": 1.2690958319766752, "lon_min": 117.02509291560962, "lon_max": 117.03214385738777, "avg_confidence": 1.0, "max_frp": 11.630000114440918, "avg_frp": 11.630000114440918, "first_date": "2026-08-13", "last_date": "2026-08-13", "province": "East Kalimantan", "regency": "Kutai Timur", "extent_lat_km": 0.74956123063371538, "extent_lon_km": 0.78337997070710153 }, "geometry": { "type": "Point", "coordinates": [ 117.028618314470606, 1.265723379755701 ] } },
{ "type": "Feature", "properties": { "cluster_id": 95, "n_detections": 9, "centroid_lat": 1.3230550675122619, "centroid_lon": 117.24041208350968, "lat_min": 1.3196826152912879, "lat_max": 1.3264275197332362, "lon_min": 117.23687942460228, "lon_max": 117.24394488712811, "avg_confidence": 1.0, "max_frp": 5.7300000190734863, "avg_frp": 5.7300000190734863, "first_date": "2026-08-13", "last_date": "2026-08-13", "province": "East Kalimantan", "regency": "Kutai Timur", "extent_lat_km": 0.74956123063371538, "extent_lon_km": 0.78497551966612156 }, "geometry": { "type": "Point", "coordinates": [ 117.240412083509682, 1.323055067512262 ] } },
{ "type": "Feature", "properties": { "cluster_id": 94, "n_detections": 9, "centroid_lat": 1.3668969463849263, "centroid_lon": 116.75337361561654, "lat_min": 1.3635244941639522, "lat_max": 1.3702693986059005, "lon_min": 116.74983629670736, "lon_max": 116.75691107898759, "avg_confidence": 1.0, "max_frp": 14.180000305175781, "avg_frp": 14.180000305175781, "first_date": "2026-08-13", "last_date": "2026-08-13", "province": "East Kalimantan", "regency": "Kutai Timur", "extent_lat_km": 0.74956123063371538, "extent_lon_km": 0.78599682693496975 }, "geometry": { "type": "Point", "coordinates": [ 116.753373615616539, 1.366896946384926 ] } },
{ "type": "Feature", "properties": { "cluster_id": 92, "n_detections": 9, "centroid_lat": 1.5254022007707126, "centroid_lon": 117.18660757364627, "lat_min": 1.5220297485497385, "lat_max": 1.5287746529916868, "lon_min": 117.18305031737749, "lon_max": 117.19016497601567, "avg_confidence": 1.0, "max_frp": 1.6200000047683716, "avg_frp": 1.6200000047683716, "first_date": "2026-08-13", "last_date": "2026-08-13", "province": "East Kalimantan", "regency": "Berau", "extent_lat_km": 0.74956123063371538, "extent_lon_km": 0.7903718240892732 }, "geometry": { "type": "Point", "coordinates": [ 117.18660757364627, 1.525402200770713 ] } },
{ "type": "Feature", "properties": { "cluster_id": 78, "n_detections": 9, "centroid_lat": 0.66205443220132354, "centroid_lon": 113.0382336767116, "lat_min": 0.65868197998034939, "lat_max": 0.66542688442229769, "lon_min": 113.03478418238778, "lon_max": 113.04168330620028, "avg_confidence": 1.0, "max_frp": 16.590000152587891, "avg_frp": 16.590000152587891, "first_date": "2026-08-13", "last_date": "2026-08-13", "province": "West Kalimantan", "regency": "Kapuas Hulu", "extent_lat_km": 0.74956123063371538, "extent_lon_km": 0.76664844547989475 }, "geometry": { "type": "Point", "coordinates": [ 113.038233676711599, 0.662054432201324 ] } },
{ "type": "Feature", "properties": { "cluster_id": 80, "n_detections": 9, "centroid_lat": 0.50692163003651147, "centroid_lon": 112.97440490338778, "lat_min": 0.50354917781553732, "lat_max": 0.51029408225748563, "lon_min": 112.97097355157034, "lon_max": 112.97783638920674, "avg_confidence": 1.0, "max_frp": 7.2800002098083496, "avg_frp": 7.2800002098083496, "first_date": "2026-08-13", "last_date": "2026-08-13", "province": "West Kalimantan", "regency": "Kapuas Hulu", "extent_lat_km": 0.74956123063371538, "extent_lon_km": 0.76263729692849702 }, "geometry": { "type": "Point", "coordinates": [ 112.974404903387779, 0.506921630036511 ] } },
{ "type": "Feature", "properties": { "cluster_id": 56, "n_detections": 9, "centroid_lat": 2.2740865938269792, "centroid_lon": 117.66267410029322, "lat_min": 2.270714141606005, "lat_max": 2.2774590460479538, "lon_min": 117.65902403961813, "lon_max": 117.66632431305752, "avg_confidence": 1.0, "max_frp": 3.369999885559082, "avg_frp": 3.369999885559082, "first_date": "2026-08-13", "last_date": "2026-08-13", "province": "East Kalimantan", "regency": "Berau", "extent_lat_km": 0.74956123063376467, "extent_lon_km": 0.81064045896143011 }, "geometry": { "type": "Point", "coordinates": [ 117.662674100293216, 2.274086593826979 ] } },
{ "type": "Feature", "properties": { "cluster_id": 84, "n_detections": 9, "centroid_lat": 1.5995961496321442, "centroid_lon": 118.0915427377867, "lat_min": 1.5962236974111701, "lat_max": 1.6029686018531184, "lon_min": 118.08797493708262, "lon_max": 118.09511068617226, "avg_confidence": 1.0, "max_frp": 9.7600002288818359, "avg_frp": 9.7600002288818359, "first_date": "2026-08-13", "last_date": "2026-08-13", "province": "East Kalimantan", "regency": "Berau", "extent_lat_km": 0.74956123063371538, "extent_lon_km": 0.7926867752446275 }, "geometry": { "type": "Point", "coordinates": [ 118.091542737786696, 1.599596149632144 ] } },
{ "type": "Feature", "properties": { "cluster_id": 59, "n_detections": 9, "centroid_lat": 2.203265097186522, "centroid_lon": 117.71098786404241, "lat_min": 2.1998926449655474, "lat_max": 2.2066375494074961, "lon_min": 117.70734643049677, "lon_max": 117.71462944921433, "avg_confidence": 1.0, "max_frp": 4.130000114440918, "avg_frp": 4.130000114440918, "first_date": "2026-08-13", "last_date": "2026-08-13", "province": "East Kalimantan", "regency": "Berau", "extent_lat_km": 0.74956123063376467, "extent_lon_km": 0.80876353086121522 }, "geometry": { "type": "Point", "coordinates": [ 117.710987864042409, 2.203265097186522 ] } },
{ "type": "Feature", "properties": { "cluster_id": 64, "n_detections": 9, "centroid_lat": 1.0465139853923795, "centroid_lon": 112.03763989997105, "lat_min": 1.0431415331714053, "lat_max": 1.0498864376133537, "lon_min": 112.03414648932744, "lon_max": 112.04113344734095, "avg_confidence": 1.0, "max_frp": 4.190000057220459, "avg_frp": 4.190000057220459, "first_date": "2026-08-13", "last_date": "2026-08-13", "province": "West Kalimantan", "regency": "Kapuas Hulu", "extent_lat_km": 0.74956123063371538, "extent_lon_km": 0.7763311284105322 }, "geometry": { "type": "Point", "coordinates": [ 112.037639899971055, 1.046513985392379 ] } },
{ "type": "Feature", "properties": { "cluster_id": 82, "n_detections": 9, "centroid_lat": 0.37539599341851865, "centroid_lon": 112.85774221815157, "lat_min": 0.37202354119754449, "lat_max": 0.3787684456394928, "lon_min": 112.854326236117, "lon_max": 112.8611583331322, "avg_confidence": 1.0, "max_frp": 5.309999942779541, "avg_frp": 5.309999942779541, "first_date": "2026-08-13", "last_date": "2026-08-13", "province": "West Kalimantan", "regency": "Kapuas Hulu", "extent_lat_km": 0.74956123063371538, "extent_lon_km": 0.75923464504401716 }, "geometry": { "type": "Point", "coordinates": [ 112.857742218151571, 0.375395993418519 ] } },
{ "type": "Feature", "properties": { "cluster_id": 294, "n_detections": 9, "centroid_lat": -3.0004286797766309, "centroid_lon": 115.20534386638388, "lat_min": -3.0038011319976055, "lat_max": -2.9970562275556567, "lon_min": 115.20161143226193, "lon_max": 115.20907645511946, "avg_confidence": 1.0, "max_frp": 2.440000057220459, "avg_frp": 2.440000057220459, "first_date": "2026-08-13", "last_date": "2026-08-13", "province": "South Kalimantan", "regency": "Tapin", "extent_lat_km": 0.74956123063376467, "extent_lon_km": 0.82845074378307382 }, "geometry": { "type": "Point", "coordinates": [ 115.205343866383885, -3.000428679776631 ] } },
{ "type": "Feature", "properties": { "cluster_id": 29, "n_detections": 9, "centroid_lat": 3.5825980555649597, "centroid_lon": 116.81691357778303, "lat_min": 3.5792256033439855, "lat_max": 3.5859705077859338, "lon_min": 116.81310410474894, "lon_max": 116.82072321168589, "avg_confidence": 1.0, "max_frp": 7.0900001525878906, "avg_frp": 7.0900001525878906, "first_date": "2026-08-13", "last_date": "2026-08-13", "province": "North Kalimantan", "regency": "Tana Tidung", "extent_lat_km": 0.74956123063371538, "extent_lon_km": 0.84505667095646264 }, "geometry": { "type": "Point", "coordinates": [ 116.816913577783026, 3.58259805556496 ] } },
{ "type": "Feature", "properties": { "cluster_id": 31, "n_detections": 9, "centroid_lat": 2.6990155736697257, "centroid_lon": 115.77951883302187, "lat_min": 2.6956431214487515, "lat_max": 2.7023880258906998, "lon_min": 115.77582145025259, "lon_max": 115.78321636882963, "avg_confidence": 1.0, "max_frp": 12.149999618530273, "avg_frp": 12.149999618530273, "first_date": "2026-08-13", "last_date": "2026-08-13", "province": "North Kalimantan", "regency": "Malinau", "extent_lat_km": 0.74956123063371538, "extent_lon_km": 0.82088566871283586 }, "geometry": { "type": "Point", "coordinates": [ 115.779518833021868, 2.699015573669726 ] } },
{ "type": "Feature", "properties": { "cluster_id": 52, "n_detections": 9, "centroid_lat": 2.5236480581790683, "centroid_lon": 117.6065043419722, "lat_min": 2.5202756059580942, "lat_max": 2.5270205104000429, "lon_min": 117.60282359306241, "lon_max": 117.61018524474221, "avg_confidence": 1.0, "max_frp": 7.5500001907348633, "avg_frp": 7.5500001907348633, "first_date": "2026-08-13", "last_date": "2026-08-13", "province": "North Kalimantan", "regency": "Bulungan", "extent_lat_km": 0.74956123063376467, "extent_lon_km": 0.81730690278656493 }, "geometry": { "type": "Point", "coordinates": [ 117.606504341972197, 2.523648058179068 ] } },
{ "type": "Feature", "properties": { "cluster_id": 21, "n_detections": 9, "centroid_lat": 3.3094294256660515, "centroid_lon": 117.28671547356281, "lat_min": 3.3060569734450773, "lat_max": 3.3128018778870256, "lon_min": 117.28293827178965, "lon_max": 117.29049283468542, "avg_confidence": 1.0, "max_frp": 9.0600004196166992, "avg_frp": 9.0600004196166992, "first_date": "2026-08-13", "last_date": "2026-08-13", "province": "North Kalimantan", "regency": "Bulungan", "extent_lat_km": 0.74956123063371538, "extent_lon_km": 0.83813850091148923 }, "geometry": { "type": "Point", "coordinates": [ 117.286715473562808, 3.309429425666051 ] } },
{ "type": "Feature", "properties": { "cluster_id": 47, "n_detections": 9, "centroid_lat": 1.9570760850554072, "centroid_lon": 117.2269483415317, "lat_min": 1.953703632834433, "lat_max": 1.9604485372763811, "lon_min": 117.22333821686445, "lon_max": 117.23055861546842, "avg_confidence": 1.0, "max_frp": 3.5799999237060547, "avg_frp": 3.5799999237060547, "first_date": "2026-08-13", "last_date": "2026-08-13", "province": "East Kalimantan", "regency": "Berau", "extent_lat_km": 0.74956123063369073, "extent_lon_km": 0.8019348488298792 }, "geometry": { "type": "Point", "coordinates": [ 117.226948341531696, 1.957076085055407 ] } },
{ "type": "Feature", "properties": { "cluster_id": 37, "n_detections": 9, "centroid_lat": 2.3280458293625665, "centroid_lon": 117.15409068728019, "lat_min": 2.3246733771415924, "lat_max": 2.3314182815835403, "lon_min": 117.15043518289417, "lon_max": 117.15774634356215, "avg_confidence": 1.0, "max_frp": 0.95999997854232788, "avg_frp": 0.95999997854232788, "first_date": "2026-08-13", "last_date": "2026-08-13", "province": "East Kalimantan", "regency": "Berau", "extent_lat_km": 0.74956123063366598, "extent_lon_km": 0.8118186817400499 }, "geometry": { "type": "Point", "coordinates": [ 117.154090687280188, 2.328045829362567 ] } },
{ "type": "Feature", "properties": { "cluster_id": 68, "n_detections": 9, "centroid_lat": 1.0026721065197153, "centroid_lon": 118.55268220218338, "lat_min": 0.99929965429874112, "lat_max": 1.0060445587406894, "lon_min": 118.54918717747367, "lon_max": 118.55617737083675, "avg_confidence": 1.0, "max_frp": 29.459999084472656, "avg_frp": 29.459999084472656, "first_date": "2026-08-13", "last_date": "2026-08-13", "province": "East Kalimantan", "regency": "Kutai Timur", "extent_lat_km": 0.74956123063371538, "extent_lon_km": 0.77670124184075118 }, "geometry": { "type": "Point", "coordinates": [ 118.552682202183377, 1.002672106519715 ] } },
{ "type": "Feature", "properties": { "cluster_id": 65, "n_detections": 9, "centroid_lat": 1.0026721065197153, "centroid_lon": 112.91307854687753, "lat_min": 0.99929965429874112, "lat_max": 1.0060445587406894, "lon_min": 112.90958932859184, "lon_max": 112.91656790259002, "avg_confidence": 1.0, "max_frp": 9.3000001907348633, "avg_frp": 9.3000001907348633, "first_date": "2026-08-13", "last_date": "2026-08-13", "province": "West Kalimantan", "regency": "Kapuas Hulu", "extent_lat_km": 0.74956123063371538, "extent_lon_km": 0.77541017953721247 }, "geometry": { "type": "Point", "coordinates": [ 112.913078546877529, 1.002672106519715 ] } },
{ "type": "Feature", "properties": { "cluster_id": 105, "n_detections": 9, "centroid_lat": 0.73287592884178121, "centroid_lon": 114.42949862036656, "lat_min": 0.72950347662080706, "lat_max": 0.73624838106275536, "lon_min": 114.42603980345022, "lon_max": 114.43295757455373, "avg_confidence": 1.0, "max_frp": 2.630000114440918, "avg_frp": 2.630000114440918, "first_date": "2026-08-13", "last_date": "2026-08-13", "province": "East Kalimantan", "regency": "Mahakam Hulu", "extent_lat_km": 0.74956123063371538, "extent_lon_km": 0.76870901336345776 }, "geometry": { "type": "Point", "coordinates": [ 114.429498620366559, 0.732875928841781 ] } },
{ "type": "Feature", "properties": { "cluster_id": 103, "n_detections": 9, "centroid_lat": 0.79358006881931642, "centroid_lon": 114.11070000596288, "lat_min": 0.79020761659834216, "lat_max": 0.79695252104029057, "lon_min": 114.10723426409064, "lon_max": 114.11416588516593, "avg_confidence": 1.0, "max_frp": 3.5199999809265137, "avg_frp": 3.5199999809265137, "first_date": "2026-08-13", "last_date": "2026-08-13", "province": "East Kalimantan", "regency": "Mahakam Hulu", "extent_lat_km": 0.7495612306337277, "extent_lon_km": 0.77023716354090199 }, "geometry": { "type": "Point", "coordinates": [ 114.110700005962883, 0.793580068819316 ] } },
{ "type": "Feature", "properties": { "cluster_id": 108, "n_detections": 9, "centroid_lat": -0.31258425966021319, "centroid_lon": 109.64300460936437, "lat_min": -0.31595671188118735, "lat_max": -0.30921180743923898, "lon_min": 109.63959696241108, "lon_max": 109.64641238511224, "avg_confidence": 1.0, "max_frp": 1.8200000524520874, "avg_frp": 1.8200000524520874, "first_date": "2026-08-13", "last_date": "2026-08-13", "province": "West Kalimantan", "regency": "Kubu Raya", "extent_lat_km": 0.74956123063372149, "extent_lon_km": 0.75738665327363053 }, "geometry": { "type": "Point", "coordinates": [ 109.643004609364368, -0.312584259660213 ] } },
{ "type": "Feature", "properties": { "cluster_id": 107, "n_detections": 9, "centroid_lat": 0.041523223542075244, "centroid_lon": 109.3614880995047, "lat_min": 0.038150771321101069, "lat_max": 0.044895675763049418, "lon_min": 109.35811104463644, "lon_max": 109.36486528095676, "avg_confidence": 1.0, "max_frp": 1.8300000429153442, "avg_frp": 1.8300000429153442, "first_date": "2026-08-13", "last_date": "2026-08-13", "province": "West Kalimantan", "regency": "Mempawah", "extent_lat_km": 0.74956123063371993, "extent_lon_km": 0.75059808516441728 }, "geometry": { "type": "Point", "coordinates": [ 109.361488099504697, 0.041523223542075 ] } },
{ "type": "Feature", "properties": { "cluster_id": 116, "n_detections": 9, "centroid_lat": 0.77334535549347139, "centroid_lon": 117.06131343085258, "lat_min": 0.76997290327249723, "lat_max": 0.77671780771444554, "lon_min": 117.05784773509879, "lon_max": 117.06477926720315, "avg_confidence": 1.0, "max_frp": 46.220001220703125, "avg_frp": 46.220001220703125, "first_date": "2026-08-13", "last_date": "2026-08-13", "province": "East Kalimantan", "regency": "Kutai Timur", "extent_lat_km": 0.74956123063371538, "extent_lon_km": 0.77023099692822494 }, "geometry": { "type": "Point", "coordinates": [ 117.061313430852579, 0.773345355493471 ] } },
{ "type": "Feature", "properties": { "cluster_id": 263, "n_detections": 9, "centroid_lat": -2.5518925343870658, "centroid_lon": 112.86607493418694, "lat_min": -2.5552649866080399, "lat_max": -2.5485200821660916, "lon_min": 112.86240312536444, "lon_max": 112.86974689158205, "avg_confidence": 1.0, "max_frp": 2.2599999904632568, "avg_frp": 2.2599999904632568, "first_date": "2026-08-13", "last_date": "2026-08-13", "province": "Central Kalimantan", "regency": "Kotawaringin Timur", "extent_lat_km": 0.74956123063371538, "extent_lon_km": 0.81530340561468595 }, "geometry": { "type": "Point", "coordinates": [ 112.86607493418694, -2.551892534387066 ] } },
{ "type": "Feature", "properties": { "cluster_id": 115, "n_detections": 9, "centroid_lat": 0.77671780771444554, "centroid_lon": 116.90288682015145, "lat_min": 0.77334535549347139, "lat_max": 0.78009025993541969, "lon_min": 116.89942084241477, "lon_max": 116.9063529383257, "avg_confidence": 1.0, "max_frp": 11.819999694824219, "avg_frp": 11.819999694824219, "first_date": "2026-08-13", "last_date": "2026-08-13", "province": "East Kalimantan", "regency": "Kutai Timur", "extent_lat_km": 0.74956123063371538, "extent_lon_km": 0.77029303370283131 }, "geometry": { "type": "Point", "coordinates": [ 116.902886820151451, 0.776717807714446 ] } },
{ "type": "Feature", "properties": { "cluster_id": 86, "n_detections": 9, "centroid_lat": 1.4444633474673323, "centroid_lon": 118.3124469212508, "lat_min": 1.4410908952463581, "lat_max": 1.4478357996883064, "lon_min": 118.30889786839701, "lon_max": 118.31599612092546, "avg_confidence": 1.0, "max_frp": 9.869999885559082, "avg_frp": 9.869999885559082, "first_date": "2026-08-13", "last_date": "2026-08-13", "province": "East Kalimantan", "regency": "Berau", "extent_lat_km": 0.74956123063371538, "extent_lon_km": 0.7885781362636306 }, "geometry": { "type": "Point", "coordinates": [ 118.312446921250796, 1.444463347467332 ] } },
{ "type": "Feature", "properties": { "cluster_id": 88, "n_detections": 9, "centroid_lat": 1.4242286341414874, "centroid_lon": 118.04152114432458, "lat_min": 1.4208561819205132, "lat_max": 1.4276010863624615, "lon_min": 118.03797497848767, "lon_max": 118.04506745652381, "avg_confidence": 1.0, "max_frp": 4.2899999618530273, "avg_frp": 4.2899999618530273, "first_date": "2026-08-13", "last_date": "2026-08-13", "province": "East Kalimantan", "regency": "Berau", "extent_lat_km": 0.74956123063371538, "extent_lon_km": 0.78794358855697499 }, "geometry": { "type": "Point", "coordinates": [ 118.041521144324577, 1.424228634141487 ] } },
{ "type": "Feature", "properties": { "cluster_id": 85, "n_detections": 9, "centroid_lat": 1.4646980607931774, "centroid_lon": 117.81084830247707, "lat_min": 1.4613256085722031, "lat_max": 1.4680705130141516, "lon_min": 117.8072975130912, "lon_max": 117.81439923824911, "avg_confidence": 1.0, "max_frp": 1.1499999761581421, "avg_frp": 1.1499999761581421, "first_date": "2026-08-13", "last_date": "2026-08-13", "province": "East Kalimantan", "regency": "Kutai Timur", "extent_lat_km": 0.74956123063374003, "extent_lon_km": 0.78895685175272712 }, "geometry": { "type": "Point", "coordinates": [ 117.810848302477069, 1.464698060793177 ] } },
{ "type": "Feature", "properties": { "cluster_id": 74, "n_detections": 9, "centroid_lat": 0.40237561118631204, "centroid_lon": 111.00320845781651, "lat_min": 0.39900315896533789, "lat_max": 0.4057480634072862, "lon_min": 110.99979010248468, "lon_max": 111.00662694414112, "avg_confidence": 1.0, "max_frp": 0.93999999761581421, "avg_frp": 0.93999999761581421, "first_date": "2026-08-13", "last_date": "2026-08-13", "province": "West Kalimantan", "regency": "Sekadau", "extent_lat_km": 0.74956123063371538, "extent_lon_km": 0.75975947744326311 }, "geometry": { "type": "Point", "coordinates": [ 111.003208457816513, 0.402375611186312 ] } },
{ "type": "Feature", "properties": { "cluster_id": 138, "n_detections": 9, "centroid_lat": -0.45085480072015444, "centroid_lon": 112.06963570026028, "lat_min": -0.45422725294112859, "lat_max": -0.44748234849918023, "lon_min": 112.06621130191793, "lon_max": 112.07306023116631, "avg_confidence": 1.0, "max_frp": 4.3499999046325684, "avg_frp": 4.3499999046325684, "first_date": "2026-08-13", "last_date": "2026-08-13", "province": "West Kalimantan", "regency": "Melawi", "extent_lat_km": 0.74956123063372149, "extent_lon_km": 0.76109794332469194 }, "geometry": { "type": "Point", "coordinates": [ 112.069635700260278, -0.450854800720154 ] } },
{ "type": "Feature", "properties": { "cluster_id": 158, "n_detections": 9, "centroid_lat": -1.3411821870573368, "centroid_lon": 110.12345046870689, "lat_min": -1.344554639278311, "lat_max": -1.3378097348363627, "lon_min": 110.11992540407492, "lon_max": 110.12697566995162, "avg_confidence": 1.0, "max_frp": 0.50999999046325684, "avg_frp": 0.50999999046325684, "first_date": "2026-08-13", "last_date": "2026-08-13", "province": "West Kalimantan", "regency": "Kayong Utara", "extent_lat_km": 0.74956123063371538, "extent_lon_km": 0.7832814036096617 }, "geometry": { "type": "Point", "coordinates": [ 110.123450468706892, -1.341182187057337 ] } },
{ "type": "Feature", "properties": { "cluster_id": 160, "n_detections": 9, "centroid_lat": -1.4288659448026655, "centroid_lon": 110.29620030486126, "lat_min": -1.4322383970236396, "lat_max": -1.4254934925816911, "lon_min": 110.29266493666918, "lon_max": 110.29973581049313, "avg_confidence": 1.0, "max_frp": 1.4800000190734863, "avg_frp": 1.4800000190734863, "first_date": "2026-08-13", "last_date": "2026-08-13", "province": "West Kalimantan", "regency": "Ketapang", "extent_lat_km": 0.74956123063374003, "extent_lon_km": 0.78554187084904725 }, "geometry": { "type": "Point", "coordinates": [ 110.296200304861259, -1.428865944802665 ] } },
{ "type": "Feature", "properties": { "cluster_id": 121, "n_detections": 9, "centroid_lat": 0.68566159774814273, "centroid_lon": 117.46712832587144, "lat_min": 0.68228914552716857, "lat_max": 0.68903404996911688, "lon_min": 117.46367295628434, "lon_max": 117.47058383590576, "avg_confidence": 1.0, "max_frp": 2.0499999523162842, "avg_frp": 2.0499999523162842, "first_date": "2026-08-13", "last_date": "2026-08-13", "province": "East Kalimantan", "regency": "Kutai Timur", "extent_lat_km": 0.74956123063371538, "extent_lon_km": 0.76795105977870259 }, "geometry": { "type": "Point", "coordinates": [ 117.467128325871442, 0.685661597748143 ] } },
{ "type": "Feature", "properties": { "cluster_id": 154, "n_detections": 9, "centroid_lat": -1.1084829838101187, "centroid_lon": 110.20833468819563, "lat_min": -1.1118554360310928, "lat_max": -1.1051105315891445, "lon_min": 110.20483615650932, "lon_max": 110.2118333549344, "avg_confidence": 1.0, "max_frp": 1.1599999666213989, "avg_frp": 1.1599999666213989, "first_date": "2026-08-13", "last_date": "2026-08-13", "province": "West Kalimantan", "regency": "Kayong Utara", "extent_lat_km": 0.74956123063371538, "extent_lon_km": 0.77745314028492618 }, "geometry": { "type": "Point", "coordinates": [ 110.208334688195634, -1.108482983810119 ] } },
{ "type": "Feature", "properties": { "cluster_id": 141, "n_detections": 9, "centroid_lat": 0.90487099211146416, "centroid_lon": 117.74656956360127, "lat_min": 0.90149853989049, "lat_max": 0.90824344433243831, "lon_min": 117.74308729784757, "lon_max": 117.7500519716735, "avg_confidence": 1.0, "max_frp": 2.2400000095367432, "avg_frp": 2.2400000095367432, "first_date": "2026-08-13", "last_date": "2026-08-13", "province": "East Kalimantan", "regency": "Kutai Timur", "extent_lat_km": 0.74956123063371538, "extent_lon_km": 0.77388768142524222 }, "geometry": { "type": "Point", "coordinates": [ 117.74656956360127, 0.904870992111464 ] } },
{ "type": "Feature", "properties": { "cluster_id": 142, "n_detections": 9, "centroid_lat": 0.82393213880808402, "centroid_lon": 117.83512559240967, "lat_min": 0.82055968658710987, "lat_max": 0.82730459102905818, "lon_min": 117.8316531160993, "lon_max": 117.83859821056814, "avg_confidence": 1.0, "max_frp": 6.2800002098083496, "avg_frp": 6.2800002098083496, "first_date": "2026-08-13", "last_date": "2026-08-13", "province": "East Kalimantan", "regency": "Kutai Timur", "extent_lat_km": 0.74956123063371538, "extent_lon_km": 0.77172854708605154 }, "geometry": { "type": "Point", "coordinates": [ 117.835125592409668, 0.823932138808084 ] } },
{ "type": "Feature", "properties": { "cluster_id": 143, "n_detections": 9, "centroid_lat": 0.67554424108522027, "centroid_lon": 117.56468983233812, "lat_min": 0.67217178886424611, "lat_max": 0.67891669330619442, "lon_min": 117.5612356232196, "lon_max": 117.56814418194526, "avg_confidence": 1.0, "max_frp": 3.2400000095367432, "avg_frp": 3.0266666412353516, "first_date": "2026-08-13", "last_date": "2026-08-13", "province": "East Kalimantan", "regency": "Kutai Timur", "extent_lat_km": 0.74956123063371538, "extent_lon_km": 0.76769476746554344 }, "geometry": { "type": "Point", "coordinates": [ 117.564689832338118, 0.67554424108522 ] } },
{ "type": "Feature", "properties": { "cluster_id": 144, "n_detections": 9, "centroid_lat": 0.36190618453462192, "centroid_lon": 117.52851076160761, "lat_min": 0.35853373231364771, "lat_max": 0.36527863675559613, "lon_min": 117.5250946148368, "lon_max": 117.53192704662465, "avg_confidence": 1.0, "max_frp": 3.4800000190734863, "avg_frp": 3.4800000190734863, "first_date": "2026-08-13", "last_date": "2026-08-13", "province": "East Kalimantan", "regency": "Kutai Timur", "extent_lat_km": 0.7495612306337277, "extent_lon_km": 0.75927299774686507 }, "geometry": { "type": "Point", "coordinates": [ 117.528510761607606, 0.361906184534622 ] } },
{ "type": "Feature", "properties": { "cluster_id": 145, "n_detections": 9, "centroid_lat": -0.032670725319356615, "centroid_lon": 112.96325672105215, "lat_min": -0.036043177540330797, "lat_max": -0.029298273098382437, "lon_min": 112.95988054224455, "lon_max": 112.9666330305417, "avg_confidence": 1.0, "max_frp": 7.869999885559082, "avg_frp": 7.869999885559082, "first_date": "2026-08-13", "last_date": "2026-08-13", "province": "West Kalimantan", "regency": "Sintang", "extent_lat_km": 0.74956123063372115, "extent_lon_km": 0.75040390246885746 }, "geometry": { "type": "Point", "coordinates": [ 112.963256721052147, -0.032670725319357 ] } },
{ "type": "Feature", "properties": { "cluster_id": 117, "n_detections": 9, "centroid_lat": 0.76997290327249723, "centroid_lon": 116.98027446458215, "lat_min": 0.76660045105152297, "lat_max": 0.77334535549347139, "lon_min": 116.97680924118698, "lon_max": 116.98373982845666, "avg_confidence": 1.0, "max_frp": 5.1599998474121094, "avg_frp": 5.1599998474121094, "first_date": "2026-08-13", "last_date": "2026-08-13", "province": "East Kalimantan", "regency": "Kutai Timur", "extent_lat_km": 0.7495612306337277, "extent_lon_km": 0.77012661755453227 }, "geometry": { "type": "Point", "coordinates": [ 116.980274464582152, 0.769972903272497 ] } },
{ "type": "Feature", "properties": { "cluster_id": 118, "n_detections": 9, "centroid_lat": 0.76322799883054881, "centroid_lon": 117.09139099986676, "lat_min": 0.75985554660957466, "lat_max": 0.76660045105152297, "lon_min": 117.08792650540857, "lon_max": 117.09485563488505, "avg_confidence": 1.0, "max_frp": 0.54000002145767212, "avg_frp": 0.54000002145767212, "first_date": "2026-08-13", "last_date": "2026-08-13", "province": "East Kalimantan", "regency": "Kutai Timur", "extent_lat_km": 0.74956123063371538, "extent_lon_km": 0.76996584044502081 }, "geometry": { "type": "Point", "coordinates": [ 117.091390999866761, 0.763227998830549 ] } },
{ "type": "Feature", "properties": { "cluster_id": 119, "n_detections": 9, "centroid_lat": 0.76322799883054881, "centroid_lon": 117.13860952029391, "lat_min": 0.75985554660957466, "lat_max": 0.76660045105152297, "lon_min": 117.13514498883816, "lon_max": 117.14207419236429, "avg_confidence": 1.0, "max_frp": 17.940000534057617, "avg_frp": 17.940000534057617, "first_date": "2026-08-13", "last_date": "2026-08-13", "province": "East Kalimantan", "regency": "Kutai Timur", "extent_lat_km": 0.74956123063371538, "extent_lon_km": 0.76997406885272102 }, "geometry": { "type": "Point", "coordinates": [ 117.138609520293912, 0.763227998830549 ] } },
{ "type": "Feature", "properties": { "cluster_id": 124, "n_detections": 9, "centroid_lat": 0.49005936893164059, "centroid_lon": 117.27077692131661, "lat_min": 0.48668691671066638, "lat_max": 0.4934318211526148, "lon_min": 117.26734537470452, "lon_max": 117.27420860677439, "avg_confidence": 1.0, "max_frp": 6.5199999809265137, "avg_frp": 6.5199999809265137, "first_date": "2026-08-13", "last_date": "2026-08-13", "province": "East Kalimantan", "regency": "Kutai Timur", "extent_lat_km": 0.7495612306337277, "extent_lon_km": 0.76268308151327169 }, "geometry": { "type": "Point", "coordinates": [ 117.27077692131661, 0.490059368931641 ] } },
{ "type": "Feature", "properties": { "cluster_id": 120, "n_detections": 9, "centroid_lat": 0.69240650219009114, "centroid_lon": 117.09629779729812, "lat_min": 0.68903404996911688, "lat_max": 0.69577895441106541, "lon_min": 117.09284187247729, "lon_max": 117.09975386218525, "avg_confidence": 1.0, "max_frp": 13.850000381469727, "avg_frp": 13.850000381469727, "first_date": "2026-08-13", "last_date": "2026-08-13", "province": "East Kalimantan", "regency": "Kutai Timur", "extent_lat_km": 0.74956123063374003, "extent_lon_km": 0.76807332744832768 }, "geometry": { "type": "Point", "coordinates": [ 117.096297797298121, 0.692406502190091 ] } },
{ "type": "Feature", "properties": { "cluster_id": 252, "n_detections": 9, "centroid_lat": -1.863912281308334, "centroid_lon": 115.88776645883326, "lat_min": -1.8672847335293079, "lat_max": -1.8605398290873598, "lon_min": 115.88417031328784, "lon_max": 115.8913627514216, "avg_confidence": 1.0, "max_frp": 1.559999942779541, "avg_frp": 1.559999942779541, "first_date": "2026-08-13", "last_date": "2026-08-13", "province": "East Kalimantan", "regency": "Paser", "extent_lat_km": 0.74956123063369073, "extent_lon_km": 0.79887274284943521 }, "geometry": { "type": "Point", "coordinates": [ 115.887766458833255, -1.863912281308334 ] } },
{ "type": "Feature", "properties": { "cluster_id": 246, "n_detections": 9, "centroid_lat": -1.7054070269225479, "centroid_lon": 114.36287559028256, "lat_min": -1.7087794791435218, "lat_max": -1.7020345747015735, "lon_min": 114.35930129524613, "lon_max": 114.36645002945062, "avg_confidence": 1.0, "max_frp": 7.1100001335144043, "avg_frp": 7.1100001335144043, "first_date": "2026-08-13", "last_date": "2026-08-13", "province": "Central Kalimantan", "regency": "Kapuas", "extent_lat_km": 0.74956123063371538, "extent_lon_km": 0.7940869402727927 }, "geometry": { "type": "Point", "coordinates": [ 114.362875590282556, -1.705407026922548 ] } },
{ "type": "Feature", "properties": { "cluster_id": 133, "n_detections": 9, "centroid_lat": -0.2282729541358588, "centroid_lon": 111.87482419075603, "lat_min": -0.23164540635683298, "lat_max": -0.22490050191488464, "lon_min": 111.8714255416362, "lon_max": 111.8782229706602, "avg_confidence": 1.0, "max_frp": 0.99000000953674316, "avg_frp": 0.99000000953674316, "first_date": "2026-08-13", "last_date": "2026-08-13", "province": "West Kalimantan", "regency": "Sintang", "extent_lat_km": 0.74956123063371849, "extent_lon_km": 0.75539229216302517 }, "geometry": { "type": "Point", "coordinates": [ 111.87482419075603, -0.228272954135859 ] } },
{ "type": "Feature", "properties": { "cluster_id": 255, "n_detections": 9, "centroid_lat": -1.9583409434956107, "centroid_lon": 116.39355429526469, "lat_min": -1.9617133957165849, "lat_max": -1.9549684912746368, "lon_min": 116.38994569236182, "lon_max": 116.39716304648158, "avg_confidence": 1.0, "max_frp": 0.52999997138977051, "avg_frp": 0.52999997138977051, "first_date": "2026-08-13", "last_date": "2026-08-13", "province": "East Kalimantan", "regency": "Paser", "extent_lat_km": 0.74956123063369073, "extent_lon_km": 0.80159610777113544 }, "geometry": { "type": "Point", "coordinates": [ 116.393554295264693, -1.958340943495611 ] } },
{ "type": "Feature", "properties": { "cluster_id": 122, "n_detections": 9, "centroid_lat": 0.57437067445599499, "centroid_lon": 117.22853583752752, "lat_min": 0.57099822223502084, "lat_max": 0.57774312667696914, "lon_min": 117.22509411188321, "lon_max": 117.23197770256046, "avg_confidence": 1.0, "max_frp": 1.1100000143051147, "avg_frp": 1.1100000143051147, "first_date": "2026-08-13", "last_date": "2026-08-13", "province": "East Kalimantan", "regency": "Kutai Timur", "extent_lat_km": 0.74956123063371538, "extent_lon_km": 0.76493499474242432 }, "geometry": { "type": "Point", "coordinates": [ 117.228535837527517, 0.574370674455995 ] } },
{ "type": "Feature", "properties": { "cluster_id": 125, "n_detections": 9, "centroid_lat": 0.33492656676682853, "centroid_lon": 116.90425989995401, "lat_min": 0.33155411454585432, "lat_max": 0.33829901898780268, "lon_min": 116.90084723475979, "lon_max": 116.907672702485, "avg_confidence": 1.0, "max_frp": 0.68999999761581421, "avg_frp": 0.68999999761581421, "first_date": "2026-08-13", "last_date": "2026-08-13", "province": "East Kalimantan", "regency": "Kutai Timur", "extent_lat_km": 0.74956123063372149, "extent_lon_km": 0.75850126885645786 }, "geometry": { "type": "Point", "coordinates": [ 116.904259899954013, 0.334926566766829 ] } },
{ "type": "Feature", "properties": { "cluster_id": 188, "n_detections": 9, "centroid_lat": -1.9515960390536629, "centroid_lon": 110.63296951368019, "lat_min": -1.9549684912746368, "lat_max": -1.9482235868326883, "lon_min": 110.62937328222473, "lon_max": 110.63656588673258, "avg_confidence": 1.0, "max_frp": 1.2100000381469727, "avg_frp": 1.2100000381469727, "first_date": "2026-08-13", "last_date": "2026-08-13", "province": "West Kalimantan", "regency": "Ketapang", "extent_lat_km": 0.74956123063374003, "extent_lon_km": 0.79885049980718192 }, "geometry": { "type": "Point", "coordinates": [ 110.632969513680194, -1.951596039053663 ] } },
{ "type": "Feature", "properties": { "cluster_id": 189, "n_detections": 9, "centroid_lat": -2.042652249019965, "centroid_lon": 110.7234655780899, "lat_min": -2.0460247012409392, "lat_max": -2.0392797967989913, "lon_min": 110.71985860853354, "lon_max": 110.72707269000915, "avg_confidence": 1.0, "max_frp": 1.7799999713897705, "avg_frp": 1.7799999713897705, "first_date": "2026-08-13", "last_date": "2026-08-13", "province": "West Kalimantan", "regency": "Ketapang", "extent_lat_km": 0.74956123063366598, "extent_lon_km": 0.80119144971713097 }, "geometry": { "type": "Point", "coordinates": [ 110.7234655780899, -2.042652249019965 ] } },
{ "type": "Feature", "properties": { "cluster_id": 166, "n_detections": 9, "centroid_lat": -0.19792088414709122, "centroid_lon": 116.67700439008308, "lat_min": -0.2012933363680654, "lat_max": -0.19454843192611704, "lon_min": 116.67360826227262, "lon_max": 116.68040065401247, "avg_confidence": 1.0, "max_frp": 7.179999828338623, "avg_frp": 7.179999828338623, "first_date": "2026-08-13", "last_date": "2026-08-13", "province": "East Kalimantan", "regency": "Kutai Kartanegara", "extent_lat_km": 0.74956123063372149, "extent_lon_km": 0.75483399043108446 }, "geometry": { "type": "Point", "coordinates": [ 116.677004390083084, -0.197920884147091 ] } },
{ "type": "Feature", "properties": { "cluster_id": 173, "n_detections": 9, "centroid_lat": -0.15070655305345276, "centroid_lon": 116.41365969284874, "lat_min": -0.15407900527442694, "lat_max": -0.14733410083247858, "lon_min": 116.41026927326131, "lon_max": 116.41705024792246, "avg_confidence": 1.0, "max_frp": 2.9500000476837158, "avg_frp": 2.9500000476837158, "first_date": "2026-08-13", "last_date": "2026-08-13", "province": "East Kalimantan", "regency": "Kutai Kartanegara", "extent_lat_km": 0.74956123063372149, "extent_lon_km": 0.75356710726716658 }, "geometry": { "type": "Point", "coordinates": [ 116.413659692848739, -0.150706553053453 ] } },
{ "type": "Feature", "properties": { "cluster_id": 171, "n_detections": 9, "centroid_lat": -0.72065097839808834, "centroid_lon": 116.89801921978898, "lat_min": -0.7240234306190626, "lat_max": -0.71727852617711418, "lon_min": 116.89456002309372, "lon_max": 116.90147855652059, "avg_confidence": 1.0, "max_frp": 1.4700000286102295, "avg_frp": 1.4700000286102295, "first_date": "2026-08-13", "last_date": "2026-08-13", "province": "East Kalimantan", "regency": "Kutai Kartanegara", "extent_lat_km": 0.7495612306337277, "extent_lon_km": 0.76879580422079985 }, "geometry": { "type": "Point", "coordinates": [ 116.898019219788978, -0.720650978398088 ] } },
{ "type": "Feature", "properties": { "cluster_id": 169, "n_detections": 9, "centroid_lat": -0.693671360630295, "centroid_lon": 117.2548459384321, "lat_min": -0.69704381285126915, "lat_max": -0.69029890840932084, "lon_min": 117.2513897476405, "lon_max": 117.25830226948213, "avg_confidence": 1.0, "max_frp": 1.3999999761581421, "avg_frp": 1.3999999761581421, "first_date": "2026-08-13", "last_date": "2026-08-13", "province": "East Kalimantan", "regency": "Kutai Kartanegara", "extent_lat_km": 0.74956123063371538, "extent_lon_km": 0.76813225402315399 }, "geometry": { "type": "Point", "coordinates": [ 117.254845938432098, -0.693671360630295 ] } },
{ "type": "Feature", "properties": { "cluster_id": 165, "n_detections": 9, "centroid_lat": -0.04616053420325332, "centroid_lon": 117.43514811895186, "lat_min": -0.049532986424227494, "lat_max": -0.042788081982279146, "lon_min": 117.43177016469866, "lon_max": 117.4385262091449, "avg_confidence": 1.0, "max_frp": 6.6399998664855957, "avg_frp": 6.6399998664855957, "first_date": "2026-08-13", "last_date": "2026-08-13", "province": "East Kalimantan", "regency": "Kutai Kartanegara", "extent_lat_km": 0.74956123063371993, "extent_lon_km": 0.75079897564670184 }, "geometry": { "type": "Point", "coordinates": [ 117.435148118951858, -0.046160534203253 ] } },
{ "type": "Feature", "properties": { "cluster_id": 233, "n_detections": 9, "centroid_lat": -2.4709536810836856, "centroid_lon": 113.09874894026186, "lat_min": -2.4743261333046598, "lat_max": -2.4675812288627115, "lon_min": 113.09508615220946, "lon_max": 113.10241187656067, "avg_confidence": 1.0, "max_frp": 2.9600000381469727, "avg_frp": 2.390000025431315, "first_date": "2026-08-13", "last_date": "2026-08-13", "province": "Central Kalimantan", "regency": "Kotawaringin Timur", "extent_lat_km": 0.74956123063371538, "extent_lon_km": 0.81335079483035433 }, "geometry": { "type": "Point", "coordinates": [ 113.098748940261856, -2.470953681083686 ] } },
{ "type": "Feature", "properties": { "cluster_id": 235, "n_detections": 9, "centroid_lat": -2.4810710377466081, "centroid_lon": 112.94770977701143, "lat_min": -2.4844434899675822, "lat_max": -2.4776985855256339, "lon_min": 112.94404617064127, "lon_max": 112.95137353152735, "avg_confidence": 1.0, "max_frp": 1.3999999761581421, "avg_frp": 1.3999999761581421, "first_date": "2026-08-13", "last_date": "2026-08-13", "province": "Central Kalimantan", "regency": "Kotawaringin Timur", "extent_lat_km": 0.74956123063371538, "extent_lon_km": 0.81352628203904176 }, "geometry": { "type": "Point", "coordinates": [ 112.947709777011426, -2.481071037746608 ] } },
{ "type": "Feature", "properties": { "cluster_id": 239, "n_detections": 9, "centroid_lat": -2.0628869623458104, "centroid_lon": 115.57084914528862, "lat_min": -2.0662594145667845, "lat_max": -2.0595145101248362, "lon_min": 115.56722955418699, "lon_max": 115.57446888451284, "avg_confidence": 1.0, "max_frp": 0.88999998569488525, "avg_frp": 0.88999998569488525, "first_date": "2026-08-13", "last_date": "2026-08-13", "province": "South Kalimantan", "regency": "Tabalong", "extent_lat_km": 0.74956123063371538, "extent_lon_km": 0.80398539427690208 }, "geometry": { "type": "Point", "coordinates": [ 115.570849145288619, -2.06288696234581 ] } },
{ "type": "Feature", "properties": { "cluster_id": 182, "n_detections": 9, "centroid_lat": -0.84205925835315876, "centroid_lon": 116.93512563631322, "lat_min": -0.84543171057413291, "lat_max": -0.8386868061321846, "lon_min": 116.93165172783186, "lon_max": 116.93859968573103, "avg_confidence": 1.0, "max_frp": 3.1400001049041748, "avg_frp": 3.1400001049041748, "first_date": "2026-08-13", "last_date": "2026-08-13", "province": "East Kalimantan", "regency": "Kutai Kartanegara", "extent_lat_km": 0.74956123063371538, "extent_lon_km": 0.77204317579881998 }, "geometry": { "type": "Point", "coordinates": [ 116.935125636313217, -0.842059258353159 ] } },
{ "type": "Feature", "properties": { "cluster_id": 181, "n_detections": 9, "centroid_lat": -1.4693353714543553, "centroid_lon": 115.89490957678183, "lat_min": -1.4727078236753297, "lat_max": -1.4659629192333812, "lon_min": 115.89136111036589, "lon_max": 115.89845818740172, "avg_confidence": 1.0, "max_frp": 1.5700000524520874, "avg_frp": 1.5700000524520874, "first_date": "2026-08-13", "last_date": "2026-08-13", "province": "East Kalimantan", "regency": "Paser", "extent_lat_km": 0.74956123063374003, "extent_lon_km": 0.78843884046621182 }, "geometry": { "type": "Point", "coordinates": [ 115.894909576781828, -1.469335371454355 ] } },
{ "type": "Feature", "properties": { "cluster_id": 232, "n_detections": 9, "centroid_lat": -2.4507189677578403, "centroid_lon": 112.94175756992873, "lat_min": -2.4540914199788149, "lat_max": -2.4473465155368661, "lon_min": 112.93809758379034, "lon_max": 112.94541770398278, "avg_confidence": 1.0, "max_frp": 1.7200000286102295, "avg_frp": 1.7200000286102295, "first_date": "2026-08-13", "last_date": "2026-08-13", "province": "Central Kalimantan", "regency": "Kotawaringin Timur", "extent_lat_km": 0.74956123063376467, "extent_lon_km": 0.81274091905660428 }, "geometry": { "type": "Point", "coordinates": [ 112.941757569928726, -2.45071896775784 ] } },
{ "type": "Feature", "properties": { "cluster_id": 212, "n_detections": 9, "centroid_lat": -1.5131772503270196, "centroid_lon": 114.49041509202789, "lat_min": -1.5165497025479939, "lat_max": -1.5098047981060456, "lon_min": 114.48686351820682, "lon_max": 114.49396680874366, "avg_confidence": 1.0, "max_frp": 0.80000001192092896, "avg_frp": 0.80000001192092896, "first_date": "2026-08-13", "last_date": "2026-08-13", "province": "Central Kalimantan", "regency": "Kapuas", "extent_lat_km": 0.74956123063371538, "extent_lon_km": 0.78911340031583366 }, "geometry": { "type": "Point", "coordinates": [ 114.490415092027888, -1.51317725032702 ] } },
{ "type": "Feature", "properties": { "cluster_id": 210, "n_detections": 9, "centroid_lat": -1.4693353714543553, "centroid_lon": 114.37680691079328, "lat_min": -1.4727078236753297, "lat_max": -1.4659629192333812, "lon_min": 114.37326073551658, "lon_max": 114.3803532285184, "avg_confidence": 1.0, "max_frp": 0.47999998927116394, "avg_frp": 0.47999998927116394, "first_date": "2026-08-13", "last_date": "2026-08-13", "province": "Central Kalimantan", "regency": "Kapuas", "extent_lat_km": 0.74956123063374003, "extent_lon_km": 0.78792958427030468 }, "geometry": { "type": "Point", "coordinates": [ 114.376806910793277, -1.469335371454355 ] } },
{ "type": "Feature", "properties": { "cluster_id": 184, "n_detections": 9, "centroid_lat": -0.96683999052920322, "centroid_lon": 117.07069045760653, "lat_min": -0.97021244275017737, "lat_max": -0.96346753830822907, "lon_min": 117.06720130557413, "lon_max": 117.07417975161579, "avg_confidence": 1.0, "max_frp": 0.41999998688697815, "avg_frp": 0.41999998688697815, "first_date": "2026-08-13", "last_date": "2026-08-13", "province": "East Kalimantan", "regency": "Kutai Kartanegara", "extent_lat_km": 0.74956123063371538, "extent_lon_km": 0.77540429726849192 }, "geometry": { "type": "Point", "coordinates": [ 117.070690457606531, -0.966839990529203 ] } },
{ "type": "Feature", "properties": { "cluster_id": 223, "n_detections": 9, "centroid_lat": -1.7188968358064445, "centroid_lon": 110.14621739838118, "lat_min": -1.7222692880274186, "lat_max": -1.7155243835854701, "lon_min": 110.14264893909262, "lon_max": 110.14978599702042, "avg_confidence": 1.0, "max_frp": 0.50999999046325684, "avg_frp": 0.50999999046325684, "first_date": "2026-08-13", "last_date": "2026-08-13", "province": "West Kalimantan", "regency": "Ketapang", "extent_lat_km": 0.74956123063374003, "extent_lon_km": 0.79278435098463762 }, "geometry": { "type": "Point", "coordinates": [ 110.146217398381182, -1.718896835806444 ] } },
{ "type": "Feature", "properties": { "cluster_id": 205, "n_detections": 9, "centroid_lat": -1.32769237817344, "centroid_lon": 114.3024369108212, "lat_min": -1.3310648303944144, "lat_max": -1.3243199259524658, "lon_min": 114.29890769305396, "lon_max": 114.30596626993608, "avg_confidence": 1.0, "max_frp": 4.1100001335144043, "avg_frp": 4.1100001335144043, "first_date": "2026-08-13", "last_date": "2026-08-13", "province": "Central Kalimantan", "regency": "Kapuas", "extent_lat_km": 0.74956123063374003, "extent_lon_km": 0.78420905360017068 }, "geometry": { "type": "Point", "coordinates": [ 114.3024369108212, -1.32769237817344 ] } },
{ "type": "Feature", "properties": { "cluster_id": 197, "n_detections": 9, "centroid_lat": -1.0612686527164801, "centroid_lon": 114.2205216026931, "lat_min": -1.0646411049374545, "lat_max": -1.0578962004955059, "lon_min": 114.21702409843189, "lon_max": 114.224019246308, "avg_confidence": 1.0, "max_frp": 0.69999998807907104, "avg_frp": 0.69999998807907104, "first_date": "2026-08-13", "last_date": "2026-08-13", "province": "Central Kalimantan", "regency": "Kapuas", "extent_lat_km": 0.74956123063374003, "extent_lon_km": 0.77723743402808765 }, "geometry": { "type": "Point", "coordinates": [ 114.220521602693097, -1.06126865271648 ] } },
{ "type": "Feature", "properties": { "cluster_id": 226, "n_detections": 9, "centroid_lat": -2.0628869623458104, "centroid_lon": 111.9903568889107, "lat_min": -2.0662594145667845, "lat_max": -2.0595145101248362, "lon_min": 111.98674488686618, "lon_max": 111.99396903493211, "avg_confidence": 1.0, "max_frp": 0.54000002145767212, "avg_frp": 0.54000002145767212, "first_date": "2026-08-13", "last_date": "2026-08-13", "province": "Central Kalimantan", "regency": "Kotawaringin Barat", "extent_lat_km": 0.74956123063371538, "extent_lon_km": 0.80229928317623478 }, "geometry": { "type": "Point", "coordinates": [ 111.990356888910696, -2.06288696234581 ] } },
{ "type": "Feature", "properties": { "cluster_id": 202, "n_detections": 9, "centroid_lat": -1.2838504993007758, "centroid_lon": 114.19587104067871, "lat_min": -1.2872229515217499, "lat_max": -1.2804780470798016, "lon_min": 114.19234717285757, "lon_max": 114.19939504941095, "avg_confidence": 1.0, "max_frp": 1.8400000333786011, "avg_frp": 1.8400000333786011, "first_date": "2026-08-13", "last_date": "2026-08-13", "province": "Central Kalimantan", "regency": "Kapuas", "extent_lat_km": 0.74956123063371538, "extent_lon_km": 0.78303390256037431 }, "geometry": { "type": "Point", "coordinates": [ 114.195871040678711, -1.283850499300776 ] } },
{ "type": "Feature", "properties": { "cluster_id": 321, "n_detections": 9, "centroid_lat": 2.270714141606005, "centroid_lon": 117.54427069324282, "lat_min": 2.2673416893850313, "lat_max": 2.2740865938269792, "lon_min": 117.54062132500655, "lon_max": 117.54792021340643, "avg_confidence": 1.0, "max_frp": 5.369999885559082, "avg_frp": 5.369999885559082, "first_date": "2026-08-14", "last_date": "2026-08-14", "province": "East Kalimantan", "regency": "Berau", "extent_lat_km": 0.74956123063366598, "extent_lon_km": 0.81048855377989371 }, "geometry": { "type": "Point", "coordinates": [ 117.544270693242822, 2.270714141606005 ] } },
{ "type": "Feature", "properties": { "cluster_id": 322, "n_detections": 9, "centroid_lat": 2.0649945561265803, "centroid_lon": 117.10646525057331, "lat_min": 2.0616221039056066, "lat_max": 2.0683670083475545, "lon_min": 117.10284214629799, "lon_max": 117.11008850476455, "avg_confidence": 1.0, "max_frp": 0.43000000715255737, "avg_frp": 0.43000000715255737, "first_date": "2026-08-14", "last_date": "2026-08-14", "province": "East Kalimantan", "regency": "Berau", "extent_lat_km": 0.74956123063366598, "extent_lon_km": 0.80476485854772417 }, "geometry": { "type": "Point", "coordinates": [ 117.106465250573308, 2.06499455612658 ] } },
{ "type": "Feature", "properties": { "cluster_id": 318, "n_detections": 9, "centroid_lat": 2.3314182815835403, "centroid_lon": 116.98898417313048, "lat_min": 2.3280458293625661, "lat_max": 2.3347907338045149, "lon_min": 116.98532864968335, "lon_max": 116.99263984830699, "avg_confidence": 1.0, "max_frp": 4.5500001907348633, "avg_frp": 4.5500001907348633, "first_date": "2026-08-14", "last_date": "2026-08-14", "province": "East Kalimantan", "regency": "Berau", "extent_lat_km": 0.74956123063376467, "extent_lon_km": 0.81182095222405259 }, "geometry": { "type": "Point", "coordinates": [ 116.988984173130476, 2.33141828158354 ] } },
{ "type": "Feature", "properties": { "cluster_id": 313, "n_detections": 9, "centroid_lat": 3.0396332479881174, "centroid_lon": 116.05380374470282, "lat_min": 3.0362607957671433, "lat_max": 3.0430057002090916, "lon_min": 116.05006388455551, "lon_max": 116.05754376074195, "avg_confidence": 1.0, "max_frp": 31.510000228881836, "avg_frp": 31.510000228881836, "first_date": "2026-08-14", "last_date": "2026-08-14", "province": "North Kalimantan", "regency": "Malinau", "extent_lat_km": 0.74956123063371538, "extent_lon_km": 0.83006916551366716 }, "geometry": { "type": "Point", "coordinates": [ 116.053803744702819, 3.039633247988117 ] } },
{ "type": "Feature", "properties": { "cluster_id": 317, "n_detections": 9, "centroid_lat": 2.5742348414936811, "centroid_lon": 117.44908562787646, "lat_min": 2.5708623892727069, "lat_max": 2.5776072937146552, "lon_min": 117.44539903904887, "lon_max": 117.45277237075544, "avg_confidence": 1.0, "max_frp": 0.94999998807907104, "avg_frp": 0.94999998807907104, "first_date": "2026-08-14", "last_date": "2026-08-14", "province": "East Kalimantan", "regency": "Bulungan", "extent_lat_km": 0.74956123063371538, "extent_lon_km": 0.81857147139115893 }, "geometry": { "type": "Point", "coordinates": [ 117.449085627876457, 2.574234841493681 ] } },
{ "type": "Feature", "properties": { "cluster_id": 319, "n_detections": 9, "centroid_lat": 2.3179284726996436, "centroid_lon": 117.5143993763116, "lat_min": 2.3145560204786695, "lat_max": 2.3213009249206178, "lon_min": 117.5107442574909, "lon_max": 117.51805464737146, "avg_confidence": 1.0, "max_frp": 3.8399999141693115, "avg_frp": 3.8399999141693115, "first_date": "2026-08-14", "last_date": "2026-08-14", "province": "East Kalimantan", "regency": "Berau", "extent_lat_km": 0.74956123063371538, "extent_lon_km": 0.81173890945456328 }, "geometry": { "type": "Point", "coordinates": [ 117.514399376311601, 2.317928472699644 ] } },
{ "type": "Feature", "properties": { "cluster_id": 17, "n_detections": 9, "centroid_lat": 2.9485770380218148, "centroid_lon": 116.38184956815407, "lat_min": 2.9452045858008407, "lat_max": 2.9519494902427885, "lon_min": 116.37811987970542, "lon_max": 116.38557941219543, "avg_confidence": 1.0, "max_frp": 5.8899998664855957, "avg_frp": 5.8899998664855957, "first_date": "2026-08-13", "last_date": "2026-08-13", "province": "North Kalimantan", "regency": "Malinau", "extent_lat_km": 0.74956123063366598, "extent_lon_km": 0.82788036521629749 }, "geometry": { "type": "Point", "coordinates": [ 116.381849568154067, 2.948577038021815 ] } },
{ "type": "Feature", "properties": { "cluster_id": 19, "n_detections": 9, "centroid_lat": 3.3768784700855345, "centroid_lon": 117.26775466461893, "lat_min": 3.3735060178645608, "lat_max": 3.3802509223065087, "lon_min": 117.26396914199576, "lon_max": 117.27154034707823, "avg_confidence": 1.0, "max_frp": 2.1700000762939453, "avg_frp": 2.1700000762939453, "first_date": "2026-08-13", "last_date": "2026-08-13", "province": "North Kalimantan", "regency": "Tana Tidung", "extent_lat_km": 0.74956123063366598, "extent_lon_km": 0.83992710157976758 }, "geometry": { "type": "Point", "coordinates": [ 117.267754664618934, 3.376878470085535 ] } },
{ "type": "Feature", "properties": { "cluster_id": 10, "n_detections": 9, "centroid_lat": 3.285822260119232, "centroid_lon": 116.06784912229286, "lat_min": 3.2824498078982578, "lat_max": 3.2891947123402066, "lon_min": 116.06407897263797, "lon_max": 116.07161942970245, "avg_confidence": 1.0, "max_frp": 6.3899998664855957, "avg_frp": 6.3899998664855957, "first_date": "2026-08-13", "last_date": "2026-08-13", "province": "North Kalimantan", "regency": "Malinau", "extent_lat_km": 0.74956123063376467, "extent_lon_km": 0.83659339454085413 }, "geometry": { "type": "Point", "coordinates": [ 116.067849122292856, 3.285822260119232 ] } },
{ "type": "Feature", "properties": { "cluster_id": 9, "n_detections": 9, "centroid_lat": 3.4106029922952765, "centroid_lon": 116.48129394432668, "lat_min": 3.4072305400743028, "lat_max": 3.4139754445162507, "lon_min": 116.47750698518044, "lon_max": 116.48508106264903, "avg_confidence": 1.0, "max_frp": 4.7899999618530273, "avg_frp": 4.7899999618530273, "first_date": "2026-08-13", "last_date": "2026-08-13", "province": "North Kalimantan", "regency": "Malinau", "extent_lat_km": 0.74956123063366598, "extent_lon_km": 0.84021642734290836 }, "geometry": { "type": "Point", "coordinates": [ 116.48129394432668, 3.410602992295277 ] } },
{ "type": "Feature", "properties": { "cluster_id": 6, "n_detections": 9, "centroid_lat": 3.47805203671476, "centroid_lon": 116.47941126690709, "lat_min": 3.4746795844937859, "lat_max": 3.4814244889357342, "lon_min": 116.47561597503386, "lon_max": 116.4832067184641, "avg_confidence": 1.0, "max_frp": 2.8499999046325684, "avg_frp": 2.8499999046325684, "first_date": "2026-08-13", "last_date": "2026-08-13", "province": "North Kalimantan", "regency": "Malinau", "extent_lat_km": 0.74956123063371538, "extent_lon_km": 0.8420055745225461 }, "geometry": { "type": "Point", "coordinates": [ 116.479411266907093, 3.47805203671476 ] } },
{ "type": "Feature", "properties": { "cluster_id": 216, "n_detections": 8, "centroid_lat": -2.1792365639694191, "centroid_lon": 113.84315890542736, "lat_min": -2.1809227900799066, "lat_max": -2.177550337858932, "lon_min": 113.83796907701547, "lon_max": 113.848348745178, "avg_confidence": 1.0, "max_frp": 0.79000002145767212, "avg_frp": 0.79000002145767212, "first_date": "2026-08-13", "last_date": "2026-08-13", "province": "Central Kalimantan", "regency": "Kota Palangka Raya", "extent_lat_km": 0.37478061531690704, "extent_lon_km": 1.1526582734678239 }, "geometry": { "type": "Point", "coordinates": [ 113.843158905427359, -2.179236563969419 ] } },
{ "type": "Feature", "properties": { "cluster_id": 207, "n_detections": 8, "centroid_lat": -1.4271797186921782, "centroid_lon": 114.31564323385673, "lat_min": -1.4322383970236396, "lat_max": -1.422121040360717, "lon_min": 114.31370522817654, "lon_max": 114.31758164350106, "avg_confidence": 1.0, "max_frp": 0.4699999988079071, "avg_frp": 0.4699999988079071, "first_date": "2026-08-13", "last_date": "2026-08-13", "province": "Central Kalimantan", "regency": "Kapuas", "extent_lat_km": 1.1243418459505976, "extent_lon_km": 0.43065239970128744 }, "geometry": { "type": "Point", "coordinates": [ 114.315643233856733, -1.427179718692178 ] } },
{ "type": "Feature", "properties": { "cluster_id": 43, "n_detections": 8, "centroid_lat": 2.1172675655516802, "centroid_lon": 117.54317891122663, "lat_min": 2.1122088872202189, "lat_max": 2.1223262438831418, "lon_min": 117.54195185688722, "lon_max": 117.5458377704456, "avg_confidence": 1.0, "max_frp": 1.9099999666213989, "avg_frp": 1.4662499874830246, "first_date": "2026-08-13", "last_date": "2026-08-14", "province": "East Kalimantan", "regency": "Berau", "extent_lat_km": 1.1243418459506225, "extent_lon_km": 0.43154675760143457 }, "geometry": { "type": "Point", "coordinates": [ 117.543178911226633, 2.11726756555168 ] } },
{ "type": "Feature", "properties": { "cluster_id": 278, "n_detections": 8, "centroid_lat": -3.1437578991680337, "centroid_lon": 112.34484089457352, "lat_min": -3.1454441252785208, "lat_max": -3.1420716730575466, "lon_min": 112.33959300293965, "lon_max": 112.35008880258599, "avg_confidence": 1.0, "max_frp": 0.46000000834465027, "avg_frp": 0.46000000834465027, "first_date": "2026-08-13", "last_date": "2026-08-13", "province": "Central Kalimantan", "regency": "Seruyan", "extent_lat_km": 0.37478061531685769, "extent_lon_km": 1.1646428764611259 }, "geometry": { "type": "Point", "coordinates": [ 112.344840894573522, -3.143757899168034 ] } },
{ "type": "Feature", "properties": { "cluster_id": 129, "n_detections": 8, "centroid_lat": 0.073561519641329912, "centroid_lon": 111.46090286767978, "lat_min": 0.068502841309868653, "lat_max": 0.07862019797279117, "lon_min": 111.45920419873512, "lon_max": 111.46260192316943, "avg_confidence": 1.0, "max_frp": 0.87999999523162842, "avg_frp": 0.87999999523162842, "first_date": "2026-08-13", "last_date": "2026-08-13", "province": "West Kalimantan", "regency": "Sintang", "extent_lat_km": 1.1243418459505792, "extent_lon_km": 0.3775888051803607 }, "geometry": { "type": "Point", "coordinates": [ 111.460902867679778, 0.07356151964133 ] } },
{ "type": "Feature", "properties": { "cluster_id": 258, "n_detections": 8, "centroid_lat": -2.0928174758069562, "centroid_lon": 116.10244611568652, "lat_min": -2.0966114845555524, "lat_max": -2.0898665801136036, "lon_min": 116.09927477684329, "lon_max": 116.10627375505767, "avg_confidence": 1.0, "max_frp": 0.77999997138977051, "avg_frp": 0.75999997556209564, "first_date": "2026-08-13", "last_date": "2026-08-13", "province": "East Kalimantan", "regency": "Paser", "extent_lat_km": 0.74956123063376467, "extent_lon_km": 0.77727764281464329 }, "geometry": { "type": "Point", "coordinates": [ 116.102446115686519, -2.092817475806956 ] } },
{ "type": "Feature", "properties": { "cluster_id": 168, "n_detections": 8, "centroid_lat": -0.58406666344863434, "centroid_lon": 117.38556348658182, "lat_min": -0.58575288955912141, "lat_max": -0.58238043733814726, "lon_min": 117.38046932907906, "lon_max": 117.39065764712014, "avg_confidence": 1.0, "max_frp": 1.5900000333786011, "avg_frp": 1.5900000333786011, "first_date": "2026-08-13", "last_date": "2026-08-13", "province": "East Kalimantan", "regency": "Kutai Kartanegara", "extent_lat_km": 0.37478061531685769, "extent_lon_km": 1.1321689565085793 }, "geometry": { "type": "Point", "coordinates": [ 117.385563486581816, -0.584066663448634 ] } },
{ "type": "Feature", "properties": { "cluster_id": 191, "n_detections": 6, "centroid_lat": -1.098365627147196, "centroid_lon": 113.84244493547884, "lat_min": -1.1017380793681701, "lat_max": -1.0949931749262218, "lon_min": 113.84062999622952, "lon_max": 113.84426001010209, "avg_confidence": 1.0, "max_frp": 10.739999771118164, "avg_frp": 7.5066665013631182, "first_date": "2026-08-13", "last_date": "2026-08-13", "province": "Central Kalimantan", "regency": "Gunung Mas", "extent_lat_km": 0.74956123063371538, "extent_lon_km": 0.40332932003785171 }, "geometry": { "type": "Point", "coordinates": [ 113.842444935478838, -1.098365627147196 ] } },
{ "type": "Feature", "properties": { "cluster_id": 240, "n_detections": 6, "centroid_lat": -2.1708054334169842, "centroid_lon": 115.57045834911526, "lat_min": -2.1741778856379579, "lat_max": -2.16743298119601, "lon_min": 115.56851312734317, "lon_max": 115.57240371226715, "avg_confidence": 1.0, "max_frp": 1.9600000381469727, "avg_frp": 1.9600000381469727, "first_date": "2026-08-13", "last_date": "2026-08-13", "province": "South Kalimantan", "regency": "Tabalong", "extent_lat_km": 0.74956123063366598, "extent_lon_km": 0.43205041758768409 }, "geometry": { "type": "Point", "coordinates": [ 115.570458349115256, -2.170805433416984 ] } },
{ "type": "Feature", "properties": { "cluster_id": 203, "n_detections": 6, "centroid_lat": -1.3125163431790561, "centroid_lon": 114.20391237321894, "lat_min": -1.3142025692895434, "lat_max": -1.310830117068569, "lon_min": 114.20046203084854, "lon_max": 114.2073627201386, "avg_confidence": 1.0, "max_frp": 0.79000002145767212, "avg_frp": 0.79000002145767212, "first_date": "2026-08-13", "last_date": "2026-08-13", "province": "Central Kalimantan", "regency": "Kapuas", "extent_lat_km": 0.37478061531688234, "extent_lon_km": 0.76667239570922319 }, "geometry": { "type": "Point", "coordinates": [ 114.203912373218941, -1.312516343179056 ] } },
{ "type": "Feature", "properties": { "cluster_id": 208, "n_detections": 6, "centroid_lat": -1.4254934925816911, "centroid_lon": 114.36278829590537, "lat_min": -1.4288659448026653, "lat_max": -1.422121040360717, "lon_min": 114.36093410659711, "lon_max": 114.36464262239016, "avg_confidence": 1.0, "max_frp": 1.0299999713897705, "avg_frp": 1.0299999713897705, "first_date": "2026-08-13", "last_date": "2026-08-13", "province": "Central Kalimantan", "regency": "Kapuas", "extent_lat_km": 0.74956123063371538, "extent_lon_km": 0.41199981483955189 }, "geometry": { "type": "Point", "coordinates": [ 114.362788295905375, -1.425493492581691 ] } },
{ "type": "Feature", "properties": { "cluster_id": 211, "n_detections": 6, "centroid_lat": -1.4710215975648424, "centroid_lon": 114.51520934529042, "lat_min": -1.4727078236753297, "lat_max": -1.4693353714543553, "lon_min": 114.51174923757448, "lon_max": 114.51866945810555, "avg_confidence": 1.0, "max_frp": 0.5899999737739563, "avg_frp": 0.5899999737739563, "first_date": "2026-08-13", "last_date": "2026-08-13", "province": "Central Kalimantan", "regency": "Kapuas", "extent_lat_km": 0.37478061531688234, "extent_lon_km": 0.7687906588230623 }, "geometry": { "type": "Point", "coordinates": [ 114.515209345290415, -1.471021597564842 ] } },
{ "type": "Feature", "properties": { "cluster_id": 229, "n_detections": 6, "centroid_lat": -1.8571673768663857, "centroid_lon": 112.38656524767343, "lat_min": -1.8605398290873598, "lat_max": -1.8537949246454113, "lon_min": 112.38466370814115, "lon_max": 112.38846692370799, "avg_confidence": 1.0, "max_frp": 0.93999999761581421, "avg_frp": 0.93999999761581421, "first_date": "2026-08-13", "last_date": "2026-08-13", "province": "Central Kalimantan", "regency": "Kotawaringin Timur", "extent_lat_km": 0.74956123063374003, "extent_lon_km": 0.42242933669678356 }, "geometry": { "type": "Point", "coordinates": [ 112.386565247673431, -1.857167376866386 ] } },
{ "type": "Feature", "properties": { "cluster_id": 237, "n_detections": 6, "centroid_lat": -2.4945608466305047, "centroid_lon": 112.92354779117072, "lat_min": -2.4979332988514789, "lat_max": -2.4911883944095305, "lon_min": 112.92157046529888, "lon_max": 112.92552525660338, "avg_confidence": 1.0, "max_frp": 0.82999998331069946, "avg_frp": 0.82999998331069946, "first_date": "2026-08-13", "last_date": "2026-08-13", "province": "Central Kalimantan", "regency": "Kotawaringin Timur", "extent_lat_km": 0.74956123063371538, "extent_lon_km": 0.43907947280413501 }, "geometry": { "type": "Point", "coordinates": [ 112.923547791170719, -2.494560846630505 ] } },
{ "type": "Feature", "properties": { "cluster_id": 238, "n_detections": 6, "centroid_lat": -1.9667720740480465, "centroid_lon": 114.9566296220794, "lat_min": -1.9684583001585334, "lat_max": -1.9650858479375595, "lon_min": 114.95313900595333, "lon_max": 114.96012024502613, "avg_confidence": 1.0, "max_frp": 2.8900001049041748, "avg_frp": 2.6500000953674316, "first_date": "2026-08-13", "last_date": "2026-08-13", "province": "Central Kalimantan", "regency": "Barito Selatan", "extent_lat_km": 0.37478061531683299, "extent_lon_km": 0.77536805839746059 }, "geometry": { "type": "Point", "coordinates": [ 114.956629622079404, -1.966772074048047 ] } },
{ "type": "Feature", "properties": { "cluster_id": 186, "n_detections": 6, "centroid_lat": -1.7408177752427765, "centroid_lon": 111.37562945482222, "lat_min": -1.7425040013532636, "lat_max": -1.7391315491322894, "lon_min": 111.37215582815281, "lon_max": 111.3791030875274, "avg_confidence": 1.0, "max_frp": 0.62999999523162842, "avg_frp": 0.62999999523162842, "first_date": "2026-08-13", "last_date": "2026-08-13", "province": "Central Kalimantan", "regency": "Lamandau", "extent_lat_km": 0.37478061531685769, "extent_lon_km": 0.77169261217794194 }, "geometry": { "type": "Point", "coordinates": [ 111.375629454822217, -1.740817775242776 ] } },
{ "type": "Feature", "properties": { "cluster_id": 183, "n_detections": 6, "centroid_lat": -0.92974301609848731, "centroid_lon": 117.16219046122249, "lat_min": -0.93311546831946157, "lat_max": -0.92637056387751315, "lon_min": 117.16039216717793, "lon_max": 117.16398889386477, "avg_confidence": 1.0, "max_frp": 0.99000000953674316, "avg_frp": 0.99000000953674316, "first_date": "2026-08-13", "last_date": "2026-08-13", "province": "East Kalimantan", "regency": "Kutai Kartanegara", "extent_lat_km": 0.7495612306337277, "extent_lon_km": 0.39965161319834597 }, "geometry": { "type": "Point", "coordinates": [ 117.162190461222494, -0.929743016098487 ] } },
{ "type": "Feature", "properties": { "cluster_id": 242, "n_detections": 6, "centroid_lat": -2.4490327416473532, "centroid_lon": 115.04457379542526, "lat_min": -2.4507189677578403, "lat_max": -2.4473465155368661, "lon_min": 115.04105345522377, "lon_max": 115.04809414412446, "avg_confidence": 1.0, "max_frp": 0.5899999737739563, "avg_frp": 0.5899999737739563, "first_date": "2026-08-13", "last_date": "2026-08-13", "province": "South Kalimantan", "regency": "Hulu Sungai Utara", "extent_lat_km": 0.37478061531685769, "extent_lon_km": 0.78171710610115608 }, "geometry": { "type": "Point", "coordinates": [ 115.044573795425265, -2.449032741647353 ] } },
{ "type": "Feature", "properties": { "cluster_id": 213, "n_detections": 6, "centroid_lat": -1.5688227119730935, "centroid_lon": 114.45292175367456, "lat_min": -1.5705089380835806, "lat_max": -1.5671364858626065, "lon_min": 114.44945578670681, "lon_max": 114.45638772608098, "avg_confidence": 1.0, "max_frp": 0.70999997854232788, "avg_frp": 0.70999997854232788, "first_date": "2026-08-13", "last_date": "2026-08-13", "province": "Central Kalimantan", "regency": "Kapuas", "extent_lat_km": 0.37478061531685769, "extent_lon_km": 0.77005766638886086 }, "geometry": { "type": "Point", "coordinates": [ 114.452921753674559, -1.568822711973094 ] } },
{ "type": "Feature", "properties": { "cluster_id": 198, "n_detections": 6, "centroid_lat": -1.2045978721078827, "centroid_lon": 114.48590848556491, "lat_min": -1.2062840982183698, "lat_max": -1.2029116459973954, "lon_min": 114.48246444177727, "lon_max": 114.48935253352748, "avg_confidence": 1.0, "max_frp": 0.79000002145767212, "avg_frp": 0.79000002145767212, "first_date": "2026-08-13", "last_date": "2026-08-13", "province": "Central Kalimantan", "regency": "Kapuas", "extent_lat_km": 0.37478061531688234, "extent_lon_km": 0.76530446627358106 }, "geometry": { "type": "Point", "coordinates": [ 114.485908485564906, -1.204597872107883 ] } },
{ "type": "Feature", "properties": { "cluster_id": 228, "n_detections": 6, "centroid_lat": -2.30064484392449, "centroid_lon": 112.17344639394378, "lat_min": -2.3023310700349766, "lat_max": -2.2989586178140029, "lon_min": 112.16993859454652, "lon_max": 112.17695420132246, "avg_confidence": 1.0, "max_frp": 0.31999999284744263, "avg_frp": 0.31999999284744263, "first_date": "2026-08-13", "last_date": "2026-08-13", "province": "Central Kalimantan", "regency": "Seruyan", "extent_lat_km": 0.37478061531680834, "extent_lon_km": 0.77901594349680547 }, "geometry": { "type": "Point", "coordinates": [ 112.173446393943777, -2.30064484392449 ] } },
{ "type": "Feature", "properties": { "cluster_id": 201, "n_detections": 6, "centroid_lat": -1.2703606904168792, "centroid_lon": 114.2644239194196, "lat_min": -1.2737331426378533, "lat_max": -1.2669882381959048, "lon_min": 114.26258820161816, "lon_max": 114.26625977371199, "avg_confidence": 1.0, "max_frp": 0.89999997615814209, "avg_frp": 0.89999997615814209, "first_date": "2026-08-13", "last_date": "2026-08-13", "province": "Central Kalimantan", "regency": "Kapuas", "extent_lat_km": 0.74956123063374003, "extent_lon_km": 0.40792151983974179 }, "geometry": { "type": "Point", "coordinates": [ 114.264423919419599, -1.270360690416879 ] } },
{ "type": "Feature", "properties": { "cluster_id": 323, "n_detections": 6, "centroid_lat": 1.8559025184261817, "centroid_lon": 117.19475148325189, "lat_min": 1.8525300662052075, "lat_max": 1.8592749706471561, "lon_min": 117.19284092348175, "lon_max": 117.19666218508395, "avg_confidence": 1.0, "max_frp": 1.1100000143051147, "avg_frp": 1.1100000143051147, "first_date": "2026-08-14", "last_date": "2026-08-14", "province": "East Kalimantan", "regency": "Berau", "extent_lat_km": 0.74956123063374003, "extent_lon_km": 0.42443404289634079 }, "geometry": { "type": "Point", "coordinates": [ 117.194751483251892, 1.855902518426182 ] } },
{ "type": "Feature", "properties": { "cluster_id": 46, "n_detections": 6, "centroid_lat": 2.0026041900385585, "centroid_lon": 117.51025296628428, "lat_min": 2.0009179639280714, "lat_max": 2.0042904161490456, "lon_min": 117.50675753089423, "lon_max": 117.51374840861951, "avg_confidence": 1.0, "max_frp": 4.5300002098083496, "avg_frp": 4.5300002098083496, "first_date": "2026-08-13", "last_date": "2026-08-13", "province": "East Kalimantan", "regency": "Berau", "extent_lat_km": 0.37478061531685769, "extent_lon_km": 0.77642174426337485 }, "geometry": { "type": "Point", "coordinates": [ 117.510252966284284, 2.002604190038558 ] } },
{ "type": "Feature", "properties": { "cluster_id": 51, "n_detections": 6, "centroid_lat": 2.6130180420348843, "centroid_lon": 117.68900420906495, "lat_min": 2.6113318159243972, "lat_max": 2.6147042681453714, "lon_min": 117.68547018094766, "lon_max": 117.69253824625085, "avg_confidence": 1.0, "max_frp": 6.0100002288818359, "avg_frp": 6.0100002288818359, "first_date": "2026-08-13", "last_date": "2026-08-13", "province": "North Kalimantan", "regency": "Bulungan", "extent_lat_km": 0.37478061531685769, "extent_lon_km": 0.78465739038538673 }, "geometry": { "type": "Point", "coordinates": [ 117.689004209064947, 2.613018042034884 ] } },
{ "type": "Feature", "properties": { "cluster_id": 54, "n_detections": 6, "centroid_lat": 2.3314182815835403, "centroid_lon": 117.94249120304569, "lat_min": 2.3280458293625661, "lat_max": 2.3347907338045149, "lon_min": 117.9405210141789, "lon_max": 117.94446153665825, "avg_confidence": 1.0, "max_frp": 5.690000057220459, "avg_frp": 5.690000057220459, "first_date": "2026-08-13", "last_date": "2026-08-13", "province": "East Kalimantan", "regency": "Berau", "extent_lat_km": 0.74956123063376467, "extent_lon_km": 0.43754777788500276 }, "geometry": { "type": "Point", "coordinates": [ 117.942491203045691, 2.33141828158354 ] } },
{ "type": "Feature", "properties": { "cluster_id": 81, "n_detections": 6, "centroid_lat": 0.50017672559456317, "centroid_lon": 113.0130726955632, "lat_min": 0.49680427337358896, "lat_max": 0.50354917781553732, "lon_min": 113.01132839973602, "lon_max": 113.01481712365624, "avg_confidence": 1.0, "max_frp": 3.7999999523162842, "avg_frp": 3.7999999523162842, "first_date": "2026-08-13", "last_date": "2026-08-13", "province": "West Kalimantan", "regency": "Kapuas Hulu", "extent_lat_km": 0.74956123063372149, "extent_lon_km": 0.38768711631752201 }, "geometry": { "type": "Point", "coordinates": [ 113.013072695563196, 0.500176725594563 ] } },
{ "type": "Feature", "properties": { "cluster_id": 60, "n_detections": 6, "centroid_lat": 2.16954057497678, "centroid_lon": 117.63578295823707, "lat_min": 2.1661681227558058, "lat_max": 2.1729130271977541, "lon_min": 117.63383328409066, "lon_max": 117.6377327761504, "avg_confidence": 1.0, "max_frp": 5.0100002288818359, "avg_frp": 5.0100002288818359, "first_date": "2026-08-13", "last_date": "2026-08-13", "province": "East Kalimantan", "regency": "Berau", "extent_lat_km": 0.74956123063371538, "extent_lon_km": 0.43303991948140963 }, "geometry": { "type": "Point", "coordinates": [ 117.635782958237073, 2.16954057497678 ] } },
{ "type": "Feature", "properties": { "cluster_id": 179, "n_detections": 6, "centroid_lat": -1.6194094952877063, "centroid_lon": 110.85926351444671, "lat_min": -1.6210957213981934, "lat_max": -1.6177232691772192, "lon_min": 110.85579747846911, "lon_max": 110.86272955603856, "avg_confidence": 1.0, "max_frp": 1.0499999523162842, "avg_frp": 1.0499999523162842, "first_date": "2026-08-13", "last_date": "2026-08-13", "province": "West Kalimantan", "regency": "Ketapang", "extent_lat_km": 0.37478061531685769, "extent_lon_km": 0.77005409699677008 }, "geometry": { "type": "Point", "coordinates": [ 110.85926351444671, -1.619409495287706 ] } },
{ "type": "Feature", "properties": { "cluster_id": 177, "n_detections": 6, "centroid_lat": -0.96852621663969041, "centroid_lon": 110.62169855224857, "lat_min": -0.97021244275017737, "lat_max": -0.96683999052920333, "lon_min": 110.61827058169416, "lon_max": 110.62512652615928, "avg_confidence": 1.0, "max_frp": 1.0399999618530273, "avg_frp": 1.0399999618530273, "first_date": "2026-08-13", "last_date": "2026-08-13", "province": "West Kalimantan", "regency": "Ketapang", "extent_lat_km": 0.37478061531684537, "extent_lon_km": 0.76179225657063498 }, "geometry": { "type": "Point", "coordinates": [ 110.621698552248574, -0.96852621663969 ] } },
{ "type": "Feature", "properties": { "cluster_id": 167, "n_detections": 6, "centroid_lat": -0.20972446692050084, "centroid_lon": 117.01770977052509, "lat_min": -0.21141069303098792, "lat_max": -0.20803824081001376, "lon_min": 117.01432469019285, "lon_max": 117.02109485158397, "avg_confidence": 1.0, "max_frp": 2.1600000858306885, "avg_frp": 2.1600000858306885, "first_date": "2026-08-13", "last_date": "2026-08-13", "province": "East Kalimantan", "regency": "Kutai Kartanegara", "extent_lat_km": 0.37478061531685769, "extent_lon_km": 0.75236299513656713 }, "geometry": { "type": "Point", "coordinates": [ 117.017709770525087, -0.209724466920501 ] } },
{ "type": "Feature", "properties": { "cluster_id": 259, "n_detections": 6, "centroid_lat": -2.1657467550855229, "centroid_lon": 116.31760407314265, "lat_min": -2.16743298119601, "lat_max": -2.1640605289750354, "lon_min": 116.31409975546794, "lon_max": 116.32110839832964, "avg_confidence": 1.0, "max_frp": 1.8500000238418579, "avg_frp": 1.8500000238418579, "first_date": "2026-08-13", "last_date": "2026-08-13", "province": "East Kalimantan", "regency": "Paser", "extent_lat_km": 0.37478061531690704, "extent_lon_km": 0.77831412414223322 }, "geometry": { "type": "Point", "coordinates": [ 116.317604073142647, -2.165746755085523 ] } },
{ "type": "Feature", "properties": { "cluster_id": 155, "n_detections": 6, "centroid_lat": -1.1135416621415799, "centroid_lon": 109.74641008610949, "lat_min": -1.115227888252067, "lat_max": -1.1118554360310928, "lon_min": 109.74297421869545, "lon_max": 109.74984595738265, "avg_confidence": 1.0, "max_frp": 3.0899999141693115, "avg_frp": 3.0899999141693115, "first_date": "2026-08-13", "last_date": "2026-08-13", "province": "West Kalimantan", "regency": "Kayong Utara", "extent_lat_km": 0.37478061531685769, "extent_lon_km": 0.76351210148041504 }, "geometry": { "type": "Point", "coordinates": [ 109.746410086109492, -1.11354166214158 ] } },
{ "type": "Feature", "properties": { "cluster_id": 250, "n_detections": 6, "centroid_lat": -2.3630352100125118, "centroid_lon": 114.74872859088326, "lat_min": -2.366407662233486, "lat_max": -2.3596627577915377, "lon_min": 114.74676228227172, "lon_max": 114.75069504066201, "avg_confidence": 1.0, "max_frp": 0.75999999046325684, "avg_frp": 0.75999999046325684, "first_date": "2026-08-13", "last_date": "2026-08-13", "province": "Central Kalimantan", "regency": "Barito Selatan", "extent_lat_km": 0.74956123063371538, "extent_lon_km": 0.43667579161794234 }, "geometry": { "type": "Point", "coordinates": [ 114.74872859088326, -2.363035210012512 ] } },
{ "type": "Feature", "properties": { "cluster_id": 245, "n_detections": 6, "centroid_lat": -1.6548202436079353, "centroid_lon": 114.3649747244868, "lat_min": -1.6581926958289093, "lat_max": -1.651447791386961, "lon_min": 114.36309338821212, "lon_max": 114.36685619879339, "avg_confidence": 1.0, "max_frp": 4.7300000190734863, "avg_frp": 4.7300000190734863, "first_date": "2026-08-13", "last_date": "2026-08-13", "province": "Central Kalimantan", "regency": "Kapuas", "extent_lat_km": 0.74956123063371538, "extent_lon_km": 0.41798674255027563 }, "geometry": { "type": "Point", "coordinates": [ 114.3649747244868, -1.654820243607935 ] } },
{ "type": "Feature", "properties": { "cluster_id": 260, "n_detections": 6, "centroid_lat": -2.5485200821660916, "centroid_lon": 113.2894408348905, "lat_min": -2.5518925343870658, "lat_max": -2.5451476299451175, "lon_min": 113.28745620895124, "lon_max": 113.29142560102432, "avg_confidence": 1.0, "max_frp": 1.5, "avg_frp": 1.5, "first_date": "2026-08-13", "last_date": "2026-08-13", "province": "Central Kalimantan", "regency": "Katingan", "extent_lat_km": 0.74956123063371538, "extent_lon_km": 0.44068224172908887 }, "geometry": { "type": "Point", "coordinates": [ 113.289440834890499, -2.548520082166092 ] } },
{ "type": "Feature", "properties": { "cluster_id": 256, "n_detections": 6, "centroid_lat": -1.976889430710969, "centroid_lon": 115.87518178512316, "lat_min": -1.9785756568214561, "lat_max": -1.9752032046004819, "lon_min": 115.87168961728096, "lon_max": 115.87867395982119, "avg_confidence": 1.0, "max_frp": 1.5199999809265137, "avg_frp": 1.5199999809265137, "first_date": "2026-08-13", "last_date": "2026-08-13", "province": "East Kalimantan", "regency": "Paser", "extent_lat_km": 0.37478061531685769, "extent_lon_km": 0.77570802767988334 }, "geometry": { "type": "Point", "coordinates": [ 115.875181785123161, -1.976889430710969 ] } },
{ "type": "Feature", "properties": { "cluster_id": 149, "n_detections": 6, "centroid_lat": -0.53853855846548293, "centroid_lon": 114.15032520341816, "lat_min": -0.54191101068645708, "lat_max": -0.53516610624450878, "lon_min": 114.14857581473957, "lon_max": 114.15207472581233, "avg_confidence": 1.0, "max_frp": 3.7699999809265137, "avg_frp": 3.7699999809265137, "first_date": "2026-08-13", "last_date": "2026-08-13", "province": "Central Kalimantan", "regency": "Murung Raya", "extent_lat_km": 0.74956123063371538, "extent_lon_km": 0.38881681162044318 }, "geometry": { "type": "Point", "coordinates": [ 114.150325203418163, -0.538538558465483 ] } },
{ "type": "Feature", "properties": { "cluster_id": 193, "n_detections": 6, "centroid_lat": -1.1489524104618087, "centroid_lon": 113.76346127502335, "lat_min": -1.1523248626827829, "lat_max": -1.1455799582408346, "lon_min": 113.76164048139071, "lon_max": 113.76528220412318, "avg_confidence": 1.0, "max_frp": 4.0500001907348633, "avg_frp": 4.0500001907348633, "first_date": "2026-08-13", "last_date": "2026-08-13", "province": "Central Kalimantan", "regency": "Gunung Mas", "extent_lat_km": 0.74956123063371538, "extent_lon_km": 0.40462327948067334 }, "geometry": { "type": "Point", "coordinates": [ 113.763461275023346, -1.148952410461809 ] } },
{ "type": "Feature", "properties": { "cluster_id": 275, "n_detections": 6, "centroid_lat": -3.2145793958084909, "centroid_lon": 112.58055359981419, "lat_min": -3.2162656219189785, "lat_max": -3.2128931696980039, "lon_min": 112.57698975217919, "lon_max": 112.58411745861551, "avg_confidence": 1.0, "max_frp": 0.98000001907348633, "avg_frp": 0.98000001907348633, "first_date": "2026-08-13", "last_date": "2026-08-13", "province": "Central Kalimantan", "regency": "Seruyan", "extent_lat_km": 0.37478061531690704, "extent_lon_km": 0.79085566561090026 }, "geometry": { "type": "Point", "coordinates": [ 112.580553599814195, -3.214579395808491 ] } },
{ "type": "Feature", "properties": { "cluster_id": 111, "n_detections": 6, "centroid_lat": 0.35178882787169941, "centroid_lon": 115.37840268667928, "lat_min": 0.34841637565072525, "lat_max": 0.35516128009267356, "lon_min": 115.37667479827388, "lon_max": 115.38013070955814, "avg_confidence": 1.0, "max_frp": 2.4500000476837158, "avg_frp": 2.4500000476837158, "first_date": "2026-08-13", "last_date": "2026-08-13", "province": "East Kalimantan", "regency": "Mahakam Hulu", "extent_lat_km": 0.74956123063371538, "extent_lon_km": 0.38404818197373075 }, "geometry": { "type": "Point", "coordinates": [ 115.37840268667928, 0.351788827871699 ] } },
{ "type": "Feature", "properties": { "cluster_id": 147, "n_detections": 6, "centroid_lat": -0.35136746020141624, "centroid_lon": 111.21165432506048, "lat_min": -0.35305368631190331, "lat_max": -0.34968123409092916, "lon_min": 111.20826173816076, "lon_max": 111.21504691317759, "avg_confidence": 1.0, "max_frp": 3.7999999523162842, "avg_frp": 3.7999999523162842, "first_date": "2026-08-13", "last_date": "2026-08-13", "province": "West Kalimantan", "regency": "Sintang", "extent_lat_km": 0.37478061531685769, "extent_lon_km": 0.75402232084157839 }, "geometry": { "type": "Point", "coordinates": [ 111.211654325060479, -0.351367460201416 ] } },
{ "type": "Feature", "properties": { "cluster_id": 146, "n_detections": 6, "centroid_lat": 0.068502841309868653, "centroid_lon": 110.69534335256704, "lat_min": 0.065130389088894472, "lat_max": 0.071875293530842821, "lon_min": 110.69364939926345, "lon_max": 110.6970374339447, "avg_confidence": 1.0, "max_frp": 0.44999998807907104, "avg_frp": 0.44999998807907104, "first_date": "2026-08-13", "last_date": "2026-08-13", "province": "West Kalimantan", "regency": "Sanggau", "extent_lat_km": 0.74956123063371993, "extent_lon_km": 0.37651202502287873 }, "geometry": { "type": "Point", "coordinates": [ 110.695343352567036, 0.068502841309869 ] } },
{ "type": "Feature", "properties": { "cluster_id": 123, "n_detections": 6, "centroid_lat": 0.535587473914792, "centroid_lon": 117.21427671899312, "lat_min": 0.53390124780430481, "lat_max": 0.53727370002527908, "lon_min": 117.21087187299305, "lon_max": 117.21768156684887, "avg_confidence": 1.0, "max_frp": 0.34000000357627869, "avg_frp": 0.34000000357627869, "first_date": "2026-08-13", "last_date": "2026-08-13", "province": "East Kalimantan", "regency": "Kutai Timur", "extent_lat_km": 0.37478061531687001, "extent_lon_km": 0.75672821526935163 }, "geometry": { "type": "Point", "coordinates": [ 117.214276718993119, 0.535587473914792 ] } },
{ "type": "Feature", "properties": { "cluster_id": 127, "n_detections": 6, "centroid_lat": 0.13763811183983923, "centroid_lon": 116.79468099589108, "lat_min": 0.13595188572935216, "lat_max": 0.13932433795032634, "lon_min": 116.79130027696966, "lon_max": 116.79806171528935, "avg_confidence": 1.0, "max_frp": 4.5399999618530273, "avg_frp": 4.5399999618530273, "first_date": "2026-08-13", "last_date": "2026-08-13", "province": "East Kalimantan", "regency": "Kutai Kartanegara", "extent_lat_km": 0.37478061531686074, "extent_lon_km": 0.75139647240139706 }, "geometry": { "type": "Point", "coordinates": [ 116.794680995891085, 0.137638111839839 ] } },
{ "type": "Feature", "properties": { "cluster_id": 128, "n_detections": 6, "centroid_lat": -0.63465344676324698, "centroid_lon": 110.34623986071692, "lat_min": -0.63633967287373405, "lat_max": -0.6329672206527599, "lon_min": 110.34283122920829, "lon_max": 110.34964849442454, "avg_confidence": 1.0, "max_frp": 0.63999998569488525, "avg_frp": 0.63999998569488525, "first_date": "2026-08-13", "last_date": "2026-08-13", "province": "West Kalimantan", "regency": "Ketapang", "extent_lat_km": 0.37478061531685769, "extent_lon_km": 0.75755620680336344 }, "geometry": { "type": "Point", "coordinates": [ 110.346239860716921, -0.634653446763247 ] } },
{ "type": "Feature", "properties": { "cluster_id": 104, "n_detections": 6, "centroid_lat": 0.79020761659834216, "centroid_lon": 114.60809118495865, "lat_min": 0.786835164377368, "lat_max": 0.79358006881931631, "lon_min": 114.60631182284912, "lon_max": 114.60987068221164, "avg_confidence": 2.0, "max_frp": 6.2399997711181641, "avg_frp": 6.2399997711181641, "first_date": "2026-08-13", "last_date": "2026-08-13", "province": "East Kalimantan", "regency": "Mahakam Hulu", "extent_lat_km": 0.74956123063371538, "extent_lon_km": 0.39545842757117794 }, "geometry": { "type": "Point", "coordinates": [ 114.608091184958653, 0.790207616598342 ] } },
{ "type": "Feature", "properties": { "cluster_id": 268, "n_detections": 6, "centroid_lat": -2.6901630754470069, "centroid_lon": 112.92074652999781, "lat_min": -2.6935355276679811, "lat_max": -2.6867906232260328, "lon_min": 112.91874621353736, "lon_max": 112.92274698677781, "avg_confidence": 1.0, "max_frp": 1.2100000381469727, "avg_frp": 1.2100000381469727, "first_date": "2026-08-13", "last_date": "2026-08-13", "province": "Central Kalimantan", "regency": "Kotawaringin Timur", "extent_lat_km": 0.74956123063371538, "extent_lon_km": 0.44411595126411713 }, "geometry": { "type": "Point", "coordinates": [ 112.920746529997814, -2.690163075447007 ] } },
{ "type": "Feature", "properties": { "cluster_id": 262, "n_detections": 6, "centroid_lat": -2.5417751777241433, "centroid_lon": 112.92426448716679, "lat_min": -2.5451476299451175, "lat_max": -2.5384027255031691, "lon_min": 112.92228161054814, "lon_max": 112.9262475035304, "avg_confidence": 1.0, "max_frp": 0.75999999046325684, "avg_frp": 0.75999999046325684, "first_date": "2026-08-13", "last_date": "2026-08-13", "province": "Central Kalimantan", "regency": "Kotawaringin Timur", "extent_lat_km": 0.74956123063371538, "extent_lon_km": 0.4402960763228736 }, "geometry": { "type": "Point", "coordinates": [ 112.924264487166795, -2.541775177724143 ] } },
{ "type": "Feature", "properties": { "cluster_id": 113, "n_detections": 6, "centroid_lat": 0.83404949547100637, "centroid_lon": 117.11533182509488, "lat_min": 0.83067704325003233, "lat_max": 0.83742194769198064, "lon_min": 117.11354513491868, "lon_max": 117.11711865346905, "avg_confidence": 1.0, "max_frp": 1.2400000095367432, "avg_frp": 1.2400000095367432, "first_date": "2026-08-13", "last_date": "2026-08-13", "province": "East Kalimantan", "regency": "Kutai Timur", "extent_lat_km": 0.74956123063371538, "extent_lon_km": 0.39708304111983556 }, "geometry": { "type": "Point", "coordinates": [ 117.115331825094884, 0.834049495471006 ] } },
{ "type": "Feature", "properties": { "cluster_id": 281, "n_detections": 6, "centroid_lat": -2.5805583782653461, "centroid_lon": 114.93464165863003, "lat_min": -2.5822446043758331, "lat_max": -2.578872152154859, "lon_min": 114.93111333688209, "lon_max": 114.93816998933356, "avg_confidence": 1.0, "max_frp": 0.31999999284744263, "avg_frp": 0.31999999284744263, "first_date": "2026-08-13", "last_date": "2026-08-13", "province": "South Kalimantan", "regency": "Hulu Sungai Selatan", "extent_lat_km": 0.37478061531685769, "extent_lon_km": 0.78341052765726915 }, "geometry": { "type": "Point", "coordinates": [ 114.934641658630028, -2.580558378265346 ] } },
{ "type": "Feature", "properties": { "cluster_id": 93, "n_detections": 6, "centroid_lat": 1.4832465480085351, "centroid_lon": 117.26193563174245, "lat_min": 1.4815603218980482, "lat_max": 1.4849327741190224, "lon_min": 117.2584726927918, "lon_max": 117.26539857583475, "avg_confidence": 1.0, "max_frp": 1.1499999761581421, "avg_frp": 1.1499999761581421, "first_date": "2026-08-13", "last_date": "2026-08-13", "province": "East Kalimantan", "regency": "Berau", "extent_lat_km": 0.37478061531685769, "extent_lon_km": 0.76941549307205515 }, "geometry": { "type": "Point", "coordinates": [ 117.261935631742446, 1.483246548008535 ] } },
{ "type": "Feature", "properties": { "cluster_id": 99, "n_detections": 6, "centroid_lat": 0.68228914552716857, "centroid_lon": 111.79923796233402, "lat_min": 0.67891669330619442, "lat_max": 0.68566159774814273, "lon_min": 111.7974733162862, "lon_max": 111.80100273989378, "avg_confidence": 1.0, "max_frp": 1.5800000429153442, "avg_frp": 1.5800000429153442, "first_date": "2026-08-13", "last_date": "2026-08-13", "province": "West Kalimantan", "regency": "Kapuas Hulu", "extent_lat_km": 0.74956123063371538, "extent_lon_km": 0.39219703610885925 }, "geometry": { "type": "Point", "coordinates": [ 111.799237962334018, 0.682289145527169 ] } },
{ "type": "Feature", "properties": { "cluster_id": 137, "n_detections": 6, "centroid_lat": -0.36148481686433875, "centroid_lon": 111.45797040231787, "lat_min": -0.36317104297482583, "lat_max": -0.35979859075385162, "lon_min": 111.45457718802564, "lon_max": 111.4613636178625, "avg_confidence": 1.0, "max_frp": 2.2200000286102295, "avg_frp": 2.2200000286102295, "first_date": "2026-08-13", "last_date": "2026-08-13", "province": "West Kalimantan", "regency": "Melawi", "extent_lat_km": 0.37478061531686385, "extent_lon_km": 0.75416093792955774 }, "geometry": { "type": "Point", "coordinates": [ 111.457970402317869, -0.361484816864339 ] } },
{ "type": "Feature", "properties": { "cluster_id": 170, "n_detections": 6, "centroid_lat": -0.71221984784565295, "centroid_lon": 117.05632153343959, "lat_min": -0.71390607395614003, "lat_max": -0.71053362173516588, "lon_min": 117.05290599643718, "lon_max": 117.05973707290984, "avg_confidence": 1.0, "max_frp": 1.8799999952316284, "avg_frp": 1.8799999952316284, "first_date": "2026-08-13", "last_date": "2026-08-13", "province": "East Kalimantan", "regency": "Kutai Kartanegara", "extent_lat_km": 0.37478061531685769, "extent_lon_km": 0.75907887844276112 }, "geometry": { "type": "Point", "coordinates": [ 117.056321533439586, -0.712219847845653 ] } },
{ "type": "Feature", "properties": { "cluster_id": 35, "n_detections": 6, "centroid_lat": 2.4039260043344854, "centroid_lon": 117.46091401615676, "lat_min": 2.4022397782239979, "lat_max": 2.4056122304449725, "lon_min": 117.45739347335265, "lon_max": 117.46443456730159, "avg_confidence": 1.0, "max_frp": 4.7899999618530273, "avg_frp": 4.7899999618530273, "first_date": "2026-08-13", "last_date": "2026-08-13", "province": "East Kalimantan", "regency": "Berau", "extent_lat_km": 0.37478061531690704, "extent_lon_km": 0.78178815840726679 }, "geometry": { "type": "Point", "coordinates": [ 117.460914016156764, 2.403926004334485 ] } },
{ "type": "Feature", "properties": { "cluster_id": 295, "n_detections": 6, "centroid_lat": -3.0122322625500408, "centroid_lon": 115.3214122656339, "lat_min": -3.0139184886605279, "lat_max": -3.0105460364395533, "lon_min": 115.31785655759144, "lon_max": 115.32496798413646, "avg_confidence": 1.0, "max_frp": 1.1699999570846558, "avg_frp": 1.1699999570846558, "first_date": "2026-08-13", "last_date": "2026-08-13", "province": "South Kalimantan", "regency": "Banjar", "extent_lat_km": 0.37478061531690704, "extent_lon_km": 0.78920091486561328 }, "geometry": { "type": "Point", "coordinates": [ 115.321412265633896, -3.012232262550041 ] } },
{ "type": "Feature", "properties": { "cluster_id": 26, "n_detections": 6, "centroid_lat": 4.2368537864339499, "centroid_lon": 117.02140210766629, "lat_min": 4.2334813342129758, "lat_max": 4.2402262386549232, "lon_min": 117.0192010642089, "lon_max": 117.02360330249496, "avg_confidence": 1.0, "max_frp": 4.3000001907348633, "avg_frp": 4.3000001907348633, "first_date": "2026-08-13", "last_date": "2026-08-13", "province": "North Kalimantan", "regency": "Nunukan", "extent_lat_km": 0.74956123063361668, "extent_lon_km": 0.48788378001757493 }, "geometry": { "type": "Point", "coordinates": [ 117.02140210766629, 4.23685378643395 ] } },
{ "type": "Feature", "properties": { "cluster_id": 30, "n_detections": 6, "centroid_lat": 3.5809118294544731, "centroid_lon": 116.55313243342401, "lat_min": 3.5792256033439855, "lat_max": 3.5825980555649597, "lon_min": 116.54953872866901, "lon_max": 116.55672615062571, "avg_confidence": 1.0, "max_frp": 7.8499999046325684, "avg_frp": 7.8499999046325684, "first_date": "2026-08-13", "last_date": "2026-08-13", "province": "North Kalimantan", "regency": "Malinau", "extent_lat_km": 0.37478061531685769, "extent_lon_km": 0.79717873902760072 }, "geometry": { "type": "Point", "coordinates": [ 116.553132433424011, 3.580911829454473 ] } },
{ "type": "Feature", "properties": { "cluster_id": 302, "n_detections": 6, "centroid_lat": -4.0964756515932379, "centroid_lon": 114.66418363089707, "lat_min": -4.0998481038142121, "lat_max": -4.0931031993722646, "lon_min": 114.66200978986409, "lon_max": 114.66635761996136, "avg_confidence": 1.0, "max_frp": 1.4099999666213989, "avg_frp": 1.4099999666213989, "first_date": "2026-08-13", "last_date": "2026-08-13", "province": "South Kalimantan", "regency": "Tanah Laut", "extent_lat_km": 0.74956123063361668, "extent_lon_km": 0.48193993469135638 }, "geometry": { "type": "Point", "coordinates": [ 114.664183630897071, -4.096475651593238 ] } },
{ "type": "Feature", "properties": { "cluster_id": 282, "n_detections": 6, "centroid_lat": -2.6395762921323942, "centroid_lon": 114.79993331776429, "lat_min": -2.6429487443533688, "lat_max": -2.63620383991142, "lon_min": 114.79793385334605, "lon_max": 114.80193292448375, "avg_confidence": 1.0, "max_frp": 1.0299999713897705, "avg_frp": 1.0299999713897705, "first_date": "2026-08-13", "last_date": "2026-08-13", "province": "South Kalimantan", "regency": "Barito Kuala", "extent_lat_km": 0.74956123063376467, "extent_lon_km": 0.44394524826876142 }, "geometry": { "type": "Point", "coordinates": [ 114.799933317764285, -2.639576292132394 ] } },
{ "type": "Feature", "properties": { "cluster_id": 284, "n_detections": 6, "centroid_lat": -2.9296071831361736, "centroid_lon": 114.95314557575655, "lat_min": -2.9329796353571478, "lat_max": -2.926234730915199, "lon_min": 114.95111094908773, "lon_max": 114.95518034604615, "avg_confidence": 1.0, "max_frp": 0.80000001192092896, "avg_frp": 0.80000001192092896, "first_date": "2026-08-13", "last_date": "2026-08-13", "province": "South Kalimantan", "regency": "Tapin", "extent_lat_km": 0.74956123063376467, "extent_lon_km": 0.45164105297164853 }, "geometry": { "type": "Point", "coordinates": [ 114.953145575756551, -2.929607183136174 ] } },
{ "type": "Feature", "properties": { "cluster_id": 277, "n_detections": 6, "centroid_lat": -3.0105460364395533, "centroid_lon": 112.29027485994756, "lat_min": -3.0139184886605279, "lat_max": -3.0071735842185796, "lon_min": 112.28823876735312, "lon_max": 112.29231109339186, "avg_confidence": 1.0, "max_frp": 0.31000000238418579, "avg_frp": 0.31000000238418579, "first_date": "2026-08-13", "last_date": "2026-08-13", "province": "Central Kalimantan", "regency": "Seruyan", "extent_lat_km": 0.74956123063371538, "extent_lon_km": 0.45193301103714267 }, "geometry": { "type": "Point", "coordinates": [ 112.290274859947559, -3.010546036439553 ] } },
{ "type": "Feature", "properties": { "cluster_id": 71, "n_detections": 6, "centroid_lat": 1.4174837296995388, "centroid_lon": 115.3170876980156, "lat_min": 1.4141112774785647, "lat_max": 1.4208561819205132, "lon_min": 115.31523306678153, "lon_max": 115.31894246749998, "avg_confidence": 1.0, "max_frp": 2.7599999904632568, "avg_frp": 2.7599999904632568, "first_date": "2026-08-13", "last_date": "2026-08-13", "province": "North Kalimantan", "regency": "Malinau", "extent_lat_km": 0.74956123063374003, "extent_lon_km": 0.41209955574372242 }, "geometry": { "type": "Point", "coordinates": [ 115.317087698015598, 1.417483729699539 ] } },
{ "type": "Feature", "properties": { "cluster_id": 289, "n_detections": 6, "centroid_lat": -2.8149438076230511, "centroid_lon": 115.30964528759814, "lat_min": -2.8183162598440257, "lat_max": -2.8115713554020774, "lon_min": 115.30762337361993, "lon_max": 115.31166734515762, "avg_confidence": 1.0, "max_frp": 1.2000000476837158, "avg_frp": 1.2000000476837158, "first_date": "2026-08-13", "last_date": "2026-08-13", "province": "South Kalimantan", "regency": "Hulu Sungai Selatan", "extent_lat_km": 0.74956123063371538, "extent_lon_km": 0.44886428615058382 }, "geometry": { "type": "Point", "coordinates": [ 115.309645287598144, -2.814943807623051 ] } },
{ "type": "Feature", "properties": { "cluster_id": 290, "n_detections": 6, "centroid_lat": -2.8570994603852284, "centroid_lon": 115.27163997982943, "lat_min": -2.858785686495716, "lat_max": -2.8554132342747414, "lon_min": 115.26809402683251, "lon_max": 115.27518594274544, "avg_confidence": 1.0, "max_frp": 0.92000001668930054, "avg_frp": 0.92000001668930054, "first_date": "2026-08-13", "last_date": "2026-08-13", "province": "South Kalimantan", "regency": "Hulu Sungai Selatan", "extent_lat_km": 0.37478061531690704, "extent_lon_km": 0.7871449441716063 }, "geometry": { "type": "Point", "coordinates": [ 115.27163997982943, -2.857099460385228 ] } },
{ "type": "Feature", "properties": { "cluster_id": 291, "n_detections": 6, "centroid_lat": -2.8655305909376643, "centroid_lon": 115.18638266327537, "lat_min": -2.8689030431586384, "lat_max": -2.8621581387166901, "lon_min": 115.18435503135051, "lon_max": 115.18841043883816, "avg_confidence": 1.0, "max_frp": 0.52999997138977051, "avg_frp": 0.52999997138977051, "first_date": "2026-08-13", "last_date": "2026-08-13", "province": "South Kalimantan", "regency": "Tapin", "extent_lat_km": 0.74956123063371538, "extent_lon_km": 0.45011391307838644 }, "geometry": { "type": "Point", "coordinates": [ 115.186382663275367, -2.865530590937664 ] } },
{ "type": "Feature", "properties": { "cluster_id": 73, "n_detections": 6, "centroid_lat": 0.91161589655341257, "centroid_lon": 110.9588700415606, "lat_min": 0.90824344433243831, "lat_max": 0.91498834877438684, "lon_min": 110.95707974480884, "lon_max": 110.96066046967698, "avg_confidence": 1.0, "max_frp": 1.3200000524520874, "avg_frp": 1.3200000524520874, "first_date": "2026-08-13", "last_date": "2026-08-13", "province": "West Kalimantan", "regency": "Sintang", "extent_lat_km": 0.74956123063374003, "extent_lon_km": 0.39787558811404 }, "geometry": { "type": "Point", "coordinates": [ 110.958870041560601, 0.911615896553413 ] } },
{ "type": "Feature", "properties": { "cluster_id": 69, "n_detections": 6, "centroid_lat": 0.52884256947284358, "centroid_lon": 109.01199535347077, "lat_min": 0.52715634336235651, "lat_max": 0.53052879558333066, "lon_min": 109.00859314542393, "lon_max": 109.01539756334995, "avg_confidence": 1.0, "max_frp": 1.1699999570846558, "avg_frp": 1.1699999570846558, "first_date": "2026-08-13", "last_date": "2026-08-13", "province": "West Kalimantan", "regency": "Mempawah", "extent_lat_km": 0.37478061531685769, "extent_lon_km": 0.75614275367067962 }, "geometry": { "type": "Point", "coordinates": [ 109.011995353470766, 0.528842569472844 ] } },
{ "type": "Feature", "properties": { "cluster_id": 77, "n_detections": 6, "centroid_lat": 0.82055968658710976, "centroid_lon": 112.97988317543822, "lat_min": 0.81718723436613561, "lat_max": 0.82393213880808402, "lon_min": 112.97810159821285, "lon_max": 112.98166488603515, "avg_confidence": 1.0, "max_frp": 3.0399999618530273, "avg_frp": 3.0399999618530273, "first_date": "2026-08-13", "last_date": "2026-08-13", "province": "West Kalimantan", "regency": "Kapuas Hulu", "extent_lat_km": 0.7495612306337277, "extent_lon_km": 0.39594756691759014 }, "geometry": { "type": "Point", "coordinates": [ 112.979883175438218, 0.82055968658711 ] } },
{ "type": "Feature", "properties": { "cluster_id": 288, "n_detections": 6, "centroid_lat": -2.7272600498777231, "centroid_lon": 115.20319215267246, "lat_min": -2.7306325020986972, "lat_max": -2.7238875976567485, "lon_min": 115.20118107321227, "lon_max": 115.2052033752453, "avg_confidence": 1.0, "max_frp": 2.2300000190734863, "avg_frp": 2.2300000190734863, "first_date": "2026-08-13", "last_date": "2026-08-13", "province": "South Kalimantan", "regency": "Hulu Sungai Selatan", "extent_lat_km": 0.74956123063376467, "extent_lon_km": 0.44649213203612681 }, "geometry": { "type": "Point", "coordinates": [ 115.203192152672457, -2.727260049877723 ] } },
{ "type": "Feature", "properties": { "cluster_id": 66, "n_detections": 6, "centroid_lat": 0.96894758430997363, "centroid_lon": 112.88663792613113, "lat_min": 0.96557513208899937, "lat_max": 0.97232003653094767, "lon_min": 112.88483914686627, "lon_max": 112.88843683919532, "avg_confidence": 1.0, "max_frp": 5.4800000190734863, "avg_frp": 5.4800000190734863, "first_date": "2026-08-13", "last_date": "2026-08-13", "province": "West Kalimantan", "regency": "Kapuas Hulu", "extent_lat_km": 0.74956123063371538, "extent_lon_km": 0.39975437825109872 }, "geometry": { "type": "Point", "coordinates": [ 112.886637926131129, 0.968947584309974 ] } },
{ "type": "Feature", "properties": { "cluster_id": 62, "n_detections": 6, "centroid_lat": 1.9064893017407945, "centroid_lon": 115.02508793293651, "lat_min": 1.9031168495198201, "lat_max": 1.9098617539617686, "lon_min": 115.02317547707743, "lon_max": 115.02700052853777, "avg_confidence": 1.0, "max_frp": 2.0199999809265137, "avg_frp": 2.0199999809265137, "first_date": "2026-08-13", "last_date": "2026-08-13", "province": "North Kalimantan", "regency": "Malinau", "extent_lat_km": 0.74956123063374003, "extent_lon_km": 0.42484266874244936 }, "geometry": { "type": "Point", "coordinates": [ 115.025087932936515, 1.906489301740794 ] } },
{ "type": "Feature", "properties": { "cluster_id": 67, "n_detections": 6, "centroid_lat": 1.2050192397781658, "centroid_lon": 118.74796223201686, "lat_min": 1.2016467875571917, "lat_max": 1.20839169199914, "lon_min": 118.74612868080744, "lon_max": 118.74979592465996, "avg_confidence": 1.0, "max_frp": 1.7699999809265137, "avg_frp": 1.7699999809265137, "first_date": "2026-08-13", "last_date": "2026-08-13", "province": "East Kalimantan", "regency": "Berau", "extent_lat_km": 0.74956123063371538, "extent_lon_km": 0.40745067965710208 }, "geometry": { "type": "Point", "coordinates": [ 118.74796223201686, 1.205019239778166 ] } },
{ "type": "Feature", "properties": { "cluster_id": 264, "n_detections": 4, "centroid_lat": -2.5873032827072948, "centroid_lon": 112.95191476090889, "lat_min": -2.5889895088177819, "lat_max": -2.5856170565968077, "lon_min": 112.95007660358756, "lon_max": 112.95375292271977, "avg_confidence": 1.0, "max_frp": 1.1299999952316284, "avg_frp": 1.1299999952316284, "first_date": "2026-08-13", "last_date": "2026-08-13", "province": "Central Kalimantan", "regency": "Kotawaringin Timur", "extent_lat_km": 0.37478061531685769, "extent_lon_km": 0.40813286901196533 }, "geometry": { "type": "Point", "coordinates": [ 112.951914760908892, -2.587303282707295 ] } },
{ "type": "Feature", "properties": { "cluster_id": 20, "n_detections": 4, "centroid_lat": 3.3515850784282284, "centroid_lon": 117.13464958125138, "lat_min": 3.3498988523177418, "lat_max": 3.3532713045387155, "lon_min": 117.13275858495111, "lon_max": 117.13654058337413, "avg_confidence": 1.0, "max_frp": 21.649999618530273, "avg_frp": 21.649999618530273, "first_date": "2026-08-13", "last_date": "2026-08-13", "province": "North Kalimantan", "regency": "Tana Tidung", "extent_lat_km": 0.37478061531680834, "extent_lon_km": 0.41957460864084634 }, "geometry": { "type": "Point", "coordinates": [ 117.134649581251381, 3.351585078428228 ] } },
{ "type": "Feature", "properties": { "cluster_id": 243, "n_detections": 4, "centroid_lat": -2.4996195249619664, "centroid_lon": 111.17876415159607, "lat_min": -2.5013057510724535, "lat_max": -2.4979332988514789, "lon_min": 111.17693348429682, "lon_max": 111.1805948232322, "avg_confidence": 1.0, "max_frp": 0.98000001907348633, "avg_frp": 0.98000001907348633, "first_date": "2026-08-13", "last_date": "2026-08-13", "province": "Central Kalimantan", "regency": "Sukamara", "extent_lat_km": 0.37478061531690704, "extent_lon_km": 0.40649744975874347 }, "geometry": { "type": "Point", "coordinates": [ 111.17876415159607, -2.499619524961966 ] } },
{ "type": "Feature", "properties": { "cluster_id": 231, "n_detections": 4, "centroid_lat": -2.3478591750181281, "centroid_lon": 112.83369132829129, "lat_min": -2.3495454011286152, "lat_max": -2.3461729489076411, "lon_min": 112.8318675353114, "lon_max": 112.83551512534402, "avg_confidence": 1.0, "max_frp": 1.0199999809265137, "avg_frp": 1.0199999809265137, "first_date": "2026-08-13", "last_date": "2026-08-13", "province": "Central Kalimantan", "regency": "Kotawaringin Timur", "extent_lat_km": 0.37478061531685769, "extent_lon_km": 0.40501639329922778 }, "geometry": { "type": "Point", "coordinates": [ 112.833691328291295, -2.347859175018128 ] } },
{ "type": "Feature", "properties": { "cluster_id": 227, "n_detections": 4, "centroid_lat": -2.2837825828196188, "centroid_lon": 111.79579762732476, "lat_min": -2.2854688089301063, "lat_max": -2.2820963567091317, "lon_min": 111.79397884857561, "lon_max": 111.79761641003529, "avg_confidence": 1.0, "max_frp": 0.63999998569488525, "avg_frp": 0.63999998569488525, "first_date": "2026-08-13", "last_date": "2026-08-13", "province": "Central Kalimantan", "regency": "Kotawaringin Barat", "extent_lat_km": 0.37478061531690704, "extent_lon_km": 0.40392112120588131 }, "geometry": { "type": "Point", "coordinates": [ 111.79579762732476, -2.283782582819619 ] } },
{ "type": "Feature", "properties": { "cluster_id": 180, "n_detections": 4, "centroid_lat": -1.0157405477333288, "centroid_lon": 114.89178622989328, "lat_min": -1.0174267738438159, "lat_max": -1.0140543216228417, "lon_min": 114.89003978984084, "lon_max": 114.89353267170571, "avg_confidence": 1.0, "max_frp": 0.62999999523162842, "avg_frp": 0.62999999523162842, "first_date": "2026-08-13", "last_date": "2026-08-13", "province": "Central Kalimantan", "regency": "Barito Utara", "extent_lat_km": 0.37478061531685769, "extent_lon_km": 0.38810296665444061 }, "geometry": { "type": "Point", "coordinates": [ 114.891786229893285, -1.015740547733329 ] } },
{ "type": "Feature", "properties": { "cluster_id": 101, "n_detections": 4, "centroid_lat": 0.1612452773866585, "centroid_lon": 111.47474206210418, "lat_min": 0.1595590512761714, "lat_max": 0.16293150349714558, "lon_min": 111.47304659661803, "lon_max": 111.47643752786966, "avg_confidence": 1.0, "max_frp": 1.2100000381469727, "avg_frp": 1.2100000381469727, "first_date": "2026-08-13", "last_date": "2026-08-13", "province": "West Kalimantan", "regency": "Sintang", "extent_lat_km": 0.37478061531686074, "extent_lon_km": 0.37683269771900246 }, "geometry": { "type": "Point", "coordinates": [ 111.474742062104184, 0.161245277386659 ] } },
{ "type": "Feature", "properties": { "cluster_id": 131, "n_detections": 4, "centroid_lat": -0.1861173013736816, "centroid_lon": 111.76829364224952, "lat_min": -0.18780352748416868, "lat_max": -0.18443107526319452, "lon_min": 111.76659672233139, "lon_max": 111.76999056249005, "avg_confidence": 1.0, "max_frp": 0.41999998688697815, "avg_frp": 0.41999998688697815, "first_date": "2026-08-13", "last_date": "2026-08-13", "province": "West Kalimantan", "regency": "Melawi", "extent_lat_km": 0.37478061531685769, "extent_lon_km": 0.37715546698150865 }, "geometry": { "type": "Point", "coordinates": [ 111.768293642249517, -0.186117301373682 ] } },
{ "type": "Feature", "properties": { "cluster_id": 248, "n_detections": 4, "centroid_lat": -2.0679456406772716, "centroid_lon": 114.22641902544609, "lat_min": -2.0696318667877587, "lat_max": -2.0662594145667845, "lon_min": 114.22461031728166, "lon_max": 114.22822773719668, "avg_confidence": 1.0, "max_frp": 0.62999999523162842, "avg_frp": 0.62999999523162842, "first_date": "2026-08-13", "last_date": "2026-08-13", "province": "Central Kalimantan", "regency": "Kapuas", "extent_lat_km": 0.37478061531685769, "extent_lon_km": 0.40174206525246225 }, "geometry": { "type": "Point", "coordinates": [ 114.226419025446091, -2.067945640677272 ] } },
{ "type": "Feature", "properties": { "cluster_id": 286, "n_detections": 4, "centroid_lat": -3.319125414658691, "centroid_lon": 114.9485174775121, "lat_min": -3.3208116407691781, "lat_max": -3.3174391885482035, "lon_min": 114.94663222784526, "lon_max": 114.9504027329447, "avg_confidence": 1.0, "max_frp": 0.62000000476837158, "avg_frp": 0.62000000476837158, "first_date": "2026-08-13", "last_date": "2026-08-13", "province": "South Kalimantan", "regency": "Banjar", "extent_lat_km": 0.37478061531690704, "extent_lon_km": 0.4183133512630709 }, "geometry": { "type": "Point", "coordinates": [ 114.948517477512098, -3.319125414658691 ] } },
{ "type": "Feature", "properties": { "cluster_id": 279, "n_detections": 4, "centroid_lat": -3.1741099691568011, "centroid_lon": 112.38865710858239, "lat_min": -3.1757961952672882, "lat_max": -3.172423743046314, "lon_min": 112.3867848689371, "lon_max": 112.39052935374021, "avg_confidence": 1.0, "max_frp": 0.93999999761581421, "avg_frp": 0.93999999761581421, "first_date": "2026-08-13", "last_date": "2026-08-13", "province": "Central Kalimantan", "regency": "Seruyan", "extent_lat_km": 0.37478061531685769, "extent_lon_km": 0.41548621364411642 }, "geometry": { "type": "Point", "coordinates": [ 112.388657108582393, -3.174109969156801 ] } },
{ "type": "Feature", "properties": { "cluster_id": 297, "n_detections": 4, "centroid_lat": -3.0324669758758858, "centroid_lon": 115.09898008583262, "lat_min": -3.0341532019863728, "lat_max": -3.0307807497653987, "lon_min": 115.09711204767704, "lon_max": 115.10084812925354, "avg_confidence": 1.0, "max_frp": 3.4700000286102295, "avg_frp": 3.4700000286102295, "first_date": "2026-08-13", "last_date": "2026-08-13", "province": "South Kalimantan", "regency": "Tapin", "extent_lat_km": 0.37478061531685769, "extent_lon_km": 0.41460936145240207 }, "geometry": { "type": "Point", "coordinates": [ 115.098980085832622, -3.032466975875886 ] } },
{ "type": "Feature", "properties": { "cluster_id": 185, "n_detections": 3, "centroid_lat": -1.2467535248700599, "centroid_lon": 116.81862709341063, "lat_min": -1.250125977091034, "lat_max": -1.2433810726490857, "lon_min": 116.81847751607087, "lon_max": 116.818776805786, "avg_confidence": 1.0, "max_frp": 2.9600000381469727, "avg_frp": 2.9600000381469727, "first_date": "2026-08-13", "last_date": "2026-08-13", "province": "East Kalimantan", "regency": "Kota Balikpapan", "extent_lat_km": 0.74956123063371538, "extent_lon_km": 0.033252192105701642 }, "geometry": { "type": "Point", "coordinates": [ 116.818627093410626, -1.24675352487006 ] } }
]
}
