latitude,longitude,confidence,frp,acq_date,satellite,province,regency
2.972184203568634,117.19818503140915,1,19.6299991607666,2026-08-19,SNPP,North Kalimantan,Bulungan
2.972184203568634,117.20156202627928,1,19.6299991607666,2026-08-19,SNPP,North Kalimantan,Bulungan
2.972184203568634,117.20493902114939,1,16.75,2026-08-19,SNPP,North Kalimantan,Bulungan
2.9688117513476597,117.19782706738437,1,19.6299991607666,2026-08-19,SNPP,North Kalimantan,Bulungan
2.9688117513476597,117.20120405193997,1,19.6299991607666,2026-08-19,SNPP,North Kalimantan,Bulungan
2.9688117513476597,117.20458103649555,1,16.75,2026-08-19,SNPP,North Kalimantan,Bulungan
2.9654392991266856,117.19746951158106,1,18.420000076293945,2026-08-19,SNPP,North Kalimantan,Bulungan
2.9654392991266856,117.20084648583388,1,18.420000076293945,2026-08-19,SNPP,North Kalimantan,Bulungan
2.9654392991266856,117.20422346008672,1,18.420000076293945,2026-08-19,SNPP,North Kalimantan,Bulungan
2.962066846905711,117.197112363993,1,18.420000076293945,2026-08-19,SNPP,North Kalimantan,Bulungan
2.962066846905711,117.20048932795484,1,18.420000076293945,2026-08-19,SNPP,North Kalimantan,Bulungan
2.962066846905711,117.20386629191668,1,18.420000076293945,2026-08-19,SNPP,North Kalimantan,Bulungan
2.9586943946847373,117.196755624614,1,18.420000076293945,2026-08-19,SNPP,North Kalimantan,Bulungan
2.9586943946847373,117.20013257829662,1,18.420000076293945,2026-08-19,SNPP,North Kalimantan,Bulungan
2.9586943946847373,117.20350953197924,1,18.420000076293945,2026-08-19,SNPP,North Kalimantan,Bulungan
2.955321942463763,117.24029955783466,1,9.960000038146973,2026-08-19,SNPP,North Kalimantan,Bulungan
2.955321942463763,117.24367650124978,1,9.960000038146973,2026-08-19,SNPP,North Kalimantan,Bulungan
2.955321942463763,117.24705344466491,1,9.960000038146973,2026-08-19,SNPP,North Kalimantan,Bulungan
2.9519494902427885,117.23994350153102,1,9.960000038146973,2026-08-19,SNPP,North Kalimantan,Bulungan
2.9519494902427885,117.24332043469046,1,9.960000038146973,2026-08-19,SNPP,North Kalimantan,Bulungan
2.9519494902427885,117.24669736784988,1,9.960000038146973,2026-08-19,SNPP,North Kalimantan,Bulungan
2.9519494902427885,117.25007430100932,1,5.130000114440918,2026-08-19,SNPP,North Kalimantan,Bulungan
2.9485770380218144,117.23958785357078,1,9.960000038146973,2026-08-19,SNPP,North Kalimantan,Bulungan
2.9485770380218144,117.24296477648628,1,9.960000038146973,2026-08-19,SNPP,North Kalimantan,Bulungan
2.9485770380218144,117.24634169940175,1,9.960000038146973,2026-08-19,SNPP,North Kalimantan,Bulungan
2.9485770380218144,117.24971862231725,1,5.130000114440918,2026-08-19,SNPP,North Kalimantan,Bulungan
2.9452045858008407,117.23923261394776,1,5.130000114440918,2026-08-19,SNPP,North Kalimantan,Bulungan
2.9452045858008407,117.24260952663107,1,5.130000114440918,2026-08-19,SNPP,North Kalimantan,Bulungan
2.9452045858008407,117.24598643931436,1,5.130000114440918,2026-08-19,SNPP,North Kalimantan,Bulungan
2.9452045858008407,117.24936335199767,1,5.130000114440918,2026-08-19,SNPP,North Kalimantan,Bulungan
2.86426573249746,116.95394235582027,1,3.9000000953674316,2026-08-19,SNPP,North Kalimantan,Bulungan
2.86426573249746,116.95731902645922,1,3.9000000953674316,2026-08-19,SNPP,North Kalimantan,Bulungan
2.86426573249746,116.96069569709815,1,3.9000000953674316,2026-08-19,SNPP,North Kalimantan,Bulungan
2.860893280276486,116.9535981375721,1,3.9000000953674316,2026-08-19,SNPP,North Kalimantan,Bulungan
2.860893280276486,116.95697479827284,1,3.9000000953674316,2026-08-19,SNPP,North Kalimantan,Bulungan
2.860893280276486,116.96035145897358,1,3.9000000953674316,2026-08-19,SNPP,North Kalimantan,Bulungan
2.857520828055512,116.95325432653887,1,3.9000000953674316,2026-08-19,SNPP,North Kalimantan,Bulungan
2.857520828055512,116.95663097731317,1,3.9000000953674316,2026-08-19,SNPP,North Kalimantan,Bulungan
2.857520828055512,116.96000762808747,1,3.9000000953674316,2026-08-19,SNPP,North Kalimantan,Bulungan
2.8541483758345376,116.9529109227146,1,3.9000000953674316,2026-08-19,SNPP,North Kalimantan,Bulungan
2.8541483758345376,116.95628756357422,1,3.9000000953674316,2026-08-19,SNPP,North Kalimantan,Bulungan
2.8541483758345376,116.95966420443384,1,3.9000000953674316,2026-08-19,SNPP,North Kalimantan,Bulungan
2.806934044740899,116.94814602278893,1,7.570000171661377,2026-08-19,SNPP,North Kalimantan,Bulungan
2.806934044740899,116.95152252607733,1,16.299999237060547,2026-08-19,SNPP,North Kalimantan,Bulungan
2.806934044740899,116.95489902936569,1,16.299999237060547,2026-08-19,SNPP,North Kalimantan,Bulungan
2.806934044740899,116.95827553265408,1,16.299999237060547,2026-08-19,SNPP,North Kalimantan,Bulungan
2.806934044740899,117.30267886806969,2,8.079999923706055,2026-08-19,SNPP,North Kalimantan,Bulungan
2.806934044740899,117.30605537135808,2,8.079999923706055,2026-08-19,SNPP,North Kalimantan,Bulungan
2.806934044740899,117.30943187464645,2,8.079999923706055,2026-08-19,SNPP,North Kalimantan,Bulungan
2.803561592519925,116.94780872638728,1,7.570000171661377,2026-08-19,SNPP,North Kalimantan,Bulungan
2.803561592519925,116.95118521993732,1,16.299999237060547,2026-08-19,SNPP,North Kalimantan,Bulungan
2.803561592519925,116.95456171348734,1,16.299999237060547,2026-08-19,SNPP,North Kalimantan,Bulungan
2.803561592519925,116.95793820703739,1,16.299999237060547,2026-08-19,SNPP,North Kalimantan,Bulungan
2.803561592519925,117.30234054914091,2,8.079999923706055,2026-08-19,SNPP,North Kalimantan,Bulungan
2.803561592519925,117.30571704269094,2,8.079999923706055,2026-08-19,SNPP,North Kalimantan,Bulungan
2.803561592519925,117.30909353624097,2,8.079999923706055,2026-08-19,SNPP,North Kalimantan,Bulungan
2.800189140298951,116.94747183709998,1,7.570000171661377,2026-08-19,SNPP,North Kalimantan,Bulungan
2.800189140298951,116.95084832092344,1,16.299999237060547,2026-08-19,SNPP,North Kalimantan,Bulungan
2.800189140298951,116.95422480474686,1,16.299999237060547,2026-08-19,SNPP,North Kalimantan,Bulungan
2.800189140298951,116.9576012885703,1,16.299999237060547,2026-08-19,SNPP,North Kalimantan,Bulungan
2.800189140298951,117.30200263856067,2,8.079999923706055,2026-08-19,SNPP,North Kalimantan,Bulungan
2.800189140298951,117.30537912238411,2,8.079999923706055,2026-08-19,SNPP,North Kalimantan,Bulungan
2.800189140298951,117.30875560620753,2,8.079999923706055,2026-08-19,SNPP,North Kalimantan,Bulungan
2.7968166880779766,116.9471353549212,1,7.570000171661377,2026-08-19,SNPP,North Kalimantan,Bulungan
2.7968166880779766,116.95051182902981,1,7.570000171661377,2026-08-19,SNPP,North Kalimantan,Bulungan
2.7968166880779766,116.9538883031384,1,7.570000171661377,2026-08-19,SNPP,North Kalimantan,Bulungan
2.7968166880779766,117.19361796484824,1,3.3399999141693115,2026-08-19,SNPP,North Kalimantan,Bulungan
2.7968166880779766,117.1969944389568,1,4.610000133514404,2026-08-19,SNPP,North Kalimantan,Bulungan
2.7968166880779766,117.20037091306541,1,4.610000133514404,2026-08-19,SNPP,North Kalimantan,Bulungan
2.7968166880779766,117.20374738717403,1,4.610000133514404,2026-08-19,SNPP,North Kalimantan,Bulungan
2.7934442358570024,117.19328118144644,1,3.3399999141693115,2026-08-19,SNPP,North Kalimantan,Bulungan
2.7934442358570024,117.19665764585193,1,4.610000133514404,2026-08-19,SNPP,North Kalimantan,Bulungan
2.7934442358570024,117.20003411025743,1,4.610000133514404,2026-08-19,SNPP,North Kalimantan,Bulungan
2.7934442358570024,117.20341057466294,1,4.610000133514404,2026-08-19,SNPP,North Kalimantan,Bulungan
2.7900717836360283,117.19294480599947,1,3.3399999141693115,2026-08-19,SNPP,North Kalimantan,Bulungan
2.7900717836360283,117.19632126071362,1,4.610000133514404,2026-08-19,SNPP,North Kalimantan,Bulungan
2.7900717836360283,117.1996977154278,1,4.610000133514404,2026-08-19,SNPP,North Kalimantan,Bulungan
2.7900717836360283,117.20307417014195,1,4.610000133514404,2026-08-19,SNPP,North Kalimantan,Bulungan
2.7900717836360283,117.20645062485609,1,4.610000133514404,2026-08-19,SNPP,North Kalimantan,Bulungan
2.7866993314150545,117.19260883850151,1,3.3399999141693115,2026-08-19,SNPP,North Kalimantan,Bulungan
2.7866993314150545,117.19598528353606,1,3.3399999141693115,2026-08-19,SNPP,North Kalimantan,Bulungan
2.7866993314150545,117.19936172857066,1,3.3399999141693115,2026-08-19,SNPP,North Kalimantan,Bulungan
2.7866993314150545,117.20273817360523,1,4.610000133514404,2026-08-19,SNPP,North Kalimantan,Bulungan
2.7866993314150545,117.20611461863979,1,4.610000133514404,2026-08-19,SNPP,North Kalimantan,Bulungan
2.78332687919408,117.19564971431343,1,3.3399999141693115,2026-08-19,SNPP,North Kalimantan,Bulungan
2.78332687919408,117.1990261496802,1,3.3399999141693115,2026-08-19,SNPP,North Kalimantan,Bulungan
2.78332687919408,117.20240258504693,1,4.610000133514404,2026-08-19,SNPP,North Kalimantan,Bulungan
2.78332687919408,117.20577902041366,1,4.610000133514404,2026-08-19,SNPP,North Kalimantan,Bulungan
2.7765819747521316,117.18485055151058,2,13.779999732971191,2026-08-19,SNPP,North Kalimantan,Bulungan
2.7765819747521316,117.1882269675769,2,13.779999732971191,2026-08-19,SNPP,North Kalimantan,Bulungan
2.7732095225311575,117.18451623501544,2,13.779999732971191,2026-08-19,SNPP,North Kalimantan,Bulungan
2.7732095225311575,117.18789264144921,2,13.779999732971191,2026-08-19,SNPP,North Kalimantan,Bulungan
2.7732095225311575,117.19126904788298,2,18.75,2026-08-19,SNPP,North Kalimantan,Bulungan
2.7698370703101833,117.1841823264167,2,13.779999732971191,2026-08-19,SNPP,North Kalimantan,Bulungan
2.7698370703101833,117.18755872322964,2,13.779999732971191,2026-08-19,SNPP,North Kalimantan,Bulungan
2.7698370703101833,117.1909351200426,2,18.75,2026-08-19,SNPP,North Kalimantan,Bulungan
2.766464618089209,117.18384882570855,2,18.75,2026-08-19,SNPP,North Kalimantan,Bulungan
2.766464618089209,117.1872252129124,2,18.75,2026-08-19,SNPP,North Kalimantan,Bulungan
2.766464618089209,117.1906016001163,2,18.75,2026-08-19,SNPP,North Kalimantan,Bulungan
2.763092165868235,117.18351573288516,2,18.75,2026-08-19,SNPP,North Kalimantan,Bulungan
2.763092165868235,117.18689211049173,2,18.75,2026-08-19,SNPP,North Kalimantan,Bulungan
2.763092165868235,117.19026848809828,2,18.75,2026-08-19,SNPP,North Kalimantan,Bulungan
2.763092165868235,117.5144007383284,1,2.240000009536743,2026-08-19,SNPP,North Kalimantan,Bulungan
2.763092165868235,117.51777711593496,1,2.240000009536743,2026-08-19,SNPP,North Kalimantan,Bulungan
2.763092165868235,117.52115349354153,1,2.240000009536743,2026-08-19,SNPP,North Kalimantan,Bulungan
2.759719713647261,117.51406711399883,1,2.240000009536743,2026-08-19,SNPP,North Kalimantan,Bulungan
2.759719713647261,117.51744348201984,1,2.240000009536743,2026-08-19,SNPP,North Kalimantan,Bulungan
2.759719713647261,117.52081985004082,1,2.240000009536743,2026-08-19,SNPP,North Kalimantan,Bulungan
2.7563472614262867,117.51373389869417,1,2.240000009536743,2026-08-19,SNPP,North Kalimantan,Bulungan
2.7563472614262867,117.51711025714137,1,2.240000009536743,2026-08-19,SNPP,North Kalimantan,Bulungan
2.7563472614262867,117.52048661558855,1,2.240000009536743,2026-08-19,SNPP,North Kalimantan,Bulungan
2.7158778347745964,117.49288599449154,1,2.1700000762939453,2026-08-19,SNPP,North Kalimantan,Bulungan
2.7158778347745964,117.49626223896959,1,2.1700000762939453,2026-08-19,SNPP,North Kalimantan,Bulungan
2.7158778347745964,117.49963848344763,1,2.1700000762939453,2026-08-19,SNPP,North Kalimantan,Bulungan
2.7125053825536223,117.49255814309188,1,2.1700000762939453,2026-08-19,SNPP,North Kalimantan,Bulungan
2.7125053825536223,117.49593437814889,1,2.1700000762939453,2026-08-19,SNPP,North Kalimantan,Bulungan
2.7125053825536223,117.49931061320586,1,2.1700000762939453,2026-08-19,SNPP,North Kalimantan,Bulungan
2.709132930332648,117.49223070057799,1,2.1700000762939453,2026-08-19,SNPP,North Kalimantan,Bulungan
2.709132930332648,117.49560692622572,1,2.1700000762939453,2026-08-19,SNPP,North Kalimantan,Bulungan
2.709132930332648,117.49898315187339,1,2.1700000762939453,2026-08-19,SNPP,North Kalimantan,Bulungan
3.1340619101753946,116.4457766294753,1,1.7999999523162842,2026-08-19,SNPP,North Kalimantan,Malinau
3.1340619101753946,116.44915413327867,1,1.7999999523162842,2026-08-19,SNPP,North Kalimantan,Malinau
3.13068945795442,116.44540154386112,1,1.7999999523162842,2026-08-19,SNPP,North Kalimantan,Malinau
3.13068945795442,116.44877903678517,1,1.7999999523162842,2026-08-19,SNPP,North Kalimantan,Malinau
3.13068945795442,116.45215652970916,1,5.980000019073486,2026-08-19,SNPP,North Kalimantan,Malinau
3.127317005733446,116.44502686409119,1,1.7999999523162842,2026-08-19,SNPP,North Kalimantan,Malinau
3.127317005733446,116.44840434614765,1,1.7999999523162842,2026-08-19,SNPP,North Kalimantan,Malinau
3.127317005733446,116.4517818282041,1,5.980000019073486,2026-08-19,SNPP,North Kalimantan,Malinau
3.1239445535124717,116.44465259015902,1,1.7999999523162842,2026-08-19,SNPP,North Kalimantan,Malinau
3.1239445535124717,116.4480300613597,1,5.980000019073486,2026-08-19,SNPP,North Kalimantan,Malinau
3.1239445535124717,116.45140753256032,1,5.980000019073486,2026-08-19,SNPP,North Kalimantan,Malinau
2.844031019171615,116.15162630333043,1,5.289999961853027,2026-08-19,SNPP,North Kalimantan,Malinau
2.844031019171615,116.15500291451654,1,5.289999961853027,2026-08-19,SNPP,North Kalimantan,Malinau
2.844031019171615,116.15837952570267,1,5.289999961853027,2026-08-19,SNPP,North Kalimantan,Malinau
2.840658566950641,116.15128686691796,1,5.289999961853027,2026-08-19,SNPP,North Kalimantan,Malinau
2.840658566950641,116.15466346823642,1,5.289999961853027,2026-08-19,SNPP,North Kalimantan,Malinau
2.840658566950641,116.15804006955487,1,5.289999961853027,2026-08-19,SNPP,North Kalimantan,Malinau
2.837286114729667,116.15094783489852,1,5.289999961853027,2026-08-19,SNPP,North Kalimantan,Malinau
2.837286114729667,116.15432442636107,1,5.289999961853027,2026-08-19,SNPP,North Kalimantan,Malinau
2.837286114729667,116.15770101782361,1,5.289999961853027,2026-08-19,SNPP,North Kalimantan,Malinau
2.631566529250242,117.42742015014602,1,3.680000066757202,2026-08-19,SNPP,North Kalimantan,Bulungan
2.631566529250242,117.43079616262234,1,3.680000066757202,2026-08-19,SNPP,North Kalimantan,Bulungan
2.631566529250242,117.4341721750986,1,3.680000066757202,2026-08-19,SNPP,North Kalimantan,Bulungan
2.628194077029268,117.42710267436613,1,3.680000066757202,2026-08-19,SNPP,North Kalimantan,Bulungan
2.628194077029268,117.43047867771506,1,3.680000066757202,2026-08-19,SNPP,North Kalimantan,Bulungan
2.628194077029268,117.433854681064,1,3.680000066757202,2026-08-19,SNPP,North Kalimantan,Bulungan
2.624821624808294,117.4267856071323,1,3.680000066757202,2026-08-19,SNPP,North Kalimantan,Bulungan
2.624821624808294,117.43016160136561,1,3.680000066757202,2026-08-19,SNPP,North Kalimantan,Bulungan
2.624821624808294,117.43353759559893,1,3.680000066757202,2026-08-19,SNPP,North Kalimantan,Bulungan
2.6214491725873197,117.426468948439,1,3.680000066757202,2026-08-19,SNPP,North Kalimantan,Bulungan
2.6214491725873197,117.42984493356846,1,3.680000066757202,2026-08-19,SNPP,North Kalimantan,Bulungan
2.6214491725873197,117.43322091869788,1,3.680000066757202,2026-08-19,SNPP,North Kalimantan,Bulungan
2.607959363703423,117.42520639896148,2,13.720000267028809,2026-08-19,SNPP,North Kalimantan,Bulungan
2.607959363703423,117.42858234779293,2,13.720000267028809,2026-08-19,SNPP,North Kalimantan,Bulungan
2.607959363703423,117.43195829662433,2,13.720000267028809,2026-08-19,SNPP,North Kalimantan,Bulungan
2.6045869114824485,117.4248917828886,2,13.720000267028809,2026-08-19,SNPP,North Kalimantan,Bulungan
2.6045869114824485,117.42826772267489,2,13.720000267028809,2026-08-19,SNPP,North Kalimantan,Bulungan
2.6045869114824485,117.43164366246117,2,13.720000267028809,2026-08-19,SNPP,North Kalimantan,Bulungan
2.6012144592614743,117.4245775753234,2,13.720000267028809,2026-08-19,SNPP,East Kalimantan,Bulungan
2.6012144592614743,117.42795350607629,2,13.720000267028809,2026-08-19,SNPP,North Kalimantan,Bulungan
2.6012144592614743,117.43132943682917,2,13.720000267028809,2026-08-19,SNPP,North Kalimantan,Bulungan
2.591097102598552,117.45064463340447,2,18.270000457763672,2026-08-19,SNPP,North Kalimantan,Bulungan
2.591097102598552,117.4540205371276,2,18.270000457763672,2026-08-19,SNPP,North Kalimantan,Bulungan
2.5877246503775777,117.44695609318732,1,11.850000381469727,2026-08-19,SNPP,North Kalimantan,Bulungan
2.5877246503775777,117.45033198792406,2,18.270000457763672,2026-08-19,SNPP,North Kalimantan,Bulungan
2.5877246503775777,117.45370788266077,2,18.270000457763672,2026-08-19,SNPP,North Kalimantan,Bulungan
2.584352198156604,117.44664386525596,1,11.850000381469727,2026-08-19,SNPP,North Kalimantan,Bulungan
2.584352198156604,117.45001975101803,2,18.270000457763672,2026-08-19,SNPP,North Kalimantan,Bulungan
2.584352198156604,117.45339563678009,2,18.270000457763672,2026-08-19,SNPP,North Kalimantan,Bulungan
2.5809797459356294,117.44633204588186,1,11.850000381469727,2026-08-19,SNPP,North Kalimantan,Bulungan
2.5809797459356294,117.44970792268099,1,11.850000381469727,2026-08-19,SNPP,North Kalimantan,Bulungan
2.567489937051733,117.43833717172,1,1.1699999570846558,2026-08-19,SNPP,East Kalimantan,Berau
2.567489937051733,117.44171301278485,1,1.1699999570846558,2026-08-19,SNPP,East Kalimantan,Berau
2.567489937051733,117.44508885384964,1,1.1699999570846558,2026-08-19,SNPP,East Kalimantan,Bulungan
2.5641174848307586,117.43802741285944,1,1.1699999570846558,2026-08-19,SNPP,East Kalimantan,Berau
2.5641174848307586,117.44140324502006,1,1.1699999570846558,2026-08-19,SNPP,East Kalimantan,Berau
2.5641174848307586,117.44477907718063,1,1.1699999570846558,2026-08-19,SNPP,East Kalimantan,Berau
2.5641174848307586,117.45828240582306,1,6.389999866485596,2026-08-19,SNPP,North Kalimantan,Bulungan
2.5641174848307586,117.46165823798361,1,6.389999866485596,2026-08-19,SNPP,North Kalimantan,Bulungan
2.5641174848307586,117.46503407014424,1,6.389999866485596,2026-08-19,SNPP,North Kalimantan,Bulungan
2.5607450326097845,117.43771806250027,1,1.1699999570846558,2026-08-19,SNPP,East Kalimantan,Berau
2.5607450326097845,117.4410938857684,1,1.1699999570846558,2026-08-19,SNPP,East Kalimantan,Berau
2.5607450326097845,117.44446970903651,1,1.1699999570846558,2026-08-19,SNPP,East Kalimantan,Berau
2.5607450326097845,117.45797300210899,1,6.389999866485596,2026-08-19,SNPP,East Kalimantan,Bulungan
2.5607450326097845,117.4613488253771,1,6.389999866485596,2026-08-19,SNPP,North Kalimantan,Bulungan
2.5607450326097845,117.46472464864522,1,6.389999866485596,2026-08-19,SNPP,North Kalimantan,Bulungan
2.5573725803888103,117.43740912063707,1,1.1699999570846558,2026-08-19,SNPP,East Kalimantan,Berau
2.5573725803888103,117.44078493502447,1,1.1699999570846558,2026-08-19,SNPP,East Kalimantan,Berau
2.5573725803888103,117.44416074941185,1,1.1699999570846558,2026-08-19,SNPP,East Kalimantan,Berau
2.5573725803888103,117.4576640069614,1,6.389999866485596,2026-08-19,SNPP,East Kalimantan,Bulungan
2.5573725803888103,117.46103982134876,1,6.389999866485596,2026-08-19,SNPP,East Kalimantan,Bulungan
2.5573725803888103,117.46441563573616,1,6.389999866485596,2026-08-19,SNPP,North Kalimantan,Bulungan
2.554000128167836,117.46073122589328,1,4.179999828338623,2026-08-19,SNPP,East Kalimantan,Bulungan
2.554000128167836,117.4641070314117,1,4.179999828338623,2026-08-19,SNPP,East Kalimantan,Bulungan
2.5438827715049133,117.42267432210964,1,8.170000076293945,2026-08-19,SNPP,East Kalimantan,Berau
2.5438827715049133,117.42605010109152,1,8.170000076293945,2026-08-19,SNPP,East Kalimantan,Berau
2.5438827715049133,117.42942588007338,1,8.170000076293945,2026-08-19,SNPP,East Kalimantan,Berau
2.5438827715049133,117.43280165905526,1,8.170000076293945,2026-08-19,SNPP,East Kalimantan,Berau
2.5405103192839396,117.42236745793423,1,8.170000076293945,2026-08-19,SNPP,East Kalimantan,Berau
2.5405103192839396,117.42574322809408,2,8.170000076293945,2026-08-19,SNPP,East Kalimantan,Berau
2.5405103192839396,117.42911899825393,2,8.170000076293945,2026-08-19,SNPP,East Kalimantan,Berau
2.5405103192839396,117.43249476841375,2,8.170000076293945,2026-08-19,SNPP,East Kalimantan,Berau
2.5371378670629654,117.42206100217577,1,8.170000076293945,2026-08-19,SNPP,East Kalimantan,Berau
2.5371378670629654,117.4254367635253,2,8.170000076293945,2026-08-19,SNPP,East Kalimantan,Berau
2.5371378670629654,117.42881252487489,2,8.170000076293945,2026-08-19,SNPP,East Kalimantan,Berau
2.5371378670629654,117.43218828622443,2,8.170000076293945,2026-08-19,SNPP,East Kalimantan,Berau
2.5371378670629654,117.51658231996359,1,2.2699999809265137,2026-08-19,SNPP,North Kalimantan,Bulungan
2.5371378670629654,117.51995808131315,1,2.2699999809265137,2026-08-19,SNPP,North Kalimantan,Bulungan
2.5371378670629654,117.52333384266274,1,2.2699999809265137,2026-08-19,SNPP,North Kalimantan,Bulungan
2.533765414841991,117.41837920227789,1,4.300000190734863,2026-08-19,SNPP,East Kalimantan,Berau
2.533765414841991,117.42175495482891,1,8.170000076293945,2026-08-19,SNPP,East Kalimantan,Berau
2.533765414841991,117.42513070737992,2,8.170000076293945,2026-08-19,SNPP,East Kalimantan,Berau
2.533765414841991,117.42850645993094,2,8.170000076293945,2026-08-19,SNPP,East Kalimantan,Berau
2.533765414841991,117.43188221248198,2,8.170000076293945,2026-08-19,SNPP,East Kalimantan,Berau
2.533765414841991,117.51627602625759,1,2.2699999809265137,2026-08-19,SNPP,North Kalimantan,Bulungan
2.533765414841991,117.51965177880862,1,2.2699999809265137,2026-08-19,SNPP,North Kalimantan,Bulungan
2.533765414841991,117.52302753135967,1,2.2699999809265137,2026-08-19,SNPP,North Kalimantan,Bulungan
2.5303929626210167,117.41807357212417,1,4.300000190734863,2026-08-19,SNPP,East Kalimantan,Berau
2.5303929626210167,117.4214493158884,1,8.170000076293945,2026-08-19,SNPP,East Kalimantan,Berau
2.5303929626210167,117.42482505965262,2,8.170000076293945,2026-08-19,SNPP,East Kalimantan,Berau
2.5303929626210167,117.42820080341684,2,8.170000076293945,2026-08-19,SNPP,East Kalimantan,Berau
2.5303929626210167,117.43157654718105,2,8.170000076293945,2026-08-19,SNPP,East Kalimantan,Berau
2.5303929626210167,117.51597014128669,1,2.2699999809265137,2026-08-19,SNPP,North Kalimantan,Bulungan
2.5303929626210167,117.51934588505094,1,2.2699999809265137,2026-08-19,SNPP,North Kalimantan,Bulungan
2.5303929626210167,117.52272162881516,1,2.2699999809265137,2026-08-19,SNPP,North Kalimantan,Bulungan
2.527020510400043,117.41776835035971,1,4.300000190734863,2026-08-19,SNPP,East Kalimantan,Berau
2.527020510400043,117.42114408534889,1,4.300000190734863,2026-08-19,SNPP,East Kalimantan,Berau
2.527020510400043,117.42451982033803,1,4.300000190734863,2026-08-19,SNPP,East Kalimantan,Berau
2.527020510400043,117.42789555532721,1,4.300000190734863,2026-08-19,SNPP,East Kalimantan,Berau
2.5236480581790683,117.41746353697923,1,4.300000190734863,2026-08-19,SNPP,East Kalimantan,Berau
2.5236480581790683,117.42083926320508,1,4.300000190734863,2026-08-19,SNPP,East Kalimantan,Berau
2.5236480581790683,117.42421498943091,1,18.270000457763672,2026-08-19,SNPP,East Kalimantan,Berau
2.5236480581790683,117.42759071565678,2,28.200000762939453,2026-08-19,SNPP,East Kalimantan,Berau
2.5236480581790683,117.4309664418826,2,28.200000762939453,2026-08-19,SNPP,East Kalimantan,Berau
2.520275605958094,117.4205348494517,1,4.300000190734863,2026-08-19,SNPP,East Kalimantan,Berau
2.520275605958094,117.42391056692595,1,18.270000457763672,2026-08-19,SNPP,East Kalimantan,Berau
2.520275605958094,117.42728628440024,2,28.200000762939453,2026-08-19,SNPP,East Kalimantan,Berau
2.520275605958094,117.43066200187448,2,28.200000762939453,2026-08-19,SNPP,East Kalimantan,Berau
2.51690315373712,117.42360655281787,1,18.270000457763672,2026-08-19,SNPP,East Kalimantan,Berau
2.51690315373712,117.4269822615523,2,28.200000762939453,2026-08-19,SNPP,East Kalimantan,Berau
2.51690315373712,117.43035797028674,2,28.200000762939453,2026-08-19,SNPP,East Kalimantan,Berau
2.5135307015161463,117.42330294710138,1,18.270000457763672,2026-08-19,SNPP,East Kalimantan,Berau
2.5135307015161463,117.4266786471077,1,18.270000457763672,2026-08-19,SNPP,East Kalimantan,Berau
2.3516529949093856,116.96029582294483,1,44.06999969482422,2026-08-19,SNPP,East Kalimantan,Berau
2.3516529949093856,116.96367111780646,1,44.06999969482422,2026-08-19,SNPP,East Kalimantan,Berau
2.3516529949093856,116.96704641266811,1,44.06999969482422,2026-08-19,SNPP,East Kalimantan,Berau
2.3482805426884115,116.96001330644654,1,44.06999969482422,2026-08-19,SNPP,East Kalimantan,Berau
2.3482805426884115,116.96338859315519,1,44.06999969482422,2026-08-19,SNPP,East Kalimantan,Berau
2.3482805426884115,116.96676387986386,1,44.06999969482422,2026-08-19,SNPP,East Kalimantan,Berau
2.344908090467437,116.95973119652452,1,44.06999969482422,2026-08-19,SNPP,East Kalimantan,Berau
2.344908090467437,116.96310647509189,1,44.06999969482422,2026-08-19,SNPP,East Kalimantan,Berau
2.344908090467437,116.96648175365931,1,44.06999969482422,2026-08-19,SNPP,East Kalimantan,Berau
2.341535638246463,117.16871626032156,1,60.7400016784668,2026-08-19,SNPP,East Kalimantan,Berau
2.341535638246463,117.1720915307594,1,60.7400016784668,2026-08-19,SNPP,East Kalimantan,Berau
2.341535638246463,117.1754668011973,1,60.7400016784668,2026-08-19,SNPP,East Kalimantan,Berau
2.338163186025489,117.165059197914,1,46.77000045776367,2026-08-19,SNPP,East Kalimantan,Berau
2.338163186025489,117.16843446023408,1,60.7400016784668,2026-08-19,SNPP,East Kalimantan,Berau
2.338163186025489,117.17180972255413,1,60.7400016784668,2026-08-19,SNPP,East Kalimantan,Berau
2.338163186025489,117.17518498487424,1,60.7400016784668,2026-08-19,SNPP,East Kalimantan,Berau
2.334790733804515,116.98588933987894,1,6.989999771118164,2026-08-19,SNPP,East Kalimantan,Berau
2.334790733804515,116.98926459409297,1,6.989999771118164,2026-08-19,SNPP,East Kalimantan,Berau
2.334790733804515,116.992639848307,1,6.989999771118164,2026-08-19,SNPP,East Kalimantan,Berau
2.334790733804515,117.16477781322158,1,46.77000045776367,2026-08-19,SNPP,East Kalimantan,Berau
2.334790733804515,117.16815306743558,2,60.7400016784668,2026-08-19,SNPP,East Kalimantan,Berau
2.334790733804515,117.1715283216496,2,60.7400016784668,2026-08-19,SNPP,East Kalimantan,Berau
2.334790733804515,117.17490357586361,2,60.7400016784668,2026-08-19,SNPP,East Kalimantan,Berau
2.3314182815835403,116.98223354533864,2,10.199999809265137,2026-08-19,SNPP,East Kalimantan,Berau
2.3314182815835403,116.98560879145832,2,10.199999809265137,2026-08-19,SNPP,East Kalimantan,Berau
2.3314182815835403,116.988984037578,2,10.199999809265137,2026-08-19,SNPP,East Kalimantan,Berau
2.3314182815835403,116.99235928369771,1,6.989999771118164,2026-08-19,SNPP,East Kalimantan,Berau
2.3314182815835403,117.16449683580151,1,46.77000045776367,2026-08-19,SNPP,East Kalimantan,Berau
2.3314182815835403,117.16787208192122,2,60.7400016784668,2026-08-19,SNPP,East Kalimantan,Berau
2.3314182815835403,117.17124732804086,2,60.7400016784668,2026-08-19,SNPP,East Kalimantan,Berau
2.3314182815835403,117.17462257416057,2,60.7400016784668,2026-08-19,SNPP,East Kalimantan,Berau
2.328045829362566,116.98195341164627,2,10.199999809265137,2026-08-19,SNPP,East Kalimantan,Berau
2.328045829362566,116.98532864968335,2,10.199999809265137,2026-08-19,SNPP,East Kalimantan,Berau
2.328045829362566,116.98870388772046,2,10.199999809265137,2026-08-19,SNPP,East Kalimantan,Berau
2.328045829362566,116.99207912575756,1,6.989999771118164,2026-08-19,SNPP,East Kalimantan,Berau
2.328045829362566,117.16421626564896,1,46.77000045776367,2026-08-19,SNPP,East Kalimantan,Berau
2.328045829362566,117.16759150368605,2,60.7400016784668,2026-08-19,SNPP,East Kalimantan,Berau
2.328045829362566,117.17096674172313,2,60.7400016784668,2026-08-19,SNPP,East Kalimantan,Berau
2.328045829362566,117.17434197976023,2,60.7400016784668,2026-08-19,SNPP,East Kalimantan,Berau
2.3246733771415924,116.98167368458303,2,10.199999809265137,2026-08-19,SNPP,East Kalimantan,Berau
2.3246733771415924,116.98504891454922,2,10.199999809265137,2026-08-19,SNPP,East Kalimantan,Berau
2.3246733771415924,116.98842414451545,2,10.199999809265137,2026-08-19,SNPP,East Kalimantan,Berau
2.3246733771415924,116.99179937448167,1,6.989999771118164,2026-08-19,SNPP,East Kalimantan,Berau
2.3246733771415924,117.16731133272528,1,4.849999904632568,2026-08-19,SNPP,East Kalimantan,Berau
2.3246733771415924,117.17068656269147,1,4.849999904632568,2026-08-19,SNPP,East Kalimantan,Berau
2.3246733771415924,117.1740617926577,1,4.849999904632568,2026-08-19,SNPP,East Kalimantan,Berau
2.321300924920618,117.16703156903398,1,4.849999904632568,2026-08-19,SNPP,East Kalimantan,Berau
2.321300924920618,117.17040679094107,1,4.849999904632568,2026-08-19,SNPP,East Kalimantan,Berau
2.321300924920618,117.17378201284815,1,4.849999904632568,2026-08-19,SNPP,East Kalimantan,Berau
2.3179284726996436,117.16675221260734,1,4.849999904632568,2026-08-19,SNPP,East Kalimantan,Berau
2.3179284726996436,117.17012742646699,1,4.849999904632568,2026-08-19,SNPP,East Kalimantan,Berau
2.3179284726996436,117.17350264032672,1,4.849999904632568,2026-08-19,SNPP,East Kalimantan,Berau
2.3145560204786695,117.16647326344047,1,4.849999904632568,2026-08-19,SNPP,East Kalimantan,Berau
2.3145560204786695,117.16984846926448,1,4.849999904632568,2026-08-19,SNPP,East Kalimantan,Berau
2.3145560204786695,117.17322367508852,1,4.849999904632568,2026-08-19,SNPP,East Kalimantan,Berau
2.301066211594773,117.17548706067028,1,2.259999990463257,2026-08-19,SNPP,East Kalimantan,Berau
2.301066211594773,117.17886223446894,1,2.259999990463257,2026-08-19,SNPP,East Kalimantan,Berau
2.301066211594773,117.18223740826761,1,2.259999990463257,2026-08-19,SNPP,East Kalimantan,Berau
2.2976937593737987,117.17521012379889,1,2.259999990463257,2026-08-19,SNPP,East Kalimantan,Berau
2.2976937593737987,117.17858528962054,1,2.259999990463257,2026-08-19,SNPP,East Kalimantan,Berau
2.2976937593737987,117.18196045544221,1,2.259999990463257,2026-08-19,SNPP,East Kalimantan,Berau
2.2943213071528246,117.17493359419355,1,2.259999990463257,2026-08-19,SNPP,East Kalimantan,Berau
2.2943213071528246,117.1783087520499,1,2.259999990463257,2026-08-19,SNPP,East Kalimantan,Berau
2.2943213071528246,117.1816839099063,1,2.259999990463257,2026-08-19,SNPP,East Kalimantan,Berau
2.2943213071528246,117.1985596991882,1,4.010000228881836,2026-08-19,SNPP,East Kalimantan,Berau
2.2943213071528246,117.20193485704455,1,4.010000228881836,2026-08-19,SNPP,East Kalimantan,Berau
2.2943213071528246,117.20531001490095,1,4.010000228881836,2026-08-19,SNPP,East Kalimantan,Berau
2.2909488549318504,117.19828352116924,1,4.010000228881836,2026-08-19,SNPP,East Kalimantan,Berau
2.2909488549318504,117.20165867107205,1,4.010000228881836,2026-08-19,SNPP,East Kalimantan,Berau
2.2909488549318504,117.20503382097492,1,4.010000228881836,2026-08-19,SNPP,East Kalimantan,Berau
2.2875764027108763,117.19800775048887,1,4.010000228881836,2026-08-19,SNPP,East Kalimantan,Berau
2.2875764027108763,117.20138289244986,1,4.010000228881836,2026-08-19,SNPP,East Kalimantan,Berau
2.2875764027108763,117.20475803441087,1,4.010000228881836,2026-08-19,SNPP,East Kalimantan,Berau
2.284203950489902,117.18085671698762,1,2.819999933242798,2026-08-19,SNPP,East Kalimantan,Berau
2.284203950489902,117.18423185101855,1,2.819999933242798,2026-08-19,SNPP,East Kalimantan,Berau
2.280831498268928,117.18058180056181,1,2.819999933242798,2026-08-19,SNPP,East Kalimantan,Berau
2.280831498268928,117.18395692667438,1,2.819999933242798,2026-08-19,SNPP,East Kalimantan,Berau
2.277459046047954,117.18030729140159,1,2.819999933242798,2026-08-19,SNPP,East Kalimantan,Berau
2.277459046047954,117.18368240960753,1,2.819999933242798,2026-08-19,SNPP,East Kalimantan,Berau
2.2538518805011347,117.53277876505695,1,5.889999866485596,2026-08-19,SNPP,East Kalimantan,Berau
2.2538518805011347,117.53615382824493,1,5.889999866485596,2026-08-19,SNPP,East Kalimantan,Berau
2.2538518805011347,117.53952889143292,1,5.889999866485596,2026-08-19,SNPP,East Kalimantan,Berau
2.2538518805011347,117.54290395462091,1,7.079999923706055,2026-08-19,SNPP,East Kalimantan,Berau
2.2504794282801606,117.53250669350766,1,5.889999866485596,2026-08-19,SNPP,East Kalimantan,Berau
2.2504794282801606,117.53588174888286,2,9.199999809265137,2026-08-19,SNPP,East Kalimantan,Berau
2.2504794282801606,117.53925680425809,2,9.199999809265137,2026-08-19,SNPP,East Kalimantan,Berau
2.2504794282801606,117.54263185963329,2,9.199999809265137,2026-08-19,SNPP,East Kalimantan,Berau
2.247106976059186,117.53223503041295,1,5.889999866485596,2026-08-19,SNPP,East Kalimantan,Berau
2.247106976059186,117.53561007798709,2,9.199999809265137,2026-08-19,SNPP,East Kalimantan,Berau
2.247106976059186,117.53898512556125,2,9.199999809265137,2026-08-19,SNPP,East Kalimantan,Berau
2.247106976059186,117.54236017313539,2,9.199999809265137,2026-08-19,SNPP,East Kalimantan,Berau
2.243734523838212,117.5353388155528,2,9.199999809265137,2026-08-19,SNPP,East Kalimantan,Berau
2.243734523838212,117.53871385533763,2,9.199999809265137,2026-08-19,SNPP,East Kalimantan,Berau
2.243734523838212,117.54208889512243,2,9.199999809265137,2026-08-19,SNPP,East Kalimantan,Berau
2.2403620716172377,117.21106488888188,1,8.260000228881836,2026-08-19,SNPP,East Kalimantan,Berau
2.2403620716172377,117.21443992088908,1,8.260000228881836,2026-08-19,SNPP,East Kalimantan,Berau
2.2403620716172377,117.21781495289632,1,8.260000228881836,2026-08-19,SNPP,East Kalimantan,Berau
2.2369896193962635,117.21079518888027,1,8.260000228881836,2026-08-19,SNPP,East Kalimantan,Berau
2.2369896193962635,117.2141702131216,1,8.260000228881836,2026-08-19,SNPP,East Kalimantan,Berau
2.2369896193962635,117.21754523736296,1,8.260000228881836,2026-08-19,SNPP,East Kalimantan,Berau
2.2369896193962635,117.25129547977649,1,10.09000015258789,2026-08-19,SNPP,East Kalimantan,Berau
2.2369896193962635,117.25467050401785,1,10.09000015258789,2026-08-19,SNPP,East Kalimantan,Berau
2.2369896193962635,117.25804552825917,1,10.09000015258789,2026-08-19,SNPP,East Kalimantan,Berau
2.2336171671752894,117.21052589620014,1,8.260000228881836,2026-08-19,SNPP,East Kalimantan,Berau
2.2336171671752894,117.21390091268732,1,8.260000228881836,2026-08-19,SNPP,East Kalimantan,Berau
2.2336171671752894,117.21727592917455,1,8.260000228881836,2026-08-19,SNPP,East Kalimantan,Berau
2.2336171671752894,117.25102609404664,1,10.09000015258789,2026-08-19,SNPP,East Kalimantan,Berau
2.2336171671752894,117.25440111053385,1,10.09000015258789,2026-08-19,SNPP,East Kalimantan,Berau
2.2336171671752894,117.25777612702105,1,10.09000015258789,2026-08-19,SNPP,East Kalimantan,Berau
2.230244714954315,117.24738210702955,1,5.690000057220459,2026-08-19,SNPP,East Kalimantan,Berau
2.230244714954315,117.25075711577433,1,10.09000015258789,2026-08-19,SNPP,East Kalimantan,Berau
2.230244714954315,117.25413212451913,1,10.09000015258789,2026-08-19,SNPP,East Kalimantan,Berau
2.230244714954315,117.25750713326391,1,10.09000015258789,2026-08-19,SNPP,East Kalimantan,Berau
2.226872262733341,117.24373854292672,1,5.690000057220459,2026-08-19,SNPP,East Kalimantan,Berau
2.226872262733341,117.24711354394083,1,5.690000057220459,2026-08-19,SNPP,East Kalimantan,Berau
2.226872262733341,117.25048854495492,1,10.09000015258789,2026-08-19,SNPP,East Kalimantan,Berau
2.226872262733341,117.25386354596904,1,10.09000015258789,2026-08-19,SNPP,East Kalimantan,Berau
2.226872262733341,117.25723854698315,1,10.09000015258789,2026-08-19,SNPP,East Kalimantan,Berau
2.223499810512367,116.98022091797188,2,11.75,2026-08-19,SNPP,East Kalimantan,Berau
2.223499810512367,116.98359591126703,2,11.75,2026-08-19,SNPP,East Kalimantan,Berau
2.223499810512367,116.98697090456217,2,11.75,2026-08-19,SNPP,East Kalimantan,Berau
2.223499810512367,117.24009540169828,1,3.5299999713897705,2026-08-19,SNPP,East Kalimantan,Berau
2.223499810512367,117.24347039499345,2,7.309999942779541,2026-08-19,SNPP,East Kalimantan,Berau
2.223499810512367,117.24684538828858,2,7.309999942779541,2026-08-19,SNPP,East Kalimantan,Berau
2.223499810512367,117.25022038158373,2,7.309999942779541,2026-08-19,SNPP,East Kalimantan,Berau
2.223499810512367,117.2535953748789,1,7.309999942779541,2026-08-19,SNPP,East Kalimantan,Berau
2.2201273582913927,116.97995377862267,2,11.75,2026-08-19,SNPP,East Kalimantan,Berau
2.2201273582913927,116.98332876421061,2,11.75,2026-08-19,SNPP,East Kalimantan,Berau
2.2201273582913927,116.98670374979851,2,11.75,2026-08-19,SNPP,East Kalimantan,Berau
2.2201273582913927,117.22632772654069,1,1.600000023841858,2026-08-19,SNPP,East Kalimantan,Berau
2.2201273582913927,117.22970271212859,1,1.600000023841858,2026-08-19,SNPP,East Kalimantan,Berau
2.2201273582913927,117.23307769771651,1,1.600000023841858,2026-08-19,SNPP,East Kalimantan,Berau
2.2201273582913927,117.23982766889235,1,3.5299999713897705,2026-08-19,SNPP,East Kalimantan,Berau
2.2201273582913927,117.24320265448027,2,7.309999942779541,2026-08-19,SNPP,East Kalimantan,Berau
2.2201273582913927,117.24657764006817,2,7.309999942779541,2026-08-19,SNPP,East Kalimantan,Berau
2.2201273582913927,117.24995262565609,2,7.309999942779541,2026-08-19,SNPP,East Kalimantan,Berau
2.2201273582913927,117.25332761124402,1,7.309999942779541,2026-08-19,SNPP,East Kalimantan,Berau
2.2167549060704186,116.97968704577417,2,11.75,2026-08-19,SNPP,East Kalimantan,Berau
2.2167549060704186,116.98306202366658,2,11.75,2026-08-19,SNPP,East Kalimantan,Berau
2.2167549060704186,116.98643700155898,2,11.75,2026-08-19,SNPP,East Kalimantan,Berau
2.2167549060704186,117.2260604319205,1,1.600000023841858,2026-08-19,SNPP,East Kalimantan,Berau
2.2167549060704186,117.22943540981291,1,1.600000023841858,2026-08-19,SNPP,East Kalimantan,Berau
2.2167549060704186,117.23281038770531,1,1.600000023841858,2026-08-19,SNPP,East Kalimantan,Berau
2.2167549060704186,117.23956034349015,1,3.5299999713897705,2026-08-19,SNPP,East Kalimantan,Berau
2.2167549060704186,117.24293532138257,2,7.309999942779541,2026-08-19,SNPP,East Kalimantan,Berau
2.2167549060704186,117.24631029927498,2,7.309999942779541,2026-08-19,SNPP,East Kalimantan,Berau
2.2167549060704186,117.24968527716742,2,7.309999942779541,2026-08-19,SNPP,East Kalimantan,Berau
2.2167549060704186,117.25306025505982,1,7.309999942779541,2026-08-19,SNPP,East Kalimantan,Berau
2.213382453849444,117.2257935446525,1,1.600000023841858,2026-08-19,SNPP,East Kalimantan,Berau
2.213382453849444,117.22916851486114,1,1.600000023841858,2026-08-19,SNPP,East Kalimantan,Berau
2.213382453849444,117.2325434850698,1,1.600000023841858,2026-08-19,SNPP,East Kalimantan,Berau
2.213382453849444,117.23929342548706,1,3.5299999713897705,2026-08-19,SNPP,East Kalimantan,Berau
2.213382453849444,117.2426683956957,1,3.5299999713897705,2026-08-19,SNPP,East Kalimantan,Berau
2.213382453849444,117.24604336590433,1,3.5299999713897705,2026-08-19,SNPP,East Kalimantan,Berau
2.213382453849444,117.28991797861669,1,2.259999990463257,2026-08-19,SNPP,East Kalimantan,Berau
2.213382453849444,117.29329294882534,1,2.259999990463257,2026-08-19,SNPP,East Kalimantan,Berau
2.213382453849444,117.29666791903395,1,2.259999990463257,2026-08-19,SNPP,East Kalimantan,Berau
2.2100100016284703,117.28965135292732,1,2.259999990463257,2026-08-19,SNPP,East Kalimantan,Berau
2.2100100016284703,117.29302631546393,1,2.259999990463257,2026-08-19,SNPP,East Kalimantan,Berau
2.2100100016284703,117.29640127800053,1,2.259999990463257,2026-08-19,SNPP,East Kalimantan,Berau
2.206637549407496,117.28938513480375,1,2.259999990463257,2026-08-19,SNPP,East Kalimantan,Berau
2.206637549407496,117.29276008968004,1,2.259999990463257,2026-08-19,SNPP,East Kalimantan,Berau
2.206637549407496,117.29613504455631,1,2.259999990463257,2026-08-19,SNPP,East Kalimantan,Berau
2.203265097186522,116.98199912652223,2,17.799999237060547,2026-08-19,SNPP,East Kalimantan,Berau
2.203265097186522,116.9853740737499,2,17.799999237060547,2026-08-19,SNPP,East Kalimantan,Berau
2.203265097186522,116.98874902097758,2,13.010000228881836,2026-08-19,SNPP,East Kalimantan,Berau
2.203265097186522,116.99212396820525,2,13.010000228881836,2026-08-19,SNPP,East Kalimantan,Berau
2.203265097186522,117.29924416592436,2,13.4399995803833,2026-08-19,SNPP,East Kalimantan,Berau
2.203265097186522,117.30261911315203,2,13.4399995803833,2026-08-19,SNPP,East Kalimantan,Berau
2.203265097186522,117.30599406037972,2,13.4399995803833,2026-08-19,SNPP,East Kalimantan,Berau
2.1998926449655474,116.98173441847099,2,17.799999237060547,2026-08-19,SNPP,East Kalimantan,Berau
2.1998926449655474,116.98510935806178,2,17.799999237060547,2026-08-19,SNPP,East Kalimantan,Berau
2.1998926449655474,116.98848429765263,2,13.010000228881836,2026-08-19,SNPP,East Kalimantan,Berau
2.1998926449655474,116.99185923724342,2,13.010000228881836,2026-08-19,SNPP,East Kalimantan,Berau
2.1998926449655474,117.29897874000784,2,13.4399995803833,2026-08-19,SNPP,East Kalimantan,Berau
2.1998926449655474,117.30235367959865,2,13.4399995803833,2026-08-19,SNPP,East Kalimantan,Berau
2.1998926449655474,117.30572861918948,2,13.4399995803833,2026-08-19,SNPP,East Kalimantan,Berau
2.1965201927445737,116.98147011690448,2,17.799999237060547,2026-08-19,SNPP,East Kalimantan,Berau
2.1965201927445737,116.98484504887014,2,17.799999237060547,2026-08-19,SNPP,East Kalimantan,Berau
2.1965201927445737,116.98821998083585,2,13.010000228881836,2026-08-19,SNPP,East Kalimantan,Berau
2.1965201927445737,116.9915949128015,2,13.010000228881836,2026-08-19,SNPP,East Kalimantan,Berau
2.1965201927445737,117.2987137216784,2,13.4399995803833,2026-08-19,SNPP,East Kalimantan,Berau
2.1965201927445737,117.30208865364408,2,13.4399995803833,2026-08-19,SNPP,East Kalimantan,Berau
2.1965201927445737,117.30546358560976,2,13.4399995803833,2026-08-19,SNPP,East Kalimantan,Berau
2.1931477405235995,116.98120622181816,2,17.799999237060547,2026-08-19,SNPP,East Kalimantan,Berau
2.1931477405235995,116.98458114617043,2,17.799999237060547,2026-08-19,SNPP,East Kalimantan,Berau
2.1931477405235995,116.9879560705227,2,13.010000228881836,2026-08-19,SNPP,East Kalimantan,Berau
2.1931477405235995,116.99133099487496,2,13.010000228881836,2026-08-19,SNPP,East Kalimantan,Berau
2.189775288302625,116.98431764995797,2,13.010000228881836,2026-08-19,SNPP,East Kalimantan,Berau
2.189775288302625,116.98769256670857,2,13.010000228881836,2026-08-19,SNPP,East Kalimantan,Berau
2.189775288302625,116.99106748345915,2,13.010000228881836,2026-08-19,SNPP,East Kalimantan,Berau
2.189775288302625,117.24418623975309,1,5.5,2026-08-19,SNPP,East Kalimantan,Berau
2.189775288302625,117.24756115650368,1,5.5,2026-08-19,SNPP,East Kalimantan,Berau
2.189775288302625,117.25093607325428,1,5.159999847412109,2026-08-19,SNPP,East Kalimantan,Berau
2.189775288302625,117.25431099000485,1,5.159999847412109,2026-08-19,SNPP,East Kalimantan,Berau
2.189775288302625,117.25768590675544,1,5.159999847412109,2026-08-19,SNPP,East Kalimantan,Berau
2.189775288302625,117.2880601575107,1,5.800000190734863,2026-08-19,SNPP,East Kalimantan,Berau
2.189775288302625,117.2914350742613,1,5.800000190734863,2026-08-19,SNPP,East Kalimantan,Berau
2.189775288302625,117.29480999101187,1,5.800000190734863,2026-08-19,SNPP,East Kalimantan,Berau
2.1864028360816508,117.24392256559672,1,5.5,2026-08-19,SNPP,East Kalimantan,Berau
2.1864028360816508,117.24729747475733,1,5.5,2026-08-19,SNPP,East Kalimantan,Berau
2.1864028360816508,117.25067238391799,1,5.159999847412109,2026-08-19,SNPP,East Kalimantan,Berau
2.1864028360816508,117.2540472930786,1,5.159999847412109,2026-08-19,SNPP,East Kalimantan,Berau
2.1864028360816508,117.25742220223923,1,5.159999847412109,2026-08-19,SNPP,East Kalimantan,Berau
2.1864028360816508,117.28779638468488,1,5.800000190734863,2026-08-19,SNPP,East Kalimantan,Berau
2.1864028360816508,117.29117129384552,1,5.800000190734863,2026-08-19,SNPP,East Kalimantan,Berau
2.1864028360816508,117.29454620300615,1,5.800000190734863,2026-08-19,SNPP,East Kalimantan,Berau
2.1830303838606766,117.24365929882143,1,5.5,2026-08-19,SNPP,East Kalimantan,Berau
2.1830303838606766,117.24703420040383,1,5.5,2026-08-19,SNPP,East Kalimantan,Berau
2.1830303838606766,117.25040910198624,1,5.159999847412109,2026-08-19,SNPP,East Kalimantan,Berau
2.1830303838606766,117.25378400356864,1,5.159999847412109,2026-08-19,SNPP,East Kalimantan,Berau
2.1830303838606766,117.25715890515104,1,5.159999847412109,2026-08-19,SNPP,East Kalimantan,Berau
2.1830303838606766,117.28753301939263,2,5.800000190734863,2026-08-19,SNPP,East Kalimantan,Berau
2.1830303838606766,117.29090792097503,2,5.800000190734863,2026-08-19,SNPP,East Kalimantan,Berau
2.1830303838606766,117.2942828225574,1,5.800000190734863,2026-08-19,SNPP,East Kalimantan,Berau
2.179657931639703,117.28052027359757,1,4.699999809265137,2026-08-19,SNPP,East Kalimantan,Berau
2.179657931639703,117.28389516761347,1,4.699999809265137,2026-08-19,SNPP,East Kalimantan,Berau
2.179657931639703,117.28727006162936,2,5.800000190734863,2026-08-19,SNPP,East Kalimantan,Berau
2.179657931639703,117.29064495564525,2,5.800000190734863,2026-08-19,SNPP,East Kalimantan,Berau
2.179657931639703,117.29401984966114,1,12.390000343322754,2026-08-19,SNPP,East Kalimantan,Berau
2.179657931639703,117.29739474367705,1,12.390000343322754,2026-08-19,SNPP,East Kalimantan,Berau
2.1762854794187283,117.2802577384683,1,4.699999809265137,2026-08-19,SNPP,East Kalimantan,Berau
2.1762854794187283,117.28363262492942,1,4.699999809265137,2026-08-19,SNPP,East Kalimantan,Berau
2.1762854794187283,117.28700751139053,2,5.800000190734863,2026-08-19,SNPP,East Kalimantan,Berau
2.1762854794187283,117.29038239785166,2,5.800000190734863,2026-08-19,SNPP,East Kalimantan,Berau
2.1762854794187283,117.29375728431276,1,12.390000343322754,2026-08-19,SNPP,East Kalimantan,Berau
2.1762854794187283,117.29713217077389,1,12.390000343322754,2026-08-19,SNPP,East Kalimantan,Berau
2.1762854794187283,117.33088103538505,1,19.65999984741211,2026-08-19,SNPP,East Kalimantan,Berau
2.1762854794187283,117.33425592184615,2,19.65999984741211,2026-08-19,SNPP,East Kalimantan,Berau
2.1762854794187283,117.33763080830728,2,19.65999984741211,2026-08-19,SNPP,East Kalimantan,Berau
2.172913027197754,117.2428719427367,2,6.400000095367432,2026-08-19,SNPP,East Kalimantan,Berau
2.172913027197754,117.24624682165478,2,6.400000095367432,2026-08-19,SNPP,East Kalimantan,Berau
2.172913027197754,117.27999561083544,1,4.699999809265137,2026-08-19,SNPP,East Kalimantan,Berau
2.172913027197754,117.28337048975351,1,4.699999809265137,2026-08-19,SNPP,East Kalimantan,Berau
2.172913027197754,117.28674536867156,1,12.390000343322754,2026-08-19,SNPP,East Kalimantan,Berau
2.172913027197754,117.29012024758964,1,12.390000343322754,2026-08-19,SNPP,East Kalimantan,Berau
2.172913027197754,117.2934951265077,1,12.390000343322754,2026-08-19,SNPP,East Kalimantan,Berau
2.172913027197754,117.29687000542577,1,12.390000343322754,2026-08-19,SNPP,East Kalimantan,Berau
2.172913027197754,117.33061879460642,1,19.65999984741211,2026-08-19,SNPP,East Kalimantan,Berau
2.172913027197754,117.33399367352447,2,19.65999984741211,2026-08-19,SNPP,East Kalimantan,Berau
2.172913027197754,117.33736855244256,2,19.65999984741211,2026-08-19,SNPP,East Kalimantan,Berau
2.16954057497678,117.23923543405357,1,6.400000095367432,2026-08-19,SNPP,East Kalimantan,Berau
2.16954057497678,117.2426103054403,2,6.400000095367432,2026-08-19,SNPP,East Kalimantan,Berau
2.16954057497678,117.24598517682705,2,6.400000095367432,2026-08-19,SNPP,East Kalimantan,Berau
2.16954057497678,117.27973389069446,1,4.699999809265137,2026-08-19,SNPP,East Kalimantan,Berau
2.16954057497678,117.28310876208121,1,4.699999809265137,2026-08-19,SNPP,East Kalimantan,Berau
2.16954057497678,117.28648363346794,1,4.699999809265137,2026-08-19,SNPP,East Kalimantan,Berau
2.16954057497678,117.28985850485466,1,4.699999809265137,2026-08-19,SNPP,East Kalimantan,Berau
2.16954057497678,117.33035696149555,1,19.65999984741211,2026-08-19,SNPP,East Kalimantan,Berau
2.16954057497678,117.3337318328823,2,19.65999984741211,2026-08-19,SNPP,East Kalimantan,Berau
2.16954057497678,117.33710670426903,2,19.65999984741211,2026-08-19,SNPP,East Kalimantan,Berau
2.166168122755806,117.2389742116351,1,6.400000095367432,2026-08-19,SNPP,East Kalimantan,Berau
2.166168122755806,117.24234907550223,2,6.400000095367432,2026-08-19,SNPP,East Kalimantan,Berau
2.166168122755806,117.24572393936938,2,6.400000095367432,2026-08-19,SNPP,East Kalimantan,Berau
2.166168122755806,117.3300955360479,1,19.65999984741211,2026-08-19,SNPP,East Kalimantan,Berau
2.166168122755806,117.33347039991504,1,19.65999984741211,2026-08-19,SNPP,East Kalimantan,Berau
2.1627956705348317,117.23871339655872,1,6.400000095367432,2026-08-19,SNPP,East Kalimantan,Berau
2.1627956705348317,117.24208825291798,2,6.400000095367432,2026-08-19,SNPP,East Kalimantan,Berau
2.1627956705348317,117.24546310927725,2,6.400000095367432,2026-08-19,SNPP,East Kalimantan,Berau
2.1594232183138575,117.13383267406317,1,4.789999961853027,2026-08-19,SNPP,East Kalimantan,Berau
2.1594232183138575,117.1372075229263,1,4.789999961853027,2026-08-19,SNPP,East Kalimantan,Berau
2.1594232183138575,117.14058237178942,1,4.789999961853027,2026-08-19,SNPP,East Kalimantan,Berau
2.1560507660928834,117.13357290567448,1,4.789999961853027,2026-08-19,SNPP,East Kalimantan,Berau
2.1560507660928834,117.1369477470532,1,4.789999961853027,2026-08-19,SNPP,East Kalimantan,Berau
2.1560507660928834,117.1403225884319,1,4.789999961853027,2026-08-19,SNPP,East Kalimantan,Berau
2.152678313871909,117.13331354425085,1,4.789999961853027,2026-08-19,SNPP,East Kalimantan,Berau
2.152678313871909,117.13668837815686,1,4.789999961853027,2026-08-19,SNPP,East Kalimantan,Berau
2.152678313871909,117.14006321206286,1,4.789999961853027,2026-08-19,SNPP,East Kalimantan,Berau
2.145933409429961,117.15304495625541,1,3.1600000858306885,2026-08-19,SNPP,East Kalimantan,Berau
2.145933409429961,117.1564197752512,1,3.1600000858306885,2026-08-19,SNPP,East Kalimantan,Berau
2.145933409429961,117.15979459424699,1,3.1600000858306885,2026-08-19,SNPP,East Kalimantan,Berau
2.1425609572089863,117.13253790172524,1,1.75,2026-08-19,SNPP,East Kalimantan,Berau
2.1425609572089863,117.13591271328352,1,1.75,2026-08-19,SNPP,East Kalimantan,Berau
2.1425609572089863,117.15278677107482,1,3.1600000858306885,2026-08-19,SNPP,East Kalimantan,Berau
2.1425609572089863,117.15616158263306,1,3.1600000858306885,2026-08-19,SNPP,East Kalimantan,Berau
2.1425609572089863,117.15953639419135,1,3.1600000858306885,2026-08-19,SNPP,East Kalimantan,Berau
2.1391885049880126,117.13228016811682,1,1.75,2026-08-19,SNPP,East Kalimantan,Berau
2.1391885049880126,117.13565497224931,1,1.75,2026-08-19,SNPP,East Kalimantan,Berau
2.1391885049880126,117.15252899291163,1,3.1600000858306885,2026-08-19,SNPP,East Kalimantan,Berau
2.1391885049880126,117.1559037970441,1,3.1600000858306885,2026-08-19,SNPP,East Kalimantan,Berau
2.1391885049880126,117.15927860117657,1,3.1600000858306885,2026-08-19,SNPP,East Kalimantan,Berau
2.1391885049880126,117.17615262183888,1,2.7899999618530273,2026-08-19,SNPP,East Kalimantan,Berau
2.1391885049880126,117.17952742597139,1,2.7899999618530273,2026-08-19,SNPP,East Kalimantan,Berau
2.1358160527670385,117.13202284145103,1,1.75,2026-08-19,SNPP,East Kalimantan,Berau
2.1358160527670385,117.13539763816945,1,1.75,2026-08-19,SNPP,East Kalimantan,Berau
2.1358160527670385,117.17589519879019,1,2.7899999618530273,2026-08-19,SNPP,East Kalimantan,Berau
2.1358160527670385,117.17926999550858,1,2.7899999618530273,2026-08-19,SNPP,East Kalimantan,Berau
2.1324436005460643,117.17563818283205,1,2.7899999618530273,2026-08-19,SNPP,East Kalimantan,Berau
2.1324436005460643,117.17901297214809,1,2.7899999618530273,2026-08-19,SNPP,East Kalimantan,Berau
2.0852292694524257,117.33069298641097,1,6.639999866485596,2026-08-19,SNPP,East Kalimantan,Berau
2.0852292694524257,117.33406767332518,1,6.639999866485596,2026-08-19,SNPP,East Kalimantan,Berau
2.0852292694524257,117.33744236023938,1,6.639999866485596,2026-08-19,SNPP,East Kalimantan,Berau
2.0852292694524257,117.3408170471536,1,6.639999866485596,2026-08-19,SNPP,East Kalimantan,Berau
2.0852292694524257,117.34419173406778,1,5.989999771118164,2026-08-19,SNPP,East Kalimantan,Berau
2.0818568172314516,117.33044173663501,1,6.639999866485596,2026-08-19,SNPP,East Kalimantan,Berau
2.0818568172314516,117.33381641632273,1,6.639999866485596,2026-08-19,SNPP,East Kalimantan,Berau
2.0818568172314516,117.33719109601043,1,6.639999866485596,2026-08-19,SNPP,East Kalimantan,Berau
2.0818568172314516,117.34056577569815,1,6.639999866485596,2026-08-19,SNPP,East Kalimantan,Berau
2.0818568172314516,117.34394045538588,1,5.989999771118164,2026-08-19,SNPP,East Kalimantan,Berau
2.0784843650104774,117.33019089443009,1,6.639999866485596,2026-08-19,SNPP,East Kalimantan,Berau
2.0784843650104774,117.33356556690303,1,6.639999866485596,2026-08-19,SNPP,East Kalimantan,Berau
2.0784843650104774,117.33694023937596,1,6.639999866485596,2026-08-19,SNPP,East Kalimantan,Berau
2.0784843650104774,117.34031491184892,1,6.639999866485596,2026-08-19,SNPP,East Kalimantan,Berau
2.0784843650104774,117.34368958432185,1,5.989999771118164,2026-08-19,SNPP,East Kalimantan,Berau
2.051504747242684,117.33832267435724,1,2.759999990463257,2026-08-19,SNPP,East Kalimantan,Berau
2.051504747242684,117.34169728953401,1,2.759999990463257,2026-08-19,SNPP,East Kalimantan,Berau
2.051504747242684,117.34507190471082,1,2.759999990463257,2026-08-19,SNPP,East Kalimantan,Berau
2.04813229502171,117.14909742698751,1,1.4500000476837158,2026-08-19,SNPP,East Kalimantan,Berau
2.04813229502171,117.15247203505506,1,1.4500000476837158,2026-08-19,SNPP,East Kalimantan,Berau
2.04813229502171,117.17609429152769,1,1.4299999475479126,2026-08-19,SNPP,East Kalimantan,Berau
2.04813229502171,117.17946889959524,1,1.4299999475479126,2026-08-19,SNPP,East Kalimantan,Berau
2.04813229502171,117.18284350766274,1,1.4299999475479126,2026-08-19,SNPP,East Kalimantan,Berau
2.04813229502171,117.33807547876874,1,2.759999990463257,2026-08-19,SNPP,East Kalimantan,Berau
2.04813229502171,117.34145008683626,1,2.759999990463257,2026-08-19,SNPP,East Kalimantan,Berau
2.04813229502171,117.34482469490379,2,7.289999961853027,2026-08-19,SNPP,East Kalimantan,Berau
2.04813229502171,117.34819930297132,2,7.289999961853027,2026-08-19,SNPP,East Kalimantan,Berau
2.04813229502171,117.35157391103881,2,7.289999961853027,2026-08-19,SNPP,East Kalimantan,Berau
2.0447598428007354,117.1488510364248,1,1.4500000476837158,2026-08-19,SNPP,East Kalimantan,Berau
2.0447598428007354,117.15222563739479,1,1.4500000476837158,2026-08-19,SNPP,East Kalimantan,Berau
2.0447598428007354,117.1758478441846,1,1.4299999475479126,2026-08-19,SNPP,East Kalimantan,Berau
2.0447598428007354,117.17922244515456,1,1.4299999475479126,2026-08-19,SNPP,East Kalimantan,Berau
2.0447598428007354,117.18259704612453,1,1.4299999475479126,2026-08-19,SNPP,East Kalimantan,Berau
2.0447598428007354,117.33782869074324,1,2.759999990463257,2026-08-19,SNPP,East Kalimantan,Berau
2.0447598428007354,117.3412032917132,1,2.759999990463257,2026-08-19,SNPP,East Kalimantan,Berau
2.0447598428007354,117.34457789268319,2,7.289999961853027,2026-08-19,SNPP,East Kalimantan,Berau
2.0447598428007354,117.34795249365318,2,7.289999961853027,2026-08-19,SNPP,East Kalimantan,Berau
2.0447598428007354,117.35132709462312,2,7.289999961853027,2026-08-19,SNPP,East Kalimantan,Berau
2.0413873905797613,117.14860505276444,1,1.4500000476837158,2026-08-19,SNPP,East Kalimantan,Berau
2.0413873905797613,117.15197964664857,1,1.4500000476837158,2026-08-19,SNPP,East Kalimantan,Berau
2.0413873905797613,117.17560180383757,1,1.4299999475479126,2026-08-19,SNPP,East Kalimantan,Berau
2.0413873905797613,117.17897639772173,1,1.4299999475479126,2026-08-19,SNPP,East Kalimantan,Berau
2.0413873905797613,117.18235099160586,1,1.4299999475479126,2026-08-19,SNPP,East Kalimantan,Berau
2.0413873905797613,117.34433149804471,2,7.289999961853027,2026-08-19,SNPP,East Kalimantan,Berau
2.0413873905797613,117.34770609192888,2,7.289999961853027,2026-08-19,SNPP,East Kalimantan,Berau
2.0413873905797613,117.351080685813,2,7.289999961853027,2026-08-19,SNPP,East Kalimantan,Berau
2.0245251294748905,117.23174520361849,2,8.100000381469727,2026-08-19,SNPP,East Kalimantan,Berau
2.0245251294748905,117.23511976224931,2,8.100000381469727,2026-08-19,SNPP,East Kalimantan,Berau
2.0211526772539163,117.23150148589504,2,8.100000381469727,2026-08-19,SNPP,East Kalimantan,Berau
2.0211526772539163,117.23487603751035,2,8.100000381469727,2026-08-19,SNPP,East Kalimantan,Berau
2.017780225032942,117.23125817533719,2,8.100000381469727,2026-08-19,SNPP,East Kalimantan,Berau
2.017780225032942,117.2346327199487,2,8.100000381469727,2026-08-19,SNPP,East Kalimantan,Berau
2.017780225032942,117.23800726456027,1,3.509999990463257,2026-08-19,SNPP,East Kalimantan,Berau
2.014407772811968,117.2310152719407,2,8.100000381469727,2026-08-19,SNPP,East Kalimantan,Berau
2.014407772811968,117.23438980956018,2,8.100000381469727,2026-08-19,SNPP,East Kalimantan,Berau
2.014407772811968,117.23776434717965,1,3.509999990463257,2026-08-19,SNPP,East Kalimantan,Berau
2.014407772811968,117.24788796003801,2,14.239999771118164,2026-08-19,SNPP,East Kalimantan,Berau
2.014407772811968,117.25126249765748,2,14.239999771118164,2026-08-19,SNPP,East Kalimantan,Berau
2.0110353205909934,117.23077277570142,1,3.509999990463257,2026-08-19,SNPP,East Kalimantan,Berau
2.0110353205909934,117.23414730634055,1,3.509999990463257,2026-08-19,SNPP,East Kalimantan,Berau
2.0110353205909934,117.23752183697967,1,3.509999990463257,2026-08-19,SNPP,East Kalimantan,Berau
2.0110353205909934,117.24764542889702,2,14.239999771118164,2026-08-19,SNPP,East Kalimantan,Berau
2.0110353205909934,117.25101995953614,2,14.239999771118164,2026-08-19,SNPP,East Kalimantan,Berau
2.0076628683700197,117.24740330496756,2,14.239999771118164,2026-08-19,SNPP,East Kalimantan,Berau
2.0076628683700197,117.25077782863805,2,14.239999771118164,2026-08-19,SNPP,East Kalimantan,Berau
1.990800607265149,117.21245390331512,1,4.28000020980835,2026-08-19,SNPP,East Kalimantan,Berau
1.990800607265149,117.21582839231831,1,4.28000020980835,2026-08-19,SNPP,East Kalimantan,Berau
1.9874281550441744,117.21221429155011,1,4.28000020980835,2026-08-19,SNPP,East Kalimantan,Berau
1.9874281550441744,117.21558877365499,1,4.28000020980835,2026-08-19,SNPP,East Kalimantan,Berau
1.9840557028232004,117.21197508685022,1,4.28000020980835,2026-08-19,SNPP,East Kalimantan,Berau
1.9840557028232004,117.21534956206852,1,4.28000020980835,2026-08-19,SNPP,East Kalimantan,Berau
1.9705658939393036,117.2110223386189,2,19.360000610351562,2026-08-19,SNPP,East Kalimantan,Berau
1.9705658939393036,117.21439678640806,2,19.360000610351562,2026-08-19,SNPP,East Kalimantan,Berau
1.9705658939393036,117.21777123419722,2,19.360000610351562,2026-08-19,SNPP,East Kalimantan,Berau
1.9705658939393036,117.22114568198633,1,23.100000381469727,2026-08-19,SNPP,East Kalimantan,Berau
1.9705658939393036,117.22452012977548,1,23.100000381469727,2026-08-19,SNPP,East Kalimantan,Berau
1.9671934417183297,117.2107851691825,2,19.360000610351562,2026-08-19,SNPP,East Kalimantan,Berau
1.9671934417183297,117.21415961014367,2,19.360000610351562,2026-08-19,SNPP,East Kalimantan,Berau
1.9671934417183297,117.2175340511048,2,19.360000610351562,2026-08-19,SNPP,East Kalimantan,Berau
1.9671934417183297,117.22090849206594,1,23.100000381469727,2026-08-19,SNPP,East Kalimantan,Berau
1.9671934417183297,117.22428293302708,1,23.100000381469727,2026-08-19,SNPP,East Kalimantan,Berau
1.963820989497355,117.2105484067864,2,19.360000610351562,2026-08-19,SNPP,East Kalimantan,Berau
1.963820989497355,117.21392284093128,2,19.360000610351562,2026-08-19,SNPP,East Kalimantan,Berau
1.963820989497355,117.21729727507616,2,19.360000610351562,2026-08-19,SNPP,East Kalimantan,Berau
1.963820989497355,117.22067170922102,1,23.100000381469727,2026-08-19,SNPP,East Kalimantan,Berau
1.963820989497355,117.2240461433659,1,23.100000381469727,2026-08-19,SNPP,East Kalimantan,Berau
1.963820989497355,117.24766718237997,1,6.840000152587891,2026-08-19,SNPP,East Kalimantan,Berau
1.963820989497355,117.25104161652486,1,6.840000152587891,2026-08-19,SNPP,East Kalimantan,Berau
1.963820989497355,117.25441605066972,1,6.840000152587891,2026-08-19,SNPP,East Kalimantan,Berau
1.963820989497355,117.27128822139407,1,3.2100000381469727,2026-08-19,SNPP,East Kalimantan,Berau
1.963820989497355,117.27466265553896,1,3.2100000381469727,2026-08-19,SNPP,East Kalimantan,Berau
1.963820989497355,117.2780370896838,1,3.2100000381469727,2026-08-19,SNPP,East Kalimantan,Berau
1.9604485372763811,117.21706090610716,1,6.119999885559082,2026-08-19,SNPP,East Kalimantan,Berau
1.9604485372763811,117.22043533344747,1,6.119999885559082,2026-08-19,SNPP,East Kalimantan,Berau
1.9604485372763811,117.24743075217002,1,6.840000152587891,2026-08-19,SNPP,East Kalimantan,Berau
1.9604485372763811,117.25080517951034,1,6.840000152587891,2026-08-19,SNPP,East Kalimantan,Berau
1.9604485372763811,117.25417960685064,1,6.840000152587891,2026-08-19,SNPP,East Kalimantan,Berau
1.9604485372763811,117.26092846153126,2,16.290000915527344,2026-08-19,SNPP,East Kalimantan,Berau
1.9604485372763811,117.2643028888716,2,16.290000915527344,2026-08-19,SNPP,East Kalimantan,Berau
1.9604485372763811,117.26767731621193,2,16.290000915527344,2026-08-19,SNPP,East Kalimantan,Berau
1.9604485372763811,117.2710517435522,1,3.2100000381469727,2026-08-19,SNPP,East Kalimantan,Berau
1.9604485372763811,117.27442617089253,1,3.2100000381469727,2026-08-19,SNPP,East Kalimantan,Berau
1.9604485372763811,117.27780059823283,1,3.2100000381469727,2026-08-19,SNPP,East Kalimantan,Berau
1.9604485372763811,117.29129830759412,1,2.7100000381469727,2026-08-19,SNPP,East Kalimantan,Berau
1.9604485372763811,117.29467273493442,1,2.7100000381469727,2026-08-19,SNPP,East Kalimantan,Berau
1.957076085055407,117.21682494419373,1,6.119999885559082,2026-08-19,SNPP,East Kalimantan,Berau
1.957076085055407,117.22019936474119,1,6.119999885559082,2026-08-19,SNPP,East Kalimantan,Berau
1.957076085055407,117.24719472912102,1,6.840000152587891,2026-08-19,SNPP,East Kalimantan,Berau
1.957076085055407,117.25056914966852,1,6.840000152587891,2026-08-19,SNPP,East Kalimantan,Berau
1.957076085055407,117.25394357021598,1,6.840000152587891,2026-08-19,SNPP,East Kalimantan,Berau
1.957076085055407,117.26069241131093,2,16.290000915527344,2026-08-19,SNPP,East Kalimantan,Berau
1.957076085055407,117.26406683185843,2,16.290000915527344,2026-08-19,SNPP,East Kalimantan,Berau
1.957076085055407,117.26744125240592,2,16.290000915527344,2026-08-19,SNPP,East Kalimantan,Berau
1.957076085055407,117.27081567295339,1,3.2100000381469727,2026-08-19,SNPP,East Kalimantan,Berau
1.957076085055407,117.27419009350089,1,3.2100000381469727,2026-08-19,SNPP,East Kalimantan,Berau
1.957076085055407,117.27756451404834,1,3.2100000381469727,2026-08-19,SNPP,East Kalimantan,Berau
1.957076085055407,117.29106219623827,1,2.7100000381469727,2026-08-19,SNPP,East Kalimantan,Berau
1.957076085055407,117.29443661678575,1,2.7100000381469727,2026-08-19,SNPP,East Kalimantan,Berau
1.953703632834433,117.26045676829442,2,16.290000915527344,2026-08-19,SNPP,East Kalimantan,Berau
1.953703632834433,117.2638311820608,2,16.290000915527344,2026-08-19,SNPP,East Kalimantan,Berau
1.953703632834433,117.26720559582715,2,16.290000915527344,2026-08-19,SNPP,East Kalimantan,Berau
1.953703632834433,117.2705800095935,1,3.2100000381469727,2026-08-19,SNPP,East Kalimantan,Berau
1.953703632834433,117.27395442335987,1,3.2100000381469727,2026-08-19,SNPP,East Kalimantan,Berau
1.953703632834433,117.27732883712622,1,3.2100000381469727,2026-08-19,SNPP,East Kalimantan,Berau
1.953703632834433,117.28745207842532,1,8.270000457763672,2026-08-19,SNPP,East Kalimantan,Berau
1.953703632834433,117.29082649219167,1,8.270000457763672,2026-08-19,SNPP,East Kalimantan,Berau
1.953703632834433,117.29420090595802,1,2.7100000381469727,2026-08-19,SNPP,East Kalimantan,Berau
1.9503311806134584,117.28721678845329,1,8.270000457763672,2026-08-19,SNPP,East Kalimantan,Berau
1.9503311806134584,117.29059119545025,1,8.270000457763672,2026-08-19,SNPP,East Kalimantan,Berau
1.9469587283924845,117.28698190577066,1,8.270000457763672,2026-08-19,SNPP,East Kalimantan,Berau
1.9469587283924845,117.29035630600994,1,8.270000457763672,2026-08-19,SNPP,East Kalimantan,Berau
1.9435862761715104,117.25975228242679,1,3.7799999713897705,2026-08-19,SNPP,East Kalimantan,Berau
1.9435862761715104,117.2631266759201,1,3.7799999713897705,2026-08-19,SNPP,East Kalimantan,Berau
1.9435862761715104,117.26650106941344,1,3.7799999713897705,2026-08-19,SNPP,East Kalimantan,Berau
1.940213823950536,117.2595182681846,1,3.7799999713897705,2026-08-19,SNPP,East Kalimantan,Berau
1.940213823950536,117.26289265494371,1,3.7799999713897705,2026-08-19,SNPP,East Kalimantan,Berau
1.940213823950536,117.26626704170278,1,3.7799999713897705,2026-08-19,SNPP,East Kalimantan,Berau
1.9368413717295618,117.2592846611259,1,3.7799999713897705,2026-08-19,SNPP,East Kalimantan,Berau
1.9368413717295618,117.26265904116245,1,3.7799999713897705,2026-08-19,SNPP,East Kalimantan,Berau
1.9368413717295618,117.266033421199,1,3.7799999713897705,2026-08-19,SNPP,East Kalimantan,Berau
1.2117641442201141,109.68613744197921,1,4.460000038146973,2026-08-19,SNPP,West Kalimantan,Bengkayang
1.2117641442201141,109.68951064857588,1,4.460000038146973,2026-08-19,SNPP,West Kalimantan,Bengkayang
1.20839169199914,109.68600106849743,1,4.460000038146973,2026-08-19,SNPP,West Kalimantan,Bengkayang
1.20839169199914,109.68937427090016,1,4.460000038146973,2026-08-19,SNPP,West Kalimantan,Bengkayang
1.2050192397781658,109.68586507536602,1,4.460000038146973,2026-08-19,SNPP,West Kalimantan,Bengkayang
1.2050192397781658,109.68923827358653,1,4.460000038146973,2026-08-19,SNPP,West Kalimantan,Bengkayang
1.3567795897220039,109.92175241181293,1,5.300000190734863,2026-08-19,SNPP,West Kalimantan,Bengkayang
1.3567795897220039,109.925125809815,1,5.300000190734863,2026-08-19,SNPP,West Kalimantan,Bengkayang
1.3567795897220039,109.92849920781707,1,5.300000190734863,2026-08-19,SNPP,West Kalimantan,Bengkayang
1.3534071375010295,109.92159936154758,1,5.300000190734863,2026-08-19,SNPP,West Kalimantan,Bengkayang
1.3534071375010295,109.92497275485267,1,5.300000190734863,2026-08-19,SNPP,West Kalimantan,Bengkayang
1.3534071375010295,109.92834614815777,1,5.300000190734863,2026-08-19,SNPP,West Kalimantan,Bengkayang
1.3500346852800553,109.92144669253581,1,5.300000190734863,2026-08-19,SNPP,West Kalimantan,Bengkayang
1.3500346852800553,109.92482008115564,1,5.300000190734863,2026-08-19,SNPP,West Kalimantan,Bengkayang
1.3500346852800553,109.92819346977547,1,5.300000190734863,2026-08-19,SNPP,West Kalimantan,Bengkayang
1.285958093081546,109.9354849251276,1,5.860000133514404,2026-08-19,SNPP,West Kalimantan,Bengkayang
1.285958093081546,109.93885822695022,1,5.860000133514404,2026-08-19,SNPP,West Kalimantan,Bengkayang
1.285958093081546,109.94223152877282,1,5.860000133514404,2026-08-19,SNPP,West Kalimantan,Bengkayang
1.285958093081546,109.94560483059543,1,5.239999771118164,2026-08-19,SNPP,West Kalimantan,Bengkayang
1.2825856408605718,109.9353398583843,1,5.860000133514404,2026-08-19,SNPP,West Kalimantan,Bengkayang
1.2825856408605718,109.93871315575564,1,5.860000133514404,2026-08-19,SNPP,West Kalimantan,Bengkayang
1.2825856408605718,109.94208645312696,1,5.860000133514404,2026-08-19,SNPP,West Kalimantan,Bengkayang
1.2825856408605718,109.94545975049829,1,5.239999771118164,2026-08-19,SNPP,West Kalimantan,Bengkayang
1.2792131886395977,109.9351951728989,1,5.860000133514404,2026-08-19,SNPP,West Kalimantan,Bengkayang
1.2792131886395977,109.93856846583064,1,5.860000133514404,2026-08-19,SNPP,West Kalimantan,Bengkayang
1.2792131886395977,109.9419417587624,1,5.860000133514404,2026-08-19,SNPP,West Kalimantan,Bengkayang
1.2792131886395977,109.94531505169415,1,5.239999771118164,2026-08-19,SNPP,West Kalimantan,Bengkayang
1.2758407364186235,109.93505086866888,1,5.860000133514404,2026-08-19,SNPP,West Kalimantan,Bengkayang
1.2758407364186235,109.93842415717276,1,5.860000133514404,2026-08-19,SNPP,West Kalimantan,Bengkayang
1.2758407364186235,109.94179744567663,1,5.860000133514404,2026-08-19,SNPP,West Kalimantan,Bengkayang
2.5135307015161463,117.73724304769107,1,2.2100000381469727,2026-08-19,SNPP,North Kalimantan,Bulungan
2.5135307015161463,117.7406187476974,1,2.2100000381469727,2026-08-19,SNPP,North Kalimantan,Bulungan
2.5101582492951717,117.73693903973985,1,2.2100000381469727,2026-08-19,SNPP,North Kalimantan,Bulungan
2.5101582492951717,117.74031473102983,1,2.2100000381469727,2026-08-19,SNPP,North Kalimantan,Bulungan
2.5067857970741976,117.73663544126154,1,2.2100000381469727,2026-08-19,SNPP,North Kalimantan,Bulungan
2.5067857970741976,117.74001112384688,1,2.2100000381469727,2026-08-19,SNPP,North Kalimantan,Bulungan
2.4561990137595853,117.90090826851004,1,3.309999942779541,2026-08-19,SNPP,North Kalimantan,Bulungan
2.4561990137595853,117.90428382193488,1,3.309999942779541,2026-08-19,SNPP,North Kalimantan,Bulungan
2.452826561538611,117.90061079504638,1,3.309999942779541,2026-08-19,SNPP,North Kalimantan,Bulungan
2.452826561538611,117.90398633995443,1,3.309999942779541,2026-08-19,SNPP,North Kalimantan,Bulungan
2.452826561538611,117.91411297467866,2,12.9399995803833,2026-08-19,SNPP,North Kalimantan,Bulungan
2.452826561538611,117.91748851958674,2,12.9399995803833,2026-08-19,SNPP,North Kalimantan,Bulungan
2.4494541093176365,117.90031373155387,1,3.309999942779541,2026-08-19,SNPP,North Kalimantan,Bulungan
2.4494541093176365,117.90368926795688,1,3.309999942779541,2026-08-19,SNPP,North Kalimantan,Bulungan
2.4494541093176365,117.9070648043599,2,19.200000762939453,2026-08-19,SNPP,North Kalimantan,Bulungan
2.4494541093176365,117.91044034076293,2,19.200000762939453,2026-08-19,SNPP,North Kalimantan,Bulungan
2.4494541093176365,117.91381587716593,2,12.9399995803833,2026-08-19,SNPP,North Kalimantan,Bulungan
2.4494541093176365,117.91719141356896,2,12.9399995803833,2026-08-19,SNPP,North Kalimantan,Bulungan
2.4460816570966624,117.90001707802736,1,3.309999942779541,2026-08-19,SNPP,North Kalimantan,Bulungan
2.4460816570966624,117.90339260593704,1,5.75,2026-08-19,SNPP,North Kalimantan,Bulungan
2.4460816570966624,117.90676813384674,2,19.200000762939453,2026-08-19,SNPP,North Kalimantan,Bulungan
2.4460816570966624,117.91014366175646,2,19.200000762939453,2026-08-19,SNPP,North Kalimantan,Bulungan
2.4460816570966624,117.91351918966613,2,12.9399995803833,2026-08-19,SNPP,North Kalimantan,Bulungan
2.4460816570966624,117.91689471757586,2,12.9399995803833,2026-08-19,SNPP,North Kalimantan,Bulungan
2.442709204875688,117.89972083446166,1,5.75,2026-08-19,SNPP,North Kalimantan,Bulungan
2.442709204875688,117.90309635388975,1,5.75,2026-08-19,SNPP,North Kalimantan,Bulungan
2.442709204875688,117.90647187331788,2,19.200000762939453,2026-08-19,SNPP,North Kalimantan,Bulungan
2.442709204875688,117.90984739274603,2,19.200000762939453,2026-08-19,SNPP,North Kalimantan,Bulungan
2.442709204875688,117.91322291217413,2,19.200000762939453,2026-08-19,SNPP,North Kalimantan,Bulungan
2.442709204875688,117.91659843160227,2,19.200000762939453,2026-08-19,SNPP,North Kalimantan,Bulungan
2.439336752654714,117.90280051180991,1,5.75,2026-08-19,SNPP,North Kalimantan,Bulungan
2.439336752654714,117.90617602276821,2,19.200000762939453,2026-08-19,SNPP,North Kalimantan,Bulungan
2.439336752654714,117.90955153372649,2,19.200000762939453,2026-08-19,SNPP,North Kalimantan,Bulungan
2.439336752654714,117.91292704468475,2,19.200000762939453,2026-08-19,SNPP,North Kalimantan,Bulungan
2.439336752654714,117.91630255564303,2,19.200000762939453,2026-08-19,SNPP,North Kalimantan,Bulungan
2.43596430043374,117.90925608469273,2,8.119999885559082,2026-08-19,SNPP,North Kalimantan,Bulungan
2.43596430043374,117.91263158719288,2,8.119999885559082,2026-08-19,SNPP,North Kalimantan,Bulungan
2.43596430043374,117.91600708969305,2,8.119999885559082,2026-08-19,SNPP,North Kalimantan,Bulungan
2.4325918482127658,117.88533258726295,1,5.590000152587891,2026-08-19,SNPP,North Kalimantan,Bulungan
2.4325918482127658,117.88870808131676,1,5.590000152587891,2026-08-19,SNPP,North Kalimantan,Bulungan
2.4325918482127658,117.9089610456396,2,8.119999885559082,2026-08-19,SNPP,North Kalimantan,Bulungan
2.4325918482127658,117.91233653969338,2,8.119999885559082,2026-08-19,SNPP,North Kalimantan,Bulungan
2.4325918482127658,117.91571203374717,2,8.119999885559082,2026-08-19,SNPP,North Kalimantan,Bulungan
2.4292193959917916,117.88503801722776,1,5.590000152587891,2026-08-19,SNPP,North Kalimantan,Bulungan
2.4292193959917916,117.88841350284692,1,5.590000152587891,2026-08-19,SNPP,North Kalimantan,Bulungan
2.4292193959917916,117.90529093094278,2,8.260000228881836,2026-08-19,SNPP,North Kalimantan,Bulungan
2.4292193959917916,117.90866641656197,2,8.119999885559082,2026-08-19,SNPP,North Kalimantan,Bulungan
2.4292193959917916,117.91204190218113,2,8.119999885559082,2026-08-19,SNPP,North Kalimantan,Bulungan
2.4292193959917916,117.91541738780029,2,9.550000190734863,2026-08-19,SNPP,North Kalimantan,Bulungan
2.4258469437708174,117.87799290268826,1,9.180000305175781,2026-08-19,SNPP,North Kalimantan,Bulungan
2.4258469437708174,117.88136837988452,1,9.180000305175781,2026-08-19,SNPP,North Kalimantan,Bulungan
2.4258469437708174,117.88474385708078,1,9.180000305175781,2026-08-19,SNPP,North Kalimantan,Bulungan
2.4258469437708174,117.88811933427708,1,5.590000152587891,2026-08-19,SNPP,North Kalimantan,Bulungan
2.4258469437708174,117.89149481147336,1,5.03000020980835,2026-08-19,SNPP,North Kalimantan,Bulungan
2.4258469437708174,117.90499672025844,2,8.260000228881836,2026-08-19,SNPP,North Kalimantan,Bulungan
2.4258469437708174,117.90837219745474,2,8.260000228881836,2026-08-19,SNPP,North Kalimantan,Bulungan
2.4258469437708174,117.911747674651,2,8.260000228881836,2026-08-19,SNPP,North Kalimantan,Bulungan
2.4258469437708174,117.91512315184728,2,9.550000190734863,2026-08-19,SNPP,North Kalimantan,Bulungan
2.4224744915498433,117.87769916924674,1,9.180000305175781,2026-08-19,SNPP,North Kalimantan,Bulungan
2.4224744915498433,117.88107463803188,1,5.070000171661377,2026-08-19,SNPP,North Kalimantan,Bulungan
2.4224744915498433,117.88445010681698,1,5.070000171661377,2026-08-19,SNPP,North Kalimantan,Bulungan
2.4224744915498433,117.8878255756021,1,5.590000152587891,2026-08-19,SNPP,North Kalimantan,Bulungan
2.4224744915498433,117.89120104438722,1,5.03000020980835,2026-08-19,SNPP,North Kalimantan,Bulungan
2.4224744915498433,117.89457651317231,1,5.71999979019165,2026-08-19,SNPP,North Kalimantan,Bulungan
2.4224744915498433,117.89795198195746,1,5.329999923706055,2026-08-19,SNPP,North Kalimantan,Bulungan
2.4224744915498433,117.90132745074256,1,5.329999923706055,2026-08-19,SNPP,North Kalimantan,Bulungan
2.4224744915498433,117.90470291952768,2,8.260000228881836,2026-08-19,SNPP,North Kalimantan,Bulungan
2.4224744915498433,117.9080783883128,2,8.260000228881836,2026-08-19,SNPP,North Kalimantan,Bulungan
2.4224744915498433,117.9114538570979,2,8.260000228881836,2026-08-19,SNPP,North Kalimantan,Bulungan
2.4224744915498433,117.91482932588305,2,9.550000190734863,2026-08-19,SNPP,North Kalimantan,Bulungan
2.419102039328869,117.87740584565978,1,9.180000305175781,2026-08-19,SNPP,North Kalimantan,Bulungan
2.419102039328869,117.88078130604549,1,5.070000171661377,2026-08-19,SNPP,North Kalimantan,Bulungan
2.419102039328869,117.88415676643118,1,5.070000171661377,2026-08-19,SNPP,North Kalimantan,Bulungan
2.419102039328869,117.88753222681689,1,5.03000020980835,2026-08-19,SNPP,North Kalimantan,Bulungan
2.419102039328869,117.89090768720257,1,5.03000020980835,2026-08-19,SNPP,North Kalimantan,Bulungan
2.419102039328869,117.89428314758825,1,5.71999979019165,2026-08-19,SNPP,North Kalimantan,Bulungan
2.419102039328869,117.89765860797397,1,5.329999923706055,2026-08-19,SNPP,North Kalimantan,Bulungan
2.419102039328869,117.90103406835965,1,5.329999923706055,2026-08-19,SNPP,North Kalimantan,Bulungan
2.419102039328869,117.90440952874536,1,5.329999923706055,2026-08-19,SNPP,North Kalimantan,Bulungan
2.4157295871078945,117.88048838392035,1,5.070000171661377,2026-08-19,SNPP,North Kalimantan,Bulungan
2.4157295871078945,117.88386383591832,1,5.070000171661377,2026-08-19,SNPP,North Kalimantan,Bulungan
2.4157295871078945,117.89399019191235,1,5.71999979019165,2026-08-19,SNPP,North Kalimantan,Bulungan
2.4157295871078945,117.89736564391038,1,5.329999923706055,2026-08-19,SNPP,North Kalimantan,Bulungan
2.4157295871078945,117.90074109590837,1,5.329999923706055,2026-08-19,SNPP,North Kalimantan,Bulungan
2.4157295871078945,117.90411654790638,1,5.329999923706055,2026-08-19,SNPP,North Kalimantan,Bulungan
2.412357134886921,117.89369764613951,1,5.71999979019165,2026-08-19,SNPP,North Kalimantan,Bulungan
2.412357134886921,117.89707308976159,1,5.71999979019165,2026-08-19,SNPP,North Kalimantan,Bulungan
2.412357134886921,117.90044853338361,1,5.71999979019165,2026-08-19,SNPP,North Kalimantan,Bulungan
2.412357134886921,117.95108018771447,1,7.46999979019165,2026-08-19,SNPP,North Kalimantan,Berau
2.412357134886921,117.95445563133654,1,7.46999979019165,2026-08-19,SNPP,North Kalimantan,Berau
2.4089846826659467,117.95078790964797,2,7.46999979019165,2026-08-19,SNPP,North Kalimantan,Berau
2.4089846826659467,117.95416334490582,2,7.46999979019165,2026-08-19,SNPP,North Kalimantan,Berau
2.4089846826659467,117.95753878016367,2,7.46999979019165,2026-08-19,SNPP,North Kalimantan,Berau
2.4089846826659467,117.96091421542151,1,7.46999979019165,2026-08-19,SNPP,East Kalimantan,Berau
2.4056122304449725,117.95049604167389,2,7.46999979019165,2026-08-19,SNPP,North Kalimantan,Berau
2.4056122304449725,117.95387146857927,2,7.46999979019165,2026-08-19,SNPP,North Kalimantan,Berau
2.4056122304449725,117.95724689548466,2,7.46999979019165,2026-08-19,SNPP,East Kalimantan,Berau
2.4056122304449725,117.96062232238998,2,25.09000015258789,2026-08-19,SNPP,East Kalimantan,Berau
2.402239778223998,117.94682916522257,1,28.110000610351562,2026-08-19,SNPP,North Kalimantan,Berau
2.402239778223998,117.95020458378718,2,7.46999979019165,2026-08-19,SNPP,North Kalimantan,Berau
2.402239778223998,117.9535800023518,2,7.46999979019165,2026-08-19,SNPP,East Kalimantan,Berau
2.402239778223998,117.95695542091643,2,7.46999979019165,2026-08-19,SNPP,East Kalimantan,Berau
2.402239778223998,117.96033083948105,2,25.09000015258789,2026-08-19,SNPP,East Kalimantan,Berau
2.398867326003024,117.94653812574717,1,28.110000610351562,2026-08-19,SNPP,North Kalimantan,Berau
2.398867326003024,117.94991353598276,2,28.110000610351562,2026-08-19,SNPP,North Kalimantan,Berau
2.398867326003024,117.95328894621836,2,28.110000610351562,2026-08-19,SNPP,East Kalimantan,Berau
2.398867326003024,117.956664356454,2,25.09000015258789,2026-08-19,SNPP,East Kalimantan,Berau
2.398867326003024,117.96003976668959,2,25.09000015258789,2026-08-19,SNPP,East Kalimantan,Berau
2.39549487378205,117.94624749633725,1,28.110000610351562,2026-08-19,SNPP,North Kalimantan,Berau
2.39549487378205,117.94962289825556,2,28.110000610351562,2026-08-19,SNPP,North Kalimantan,Berau
2.39549487378205,117.95299830017392,2,28.110000610351562,2026-08-19,SNPP,East Kalimantan,Berau
2.39549487378205,117.95637370209228,2,25.09000015258789,2026-08-19,SNPP,East Kalimantan,Berau
2.39549487378205,117.9597491040106,2,25.09000015258789,2026-08-19,SNPP,East Kalimantan,Berau
2.3921224215610755,117.94933267060058,2,28.110000610351562,2026-08-19,SNPP,North Kalimantan,Berau
2.3921224215610755,117.9527080642134,2,28.110000610351562,2026-08-19,SNPP,East Kalimantan,Berau
2.3921224215610755,117.95608345782621,2,28.110000610351562,2026-08-19,SNPP,East Kalimantan,Berau
2.3921224215610755,117.959458851439,2,25.09000015258789,2026-08-19,SNPP,East Kalimantan,Berau
2.3887499693401013,117.9524182383318,1,6.409999847412109,2026-08-19,SNPP,North Kalimantan,Berau
2.3887499693401013,117.95579362365079,1,6.409999847412109,2026-08-19,SNPP,East Kalimantan,Berau
2.3887499693401013,117.95916900896978,1,6.409999847412109,2026-08-19,SNPP,East Kalimantan,Berau
2.385377517119127,117.95212882252402,1,6.409999847412109,2026-08-19,SNPP,East Kalimantan,Berau
2.385377517119127,117.95550419956098,1,6.409999847412109,2026-08-19,SNPP,East Kalimantan,Berau
2.385377517119127,117.95887957659788,1,6.409999847412109,2026-08-19,SNPP,East Kalimantan,Berau
2.338163186025489,117.90761690833004,1,4.769999980926514,2026-08-19,SNPP,East Kalimantan,Berau
2.338163186025489,117.91099217065009,2,9.319999694824219,2026-08-19,SNPP,East Kalimantan,Berau
2.338163186025489,117.9143674329702,2,9.319999694824219,2026-08-19,SNPP,East Kalimantan,Berau
2.338163186025489,117.91774269529027,2,9.319999694824219,2026-08-19,SNPP,East Kalimantan,Berau
2.338163186025489,117.93799426921069,1,5.25,2026-08-19,SNPP,East Kalimantan,Berau
2.338163186025489,117.94136953153077,1,5.25,2026-08-19,SNPP,East Kalimantan,Berau
2.338163186025489,117.94474479385082,1,5.25,2026-08-19,SNPP,East Kalimantan,Berau
2.338163186025489,117.96499636777128,1,0.9700000286102295,2026-08-19,SNPP,East Kalimantan,Berau
2.338163186025489,117.96837163009135,1,0.9700000286102295,2026-08-19,SNPP,East Kalimantan,Berau
2.338163186025489,117.9717468924114,1,0.9700000286102295,2026-08-19,SNPP,East Kalimantan,Berau
2.334790733804515,117.90733374030414,1,4.769999980926514,2026-08-19,SNPP,East Kalimantan,Berau
2.334790733804515,117.91070899451812,2,9.319999694824219,2026-08-19,SNPP,East Kalimantan,Berau
2.334790733804515,117.91408424873217,2,9.319999694824219,2026-08-19,SNPP,East Kalimantan,Berau
2.334790733804515,117.91745950294617,2,9.319999694824219,2026-08-19,SNPP,East Kalimantan,Berau
2.334790733804515,117.93771102823023,1,5.25,2026-08-19,SNPP,East Kalimantan,Berau
2.334790733804515,117.94108628244423,1,5.25,2026-08-19,SNPP,East Kalimantan,Berau
2.334790733804515,117.94446153665825,1,5.25,2026-08-19,SNPP,East Kalimantan,Berau
2.334790733804515,117.96471306194232,1,0.9700000286102295,2026-08-19,SNPP,East Kalimantan,Berau
2.334790733804515,117.96808831615634,1,0.9700000286102295,2026-08-19,SNPP,East Kalimantan,Berau
2.334790733804515,117.97146357037035,1,0.9700000286102295,2026-08-19,SNPP,East Kalimantan,Berau
2.3314182815835403,117.90705098213176,1,4.769999980926514,2026-08-19,SNPP,East Kalimantan,Berau
2.3314182815835403,117.91042622825144,2,9.319999694824219,2026-08-19,SNPP,East Kalimantan,Berau
2.3314182815835403,117.91380147437111,2,9.319999694824219,2026-08-19,SNPP,East Kalimantan,Berau
2.3314182815835403,117.91717672049082,2,9.319999694824219,2026-08-19,SNPP,East Kalimantan,Berau
2.3314182815835403,117.93405295108924,1,13.050000190734863,2026-08-19,SNPP,East Kalimantan,Berau
2.3314182815835403,117.93742819720889,1,13.050000190734863,2026-08-19,SNPP,East Kalimantan,Berau
2.3314182815835403,117.9408034433286,1,13.050000190734863,2026-08-19,SNPP,East Kalimantan,Berau
2.3314182815835403,117.94417868944825,1,5.25,2026-08-19,SNPP,East Kalimantan,Berau
2.3314182815835403,117.94755393556795,1,5.25,2026-08-19,SNPP,East Kalimantan,Berau
2.3314182815835403,117.96443016616638,1,0.9700000286102295,2026-08-19,SNPP,East Kalimantan,Berau
2.3314182815835403,117.96780541228605,1,0.9700000286102295,2026-08-19,SNPP,East Kalimantan,Berau
2.3314182815835403,117.97118065840573,1,0.9700000286102295,2026-08-19,SNPP,East Kalimantan,Berau
2.328045829362566,117.93377053810472,1,13.050000190734863,2026-08-19,SNPP,East Kalimantan,Berau
2.328045829362566,117.9371457761418,1,11.710000038146973,2026-08-19,SNPP,East Kalimantan,Berau
2.328045829362566,117.9405210141789,1,11.710000038146973,2026-08-19,SNPP,East Kalimantan,Berau
2.328045829362566,117.94389625221598,1,12.729999542236328,2026-08-19,SNPP,East Kalimantan,Berau
2.328045829362566,117.94727149025307,1,5.25,2026-08-19,SNPP,East Kalimantan,Berau
2.328045829362566,117.9641476804385,1,0.9700000286102295,2026-08-19,SNPP,East Kalimantan,Berau
2.328045829362566,117.96752291847561,1,0.9700000286102295,2026-08-19,SNPP,East Kalimantan,Berau
2.328045829362566,117.97089815651269,1,0.9700000286102295,2026-08-19,SNPP,East Kalimantan,Berau
2.328045829362566,118.00127529884647,1,3.940000057220459,2026-08-19,SNPP,East Kalimantan,Berau
2.328045829362566,118.00465053688353,1,3.940000057220459,2026-08-19,SNPP,East Kalimantan,Berau
2.328045829362566,118.00802577492064,1,3.940000057220459,2026-08-19,SNPP,East Kalimantan,Berau
2.328045829362566,118.01477625099481,1,6.019999980926514,2026-08-19,SNPP,East Kalimantan,Berau
2.328045829362566,118.01815148903191,1,8.100000381469727,2026-08-19,SNPP,East Kalimantan,Berau
2.328045829362566,118.02152672706896,1,8.100000381469727,2026-08-19,SNPP,East Kalimantan,Berau
2.3246733771415924,117.93348853505786,1,13.050000190734863,2026-08-19,SNPP,East Kalimantan,Berau
2.3246733771415924,117.93686376502406,2,8.460000038146973,2026-08-19,SNPP,East Kalimantan,Berau
2.3246733771415924,117.9402389949903,2,8.460000038146973,2026-08-19,SNPP,East Kalimantan,Berau
2.3246733771415924,117.94361422495649,2,8.460000038146973,2026-08-19,SNPP,East Kalimantan,Berau
2.3246733771415924,117.94698945492271,1,5.25,2026-08-19,SNPP,East Kalimantan,Berau
2.3246733771415924,118.0009931343823,1,3.940000057220459,2026-08-19,SNPP,East Kalimantan,Berau
2.3246733771415924,118.00436836434852,1,3.940000057220459,2026-08-19,SNPP,East Kalimantan,Berau
2.3246733771415924,118.00774359431475,1,3.940000057220459,2026-08-19,SNPP,East Kalimantan,Berau
2.3246733771415924,118.01449405424718,1,6.019999980926514,2026-08-19,SNPP,East Kalimantan,Berau
2.3246733771415924,118.01786928421343,1,8.100000381469727,2026-08-19,SNPP,East Kalimantan,Berau
2.3246733771415924,118.02124451417963,1,8.100000381469727,2026-08-19,SNPP,East Kalimantan,Berau
2.321300924920618,117.86907772570893,1,5.360000133514404,2026-08-19,SNPP,East Kalimantan,Berau
2.321300924920618,117.87245294761601,1,5.360000133514404,2026-08-19,SNPP,East Kalimantan,Berau
2.321300924920618,117.87582816952309,1,5.360000133514404,2026-08-19,SNPP,East Kalimantan,Berau
2.321300924920618,117.87920339143021,1,5.360000133514404,2026-08-19,SNPP,East Kalimantan,Berau
2.321300924920618,117.93658216385074,2,8.460000038146973,2026-08-19,SNPP,East Kalimantan,Berau
2.321300924920618,117.93995738575785,2,8.460000038146973,2026-08-19,SNPP,East Kalimantan,Berau
2.321300924920618,117.94333260766491,2,8.460000038146973,2026-08-19,SNPP,East Kalimantan,Berau
2.321300924920618,118.00071138008549,1,3.940000057220459,2026-08-19,SNPP,East Kalimantan,Berau
2.321300924920618,118.00408660199255,1,3.940000057220459,2026-08-19,SNPP,East Kalimantan,Berau
2.321300924920618,118.00746182389966,1,3.940000057220459,2026-08-19,SNPP,East Kalimantan,Berau
2.321300924920618,118.01421226771386,1,6.019999980926514,2026-08-19,SNPP,East Kalimantan,Berau
2.321300924920618,118.01758748962094,1,8.100000381469727,2026-08-19,SNPP,East Kalimantan,Berau
2.321300924920618,118.02096271152801,1,8.100000381469727,2026-08-19,SNPP,East Kalimantan,Berau
2.3179284726996436,117.86879669542313,1,5.360000133514404,2026-08-19,SNPP,East Kalimantan,Berau
2.3179284726996436,117.87217190928283,1,5.360000133514404,2026-08-19,SNPP,East Kalimantan,Berau
2.3179284726996436,117.8755471231425,1,5.360000133514404,2026-08-19,SNPP,East Kalimantan,Berau
2.3179284726996436,117.87892233700222,1,5.360000133514404,2026-08-19,SNPP,East Kalimantan,Berau
2.3179284726996436,117.93630097261698,2,8.460000038146973,2026-08-19,SNPP,East Kalimantan,Berau
2.3179284726996436,117.93967618647666,2,8.460000038146973,2026-08-19,SNPP,East Kalimantan,Berau
2.3179284726996436,117.94305140033633,2,8.460000038146973,2026-08-19,SNPP,East Kalimantan,Berau
2.3179284726996436,118.01393089138986,1,3.8499999046325684,2026-08-19,SNPP,East Kalimantan,Berau
2.3179284726996436,118.01730610524956,1,3.8499999046325684,2026-08-19,SNPP,East Kalimantan,Berau
2.3179284726996436,118.02068131910926,2,20.610000610351562,2026-08-19,SNPP,East Kalimantan,Berau
2.3179284726996436,118.02405653296896,2,20.610000610351562,2026-08-19,SNPP,East Kalimantan,Berau
2.3179284726996436,118.02743174682863,2,20.610000610351562,2026-08-19,SNPP,East Kalimantan,Berau
2.3145560204786695,117.86851607483739,1,5.360000133514404,2026-08-19,SNPP,East Kalimantan,Berau
2.3145560204786695,117.87189128066143,1,5.360000133514404,2026-08-19,SNPP,East Kalimantan,Berau
2.3145560204786695,117.87526648648543,1,5.360000133514404,2026-08-19,SNPP,East Kalimantan,Berau
2.3145560204786695,117.87864169230947,1,5.360000133514404,2026-08-19,SNPP,East Kalimantan,Berau
2.3145560204786695,118.01702513109446,1,20.610000610351562,2026-08-19,SNPP,East Kalimantan,Berau
2.3145560204786695,118.02040033691847,2,20.610000610351562,2026-08-19,SNPP,East Kalimantan,Berau
2.3145560204786695,118.0237755427425,2,20.610000610351562,2026-08-19,SNPP,East Kalimantan,Berau
2.3145560204786695,118.02715074856648,2,20.610000610351562,2026-08-19,SNPP,East Kalimantan,Berau
2.3111835682576958,118.01674456715067,1,20.610000610351562,2026-08-19,SNPP,East Kalimantan,Berau
2.3111835682576958,118.02011976495075,2,20.610000610351562,2026-08-19,SNPP,East Kalimantan,Berau
2.3111835682576958,118.02349496275083,2,20.610000610351562,2026-08-19,SNPP,East Kalimantan,Berau
2.3111835682576958,118.02687016055091,2,20.610000610351562,2026-08-19,SNPP,East Kalimantan,Berau
2.307811116036721,117.98946289511032,1,11.1899995803833,2026-08-19,SNPP,East Kalimantan,Berau
2.307811116036721,117.99283808489818,2,11.1899995803833,2026-08-19,SNPP,East Kalimantan,Berau
2.307811116036721,117.99621327468608,2,11.1899995803833,2026-08-19,SNPP,East Kalimantan,Berau
2.307811116036721,118.01983960320126,1,20.610000610351562,2026-08-19,SNPP,East Kalimantan,Berau
2.307811116036721,118.02321479298915,1,20.610000610351562,2026-08-19,SNPP,East Kalimantan,Berau
2.307811116036721,118.02658998277703,1,20.610000610351562,2026-08-19,SNPP,East Kalimantan,Berau
2.304438663815747,117.8237993079953,1,5.630000114440918,2026-08-19,SNPP,East Kalimantan,Berau
2.304438663815747,117.82717448978272,1,5.630000114440918,2026-08-19,SNPP,East Kalimantan,Berau
2.304438663815747,117.83054967157015,1,5.630000114440918,2026-08-19,SNPP,East Kalimantan,Berau
2.304438663815747,117.98918321557845,1,11.1899995803833,2026-08-19,SNPP,East Kalimantan,Berau
2.304438663815747,117.99255839736583,2,11.1899995803833,2026-08-19,SNPP,East Kalimantan,Berau
2.304438663815747,117.99593357915325,2,11.1899995803833,2026-08-19,SNPP,East Kalimantan,Berau
2.304438663815747,118.01955985166512,1,20.610000610351562,2026-08-19,SNPP,East Kalimantan,Berau
2.304438663815747,118.02293503345253,1,20.610000610351562,2026-08-19,SNPP,East Kalimantan,Berau
2.304438663815747,118.02631021523995,1,20.610000610351562,2026-08-19,SNPP,East Kalimantan,Berau
2.301066211594773,117.82352043001468,1,5.630000114440918,2026-08-19,SNPP,East Kalimantan,Berau
2.301066211594773,117.82689560381336,1,5.630000114440918,2026-08-19,SNPP,East Kalimantan,Berau
2.301066211594773,117.83027077761203,1,5.630000114440918,2026-08-19,SNPP,East Kalimantan,Berau
2.301066211594773,117.88427355839072,1,6.449999809265137,2026-08-19,SNPP,East Kalimantan,Berau
2.301066211594773,117.88764873218939,1,6.449999809265137,2026-08-19,SNPP,East Kalimantan,Berau
2.301066211594773,117.89102390598805,1,6.449999809265137,2026-08-19,SNPP,East Kalimantan,Berau
2.301066211594773,117.90789977498139,1,15.920000076293945,2026-08-19,SNPP,East Kalimantan,Berau
2.301066211594773,117.91127494878006,2,15.920000076293945,2026-08-19,SNPP,East Kalimantan,Berau
2.301066211594773,117.91465012257876,2,15.920000076293945,2026-08-19,SNPP,East Kalimantan,Berau
2.301066211594773,117.98890394614948,1,11.1899995803833,2026-08-19,SNPP,East Kalimantan,Berau
2.301066211594773,117.99227911994812,2,11.1899995803833,2026-08-19,SNPP,East Kalimantan,Berau
2.301066211594773,117.9956542937468,2,11.1899995803833,2026-08-19,SNPP,East Kalimantan,Berau
2.2976937593737987,117.82324196155729,1,5.630000114440918,2026-08-19,SNPP,East Kalimantan,Berau
2.2976937593737987,117.82661712737895,2,13.4399995803833,2026-08-19,SNPP,East Kalimantan,Berau
2.2976937593737987,117.82999229320062,2,13.4399995803833,2026-08-19,SNPP,East Kalimantan,Berau
2.2976937593737987,117.88399494634716,1,6.449999809265137,2026-08-19,SNPP,East Kalimantan,Berau
2.2976937593737987,117.88737011216882,1,6.449999809265137,2026-08-19,SNPP,East Kalimantan,Berau
2.2976937593737987,117.89074527799046,1,6.449999809265137,2026-08-19,SNPP,East Kalimantan,Berau
2.2976937593737987,117.89412044381213,1,4.960000038146973,2026-08-19,SNPP,East Kalimantan,Berau
2.2976937593737987,117.8974956096338,1,4.960000038146973,2026-08-19,SNPP,East Kalimantan,Berau
2.2976937593737987,117.90762110709876,1,15.920000076293945,2026-08-19,SNPP,East Kalimantan,Berau
2.2976937593737987,117.91099627292043,2,15.920000076293945,2026-08-19,SNPP,East Kalimantan,Berau
2.2976937593737987,117.9143714387421,2,15.920000076293945,2026-08-19,SNPP,East Kalimantan,Berau
2.2976937593737987,117.92449693620705,1,31.6299991607666,2026-08-19,SNPP,East Kalimantan,Berau
2.2976937593737987,117.92787210202872,2,37.45000076293945,2026-08-19,SNPP,East Kalimantan,Berau
2.2976937593737987,117.9312472678504,2,37.45000076293945,2026-08-19,SNPP,East Kalimantan,Berau
2.2943213071528246,117.82296390261833,1,5.630000114440918,2026-08-19,SNPP,East Kalimantan,Berau
2.2943213071528246,117.82633906047471,2,13.4399995803833,2026-08-19,SNPP,East Kalimantan,Berau
2.2943213071528246,117.82971421833109,2,13.4399995803833,2026-08-19,SNPP,East Kalimantan,Berau
2.2943213071528246,117.88371674403314,1,6.449999809265137,2026-08-19,SNPP,East Kalimantan,Berau
2.2943213071528246,117.88709190188955,1,6.449999809265137,2026-08-19,SNPP,East Kalimantan,Berau
2.2943213071528246,117.89046705974592,1,6.449999809265137,2026-08-19,SNPP,East Kalimantan,Berau
2.2943213071528246,117.8938422176023,1,4.960000038146973,2026-08-19,SNPP,East Kalimantan,Berau
2.2943213071528246,117.89721737545868,1,4.960000038146973,2026-08-19,SNPP,East Kalimantan,Berau
2.2943213071528246,117.9073428490278,1,15.920000076293945,2026-08-19,SNPP,East Kalimantan,Berau
2.2943213071528246,117.91071800688421,2,15.920000076293945,2026-08-19,SNPP,East Kalimantan,Berau
2.2943213071528246,117.91409316474059,2,15.920000076293945,2026-08-19,SNPP,East Kalimantan,Berau
2.2943213071528246,117.9242186383097,1,31.6299991607666,2026-08-19,SNPP,East Kalimantan,Berau
2.2943213071528246,117.92759379616608,2,37.45000076293945,2026-08-19,SNPP,East Kalimantan,Berau
2.2943213071528246,117.93096895402248,2,37.45000076293945,2026-08-19,SNPP,East Kalimantan,Berau
2.2909488549318504,117.82268625319296,1,13.4399995803833,2026-08-19,SNPP,East Kalimantan,Berau
2.2909488549318504,117.82606140309579,2,13.4399995803833,2026-08-19,SNPP,East Kalimantan,Berau
2.2909488549318504,117.82943655299863,2,13.4399995803833,2026-08-19,SNPP,East Kalimantan,Berau
2.2909488549318504,117.89356440115239,1,4.960000038146973,2026-08-19,SNPP,East Kalimantan,Berau
2.2909488549318504,117.89693955105525,1,4.960000038146973,2026-08-19,SNPP,East Kalimantan,Berau
2.2909488549318504,117.92394075027786,1,31.6299991607666,2026-08-19,SNPP,East Kalimantan,Berau
2.2909488549318504,117.9273159001807,2,37.45000076293945,2026-08-19,SNPP,East Kalimantan,Berau
2.2909488549318504,117.93069105008357,2,37.45000076293945,2026-08-19,SNPP,East Kalimantan,Berau
2.2875764027108763,117.92703841406772,1,4.760000228881836,2026-08-19,SNPP,East Kalimantan,Berau
2.2875764027108763,117.93041355602877,1,4.760000228881836,2026-08-19,SNPP,East Kalimantan,Berau
2.2875764027108763,117.994541253288,1,2.950000047683716,2026-08-19,SNPP,East Kalimantan,Berau
2.2875764027108763,117.99791639524902,1,2.950000047683716,2026-08-19,SNPP,East Kalimantan,Berau
2.2875764027108763,118.00129153721001,1,2.950000047683716,2026-08-19,SNPP,East Kalimantan,Berau
2.284203950489902,117.86600892526569,1,6.429999828338623,2026-08-19,SNPP,East Kalimantan,Berau
2.284203950489902,117.8693840592966,1,6.429999828338623,2026-08-19,SNPP,East Kalimantan,Berau
2.284203950489902,117.87275919332754,1,6.429999828338623,2026-08-19,SNPP,East Kalimantan,Berau
2.284203950489902,117.87950946138939,2,17.059999465942383,2026-08-19,SNPP,East Kalimantan,Berau
2.284203950489902,117.88288459542032,2,17.059999465942383,2026-08-19,SNPP,East Kalimantan,Berau
2.284203950489902,117.90313539960589,1,5.050000190734863,2026-08-19,SNPP,East Kalimantan,Berau
2.284203950489902,117.9065105336368,1,5.050000190734863,2026-08-19,SNPP,East Kalimantan,Berau
2.284203950489902,117.90988566766774,1,5.050000190734863,2026-08-19,SNPP,East Kalimantan,Berau
2.284203950489902,117.92676133782237,1,4.760000228881836,2026-08-19,SNPP,East Kalimantan,Berau
2.284203950489902,117.9301364718533,1,4.760000228881836,2026-08-19,SNPP,East Kalimantan,Berau
2.284203950489902,117.96388781216257,2,9.079999923706055,2026-08-19,SNPP,East Kalimantan,Berau
2.284203950489902,117.96726294619347,2,9.079999923706055,2026-08-19,SNPP,East Kalimantan,Berau
2.284203950489902,117.97063808022442,2,9.079999923706055,2026-08-19,SNPP,East Kalimantan,Berau
2.284203950489902,117.97401321425532,2,15.960000038146973,2026-08-19,SNPP,East Kalimantan,Berau
2.284203950489902,117.99426401844089,1,2.950000047683716,2026-08-19,SNPP,East Kalimantan,Berau
2.284203950489902,117.99763915247183,1,2.950000047683716,2026-08-19,SNPP,East Kalimantan,Berau
2.284203950489902,118.00101428650274,1,2.950000047683716,2026-08-19,SNPP,East Kalimantan,Berau
2.280831498268928,117.86235727530098,1,2.6600000858306885,2026-08-19,SNPP,East Kalimantan,Berau
2.280831498268928,117.86573240141352,1,6.429999828338623,2026-08-19,SNPP,East Kalimantan,Berau
2.280831498268928,117.86910752752611,1,6.429999828338623,2026-08-19,SNPP,East Kalimantan,Berau
2.280831498268928,117.87248265363866,1,6.429999828338623,2026-08-19,SNPP,East Kalimantan,Berau
2.280831498268928,117.87923290586382,2,17.059999465942383,2026-08-19,SNPP,East Kalimantan,Berau
2.280831498268928,117.88260803197639,2,17.059999465942383,2026-08-19,SNPP,East Kalimantan,Berau
2.280831498268928,117.88598315808895,2,17.059999465942383,2026-08-19,SNPP,East Kalimantan,Berau
2.280831498268928,117.90285878865181,1,5.050000190734863,2026-08-19,SNPP,East Kalimantan,Berau
2.280831498268928,117.90623391476436,1,5.050000190734863,2026-08-19,SNPP,East Kalimantan,Berau
2.280831498268928,117.90960904087694,1,5.050000190734863,2026-08-19,SNPP,East Kalimantan,Berau
2.280831498268928,117.92648467143981,2,5.849999904632568,2026-08-19,SNPP,East Kalimantan,Berau
2.280831498268928,117.92985979755238,2,5.849999904632568,2026-08-19,SNPP,East Kalimantan,Berau
2.280831498268928,117.93323492366494,2,5.849999904632568,2026-08-19,SNPP,East Kalimantan,Berau
2.280831498268928,117.93661004977751,2,7.059999942779541,2026-08-19,SNPP,East Kalimantan,Berau
2.280831498268928,117.96361105867807,2,9.079999923706055,2026-08-19,SNPP,East Kalimantan,Berau
2.280831498268928,117.96698618479064,2,9.079999923706055,2026-08-19,SNPP,East Kalimantan,Berau
2.280831498268928,117.9703613109032,2,9.079999923706055,2026-08-19,SNPP,East Kalimantan,Berau
2.280831498268928,117.97373643701577,2,15.960000038146973,2026-08-19,SNPP,East Kalimantan,Berau
2.280831498268928,117.9939871936912,1,2.950000047683716,2026-08-19,SNPP,East Kalimantan,Berau
2.280831498268928,117.99736231980377,1,3.9600000381469727,2026-08-19,SNPP,East Kalimantan,Berau
2.280831498268928,118.00073744591634,1,3.9600000381469727,2026-08-19,SNPP,East Kalimantan,Berau
2.277459046047954,117.8620811690023,1,2.6600000858306885,2026-08-19,SNPP,East Kalimantan,Berau
2.277459046047954,117.8654562872082,1,6.429999828338623,2026-08-19,SNPP,East Kalimantan,Berau
2.277459046047954,117.86883140541417,1,6.429999828338623,2026-08-19,SNPP,East Kalimantan,Berau
2.277459046047954,117.87220652362011,2,17.350000381469727,2026-08-19,SNPP,East Kalimantan,Berau
2.277459046047954,117.87558164182605,2,17.350000381469727,2026-08-19,SNPP,East Kalimantan,Berau
2.277459046047954,117.878956760032,2,17.059999465942383,2026-08-19,SNPP,East Kalimantan,Berau
2.277459046047954,117.88233187823793,2,17.059999465942383,2026-08-19,SNPP,East Kalimantan,Berau
2.277459046047954,117.88570699644387,2,17.059999465942383,2026-08-19,SNPP,East Kalimantan,Berau
2.277459046047954,117.90258258747362,1,5.050000190734863,2026-08-19,SNPP,East Kalimantan,Berau
2.277459046047954,117.90595770567953,1,5.050000190734863,2026-08-19,SNPP,East Kalimantan,Berau
2.277459046047954,117.90933282388549,1,5.050000190734863,2026-08-19,SNPP,East Kalimantan,Berau
2.277459046047954,117.9262084149152,2,5.849999904632568,2026-08-19,SNPP,East Kalimantan,Berau
2.277459046047954,117.92958353312116,2,5.849999904632568,2026-08-19,SNPP,East Kalimantan,Berau
2.277459046047954,117.9329586513271,2,5.849999904632568,2026-08-19,SNPP,East Kalimantan,Berau
2.277459046047954,117.93633376953304,2,7.059999942779541,2026-08-19,SNPP,East Kalimantan,Berau
2.277459046047954,117.93970888773897,1,7.059999942779541,2026-08-19,SNPP,East Kalimantan,Berau
2.277459046047954,117.96333471518061,2,9.079999923706055,2026-08-19,SNPP,East Kalimantan,Berau
2.277459046047954,117.96670983338653,2,9.079999923706055,2026-08-19,SNPP,East Kalimantan,Berau
2.277459046047954,117.97008495159248,2,9.079999923706055,2026-08-19,SNPP,East Kalimantan,Berau
2.277459046047954,117.97346006979842,2,15.960000038146973,2026-08-19,SNPP,East Kalimantan,Berau
2.277459046047954,117.97683518800436,2,10.640000343322754,2026-08-19,SNPP,East Kalimantan,Berau
2.277459046047954,117.99708589724004,1,3.9600000381469727,2026-08-19,SNPP,East Kalimantan,Berau
2.277459046047954,118.00046101544598,1,3.9600000381469727,2026-08-19,SNPP,East Kalimantan,Berau
2.277459046047954,118.00383613365193,1,7.869999885559082,2026-08-19,SNPP,East Kalimantan,Berau
2.274086593826979,117.8618054723339,1,2.6600000858306885,2026-08-19,SNPP,East Kalimantan,Berau
2.274086593826979,117.86518058264494,1,6.429999828338623,2026-08-19,SNPP,East Kalimantan,Berau
2.274086593826979,117.86855569295601,1,6.429999828338623,2026-08-19,SNPP,East Kalimantan,Berau
2.274086593826979,117.87193080326705,2,17.350000381469727,2026-08-19,SNPP,East Kalimantan,Berau
2.274086593826979,117.8753059135781,2,17.350000381469727,2026-08-19,SNPP,East Kalimantan,Berau
2.274086593826979,117.87868102388917,2,17.350000381469727,2026-08-19,SNPP,East Kalimantan,Berau
2.274086593826979,117.88205613420018,2,17.059999465942383,2026-08-19,SNPP,East Kalimantan,Berau
2.274086593826979,117.88543124451124,2,17.059999465942383,2026-08-19,SNPP,East Kalimantan,Berau
2.274086593826979,117.92593256824382,2,5.849999904632568,2026-08-19,SNPP,East Kalimantan,Berau
2.274086593826979,117.92930767855488,2,5.849999904632568,2026-08-19,SNPP,East Kalimantan,Berau
2.274086593826979,117.93268278886592,2,5.849999904632568,2026-08-19,SNPP,East Kalimantan,Berau
2.274086593826979,117.93605789917697,2,7.059999942779541,2026-08-19,SNPP,East Kalimantan,Berau
2.274086593826979,117.93943300948801,1,7.059999942779541,2026-08-19,SNPP,East Kalimantan,Berau
2.274086593826979,117.96305878166535,2,9.079999923706055,2026-08-19,SNPP,East Kalimantan,Berau
2.274086593826979,117.9664338919764,2,9.079999923706055,2026-08-19,SNPP,East Kalimantan,Berau
2.274086593826979,117.96980900228745,2,9.079999923706055,2026-08-19,SNPP,East Kalimantan,Berau
2.274086593826979,117.97318411259849,2,10.640000343322754,2026-08-19,SNPP,East Kalimantan,Berau
2.274086593826979,117.97655922290956,2,10.640000343322754,2026-08-19,SNPP,East Kalimantan,Berau
2.274086593826979,117.99680988477586,1,3.9600000381469727,2026-08-19,SNPP,East Kalimantan,Berau
2.274086593826979,118.00018499508688,1,3.9600000381469727,2026-08-19,SNPP,East Kalimantan,Berau
2.274086593826979,118.00356010539792,1,48.38999938964844,2026-08-19,SNPP,East Kalimantan,Berau
2.274086593826979,118.00693521570896,1,48.38999938964844,2026-08-19,SNPP,East Kalimantan,Berau
2.270714141606005,117.87165549257472,2,17.350000381469727,2026-08-19,SNPP,East Kalimantan,Berau
2.270714141606005,117.87503059500261,2,17.350000381469727,2026-08-19,SNPP,East Kalimantan,Berau
2.270714141606005,117.87840569743051,2,17.350000381469727,2026-08-19,SNPP,East Kalimantan,Berau
2.270714141606005,117.88178079985838,2,5.860000133514404,2026-08-19,SNPP,East Kalimantan,Berau
2.270714141606005,117.91890692656509,1,3.75,2026-08-19,SNPP,East Kalimantan,Berau
2.270714141606005,117.92228202899295,1,3.75,2026-08-19,SNPP,East Kalimantan,Berau
2.270714141606005,117.92565713142085,2,5.849999904632568,2026-08-19,SNPP,East Kalimantan,Berau
2.270714141606005,117.92903223384874,2,5.849999904632568,2026-08-19,SNPP,East Kalimantan,Berau
2.270714141606005,117.93240733627661,2,5.849999904632568,2026-08-19,SNPP,East Kalimantan,Berau
2.270714141606005,117.93578243870449,1,7.059999942779541,2026-08-19,SNPP,East Kalimantan,Berau
2.270714141606005,117.93915754113236,1,7.059999942779541,2026-08-19,SNPP,East Kalimantan,Berau
2.270714141606005,117.96615836055543,2,13.170000076293945,2026-08-19,SNPP,East Kalimantan,Berau
2.270714141606005,117.96953346298332,2,13.170000076293945,2026-08-19,SNPP,East Kalimantan,Berau
2.270714141606005,117.97290856541119,2,10.640000343322754,2026-08-19,SNPP,East Kalimantan,Berau
2.270714141606005,117.97628366783908,2,10.640000343322754,2026-08-19,SNPP,East Kalimantan,Berau
2.270714141606005,117.99990938483425,1,48.38999938964844,2026-08-19,SNPP,East Kalimantan,Berau
2.270714141606005,118.00328448726215,1,48.38999938964844,2026-08-19,SNPP,East Kalimantan,Berau
2.270714141606005,118.00665958969002,1,48.38999938964844,2026-08-19,SNPP,East Kalimantan,Berau
2.2673416893850313,117.8747556860948,1,5.860000133514404,2026-08-19,SNPP,East Kalimantan,Berau
2.2673416893850313,117.87813078065125,2,5.860000133514404,2026-08-19,SNPP,East Kalimantan,Berau
2.2673416893850313,117.88150587520771,2,5.860000133514404,2026-08-19,SNPP,East Kalimantan,Berau
2.2673416893850313,117.91863191532863,1,3.75,2026-08-19,SNPP,East Kalimantan,Berau
2.2673416893850313,117.92200700988505,1,3.75,2026-08-19,SNPP,East Kalimantan,Berau
2.2673416893850313,117.92538210444151,2,6.619999885559082,2026-08-19,SNPP,East Kalimantan,Berau
2.2673416893850313,117.92875719899796,2,6.619999885559082,2026-08-19,SNPP,East Kalimantan,Berau
2.2673416893850313,117.9321322935544,2,6.619999885559082,2026-08-19,SNPP,East Kalimantan,Berau
2.2673416893850313,117.93550738811086,2,6.619999885559082,2026-08-19,SNPP,East Kalimantan,Berau
2.2673416893850313,117.96925833367533,1,10.640000343322754,2026-08-19,SNPP,East Kalimantan,Berau
2.2673416893850313,117.97263342823176,1,10.640000343322754,2026-08-19,SNPP,East Kalimantan,Berau
2.2673416893850313,117.9760085227882,1,10.640000343322754,2026-08-19,SNPP,East Kalimantan,Berau
2.2673416893850313,117.99963418468333,1,48.38999938964844,2026-08-19,SNPP,East Kalimantan,Berau
2.2673416893850313,118.0030092792398,1,48.38999938964844,2026-08-19,SNPP,East Kalimantan,Berau
2.2673416893850313,118.00638437379624,2,48.38999938964844,2026-08-19,SNPP,East Kalimantan,Berau
2.2673416893850313,118.00975946835268,2,48.38999938964844,2026-08-19,SNPP,East Kalimantan,Berau
2.2673416893850313,118.01313456290913,1,20.899999618530273,2026-08-19,SNPP,East Kalimantan,Berau
2.263969237164057,117.91835731390755,1,3.75,2026-08-19,SNPP,East Kalimantan,Berau
2.263969237164057,117.92173240060427,1,3.75,2026-08-19,SNPP,East Kalimantan,Berau
2.263969237164057,117.925107487301,2,6.619999885559082,2026-08-19,SNPP,East Kalimantan,Berau
2.263969237164057,117.92848257399778,2,6.619999885559082,2026-08-19,SNPP,East Kalimantan,Berau
2.263969237164057,117.93185766069449,2,6.619999885559082,2026-08-19,SNPP,East Kalimantan,Berau
2.263969237164057,117.93523274739124,2,6.619999885559082,2026-08-19,SNPP,East Kalimantan,Berau
2.263969237164057,117.99935939462934,1,48.38999938964844,2026-08-19,SNPP,East Kalimantan,Berau
2.263969237164057,118.00273448132607,1,48.38999938964844,2026-08-19,SNPP,East Kalimantan,Berau
2.263969237164057,118.0061095680228,2,48.38999938964844,2026-08-19,SNPP,East Kalimantan,Berau
2.263969237164057,118.00948465471956,2,48.38999938964844,2026-08-19,SNPP,East Kalimantan,Berau
2.263969237164057,118.01285974141629,1,20.899999618530273,2026-08-19,SNPP,East Kalimantan,Berau
2.2605967849430826,117.9248332799946,1,6.619999885559082,2026-08-19,SNPP,East Kalimantan,Berau
2.2605967849430826,117.92820835884339,2,6.619999885559082,2026-08-19,SNPP,East Kalimantan,Berau
2.2605967849430826,117.93158343769213,2,6.619999885559082,2026-08-19,SNPP,East Kalimantan,Berau
2.2605967849430826,117.93495851654092,2,6.619999885559082,2026-08-19,SNPP,East Kalimantan,Berau
2.2605967849430826,117.93833359538965,2,6.920000076293945,2026-08-19,SNPP,East Kalimantan,Berau
2.2605967849430826,117.95183391078474,1,4.550000190734863,2026-08-19,SNPP,East Kalimantan,Berau
2.2605967849430826,117.95520898963348,1,4.550000190734863,2026-08-19,SNPP,East Kalimantan,Berau
2.2605967849430826,117.95858406848227,1,4.550000190734863,2026-08-19,SNPP,East Kalimantan,Berau
2.2605967849430826,117.99908501466743,1,6.409999847412109,2026-08-19,SNPP,East Kalimantan,Berau
2.2605967849430826,118.00246009351622,2,6.059999942779541,2026-08-19,SNPP,East Kalimantan,Berau
2.2605967849430826,118.00583517236495,2,48.38999938964844,2026-08-19,SNPP,East Kalimantan,Berau
2.2605967849430826,118.00921025121374,2,48.38999938964844,2026-08-19,SNPP,East Kalimantan,Berau
2.2605967849430826,118.0125853300625,1,20.899999618530273,2026-08-19,SNPP,East Kalimantan,Berau
2.2572243327221084,117.90430905644244,1,5.110000133514404,2026-08-19,SNPP,East Kalimantan,Berau
2.2572243327221084,117.90768412745494,1,5.110000133514404,2026-08-19,SNPP,East Kalimantan,Berau
2.2572243327221084,117.91105919846748,1,5.110000133514404,2026-08-19,SNPP,East Kalimantan,Berau
2.2572243327221084,117.91443426948,1,5.800000190734863,2026-08-19,SNPP,East Kalimantan,Berau
2.2572243327221084,117.92455948251755,1,6.619999885559082,2026-08-19,SNPP,East Kalimantan,Berau
2.2572243327221084,117.9279345535301,1,6.619999885559082,2026-08-19,SNPP,East Kalimantan,Berau
2.2572243327221084,117.93130962454258,2,6.920000076293945,2026-08-19,SNPP,East Kalimantan,Berau
2.2572243327221084,117.9346846955551,2,6.920000076293945,2026-08-19,SNPP,East Kalimantan,Berau
2.2572243327221084,117.93805976656762,2,6.920000076293945,2026-08-19,SNPP,East Kalimantan,Berau
2.2572243327221084,117.95156005061769,1,4.550000190734863,2026-08-19,SNPP,East Kalimantan,Berau
2.2572243327221084,117.9549351216302,1,4.550000190734863,2026-08-19,SNPP,East Kalimantan,Berau
2.2572243327221084,117.95831019264274,1,4.550000190734863,2026-08-19,SNPP,East Kalimantan,Berau
2.2572243327221084,117.96506033466775,1,3.2300000190734863,2026-08-19,SNPP,East Kalimantan,Berau
2.2572243327221084,117.9684354056803,1,3.2300000190734863,2026-08-19,SNPP,East Kalimantan,Berau
2.2572243327221084,117.97181047669281,1,3.2300000190734863,2026-08-19,SNPP,East Kalimantan,Berau
2.2572243327221084,117.97518554770532,1,3.2300000190734863,2026-08-19,SNPP,East Kalimantan,Berau
2.2572243327221084,117.99881104479294,1,3.609999895095825,2026-08-19,SNPP,East Kalimantan,Berau
2.2572243327221084,118.00218611580547,2,6.059999942779541,2026-08-19,SNPP,East Kalimantan,Berau
2.2572243327221084,118.00556118681799,2,6.059999942779541,2026-08-19,SNPP,East Kalimantan,Berau
2.2572243327221084,118.0089362578305,1,6.059999942779541,2026-08-19,SNPP,East Kalimantan,Berau
2.2572243327221084,118.01231132884304,1,4.179999828338623,2026-08-19,SNPP,East Kalimantan,Berau
2.2538518805011347,117.64753091344896,2,17.06999969482422,2026-08-19,SNPP,East Kalimantan,Berau
2.2538518805011347,117.65090597663698,2,17.06999969482422,2026-08-19,SNPP,East Kalimantan,Berau
2.2538518805011347,117.84328457835304,2,12.319999694824219,2026-08-19,SNPP,East Kalimantan,Berau
2.2538518805011347,117.84665964154102,2,12.319999694824219,2026-08-19,SNPP,East Kalimantan,Berau
2.2538518805011347,117.85003470472904,2,12.319999694824219,2026-08-19,SNPP,East Kalimantan,Berau
2.2538518805011347,117.85340976791703,2,12.319999694824219,2026-08-19,SNPP,East Kalimantan,Berau
2.2538518805011347,117.85678483110505,2,11.270000457763672,2026-08-19,SNPP,East Kalimantan,Berau
2.2538518805011347,117.86015989429303,2,11.270000457763672,2026-08-19,SNPP,East Kalimantan,Berau
2.2538518805011347,117.90403571573704,1,5.110000133514404,2026-08-19,SNPP,East Kalimantan,Berau
2.2538518805011347,117.90741077892505,1,5.110000133514404,2026-08-19,SNPP,East Kalimantan,Berau
2.2538518805011347,117.91078584211307,1,5.110000133514404,2026-08-19,SNPP,East Kalimantan,Berau
2.2538518805011347,117.91416090530106,1,5.800000190734863,2026-08-19,SNPP,East Kalimantan,Berau
2.2538518805011347,117.92766115805307,1,10.869999885559082,2026-08-19,SNPP,East Kalimantan,Berau
2.2538518805011347,117.93103622124106,2,6.920000076293945,2026-08-19,SNPP,East Kalimantan,Berau
2.2538518805011347,117.93441128442907,2,6.920000076293945,2026-08-19,SNPP,East Kalimantan,Berau
2.2538518805011347,117.93778634761706,2,6.920000076293945,2026-08-19,SNPP,East Kalimantan,Berau
2.2538518805011347,117.95128660036907,1,4.550000190734863,2026-08-19,SNPP,East Kalimantan,Berau
2.2538518805011347,117.95466166355706,1,4.550000190734863,2026-08-19,SNPP,East Kalimantan,Berau
2.2538518805011347,117.95803672674508,1,4.550000190734863,2026-08-19,SNPP,East Kalimantan,Berau
2.2538518805011347,117.96478685312105,1,3.2300000190734863,2026-08-19,SNPP,East Kalimantan,Berau
2.2538518805011347,117.96816191630907,1,3.2300000190734863,2026-08-19,SNPP,East Kalimantan,Berau
2.2538518805011347,117.97153697949706,1,3.2300000190734863,2026-08-19,SNPP,East Kalimantan,Berau
2.2538518805011347,117.97491204268508,1,3.2300000190734863,2026-08-19,SNPP,East Kalimantan,Berau
2.2538518805011347,117.99853748500108,1,3.609999895095825,2026-08-19,SNPP,East Kalimantan,Berau
2.2538518805011347,118.0019125481891,2,6.059999942779541,2026-08-19,SNPP,East Kalimantan,Berau
2.2538518805011347,118.00528761137708,2,6.059999942779541,2026-08-19,SNPP,East Kalimantan,Berau
2.2504794282801606,117.64725857626492,2,17.06999969482422,2026-08-19,SNPP,East Kalimantan,Berau
2.2504794282801606,117.65063363164013,2,17.06999969482422,2026-08-19,SNPP,East Kalimantan,Berau
2.2504794282801606,117.8430117880273,2,12.319999694824219,2026-08-19,SNPP,East Kalimantan,Berau
2.2504794282801606,117.8463868434025,2,12.319999694824219,2026-08-19,SNPP,East Kalimantan,Berau
2.2504794282801606,117.84976189877773,2,12.319999694824219,2026-08-19,SNPP,East Kalimantan,Berau
2.2504794282801606,117.85313695415293,2,12.319999694824219,2026-08-19,SNPP,East Kalimantan,Berau
2.2504794282801606,117.85651200952812,2,11.270000457763672,2026-08-19,SNPP,East Kalimantan,Berau
2.2504794282801606,117.85988706490335,2,11.270000457763672,2026-08-19,SNPP,East Kalimantan,Berau
2.2504794282801606,117.86326212027855,2,6.090000152587891,2026-08-19,SNPP,East Kalimantan,Berau
2.2504794282801606,117.86663717565378,1,6.090000152587891,2026-08-19,SNPP,East Kalimantan,Berau
2.2504794282801606,117.90376278478111,1,5.110000133514404,2026-08-19,SNPP,East Kalimantan,Berau
2.2504794282801606,117.90713784015634,1,5.110000133514404,2026-08-19,SNPP,East Kalimantan,Berau
2.2504794282801606,117.91051289553157,1,5.110000133514404,2026-08-19,SNPP,East Kalimantan,Berau
2.2504794282801606,117.91388795090677,1,5.800000190734863,2026-08-19,SNPP,East Kalimantan,Berau
2.2504794282801606,117.92738817240763,1,10.869999885559082,2026-08-19,SNPP,East Kalimantan,Berau
2.2504794282801606,117.93076322778283,1,10.869999885559082,2026-08-19,SNPP,East Kalimantan,Berau
2.2504794282801606,117.93413828315806,1,6.920000076293945,2026-08-19,SNPP,East Kalimantan,Berau
2.2504794282801606,117.93751333853324,1,6.920000076293945,2026-08-19,SNPP,East Kalimantan,Berau
2.2504794282801606,117.96451378153495,1,3.2300000190734863,2026-08-19,SNPP,East Kalimantan,Berau
2.2504794282801606,117.96788883691018,1,3.2300000190734863,2026-08-19,SNPP,East Kalimantan,Berau
2.2504794282801606,117.97126389228538,1,3.2300000190734863,2026-08-19,SNPP,East Kalimantan,Berau
2.2504794282801606,117.97463894766061,1,3.2300000190734863,2026-08-19,SNPP,East Kalimantan,Berau
2.2504794282801606,117.9948892799119,1,2.740000009536743,2026-08-19,SNPP,East Kalimantan,Berau
2.2504794282801606,117.9982643352871,1,2.740000009536743,2026-08-19,SNPP,East Kalimantan,Berau
2.2504794282801606,118.00163939066232,1,2.740000009536743,2026-08-19,SNPP,East Kalimantan,Berau
2.247106976059186,117.64698664793418,2,17.06999969482422,2026-08-19,SNPP,East Kalimantan,Berau
2.247106976059186,117.65036169550834,2,17.06999969482422,2026-08-19,SNPP,East Kalimantan,Berau
2.247106976059186,117.84273940723516,2,12.319999694824219,2026-08-19,SNPP,East Kalimantan,Berau
2.247106976059186,117.8461144548093,2,12.319999694824219,2026-08-19,SNPP,East Kalimantan,Berau
2.247106976059186,117.84948950238346,2,12.319999694824219,2026-08-19,SNPP,East Kalimantan,Berau
2.247106976059186,117.8528645499576,2,12.319999694824219,2026-08-19,SNPP,East Kalimantan,Berau
2.247106976059186,117.85623959753175,2,11.270000457763672,2026-08-19,SNPP,East Kalimantan,Berau
2.247106976059186,117.85961464510592,2,11.270000457763672,2026-08-19,SNPP,East Kalimantan,Berau
2.247106976059186,117.86298969268006,2,6.090000152587891,2026-08-19,SNPP,East Kalimantan,Berau
2.247106976059186,117.86636474025423,1,6.090000152587891,2026-08-19,SNPP,East Kalimantan,Berau
2.247106976059186,117.92711559658902,1,10.869999885559082,2026-08-19,SNPP,East Kalimantan,Berau
2.247106976059186,117.93049064416316,1,10.869999885559082,2026-08-19,SNPP,East Kalimantan,Berau
2.247106976059186,117.99461654807212,1,2.740000009536743,2026-08-19,SNPP,East Kalimantan,Berau
2.247106976059186,117.99799159564625,1,2.740000009536743,2026-08-19,SNPP,East Kalimantan,Berau
2.247106976059186,118.00136664322041,1,2.740000009536743,2026-08-19,SNPP,East Kalimantan,Berau
2.243734523838212,117.84584247575667,1,22.15999984741211,2026-08-19,SNPP,East Kalimantan,Berau
2.243734523838212,117.84921751554151,1,22.15999984741211,2026-08-19,SNPP,East Kalimantan,Berau
2.243734523838212,117.85259255532634,2,16.56999969482422,2026-08-19,SNPP,East Kalimantan,Berau
2.243734523838212,117.85596759511117,2,16.56999969482422,2026-08-19,SNPP,East Kalimantan,Berau
2.243734523838212,117.85934263489601,2,6.090000152587891,2026-08-19,SNPP,East Kalimantan,Berau
2.243734523838212,117.86271767468081,2,6.090000152587891,2026-08-19,SNPP,East Kalimantan,Berau
2.243734523838212,117.86609271446565,1,6.090000152587891,2026-08-19,SNPP,East Kalimantan,Berau
2.243734523838212,117.95046870908625,1,3.619999885559082,2026-08-19,SNPP,East Kalimantan,Berau
2.243734523838212,117.95384374887108,1,3.619999885559082,2026-08-19,SNPP,East Kalimantan,Berau
2.243734523838212,117.95721878865592,1,3.619999885559082,2026-08-19,SNPP,East Kalimantan,Berau
2.243734523838212,117.994344226289,1,2.740000009536743,2026-08-19,SNPP,East Kalimantan,Berau
2.243734523838212,117.9977192660738,1,2.740000009536743,2026-08-19,SNPP,East Kalimantan,Berau
2.243734523838212,118.00109430585864,1,2.740000009536743,2026-08-19,SNPP,East Kalimantan,Berau
2.2403620716172377,117.84557090623996,1,22.15999984741211,2026-08-19,SNPP,East Kalimantan,Berau
2.2403620716172377,117.8489459382472,1,22.15999984741211,2026-08-19,SNPP,East Kalimantan,Berau
2.2403620716172377,117.8523209702544,2,16.56999969482422,2026-08-19,SNPP,East Kalimantan,Berau
2.2403620716172377,117.85569600226165,2,16.56999969482422,2026-08-19,SNPP,East Kalimantan,Berau
2.2403620716172377,117.8590710342689,1,6.090000152587891,2026-08-19,SNPP,East Kalimantan,Berau
2.2403620716172377,117.86244606627609,1,6.090000152587891,2026-08-19,SNPP,East Kalimantan,Berau
2.2403620716172377,117.95019689846393,1,3.619999885559082,2026-08-19,SNPP,East Kalimantan,Berau
2.2403620716172377,117.95357193047113,1,3.619999885559082,2026-08-19,SNPP,East Kalimantan,Berau
2.2403620716172377,117.95694696247837,1,3.619999885559082,2026-08-19,SNPP,East Kalimantan,Berau
2.2369896193962635,117.85879984321981,1,6.090000152587891,2026-08-19,SNPP,East Kalimantan,Berau
2.2369896193962635,117.86217486746116,1,6.090000152587891,2026-08-19,SNPP,East Kalimantan,Berau
2.2369896193962635,117.87904998866792,1,2.9800000190734863,2026-08-19,SNPP,East Kalimantan,Berau
2.2369896193962635,117.88242501290928,1,2.9800000190734863,2026-08-19,SNPP,East Kalimantan,Berau
2.2369896193962635,117.88580003715062,1,2.9800000190734863,2026-08-19,SNPP,East Kalimantan,Berau
2.2369896193962635,117.94992549773633,1,3.619999885559082,2026-08-19,SNPP,East Kalimantan,Berau
2.2369896193962635,117.95330052197765,1,3.619999885559082,2026-08-19,SNPP,East Kalimantan,Berau
2.2369896193962635,117.95667554621902,1,3.619999885559082,2026-08-19,SNPP,East Kalimantan,Berau
2.2336171671752894,117.8787791606674,1,2.9800000190734863,2026-08-19,SNPP,East Kalimantan,Berau
2.2336171671752894,117.88215417715462,1,2.9800000190734863,2026-08-19,SNPP,East Kalimantan,Berau
2.2336171671752894,117.88552919364182,1,2.9800000190734863,2026-08-19,SNPP,East Kalimantan,Berau
2.2336171671752894,117.88890421012903,1,3.569999933242798,2026-08-19,SNPP,East Kalimantan,Berau
2.230244714954315,117.8785087423059,1,2.9800000190734863,2026-08-19,SNPP,East Kalimantan,Berau
2.230244714954315,117.8818837510507,1,2.9800000190734863,2026-08-19,SNPP,East Kalimantan,Berau
2.230244714954315,117.88525875979548,1,2.9800000190734863,2026-08-19,SNPP,East Kalimantan,Berau
2.230244714954315,117.88863376854029,1,3.569999933242798,2026-08-19,SNPP,East Kalimantan,Berau
2.226872262733341,117.55423863622455,1,3.2200000286102295,2026-08-19,SNPP,East Kalimantan,Berau
2.226872262733341,117.55761363723863,1,3.2200000286102295,2026-08-19,SNPP,East Kalimantan,Berau
2.226872262733341,117.87823873357878,1,5.320000171661377,2026-08-19,SNPP,East Kalimantan,Berau
2.226872262733341,117.88161373459288,1,5.320000171661377,2026-08-19,SNPP,East Kalimantan,Berau
2.226872262733341,117.88498873560698,1,3.569999933242798,2026-08-19,SNPP,East Kalimantan,Berau
2.226872262733341,117.8883637366211,1,3.569999933242798,2026-08-19,SNPP,East Kalimantan,Berau
2.223499810512367,117.55396977814709,1,3.2200000286102295,2026-08-19,SNPP,East Kalimantan,Berau
2.223499810512367,117.55734477144222,1,3.2200000286102295,2026-08-19,SNPP,East Kalimantan,Berau
2.223499810512367,117.87796913448132,1,5.320000171661377,2026-08-19,SNPP,East Kalimantan,Berau
2.223499810512367,117.88134412777646,1,5.320000171661377,2026-08-19,SNPP,East Kalimantan,Berau
2.223499810512367,117.88471912107161,1,3.569999933242798,2026-08-19,SNPP,East Kalimantan,Berau
2.223499810512367,117.88809411436675,1,3.569999933242798,2026-08-19,SNPP,East Kalimantan,Berau
2.223499810512367,117.89146910766193,1,3.450000047683716,2026-08-19,SNPP,East Kalimantan,Berau
2.2201273582913927,117.55370132856872,1,3.2200000286102295,2026-08-19,SNPP,East Kalimantan,Berau
2.2201273582913927,117.55707631415662,1,3.2200000286102295,2026-08-19,SNPP,East Kalimantan,Berau
2.2201273582913927,117.87769994500883,1,5.320000171661377,2026-08-19,SNPP,East Kalimantan,Berau
2.2201273582913927,117.88107493059675,1,5.320000171661377,2026-08-19,SNPP,East Kalimantan,Berau
2.2201273582913927,117.88444991618466,1,3.569999933242798,2026-08-19,SNPP,East Kalimantan,Berau
2.2201273582913927,117.88782490177259,1,3.569999933242798,2026-08-19,SNPP,East Kalimantan,Berau
2.2201273582913927,117.89119988736051,1,3.450000047683716,2026-08-19,SNPP,East Kalimantan,Berau
2.2167549060704186,117.86055627569458,1,3.6700000762939453,2026-08-19,SNPP,East Kalimantan,Berau
2.2167549060704186,117.86393125358701,1,3.6700000762939453,2026-08-19,SNPP,East Kalimantan,Berau
2.2167549060704186,117.88755609883393,1,3.450000047683716,2026-08-19,SNPP,East Kalimantan,Berau
2.2167549060704186,117.89093107672635,1,3.450000047683716,2026-08-19,SNPP,East Kalimantan,Berau
2.213382453849444,117.86028794387697,1,3.6700000762939453,2026-08-19,SNPP,East Kalimantan,Berau
2.213382453849444,117.86366291408561,1,3.6700000762939453,2026-08-19,SNPP,East Kalimantan,Berau
2.213382453849444,117.88728770554611,1,3.450000047683716,2026-08-19,SNPP,East Kalimantan,Berau
2.213382453849444,117.89066267575475,1,3.450000047683716,2026-08-19,SNPP,East Kalimantan,Berau
2.2100100016284703,117.86002002161169,1,3.6700000762939453,2026-08-19,SNPP,East Kalimantan,Berau
2.2100100016284703,117.8633949841483,1,3.6700000762939453,2026-08-19,SNPP,East Kalimantan,Berau
2.1189537916621672,117.65045532498664,2,16.270000457763672,2026-08-19,SNPP,East Kalimantan,Berau
2.1189537916621672,117.65383008481055,2,16.270000457763672,2026-08-19,SNPP,East Kalimantan,Berau
2.115581339441193,117.6501993089493,2,16.270000457763672,2026-08-19,SNPP,East Kalimantan,Berau
2.115581339441193,117.65357406142948,2,16.270000457763672,2026-08-19,SNPP,East Kalimantan,Berau
2.112208887220219,117.64994370162893,2,16.270000457763672,2026-08-19,SNPP,East Kalimantan,Berau
2.112208887220219,117.65331844677712,2,16.270000457763672,2026-08-19,SNPP,East Kalimantan,Berau
1.86264742286813,117.79412593194557,1,2.859999895095825,2026-08-19,SNPP,East Kalimantan,Berau
1.86264742286813,117.79750016705079,1,2.859999895095825,2026-08-19,SNPP,East Kalimantan,Berau
1.859274970647156,117.79390065651236,1,2.859999895095825,2026-08-19,SNPP,East Kalimantan,Berau
1.859274970647156,117.79727488516451,1,2.859999895095825,2026-08-19,SNPP,East Kalimantan,Berau
1.8559025184261815,117.79367579004165,1,2.859999895095825,2026-08-19,SNPP,East Kalimantan,Berau
1.8559025184261815,117.79705001225246,1,2.859999895095825,2026-08-19,SNPP,East Kalimantan,Berau
0.9959272020777669,111.19263606328425,1,8.960000038146973,2026-08-19,SNPP,West Kalimantan,Sintang
0.9959272020777669,111.19600902504774,1,8.960000038146973,2026-08-19,SNPP,West Kalimantan,Sintang
0.9925547498567928,111.19252248073869,1,8.960000038146973,2026-08-19,SNPP,West Kalimantan,Sintang
0.9925547498567928,111.19589543905673,1,8.960000038146973,2026-08-19,SNPP,West Kalimantan,Sintang
0.9891822976358186,111.19240928365603,1,8.960000038146973,2026-08-19,SNPP,West Kalimantan,Sintang
0.9891822976358186,111.19578223854029,1,8.960000038146973,2026-08-19,SNPP,West Kalimantan,Sintang
1.113963029811863,112.3808088019564,1,7.130000114440918,2026-08-19,SNPP,West Kalimantan,Kapuas Hulu
1.113963029811863,112.38418189167784,1,7.130000114440918,2026-08-19,SNPP,West Kalimantan,Kapuas Hulu
1.113963029811863,112.38755498139929,1,7.130000114440918,2026-08-19,SNPP,West Kalimantan,Kapuas Hulu
1.1105905775908889,112.38068037390677,1,7.130000114440918,2026-08-19,SNPP,West Kalimantan,Kapuas Hulu
1.1105905775908889,112.38405345977345,1,7.130000114440918,2026-08-19,SNPP,West Kalimantan,Kapuas Hulu
1.1105905775908889,112.38742654564017,1,7.130000114440918,2026-08-19,SNPP,West Kalimantan,Kapuas Hulu
1.1072181253699147,112.38055233549784,1,7.130000114440918,2026-08-19,SNPP,West Kalimantan,Kapuas Hulu
1.1072181253699147,112.38392541752148,1,7.130000114440918,2026-08-19,SNPP,West Kalimantan,Kapuas Hulu
1.1072181253699147,112.38729849954514,1,7.130000114440918,2026-08-19,SNPP,West Kalimantan,Kapuas Hulu
1.0026721065197153,112.70395435765316,2,13.15999984741211,2026-08-19,SNPP,West Kalimantan,Kapuas Hulu
1.0026721065197153,112.70732732634262,2,13.15999984741211,2026-08-19,SNPP,West Kalimantan,Kapuas Hulu
1.0026721065197153,112.7107002950321,2,13.15999984741211,2026-08-19,SNPP,West Kalimantan,Kapuas Hulu
1.0026721065197153,112.71407326372157,1,13.15999984741211,2026-08-19,SNPP,West Kalimantan,Kapuas Hulu
1.0026721065197153,112.71744623241104,1,13.15999984741211,2026-08-19,SNPP,West Kalimantan,Kapuas Hulu
0.9992996542987411,112.70383845013382,2,13.15999984741211,2026-08-19,SNPP,West Kalimantan,Kapuas Hulu
0.9992996542987411,112.70721141535444,2,13.15999984741211,2026-08-19,SNPP,West Kalimantan,Kapuas Hulu
0.9992996542987411,112.71058438057507,2,13.15999984741211,2026-08-19,SNPP,West Kalimantan,Kapuas Hulu
0.9992996542987411,112.71395734579569,1,13.15999984741211,2026-08-19,SNPP,West Kalimantan,Kapuas Hulu
0.9992996542987411,112.71733031101631,1,13.15999984741211,2026-08-19,SNPP,West Kalimantan,Kapuas Hulu
0.9959272020777669,112.70372293331972,2,13.15999984741211,2026-08-19,SNPP,West Kalimantan,Kapuas Hulu
0.9959272020777669,112.7070958950832,2,13.15999984741211,2026-08-19,SNPP,West Kalimantan,Kapuas Hulu
0.9959272020777669,112.71046885684667,2,13.15999984741211,2026-08-19,SNPP,West Kalimantan,Kapuas Hulu
0.9959272020777669,112.71384181861015,1,13.15999984741211,2026-08-19,SNPP,West Kalimantan,Kapuas Hulu
0.9959272020777669,112.71721478037362,1,13.15999984741211,2026-08-19,SNPP,West Kalimantan,Kapuas Hulu
0.9959272020777669,112.81840363327778,1,7.570000171661377,2026-08-19,SNPP,West Kalimantan,Kapuas Hulu
0.9959272020777669,112.82177659504126,1,7.570000171661377,2026-08-19,SNPP,West Kalimantan,Kapuas Hulu
0.9959272020777669,112.82514955680472,1,7.570000171661377,2026-08-19,SNPP,West Kalimantan,Kapuas Hulu
0.9959272020777669,112.82852251856819,1,7.570000171661377,2026-08-19,SNPP,West Kalimantan,Kapuas Hulu
0.9925547498567928,112.70360780720888,2,13.15999984741211,2026-08-19,SNPP,West Kalimantan,Kapuas Hulu
0.9925547498567928,112.70698076552688,2,13.15999984741211,2026-08-19,SNPP,West Kalimantan,Kapuas Hulu
0.9925547498567928,112.71035372384492,2,13.15999984741211,2026-08-19,SNPP,West Kalimantan,Kapuas Hulu
0.9925547498567928,112.71372668216293,1,13.15999984741211,2026-08-19,SNPP,West Kalimantan,Kapuas Hulu
0.9925547498567928,112.71709964048094,1,13.15999984741211,2026-08-19,SNPP,West Kalimantan,Kapuas Hulu
0.9925547498567928,112.81828839002135,1,7.570000171661377,2026-08-19,SNPP,West Kalimantan,Kapuas Hulu
0.9925547498567928,112.82166134833936,1,7.570000171661377,2026-08-19,SNPP,West Kalimantan,Kapuas Hulu
0.9925547498567928,112.82503430665737,1,7.570000171661377,2026-08-19,SNPP,West Kalimantan,Kapuas Hulu
0.9925547498567928,112.8284072649754,1,7.570000171661377,2026-08-19,SNPP,West Kalimantan,Kapuas Hulu
0.9891822976358186,112.81817353786373,1,7.570000171661377,2026-08-19,SNPP,West Kalimantan,Kapuas Hulu
0.9891822976358186,112.82154649274798,1,7.570000171661377,2026-08-19,SNPP,West Kalimantan,Kapuas Hulu
0.9891822976358186,112.82491944763223,1,7.570000171661377,2026-08-19,SNPP,West Kalimantan,Kapuas Hulu
0.9891822976358186,112.82829240251648,1,7.570000171661377,2026-08-19,SNPP,West Kalimantan,Kapuas Hulu
0.9858098454148445,112.81805907680292,1,7.570000171661377,2026-08-19,SNPP,West Kalimantan,Kapuas Hulu
0.9858098454148445,112.8214320282651,1,7.570000171661377,2026-08-19,SNPP,West Kalimantan,Kapuas Hulu
0.9858098454148445,112.82480497972728,1,7.570000171661377,2026-08-19,SNPP,West Kalimantan,Kapuas Hulu
0.9858098454148445,112.82817793118946,1,7.570000171661377,2026-08-19,SNPP,West Kalimantan,Kapuas Hulu
1.0600037942762763,111.89308446817537,1,4.289999961853027,2026-08-19,SNPP,West Kalimantan,Kapuas Hulu
1.0600037942762763,111.89645749762427,1,4.289999961853027,2026-08-19,SNPP,West Kalimantan,Kapuas Hulu
1.0600037942762763,111.89983052707315,1,4.289999961853027,2026-08-19,SNPP,West Kalimantan,Kapuas Hulu
1.056631342055302,111.89296280225348,1,4.289999961853027,2026-08-19,SNPP,West Kalimantan,Kapuas Hulu
1.056631342055302,111.89633582803474,1,4.289999961853027,2026-08-19,SNPP,West Kalimantan,Kapuas Hulu
1.056631342055302,111.899708853816,1,4.289999961853027,2026-08-19,SNPP,West Kalimantan,Kapuas Hulu
1.053258889834328,111.89284152425364,1,4.289999961853027,2026-08-19,SNPP,West Kalimantan,Kapuas Hulu
1.053258889834328,111.89621454637896,1,4.289999961853027,2026-08-19,SNPP,West Kalimantan,Kapuas Hulu
1.053258889834328,111.89958756850427,1,4.289999961853027,2026-08-19,SNPP,West Kalimantan,Kapuas Hulu
1.0498864376133537,111.89272063417378,1,4.289999961853027,2026-08-19,SNPP,West Kalimantan,Kapuas Hulu
1.0498864376133537,111.89609365265486,1,4.289999961853027,2026-08-19,SNPP,West Kalimantan,Kapuas Hulu
1.0498864376133537,111.89946667113591,1,4.289999961853027,2026-08-19,SNPP,West Kalimantan,Kapuas Hulu
0.9689475843099736,111.62010088072563,1,6.320000171661377,2026-08-19,SNPP,West Kalimantan,Kapuas Hulu
0.9689475843099736,111.62347381525284,1,6.320000171661377,2026-08-19,SNPP,West Kalimantan,Kapuas Hulu
0.9689475843099736,111.62684674978004,1,6.320000171661377,2026-08-19,SNPP,West Kalimantan,Kapuas Hulu
0.9655751320889994,111.61998995613506,1,6.320000171661377,2026-08-19,SNPP,West Kalimantan,Kapuas Hulu
0.9655751320889994,111.62336288731035,1,6.320000171661377,2026-08-19,SNPP,West Kalimantan,Kapuas Hulu
0.9655751320889994,111.62673581848564,1,6.320000171661377,2026-08-19,SNPP,West Kalimantan,Kapuas Hulu
0.9622026798680253,111.61987941847678,1,6.320000171661377,2026-08-19,SNPP,West Kalimantan,Kapuas Hulu
0.9622026798680253,111.62325234631183,1,6.75,2026-08-19,SNPP,West Kalimantan,Kapuas Hulu
0.9622026798680253,111.6266252741469,1,6.75,2026-08-19,SNPP,West Kalimantan,Kapuas Hulu
0.9622026798680253,111.62999820198196,1,6.75,2026-08-19,SNPP,West Kalimantan,Kapuas Hulu
0.9588302276470511,111.6231421922554,1,6.75,2026-08-19,SNPP,West Kalimantan,Kapuas Hulu
0.9588302276470511,111.62651511676194,1,6.75,2026-08-19,SNPP,West Kalimantan,Kapuas Hulu
0.9588302276470511,111.62988804126847,1,6.75,2026-08-19,SNPP,West Kalimantan,Kapuas Hulu
1.7985708306696209,117.91813197855804,1,4.769999980926514,2026-08-19,SNPP,East Kalimantan,Berau
1.7985708306696209,117.92150609305824,1,4.769999980926514,2026-08-19,SNPP,East Kalimantan,Berau
1.7985708306696209,117.92488020755847,1,4.769999980926514,2026-08-19,SNPP,East Kalimantan,Berau
1.7951983784486465,117.91791423599338,1,4.769999980926514,2026-08-19,SNPP,East Kalimantan,Berau
1.7951983784486465,117.9212883442631,1,4.769999980926514,2026-08-19,SNPP,East Kalimantan,Berau
1.7951983784486465,117.92466245253284,1,4.769999980926514,2026-08-19,SNPP,East Kalimantan,Berau
1.7918259262276723,117.91769690276341,1,4.769999980926514,2026-08-19,SNPP,East Kalimantan,Berau
1.7918259262276723,117.92107100481435,1,4.769999980926514,2026-08-19,SNPP,East Kalimantan,Berau
1.7918259262276723,117.9244451068653,1,4.769999980926514,2026-08-19,SNPP,East Kalimantan,Berau
1.7884534740066982,117.91747997886435,1,1.7999999523162842,2026-08-19,SNPP,East Kalimantan,Berau
1.7884534740066982,117.92085407470822,1,1.7999999523162842,2026-08-19,SNPP,East Kalimantan,Berau
1.785081021785724,117.91726346429247,1,1.7999999523162842,2026-08-19,SNPP,East Kalimantan,Berau
1.785081021785724,117.92063755394096,1,1.7999999523162842,2026-08-19,SNPP,East Kalimantan,Berau
1.7817085695647499,117.91704735904396,1,1.7999999523162842,2026-08-19,SNPP,East Kalimantan,Berau
1.7817085695647499,117.92042144250883,1,1.7999999523162842,2026-08-19,SNPP,East Kalimantan,Berau
1.7783361173437757,117.88983904477156,1,5.489999771118164,2026-08-19,SNPP,East Kalimantan,Berau
1.7783361173437757,117.89321312206452,1,5.619999885559082,2026-08-19,SNPP,East Kalimantan,Berau
1.7783361173437757,117.89658719935746,1,5.619999885559082,2026-08-19,SNPP,East Kalimantan,Berau
1.7749636651228016,117.87612752290956,1,11.569999694824219,2026-08-19,SNPP,East Kalimantan,Berau
1.7749636651228016,117.87950159404225,2,10.920000076293945,2026-08-19,SNPP,East Kalimantan,Berau
1.7749636651228016,117.88287566517499,2,10.920000076293945,2026-08-19,SNPP,East Kalimantan,Berau
1.7749636651228016,117.88624973630769,2,10.920000076293945,2026-08-19,SNPP,East Kalimantan,Berau
1.7749636651228016,117.88962380744043,1,5.489999771118164,2026-08-19,SNPP,East Kalimantan,Berau
1.7749636651228016,117.89299787857315,1,5.619999885559082,2026-08-19,SNPP,East Kalimantan,Berau
1.7749636651228016,117.89637194970587,1,5.619999885559082,2026-08-19,SNPP,East Kalimantan,Berau
1.7715912129018274,117.8759127193909,1,11.569999694824219,2026-08-19,SNPP,East Kalimantan,Berau
1.7715912129018274,117.87928678437511,2,10.920000076293945,2026-08-19,SNPP,East Kalimantan,Berau
1.7715912129018274,117.88266084935934,2,10.920000076293945,2026-08-19,SNPP,East Kalimantan,Berau
1.7715912129018274,117.88603491434353,2,10.920000076293945,2026-08-19,SNPP,East Kalimantan,Berau
1.7715912129018274,117.88940897932777,1,5.489999771118164,2026-08-19,SNPP,East Kalimantan,Berau
1.7715912129018274,117.89278304431198,1,5.619999885559082,2026-08-19,SNPP,East Kalimantan,Berau
1.7715912129018274,117.89615710929618,1,5.619999885559082,2026-08-19,SNPP,East Kalimantan,Berau
1.7682187606808533,117.87569832504018,1,11.569999694824219,2026-08-19,SNPP,East Kalimantan,Berau
1.7682187606808533,117.8790723838876,2,10.920000076293945,2026-08-19,SNPP,East Kalimantan,Berau
1.7682187606808533,117.88244644273502,2,10.920000076293945,2026-08-19,SNPP,East Kalimantan,Berau
1.7682187606808533,117.88582050158242,2,10.920000076293945,2026-08-19,SNPP,East Kalimantan,Berau
1.7311217862501374,117.93409884928727,1,2.4700000286102295,2026-08-19,SNPP,East Kalimantan,Berau
1.7311217862501374,117.9374728414029,1,2.4700000286102295,2026-08-19,SNPP,East Kalimantan,Berau
1.7311217862501374,117.94084683351853,1,2.4700000286102295,2026-08-19,SNPP,East Kalimantan,Berau
1.727749334029163,117.87315750658237,1,3.9100000858306885,2026-08-19,SNPP,East Kalimantan,Berau
1.727749334029163,117.8765314927017,1,3.9100000858306885,2026-08-19,SNPP,East Kalimantan,Berau
1.727749334029163,117.87990547882109,1,3.9100000858306885,2026-08-19,SNPP,East Kalimantan,Berau
1.727749334029163,117.88327946494041,1,3.9600000381469727,2026-08-19,SNPP,East Kalimantan,Berau
1.727749334029163,117.9338892567308,1,2.4700000286102295,2026-08-19,SNPP,East Kalimantan,Berau
1.727749334029163,117.93726324285016,1,2.4700000286102295,2026-08-19,SNPP,East Kalimantan,Berau
1.727749334029163,117.94063722896952,1,2.4700000286102295,2026-08-19,SNPP,East Kalimantan,Berau
1.724376881808189,117.87294843107874,1,3.9100000858306885,2026-08-19,SNPP,East Kalimantan,Berau
1.724376881808189,117.87632241121354,1,3.9100000858306885,2026-08-19,SNPP,East Kalimantan,Berau
1.724376881808189,117.87969639134836,1,3.9100000858306885,2026-08-19,SNPP,East Kalimantan,Berau
1.724376881808189,117.88307037148313,1,3.9600000381469727,2026-08-19,SNPP,East Kalimantan,Berau
1.724376881808189,117.93368007350529,1,2.4700000286102295,2026-08-19,SNPP,East Kalimantan,Berau
1.724376881808189,117.93705405364008,1,2.4700000286102295,2026-08-19,SNPP,East Kalimantan,Berau
1.724376881808189,117.94042803377491,1,2.4700000286102295,2026-08-19,SNPP,East Kalimantan,Berau
1.7210044295872147,117.87273976469162,1,3.9100000858306885,2026-08-19,SNPP,East Kalimantan,Berau
1.7210044295872147,117.87611373885356,1,3.9100000858306885,2026-08-19,SNPP,East Kalimantan,Berau
1.7210044295872147,117.87948771301555,1,3.9100000858306885,2026-08-19,SNPP,East Kalimantan,Berau
1.7210044295872147,117.8828616871775,1,3.9600000381469727,2026-08-19,SNPP,East Kalimantan,Berau
1.5861063407482476,118.0840219592329,1,3.5899999141693115,2026-08-19,SNPP,East Kalimantan,Berau
1.5861063407482476,118.08739570408274,1,3.5899999141693115,2026-08-19,SNPP,East Kalimantan,Berau
1.5827338885272735,118.08382970655671,1,3.5899999141693115,2026-08-19,SNPP,East Kalimantan,Berau
1.5827338885272735,118.08720344591376,1,3.5899999141693115,2026-08-19,SNPP,East Kalimantan,Berau
1.5793614363062993,118.08363786361208,1,3.5899999141693115,2026-08-19,SNPP,East Kalimantan,Berau
1.5793614363062993,118.08701159748803,1,3.5899999141693115,2026-08-19,SNPP,East Kalimantan,Berau
1.5759889840853252,118.06657778836295,1,2.2799999713897705,2026-08-19,SNPP,East Kalimantan,Berau
1.5759889840853252,118.06995151676952,1,2.2799999713897705,2026-08-19,SNPP,East Kalimantan,Berau
1.5759889840853252,118.07332524517606,1,2.2799999713897705,2026-08-19,SNPP,East Kalimantan,Berau
1.5759889840853252,118.08344643039568,1,3.5899999141693115,2026-08-19,SNPP,East Kalimantan,Berau
1.5759889840853252,118.08682015880225,1,3.5899999141693115,2026-08-19,SNPP,East Kalimantan,Berau
1.572616531864351,118.06638679215986,1,2.2799999713897705,2026-08-19,SNPP,East Kalimantan,Berau
1.572616531864351,118.06976051510873,1,2.2799999713897705,2026-08-19,SNPP,East Kalimantan,Berau
1.572616531864351,118.0731342380576,1,2.2799999713897705,2026-08-19,SNPP,East Kalimantan,Berau
1.5692440796433769,118.04932761810532,1,4.739999771118164,2026-08-19,SNPP,East Kalimantan,Berau
1.5692440796433769,118.05270133560823,2,4.739999771118164,2026-08-19,SNPP,East Kalimantan,Berau
1.5692440796433769,118.05607505311116,2,4.739999771118164,2026-08-19,SNPP,East Kalimantan,Berau
1.5692440796433769,118.06619620561982,1,2.2799999713897705,2026-08-19,SNPP,East Kalimantan,Berau
1.5692440796433769,118.06956992312273,1,2.2799999713897705,2026-08-19,SNPP,East Kalimantan,Berau
1.5692440796433769,118.07294364062564,1,2.2799999713897705,2026-08-19,SNPP,East Kalimantan,Berau
1.5658716274224027,118.04913746839638,1,4.739999771118164,2026-08-19,SNPP,East Kalimantan,Berau
1.5658716274224027,118.05251118046502,2,4.739999771118164,2026-08-19,SNPP,East Kalimantan,Berau
1.5658716274224027,118.05588489253365,2,4.739999771118164,2026-08-19,SNPP,East Kalimantan,Berau
1.5624991752014283,118.02533178176289,1,3.0199999809265137,2026-08-19,SNPP,East Kalimantan,Berau
1.5624991752014283,118.02870548840896,1,3.0199999809265137,2026-08-19,SNPP,East Kalimantan,Berau
1.5624991752014283,118.04894772828537,1,4.739999771118164,2026-08-19,SNPP,East Kalimantan,Berau
1.5624991752014283,118.05232143493147,2,4.739999771118164,2026-08-19,SNPP,East Kalimantan,Berau
1.5624991752014283,118.05569514157754,2,4.739999771118164,2026-08-19,SNPP,East Kalimantan,Berau
1.5591267229804544,118.0251424891225,1,3.0199999809265137,2026-08-19,SNPP,East Kalimantan,Berau
1.5591267229804544,118.02851619035772,1,3.0199999809265137,2026-08-19,SNPP,East Kalimantan,Berau
1.5591267229804544,118.048758397769,1,4.739999771118164,2026-08-19,SNPP,East Kalimantan,Berau
1.5591267229804544,118.05213209900425,1,4.739999771118164,2026-08-19,SNPP,East Kalimantan,Berau
1.5591267229804544,118.05550580023946,1,4.739999771118164,2026-08-19,SNPP,East Kalimantan,Berau
1.55575427075948,118.02495360599153,1,3.0199999809265137,2026-08-19,SNPP,East Kalimantan,Berau
1.55575427075948,118.0283273018276,1,3.0199999809265137,2026-08-19,SNPP,East Kalimantan,Berau
1.478187869677074,118.1894010554486,1,4.809999942779541,2026-08-19,SNPP,East Kalimantan,Berau
1.478187869677074,118.19277463033482,1,4.809999942779541,2026-08-19,SNPP,East Kalimantan,Berau
1.4748154174561,118.18922174366571,1,4.809999942779541,2026-08-19,SNPP,East Kalimantan,Berau
1.4748154174561,118.1925953134337,1,4.809999942779541,2026-08-19,SNPP,East Kalimantan,Berau
1.4714429652351257,118.18904284189766,1,4.809999942779541,2026-08-19,SNPP,East Kalimantan,Berau
1.4714429652351257,118.19241640655912,1,4.809999942779541,2026-08-19,SNPP,East Kalimantan,Berau
1.4579531563512291,117.80712082310046,1,1.899999976158142,2026-08-19,SNPP,East Kalimantan,Kutai Timur
1.4579531563512291,117.81049436745276,1,1.899999976158142,2026-08-19,SNPP,East Kalimantan,Kutai Timur
1.4579531563512291,117.81386791180508,1,1.899999976158142,2026-08-19,SNPP,East Kalimantan,Kutai Timur
1.4545807041302548,117.8069445417867,1,1.899999976158142,2026-08-19,SNPP,East Kalimantan,Kutai Timur
1.4545807041302548,117.81031808109097,1,1.899999976158142,2026-08-19,SNPP,East Kalimantan,Kutai Timur
1.4545807041302548,117.81369162039529,1,1.899999976158142,2026-08-19,SNPP,East Kalimantan,Kutai Timur
1.4512082519092806,117.80676866914689,1,1.899999976158142,2026-08-19,SNPP,East Kalimantan,Kutai Timur
1.4512082519092806,117.81014220341484,1,1.899999976158142,2026-08-19,SNPP,East Kalimantan,Kutai Timur
1.4512082519092806,117.81351573768282,1,1.899999976158142,2026-08-19,SNPP,East Kalimantan,Kutai Timur
1.4276010863624615,118.03157345915815,1,3.4200000762939453,2026-08-19,SNPP,East Kalimantan,Berau
1.4276010863624615,118.03494695849955,1,3.4200000762939453,2026-08-19,SNPP,East Kalimantan,Berau
1.4242286341414871,118.03140052463978,1,3.4200000762939453,2026-08-19,SNPP,East Kalimantan,Berau
1.4242286341414871,118.03477401903848,1,3.4200000762939453,2026-08-19,SNPP,East Kalimantan,Berau
1.4208561819205132,118.03122799955221,1,3.4200000762939453,2026-08-19,SNPP,East Kalimantan,Berau
1.4208561819205132,118.03460148901993,1,3.4200000762939453,2026-08-19,SNPP,East Kalimantan,Berau
1.4174837296995388,118.03105588389244,1,3.4200000762939453,2026-08-19,SNPP,East Kalimantan,Berau
1.4174837296995388,118.03442936844084,1,3.4200000762939453,2026-08-19,SNPP,East Kalimantan,Berau
1.2522335708718042,118.25925175378529,1,2.109999895095825,2026-08-19,SNPP,East Kalimantan,Berau
1.2522335708718042,118.2626250116215,1,2.109999895095825,2026-08-19,SNPP,East Kalimantan,Berau
1.2522335708718042,118.26599826945771,1,2.109999895095825,2026-08-19,SNPP,East Kalimantan,Berau
1.2488611186508303,118.25909980245797,1,2.109999895095825,2026-08-19,SNPP,East Kalimantan,Berau
1.2488611186508303,118.26247305595987,1,2.109999895095825,2026-08-19,SNPP,East Kalimantan,Berau
1.2488611186508303,118.26584630946179,1,2.109999895095825,2026-08-19,SNPP,East Kalimantan,Berau
1.245488666429856,118.25894826123418,1,2.109999895095825,2026-08-19,SNPP,East Kalimantan,Berau
1.245488666429856,118.2623215104135,1,2.109999895095825,2026-08-19,SNPP,East Kalimantan,Berau
1.245488666429856,118.2656947595928,1,2.109999895095825,2026-08-19,SNPP,East Kalimantan,Berau
0.9487128709841284,109.50125077393102,1,6.400000095367432,2026-08-19,SNPP,West Kalimantan,Bengkayang
0.9487128709841284,109.5046236885221,1,6.400000095367432,2026-08-19,SNPP,West Kalimantan,Bengkayang
0.9487128709841284,109.50799660311317,1,6.400000095367432,2026-08-19,SNPP,West Kalimantan,Bengkayang
0.9487128709841284,109.51136951770427,1,6.400000095367432,2026-08-19,SNPP,West Kalimantan,Bengkayang
0.9453404187631543,109.50114423185381,1,6.400000095367432,2026-08-19,SNPP,West Kalimantan,Bengkayang
0.9453404187631543,109.50451714316313,1,6.400000095367432,2026-08-19,SNPP,West Kalimantan,Bengkayang
0.9453404187631543,109.50789005447244,1,6.400000095367432,2026-08-19,SNPP,West Kalimantan,Bengkayang
0.9453404187631543,109.51126296578177,1,6.400000095367432,2026-08-19,SNPP,West Kalimantan,Bengkayang
0.9419679665421801,109.50103806935495,1,6.400000095367432,2026-08-19,SNPP,West Kalimantan,Bengkayang
0.9419679665421801,109.50441097739419,1,6.400000095367432,2026-08-19,SNPP,West Kalimantan,Bengkayang
0.9419679665421801,109.50778388543343,1,6.400000095367432,2026-08-19,SNPP,West Kalimantan,Bengkayang
0.9419679665421801,109.51115679347268,1,6.400000095367432,2026-08-19,SNPP,West Kalimantan,Bengkayang
0.8306770432500323,109.36283537122536,1,3.640000104904175,2026-08-19,SNPP,West Kalimantan,Bengkayang
0.8306770432500323,109.36620817791103,1,3.640000104904175,2026-08-19,SNPP,West Kalimantan,Bengkayang
0.8306770432500323,109.3695809845967,1,3.640000104904175,2026-08-19,SNPP,West Kalimantan,Bengkayang
0.8306770432500323,109.3729537912824,1,3.640000104904175,2026-08-19,SNPP,West Kalimantan,Bengkayang
0.8273045910290582,109.36274222824208,1,3.640000104904175,2026-08-19,SNPP,West Kalimantan,Bengkayang
0.8273045910290582,109.36611503205518,1,3.640000104904175,2026-08-19,SNPP,West Kalimantan,Bengkayang
0.8273045910290582,109.3694878358683,1,3.640000104904175,2026-08-19,SNPP,West Kalimantan,Bengkayang
0.8273045910290582,109.3728606396814,1,3.640000104904175,2026-08-19,SNPP,West Kalimantan,Bengkayang
0.823932138808084,109.36264946430911,1,3.640000104904175,2026-08-19,SNPP,West Kalimantan,Bengkayang
0.823932138808084,109.36602226526132,1,3.640000104904175,2026-08-19,SNPP,West Kalimantan,Bengkayang
0.823932138808084,109.36939506621353,1,3.640000104904175,2026-08-19,SNPP,West Kalimantan,Bengkayang
0.823932138808084,109.37276786716576,1,3.640000104904175,2026-08-19,SNPP,West Kalimantan,Bengkayang
0.8138147821451615,109.26793525848443,1,3.0899999141693115,2026-08-19,SNPP,West Kalimantan,Bengkayang
0.8138147821451615,109.27130805092412,1,3.0899999141693115,2026-08-19,SNPP,West Kalimantan,Bengkayang
0.8138147821451615,109.27468084336381,1,3.0899999141693115,2026-08-19,SNPP,West Kalimantan,Bengkayang
0.8104423299241873,109.26784408953213,1,3.0899999141693115,2026-08-19,SNPP,West Kalimantan,Bengkayang
0.8104423299241873,109.27121687915769,1,3.0899999141693115,2026-08-19,SNPP,West Kalimantan,Bengkayang
0.8104423299241873,109.27458966878325,1,3.0899999141693115,2026-08-19,SNPP,West Kalimantan,Bengkayang
0.8070698777032131,109.26775329929482,1,3.0899999141693115,2026-08-19,SNPP,West Kalimantan,Bengkayang
0.8070698777032131,109.27112608611793,1,3.0899999141693115,2026-08-19,SNPP,West Kalimantan,Bengkayang
0.8070698777032131,109.27449887294105,1,3.0899999141693115,2026-08-19,SNPP,West Kalimantan,Bengkayang
0.8003249732612648,109.62508766781056,1,6.610000133514404,2026-08-19,SNPP,West Kalimantan,Bengkayang
0.8003249732612648,109.62846044906388,1,6.610000133514404,2026-08-19,SNPP,West Kalimantan,Bengkayang
0.8003249732612648,109.6318332303172,1,6.610000133514404,2026-08-19,SNPP,West Kalimantan,Bengkayang
0.7969525210402906,109.61825216339581,1,1.9600000381469727,2026-08-19,SNPP,West Kalimantan,Bengkayang
0.7969525210402906,109.62162494188175,1,1.9600000381469727,2026-08-19,SNPP,West Kalimantan,Bengkayang
0.7969525210402906,109.6249977203677,1,1.9600000381469727,2026-08-19,SNPP,West Kalimantan,Bengkayang
0.7969525210402906,109.62837049885366,1,6.610000133514404,2026-08-19,SNPP,West Kalimantan,Bengkayang
0.7969525210402906,109.63174327733961,1,6.610000133514404,2026-08-19,SNPP,West Kalimantan,Bengkayang
0.7969525210402906,109.63511605582555,1,16.3799991607666,2026-08-19,SNPP,West Kalimantan,Bengkayang
0.7969525210402906,109.6384888343115,1,16.3799991607666,2026-08-19,SNPP,West Kalimantan,Bengkayang
0.7969525210402906,109.64186161279746,1,16.3799991607666,2026-08-19,SNPP,West Kalimantan,Bengkayang
0.7969525210402906,109.64523439128341,1,16.3799991607666,2026-08-19,SNPP,West Kalimantan,Bengkayang
0.7969525210402906,109.64860716976936,1,18.549999237060547,2026-08-19,SNPP,West Kalimantan,Bengkayang
0.7935800688193163,109.61816260141217,1,1.9600000381469727,2026-08-19,SNPP,West Kalimantan,Bengkayang
0.7935800688193163,109.62153537714242,1,1.9600000381469727,2026-08-19,SNPP,West Kalimantan,Bengkayang
0.7935800688193163,109.62490815287269,1,1.9600000381469727,2026-08-19,SNPP,West Kalimantan,Bengkayang
0.7935800688193163,109.62828092860298,1,6.610000133514404,2026-08-19,SNPP,West Kalimantan,Bengkayang
0.7935800688193163,109.63165370433325,1,6.610000133514404,2026-08-19,SNPP,West Kalimantan,Bengkayang
0.7935800688193163,109.63502648006352,1,16.3799991607666,2026-08-19,SNPP,West Kalimantan,Bengkayang
0.7935800688193163,109.63839925579377,1,16.3799991607666,2026-08-19,SNPP,West Kalimantan,Bengkayang
0.7935800688193163,109.64177203152406,1,16.3799991607666,2026-08-19,SNPP,West Kalimantan,Bengkayang
0.7935800688193163,109.64514480725433,1,16.3799991607666,2026-08-19,SNPP,West Kalimantan,Bengkayang
0.7935800688193163,109.6485175829846,1,18.549999237060547,2026-08-19,SNPP,West Kalimantan,Bengkayang
0.7902076165983422,109.61807341935142,1,1.9600000381469727,2026-08-19,SNPP,West Kalimantan,Bengkayang
0.7902076165983422,109.6214461923377,1,1.9600000381469727,2026-08-19,SNPP,West Kalimantan,Bengkayang
0.7902076165983422,109.62481896532397,1,1.9600000381469727,2026-08-19,SNPP,West Kalimantan,Bengkayang
0.7902076165983422,109.63493728428283,1,16.3799991607666,2026-08-19,SNPP,West Kalimantan,Bengkayang
0.7902076165983422,109.6383100572691,1,16.3799991607666,2026-08-19,SNPP,West Kalimantan,Bengkayang
0.7902076165983422,109.64168283025538,1,16.3799991607666,2026-08-19,SNPP,West Kalimantan,Bengkayang
0.7902076165983422,109.64505560324167,1,16.3799991607666,2026-08-19,SNPP,West Kalimantan,Bengkayang
0.7902076165983422,109.64842837622794,1,18.549999237060547,2026-08-19,SNPP,West Kalimantan,Bengkayang
0.7126412155159362,109.68695406232267,1,7.03000020980835,2026-08-19,SNPP,West Kalimantan,Landak
0.7126412155159362,109.6903267754234,1,7.03000020980835,2026-08-19,SNPP,West Kalimantan,Landak
0.7126412155159362,109.69369948852417,1,7.03000020980835,2026-08-19,SNPP,West Kalimantan,Landak
0.709268763294962,109.68687394623086,1,7.03000020980835,2026-08-19,SNPP,West Kalimantan,Landak
0.709268763294962,109.69024665686815,1,7.03000020980835,2026-08-19,SNPP,West Kalimantan,Landak
0.709268763294962,109.69361936750546,1,7.03000020980835,2026-08-19,SNPP,West Kalimantan,Landak
0.7058963110739879,109.68679421027075,1,7.03000020980835,2026-08-19,SNPP,West Kalimantan,Landak
0.7058963110739879,109.69016691845628,1,7.03000020980835,2026-08-19,SNPP,West Kalimantan,Landak
0.7058963110739879,109.69353962664182,1,7.03000020980835,2026-08-19,SNPP,West Kalimantan,Landak
0.6924065021900911,109.61902509781271,1,5.900000095367432,2026-08-19,SNPP,West Kalimantan,Landak
0.6924065021900911,109.62239779630808,1,5.900000095367432,2026-08-19,SNPP,West Kalimantan,Landak
0.6924065021900911,109.62577049480343,1,5.900000095367432,2026-08-19,SNPP,West Kalimantan,Landak
0.6924065021900911,109.6291431932988,1,5.900000095367432,2026-08-19,SNPP,West Kalimantan,Landak
0.6890340499691169,109.61894731035702,1,5.900000095367432,2026-08-19,SNPP,West Kalimantan,Landak
0.6890340499691169,109.62232000645906,1,5.900000095367432,2026-08-19,SNPP,West Kalimantan,Landak
0.6890340499691169,109.62569270256111,1,5.900000095367432,2026-08-19,SNPP,West Kalimantan,Landak
0.6890340499691169,109.62906539866314,1,5.900000095367432,2026-08-19,SNPP,West Kalimantan,Landak
0.6856615977481427,109.6188699027911,1,5.900000095367432,2026-08-19,SNPP,West Kalimantan,Landak
0.6856615977481427,109.6222425965115,1,5.900000095367432,2026-08-19,SNPP,West Kalimantan,Landak
0.6856615977481427,109.62561529023192,1,5.900000095367432,2026-08-19,SNPP,West Kalimantan,Landak
0.6856615977481427,109.62898798395231,1,5.900000095367432,2026-08-19,SNPP,West Kalimantan,Landak
0.668799336643272,109.5240534676095,1,11.460000038146973,2026-08-19,SNPP,West Kalimantan,Landak
0.668799336643272,109.52742614959705,1,11.460000038146973,2026-08-19,SNPP,West Kalimantan,Landak
0.668799336643272,109.53079883158462,1,11.460000038146973,2026-08-19,SNPP,West Kalimantan,Landak
0.668799336643272,109.54428955953485,1,49.209999084472656,2026-08-19,SNPP,West Kalimantan,Landak
0.668799336643272,109.5476622415224,1,49.209999084472656,2026-08-19,SNPP,West Kalimantan,Landak
0.668799336643272,109.55103492350996,1,49.209999084472656,2026-08-19,SNPP,West Kalimantan,Landak
0.668799336643272,109.55440760549752,1,49.209999084472656,2026-08-19,SNPP,West Kalimantan,Landak
0.668799336643272,109.55778028748509,1,33.25,2026-08-19,SNPP,West Kalimantan,Landak
0.6654268844222977,109.52397840407635,1,11.460000038146973,2026-08-19,SNPP,West Kalimantan,Landak
0.6654268844222977,109.5273510837524,1,10.40999984741211,2026-08-19,SNPP,West Kalimantan,Landak
0.6654268844222977,109.53072376342844,1,10.40999984741211,2026-08-19,SNPP,West Kalimantan,Landak
0.6654268844222977,109.53409644310449,1,10.40999984741211,2026-08-19,SNPP,West Kalimantan,Landak
0.6654268844222977,109.54421448213266,1,49.209999084472656,2026-08-19,SNPP,West Kalimantan,Landak
0.6654268844222977,109.54758716180872,1,49.209999084472656,2026-08-19,SNPP,West Kalimantan,Landak
0.6654268844222977,109.55095984148477,1,49.209999084472656,2026-08-19,SNPP,West Kalimantan,Landak
0.6654268844222977,109.55433252116082,1,49.209999084472656,2026-08-19,SNPP,West Kalimantan,Landak
0.6654268844222977,109.55770520083688,1,33.25,2026-08-19,SNPP,West Kalimantan,Landak
0.6620544322013235,109.52390372009643,1,11.460000038146973,2026-08-19,SNPP,West Kalimantan,Landak
0.6620544322013235,109.52727639747268,1,10.40999984741211,2026-08-19,SNPP,West Kalimantan,Landak
0.6620544322013235,109.5306490748489,1,10.40999984741211,2026-08-19,SNPP,West Kalimantan,Landak
0.6620544322013235,109.53402175222514,1,10.40999984741211,2026-08-19,SNPP,West Kalimantan,Landak
0.6620544322013235,109.54413978435385,1,49.209999084472656,2026-08-19,SNPP,West Kalimantan,Landak
0.6620544322013235,109.54751246173008,1,49.209999084472656,2026-08-19,SNPP,West Kalimantan,Landak
0.6620544322013235,109.55088513910633,1,49.209999084472656,2026-08-19,SNPP,West Kalimantan,Landak
0.6620544322013235,109.55425781648255,1,49.209999084472656,2026-08-19,SNPP,West Kalimantan,Landak
0.6620544322013235,109.5576304938588,1,33.25,2026-08-19,SNPP,West Kalimantan,Landak
0.6586819799803494,109.52720209075656,1,10.40999984741211,2026-08-19,SNPP,West Kalimantan,Landak
0.6586819799803494,109.53057476584468,1,10.40999984741211,2026-08-19,SNPP,West Kalimantan,Landak
0.6586819799803494,109.53394744093278,1,10.40999984741211,2026-08-19,SNPP,West Kalimantan,Landak
0.6553095277593752,109.48665608986285,1,22.530000686645508,2026-08-19,SNPP,West Kalimantan,Landak
0.6553095277593752,109.49002876267451,1,22.530000686645508,2026-08-19,SNPP,West Kalimantan,Landak
0.6553095277593752,109.49340143548618,1,22.530000686645508,2026-08-19,SNPP,West Kalimantan,Landak
0.6519370755384011,109.48658256944722,1,22.530000686645508,2026-08-19,SNPP,West Kalimantan,Landak
0.6519370755384011,109.48995523999415,1,22.530000686645508,2026-08-19,SNPP,West Kalimantan,Landak
0.6519370755384011,109.49332791054104,1,22.530000686645508,2026-08-19,SNPP,West Kalimantan,Landak
0.6519370755384011,109.49670058108796,1,17.719999313354492,2026-08-19,SNPP,West Kalimantan,Landak
0.6485646233174269,109.48313676015731,1,17.719999313354492,2026-08-19,SNPP,West Kalimantan,Landak
0.6485646233174269,109.48650942845116,1,22.530000686645508,2026-08-19,SNPP,West Kalimantan,Landak
0.6485646233174269,109.489882096745,1,22.530000686645508,2026-08-19,SNPP,West Kalimantan,Landak
0.6485646233174269,109.49325476503884,1,22.530000686645508,2026-08-19,SNPP,West Kalimantan,Landak
0.6485646233174269,109.49662743333269,1,17.719999313354492,2026-08-19,SNPP,West Kalimantan,Landak
0.6451921710964528,109.48306400082087,1,17.719999313354492,2026-08-19,SNPP,West Kalimantan,Landak
0.6451921710964528,109.48643666687335,1,17.719999313354492,2026-08-19,SNPP,West Kalimantan,Landak
0.6451921710964528,109.48980933292582,1,17.719999313354492,2026-08-19,SNPP,West Kalimantan,Landak
0.6451921710964528,109.49318199897827,1,17.719999313354492,2026-08-19,SNPP,West Kalimantan,Landak
0.6451921710964528,109.49655466503074,1,17.719999313354492,2026-08-19,SNPP,West Kalimantan,Landak
0.6418197188754785,109.48299162088979,1,17.719999313354492,2026-08-19,SNPP,West Kalimantan,Landak
0.6418197188754785,109.48636428471258,1,17.719999313354492,2026-08-19,SNPP,West Kalimantan,Landak
0.6418197188754785,109.48973694853534,1,17.719999313354492,2026-08-19,SNPP,West Kalimantan,Landak
0.6350748144335301,109.05114759623574,1,6.329999923706055,2026-08-19,SNPP,West Kalimantan,Bengkayang
0.6350748144335301,109.0545202556342,1,6.329999923706055,2026-08-19,SNPP,West Kalimantan,Bengkayang
0.6350748144335301,109.05789291503268,1,6.329999923706055,2026-08-19,SNPP,West Kalimantan,Bengkayang
0.6317023622125559,109.05107663542546,1,6.329999923706055,2026-08-19,SNPP,West Kalimantan,Bengkayang
0.6317023622125559,109.05444929262929,1,6.329999923706055,2026-08-19,SNPP,West Kalimantan,Bengkayang
0.6317023622125559,109.05782194983313,1,6.329999923706055,2026-08-19,SNPP,West Kalimantan,Bengkayang
0.6283299099915818,109.05100605251951,1,6.329999923706055,2026-08-19,SNPP,West Kalimantan,Bengkayang
0.6283299099915818,109.0543787075404,1,6.329999923706055,2026-08-19,SNPP,West Kalimantan,Bengkayang
0.6283299099915818,109.0577513625613,1,6.329999923706055,2026-08-19,SNPP,West Kalimantan,Bengkayang
0.5507635089091758,109.50141642177216,1,3.3299999237060547,2026-08-19,SNPP,West Kalimantan,Landak
0.5507635089091758,109.5047890298111,1,3.3299999237060547,2026-08-19,SNPP,West Kalimantan,Landak
0.5507635089091758,109.50816163785007,1,3.3299999237060547,2026-08-19,SNPP,West Kalimantan,Landak
0.5507635089091758,109.595849446863,1,5.260000228881836,2026-08-19,SNPP,West Kalimantan,Landak
0.5507635089091758,109.59922205490194,1,4.199999809265137,2026-08-19,SNPP,West Kalimantan,Landak
0.5507635089091758,109.6025946629409,1,4.199999809265137,2026-08-19,SNPP,West Kalimantan,Landak
0.5507635089091758,109.60596727097987,1,4.199999809265137,2026-08-19,SNPP,West Kalimantan,Landak
0.5473910566882016,109.50135465329045,1,3.3299999237060547,2026-08-19,SNPP,West Kalimantan,Landak
0.5473910566882016,109.50472725942696,1,3.3299999237060547,2026-08-19,SNPP,West Kalimantan,Landak
0.5473910566882016,109.50809986556347,1,3.3299999237060547,2026-08-19,SNPP,West Kalimantan,Landak
0.5473910566882016,109.54519853306508,1,8.5600004196167,2026-08-19,SNPP,West Kalimantan,Landak
0.5473910566882016,109.54857113920157,1,8.5600004196167,2026-08-19,SNPP,West Kalimantan,Landak
0.5473910566882016,109.55194374533808,1,8.5600004196167,2026-08-19,SNPP,West Kalimantan,Landak
0.5473910566882016,109.5553163514746,1,8.5600004196167,2026-08-19,SNPP,West Kalimantan,Landak
0.5473910566882016,109.59578762511272,1,5.260000228881836,2026-08-19,SNPP,West Kalimantan,Landak
0.5473910566882016,109.59916023124921,1,4.199999809265137,2026-08-19,SNPP,West Kalimantan,Landak
0.5473910566882016,109.60253283738572,1,4.199999809265137,2026-08-19,SNPP,West Kalimantan,Landak
0.5473910566882016,109.60590544352225,1,4.199999809265137,2026-08-19,SNPP,West Kalimantan,Landak
0.5440186044672275,109.50129326425052,1,3.3299999237060547,2026-08-19,SNPP,West Kalimantan,Landak
0.5440186044672275,109.50466586849626,1,3.3299999237060547,2026-08-19,SNPP,West Kalimantan,Landak
0.5440186044672275,109.508038472742,1,3.3299999237060547,2026-08-19,SNPP,West Kalimantan,Landak
0.5440186044672275,109.54513711944522,1,8.5600004196167,2026-08-19,SNPP,West Kalimantan,Landak
0.5440186044672275,109.54850972369096,1,8.5600004196167,2026-08-19,SNPP,West Kalimantan,Landak
0.5440186044672275,109.55188232793671,1,8.5600004196167,2026-08-19,SNPP,West Kalimantan,Landak
0.5440186044672275,109.55525493218246,1,8.5600004196167,2026-08-19,SNPP,West Kalimantan,Landak
0.5440186044672275,109.59572618313142,1,5.260000228881836,2026-08-19,SNPP,West Kalimantan,Landak
0.5440186044672275,109.59909878737717,1,4.199999809265137,2026-08-19,SNPP,West Kalimantan,Landak
0.5440186044672275,109.60247139162291,1,4.199999809265137,2026-08-19,SNPP,West Kalimantan,Landak
0.5440186044672275,109.60584399586867,1,4.199999809265137,2026-08-19,SNPP,West Kalimantan,Landak
0.5406461522462532,109.54507608541797,1,8.5600004196167,2026-08-19,SNPP,West Kalimantan,Landak
0.5406461522462532,109.54844868778464,1,8.5600004196167,2026-08-19,SNPP,West Kalimantan,Landak
0.5406461522462532,109.55182129015131,1,8.5600004196167,2026-08-19,SNPP,West Kalimantan,Landak
0.5406461522462532,109.55519389251799,1,8.5600004196167,2026-08-19,SNPP,West Kalimantan,Landak
0.5339012478043048,109.00196677452081,1,45.93000030517578,2026-08-19,SNPP,West Kalimantan,Mempawah
0.5339012478043048,109.0053393731644,1,45.93000030517578,2026-08-19,SNPP,West Kalimantan,Mempawah
0.5339012478043048,109.008711971808,1,45.93000030517578,2026-08-19,SNPP,West Kalimantan,Mempawah
0.5339012478043048,109.01208457045156,1,45.93000030517578,2026-08-19,SNPP,West Kalimantan,Mempawah
0.5305287955833307,109.0019071761517,1,45.93000030517578,2026-08-19,SNPP,West Kalimantan,Mempawah
0.5305287955833307,109.00527977295127,1,45.93000030517578,2026-08-19,SNPP,West Kalimantan,Mempawah
0.5305287955833307,109.00865236975083,1,45.93000030517578,2026-08-19,SNPP,West Kalimantan,Mempawah
0.5305287955833307,109.01202496655038,1,45.93000030517578,2026-08-19,SNPP,West Kalimantan,Mempawah
0.5305287955833307,109.01539756334995,1,45.93000030517578,2026-08-19,SNPP,West Kalimantan,Mempawah
0.5305287955833307,109.57524863207746,1,8.670000076293945,2026-08-19,SNPP,West Kalimantan,Landak
0.5305287955833307,109.57862122887704,1,8.670000076293945,2026-08-19,SNPP,West Kalimantan,Landak
0.5305287955833307,109.58199382567659,1,8.670000076293945,2026-08-19,SNPP,West Kalimantan,Landak
0.5271563433623565,109.00184795548945,1,45.93000030517578,2026-08-19,SNPP,West Kalimantan,Mempawah
0.5271563433623565,109.0052205504567,1,45.93000030517578,2026-08-19,SNPP,West Kalimantan,Mempawah
0.5271563433623565,109.00859314542393,1,45.93000030517578,2026-08-19,SNPP,West Kalimantan,Mempawah
0.5271563433623565,109.01196574039116,1,45.93000030517578,2026-08-19,SNPP,West Kalimantan,Mempawah
0.5271563433623565,109.01533833535838,1,45.93000030517578,2026-08-19,SNPP,West Kalimantan,Mempawah
0.5271563433623565,109.01871093032561,1,65.43000030517578,2026-08-19,SNPP,West Kalimantan,Mempawah
0.5271563433623565,109.02208352529287,1,65.43000030517578,2026-08-19,SNPP,West Kalimantan,Mempawah
0.5271563433623565,109.0254561202601,1,65.43000030517578,2026-08-19,SNPP,West Kalimantan,Mempawah
0.5271563433623565,109.5751890999192,1,8.670000076293945,2026-08-19,SNPP,West Kalimantan,Landak
0.5271563433623565,109.57856169488643,1,8.670000076293945,2026-08-19,SNPP,West Kalimantan,Landak
0.5271563433623565,109.58193428985366,1,8.670000076293945,2026-08-19,SNPP,West Kalimantan,Landak
0.5237838911413824,109.00853429882629,1,45.93000030517578,2026-08-19,SNPP,West Kalimantan,Mempawah
0.5237838911413824,109.01190689197287,1,45.93000030517578,2026-08-19,SNPP,West Kalimantan,Mempawah
0.5237838911413824,109.01527948511946,1,45.93000030517578,2026-08-19,SNPP,West Kalimantan,Mempawah
0.5237838911413824,109.01865207826604,1,65.43000030517578,2026-08-19,SNPP,West Kalimantan,Mempawah
0.5237838911413824,109.02202467141265,1,65.43000030517578,2026-08-19,SNPP,West Kalimantan,Mempawah
0.5237838911413824,109.02539726455925,1,65.43000030517578,2026-08-19,SNPP,West Kalimantan,Mempawah
0.5237838911413824,109.57512994745352,1,8.670000076293945,2026-08-19,SNPP,West Kalimantan,Landak
0.5237838911413824,109.57850254060011,1,8.670000076293945,2026-08-19,SNPP,West Kalimantan,Landak
0.5237838911413824,109.5818751337467,1,8.670000076293945,2026-08-19,SNPP,West Kalimantan,Landak
0.5204114389204082,109.01859360396975,1,65.43000030517578,2026-08-19,SNPP,West Kalimantan,Mempawah
0.5204114389204082,109.0219661953074,1,65.43000030517578,2026-08-19,SNPP,West Kalimantan,Mempawah
0.5204114389204082,109.02533878664502,1,65.43000030517578,2026-08-19,SNPP,West Kalimantan,Mempawah
0.5035491778155373,109.52419426912428,1,10.180000305175781,2026-08-19,SNPP,West Kalimantan,Landak
0.5035491778155373,109.52756685159243,1,10.180000305175781,2026-08-19,SNPP,West Kalimantan,Landak
0.5035491778155373,109.53093943406057,1,10.180000305175781,2026-08-19,SNPP,West Kalimantan,Landak
0.5001767255945632,109.52413780056087,1,10.180000305175781,2026-08-19,SNPP,West Kalimantan,Landak
0.5001767255945632,109.52751038129016,1,10.180000305175781,2026-08-19,SNPP,West Kalimantan,Landak
0.5001767255945632,109.53088296201948,1,10.180000305175781,2026-08-19,SNPP,West Kalimantan,Landak
0.49680427337358896,109.52408171150668,1,10.180000305175781,2026-08-19,SNPP,West Kalimantan,Landak
0.49680427337358896,109.52745429050883,1,10.180000305175781,2026-08-19,SNPP,West Kalimantan,Landak
0.49680427337358896,109.53082686951099,1,10.180000305175781,2026-08-19,SNPP,West Kalimantan,Landak
0.47319710782676977,109.07177570423958,1,15.40999984741211,2026-08-19,SNPP,West Kalimantan,Mempawah
0.47319710782676977,109.07514827147888,1,15.40999984741211,2026-08-19,SNPP,West Kalimantan,Mempawah
0.47319710782676977,109.07852083871818,1,15.40999984741211,2026-08-19,SNPP,West Kalimantan,Mempawah
0.46982465560579556,109.071722870136,1,16.559999465942383,2026-08-19,SNPP,West Kalimantan,Mempawah
0.46982465560579556,109.07509543574163,1,16.559999465942383,2026-08-19,SNPP,West Kalimantan,Mempawah
0.46982465560579556,109.07846800134728,1,16.559999465942383,2026-08-19,SNPP,West Kalimantan,Mempawah
0.46982465560579556,109.0818405669529,1,16.559999465942383,2026-08-19,SNPP,West Kalimantan,Mempawah
0.4664522033848214,109.07167041396725,1,16.559999465942383,2026-08-19,SNPP,West Kalimantan,Mempawah
0.4664522033848214,109.0750429779509,1,16.559999465942383,2026-08-19,SNPP,West Kalimantan,Mempawah
0.4664522033848214,109.07841554193456,1,16.559999465942383,2026-08-19,SNPP,West Kalimantan,Mempawah
0.4664522033848214,109.08178810591822,1,16.559999465942383,2026-08-19,SNPP,West Kalimantan,Mempawah
0.46307975116384714,109.07161833573241,1,16.559999465942383,2026-08-19,SNPP,West Kalimantan,Mempawah
0.46307975116384714,109.07499089810578,1,16.559999465942383,2026-08-19,SNPP,West Kalimantan,Mempawah
0.46307975116384714,109.07836346047914,1,16.559999465942383,2026-08-19,SNPP,West Kalimantan,Mempawah
0.46307975116384714,109.08173602285251,1,16.559999465942383,2026-08-19,SNPP,West Kalimantan,Mempawah
0.2775948790102675,109.10643343708242,1,4.630000114440918,2026-08-19,SNPP,West Kalimantan,Mempawah
0.2775948790102675,109.10980592888538,1,4.630000114440918,2026-08-19,SNPP,West Kalimantan,Mempawah
0.2775948790102675,109.11317842068836,1,4.630000114440918,2026-08-19,SNPP,West Kalimantan,Mempawah
0.27422242678929337,109.10640251138399,1,4.630000114440918,2026-08-19,SNPP,West Kalimantan,Mempawah
0.27422242678929337,109.10977500223105,1,4.630000114440918,2026-08-19,SNPP,West Kalimantan,Mempawah
0.27422242678929337,109.11314749307809,1,4.630000114440918,2026-08-19,SNPP,West Kalimantan,Mempawah
0.2708499745683192,109.10637196370705,1,4.630000114440918,2026-08-19,SNPP,West Kalimantan,Mempawah
0.2708499745683192,109.10974445360986,1,4.630000114440918,2026-08-19,SNPP,West Kalimantan,Mempawah
0.2708499745683192,109.1131169435127,1,4.630000114440918,2026-08-19,SNPP,West Kalimantan,Mempawah
0.23375300013760328,109.68949997826127,1,4.889999866485596,2026-08-19,SNPP,West Kalimantan,Landak
0.23375300013760328,109.69287245854872,1,4.889999866485596,2026-08-19,SNPP,West Kalimantan,Landak
0.23038054791662907,109.68947382770776,1,4.889999866485596,2026-08-19,SNPP,West Kalimantan,Landak
0.23038054791662907,109.69284630719119,1,4.889999866485596,2026-08-19,SNPP,West Kalimantan,Landak
0.2270080956956549,109.68944805719076,1,4.889999866485596,2026-08-19,SNPP,West Kalimantan,Landak
0.2270080956956549,109.69282053588186,1,4.889999866485596,2026-08-19,SNPP,West Kalimantan,Landak
0.15281414683422304,109.6080381130427,1,7.139999866485596,2026-08-19,SNPP,West Kalimantan,Landak
0.15281414683422304,109.61141057725862,1,7.139999866485596,2026-08-19,SNPP,West Kalimantan,Landak
0.15281414683422304,109.61478304147457,1,7.139999866485596,2026-08-19,SNPP,West Kalimantan,Landak
0.15281414683422304,109.61815550569052,1,5.010000228881836,2026-08-19,SNPP,West Kalimantan,Landak
0.14944169461324888,109.60802109582221,1,7.139999866485596,2026-08-19,SNPP,West Kalimantan,Landak
0.14944169461324888,109.61139355951455,1,7.139999866485596,2026-08-19,SNPP,West Kalimantan,Landak
0.14944169461324888,109.6147660232069,1,7.139999866485596,2026-08-19,SNPP,West Kalimantan,Landak
0.14944169461324888,109.61813848689926,1,5.010000228881836,2026-08-19,SNPP,West Kalimantan,Landak
0.14606924239227467,109.60800445834894,1,7.139999866485596,2026-08-19,SNPP,West Kalimantan,Landak
0.14606924239227467,109.61137692152938,1,7.139999866485596,2026-08-19,SNPP,West Kalimantan,Landak
0.14606924239227467,109.61474938470981,1,7.139999866485596,2026-08-19,SNPP,West Kalimantan,Landak
0.14606924239227467,109.61812184789025,1,5.010000228881836,2026-08-19,SNPP,West Kalimantan,Landak
0.938595514321206,110.22273390953683,2,9.699999809265137,2026-08-19,SNPP,West Kalimantan,Sanggau
0.938595514321206,110.22610681431769,2,9.699999809265137,2026-08-19,SNPP,West Kalimantan,Sanggau
0.9352230621002318,110.22262781139776,2,9.699999809265137,2026-08-19,SNPP,West Kalimantan,Sanggau
0.9352230621002318,110.22600071293193,2,9.699999809265137,2026-08-19,SNPP,West Kalimantan,Sanggau
0.9318506098792575,110.22252209533359,2,9.699999809265137,2026-08-19,SNPP,West Kalimantan,Sanggau
0.9318506098792575,110.22589499363276,2,9.699999809265137,2026-08-19,SNPP,West Kalimantan,Sanggau
0.9284781576582835,110.22241676134246,2,9.699999809265137,2026-08-19,SNPP,West Kalimantan,Sanggau
0.9284781576582835,110.22578965641834,2,9.699999809265137,2026-08-19,SNPP,West Kalimantan,Sanggau
0.8509117565758774,110.42584180176426,2,13.760000228881836,2026-08-19,SNPP,West Kalimantan,Sanggau
0.8509117565758774,110.42921462593091,2,13.760000228881836,2026-08-19,SNPP,West Kalimantan,Sanggau
0.8475393043549032,110.42574545748852,2,13.760000228881836,2026-08-19,SNPP,West Kalimantan,Sanggau
0.8475393043549032,110.42911827871244,2,13.760000228881836,2026-08-19,SNPP,West Kalimantan,Sanggau
0.844166852133929,110.4256494959553,2,13.760000228881836,2026-08-19,SNPP,West Kalimantan,Sanggau
0.844166852133929,110.42902231424819,2,13.760000228881836,2026-08-19,SNPP,West Kalimantan,Sanggau
0.8070698777032131,110.00639361355913,1,2.2799999713897705,2026-08-19,SNPP,West Kalimantan,Landak
0.8070698777032131,110.00976640038225,1,2.2799999713897705,2026-08-19,SNPP,West Kalimantan,Landak
0.803697425482239,110.00630259086135,1,2.2799999713897705,2026-08-19,SNPP,West Kalimantan,Landak
0.803697425482239,110.00967537489373,1,2.2799999713897705,2026-08-19,SNPP,West Kalimantan,Landak
0.8003249732612648,110.00621194943548,1,2.2799999713897705,2026-08-19,SNPP,West Kalimantan,Landak
0.8003249732612648,110.00958473068881,1,2.2799999713897705,2026-08-19,SNPP,West Kalimantan,Landak
0.7935800688193163,110.56591258161801,2,15.369999885559082,2026-08-19,SNPP,West Kalimantan,Sanggau
0.7902076165983422,110.26564583271725,1,1.2599999904632568,2026-08-19,SNPP,West Kalimantan,Sanggau
0.7902076165983422,110.26901860570355,1,1.2599999904632568,2026-08-19,SNPP,West Kalimantan,Sanggau
0.7902076165983422,110.27239137868982,1,1.2599999904632568,2026-08-19,SNPP,West Kalimantan,Sanggau
0.7902076165983422,110.56582262849622,2,15.369999885559082,2026-08-19,SNPP,West Kalimantan,Sanggau
0.786835164377368,110.26555650597629,1,1.2599999904632568,2026-08-19,SNPP,West Kalimantan,Sanggau
0.786835164377368,110.26892927623027,1,1.2599999904632568,2026-08-19,SNPP,West Kalimantan,Sanggau
0.786835164377368,110.27230204648426,1,1.2599999904632568,2026-08-19,SNPP,West Kalimantan,Sanggau
0.786835164377368,110.56573305858055,2,15.369999885559082,2026-08-19,SNPP,West Kalimantan,Sanggau
0.7834627121563938,110.26546756139955,1,1.2599999904632568,2026-08-19,SNPP,West Kalimantan,Sanggau
0.7834627121563938,110.26884032893292,1,1.2599999904632568,2026-08-19,SNPP,West Kalimantan,Sanggau
0.7834627121563938,110.27221309646629,1,1.2599999904632568,2026-08-19,SNPP,West Kalimantan,Sanggau
0.7834627121563938,110.56564387186948,2,15.369999885559082,2026-08-19,SNPP,West Kalimantan,Sanggau
0.7800902599354197,110.26537899898547,1,1.2599999904632568,2026-08-19,SNPP,West Kalimantan,Sanggau
0.7800902599354197,110.26875176380992,1,1.2599999904632568,2026-08-19,SNPP,West Kalimantan,Sanggau
0.7800902599354197,110.27212452863436,1,1.2599999904632568,2026-08-19,SNPP,West Kalimantan,Sanggau
0.7497381899466522,109.82614280820478,1,5.309999942779541,2026-08-19,SNPP,West Kalimantan,Landak
0.7497381899466522,109.82951554917497,1,5.309999942779541,2026-08-19,SNPP,West Kalimantan,Landak
0.7497381899466522,109.83288829014515,1,5.309999942779541,2026-08-19,SNPP,West Kalimantan,Landak
0.7463657377256779,109.82605840429788,1,5.309999942779541,2026-08-19,SNPP,West Kalimantan,Landak
0.7463657377256779,109.82943114267603,1,5.309999942779541,2026-08-19,SNPP,West Kalimantan,Landak
0.7463657377256779,109.83280388105419,1,5.309999942779541,2026-08-19,SNPP,West Kalimantan,Landak
0.7429932855047038,109.82260164521978,1,5.960000038146973,2026-08-19,SNPP,West Kalimantan,Landak
0.7429932855047038,109.82597438101757,2,5.309999942779541,2026-08-19,SNPP,West Kalimantan,Landak
0.7429932855047038,109.82934711681537,2,5.309999942779541,2026-08-19,SNPP,West Kalimantan,Landak
0.7429932855047038,109.83271985261321,1,5.309999942779541,2026-08-19,SNPP,West Kalimantan,Landak
0.7396208332837295,109.82251800513325,1,5.960000038146973,2026-08-19,SNPP,West Kalimantan,Landak
0.7396208332837295,109.82589073836239,2,5.309999942779541,2026-08-19,SNPP,West Kalimantan,Landak
0.7396208332837295,109.82926347159156,2,5.309999942779541,2026-08-19,SNPP,West Kalimantan,Landak
0.7396208332837295,109.83263620482073,1,5.309999942779541,2026-08-19,SNPP,West Kalimantan,Landak
0.7362483810627554,109.79208016960892,1,4.840000152587891,2026-08-19,SNPP,West Kalimantan,Landak
0.7362483810627554,109.79545290028112,1,4.840000152587891,2026-08-19,SNPP,West Kalimantan,Landak
0.7362483810627554,109.79882563095332,1,4.840000152587891,2026-08-19,SNPP,West Kalimantan,Landak
0.7362483810627554,109.82243474565871,1,5.960000038146973,2026-08-19,SNPP,West Kalimantan,Landak
0.7362483810627554,109.82580747633091,2,5.309999942779541,2026-08-19,SNPP,West Kalimantan,Landak
0.7362483810627554,109.8291802070031,2,5.309999942779541,2026-08-19,SNPP,West Kalimantan,Landak
0.7362483810627554,109.8325529376753,1,5.309999942779541,2026-08-19,SNPP,West Kalimantan,Landak
0.7362483810627554,110.33508980783286,1,4.5,2026-08-19,SNPP,West Kalimantan,Sanggau
0.7362483810627554,110.33846253850506,1,4.5,2026-08-19,SNPP,West Kalimantan,Sanggau
0.7362483810627554,110.34183526917724,1,4.5,2026-08-19,SNPP,West Kalimantan,Sanggau
0.7362483810627554,110.38230803724363,1,2.049999952316284,2026-08-19,SNPP,West Kalimantan,Sanggau
0.7362483810627554,110.38568076791583,1,2.049999952316284,2026-08-19,SNPP,West Kalimantan,Sanggau
0.7328759288417812,109.79199731365242,1,4.840000152587891,2026-08-19,SNPP,West Kalimantan,Landak
0.7328759288417812,109.79537004177935,1,4.840000152587891,2026-08-19,SNPP,West Kalimantan,Landak
0.7328759288417812,109.79874276990628,1,4.840000152587891,2026-08-19,SNPP,West Kalimantan,Landak
0.7328759288417812,110.33500654208738,1,4.5,2026-08-19,SNPP,West Kalimantan,Sanggau
0.7328759288417812,110.33837927021432,1,4.5,2026-08-19,SNPP,West Kalimantan,Sanggau
0.7328759288417812,110.34175199834122,1,4.5,2026-08-19,SNPP,West Kalimantan,Sanggau
0.7328759288417812,110.38222473586433,1,2.049999952316284,2026-08-19,SNPP,West Kalimantan,Sanggau
0.7328759288417812,110.38559746399126,1,2.049999952316284,2026-08-19,SNPP,West Kalimantan,Sanggau
0.7295034766208071,109.79191483819983,1,4.840000152587891,2026-08-19,SNPP,West Kalimantan,Landak
0.7295034766208071,109.79528756379317,1,4.840000152587891,2026-08-19,SNPP,West Kalimantan,Landak
0.7295034766208071,109.79866028938652,1,4.840000152587891,2026-08-19,SNPP,West Kalimantan,Landak
0.7295034766208071,109.8391329965066,1,4.070000171661377,2026-08-19,SNPP,West Kalimantan,Landak
0.7295034766208071,109.84250572209994,1,4.070000171661377,2026-08-19,SNPP,West Kalimantan,Landak
0.7295034766208071,110.33492365872772,1,4.5,2026-08-19,SNPP,West Kalimantan,Sanggau
0.7295034766208071,110.33829638432105,1,4.5,2026-08-19,SNPP,West Kalimantan,Sanggau
0.7295034766208071,110.3416691099144,1,4.5,2026-08-19,SNPP,West Kalimantan,Sanggau
0.7295034766208071,110.3821418170345,1,2.049999952316284,2026-08-19,SNPP,West Kalimantan,Sanggau
0.7295034766208071,110.38551454262783,1,2.049999952316284,2026-08-19,SNPP,West Kalimantan,Sanggau
0.7261310243998329,109.83905086624996,1,4.070000171661377,2026-08-19,SNPP,West Kalimantan,Landak
0.7261310243998329,109.84242358932141,1,4.070000171661377,2026-08-19,SNPP,West Kalimantan,Landak
0.7261310243998329,110.33484115775244,1,4.5,2026-08-19,SNPP,West Kalimantan,Sanggau
0.7261310243998329,110.33821388082389,1,4.5,2026-08-19,SNPP,West Kalimantan,Sanggau
0.7261310243998329,110.34158660389532,1,4.5,2026-08-19,SNPP,West Kalimantan,Sanggau
0.7227585721788587,109.83896911665805,1,4.070000171661377,2026-08-19,SNPP,West Kalimantan,Landak
0.7227585721788587,109.84234183721928,1,4.070000171661377,2026-08-19,SNPP,West Kalimantan,Landak
0.7160136677369103,109.71064356757883,1,21.1200008392334,2026-08-19,SNPP,West Kalimantan,Landak
0.7160136677369103,109.71401628315472,1,21.1200008392334,2026-08-19,SNPP,West Kalimantan,Landak
0.7160136677369103,109.7173889987306,1,71.38999938964844,2026-08-19,SNPP,West Kalimantan,Landak
0.7160136677369103,109.7207617143065,1,71.38999938964844,2026-08-19,SNPP,West Kalimantan,Landak
0.7160136677369103,109.72413442988238,1,71.38999938964844,2026-08-19,SNPP,West Kalimantan,Landak
0.7160136677369103,109.7578615856413,1,15.630000114440918,2026-08-19,SNPP,West Kalimantan,Landak
0.7160136677369103,109.76123430121717,1,15.630000114440918,2026-08-19,SNPP,West Kalimantan,Landak
0.7160136677369103,109.7646070167931,1,15.630000114440918,2026-08-19,SNPP,West Kalimantan,Landak
0.7126412155159362,109.71056305402793,1,21.1200008392334,2026-08-19,SNPP,West Kalimantan,Landak
0.7126412155159362,109.71393576712866,1,21.1200008392334,2026-08-19,SNPP,West Kalimantan,Landak
0.7126412155159362,109.71730848022942,1,71.38999938964844,2026-08-19,SNPP,West Kalimantan,Landak
0.7126412155159362,109.72068119333017,1,71.38999938964844,2026-08-19,SNPP,West Kalimantan,Landak
0.7126412155159362,109.72405390643091,1,71.38999938964844,2026-08-19,SNPP,West Kalimantan,Landak
0.7126412155159362,109.7577810374384,1,15.630000114440918,2026-08-19,SNPP,West Kalimantan,Landak
0.7126412155159362,109.76115375053917,1,50.20000076293945,2026-08-19,SNPP,West Kalimantan,Landak
0.7126412155159362,109.76452646363991,1,50.20000076293945,2026-08-19,SNPP,West Kalimantan,Landak
0.7126412155159362,109.76789917674067,1,50.20000076293945,2026-08-19,SNPP,West Kalimantan,Landak
0.709268763294962,109.71048292069194,1,21.1200008392334,2026-08-19,SNPP,West Kalimantan,Landak
0.709268763294962,109.71385563132925,1,21.1200008392334,2026-08-19,SNPP,West Kalimantan,Landak
0.709268763294962,109.71722834196653,1,71.38999938964844,2026-08-19,SNPP,West Kalimantan,Landak
0.709268763294962,109.72060105260384,1,71.38999938964844,2026-08-19,SNPP,West Kalimantan,Landak
0.709268763294962,109.72397376324113,1,71.38999938964844,2026-08-19,SNPP,West Kalimantan,Landak
0.709268763294962,109.7577008696141,1,15.630000114440918,2026-08-19,SNPP,West Kalimantan,Landak
0.709268763294962,109.7610735802514,1,50.20000076293945,2026-08-19,SNPP,West Kalimantan,Landak
0.709268763294962,109.76444629088871,1,50.20000076293945,2026-08-19,SNPP,West Kalimantan,Landak
0.709268763294962,109.767819001526,1,50.20000076293945,2026-08-19,SNPP,West Kalimantan,Landak
0.7058963110739879,109.75762108216696,1,15.630000114440918,2026-08-19,SNPP,West Kalimantan,Landak
0.7058963110739879,109.76099379035249,1,50.20000076293945,2026-08-19,SNPP,West Kalimantan,Landak
0.7058963110739879,109.76436649853804,1,50.20000076293945,2026-08-19,SNPP,West Kalimantan,Landak
0.7058963110739879,109.76773920672356,1,50.20000076293945,2026-08-19,SNPP,West Kalimantan,Landak
0.6856615977481427,110.05732008644388,2,12.130000114440918,2026-08-19,SNPP,West Kalimantan,Landak
0.6856615977481427,110.06069278016429,2,12.130000114440918,2026-08-19,SNPP,West Kalimantan,Landak
0.6822891455271686,110.05724275067344,2,12.130000114440918,2026-08-19,SNPP,West Kalimantan,Landak
0.6822891455271686,110.0606154420239,2,12.130000114440918,2026-08-19,SNPP,West Kalimantan,Landak
0.6789166933061944,110.05716579630955,2,12.130000114440918,2026-08-19,SNPP,West Kalimantan,Landak
0.6789166933061944,110.06053848530175,2,12.130000114440918,2026-08-19,SNPP,West Kalimantan,Landak
0.668799336643272,110.05356453965625,1,3.5299999713897705,2026-08-19,SNPP,West Kalimantan,Landak
0.668799336643272,110.0569372216438,1,3.5299999713897705,2026-08-19,SNPP,West Kalimantan,Landak
0.6654268844222977,110.05348911321676,1,3.5299999713897705,2026-08-19,SNPP,West Kalimantan,Landak
0.6654268844222977,110.05686179289282,1,3.5299999713897705,2026-08-19,SNPP,West Kalimantan,Landak
0.6620544322013235,109.99945123014575,2,10.3100004196167,2026-08-19,SNPP,West Kalimantan,Landak
0.6620544322013235,110.002823907522,2,10.3100004196167,2026-08-19,SNPP,West Kalimantan,Landak
0.6620544322013235,110.00619658489823,1,10.539999961853027,2026-08-19,SNPP,West Kalimantan,Landak
0.6620544322013235,110.05341406816554,1,3.5299999713897705,2026-08-19,SNPP,West Kalimantan,Landak
0.6620544322013235,110.05678674554177,1,3.5299999713897705,2026-08-19,SNPP,West Kalimantan,Landak
0.6620544322013235,110.40417251529412,2,14.850000381469727,2026-08-19,SNPP,West Kalimantan,Sanggau
0.6620544322013235,110.40754519267034,2,14.850000381469727,2026-08-19,SNPP,West Kalimantan,Sanggau
0.6620544322013235,110.41091787004657,2,14.850000381469727,2026-08-19,SNPP,West Kalimantan,Sanggau
0.6586819799803494,109.99937660309153,2,10.3100004196167,2026-08-19,SNPP,West Kalimantan,Landak
0.6586819799803494,110.00274927817965,2,10.3100004196167,2026-08-19,SNPP,West Kalimantan,Landak
0.6586819799803494,110.00612195326777,1,40.34000015258789,2026-08-19,SNPP,West Kalimantan,Landak
0.6586819799803494,110.00949462835587,1,40.34000015258789,2026-08-19,SNPP,West Kalimantan,Landak
0.6586819799803494,110.01623997853207,2,9.350000381469727,2026-08-19,SNPP,West Kalimantan,Landak
0.6586819799803494,110.01961265362019,2,9.350000381469727,2026-08-19,SNPP,West Kalimantan,Landak
0.6586819799803494,110.40409761366438,2,14.850000381469727,2026-08-19,SNPP,West Kalimantan,Sanggau
0.6586819799803494,110.40747028875248,2,14.850000381469727,2026-08-19,SNPP,West Kalimantan,Sanggau
0.6586819799803494,110.41084296384058,2,14.850000381469727,2026-08-19,SNPP,West Kalimantan,Sanggau
0.6553095277593752,109.99592968442433,1,39.619998931884766,2026-08-19,SNPP,West Kalimantan,Landak
0.6553095277593752,109.99930235723599,2,10.3100004196167,2026-08-19,SNPP,West Kalimantan,Landak
0.6553095277593752,110.00267503004766,2,10.3100004196167,2026-08-19,SNPP,West Kalimantan,Landak
0.6553095277593752,110.00604770285932,1,40.34000015258789,2026-08-19,SNPP,West Kalimantan,Landak
0.6553095277593752,110.00942037567098,1,40.34000015258789,2026-08-19,SNPP,West Kalimantan,Landak
0.6553095277593752,110.01616572129431,2,9.350000381469727,2026-08-19,SNPP,West Kalimantan,Landak
0.6553095277593752,110.01953839410598,2,9.350000381469727,2026-08-19,SNPP,West Kalimantan,Landak
0.6553095277593752,110.40402309463583,2,14.850000381469727,2026-08-19,SNPP,West Kalimantan,Sanggau
0.6553095277593752,110.4073957674475,2,14.850000381469727,2026-08-19,SNPP,West Kalimantan,Sanggau
0.6553095277593752,110.41076844025916,2,14.850000381469727,2026-08-19,SNPP,West Kalimantan,Sanggau
0.6553095277593752,110.41414111307084,1,23.40999984741211,2026-08-19,SNPP,West Kalimantan,Sanggau
0.6519370755384011,109.94189309328031,2,61.4900016784668,2026-08-19,SNPP,West Kalimantan,Landak
0.6519370755384011,109.94526576382721,2,61.4900016784668,2026-08-19,SNPP,West Kalimantan,Landak
0.6519370755384011,109.94863843437413,2,61.4900016784668,2026-08-19,SNPP,West Kalimantan,Landak
0.6519370755384011,109.99585582203089,1,39.619998931884766,2026-08-19,SNPP,West Kalimantan,Landak
0.6519370755384011,109.99922849257781,1,39.619998931884766,2026-08-19,SNPP,West Kalimantan,Landak
0.6519370755384011,110.00260116312472,1,40.34000015258789,2026-08-19,SNPP,West Kalimantan,Landak
0.6519370755384011,110.00597383367163,1,40.34000015258789,2026-08-19,SNPP,West Kalimantan,Landak
0.6519370755384011,110.00934650421854,1,40.34000015258789,2026-08-19,SNPP,West Kalimantan,Landak
0.6519370755384011,110.01609184531237,2,9.350000381469727,2026-08-19,SNPP,West Kalimantan,Landak
0.6519370755384011,110.01946451585928,2,9.350000381469727,2026-08-19,SNPP,West Kalimantan,Landak
0.6519370755384011,110.40394895820722,2,14.850000381469727,2026-08-19,SNPP,West Kalimantan,Sanggau
0.6519370755384011,110.40732162875413,2,14.850000381469727,2026-08-19,SNPP,West Kalimantan,Sanggau
0.6519370755384011,110.41069429930104,2,14.850000381469727,2026-08-19,SNPP,West Kalimantan,Sanggau
0.6519370755384011,110.41406696984797,1,23.40999984741211,2026-08-19,SNPP,West Kalimantan,Sanggau
0.6485646233174269,109.94181964812034,2,88.94000244140625,2026-08-19,SNPP,West Kalimantan,Landak
0.6485646233174269,109.9451923164142,2,88.94000244140625,2026-08-19,SNPP,West Kalimantan,Landak
0.6485646233174269,109.94856498470803,2,88.94000244140625,2026-08-19,SNPP,West Kalimantan,Landak
0.6485646233174269,109.99578234082188,1,39.619998931884766,2026-08-19,SNPP,West Kalimantan,Landak
0.6485646233174269,109.99915500911573,1,39.619998931884766,2026-08-19,SNPP,West Kalimantan,Landak
0.6485646233174269,110.00252767740957,1,40.34000015258789,2026-08-19,SNPP,West Kalimantan,Landak
0.6485646233174269,110.00590034570342,1,40.34000015258789,2026-08-19,SNPP,West Kalimantan,Landak
0.6485646233174269,110.00927301399727,1,40.34000015258789,2026-08-19,SNPP,West Kalimantan,Landak
0.6485646233174269,110.40387520437723,1,23.40999984741211,2026-08-19,SNPP,West Kalimantan,Sanggau
0.6485646233174269,110.40724787267108,1,23.40999984741211,2026-08-19,SNPP,West Kalimantan,Sanggau
0.6485646233174269,110.41062054096493,1,23.40999984741211,2026-08-19,SNPP,West Kalimantan,Sanggau
0.6485646233174269,110.41399320925878,1,23.40999984741211,2026-08-19,SNPP,West Kalimantan,Sanggau
0.6451921710964528,109.94174658395649,2,88.94000244140625,2026-08-19,SNPP,West Kalimantan,Landak
0.6451921710964528,109.94511925000896,2,88.94000244140625,2026-08-19,SNPP,West Kalimantan,Landak
0.6451921710964528,109.94849191606141,2,88.94000244140625,2026-08-19,SNPP,West Kalimantan,Landak
0.6418197188754785,109.73594140759809,1,5.230000019073486,2026-08-19,SNPP,West Kalimantan,Landak
0.6418197188754785,109.73931407142086,1,5.230000019073486,2026-08-19,SNPP,West Kalimantan,Landak
0.6418197188754785,109.74268673524364,1,5.230000019073486,2026-08-19,SNPP,West Kalimantan,Landak
0.6418197188754785,109.9416739007875,2,88.94000244140625,2026-08-19,SNPP,West Kalimantan,Landak
0.6418197188754785,109.94504656461028,2,88.94000244140625,2026-08-19,SNPP,West Kalimantan,Landak
0.6418197188754785,109.94841922843307,2,88.94000244140625,2026-08-19,SNPP,West Kalimantan,Landak
0.6384472666545042,109.73586924072086,1,5.230000019073486,2026-08-19,SNPP,West Kalimantan,Landak
0.6384472666545042,109.73924190232563,1,5.230000019073486,2026-08-19,SNPP,West Kalimantan,Landak
0.6384472666545042,109.7426145639304,1,5.230000019073486,2026-08-19,SNPP,West Kalimantan,Landak
0.6384472666545042,109.87077570491184,1,4.829999923706055,2026-08-19,SNPP,West Kalimantan,Landak
0.6384472666545042,109.87414836651661,1,4.829999923706055,2026-08-19,SNPP,West Kalimantan,Landak
0.6350748144335301,109.73579745412303,1,5.230000019073486,2026-08-19,SNPP,West Kalimantan,Landak
0.6350748144335301,109.7391701135215,1,5.230000019073486,2026-08-19,SNPP,West Kalimantan,Landak
0.6350748144335301,109.74254277291996,1,5.230000019073486,2026-08-19,SNPP,West Kalimantan,Landak
0.6350748144335301,109.87070383006142,1,4.829999923706055,2026-08-19,SNPP,West Kalimantan,Landak
0.6350748144335301,109.87407648945988,1,4.829999923706055,2026-08-19,SNPP,West Kalimantan,Landak
0.6317023622125559,109.87063233595666,1,4.829999923706055,2026-08-19,SNPP,West Kalimantan,Landak
0.6317023622125559,109.87400499316048,1,4.829999923706055,2026-08-19,SNPP,West Kalimantan,Landak
0.6283299099915818,109.87056122259631,1,4.829999923706055,2026-08-19,SNPP,West Kalimantan,Landak
0.6283299099915818,109.8739338776172,1,4.829999923706055,2026-08-19,SNPP,West Kalimantan,Landak
0.614840101107685,110.36268695185171,1,3.299999952316284,2026-08-19,SNPP,West Kalimantan,Sanggau
0.614840101107685,110.36605959825772,1,3.299999952316284,2026-08-19,SNPP,West Kalimantan,Sanggau
0.6114676488867109,110.36261743201776,1,3.299999952316284,2026-08-19,SNPP,West Kalimantan,Sanggau
0.6114676488867109,110.36599007629925,1,3.299999952316284,2026-08-19,SNPP,West Kalimantan,Sanggau
0.6080951966657367,110.36254829462727,1,3.299999952316284,2026-08-19,SNPP,West Kalimantan,Sanggau
0.6080951966657367,110.36592093679596,1,3.299999952316284,2026-08-19,SNPP,West Kalimantan,Sanggau
0.6047227444447626,110.04207873326071,1,2.2300000190734863,2026-08-19,SNPP,West Kalimantan,Landak
0.6047227444447626,110.04545137332826,1,2.2300000190734863,2026-08-19,SNPP,West Kalimantan,Landak
0.6013502922237884,110.04201055925047,1,2.2300000190734863,2026-08-19,SNPP,West Kalimantan,Landak
0.6013502922237884,110.04538319722859,1,2.2300000190734863,2026-08-19,SNPP,West Kalimantan,Landak
0.5979778400028143,110.04194276656985,1,1.899999976158142,2026-08-19,SNPP,West Kalimantan,Landak
0.5979778400028143,110.04531540247021,1,1.899999976158142,2026-08-19,SNPP,West Kalimantan,Landak
0.5979778400028143,110.04868803837059,1,3.200000047683716,2026-08-19,SNPP,West Kalimantan,Landak
0.5979778400028143,110.05206067427095,1,3.200000047683716,2026-08-19,SNPP,West Kalimantan,Landak
0.5946053877818401,110.04187535521767,1,1.899999976158142,2026-08-19,SNPP,West Kalimantan,Landak
0.5946053877818401,110.04524798905196,1,1.899999976158142,2026-08-19,SNPP,West Kalimantan,Landak
0.5946053877818401,110.04862062288625,1,3.200000047683716,2026-08-19,SNPP,West Kalimantan,Landak
0.5946053877818401,110.05199325672058,1,3.200000047683716,2026-08-19,SNPP,West Kalimantan,Landak
0.5912329355608659,110.04180832519278,1,1.899999976158142,2026-08-19,SNPP,West Kalimantan,Landak
0.5912329355608659,110.0451809569727,1,1.899999976158142,2026-08-19,SNPP,West Kalimantan,Landak
0.5912329355608659,110.04855358875261,1,3.200000047683716,2026-08-19,SNPP,West Kalimantan,Landak
0.5912329355608659,110.05192622053255,1,3.200000047683716,2026-08-19,SNPP,West Kalimantan,Landak
0.5844880311189175,109.99108599352678,1,2.490000009536743,2026-08-19,SNPP,West Kalimantan,Landak
0.5844880311189175,109.994458621233,1,2.490000009536743,2026-08-19,SNPP,West Kalimantan,Landak
0.5844880311189175,109.99783124893922,1,2.490000009536743,2026-08-19,SNPP,West Kalimantan,Landak
0.5811155788979433,109.99102013776654,1,2.490000009536743,2026-08-19,SNPP,West Kalimantan,Landak
0.5811155788979433,109.99439276345345,1,2.490000009536743,2026-08-19,SNPP,West Kalimantan,Landak
0.5811155788979433,109.99776538914035,1,2.490000009536743,2026-08-19,SNPP,West Kalimantan,Landak
0.5777431266769691,109.99095466315366,1,2.490000009536743,2026-08-19,SNPP,West Kalimantan,Landak
0.5777431266769691,109.99432728683294,1,2.490000009536743,2026-08-19,SNPP,West Kalimantan,Landak
0.5777431266769691,109.99769991051221,1,2.490000009536743,2026-08-19,SNPP,West Kalimantan,Landak
0.5709982222350208,110.10886654683316,1,3.5399999618530273,2026-08-19,SNPP,West Kalimantan,Landak
0.5709982222350208,110.11223916653223,1,3.5399999618530273,2026-08-19,SNPP,West Kalimantan,Landak
0.5676257700140467,110.10880214661564,1,3.5399999618530273,2026-08-19,SNPP,West Kalimantan,Landak
0.5676257700140467,110.11217476434216,1,3.5399999618530273,2026-08-19,SNPP,West Kalimantan,Landak
0.5676257700140467,110.18637235432527,1,6.909999847412109,2026-08-19,SNPP,West Kalimantan,Landak
0.5676257700140467,110.1897449720518,2,6.909999847412109,2026-08-19,SNPP,West Kalimantan,Landak
0.5676257700140467,110.1931175897783,2,6.909999847412109,2026-08-19,SNPP,West Kalimantan,Landak
0.5642533177930724,110.10873812795006,1,3.5399999618530273,2026-08-19,SNPP,West Kalimantan,Landak
0.5642533177930724,110.11211074371568,1,3.5399999618530273,2026-08-19,SNPP,West Kalimantan,Landak
0.5642533177930724,110.18630829055938,1,6.909999847412109,2026-08-19,SNPP,West Kalimantan,Landak
0.5642533177930724,110.18968090632501,2,6.909999847412109,2026-08-19,SNPP,West Kalimantan,Landak
0.5642533177930724,110.19305352209064,2,6.909999847412109,2026-08-19,SNPP,West Kalimantan,Landak
0.5642533177930724,110.29760461082493,1,9.050000190734863,2026-08-19,SNPP,West Kalimantan,Sanggau
0.5642533177930724,110.30097722659056,2,15.430000305175781,2026-08-19,SNPP,West Kalimantan,Sanggau
0.5642533177930724,110.30434984235617,2,15.430000305175781,2026-08-19,SNPP,West Kalimantan,Sanggau
0.5642533177930724,110.3077224581218,2,15.430000305175781,2026-08-19,SNPP,West Kalimantan,Sanggau
0.5642533177930724,110.49996155676232,1,3.5,2026-08-19,SNPP,West Kalimantan,Sanggau
0.5642533177930724,110.50333417252793,1,3.5,2026-08-19,SNPP,West Kalimantan,Sanggau
0.5642533177930724,110.50670678829354,1,3.5,2026-08-19,SNPP,West Kalimantan,Sanggau
0.5608808655720983,110.18624460861307,1,6.909999847412109,2026-08-19,SNPP,West Kalimantan,Landak
0.5608808655720983,110.1896172224295,2,6.909999847412109,2026-08-19,SNPP,West Kalimantan,Landak
0.5608808655720983,110.19298983624593,2,6.909999847412109,2026-08-19,SNPP,West Kalimantan,Landak
0.5608808655720983,110.29754086455516,1,9.050000190734863,2026-08-19,SNPP,West Kalimantan,Sanggau
0.5608808655720983,110.30091347837157,2,15.430000305175781,2026-08-19,SNPP,West Kalimantan,Sanggau
0.5608808655720983,110.304286092188,2,15.430000305175781,2026-08-19,SNPP,West Kalimantan,Sanggau
0.5608808655720983,110.30765870600442,2,15.430000305175781,2026-08-19,SNPP,West Kalimantan,Sanggau
0.5608808655720983,110.49989769354075,1,3.5,2026-08-19,SNPP,West Kalimantan,Sanggau
0.5608808655720983,110.50327030735718,1,3.5,2026-08-19,SNPP,West Kalimantan,Sanggau
0.5608808655720983,110.5066429211736,1,3.5,2026-08-19,SNPP,West Kalimantan,Sanggau
0.5575084133511241,109.95347108883998,2,8.140000343322754,2026-08-19,SNPP,West Kalimantan,Landak
0.5575084133511241,109.95684370071889,2,8.140000343322754,2026-08-19,SNPP,West Kalimantan,Landak
0.5575084133511241,110.29747750048953,1,9.050000190734863,2026-08-19,SNPP,West Kalimantan,Sanggau
0.5575084133511241,110.30085011236845,2,15.430000305175781,2026-08-19,SNPP,West Kalimantan,Sanggau
0.5575084133511241,110.30422272424737,2,15.430000305175781,2026-08-19,SNPP,West Kalimantan,Sanggau
0.5575084133511241,110.30759533612627,2,15.430000305175781,2026-08-19,SNPP,West Kalimantan,Sanggau
0.5575084133511241,110.49983421322456,1,3.5,2026-08-19,SNPP,West Kalimantan,Sanggau
0.5575084133511241,110.50320682510349,1,3.5,2026-08-19,SNPP,West Kalimantan,Sanggau
0.5575084133511241,110.5065794369824,1,3.5,2026-08-19,SNPP,West Kalimantan,Sanggau
0.55413596113015,109.95340830341132,2,8.140000343322754,2026-08-19,SNPP,West Kalimantan,Landak
0.55413596113015,109.95678091336443,2,8.140000343322754,2026-08-19,SNPP,West Kalimantan,Landak
0.5507635089091758,109.95334589899261,2,8.140000343322754,2026-08-19,SNPP,West Kalimantan,Landak
0.5507635089091758,109.95671850703158,2,8.140000343322754,2026-08-19,SNPP,West Kalimantan,Landak
0.46982465560579556,110.48482785889877,1,3.759999990463257,2026-08-19,SNPP,West Kalimantan,Sanggau
0.46982465560579556,110.4882004245044,1,3.759999990463257,2026-08-19,SNPP,West Kalimantan,Sanggau
0.4664522033848214,110.22508729637953,1,12.050000190734863,2026-08-19,SNPP,West Kalimantan,Sanggau
0.4664522033848214,110.2284598603632,2,17.489999771118164,2026-08-19,SNPP,West Kalimantan,Sanggau
0.4664522033848214,110.23183242434685,2,17.489999771118164,2026-08-19,SNPP,West Kalimantan,Sanggau
0.4664522033848214,110.48477472312148,1,3.759999990463257,2026-08-19,SNPP,West Kalimantan,Sanggau
0.4664522033848214,110.48814728710514,1,3.759999990463257,2026-08-19,SNPP,West Kalimantan,Sanggau
0.46307975116384714,109.85405280635429,1,5.670000076293945,2026-08-19,SNPP,West Kalimantan,Landak
0.46307975116384714,109.85742536872765,1,5.670000076293945,2026-08-19,SNPP,West Kalimantan,Landak
0.46307975116384714,109.86079793110105,1,5.670000076293945,2026-08-19,SNPP,West Kalimantan,Landak
0.46307975116384714,110.22503466742502,1,12.050000190734863,2026-08-19,SNPP,West Kalimantan,Sanggau
0.46307975116384714,110.22840722979838,2,17.489999771118164,2026-08-19,SNPP,West Kalimantan,Sanggau
0.46307975116384714,110.23177979217175,2,17.489999771118164,2026-08-19,SNPP,West Kalimantan,Sanggau
0.46307975116384714,110.48472197017452,1,3.759999990463257,2026-08-19,SNPP,West Kalimantan,Sanggau
0.46307975116384714,110.48809453254788,1,3.759999990463257,2026-08-19,SNPP,West Kalimantan,Sanggau
0.459707298942873,109.854000735176,1,5.670000076293945,2026-08-19,SNPP,West Kalimantan,Landak
0.459707298942873,109.85737329595077,1,5.670000076293945,2026-08-19,SNPP,West Kalimantan,Landak
0.459707298942873,109.86074585672554,1,5.670000076293945,2026-08-19,SNPP,West Kalimantan,Landak
0.459707298942873,110.22498242040012,1,12.050000190734863,2026-08-19,SNPP,West Kalimantan,Sanggau
0.459707298942873,110.22835498117487,2,17.489999771118164,2026-08-19,SNPP,West Kalimantan,Sanggau
0.459707298942873,110.23172754194965,2,17.489999771118164,2026-08-19,SNPP,West Kalimantan,Sanggau
0.45633484672189883,109.85394904464096,1,5.670000076293945,2026-08-19,SNPP,West Kalimantan,Landak
0.45633484672189883,109.85732160382881,1,5.670000076293945,2026-08-19,SNPP,West Kalimantan,Landak
0.45633484672189883,109.86069416301666,1,5.670000076293945,2026-08-19,SNPP,West Kalimantan,Landak
0.4495899422799505,109.73917989982894,1,5.510000228881836,2026-08-19,SNPP,West Kalimantan,Landak
0.4495899422799505,109.74255245587801,1,5.510000228881836,2026-08-19,SNPP,West Kalimantan,Landak
0.4495899422799505,109.74592501192707,1,5.510000228881836,2026-08-19,SNPP,West Kalimantan,Landak
0.4462174900589763,109.73912940398162,1,5.510000228881836,2026-08-19,SNPP,West Kalimantan,Landak
0.4462174900589763,109.74250195847884,1,5.510000228881836,2026-08-19,SNPP,West Kalimantan,Landak
0.4462174900589763,109.74587451297604,1,5.510000228881836,2026-08-19,SNPP,West Kalimantan,Landak
0.4428450378380021,109.73907928837673,1,5.510000228881836,2026-08-19,SNPP,West Kalimantan,Landak
0.4428450378380021,109.74245184133375,1,5.510000228881836,2026-08-19,SNPP,West Kalimantan,Landak
0.4428450378380021,109.74582439429078,1,5.510000228881836,2026-08-19,SNPP,West Kalimantan,Landak
0.43947258561702796,110.08640235015238,1,5.010000228881836,2026-08-19,SNPP,West Kalimantan,Landak
0.43947258561702796,110.08977490158091,1,5.010000228881836,2026-08-19,SNPP,West Kalimantan,Landak
0.43947258561702796,110.09314745300945,1,5.010000228881836,2026-08-19,SNPP,West Kalimantan,Landak
0.4361001333960538,110.08635283879877,1,5.010000228881836,2026-08-19,SNPP,West Kalimantan,Landak
0.4361001333960538,110.08972538871052,1,5.010000228881836,2026-08-19,SNPP,West Kalimantan,Landak
0.4361001333960538,110.09309793862224,1,5.010000228881836,2026-08-19,SNPP,West Kalimantan,Landak
0.4327276811750796,110.08630370888861,1,5.010000228881836,2026-08-19,SNPP,West Kalimantan,Landak
0.4327276811750796,110.08967625729522,1,5.010000228881836,2026-08-19,SNPP,West Kalimantan,Landak
0.4327276811750796,110.09304880570183,1,5.010000228881836,2026-08-19,SNPP,West Kalimantan,Landak
0.4327276811750796,110.09642135410843,2,29.290000915527344,2026-08-19,SNPP,West Kalimantan,Landak
0.4327276811750796,110.09979390251505,2,29.290000915527344,2026-08-19,SNPP,West Kalimantan,Landak
0.42935522895410544,110.09300005424738,1,11.859999656677246,2026-08-19,SNPP,West Kalimantan,Landak
0.42935522895410544,110.09637260116057,2,23.3700008392334,2026-08-19,SNPP,West Kalimantan,Landak
0.42935522895410544,110.09974514807374,2,23.3700008392334,2026-08-19,SNPP,West Kalimantan,Landak
0.42935522895410544,110.10311769498692,2,23.3700008392334,2026-08-19,SNPP,West Kalimantan,Landak
0.4259827767331313,110.09295168425804,1,11.859999656677246,2026-08-19,SNPP,West Kalimantan,Landak
0.4259827767331313,110.09632422968947,2,23.3700008392334,2026-08-19,SNPP,West Kalimantan,Landak
0.4259827767331313,110.0996967751209,2,23.3700008392334,2026-08-19,SNPP,West Kalimantan,Landak
0.4259827767331313,110.10306932055234,2,23.3700008392334,2026-08-19,SNPP,West Kalimantan,Landak
0.42261032451215713,110.09290369573299,1,11.859999656677246,2026-08-19,SNPP,West Kalimantan,Landak
0.42261032451215713,110.09627623969435,2,23.3700008392334,2026-08-19,SNPP,West Kalimantan,Landak
0.42261032451215713,110.09964878365571,2,23.3700008392334,2026-08-19,SNPP,West Kalimantan,Landak
0.42261032451215713,110.1030213276171,2,23.3700008392334,2026-08-19,SNPP,West Kalimantan,Landak
0.41249296784923456,110.0927620189352,2,18.979999542236328,2026-08-19,SNPP,West Kalimantan,Landak
0.41249296784923456,110.0961345585565,2,18.979999542236328,2026-08-19,SNPP,West Kalimantan,Landak
0.41249296784923456,110.09950709817778,2,18.979999542236328,2026-08-19,SNPP,West Kalimantan,Landak
0.40912051562826035,110.09271555625902,2,18.979999542236328,2026-08-19,SNPP,West Kalimantan,Landak
0.40912051562826035,110.09608809445699,2,18.979999542236328,2026-08-19,SNPP,West Kalimantan,Landak
0.40912051562826035,110.09946063265497,2,18.979999542236328,2026-08-19,SNPP,West Kalimantan,Landak
0.4057480634072862,110.09266947504301,2,18.979999542236328,2026-08-19,SNPP,West Kalimantan,Landak
0.4057480634072862,110.09604201182934,2,18.979999542236328,2026-08-19,SNPP,West Kalimantan,Landak
0.4057480634072862,110.09941454861568,2,18.979999542236328,2026-08-19,SNPP,West Kalimantan,Landak
0.31806430566195765,110.33105305063458,1,2.8299999237060547,2026-08-19,SNPP,West Kalimantan,Sanggau
0.31806430566195765,110.33442555481996,1,2.8299999237060547,2026-08-19,SNPP,West Kalimantan,Sanggau
0.3146918534409835,110.33101719073797,1,2.8299999237060547,2026-08-19,SNPP,West Kalimantan,Sanggau
0.3146918534409835,110.3343896938272,1,2.8299999237060547,2026-08-19,SNPP,West Kalimantan,Sanggau
0.3113194012200093,110.33098171311131,1,2.8299999237060547,2026-08-19,SNPP,West Kalimantan,Sanggau
0.3113194012200093,110.33435421511611,1,2.8299999237060547,2026-08-19,SNPP,West Kalimantan,Sanggau
0.3079469489990351,110.16569407208432,1,5.119999885559082,2026-08-19,SNPP,West Kalimantan,Sanggau
0.3079469489990351,110.16906657301637,1,5.119999885559082,2026-08-19,SNPP,West Kalimantan,Sanggau
0.3045744967780609,110.04424941563427,1,3.0199999809265137,2026-08-19,SNPP,West Kalimantan,Landak
0.3045744967780609,110.04762191550525,1,3.0199999809265137,2026-08-19,SNPP,West Kalimantan,Landak
0.3045744967780609,110.16565941098864,1,5.119999885559082,2026-08-19,SNPP,West Kalimantan,Sanggau
0.3045744967780609,110.16903191085962,1,5.119999885559082,2026-08-19,SNPP,West Kalimantan,Sanggau
0.30120204455708677,110.0442151740124,1,3.0199999809265137,2026-08-19,SNPP,West Kalimantan,Landak
0.30120204455708677,110.04758767283397,1,3.0199999809265137,2026-08-19,SNPP,West Kalimantan,Landak
0.30120204455708677,110.16562513158856,1,5.119999885559082,2026-08-19,SNPP,West Kalimantan,Sanggau
0.30120204455708677,110.16899763041013,1,5.119999885559082,2026-08-19,SNPP,West Kalimantan,Sanggau
0.2978295923361126,110.04418131366486,1,3.0199999809265137,2026-08-19,SNPP,West Kalimantan,Landak
0.2978295923361126,110.04755381144872,1,3.0199999809265137,2026-08-19,SNPP,West Kalimantan,Landak
0.29108468789416425,110.138544617608,1,3.7200000286102295,2026-08-19,SNPP,West Kalimantan,Sanggau
0.29108468789416425,110.14191711335148,1,3.7200000286102295,2026-08-19,SNPP,West Kalimantan,Sanggau
0.2877122356731901,110.1385118730056,1,3.7200000286102295,2026-08-19,SNPP,West Kalimantan,Landak
0.2877122356731901,110.14188436774641,1,3.7200000286102295,2026-08-19,SNPP,West Kalimantan,Sanggau
0.2843397834522159,110.13847951000241,1,3.7200000286102295,2026-08-19,SNPP,West Kalimantan,Landak
0.2843397834522159,110.14185200375226,1,3.7200000286102295,2026-08-19,SNPP,West Kalimantan,Sanggau
0.2843397834522159,110.19581190374998,2,9.90999984741211,2026-08-19,SNPP,West Kalimantan,Sanggau
0.2843397834522159,110.19918439749983,2,9.90999984741211,2026-08-19,SNPP,West Kalimantan,Sanggau
0.2843397834522159,110.20255689124971,2,9.90999984741211,2026-08-19,SNPP,West Kalimantan,Sanggau
0.2809673312312417,110.18903492015642,2,9.460000038146973,2026-08-19,SNPP,West Kalimantan,Sanggau
0.2809673312312417,110.192407412927,2,9.460000038146973,2026-08-19,SNPP,West Kalimantan,Sanggau
0.2809673312312417,110.19577990569755,2,9.460000038146973,2026-08-19,SNPP,West Kalimantan,Sanggau
0.2809673312312417,110.19915239846813,2,9.90999984741211,2026-08-19,SNPP,West Kalimantan,Sanggau
0.2809673312312417,110.20252489123871,2,9.90999984741211,2026-08-19,SNPP,West Kalimantan,Sanggau
0.2775948790102675,110.18900330583593,2,9.460000038146973,2026-08-19,SNPP,West Kalimantan,Sanggau
0.2775948790102675,110.19237579763889,2,9.460000038146973,2026-08-19,SNPP,West Kalimantan,Sanggau
0.2775948790102675,110.19574828944185,2,9.460000038146973,2026-08-19,SNPP,West Kalimantan,Sanggau
0.2775948790102675,110.19912078124482,2,9.90999984741211,2026-08-19,SNPP,West Kalimantan,Sanggau
0.2775948790102675,110.20249327304779,2,9.90999984741211,2026-08-19,SNPP,West Kalimantan,Sanggau
0.27422242678929337,110.18897207328823,2,9.460000038146973,2026-08-19,SNPP,West Kalimantan,Sanggau
0.27422242678929337,110.19234456413527,2,9.460000038146973,2026-08-19,SNPP,West Kalimantan,Sanggau
0.27422242678929337,110.19571705498232,2,9.460000038146973,2026-08-19,SNPP,West Kalimantan,Sanggau
0.2708499745683192,110.1889412225128,2,9.460000038146973,2026-08-19,SNPP,West Kalimantan,Sanggau
0.2708499745683192,110.19231371241561,2,9.460000038146973,2026-08-19,SNPP,West Kalimantan,Sanggau
0.2708499745683192,110.19568620231844,2,9.460000038146973,2026-08-19,SNPP,West Kalimantan,Sanggau
0.267477522347345,110.52278716156623,2,6.039999961853027,2026-08-19,SNPP,West Kalimantan,Sanggau
0.267477522347345,110.5261596505365,2,6.039999961853027,2026-08-19,SNPP,West Kalimantan,Sanggau
0.267477522347345,110.52953213950678,2,6.039999961853027,2026-08-19,SNPP,West Kalimantan,Sanggau
0.26410507012637086,110.52275698316834,2,6.039999961853027,2026-08-19,SNPP,West Kalimantan,Sanggau
0.26410507012637086,110.52612947121774,2,6.039999961853027,2026-08-19,SNPP,West Kalimantan,Sanggau
0.26410507012637086,110.52950195926717,2,6.039999961853027,2026-08-19,SNPP,West Kalimantan,Sanggau
0.26073261790539665,110.5227271876979,2,6.039999961853027,2026-08-19,SNPP,West Kalimantan,Sanggau
0.26073261790539665,110.52609967483812,2,6.039999961853027,2026-08-19,SNPP,West Kalimantan,Sanggau
0.26073261790539665,110.52947216197836,2,6.039999961853027,2026-08-19,SNPP,West Kalimantan,Sanggau
0.2404979045795516,110.21566060064418,2,5.590000152587891,2026-08-19,SNPP,West Kalimantan,Sanggau
0.2404979045795516,110.21903308257474,2,5.590000152587891,2026-08-19,SNPP,West Kalimantan,Sanggau
0.23712545235857743,110.21563356094401,2,5.590000152587891,2026-08-19,SNPP,West Kalimantan,Sanggau
0.23712545235857743,110.21900604204718,2,5.590000152587891,2026-08-19,SNPP,West Kalimantan,Sanggau
0.23375300013760328,109.69624493883617,1,4.889999866485596,2026-08-19,SNPP,West Kalimantan,Landak
0.23375300013760328,110.21560690310407,2,5.590000152587891,2026-08-19,SNPP,West Kalimantan,Sanggau
0.23375300013760328,110.21897938339154,2,5.590000152587891,2026-08-19,SNPP,West Kalimantan,Sanggau
0.23038054791662907,109.69621878667462,1,4.889999866485596,2026-08-19,SNPP,West Kalimantan,Landak
0.23038054791662907,110.05370161191894,1,3.25,2026-08-19,SNPP,West Kalimantan,Landak
0.23038054791662907,110.05707409140237,1,3.25,2026-08-19,SNPP,West Kalimantan,Landak
0.23038054791662907,110.0604465708858,1,3.25,2026-08-19,SNPP,West Kalimantan,Landak
0.2270080956956549,109.69619301457297,1,4.889999866485596,2026-08-19,SNPP,West Kalimantan,Landak
0.2270080956956549,110.05367575583001,1,3.25,2026-08-19,SNPP,West Kalimantan,Landak
0.2270080956956549,110.05704823452113,1,3.25,2026-08-19,SNPP,West Kalimantan,Landak
0.2270080956956549,110.06042071321222,1,3.25,2026-08-19,SNPP,West Kalimantan,Landak
0.22363564347468073,110.05365028103914,1,3.25,2026-08-19,SNPP,West Kalimantan,Landak
0.22363564347468073,110.05702275894959,1,3.25,2026-08-19,SNPP,West Kalimantan,Landak
0.22363564347468073,110.06039523686003,1,3.25,2026-08-19,SNPP,West Kalimantan,Landak
0.210145834590784,110.4751115579354,1,8.460000038146973,2026-08-19,SNPP,West Kalimantan,Sanggau
0.210145834590784,110.47848403284013,1,8.460000038146973,2026-08-19,SNPP,West Kalimantan,Sanggau
0.20677338236980985,110.47508789934982,1,8.460000038146973,2026-08-19,SNPP,West Kalimantan,Sanggau
0.20677338236980985,110.47846037353231,2,22.5,2026-08-19,SNPP,West Kalimantan,Sanggau
0.20677338236980985,110.48183284771478,2,22.5,2026-08-19,SNPP,West Kalimantan,Sanggau
0.20340093014883567,110.47506462352023,1,8.460000038146973,2026-08-19,SNPP,West Kalimantan,Sanggau
0.20340093014883567,110.47843709699217,2,22.5,2026-08-19,SNPP,West Kalimantan,Sanggau
0.20340093014883567,110.48180957046411,2,22.5,2026-08-19,SNPP,West Kalimantan,Sanggau
0.2000284779278615,110.47504173044625,1,12.84000015258789,2026-08-19,SNPP,West Kalimantan,Sanggau
0.2000284779278615,110.47841420321934,2,22.5,2026-08-19,SNPP,West Kalimantan,Sanggau
0.2000284779278615,110.48178667599242,2,22.5,2026-08-19,SNPP,West Kalimantan,Sanggau
0.1865386690439648,110.03653287341362,1,1.9199999570846558,2026-08-19,SNPP,West Kalimantan,Landak
0.1865386690439648,110.03990534350812,1,1.9199999570846558,2026-08-19,SNPP,West Kalimantan,Sanggau
0.1831662168229906,110.03651197736845,1,1.9199999570846558,2026-08-19,SNPP,West Kalimantan,Sanggau
0.1831662168229906,110.03988444682251,1,1.9199999570846558,2026-08-19,SNPP,West Kalimantan,Sanggau
0.1831662168229906,110.28607471696915,1,4.5,2026-08-19,SNPP,West Kalimantan,Sanggau
0.1831662168229906,110.28944718642323,1,4.5,2026-08-19,SNPP,West Kalimantan,Sanggau
0.1831662168229906,110.2928196558773,1,4.5,2026-08-19,SNPP,West Kalimantan,Sanggau
0.17979376460201646,110.03649146255762,1,1.9199999570846558,2026-08-19,SNPP,West Kalimantan,Sanggau
0.17979376460201646,110.03986393138294,1,1.9199999570846558,2026-08-19,SNPP,West Kalimantan,Sanggau
0.17979376460201646,110.04323640020824,1,1.5499999523162842,2026-08-19,SNPP,West Kalimantan,Sanggau
0.17979376460201646,110.28605415563077,1,4.5,2026-08-19,SNPP,West Kalimantan,Sanggau
0.17979376460201646,110.28942662445608,1,4.5,2026-08-19,SNPP,West Kalimantan,Sanggau
0.17979376460201646,110.29279909328139,1,4.5,2026-08-19,SNPP,West Kalimantan,Sanggau
0.17642131238104228,110.03647132898081,1,1.9199999570846558,2026-08-19,SNPP,West Kalimantan,Sanggau
0.17642131238104228,110.03984379718906,1,1.9199999570846558,2026-08-19,SNPP,West Kalimantan,Sanggau
0.17642131238104228,110.0432162653973,1,1.5499999523162842,2026-08-19,SNPP,West Kalimantan,Sanggau
0.17642131238104228,110.28603397639101,1,4.5,2026-08-19,SNPP,West Kalimantan,Sanggau
0.17642131238104228,110.28940644459927,1,4.5,2026-08-19,SNPP,West Kalimantan,Sanggau
0.17642131238104228,110.2927789128075,1,4.5,2026-08-19,SNPP,West Kalimantan,Sanggau
0.1730488601600681,110.03645157663767,1,1.5499999523162842,2026-08-19,SNPP,West Kalimantan,Sanggau
0.1730488601600681,110.03982404424053,1,1.5499999523162842,2026-08-19,SNPP,West Kalimantan,Sanggau
0.1730488601600681,110.04319651184339,1,1.5499999523162842,2026-08-19,SNPP,West Kalimantan,Sanggau
0.15618659905519722,110.18137451771727,1,2.740000009536743,2026-08-19,SNPP,West Kalimantan,Sanggau
0.15618659905519722,110.1847469824685,1,2.740000009536743,2026-08-19,SNPP,West Kalimantan,Sanggau
0.15281414683422304,110.1813570297522,1,2.740000009536743,2026-08-19,SNPP,West Kalimantan,Sanggau
0.15281414683422304,110.18472949396816,1,2.740000009536743,2026-08-19,SNPP,West Kalimantan,Sanggau
0.15281414683422304,110.20496427926378,1,4.039999961853027,2026-08-19,SNPP,West Kalimantan,Sanggau
0.15281414683422304,110.20833674347972,1,4.039999961853027,2026-08-19,SNPP,West Kalimantan,Sanggau
0.15281414683422304,110.21170920769566,1,4.039999961853027,2026-08-19,SNPP,West Kalimantan,Sanggau
0.14944169461324888,110.18133992352097,1,3.0299999713897705,2026-08-19,SNPP,West Kalimantan,Sanggau
0.14944169461324888,110.18471238721332,1,3.0299999713897705,2026-08-19,SNPP,West Kalimantan,Sanggau
0.14944169461324888,110.2049471693674,1,4.039999961853027,2026-08-19,SNPP,West Kalimantan,Sanggau
0.14944169461324888,110.20831963305974,1,4.039999961853027,2026-08-19,SNPP,West Kalimantan,Sanggau
0.14944169461324888,110.21169209675207,1,4.039999961853027,2026-08-19,SNPP,West Kalimantan,Sanggau
0.14606924239227467,110.18132319902325,1,3.0299999713897705,2026-08-19,SNPP,West Kalimantan,Sanggau
0.14606924239227467,110.18469566220371,1,3.0299999713897705,2026-08-19,SNPP,West Kalimantan,Sanggau
0.14606924239227467,110.20493044128632,1,4.039999961853027,2026-08-19,SNPP,West Kalimantan,Sanggau
0.14606924239227467,110.20830290446676,1,4.039999961853027,2026-08-19,SNPP,West Kalimantan,Sanggau
0.14606924239227467,110.21167536764719,1,4.039999961853027,2026-08-19,SNPP,West Kalimantan,Sanggau
0.14269679017130052,110.18130685625877,1,3.0299999713897705,2026-08-19,SNPP,West Kalimantan,Sanggau
0.14269679017130052,110.18467931893899,1,3.0299999713897705,2026-08-19,SNPP,West Kalimantan,Sanggau
0.13932433795032634,110.21501551714398,1,2.890000104904175,2026-08-19,SNPP,West Kalimantan,Sanggau
0.13932433795032634,110.21838797933566,1,2.890000104904175,2026-08-19,SNPP,West Kalimantan,Sanggau
0.13595188572935216,110.21499993307658,1,2.890000104904175,2026-08-19,SNPP,West Kalimantan,Sanggau
0.13595188572935216,110.2183723947914,1,2.890000104904175,2026-08-19,SNPP,West Kalimantan,Sanggau
0.13257943350837798,110.21498473085843,1,2.890000104904175,2026-08-19,SNPP,West Kalimantan,Sanggau
0.13257943350837798,110.21835719210807,1,2.890000104904175,2026-08-19,SNPP,West Kalimantan,Sanggau
0.12583452906642964,110.29589452047334,1,3.4800000190734863,2026-08-19,SNPP,West Kalimantan,Sanggau
0.12583452906642964,110.2992669808277,1,5.519999980926514,2026-08-19,SNPP,West Kalimantan,Sanggau
0.12583452906642964,110.30263944118204,1,5.519999980926514,2026-08-19,SNPP,West Kalimantan,Sanggau
0.12583452906642964,110.30601190153641,1,5.519999980926514,2026-08-19,SNPP,West Kalimantan,Sanggau
0.12246207684545547,110.29588045347853,1,3.4800000190734863,2026-08-19,SNPP,West Kalimantan,Sanggau
0.12246207684545547,110.29925291340277,1,5.519999980926514,2026-08-19,SNPP,West Kalimantan,Sanggau
0.12246207684545547,110.30262537332699,1,5.519999980926514,2026-08-19,SNPP,West Kalimantan,Sanggau
0.12246207684545547,110.30599783325124,1,5.519999980926514,2026-08-19,SNPP,West Kalimantan,Sanggau
0.11908962462448128,110.29586676861236,1,3.4800000190734863,2026-08-19,SNPP,West Kalimantan,Sanggau
0.11908962462448128,110.29923922811817,1,5.519999980926514,2026-08-19,SNPP,West Kalimantan,Sanggau
0.11908962462448128,110.30261168762395,1,5.519999980926514,2026-08-19,SNPP,West Kalimantan,Sanggau
0.11908962462448128,110.30598414712976,1,5.519999980926514,2026-08-19,SNPP,West Kalimantan,Sanggau
0.11571717240350712,110.17444493830884,1,6.119999885559082,2026-08-19,SNPP,West Kalimantan,Sanggau
0.11571717240350712,110.17781739740789,1,6.119999885559082,2026-08-19,SNPP,West Kalimantan,Sanggau
0.11571717240350712,110.29585346587461,1,3.4800000190734863,2026-08-19,SNPP,West Kalimantan,Sanggau
0.11571717240350712,110.29922592497367,1,3.4800000190734863,2026-08-19,SNPP,West Kalimantan,Sanggau
0.11571717240350712,110.30259838407271,1,3.4800000190734863,2026-08-19,SNPP,West Kalimantan,Sanggau
0.11234472018253293,110.17105957321773,1,3.9700000286102295,2026-08-19,SNPP,West Kalimantan,Sanggau
0.11234472018253293,110.1744320319217,1,6.119999885559082,2026-08-19,SNPP,West Kalimantan,Sanggau
0.11234472018253293,110.17780449062569,1,6.119999885559082,2026-08-19,SNPP,West Kalimantan,Sanggau
0.10897226796155876,110.1710470489213,1,3.9700000286102295,2026-08-19,SNPP,West Kalimantan,Sanggau
0.10897226796155876,110.1744195072419,1,6.119999885559082,2026-08-19,SNPP,West Kalimantan,Sanggau
0.10897226796155876,110.17779196556248,1,6.119999885559082,2026-08-19,SNPP,West Kalimantan,Sanggau
0.10559981574058458,110.17103490632029,1,3.9700000286102295,2026-08-19,SNPP,West Kalimantan,Sanggau
0.10559981574058458,110.17440736426919,1,3.9700000286102295,2026-08-19,SNPP,West Kalimantan,Sanggau
0.10559981574058458,110.17777982221808,1,3.9700000286102295,2026-08-19,SNPP,West Kalimantan,Sanggau
0.10559981574058458,110.41722433659008,1,2.9200000762939453,2026-08-19,SNPP,West Kalimantan,Sanggau
0.10559981574058458,110.42059679453898,1,2.9200000762939453,2026-08-19,SNPP,West Kalimantan,Sanggau
0.10222736351961041,110.41721254940325,1,2.9200000762939453,2026-08-19,SNPP,West Kalimantan,Sanggau
0.10222736351961041,110.42058500699214,1,2.9200000762939453,2026-08-19,SNPP,West Kalimantan,Sanggau
0.09885491129863623,110.4172011447644,1,2.9200000762939453,2026-08-19,SNPP,West Kalimantan,Sanggau
0.09885491129863623,110.42057360200495,1,2.9200000762939453,2026-08-19,SNPP,West Kalimantan,Sanggau
1.5624991752014283,117.29998485285752,1,2.9600000381469727,2026-08-19,SNPP,East Kalimantan,Berau
1.5624991752014283,117.30335855950356,1,5.840000152587891,2026-08-19,SNPP,East Kalimantan,Berau
1.5624991752014283,117.30673226614967,1,5.840000152587891,2026-08-19,SNPP,East Kalimantan,Berau
1.5624991752014283,117.31010597279571,1,2.9600000381469727,2026-08-19,SNPP,East Kalimantan,Berau
1.5591267229804544,117.29979672355076,1,2.9600000381469727,2026-08-19,SNPP,East Kalimantan,Berau
1.5591267229804544,117.30317042478595,1,5.840000152587891,2026-08-19,SNPP,East Kalimantan,Berau
1.5591267229804544,117.3065441260212,1,5.840000152587891,2026-08-19,SNPP,East Kalimantan,Berau
1.5591267229804544,117.30991782725638,1,2.9600000381469727,2026-08-19,SNPP,East Kalimantan,Berau
1.55575427075948,117.29960900123666,1,2.9600000381469727,2026-08-19,SNPP,East Kalimantan,Berau
1.55575427075948,117.30298269707272,1,5.840000152587891,2026-08-19,SNPP,East Kalimantan,Berau
1.55575427075948,117.30635639290881,1,5.840000152587891,2026-08-19,SNPP,East Kalimantan,Berau
1.55575427075948,117.30973008874486,1,2.9600000381469727,2026-08-19,SNPP,East Kalimantan,Berau
1.5523818185385059,117.02952645002193,2,7.769999980926514,2026-08-19,SNPP,East Kalimantan,Berau
1.5523818185385059,117.03290014047056,2,7.769999980926514,2026-08-19,SNPP,East Kalimantan,Berau
1.5490093663175317,117.02933997174252,2,7.769999980926514,2026-08-19,SNPP,East Kalimantan,Berau
1.5490093663175317,117.03271365681539,2,7.769999980926514,2026-08-19,SNPP,East Kalimantan,Berau
1.5456369140965576,117.02915389950962,2,7.769999980926514,2026-08-19,SNPP,East Kalimantan,Berau
1.5456369140965576,117.03252757921847,2,7.769999980926514,2026-08-19,SNPP,East Kalimantan,Berau
1.538892009654609,117.04565131825007,1,6.199999809265137,2026-08-19,SNPP,East Kalimantan,Berau
1.538892009654609,117.04902498726598,1,6.199999809265137,2026-08-19,SNPP,East Kalimantan,Berau
1.538892009654609,117.0523986562819,1,6.199999809265137,2026-08-19,SNPP,East Kalimantan,Berau
1.535519557433635,117.04546643749289,1,6.199999809265137,2026-08-19,SNPP,East Kalimantan,Berau
1.535519557433635,117.04884010117985,1,6.199999809265137,2026-08-19,SNPP,East Kalimantan,Berau
1.535519557433635,117.05221376486686,1,6.199999809265137,2026-08-19,SNPP,East Kalimantan,Berau
1.5321471052126607,117.04528196282786,1,6.199999809265137,2026-08-19,SNPP,East Kalimantan,Berau
1.5321471052126607,117.04865562119764,1,6.199999809265137,2026-08-19,SNPP,East Kalimantan,Berau
1.5321471052126607,117.05202927956742,1,6.199999809265137,2026-08-19,SNPP,East Kalimantan,Berau
1.5287746529916868,117.04509789425185,1,6.199999809265137,2026-08-19,SNPP,East Kalimantan,Berau
1.5287746529916868,117.04847154731611,1,6.199999809265137,2026-08-19,SNPP,East Kalimantan,Berau
1.5287746529916868,117.05184520038038,1,6.199999809265137,2026-08-19,SNPP,East Kalimantan,Berau
1.4748154174561,117.25474291793874,1,2.1500000953674316,2026-08-19,SNPP,East Kalimantan,Berau
1.4748154174561,117.25811648770673,1,2.1500000953674316,2026-08-19,SNPP,East Kalimantan,Berau
1.4748154174561,117.2614900574747,1,2.1500000953674316,2026-08-19,SNPP,East Kalimantan,Berau
1.4714429652351257,117.25456543068137,1,2.1500000953674316,2026-08-19,SNPP,East Kalimantan,Berau
1.4714429652351257,117.25793899534283,1,2.1500000953674316,2026-08-19,SNPP,East Kalimantan,Berau
1.4714429652351257,117.26131256000426,1,2.1500000953674316,2026-08-19,SNPP,East Kalimantan,Berau
1.4680705130141516,117.25438835019393,1,2.1500000953674316,2026-08-19,SNPP,East Kalimantan,Berau
1.4680705130141516,117.25776190976056,1,2.1500000953674316,2026-08-19,SNPP,East Kalimantan,Berau
1.4680705130141516,117.26113546932714,1,2.1500000953674316,2026-08-19,SNPP,East Kalimantan,Berau
1.461325608572203,117.25740895892868,2,7.389999866485596,2026-08-19,SNPP,East Kalimantan,Berau
1.461325608572203,117.26078250834072,2,7.389999866485596,2026-08-19,SNPP,East Kalimantan,Berau
1.461325608572203,117.26415605775274,2,7.389999866485596,2026-08-19,SNPP,East Kalimantan,Berau
1.461325608572203,117.26752960716479,1,7.389999866485596,2026-08-19,SNPP,East Kalimantan,Berau
1.4579531563512291,117.25385954932062,1,5.949999809265137,2026-08-19,SNPP,East Kalimantan,Berau
1.4579531563512291,117.25723309367294,2,7.389999866485596,2026-08-19,SNPP,East Kalimantan,Berau
1.4579531563512291,117.26060663802527,2,7.389999866485596,2026-08-19,SNPP,East Kalimantan,Berau
1.4579531563512291,117.26398018237758,2,7.389999866485596,2026-08-19,SNPP,East Kalimantan,Berau
1.4579531563512291,117.2673537267299,1,7.389999866485596,2026-08-19,SNPP,East Kalimantan,Berau
1.4545807041302548,117.25368409588232,1,5.949999809265137,2026-08-19,SNPP,East Kalimantan,Berau
1.4545807041302548,117.25705763518661,2,7.389999866485596,2026-08-19,SNPP,East Kalimantan,Berau
1.4545807041302548,117.26043117449093,2,7.389999866485596,2026-08-19,SNPP,East Kalimantan,Berau
1.4545807041302548,117.26380471379521,2,7.389999866485596,2026-08-19,SNPP,East Kalimantan,Berau
1.4545807041302548,117.2671782530995,1,7.389999866485596,2026-08-19,SNPP,East Kalimantan,Berau
1.4512082519092806,117.2535090491987,1,5.949999809265137,2026-08-19,SNPP,East Kalimantan,Berau
1.4512082519092806,117.25688258346668,2,7.389999866485596,2026-08-19,SNPP,East Kalimantan,Berau
1.4512082519092806,117.26025611773467,2,7.389999866485596,2026-08-19,SNPP,East Kalimantan,Berau
1.4512082519092806,117.26362965200262,2,7.389999866485596,2026-08-19,SNPP,East Kalimantan,Berau
1.4073663730366164,117.24452351589298,1,3.5399999618530273,2026-08-19,SNPP,East Kalimantan,Berau
1.4073663730366164,117.24789698575375,1,3.5399999618530273,2026-08-19,SNPP,East Kalimantan,Berau
1.4073663730366164,117.25127045561447,1,3.5399999618530273,2026-08-19,SNPP,East Kalimantan,Berau
1.4039939208156422,117.24435417320416,1,3.5399999618530273,2026-08-19,SNPP,East Kalimantan,Berau
1.4039939208156422,117.24772763819244,1,3.5399999618530273,2026-08-19,SNPP,East Kalimantan,Berau
1.4039939208156422,117.25110110318069,1,3.5399999618530273,2026-08-19,SNPP,East Kalimantan,Berau
1.400621468594668,117.23406485681937,1,2.7699999809265137,2026-08-19,SNPP,East Kalimantan,Berau
1.400621468594668,117.23743831694684,1,2.7699999809265137,2026-08-19,SNPP,East Kalimantan,Berau
1.400621468594668,117.24081177707433,1,2.7699999809265137,2026-08-19,SNPP,East Kalimantan,Berau
1.400621468594668,117.24418523720182,1,3.5399999618530273,2026-08-19,SNPP,East Kalimantan,Berau
1.400621468594668,117.24755869732931,1,3.5399999618530273,2026-08-19,SNPP,East Kalimantan,Berau
1.400621468594668,117.25093215745677,1,3.5399999618530273,2026-08-19,SNPP,East Kalimantan,Berau
1.397249016373694,117.19341487870699,2,21.610000610351562,2026-08-19,SNPP,East Kalimantan,Berau
1.397249016373694,117.1967883339854,2,21.610000610351562,2026-08-19,SNPP,East Kalimantan,Berau
1.397249016373694,117.20016178926382,2,21.610000610351562,2026-08-19,SNPP,East Kalimantan,Berau
1.397249016373694,117.23389634204784,1,2.7699999809265137,2026-08-19,SNPP,East Kalimantan,Berau
1.397249016373694,117.23726979732623,1,2.7699999809265137,2026-08-19,SNPP,East Kalimantan,Berau
1.397249016373694,117.24064325260463,1,2.7699999809265137,2026-08-19,SNPP,East Kalimantan,Berau
1.3938765641527195,117.19324682862955,2,21.610000610351562,2026-08-19,SNPP,East Kalimantan,Berau
1.3938765641527195,117.1966202790706,2,21.610000610351562,2026-08-19,SNPP,East Kalimantan,Berau
1.3938765641527195,117.19999372951162,2,21.610000610351562,2026-08-19,SNPP,East Kalimantan,Berau
1.3938765641527195,117.23372823392182,1,2.7699999809265137,2026-08-19,SNPP,East Kalimantan,Berau
1.3938765641527195,117.23710168436283,1,2.7699999809265137,2026-08-19,SNPP,East Kalimantan,Berau
1.3938765641527195,117.24047513480384,1,2.7699999809265137,2026-08-19,SNPP,East Kalimantan,Berau
1.3905041119317456,117.19307918505434,2,21.610000610351562,2026-08-19,SNPP,East Kalimantan,Berau
1.3905041119317456,117.1964526306697,2,21.610000610351562,2026-08-19,SNPP,East Kalimantan,Berau
1.3905041119317456,117.19982607628505,2,21.610000610351562,2026-08-19,SNPP,East Kalimantan,Berau
1.3871316597107712,117.19628538877978,2,22.420000076293945,2026-08-19,SNPP,East Kalimantan,Berau
1.3871316597107712,117.19965882958115,2,22.420000076293945,2026-08-19,SNPP,East Kalimantan,Berau
1.383759207489797,117.239973221386,1,5.659999847412109,2026-08-19,SNPP,East Kalimantan,Berau
1.383759207489797,117.24334665738506,1,5.659999847412109,2026-08-19,SNPP,East Kalimantan,Berau
1.383759207489797,117.24672009338416,1,5.659999847412109,2026-08-19,SNPP,East Kalimantan,Berau
1.380386755268823,117.23980673023185,1,5.659999847412109,2026-08-19,SNPP,East Kalimantan,Berau
1.380386755268823,117.24318016144034,1,5.659999847412109,2026-08-19,SNPP,East Kalimantan,Berau
1.380386755268823,117.24655359264885,1,5.659999847412109,2026-08-19,SNPP,East Kalimantan,Berau
1.3770143030478488,117.23964064573215,1,5.659999847412109,2026-08-19,SNPP,East Kalimantan,Berau
1.3770143030478488,117.24301407216177,1,5.659999847412109,2026-08-19,SNPP,East Kalimantan,Berau
1.3770143030478488,117.2463874985914,1,5.659999847412109,2026-08-19,SNPP,East Kalimantan,Berau
1.3736418508268746,117.21586101624689,1,4.730000019073486,2026-08-19,SNPP,East Kalimantan,Berau
1.3736418508268746,117.21923443790931,1,4.730000019073486,2026-08-19,SNPP,East Kalimantan,Berau
1.3736418508268746,117.22260785957178,1,4.730000019073486,2026-08-19,SNPP,East Kalimantan,Berau
1.3736418508268746,117.22598128123421,1,7.880000114440918,2026-08-19,SNPP,East Kalimantan,Berau
1.3702693986059005,117.21569577833573,1,4.730000019073486,2026-08-19,SNPP,East Kalimantan,Berau
1.3702693986059005,117.2190691952427,1,4.730000019073486,2026-08-19,SNPP,East Kalimantan,Berau
1.3702693986059005,117.22244261214968,1,7.880000114440918,2026-08-19,SNPP,East Kalimantan,Berau
1.3702693986059005,117.22581602905663,1,7.880000114440918,2026-08-19,SNPP,East Kalimantan,Berau
1.3702693986059005,117.22918944596363,2,18.56999969482422,2026-08-19,SNPP,East Kalimantan,Berau
1.3702693986059005,117.23256286287058,2,18.56999969482422,2026-08-19,SNPP,East Kalimantan,Berau
1.3668969463849263,117.21553094698848,1,4.730000019073486,2026-08-19,SNPP,East Kalimantan,Berau
1.3668969463849263,117.21890435915168,1,4.730000019073486,2026-08-19,SNPP,East Kalimantan,Berau
1.3668969463849263,117.22227777131488,1,7.880000114440918,2026-08-19,SNPP,East Kalimantan,Berau
1.3668969463849263,117.22565118347805,1,7.880000114440918,2026-08-19,SNPP,East Kalimantan,Berau
1.3668969463849263,117.22902459564128,2,18.56999969482422,2026-08-19,SNPP,East Kalimantan,Berau
1.3668969463849263,117.23239800780448,2,18.56999969482422,2026-08-19,SNPP,East Kalimantan,Berau
1.3635244941639522,117.2187399296334,1,4.730000019073486,2026-08-19,SNPP,East Kalimantan,Berau
1.3635244941639522,117.22211333706454,1,7.880000114440918,2026-08-19,SNPP,East Kalimantan,Berau
1.3635244941639522,117.22548674449564,1,7.880000114440918,2026-08-19,SNPP,East Kalimantan,Berau
1.3635244941639522,117.22886015192678,2,18.56999969482422,2026-08-19,SNPP,East Kalimantan,Berau
1.3635244941639522,117.23223355935791,2,18.56999969482422,2026-08-19,SNPP,East Kalimantan,Berau
1.3601520419429778,117.21857590668505,1,4.730000019073486,2026-08-19,SNPP,East Kalimantan,Berau
1.3601520419429778,117.2219493093958,1,7.880000114440918,2026-08-19,SNPP,East Kalimantan,Berau
1.3601520419429778,117.22532271210653,1,7.880000114440918,2026-08-19,SNPP,East Kalimantan,Berau
1.3567795897220039,116.71240258999231,1,4.400000095367432,2026-08-19,SNPP,East Kalimantan,Kutai Timur
1.3567795897220039,116.71577598799438,1,4.400000095367432,2026-08-19,SNPP,East Kalimantan,Kutai Timur
1.3567795897220039,116.71914938599647,1,4.400000095367432,2026-08-19,SNPP,East Kalimantan,Kutai Timur
1.3567795897220039,116.72252278399853,1,6.119999885559082,2026-08-19,SNPP,East Kalimantan,Kutai Timur
1.3567795897220039,117.21841229030372,1,1.809999942779541,2026-08-19,SNPP,East Kalimantan,Berau
1.3567795897220039,117.22178568830581,1,1.809999942779541,2026-08-19,SNPP,East Kalimantan,Berau
1.3567795897220039,117.2251590863079,1,1.809999942779541,2026-08-19,SNPP,East Kalimantan,Berau
1.3534071375010295,116.71224008472109,1,4.400000095367432,2026-08-19,SNPP,East Kalimantan,Kutai Timur
1.3534071375010295,116.7156134780262,1,4.400000095367432,2026-08-19,SNPP,East Kalimantan,Kutai Timur
1.3534071375010295,116.71898687133132,1,4.400000095367432,2026-08-19,SNPP,East Kalimantan,Kutai Timur
1.3534071375010295,116.72236026463641,1,6.119999885559082,2026-08-19,SNPP,East Kalimantan,Kutai Timur
1.3500346852800553,116.71207798425624,1,4.400000095367432,2026-08-19,SNPP,East Kalimantan,Kutai Timur
1.3500346852800553,116.71545137287609,1,4.400000095367432,2026-08-19,SNPP,East Kalimantan,Kutai Timur
1.3500346852800553,116.71882476149594,1,4.400000095367432,2026-08-19,SNPP,East Kalimantan,Kutai Timur
1.3500346852800553,116.72219815011574,1,6.119999885559082,2026-08-19,SNPP,East Kalimantan,Kutai Timur
1.3500346852800553,117.20796611137143,1,2.1600000858306885,2026-08-19,SNPP,East Kalimantan,Berau
1.3500346852800553,117.21133949999128,1,2.1600000858306885,2026-08-19,SNPP,East Kalimantan,Berau
1.3500346852800553,117.21471288861112,1,2.1600000858306885,2026-08-19,SNPP,East Kalimantan,Berau
1.3466622330590812,117.20780372869503,1,2.1600000858306885,2026-08-19,SNPP,East Kalimantan,Berau
1.3466622330590812,117.21117711264131,1,2.1600000858306885,2026-08-19,SNPP,East Kalimantan,Berau
1.3466622330590812,117.21455049658758,1,2.1600000858306885,2026-08-19,SNPP,East Kalimantan,Berau
1.343289780838107,117.20764175253929,1,2.1600000858306885,2026-08-19,SNPP,East Kalimantan,Berau
1.343289780838107,117.21101513182367,1,2.1600000858306885,2026-08-19,SNPP,East Kalimantan,Berau
1.343289780838107,117.21438851110807,1,2.1600000858306885,2026-08-19,SNPP,East Kalimantan,Berau
1.343289780838107,117.23125540753,1,5.119999885559082,2026-08-19,SNPP,East Kalimantan,Kutai Timur
1.343289780838107,117.23462878681438,1,5.119999885559082,2026-08-19,SNPP,East Kalimantan,Kutai Timur
1.343289780838107,117.23800216609877,1,5.119999885559082,2026-08-19,SNPP,East Kalimantan,Kutai Timur
1.3399173286171329,117.21085355753559,1,2.0899999141693115,2026-08-19,SNPP,East Kalimantan,Berau
1.3399173286171329,117.21422693216982,1,3.4600000381469727,2026-08-19,SNPP,East Kalimantan,Berau
1.3399173286171329,117.21760030680403,1,3.4600000381469727,2026-08-19,SNPP,East Kalimantan,Berau
1.3399173286171329,117.22097368143825,1,3.4600000381469727,2026-08-19,SNPP,East Kalimantan,Berau
1.3399173286171329,117.2310938053409,1,5.119999885559082,2026-08-19,SNPP,East Kalimantan,Kutai Timur
1.3399173286171329,117.23446717997511,1,5.119999885559082,2026-08-19,SNPP,East Kalimantan,Kutai Timur
1.3399173286171329,117.23784055460935,1,5.119999885559082,2026-08-19,SNPP,East Kalimantan,Kutai Timur
1.3365448763961585,117.21069238977425,1,2.0899999141693115,2026-08-19,SNPP,East Kalimantan,Berau
1.3365448763961585,117.21406575977002,1,3.4600000381469727,2026-08-19,SNPP,East Kalimantan,Berau
1.3365448763961585,117.21743912976572,1,2.4800000190734863,2026-08-19,SNPP,East Kalimantan,Berau
1.3365448763961585,117.2208124997615,1,2.4800000190734863,2026-08-19,SNPP,East Kalimantan,Berau
1.3365448763961585,117.22418586975722,1,2.4800000190734863,2026-08-19,SNPP,East Kalimantan,Kutai Timur
1.3365448763961585,117.23093260974872,1,5.119999885559082,2026-08-19,SNPP,East Kalimantan,Kutai Timur
1.3365448763961585,117.23430597974446,1,5.119999885559082,2026-08-19,SNPP,East Kalimantan,Kutai Timur
1.3365448763961585,117.23767934974022,1,5.119999885559082,2026-08-19,SNPP,East Kalimantan,Kutai Timur
1.3331724241751846,117.21053162853687,1,2.0899999141693115,2026-08-19,SNPP,East Kalimantan,Berau
1.3331724241751846,117.21390499390586,1,3.4600000381469727,2026-08-19,SNPP,East Kalimantan,Berau
1.3331724241751846,117.2172783592748,1,2.4800000190734863,2026-08-19,SNPP,East Kalimantan,Kutai Timur
1.3331724241751846,117.2206517246438,1,2.4800000190734863,2026-08-19,SNPP,East Kalimantan,Kutai Timur
1.3331724241751846,117.22402509001274,1,2.4800000190734863,2026-08-19,SNPP,East Kalimantan,Kutai Timur
1.3331724241751846,117.23077182075072,1,3.119999885559082,2026-08-19,SNPP,East Kalimantan,Kutai Timur
1.3331724241751846,117.23414518611966,1,3.119999885559082,2026-08-19,SNPP,East Kalimantan,Kutai Timur
1.3331724241751846,117.23751855148866,1,3.119999885559082,2026-08-19,SNPP,East Kalimantan,Kutai Timur
1.3297999719542102,117.21711799532846,1,2.4800000190734863,2026-08-19,SNPP,East Kalimantan,Kutai Timur
1.3297999719542102,117.22049135608238,1,2.4800000190734863,2026-08-19,SNPP,East Kalimantan,Kutai Timur
1.3297999719542102,117.22386471683626,1,2.4800000190734863,2026-08-19,SNPP,East Kalimantan,Kutai Timur
1.3297999719542102,117.22723807759017,1,2.4800000190734863,2026-08-19,SNPP,East Kalimantan,Kutai Timur
1.3297999719542102,117.23061143834408,1,3.119999885559082,2026-08-19,SNPP,East Kalimantan,Kutai Timur
1.3297999719542102,117.23398479909797,1,3.119999885559082,2026-08-19,SNPP,East Kalimantan,Kutai Timur
1.3297999719542102,117.23735815985188,1,3.119999885559082,2026-08-19,SNPP,East Kalimantan,Kutai Timur
1.3264275197332362,117.2203313940744,1,4.079999923706055,2026-08-19,SNPP,East Kalimantan,Kutai Timur
1.3264275197332362,117.22370475022491,1,4.079999923706055,2026-08-19,SNPP,East Kalimantan,Kutai Timur
1.3264275197332362,117.22707810637547,1,4.079999923706055,2026-08-19,SNPP,East Kalimantan,Kutai Timur
1.3264275197332362,117.23045146252599,1,4.079999923706055,2026-08-19,SNPP,East Kalimantan,Kutai Timur
1.3264275197332362,117.23382481867652,1,3.2699999809265137,2026-08-19,SNPP,East Kalimantan,Kutai Timur
1.3264275197332362,117.23719817482704,1,3.2699999809265137,2026-08-19,SNPP,East Kalimantan,Kutai Timur
1.3230550675122619,117.22017183861716,1,4.079999923706055,2026-08-19,SNPP,East Kalimantan,Kutai Timur
1.3230550675122619,117.22354519017601,1,4.079999923706055,2026-08-19,SNPP,East Kalimantan,Kutai Timur
1.3230550675122619,117.22691854173486,1,4.079999923706055,2026-08-19,SNPP,East Kalimantan,Kutai Timur
1.3230550675122619,117.23029189329374,1,4.079999923706055,2026-08-19,SNPP,East Kalimantan,Kutai Timur
1.3230550675122619,117.23366524485259,1,3.2699999809265137,2026-08-19,SNPP,East Kalimantan,Kutai Timur
1.3230550675122619,117.23703859641144,1,3.2699999809265137,2026-08-19,SNPP,East Kalimantan,Kutai Timur
1.319682615291288,117.22001268970787,1,4.079999923706055,2026-08-19,SNPP,East Kalimantan,Kutai Timur
1.319682615291288,117.22338603668675,1,4.079999923706055,2026-08-19,SNPP,East Kalimantan,Kutai Timur
1.319682615291288,117.22675938366562,1,4.079999923706055,2026-08-19,SNPP,East Kalimantan,Kutai Timur
1.319682615291288,117.23013273064453,1,4.079999923706055,2026-08-19,SNPP,East Kalimantan,Kutai Timur
1.319682615291288,117.2335060776234,1,3.2699999809265137,2026-08-19,SNPP,East Kalimantan,Kutai Timur
1.319682615291288,117.23687942460228,1,3.2699999809265137,2026-08-19,SNPP,East Kalimantan,Kutai Timur
1.3163101630703136,117.21985394734378,1,4.079999923706055,2026-08-19,SNPP,East Kalimantan,Kutai Timur
1.3163101630703136,117.22322728975438,1,4.079999923706055,2026-08-19,SNPP,East Kalimantan,Kutai Timur
1.3163101630703136,117.22660063216499,1,4.079999923706055,2026-08-19,SNPP,East Kalimantan,Kutai Timur
1.3129377108493394,117.21632227366806,1,2.430000066757202,2026-08-19,SNPP,East Kalimantan,Kutai Timur
1.3129377108493394,117.2196956115221,1,2.430000066757202,2026-08-19,SNPP,East Kalimantan,Kutai Timur
1.3095652586283653,117.21616434893096,1,2.430000066757202,2026-08-19,SNPP,East Kalimantan,Kutai Timur
1.3095652586283653,117.21953768224013,1,2.430000066757202,2026-08-19,SNPP,East Kalimantan,Kutai Timur
1.306192806407391,117.21600683071912,1,2.430000066757202,2026-08-19,SNPP,East Kalimantan,Kutai Timur
1.306192806407391,117.2193801594951,1,2.430000066757202,2026-08-19,SNPP,East Kalimantan,Kutai Timur
1.302820354186417,117.18211647648471,1,3.440000057220459,2026-08-19,SNPP,East Kalimantan,Kutai Timur
1.302820354186417,117.18548980073923,1,3.440000057220459,2026-08-19,SNPP,East Kalimantan,Kutai Timur
1.302820354186417,117.1888631249937,1,3.440000057220459,2026-08-19,SNPP,East Kalimantan,Kutai Timur
1.2994479019654428,117.18195981641297,1,3.440000057220459,2026-08-19,SNPP,East Kalimantan,Kutai Timur
1.2994479019654428,117.1853331361577,1,3.440000057220459,2026-08-19,SNPP,East Kalimantan,Kutai Timur
1.2994479019654428,117.18870645590242,1,3.440000057220459,2026-08-19,SNPP,East Kalimantan,Kutai Timur
1.2960754497444686,117.18180356274131,1,3.440000057220459,2026-08-19,SNPP,East Kalimantan,Kutai Timur
1.2960754497444686,117.18517687798797,1,3.440000057220459,2026-08-19,SNPP,East Kalimantan,Kutai Timur
1.2960754497444686,117.1885501932346,1,3.440000057220459,2026-08-19,SNPP,East Kalimantan,Kutai Timur
1.2927029975234943,117.18164771546704,1,3.440000057220459,2026-08-19,SNPP,East Kalimantan,Kutai Timur
1.2927029975234943,117.18502102622733,1,3.440000057220459,2026-08-19,SNPP,East Kalimantan,Kutai Timur
1.2927029975234943,117.18839433698759,1,3.440000057220459,2026-08-19,SNPP,East Kalimantan,Kutai Timur
1.2825856408605718,117.06311720400501,1,4.96999979019165,2026-08-19,SNPP,East Kalimantan,Kutai Timur
1.2825856408605718,117.06649050137634,1,4.96999979019165,2026-08-19,SNPP,East Kalimantan,Kutai Timur
1.2792131886395977,117.06296313767876,1,4.96999979019165,2026-08-19,SNPP,East Kalimantan,Kutai Timur
1.2792131886395977,117.06633643061052,1,4.96999979019165,2026-08-19,SNPP,East Kalimantan,Kutai Timur
1.2758407364186235,117.0594361888232,1,6.039999961853027,2026-08-19,SNPP,East Kalimantan,Kutai Timur
1.2758407364186235,117.06280947732705,1,9.270000457763672,2026-08-19,SNPP,East Kalimantan,Kutai Timur
1.2758407364186235,117.06618276583092,1,9.270000457763672,2026-08-19,SNPP,East Kalimantan,Kutai Timur
1.2758407364186235,117.06955605433475,1,9.270000457763672,2026-08-19,SNPP,East Kalimantan,Kutai Timur
1.2724682841976493,117.0592829388595,1,6.039999961853027,2026-08-19,SNPP,East Kalimantan,Kutai Timur
1.2724682841976493,117.06265622294715,1,9.270000457763672,2026-08-19,SNPP,East Kalimantan,Kutai Timur
1.2724682841976493,117.06602950703484,1,9.270000457763672,2026-08-19,SNPP,East Kalimantan,Kutai Timur
1.2724682841976493,117.06940279112249,1,9.270000457763672,2026-08-19,SNPP,East Kalimantan,Kutai Timur
1.2690958319766752,117.05913009485326,1,6.039999961853027,2026-08-19,SNPP,East Kalimantan,Kutai Timur
1.2690958319766752,117.06250337453642,1,9.270000457763672,2026-08-19,SNPP,East Kalimantan,Kutai Timur
1.2690958319766752,117.06587665421961,1,9.270000457763672,2026-08-19,SNPP,East Kalimantan,Kutai Timur
1.2690958319766752,117.06924993390278,1,9.270000457763672,2026-08-19,SNPP,East Kalimantan,Kutai Timur
1.2690958319766752,117.1839414431311,1,6.579999923706055,2026-08-19,SNPP,East Kalimantan,Kutai Timur
1.2690958319766752,117.18731472281428,1,6.579999923706055,2026-08-19,SNPP,East Kalimantan,Kutai Timur
1.2690958319766752,117.19068800249748,1,6.579999923706055,2026-08-19,SNPP,East Kalimantan,Kutai Timur
1.265723379755701,117.18378884254649,1,6.579999923706055,2026-08-19,SNPP,East Kalimantan,Kutai Timur
1.265723379755701,117.18716211783686,1,6.579999923706055,2026-08-19,SNPP,East Kalimantan,Kutai Timur
1.265723379755701,117.19053539312729,1,6.579999923706055,2026-08-19,SNPP,East Kalimantan,Kutai Timur
1.2623509275347269,117.1836366483469,1,6.579999923706055,2026-08-19,SNPP,East Kalimantan,Kutai Timur
1.2623509275347269,117.1870099192562,1,6.579999923706055,2026-08-19,SNPP,East Kalimantan,Kutai Timur
1.2623509275347269,117.19038319016549,1,6.579999923706055,2026-08-19,SNPP,East Kalimantan,Kutai Timur
1.2589784753137525,117.18348486052967,1,6.579999923706055,2026-08-19,SNPP,East Kalimantan,Kutai Timur
1.2589784753137525,117.18685812706958,1,6.579999923706055,2026-08-19,SNPP,East Kalimantan,Kutai Timur
1.2589784753137525,117.19023139360951,1,6.579999923706055,2026-08-19,SNPP,East Kalimantan,Kutai Timur
1.2387437619879076,117.18932914864814,1,2.240000009536743,2026-08-19,SNPP,East Kalimantan,Kutai Timur
1.2387437619879076,117.19270238921733,1,2.240000009536743,2026-08-19,SNPP,East Kalimantan,Kutai Timur
1.2353713097669332,117.18918019685937,1,2.240000009536743,2026-08-19,SNPP,East Kalimantan,Kutai Timur
1.2353713097669332,117.19255343314107,1,2.240000009536743,2026-08-19,SNPP,East Kalimantan,Kutai Timur
1.2319988575459593,117.18903165145551,1,2.240000009536743,2026-08-19,SNPP,East Kalimantan,Kutai Timur
1.2319988575459593,117.1924048834614,1,2.240000009536743,2026-08-19,SNPP,East Kalimantan,Kutai Timur
1.228626405324985,117.17201737372515,1,2.880000114440918,2026-08-19,SNPP,East Kalimantan,Kutai Timur
1.228626405324985,117.17539060146692,1,2.880000114440918,2026-08-19,SNPP,East Kalimantan,Kutai Timur
1.228626405324985,117.17876382920868,1,2.880000114440918,2026-08-19,SNPP,East Kalimantan,Kutai Timur
1.225253953104011,117.17186966234553,1,2.880000114440918,2026-08-19,SNPP,East Kalimantan,Kutai Timur
1.225253953104011,117.17524288583489,1,2.880000114440918,2026-08-19,SNPP,East Kalimantan,Kutai Timur
1.225253953104011,117.17861610932422,1,2.880000114440918,2026-08-19,SNPP,East Kalimantan,Kutai Timur
1.2218815008830366,117.17172235728464,1,2.880000114440918,2026-08-19,SNPP,East Kalimantan,Kutai Timur
1.2218815008830366,117.17509557653328,1,2.880000114440918,2026-08-19,SNPP,East Kalimantan,Kutai Timur
1.2218815008830366,117.17846879578192,1,2.880000114440918,2026-08-19,SNPP,East Kalimantan,Kutai Timur
1.2185090486620627,117.17157545853996,1,2.880000114440918,2026-08-19,SNPP,East Kalimantan,Kutai Timur
1.2185090486620627,117.17494867355958,1,2.880000114440918,2026-08-19,SNPP,East Kalimantan,Kutai Timur
1.2185090486620627,117.1783218885792,1,2.880000114440918,2026-08-19,SNPP,East Kalimantan,Kutai Timur
1.2117641442201141,117.17465608658567,1,4.199999809265137,2026-08-19,SNPP,East Kalimantan,Kutai Timur
1.2117641442201141,117.17802929318232,1,4.199999809265137,2026-08-19,SNPP,East Kalimantan,Kutai Timur
1.20839169199914,117.17451040258037,1,4.199999809265137,2026-08-19,SNPP,East Kalimantan,Kutai Timur
1.20839169199914,117.1778836049831,1,4.199999809265137,2026-08-19,SNPP,East Kalimantan,Kutai Timur
1.2050192397781658,117.17436512489282,1,4.199999809265137,2026-08-19,SNPP,East Kalimantan,Kutai Timur
1.2050192397781658,117.17773832311332,1,4.199999809265137,2026-08-19,SNPP,East Kalimantan,Kutai Timur
1.2016467875571917,117.1742202535205,1,4.199999809265137,2026-08-19,SNPP,East Kalimantan,Kutai Timur
1.2016467875571917,117.17759344757047,1,4.199999809265137,2026-08-19,SNPP,East Kalimantan,Kutai Timur
1.1982743353362175,117.05601414227124,1,8.539999961853027,2026-08-19,SNPP,East Kalimantan,Kutai Timur
1.1982743353362175,117.05938733216236,1,8.539999961853027,2026-08-19,SNPP,East Kalimantan,Kutai Timur
1.1982743353362175,117.0627605220535,1,8.539999961853027,2026-08-19,SNPP,East Kalimantan,Kutai Timur
1.1949018831152434,117.05587022867184,1,8.539999961853027,2026-08-19,SNPP,East Kalimantan,Kutai Timur
1.1949018831152434,117.0592434144158,1,8.539999961853027,2026-08-19,SNPP,East Kalimantan,Kutai Timur
1.1949018831152434,117.06261660015981,1,8.539999961853027,2026-08-19,SNPP,East Kalimantan,Kutai Timur
1.1915294308942692,117.05572672097072,1,10.020000457763672,2026-08-19,SNPP,East Kalimantan,Kutai Timur
1.1915294308942692,117.05909990257925,1,10.020000457763672,2026-08-19,SNPP,East Kalimantan,Kutai Timur
1.1915294308942692,117.06247308418781,1,10.020000457763672,2026-08-19,SNPP,East Kalimantan,Kutai Timur
1.1915294308942692,117.12993671635874,1,2.2200000286102295,2026-08-19,SNPP,East Kalimantan,Kutai Timur
1.1915294308942692,117.13330989796727,1,2.2200000286102295,2026-08-19,SNPP,East Kalimantan,Kutai Timur
1.188156978673295,117.05558361916549,1,10.020000457763672,2026-08-19,SNPP,East Kalimantan,Kutai Timur
1.188156978673295,117.05895679665026,1,10.020000457763672,2026-08-19,SNPP,East Kalimantan,Kutai Timur
1.188156978673295,117.06232997413507,1,10.020000457763672,2026-08-19,SNPP,East Kalimantan,Kutai Timur
1.188156978673295,117.12979352383103,1,2.2200000286102295,2026-08-19,SNPP,East Kalimantan,Kutai Timur
1.188156978673295,117.13316670131582,1,2.2200000286102295,2026-08-19,SNPP,East Kalimantan,Kutai Timur
1.1847845264523207,116.66415281201505,1,3.4600000381469727,2026-08-19,SNPP,East Kalimantan,Kutai Timur
1.1847845264523207,116.66752598538783,1,3.4600000381469727,2026-08-19,SNPP,East Kalimantan,Kutai Timur
1.1847845264523207,116.67089915876055,1,3.4600000381469727,2026-08-19,SNPP,East Kalimantan,Kutai Timur
1.1847845264523207,117.05544092325361,1,10.020000457763672,2026-08-19,SNPP,East Kalimantan,Kutai Timur
1.1847845264523207,117.05881409662634,1,10.020000457763672,2026-08-19,SNPP,East Kalimantan,Kutai Timur
1.1847845264523207,117.06218726999909,1,10.020000457763672,2026-08-19,SNPP,East Kalimantan,Kutai Timur
1.1847845264523207,117.129650737454,1,2.2200000286102295,2026-08-19,SNPP,East Kalimantan,Kutai Timur
1.1847845264523207,117.13302391082672,1,2.2200000286102295,2026-08-19,SNPP,East Kalimantan,Kutai Timur
1.1814120742313465,116.6640109976353,1,3.4600000381469727,2026-08-19,SNPP,East Kalimantan,Kutai Timur
1.1814120742313465,116.66738416690768,1,3.4600000381469727,2026-08-19,SNPP,East Kalimantan,Kutai Timur
1.1814120742313465,116.67075733618006,1,3.4600000381469727,2026-08-19,SNPP,East Kalimantan,Kutai Timur
1.1780396220103724,116.66386958778716,1,3.4600000381469727,2026-08-19,SNPP,East Kalimantan,Kutai Timur
1.1780396220103724,116.6672427529709,1,3.4600000381469727,2026-08-19,SNPP,East Kalimantan,Kutai Timur
1.1780396220103724,116.67061591815462,1,3.4600000381469727,2026-08-19,SNPP,East Kalimantan,Kutai Timur
1.1746671697893982,116.66372858246821,1,3.4600000381469727,2026-08-19,SNPP,East Kalimantan,Kutai Timur
1.1746671697893982,116.66710174357499,1,3.4600000381469727,2026-08-19,SNPP,East Kalimantan,Kutai Timur
1.1746671697893982,116.67047490468174,1,3.4600000381469727,2026-08-19,SNPP,East Kalimantan,Kutai Timur
1.1375701953586823,117.10408255340005,1,3.9700000286102295,2026-08-19,SNPP,East Kalimantan,Kutai Timur
1.1375701953586823,117.10745567043216,1,3.9700000286102295,2026-08-19,SNPP,East Kalimantan,Kutai Timur
1.1375701953586823,117.11082878746429,1,3.9700000286102295,2026-08-19,SNPP,East Kalimantan,Kutai Timur
1.1341977431377082,117.10394588654661,1,3.9700000286102295,2026-08-19,SNPP,East Kalimantan,Kutai Timur
1.1341977431377082,117.1073189996421,1,3.9700000286102295,2026-08-19,SNPP,East Kalimantan,Kutai Timur
1.1341977431377082,117.11069211273761,1,3.9700000286102295,2026-08-19,SNPP,East Kalimantan,Kutai Timur
1.130825290916734,117.10380962572323,1,3.9700000286102295,2026-08-19,SNPP,East Kalimantan,Kutai Timur
1.130825290916734,117.10718273489383,1,3.9700000286102295,2026-08-19,SNPP,East Kalimantan,Kutai Timur
1.130825290916734,117.11055584406441,1,3.9700000286102295,2026-08-19,SNPP,East Kalimantan,Kutai Timur
1.1274528386957596,117.10367377092756,1,3.9700000286102295,2026-08-19,SNPP,East Kalimantan,Kutai Timur
1.1274528386957596,117.10704687618492,1,3.9700000286102295,2026-08-19,SNPP,East Kalimantan,Kutai Timur
1.1274528386957596,117.1104199814423,1,3.9700000286102295,2026-08-19,SNPP,East Kalimantan,Kutai Timur
1.1240803864747857,117.09004591673387,1,2.259999990463257,2026-08-19,SNPP,East Kalimantan,Kutai Timur
1.1240803864747857,117.09341901808972,1,2.259999990463257,2026-08-19,SNPP,East Kalimantan,Kutai Timur
1.1240803864747857,117.09679211944555,1,2.259999990463257,2026-08-19,SNPP,East Kalimantan,Kutai Timur
1.1207079342538113,117.08991088954588,1,2.259999990463257,2026-08-19,SNPP,East Kalimantan,Kutai Timur
1.1207079342538113,117.09328398701192,1,2.259999990463257,2026-08-19,SNPP,East Kalimantan,Kutai Timur
1.1207079342538113,117.09665708447791,1,2.259999990463257,2026-08-19,SNPP,East Kalimantan,Kutai Timur
1.1207079342538113,117.10003018194395,1,2.049999952316284,2026-08-19,SNPP,East Kalimantan,Kutai Timur
1.1173354820328374,117.08977626833178,1,2.259999990463257,2026-08-19,SNPP,East Kalimantan,Kutai Timur
1.1173354820328374,117.09314936191967,1,2.259999990463257,2026-08-19,SNPP,East Kalimantan,Kutai Timur
1.1173354820328374,117.09652245550753,1,2.259999990463257,2026-08-19,SNPP,East Kalimantan,Kutai Timur
1.1173354820328374,117.09989554909542,1,2.049999952316284,2026-08-19,SNPP,East Kalimantan,Kutai Timur
1.113963029811863,117.08964205308924,1,2.259999990463257,2026-08-19,SNPP,East Kalimantan,Kutai Timur
1.113963029811863,117.0930151428107,1,2.259999990463257,2026-08-19,SNPP,East Kalimantan,Kutai Timur
1.113963029811863,117.09638823253212,1,2.259999990463257,2026-08-19,SNPP,East Kalimantan,Kutai Timur
1.113963029811863,117.09976132225356,1,2.049999952316284,2026-08-19,SNPP,East Kalimantan,Kutai Timur
1.113963029811863,117.19420783445395,2,10.430000305175781,2026-08-19,SNPP,East Kalimantan,Kutai Timur
1.113963029811863,117.19758092417538,2,10.430000305175781,2026-08-19,SNPP,East Kalimantan,Kutai Timur
1.113963029811863,117.20095401389683,2,10.430000305175781,2026-08-19,SNPP,East Kalimantan,Kutai Timur
1.1105905775908889,117.09288132968263,1,2.049999952316284,2026-08-19,SNPP,East Kalimantan,Kutai Timur
1.1105905775908889,117.09625441554931,1,2.049999952316284,2026-08-19,SNPP,East Kalimantan,Kutai Timur
1.1105905775908889,117.09962750141602,1,2.049999952316284,2026-08-19,SNPP,East Kalimantan,Kutai Timur
1.1105905775908889,117.19407390568354,2,10.430000305175781,2026-08-19,SNPP,East Kalimantan,Kutai Timur
1.1105905775908889,117.19744699155022,2,10.430000305175781,2026-08-19,SNPP,East Kalimantan,Kutai Timur
1.1105905775908889,117.20082007741694,2,10.430000305175781,2026-08-19,SNPP,East Kalimantan,Kutai Timur
1.1072181253699147,117.19394038324259,2,10.430000305175781,2026-08-19,SNPP,East Kalimantan,Kutai Timur
1.1072181253699147,117.19731346526622,2,10.430000305175781,2026-08-19,SNPP,East Kalimantan,Kutai Timur
1.1072181253699147,117.20068654728988,2,10.430000305175781,2026-08-19,SNPP,East Kalimantan,Kutai Timur
1.1038456731489406,117.19380726712876,2,10.430000305175781,2026-08-19,SNPP,East Kalimantan,Kutai Timur
1.1038456731489406,117.19718034532104,2,10.430000305175781,2026-08-19,SNPP,East Kalimantan,Kutai Timur
1.1038456731489406,117.20055342351336,2,10.430000305175781,2026-08-19,SNPP,East Kalimantan,Kutai Timur
1.0971007687069922,117.1227077720153,1,6.679999828338623,2026-08-19,SNPP,East Kalimantan,Kutai Timur
1.0971007687069922,117.12608084258,1,6.679999828338623,2026-08-19,SNPP,East Kalimantan,Kutai Timur
1.0971007687069922,117.12945391314464,1,6.679999828338623,2026-08-19,SNPP,East Kalimantan,Kutai Timur
1.093728316486018,117.12257595459076,1,6.679999828338623,2026-08-19,SNPP,East Kalimantan,Kutai Timur
1.093728316486018,117.12594902135919,1,6.679999828338623,2026-08-19,SNPP,East Kalimantan,Kutai Timur
1.093728316486018,117.12932208812755,1,6.679999828338623,2026-08-19,SNPP,East Kalimantan,Kutai Timur
1.090355864265044,117.1224445432386,1,6.679999828338623,2026-08-19,SNPP,East Kalimantan,Kutai Timur
1.090355864265044,117.12581760622241,1,6.679999828338623,2026-08-19,SNPP,East Kalimantan,Kutai Timur
1.090355864265044,117.12919066920622,1,6.679999828338623,2026-08-19,SNPP,East Kalimantan,Kutai Timur
1.0869834120440698,117.12231353795653,1,6.679999828338623,2026-08-19,SNPP,East Kalimantan,Kutai Timur
1.0869834120440698,117.12568659716747,1,6.679999828338623,2026-08-19,SNPP,East Kalimantan,Kutai Timur
1.0869834120440698,117.12905965637839,1,6.679999828338623,2026-08-19,SNPP,East Kalimantan,Kutai Timur
1.0836109598230954,117.12218293874224,1,2.180000066757202,2026-08-19,SNPP,East Kalimantan,Kutai Timur
1.0836109598230954,117.125555994192,1,2.180000066757202,2026-08-19,SNPP,East Kalimantan,Kutai Timur
1.0802385076021213,117.12205274559354,1,2.180000066757202,2026-08-19,SNPP,East Kalimantan,Kutai Timur
1.0802385076021213,117.1254257972938,1,2.180000066757202,2026-08-19,SNPP,East Kalimantan,Kutai Timur
1.076866055381147,117.12192295850812,1,2.180000066757202,2026-08-19,SNPP,East Kalimantan,Kutai Timur
1.076866055381147,117.12529600647059,1,2.180000066757202,2026-08-19,SNPP,East Kalimantan,Kutai Timur
1.0701211509391988,117.14190284564991,1,5.519999980926514,2026-08-19,SNPP,East Kalimantan,Kutai Timur
1.0701211509391988,117.14527588617183,1,5.519999980926514,2026-08-19,SNPP,East Kalimantan,Kutai Timur
1.0701211509391988,117.14864892669381,1,5.519999980926514,2026-08-19,SNPP,East Kalimantan,Kutai Timur
1.0667486987182246,116.75050198349327,1,3.819999933242798,2026-08-19,SNPP,East Kalimantan,Kutai Timur
1.0667486987182246,116.75387502031252,1,3.819999933242798,2026-08-19,SNPP,East Kalimantan,Kutai Timur
1.0667486987182246,116.75724805713176,1,3.819999933242798,2026-08-19,SNPP,East Kalimantan,Kutai Timur
1.0667486987182246,117.12490907042843,1,1.940000057220459,2026-08-19,SNPP,East Kalimantan,Kutai Timur
1.0667486987182246,117.12828210724766,1,1.940000057220459,2026-08-19,SNPP,East Kalimantan,Kutai Timur
1.0667486987182246,117.13165514406691,1,1.940000057220459,2026-08-19,SNPP,East Kalimantan,Kutai Timur
1.0667486987182246,117.1417742545246,1,5.519999980926514,2026-08-19,SNPP,East Kalimantan,Kutai Timur
1.0667486987182246,117.14514729134383,1,5.519999980926514,2026-08-19,SNPP,East Kalimantan,Kutai Timur
1.0667486987182246,117.14852032816309,1,5.519999980926514,2026-08-19,SNPP,East Kalimantan,Kutai Timur
1.0633762464972505,116.7503742266509,1,3.819999933242798,2026-08-19,SNPP,East Kalimantan,Kutai Timur
1.0633762464972505,116.75374725977913,1,3.819999933242798,2026-08-19,SNPP,East Kalimantan,Kutai Timur
1.0633762464972505,116.75712029290736,1,3.819999933242798,2026-08-19,SNPP,East Kalimantan,Kutai Timur
1.0633762464972505,117.1247809038828,1,1.940000057220459,2026-08-19,SNPP,East Kalimantan,Kutai Timur
1.0633762464972505,117.12815393701096,1,1.940000057220459,2026-08-19,SNPP,East Kalimantan,Kutai Timur
1.0633762464972505,117.13152697013919,1,1.940000057220459,2026-08-19,SNPP,East Kalimantan,Kutai Timur
1.0633762464972505,117.14164606952386,1,5.519999980926514,2026-08-19,SNPP,East Kalimantan,Kutai Timur
1.0633762464972505,117.14501910265206,1,5.519999980926514,2026-08-19,SNPP,East Kalimantan,Kutai Timur
1.0633762464972505,117.14839213578027,1,5.519999980926514,2026-08-19,SNPP,East Kalimantan,Kutai Timur
1.0600037942762763,116.75024687457432,1,3.819999933242798,2026-08-19,SNPP,East Kalimantan,Kutai Timur
1.0600037942762763,116.75361990402321,1,3.819999933242798,2026-08-19,SNPP,East Kalimantan,Kutai Timur
1.0600037942762763,116.75699293347212,1,3.819999933242798,2026-08-19,SNPP,East Kalimantan,Kutai Timur
1.0600037942762763,117.03358134828095,1,2.630000114440918,2026-08-19,SNPP,East Kalimantan,Kutai Timur
1.0600037942762763,117.03695437772981,1,2.630000114440918,2026-08-19,SNPP,East Kalimantan,Kutai Timur
1.0600037942762763,117.12465314340092,1,1.940000057220459,2026-08-19,SNPP,East Kalimantan,Kutai Timur
1.0600037942762763,117.12802617284979,1,1.940000057220459,2026-08-19,SNPP,East Kalimantan,Kutai Timur
1.0600037942762763,117.1313992022987,1,1.940000057220459,2026-08-19,SNPP,East Kalimantan,Kutai Timur
1.056631342055302,117.03345409288677,1,2.630000114440918,2026-08-19,SNPP,East Kalimantan,Kutai Timur
1.056631342055302,117.03682711866801,1,2.630000114440918,2026-08-19,SNPP,East Kalimantan,Kutai Timur
1.053258889834328,117.03332724323627,1,2.630000114440918,2026-08-19,SNPP,East Kalimantan,Kutai Timur
1.053258889834328,117.03670026536156,1,2.630000114440918,2026-08-19,SNPP,East Kalimantan,Kutai Timur
1.0498864376133537,117.0332007993272,1,2.630000114440918,2026-08-19,SNPP,East Kalimantan,Kutai Timur
1.0498864376133537,117.03657381780828,1,2.630000114440918,2026-08-19,SNPP,East Kalimantan,Kutai Timur
1.0229068198455604,116.85006240808923,1,2.25,2026-08-19,SNPP,East Kalimantan,Kutai Timur
1.0229068198455604,116.85343539783734,1,2.25,2026-08-19,SNPP,East Kalimantan,Kutai Timur
1.0229068198455604,116.8568083875854,1,2.25,2026-08-19,SNPP,East Kalimantan,Kutai Timur
1.019534367624586,116.68466348261667,1,2.9600000381469727,2026-08-19,SNPP,East Kalimantan,Kutai Timur
1.019534367624586,116.68803646882576,1,2.9600000381469727,2026-08-19,SNPP,East Kalimantan,Kutai Timur
1.019534367624586,116.69140945503483,1,2.9600000381469727,2026-08-19,SNPP,East Kalimantan,Kutai Timur
1.019534367624586,116.84993980686171,1,2.25,2026-08-19,SNPP,East Kalimantan,Kutai Timur
1.019534367624586,116.8533127930708,1,2.25,2026-08-19,SNPP,East Kalimantan,Kutai Timur
1.019534367624586,116.85668577927987,1,2.25,2026-08-19,SNPP,East Kalimantan,Kutai Timur
1.0161619154036121,116.68454145931572,1,2.9600000381469727,2026-08-19,SNPP,East Kalimantan,Kutai Timur
1.0161619154036121,116.6879144419975,1,2.9600000381469727,2026-08-19,SNPP,East Kalimantan,Kutai Timur
1.0161619154036121,116.69128742467926,1,2.9600000381469727,2026-08-19,SNPP,East Kalimantan,Kutai Timur
1.0161619154036121,116.8498176107226,1,2.25,2026-08-19,SNPP,East Kalimantan,Kutai Timur
1.0161619154036121,116.85319059340438,1,2.25,2026-08-19,SNPP,East Kalimantan,Kutai Timur
1.0161619154036121,116.85656357608615,1,2.25,2026-08-19,SNPP,East Kalimantan,Kutai Timur
1.0127894631826377,116.68441984052812,1,2.9600000381469727,2026-08-19,SNPP,East Kalimantan,Kutai Timur
1.0127894631826377,116.6877928196943,1,2.9600000381469727,2026-08-19,SNPP,East Kalimantan,Kutai Timur
1.0127894631826377,116.69116579886042,1,2.9600000381469727,2026-08-19,SNPP,East Kalimantan,Kutai Timur
1.0094170109616636,117.08230975439537,2,10.390000343322754,2026-08-19,SNPP,East Kalimantan,Kutai Timur
1.0094170109616636,117.0856827300576,2,10.390000343322754,2026-08-19,SNPP,East Kalimantan,Kutai Timur
1.0094170109616636,117.08905570571984,2,10.390000343322754,2026-08-19,SNPP,East Kalimantan,Kutai Timur
1.0094170109616636,117.14302331631556,1,6.71999979019165,2026-08-19,SNPP,East Kalimantan,Kutai Timur
1.0094170109616636,117.14639629197781,1,6.71999979019165,2026-08-19,SNPP,East Kalimantan,Kutai Timur
1.0094170109616636,117.14976926764005,1,6.71999979019165,2026-08-19,SNPP,East Kalimantan,Kutai Timur
1.0060445587406894,117.082188532545,2,10.390000343322754,2026-08-19,SNPP,East Kalimantan,Kutai Timur
1.0060445587406894,117.08556150471499,2,10.390000343322754,2026-08-19,SNPP,East Kalimantan,Kutai Timur
1.0060445587406894,117.08893447688499,2,10.390000343322754,2026-08-19,SNPP,East Kalimantan,Kutai Timur
1.0060445587406894,117.14290203160506,1,6.320000171661377,2026-08-19,SNPP,East Kalimantan,Kutai Timur
1.0060445587406894,117.14627500377506,1,6.320000171661377,2026-08-19,SNPP,East Kalimantan,Kutai Timur
1.0060445587406894,117.14964797594509,1,6.320000171661377,2026-08-19,SNPP,East Kalimantan,Kutai Timur
1.0026721065197153,117.08206771658143,2,10.390000343322754,2026-08-19,SNPP,East Kalimantan,Kutai Timur
1.0026721065197153,117.0854406852709,2,10.390000343322754,2026-08-19,SNPP,East Kalimantan,Kutai Timur
1.0026721065197153,117.08881365396037,2,10.390000343322754,2026-08-19,SNPP,East Kalimantan,Kutai Timur
1.0026721065197153,117.0955595913393,1,3.640000104904175,2026-08-19,SNPP,East Kalimantan,Kutai Timur
1.0026721065197153,117.09893256002879,1,3.640000104904175,2026-08-19,SNPP,East Kalimantan,Kutai Timur
1.0026721065197153,117.10230552871823,1,3.640000104904175,2026-08-19,SNPP,East Kalimantan,Kutai Timur
1.0026721065197153,117.10567849740771,1,2.9100000858306885,2026-08-19,SNPP,East Kalimantan,Kutai Timur
1.0026721065197153,117.10905146609717,1,2.9100000858306885,2026-08-19,SNPP,East Kalimantan,Kutai Timur
1.0026721065197153,117.11242443478665,1,2.9100000858306885,2026-08-19,SNPP,East Kalimantan,Kutai Timur
1.0026721065197153,117.14278115299183,1,6.320000171661377,2026-08-19,SNPP,East Kalimantan,Kutai Timur
1.0026721065197153,117.1461541216813,1,6.320000171661377,2026-08-19,SNPP,East Kalimantan,Kutai Timur
1.0026721065197153,117.14952709037078,1,6.320000171661377,2026-08-19,SNPP,East Kalimantan,Kutai Timur
0.9992996542987411,117.09543916738511,1,3.1700000762939453,2026-08-19,SNPP,East Kalimantan,Kutai Timur
0.9992996542987411,117.09881213260573,1,3.1700000762939453,2026-08-19,SNPP,East Kalimantan,Kutai Timur
0.9992996542987411,117.10218509782634,1,3.1700000762939453,2026-08-19,SNPP,East Kalimantan,Kutai Timur
0.9992996542987411,117.10555806304697,1,2.9100000858306885,2026-08-19,SNPP,East Kalimantan,Kutai Timur
0.9992996542987411,117.10893102826759,1,2.9100000858306885,2026-08-19,SNPP,East Kalimantan,Kutai Timur
0.9992996542987411,117.11230399348823,1,2.9100000858306885,2026-08-19,SNPP,East Kalimantan,Kutai Timur
0.9992996542987411,117.14266068047382,1,6.320000171661377,2026-08-19,SNPP,East Kalimantan,Kutai Timur
0.9992996542987411,117.14603364569446,1,6.320000171661377,2026-08-19,SNPP,East Kalimantan,Kutai Timur
0.9992996542987411,117.14940661091508,1,6.320000171661377,2026-08-19,SNPP,East Kalimantan,Kutai Timur
0.9959272020777669,117.09531914936031,1,3.1700000762939453,2026-08-19,SNPP,East Kalimantan,Kutai Timur
0.9959272020777669,117.09869211112378,1,3.1700000762939453,2026-08-19,SNPP,East Kalimantan,Kutai Timur
0.9959272020777669,117.10206507288724,1,3.1700000762939453,2026-08-19,SNPP,East Kalimantan,Kutai Timur
0.9959272020777669,117.10543803465073,1,2.9100000858306885,2026-08-19,SNPP,East Kalimantan,Kutai Timur
0.9959272020777669,117.10881099641419,1,2.9100000858306885,2026-08-19,SNPP,East Kalimantan,Kutai Timur
0.9959272020777669,117.11218395817767,1,2.9100000858306885,2026-08-19,SNPP,East Kalimantan,Kutai Timur
0.9925547498567928,117.09519953726286,1,3.1700000762939453,2026-08-19,SNPP,East Kalimantan,Kutai Timur
0.9925547498567928,117.09857249558087,1,3.1700000762939453,2026-08-19,SNPP,East Kalimantan,Kutai Timur
0.9925547498567928,117.10194545389886,1,3.1700000762939453,2026-08-19,SNPP,East Kalimantan,Kutai Timur
0.9925547498567928,117.10531841221689,1,2.9100000858306885,2026-08-19,SNPP,East Kalimantan,Kutai Timur
0.9925547498567928,117.10869137053488,1,2.9100000858306885,2026-08-19,SNPP,East Kalimantan,Kutai Timur
0.9925547498567928,117.11206432885291,1,2.9100000858306885,2026-08-19,SNPP,East Kalimantan,Kutai Timur
0.9891822976358186,117.0984532859749,1,2.0,2026-08-19,SNPP,East Kalimantan,Kutai Timur
0.9891822976358186,117.10182624085913,1,2.0,2026-08-19,SNPP,East Kalimantan,Kutai Timur
0.9824373931938702,117.07797839625476,2,29.260000228881836,2026-08-19,SNPP,East Kalimantan,Kutai Timur
0.9824373931938702,117.08135134430657,2,29.260000228881836,2026-08-19,SNPP,East Kalimantan,Kutai Timur
0.979064940972896,117.07448748018628,1,29.260000228881836,2026-08-19,SNPP,East Kalimantan,Kutai Timur
0.979064940972896,117.07786042483939,2,29.260000228881836,2026-08-19,SNPP,East Kalimantan,Kutai Timur
0.979064940972896,117.08123336949251,2,29.260000228881836,2026-08-19,SNPP,East Kalimantan,Kutai Timur
0.9756924887519219,117.07436991801647,1,29.260000228881836,2026-08-19,SNPP,East Kalimantan,Kutai Timur
0.9756924887519219,117.0777428592826,2,29.260000228881836,2026-08-19,SNPP,East Kalimantan,Kutai Timur
0.9756924887519219,117.08111580054872,2,29.260000228881836,2026-08-19,SNPP,East Kalimantan,Kutai Timur
0.9723200365309477,117.07425276169151,1,29.260000228881836,2026-08-19,SNPP,East Kalimantan,Kutai Timur
0.9723200365309477,117.07762569958236,2,29.260000228881836,2026-08-19,SNPP,East Kalimantan,Kutai Timur
0.9723200365309477,117.08099863747317,2,29.260000228881836,2026-08-19,SNPP,East Kalimantan,Kutai Timur
0.9723200365309477,117.17544089841586,1,5.980000019073486,2026-08-19,SNPP,East Kalimantan,Kutai Timur
0.9723200365309477,117.17881383630667,1,5.980000019073486,2026-08-19,SNPP,East Kalimantan,Kutai Timur
0.9723200365309477,117.1821867741975,1,5.980000019073486,2026-08-19,SNPP,East Kalimantan,Kutai Timur
0.9723200365309477,117.20917027732395,1,4.090000152587891,2026-08-19,SNPP,East Kalimantan,Kutai Timur
0.9723200365309477,117.21254321521477,1,4.090000152587891,2026-08-19,SNPP,East Kalimantan,Kutai Timur
0.9723200365309477,117.21591615310561,1,4.090000152587891,2026-08-19,SNPP,East Kalimantan,Kutai Timur
0.9689475843099736,117.11123829100859,1,7.75,2026-08-19,SNPP,East Kalimantan,Kutai Timur
0.9689475843099736,117.11461122553581,1,7.75,2026-08-19,SNPP,East Kalimantan,Kutai Timur
0.9689475843099736,117.117984160063,1,7.75,2026-08-19,SNPP,East Kalimantan,Kutai Timur
0.9689475843099736,117.17532404702541,1,5.980000019073486,2026-08-19,SNPP,East Kalimantan,Kutai Timur
0.9689475843099736,117.1786969815526,1,5.980000019073486,2026-08-19,SNPP,East Kalimantan,Kutai Timur
0.9689475843099736,117.18206991607983,1,5.980000019073486,2026-08-19,SNPP,East Kalimantan,Kutai Timur
0.9689475843099736,117.2090533922974,1,4.090000152587891,2026-08-19,SNPP,East Kalimantan,Kutai Timur
0.9689475843099736,117.21242632682463,1,4.090000152587891,2026-08-19,SNPP,East Kalimantan,Kutai Timur
0.9689475843099736,117.21579926135185,1,4.090000152587891,2026-08-19,SNPP,East Kalimantan,Kutai Timur
0.9655751320889994,117.11112190949618,1,7.75,2026-08-19,SNPP,East Kalimantan,Kutai Timur
0.9655751320889994,117.11449484067147,1,7.75,2026-08-19,SNPP,East Kalimantan,Kutai Timur
0.9655751320889994,117.1178677718467,1,7.75,2026-08-19,SNPP,East Kalimantan,Kutai Timur
0.9655751320889994,117.17520760182653,1,5.980000019073486,2026-08-19,SNPP,East Kalimantan,Kutai Timur
0.9655751320889994,117.17858053300183,1,5.980000019073486,2026-08-19,SNPP,East Kalimantan,Kutai Timur
0.9655751320889994,117.18195346417713,1,5.980000019073486,2026-08-19,SNPP,East Kalimantan,Kutai Timur
0.9655751320889994,117.20893691357938,1,4.090000152587891,2026-08-19,SNPP,East Kalimantan,Kutai Timur
0.9655751320889994,117.21230984475467,1,4.090000152587891,2026-08-19,SNPP,East Kalimantan,Kutai Timur
0.9655751320889994,117.21568277592996,1,4.090000152587891,2026-08-19,SNPP,East Kalimantan,Kutai Timur
0.9622026798680253,117.1110059339511,1,7.75,2026-08-19,SNPP,East Kalimantan,Kutai Timur
0.9622026798680253,117.11437886178618,1,7.75,2026-08-19,SNPP,East Kalimantan,Kutai Timur
0.9622026798680253,117.1177517896212,1,7.75,2026-08-19,SNPP,East Kalimantan,Kutai Timur
0.9588302276470511,117.0535506477605,1,1.190000057220459,2026-08-19,SNPP,East Kalimantan,Kutai Timur
0.9588302276470511,117.05692357226702,1,1.190000057220459,2026-08-19,SNPP,East Kalimantan,Kutai Timur
0.9588302276470511,117.06029649677356,1,1.190000057220459,2026-08-19,SNPP,East Kalimantan,Kutai Timur
1.0026721065197153,118.97430315137247,1,7.449999809265137,2026-08-19,SNPP,East Kalimantan,Kutai Timur
1.0026721065197153,118.97767612006194,1,7.449999809265137,2026-08-19,SNPP,East Kalimantan,Kutai Timur
1.0026721065197153,118.98104908875139,1,7.449999809265137,2026-08-19,SNPP,East Kalimantan,Kutai Timur
0.9992996542987411,118.97418079527218,1,7.449999809265137,2026-08-19,SNPP,East Kalimantan,Kutai Timur
0.9992996542987411,118.97755376049281,1,7.449999809265137,2026-08-19,SNPP,East Kalimantan,Kutai Timur
0.9992996542987411,118.9809267257134,1,7.449999809265137,2026-08-19,SNPP,East Kalimantan,Kutai Timur
0.9992996542987411,118.98429969093404,1,7.449999809265137,2026-08-19,SNPP,East Kalimantan,Kutai Timur
0.9959272020777669,118.97405885161422,1,7.449999809265137,2026-08-19,SNPP,East Kalimantan,Kutai Timur
0.9959272020777669,118.9774318133777,1,7.449999809265137,2026-08-19,SNPP,East Kalimantan,Kutai Timur
0.9959272020777669,118.98080477514115,1,7.449999809265137,2026-08-19,SNPP,East Kalimantan,Kutai Timur
0.9959272020777669,118.98417773690466,1,7.449999809265137,2026-08-19,SNPP,East Kalimantan,Kutai Timur
0.9554577754260768,111.62303242513916,1,6.75,2026-08-19,SNPP,West Kalimantan,Kapuas Hulu
0.9554577754260768,111.62640534632885,1,6.75,2026-08-19,SNPP,West Kalimantan,Kapuas Hulu
0.9554577754260768,111.62977826751853,1,6.75,2026-08-19,SNPP,West Kalimantan,Kapuas Hulu
0.9352230621002318,111.77416251711688,1,10.15999984741211,2026-08-19,SNPP,West Kalimantan,Kapuas Hulu
0.9352230621002318,111.77753541865106,1,10.15999984741211,2026-08-19,SNPP,West Kalimantan,Kapuas Hulu
0.9352230621002318,111.78090832018523,1,10.15999984741211,2026-08-19,SNPP,West Kalimantan,Kapuas Hulu
0.9318506098792575,111.77405531295406,1,10.15999984741211,2026-08-19,SNPP,West Kalimantan,Kapuas Hulu
0.9318506098792575,111.77742821125324,1,10.15999984741211,2026-08-19,SNPP,West Kalimantan,Kapuas Hulu
0.9318506098792575,111.78080110955241,1,10.15999984741211,2026-08-19,SNPP,West Kalimantan,Kapuas Hulu
0.9284781576582835,111.77394849624251,1,10.15999984741211,2026-08-19,SNPP,West Kalimantan,Kapuas Hulu
0.9284781576582835,111.77732139131837,1,10.15999984741211,2026-08-19,SNPP,West Kalimantan,Kapuas Hulu
0.9284781576582835,111.78069428639425,1,10.15999984741211,2026-08-19,SNPP,West Kalimantan,Kapuas Hulu
0.9251057054373092,111.7738420669804,1,10.15999984741211,2026-08-19,SNPP,West Kalimantan,Kapuas Hulu
0.9251057054373092,111.77721495884464,1,10.15999984741211,2026-08-19,SNPP,West Kalimantan,Kapuas Hulu
0.9251057054373092,111.7805878507089,1,10.15999984741211,2026-08-19,SNPP,West Kalimantan,Kapuas Hulu
0.881263826564645,111.43520862592003,2,16.84000015258789,2026-08-19,SNPP,West Kalimantan,Sintang
0.881263826564645,111.43858147709723,2,16.84000015258789,2026-08-19,SNPP,West Kalimantan,Sintang
0.8778913743436708,111.43510792555274,2,16.84000015258789,2026-08-19,SNPP,West Kalimantan,Sintang
0.8778913743436708,111.438480773682,2,16.84000015258789,2026-08-19,SNPP,West Kalimantan,Sintang
0.8745189221226967,111.43500761143882,2,16.84000015258789,2026-08-19,SNPP,West Kalimantan,Sintang
0.8745189221226967,111.43838045653183,2,16.84000015258789,2026-08-19,SNPP,West Kalimantan,Sintang
0.7463657377256779,112.01833835009585,1,3.450000047683716,2026-08-19,SNPP,West Kalimantan,Kapuas Hulu
0.7463657377256779,112.02171108847399,1,3.450000047683716,2026-08-19,SNPP,West Kalimantan,Kapuas Hulu
0.7463657377256779,112.02508382685215,1,3.450000047683716,2026-08-19,SNPP,West Kalimantan,Kapuas Hulu
0.7429932855047038,112.01825264959471,1,3.450000047683716,2026-08-19,SNPP,West Kalimantan,Kapuas Hulu
0.7429932855047038,112.02162538539253,1,3.450000047683716,2026-08-19,SNPP,West Kalimantan,Kapuas Hulu
0.7429932855047038,112.02499812119034,1,3.450000047683716,2026-08-19,SNPP,West Kalimantan,Kapuas Hulu
0.7396208332837295,112.01816733731653,1,3.450000047683716,2026-08-19,SNPP,West Kalimantan,Kapuas Hulu
0.7396208332837295,112.02154007054568,1,3.450000047683716,2026-08-19,SNPP,West Kalimantan,Kapuas Hulu
0.7396208332837295,112.02491280377482,1,3.450000047683716,2026-08-19,SNPP,West Kalimantan,Kapuas Hulu
0.7328759288417812,111.4378886395919,1,8.520000457763672,2026-08-19,SNPP,West Kalimantan,Sintang
0.7328759288417812,111.44126136771884,1,8.520000457763672,2026-08-19,SNPP,West Kalimantan,Sintang
0.7328759288417812,111.44463409584577,2,13.579999923706055,2026-08-19,SNPP,West Kalimantan,Sintang
0.7328759288417812,111.44800682397269,2,13.579999923706055,2026-08-19,SNPP,West Kalimantan,Sintang
0.7328759288417812,111.45137955209962,2,13.579999923706055,2026-08-19,SNPP,West Kalimantan,Sintang
0.7328759288417812,111.48510683336887,1,4.070000171661377,2026-08-19,SNPP,West Kalimantan,Sintang
0.7328759288417812,111.4884795614958,1,4.070000171661377,2026-08-19,SNPP,West Kalimantan,Sintang
0.7295034766208071,111.4378049277502,1,8.520000457763672,2026-08-19,SNPP,West Kalimantan,Sintang
0.7295034766208071,111.44117765334353,1,8.520000457763672,2026-08-19,SNPP,West Kalimantan,Sintang
0.7295034766208071,111.44455037893687,2,13.579999923706055,2026-08-19,SNPP,West Kalimantan,Sintang
0.7295034766208071,111.44792310453022,2,13.579999923706055,2026-08-19,SNPP,West Kalimantan,Sintang
0.7295034766208071,111.45129583012356,2,13.579999923706055,2026-08-19,SNPP,West Kalimantan,Sintang
0.7295034766208071,111.48502308605697,1,4.070000171661377,2026-08-19,SNPP,West Kalimantan,Sintang
0.7295034766208071,111.4883958116503,1,4.070000171661377,2026-08-19,SNPP,West Kalimantan,Sintang
0.7261310243998329,111.43772160211506,1,8.520000457763672,2026-08-19,SNPP,West Kalimantan,Sintang
0.7261310243998329,111.44109432518651,1,8.520000457763672,2026-08-19,SNPP,West Kalimantan,Sintang
0.7261310243998329,111.44446704825795,2,13.579999923706055,2026-08-19,SNPP,West Kalimantan,Sintang
0.7261310243998329,111.44783977132941,2,13.579999923706055,2026-08-19,SNPP,West Kalimantan,Sintang
0.7261310243998329,111.45121249440085,2,13.579999923706055,2026-08-19,SNPP,West Kalimantan,Sintang
0.7261310243998329,111.48493972511531,1,4.070000171661377,2026-08-19,SNPP,West Kalimantan,Sintang
0.7261310243998329,111.48831244818675,1,4.070000171661377,2026-08-19,SNPP,West Kalimantan,Sintang
0.5237838911413824,111.48401766842385,1,2.0199999809265137,2026-08-19,SNPP,West Kalimantan,Sintang
0.5237838911413824,111.48739026157044,1,2.0199999809265137,2026-08-19,SNPP,West Kalimantan,Sintang
0.5237838911413824,111.49076285471703,1,2.0199999809265137,2026-08-19,SNPP,West Kalimantan,Sintang
0.5204114389204082,111.48395787178026,1,2.0199999809265137,2026-08-19,SNPP,West Kalimantan,Sintang
0.5204114389204082,111.4873304631179,1,2.0199999809265137,2026-08-19,SNPP,West Kalimantan,Sintang
0.5204114389204082,111.49070305445552,1,2.0199999809265137,2026-08-19,SNPP,West Kalimantan,Sintang
0.517038986699434,111.48389846144174,1,2.0199999809265137,2026-08-19,SNPP,West Kalimantan,Sintang
0.517038986699434,111.4872710509821,1,2.0199999809265137,2026-08-19,SNPP,West Kalimantan,Sintang
0.517038986699434,111.49064364052246,1,2.0199999809265137,2026-08-19,SNPP,West Kalimantan,Sintang
0.46982465560579556,112.02946290628147,2,20.34000015258789,2026-08-19,SNPP,West Kalimantan,Kapuas Hulu
0.46982465560579556,112.0328354718871,2,20.34000015258789,2026-08-19,SNPP,West Kalimantan,Kapuas Hulu
0.46982465560579556,112.03620803749273,2,20.34000015258789,2026-08-19,SNPP,West Kalimantan,Kapuas Hulu
0.4664522033848214,112.02940902763852,2,20.34000015258789,2026-08-19,SNPP,West Kalimantan,Kapuas Hulu
0.4664522033848214,112.03278159162217,2,20.34000015258789,2026-08-19,SNPP,West Kalimantan,Kapuas Hulu
0.4664522033848214,112.03615415560584,2,20.34000015258789,2026-08-19,SNPP,West Kalimantan,Kapuas Hulu
0.46307975116384714,112.02935553717808,2,20.34000015258789,2026-08-19,SNPP,West Kalimantan,Kapuas Hulu
0.46307975116384714,112.03272809955143,2,20.34000015258789,2026-08-19,SNPP,West Kalimantan,Kapuas Hulu
0.46307975116384714,112.0361006619248,2,20.34000015258789,2026-08-19,SNPP,West Kalimantan,Kapuas Hulu
0.4259827767331313,112.0051849438784,1,3.6600000858306885,2026-08-19,SNPP,West Kalimantan,Kapuas Hulu
0.4259827767331313,112.00855748930984,1,3.6600000858306885,2026-08-19,SNPP,West Kalimantan,Kapuas Hulu
0.42261032451215713,112.0051361218281,1,3.6600000858306885,2026-08-19,SNPP,West Kalimantan,Kapuas Hulu
0.42261032451215713,112.00850866578948,1,3.6600000858306885,2026-08-19,SNPP,West Kalimantan,Kapuas Hulu
0.4192378722911829,111.99834260286102,1,5.829999923706055,2026-08-19,SNPP,West Kalimantan,Kapuas Hulu
0.4192378722911829,112.001715145364,1,5.829999923706055,2026-08-19,SNPP,West Kalimantan,Kapuas Hulu
0.4192378722911829,112.00508768786699,1,3.6600000858306885,2026-08-19,SNPP,West Kalimantan,Kapuas Hulu
0.4192378722911829,112.00846023036999,1,3.6600000858306885,2026-08-19,SNPP,West Kalimantan,Kapuas Hulu
0.4158654200702087,111.99829455988164,1,5.829999923706055,2026-08-19,SNPP,West Kalimantan,Kapuas Hulu
0.4158654200702087,112.00166710093794,1,5.829999923706055,2026-08-19,SNPP,West Kalimantan,Kapuas Hulu
0.4158654200702087,112.00503964199423,1,3.6600000858306885,2026-08-19,SNPP,West Kalimantan,Kapuas Hulu
0.4158654200702087,112.00841218305055,1,3.6600000858306885,2026-08-19,SNPP,West Kalimantan,Kapuas Hulu
0.41249296784923456,111.9982469049664,1,5.829999923706055,2026-08-19,SNPP,West Kalimantan,Kapuas Hulu
0.41249296784923456,112.00161944458769,1,5.829999923706055,2026-08-19,SNPP,West Kalimantan,Kapuas Hulu
0.41249296784923456,112.00499198420897,1,5.829999923706055,2026-08-19,SNPP,West Kalimantan,Kapuas Hulu
0.2843397834522159,111.93601867867669,1,6.190000057220459,2026-08-19,SNPP,West Kalimantan,Kapuas Hulu
0.2843397834522159,111.93939117242657,1,6.190000057220459,2026-08-19,SNPP,West Kalimantan,Kapuas Hulu
0.2843397834522159,111.94276366617642,1,6.190000057220459,2026-08-19,SNPP,West Kalimantan,Kapuas Hulu
0.2809673312312417,111.9359861753126,1,6.190000057220459,2026-08-19,SNPP,West Kalimantan,Kapuas Hulu
0.2809673312312417,111.9393586680832,1,6.190000057220459,2026-08-19,SNPP,West Kalimantan,Kapuas Hulu
0.2809673312312417,111.94273116085375,1,6.190000057220459,2026-08-19,SNPP,West Kalimantan,Kapuas Hulu
0.2775948790102675,111.93595405977457,2,11.039999961853027,2026-08-19,SNPP,West Kalimantan,Kapuas Hulu
0.2775948790102675,111.93932655157755,2,11.039999961853027,2026-08-19,SNPP,West Kalimantan,Kapuas Hulu
0.2775948790102675,111.94269904338051,2,11.039999961853027,2026-08-19,SNPP,West Kalimantan,Kapuas Hulu
0.27422242678929337,111.935922332062,2,11.039999961853027,2026-08-19,SNPP,West Kalimantan,Kapuas Hulu
0.27422242678929337,111.93929482290908,2,11.039999961853027,2026-08-19,SNPP,West Kalimantan,Kapuas Hulu
0.27422242678929337,111.94266731375613,2,11.039999961853027,2026-08-19,SNPP,West Kalimantan,Kapuas Hulu
0.2708499745683192,111.9358909921744,2,11.039999961853027,2026-08-19,SNPP,West Kalimantan,Kapuas Hulu
0.2708499745683192,111.93926348207721,2,11.039999961853027,2026-08-19,SNPP,West Kalimantan,Kapuas Hulu
0.2708499745683192,111.94263597198004,2,11.039999961853027,2026-08-19,SNPP,West Kalimantan,Kapuas Hulu
0.2168907390327324,112.02987163649868,1,6.369999885559082,2026-08-19,SNPP,West Kalimantan,Kapuas Hulu
0.2168907390327324,112.0332441128829,1,6.369999885559082,2026-08-19,SNPP,West Kalimantan,Kapuas Hulu
0.2168907390327324,112.03661658926711,1,6.369999885559082,2026-08-19,SNPP,West Kalimantan,Kapuas Hulu
0.2168907390327324,112.03998906565133,1,6.369999885559082,2026-08-19,SNPP,West Kalimantan,Kapuas Hulu
0.2135182868117582,112.02984686868068,1,6.369999885559082,2026-08-19,SNPP,West Kalimantan,Kapuas Hulu
0.2135182868117582,112.0332193443193,1,6.369999885559082,2026-08-19,SNPP,West Kalimantan,Kapuas Hulu
0.2135182868117582,112.03659181995792,1,6.369999885559082,2026-08-19,SNPP,West Kalimantan,Kapuas Hulu
0.2135182868117582,112.03996429559655,1,6.369999885559082,2026-08-19,SNPP,West Kalimantan,Kapuas Hulu
0.210145834590784,112.02982248900602,1,6.369999885559082,2026-08-19,SNPP,West Kalimantan,Kapuas Hulu
0.210145834590784,112.03319496391072,1,6.369999885559082,2026-08-19,SNPP,West Kalimantan,Kapuas Hulu
0.210145834590784,112.03656743881542,1,6.369999885559082,2026-08-19,SNPP,West Kalimantan,Kapuas Hulu
0.210145834590784,112.03993991372015,1,6.369999885559082,2026-08-19,SNPP,West Kalimantan,Kapuas Hulu
0.20677338236980985,112.02979849747427,1,6.369999885559082,2026-08-19,SNPP,West Kalimantan,Kapuas Hulu
0.20677338236980985,112.03317097165676,1,6.369999885559082,2026-08-19,SNPP,West Kalimantan,Kapuas Hulu
0.7531106421676264,113.15849824375015,1,23.559999465942383,2026-08-19,SNPP,West Kalimantan,Kapuas Hulu
0.7531106421676264,113.16187098732404,1,23.559999465942383,2026-08-19,SNPP,West Kalimantan,Kapuas Hulu
0.7531106421676264,113.16524373089794,1,23.559999465942383,2026-08-19,SNPP,West Kalimantan,Kapuas Hulu
0.7531106421676264,113.16861647447183,1,23.559999465942383,2026-08-19,SNPP,West Kalimantan,Kapuas Hulu
0.7531106421676264,113.17198921804572,1,23.559999465942383,2026-08-19,SNPP,West Kalimantan,Kapuas Hulu
0.7497381899466522,113.15841088674206,1,23.559999465942383,2026-08-19,SNPP,West Kalimantan,Kapuas Hulu
0.7497381899466522,113.16178362771224,1,23.559999465942383,2026-08-19,SNPP,West Kalimantan,Kapuas Hulu
0.7497381899466522,113.16515636868242,1,23.559999465942383,2026-08-19,SNPP,West Kalimantan,Kapuas Hulu
0.7497381899466522,113.16852910965261,1,23.559999465942383,2026-08-19,SNPP,West Kalimantan,Kapuas Hulu
0.7497381899466522,113.17190185062277,1,23.559999465942383,2026-08-19,SNPP,West Kalimantan,Kapuas Hulu
0.7463657377256779,113.15832392191079,1,23.559999465942383,2026-08-19,SNPP,West Kalimantan,Kapuas Hulu
0.7463657377256779,113.16169666028894,1,23.559999465942383,2026-08-19,SNPP,West Kalimantan,Kapuas Hulu
0.7463657377256779,113.1650693986671,1,23.559999465942383,2026-08-19,SNPP,West Kalimantan,Kapuas Hulu
0.7463657377256779,113.16844213704525,1,23.559999465942383,2026-08-19,SNPP,West Kalimantan,Kapuas Hulu
0.7463657377256779,113.1718148754234,1,23.559999465942383,2026-08-19,SNPP,West Kalimantan,Kapuas Hulu
0.6384472666545042,113.21645601684828,2,50.90999984741211,2026-08-19,SNPP,West Kalimantan,Kapuas Hulu
0.6384472666545042,113.21982867845307,2,50.90999984741211,2026-08-19,SNPP,West Kalimantan,Kapuas Hulu
0.6384472666545042,113.22320134005784,2,50.90999984741211,2026-08-19,SNPP,West Kalimantan,Kapuas Hulu
0.6350748144335301,113.21638195333333,2,50.90999984741211,2026-08-19,SNPP,West Kalimantan,Kapuas Hulu
0.6350748144335301,113.21975461273178,2,50.90999984741211,2026-08-19,SNPP,West Kalimantan,Kapuas Hulu
0.6350748144335301,113.22312727213023,2,50.90999984741211,2026-08-19,SNPP,West Kalimantan,Kapuas Hulu
0.6317023622125559,113.2163082821581,2,50.90999984741211,2026-08-19,SNPP,West Kalimantan,Kapuas Hulu
0.6317023622125559,113.21968093936192,2,50.90999984741211,2026-08-19,SNPP,West Kalimantan,Kapuas Hulu
0.6317023622125559,113.22305359656576,2,50.90999984741211,2026-08-19,SNPP,West Kalimantan,Kapuas Hulu
0.6317023622125559,113.22642625376959,1,5.679999828338623,2026-08-19,SNPP,West Kalimantan,Kapuas Hulu
0.6317023622125559,113.22979891097343,1,5.679999828338623,2026-08-19,SNPP,West Kalimantan,Kapuas Hulu
0.6283299099915818,113.21623500332139,2,50.90999984741211,2026-08-19,SNPP,West Kalimantan,Kapuas Hulu
0.6283299099915818,113.21960765834228,2,50.90999984741211,2026-08-19,SNPP,West Kalimantan,Kapuas Hulu
0.6283299099915818,113.22298031336317,2,50.90999984741211,2026-08-19,SNPP,West Kalimantan,Kapuas Hulu
0.6283299099915818,113.22635296838405,1,5.679999828338623,2026-08-19,SNPP,West Kalimantan,Kapuas Hulu
0.6283299099915818,113.22972562340495,1,5.679999828338623,2026-08-19,SNPP,West Kalimantan,Kapuas Hulu
0.6249574577706076,113.22290742252116,1,5.679999828338623,2026-08-19,SNPP,West Kalimantan,Kapuas Hulu
0.6249574577706076,113.2262800753708,1,5.679999828338623,2026-08-19,SNPP,West Kalimantan,Kapuas Hulu
0.6249574577706076,113.22965272822044,1,5.679999828338623,2026-08-19,SNPP,West Kalimantan,Kapuas Hulu
0.9352230621002318,111.22437956704685,1,6.619999885559082,2026-08-19,SNPP,West Kalimantan,Sintang
0.9352230621002318,111.22775246858102,1,6.619999885559082,2026-08-19,SNPP,West Kalimantan,Sintang
0.9318506098792575,111.22427289018854,1,6.570000171661377,2026-08-19,SNPP,West Kalimantan,Sintang
0.9318506098792575,111.22764578848772,1,6.570000171661377,2026-08-19,SNPP,West Kalimantan,Sintang
0.9284781576582835,111.22416659887575,1,6.570000171661377,2026-08-19,SNPP,West Kalimantan,Sintang
0.9284781576582835,111.22753949395162,1,6.570000171661377,2026-08-19,SNPP,West Kalimantan,Sintang
0.9251057054373092,111.22406069310665,1,6.570000171661377,2026-08-19,SNPP,West Kalimantan,Sintang
0.9251057054373092,111.22743358497091,1,6.570000171661377,2026-08-19,SNPP,West Kalimantan,Sintang
0.8947536354485416,110.89932999570769,1,18.770000457763672,2026-08-19,SNPP,West Kalimantan,Sintang
0.8947536354485416,110.90270285919354,2,18.770000457763672,2026-08-19,SNPP,West Kalimantan,Sintang
0.8947536354485416,110.90607572267939,2,18.770000457763672,2026-08-19,SNPP,West Kalimantan,Sintang
0.8913811832275674,110.89922824236665,1,18.770000457763672,2026-08-19,SNPP,West Kalimantan,Sintang
0.8913811832275674,110.90260110275781,2,18.770000457763672,2026-08-19,SNPP,West Kalimantan,Sintang
0.8913811832275674,110.90597396314895,2,18.770000457763672,2026-08-19,SNPP,West Kalimantan,Sintang
0.8913811832275674,111.23988714187287,2,7.300000190734863,2026-08-19,SNPP,West Kalimantan,Sintang
0.8913811832275674,111.24326000226402,2,7.300000190734863,2026-08-19,SNPP,West Kalimantan,Sintang
0.8913811832275674,111.24663286265519,2,7.300000190734863,2026-08-19,SNPP,West Kalimantan,Sintang
0.8880087310065933,110.89912687342711,1,18.770000457763672,2026-08-19,SNPP,West Kalimantan,Sintang
0.8880087310065933,110.90249973073527,2,18.770000457763672,2026-08-19,SNPP,West Kalimantan,Sintang
0.8880087310065933,110.90587258804341,2,18.770000457763672,2026-08-19,SNPP,West Kalimantan,Sintang
0.8880087310065933,111.23978546154946,2,7.300000190734863,2026-08-19,SNPP,West Kalimantan,Sintang
0.8880087310065933,111.2431583188576,2,7.300000190734863,2026-08-19,SNPP,West Kalimantan,Sintang
0.8880087310065933,111.24653117616576,2,7.300000190734863,2026-08-19,SNPP,West Kalimantan,Sintang
0.8846362787856191,111.23968416680661,2,7.300000190734863,2026-08-19,SNPP,West Kalimantan,Sintang
0.8846362787856191,111.24305702104343,2,7.300000190734863,2026-08-19,SNPP,West Kalimantan,Sintang
0.8846362787856191,111.24642987528027,2,7.300000190734863,2026-08-19,SNPP,West Kalimantan,Sintang
0.8610291132387999,111.33342522553384,1,4.5,2026-08-19,SNPP,West Kalimantan,Sintang
0.8610291132387999,111.33679805859879,1,4.5,2026-08-19,SNPP,West Kalimantan,Sintang
0.8610291132387999,111.34017089166373,1,4.5,2026-08-19,SNPP,West Kalimantan,Sintang
0.8576566610178258,111.33332693199459,1,4.5,2026-08-19,SNPP,West Kalimantan,Sintang
0.8576566610178258,111.33669976208174,1,4.5,2026-08-19,SNPP,West Kalimantan,Sintang
0.8576566610178258,111.3400725921689,1,4.5,2026-08-19,SNPP,West Kalimantan,Sintang
0.8542842087968516,110.65191794589482,1,3.369999885559082,2026-08-19,SNPP,West Kalimantan,Sanggau
0.8542842087968516,110.65529077301588,1,3.369999885559082,2026-08-19,SNPP,West Kalimantan,Sanggau
0.8542842087968516,110.65866360013692,1,3.369999885559082,2026-08-19,SNPP,West Kalimantan,Sanggau
0.8542842087968516,111.33322902434766,1,4.5,2026-08-19,SNPP,West Kalimantan,Sintang
0.8542842087968516,111.33660185146871,1,4.5,2026-08-19,SNPP,West Kalimantan,Sintang
0.8542842087968516,111.33997467858975,1,4.5,2026-08-19,SNPP,West Kalimantan,Sintang
0.8509117565758774,110.65182102092938,1,3.369999885559082,2026-08-19,SNPP,West Kalimantan,Sanggau
0.8509117565758774,110.65519384509602,1,3.369999885559082,2026-08-19,SNPP,West Kalimantan,Sanggau
0.8509117565758774,110.65856666926267,1,3.369999885559082,2026-08-19,SNPP,West Kalimantan,Sanggau
0.8475393043549032,110.6517244794914,1,3.369999885559082,2026-08-19,SNPP,West Kalimantan,Sanggau
0.8475393043549032,110.65509730071533,1,3.369999885559082,2026-08-19,SNPP,West Kalimantan,Sanggau
0.8475393043549032,110.65847012193925,1,3.369999885559082,2026-08-19,SNPP,West Kalimantan,Sanggau
0.8475393043549032,111.40049079120247,2,13.970000267028809,2026-08-19,SNPP,West Kalimantan,Sintang
0.8475393043549032,111.4038636124264,2,13.970000267028809,2026-08-19,SNPP,West Kalimantan,Sintang
0.8475393043549032,111.40723643365033,2,13.970000267028809,2026-08-19,SNPP,West Kalimantan,Sintang
0.844166852133929,110.65162832157922,1,3.369999885559082,2026-08-19,SNPP,West Kalimantan,Sanggau
0.844166852133929,110.65500113987211,1,3.369999885559082,2026-08-19,SNPP,West Kalimantan,Sanggau
0.844166852133929,110.658373958165,1,3.369999885559082,2026-08-19,SNPP,West Kalimantan,Sanggau
0.844166852133929,111.39702116430888,1,18.0,2026-08-19,SNPP,West Kalimantan,Sintang
0.844166852133929,111.40039398260178,2,13.970000267028809,2026-08-19,SNPP,West Kalimantan,Sintang
0.844166852133929,111.40376680089469,2,13.970000267028809,2026-08-19,SNPP,West Kalimantan,Sintang
0.844166852133929,111.40713961918757,2,13.970000267028809,2026-08-19,SNPP,West Kalimantan,Sintang
0.8407943999129548,111.39692474474693,1,18.0,2026-08-19,SNPP,West Kalimantan,Sintang
0.8407943999129548,111.40029756012049,2,13.970000267028809,2026-08-19,SNPP,West Kalimantan,Sintang
0.8407943999129548,111.40367037549404,2,13.970000267028809,2026-08-19,SNPP,West Kalimantan,Sintang
0.8407943999129548,111.4070431908676,2,13.970000267028809,2026-08-19,SNPP,West Kalimantan,Sintang
0.8374219476919806,111.28889871238198,1,3.119999885559082,2026-08-19,SNPP,West Kalimantan,Sintang
0.8374219476919806,111.29227152484789,1,3.119999885559082,2026-08-19,SNPP,West Kalimantan,Sintang
0.8374219476919806,111.396828711291,1,18.0,2026-08-19,SNPP,West Kalimantan,Sintang
0.8374219476919806,111.4002015237569,1,18.0,2026-08-19,SNPP,West Kalimantan,Sintang
0.8374219476919806,111.40357433622282,2,18.0,2026-08-19,SNPP,West Kalimantan,Sintang
0.8374219476919806,111.40694714868873,2,18.0,2026-08-19,SNPP,West Kalimantan,Sintang
0.8340494954710065,111.28880315770107,1,3.119999885559082,2026-08-19,SNPP,West Kalimantan,Sintang
0.8340494954710065,111.29217596727102,1,3.119999885559082,2026-08-19,SNPP,West Kalimantan,Sintang
0.8340494954710065,111.29554877684097,1,5.960000038146973,2026-08-19,SNPP,West Kalimantan,Sintang
0.8340494954710065,111.40010587350939,1,13.970000267028809,2026-08-19,SNPP,West Kalimantan,Sintang
0.8340494954710065,111.40347868307933,1,13.970000267028809,2026-08-19,SNPP,West Kalimantan,Sintang
0.8340494954710065,111.40685149264928,1,13.970000267028809,2026-08-19,SNPP,West Kalimantan,Sintang
0.8306770432500323,111.28870798874881,1,3.119999885559082,2026-08-19,SNPP,West Kalimantan,Sintang
0.8306770432500323,111.29208079543447,1,3.119999885559082,2026-08-19,SNPP,West Kalimantan,Sintang
0.8306770432500323,111.29545360212016,1,5.960000038146973,2026-08-19,SNPP,West Kalimantan,Sintang
0.8273045910290582,111.2886132055235,1,3.119999885559082,2026-08-19,SNPP,West Kalimantan,Sintang
0.8273045910290582,111.2919860093366,1,3.119999885559082,2026-08-19,SNPP,West Kalimantan,Sintang
0.8273045910290582,111.2953588131497,1,5.960000038146973,2026-08-19,SNPP,West Kalimantan,Sintang
0.7935800688193163,110.56928535734828,2,15.369999885559082,2026-08-19,SNPP,West Kalimantan,Sanggau
0.7935800688193163,110.57265813307856,1,13.729999542236328,2026-08-19,SNPP,West Kalimantan,Sanggau
0.7902076165983422,110.56919540148249,2,15.369999885559082,2026-08-19,SNPP,West Kalimantan,Sanggau
0.7902076165983422,110.57256817446878,1,13.729999542236328,2026-08-19,SNPP,West Kalimantan,Sanggau
0.786835164377368,110.56910582883452,2,15.369999885559082,2026-08-19,SNPP,West Kalimantan,Sanggau
0.786835164377368,110.57247859908853,1,13.729999542236328,2026-08-19,SNPP,West Kalimantan,Sanggau
0.7834627121563938,110.56901663940285,2,15.369999885559082,2026-08-19,SNPP,West Kalimantan,Sanggau
0.7834627121563938,110.94339383560691,1,4.28000020980835,2026-08-19,SNPP,West Kalimantan,Sintang
0.7834627121563938,110.94676660314028,1,4.28000020980835,2026-08-19,SNPP,West Kalimantan,Sintang
0.7834627121563938,110.95013937067365,1,4.28000020980835,2026-08-19,SNPP,West Kalimantan,Sintang
0.7800902599354197,110.94330472869973,1,4.28000020980835,2026-08-19,SNPP,West Kalimantan,Sintang
0.7800902599354197,110.94667749352418,1,4.28000020980835,2026-08-19,SNPP,West Kalimantan,Sintang
0.7800902599354197,110.95005025834863,1,4.28000020980835,2026-08-19,SNPP,West Kalimantan,Sintang
0.7767178077144455,110.94321600630326,1,4.28000020980835,2026-08-19,SNPP,West Kalimantan,Sintang
0.7767178077144455,110.94658876843047,1,4.28000020980835,2026-08-19,SNPP,West Kalimantan,Sintang
0.7767178077144455,110.9499615305577,1,4.28000020980835,2026-08-19,SNPP,West Kalimantan,Sintang
0.7328759288417812,110.92860669242621,2,16.40999984741211,2026-08-19,SNPP,West Kalimantan,Sanggau
0.7328759288417812,110.93197942055313,2,16.40999984741211,2026-08-19,SNPP,West Kalimantan,Sanggau
0.7328759288417812,110.93535214868007,2,16.40999984741211,2026-08-19,SNPP,West Kalimantan,Sanggau
0.7295034766208071,110.92852336315572,2,16.40999984741211,2026-08-19,SNPP,West Kalimantan,Sanggau
0.7295034766208071,110.93189608874907,2,16.40999984741211,2026-08-19,SNPP,West Kalimantan,Sanggau
0.7295034766208071,110.9352688143424,2,16.40999984741211,2026-08-19,SNPP,West Kalimantan,Sanggau
0.7261310243998329,110.92844041832682,2,16.40999984741211,2026-08-19,SNPP,West Kalimantan,Sanggau
0.7261310243998329,110.93181314139828,2,16.40999984741211,2026-08-19,SNPP,West Kalimantan,Sanggau
0.7261310243998329,110.93518586446972,2,16.40999984741211,2026-08-19,SNPP,West Kalimantan,Sanggau
0.7227585721788587,110.9283578579381,2,16.40999984741211,2026-08-19,SNPP,West Kalimantan,Sanggau
0.7227585721788587,110.93173057849934,2,16.40999984741211,2026-08-19,SNPP,West Kalimantan,Sanggau
0.7227585721788587,110.93510329906059,2,16.40999984741211,2026-08-19,SNPP,West Kalimantan,Sanggau
0.7025238588530137,111.14709644222432,1,58.93000030517578,2026-08-19,SNPP,West Kalimantan,Sintang
0.7025238588530137,111.15046914796977,1,58.93000030517578,2026-08-19,SNPP,West Kalimantan,Sintang
0.6991514066320396,111.14701641503191,1,58.93000030517578,2026-08-19,SNPP,West Kalimantan,Sintang
0.6991514066320396,111.150389118349,1,58.93000030517578,2026-08-19,SNPP,West Kalimantan,Sintang
0.6957789544110654,111.14693677302814,1,58.93000030517578,2026-08-19,SNPP,West Kalimantan,Sintang
0.6957789544110654,111.15030947392852,1,58.93000030517578,2026-08-19,SNPP,West Kalimantan,Sintang
0.6215850055496335,110.94629570823788,1,5.019999980926514,2026-08-19,SNPP,West Kalimantan,Sanggau
0.6215850055496335,110.94966835892795,1,5.019999980926514,2026-08-19,SNPP,West Kalimantan,Sanggau
0.6182125533286593,110.94622505193055,1,5.019999980926514,2026-08-19,SNPP,West Kalimantan,Sanggau
0.6182125533286593,110.94959770047274,1,5.019999980926514,2026-08-19,SNPP,West Kalimantan,Sanggau
0.614840101107685,110.94615478009102,1,5.019999980926514,2026-08-19,SNPP,West Kalimantan,Sanggau
0.614840101107685,110.94952742649703,1,5.019999980926514,2026-08-19,SNPP,West Kalimantan,Sanggau
0.5777431266769691,110.97576077750243,1,3.1500000953674316,2026-08-19,SNPP,West Kalimantan,Sanggau
0.5777431266769691,110.97913340118171,1,3.1500000953674316,2026-08-19,SNPP,West Kalimantan,Sanggau
0.5777431266769691,110.98250602486098,1,3.1500000953674316,2026-08-19,SNPP,West Kalimantan,Sanggau
0.574370674455995,110.97569510122018,1,3.1500000953674316,2026-08-19,SNPP,West Kalimantan,Sanggau
0.574370674455995,110.97906772290352,1,3.1500000953674316,2026-08-19,SNPP,West Kalimantan,Sanggau
0.574370674455995,110.98244034458685,1,3.1500000953674316,2026-08-19,SNPP,West Kalimantan,Sanggau
0.5709982222350208,110.97562980949564,1,3.1500000953674316,2026-08-19,SNPP,West Kalimantan,Sanggau
0.5709982222350208,110.97900242919472,1,3.1500000953674316,2026-08-19,SNPP,West Kalimantan,Sanggau
0.5709982222350208,110.98237504889381,1,3.1500000953674316,2026-08-19,SNPP,West Kalimantan,Sanggau
0.5676257700140467,110.97556490232766,1,3.1500000953674316,2026-08-19,SNPP,West Kalimantan,Sanggau
0.5676257700140467,110.97893752005417,1,3.1500000953674316,2026-08-19,SNPP,West Kalimantan,Sanggau
0.5676257700140467,110.98231013778067,1,3.1500000953674316,2026-08-19,SNPP,West Kalimantan,Sanggau
0.5608808655720983,110.94508271730906,1,18.709999084472656,2026-08-19,SNPP,West Kalimantan,Sanggau
0.5608808655720983,110.94845533112549,2,20.959999084472656,2026-08-19,SNPP,West Kalimantan,Sanggau
0.5608808655720983,110.95182794494191,2,20.959999084472656,2026-08-19,SNPP,West Kalimantan,Sanggau
0.5608808655720983,110.95520055875834,2,20.959999084472656,2026-08-19,SNPP,West Kalimantan,Sanggau
0.5575084133511241,110.94501898124165,1,18.709999084472656,2026-08-19,SNPP,West Kalimantan,Sanggau
0.5575084133511241,110.94839159312056,2,20.959999084472656,2026-08-19,SNPP,West Kalimantan,Sanggau
0.5575084133511241,110.95176420499946,2,20.959999084472656,2026-08-19,SNPP,West Kalimantan,Sanggau
0.5575084133511241,110.95513681687838,2,20.959999084472656,2026-08-19,SNPP,West Kalimantan,Sanggau
0.55413596113015,110.94495562962113,1,18.709999084472656,2026-08-19,SNPP,West Kalimantan,Sanggau
0.55413596113015,110.94832823957422,2,20.959999084472656,2026-08-19,SNPP,West Kalimantan,Sanggau
0.55413596113015,110.95170084952733,2,20.959999084472656,2026-08-19,SNPP,West Kalimantan,Sanggau
0.55413596113015,110.95507345948042,2,20.959999084472656,2026-08-19,SNPP,West Kalimantan,Sanggau
0.5507635089091758,110.94489266244648,1,20.959999084472656,2026-08-19,SNPP,West Kalimantan,Sanggau
0.5507635089091758,110.94826527048544,1,20.959999084472656,2026-08-19,SNPP,West Kalimantan,Sanggau
0.5507635089091758,110.95163787852438,1,20.959999084472656,2026-08-19,SNPP,West Kalimantan,Sanggau
0.5440186044672275,110.63111568657577,1,5.260000228881836,2026-08-19,SNPP,West Kalimantan,Sanggau
0.5440186044672275,110.63448829082152,1,5.260000228881836,2026-08-19,SNPP,West Kalimantan,Sanggau
0.5406461522462532,110.6310540474861,1,5.260000228881836,2026-08-19,SNPP,West Kalimantan,Sanggau
0.5406461522462532,110.63442664985278,1,5.260000228881836,2026-08-19,SNPP,West Kalimantan,Sanggau
0.5372737000252791,110.6309927917511,1,5.260000228881836,2026-08-19,SNPP,West Kalimantan,Sanggau
0.5372737000252791,110.63436539225039,1,5.260000228881836,2026-08-19,SNPP,West Kalimantan,Sanggau
0.5204114389204082,111.09610986795234,1,5.489999771118164,2026-08-19,SNPP,West Kalimantan,Sekadau
0.5204114389204082,111.09948245928999,1,5.489999771118164,2026-08-19,SNPP,West Kalimantan,Sekadau
0.517038986699434,111.0960506642999,2,22.540000915527344,2026-08-19,SNPP,West Kalimantan,Sekadau
0.517038986699434,111.09942325384027,2,22.540000915527344,2026-08-19,SNPP,West Kalimantan,Sekadau
0.5136665344784598,110.93748022113284,1,3.559999942779541,2026-08-19,SNPP,West Kalimantan,Sanggau
0.5136665344784598,110.94085280888761,1,3.559999942779541,2026-08-19,SNPP,West Kalimantan,Sanggau
0.5136665344784598,110.94422539664241,1,3.559999942779541,2026-08-19,SNPP,West Kalimantan,Sanggau
0.5136665344784598,111.0959918456075,2,22.540000915527344,2026-08-19,SNPP,West Kalimantan,Sekadau
0.5136665344784598,111.0993644333623,2,22.540000915527344,2026-08-19,SNPP,West Kalimantan,Sekadau
0.5102940822574856,110.93742187077271,1,3.559999942779541,2026-08-19,SNPP,West Kalimantan,Sanggau
0.5102940822574856,110.94079445675358,1,3.559999942779541,2026-08-19,SNPP,West Kalimantan,Sanggau
0.5102940822574856,110.94416704273448,1,3.559999942779541,2026-08-19,SNPP,West Kalimantan,Sanggau
0.5102940822574856,111.09593341187419,2,22.540000915527344,2026-08-19,SNPP,West Kalimantan,Sekadau
0.5102940822574856,111.09930599785507,2,22.540000915527344,2026-08-19,SNPP,West Kalimantan,Sekadau
0.5069216300365115,110.93736390482135,1,3.559999942779541,2026-08-19,SNPP,West Kalimantan,Sanggau
0.5069216300365115,110.94073648904003,1,3.559999942779541,2026-08-19,SNPP,West Kalimantan,Sanggau
0.5069216300365115,110.9441090732587,1,3.559999942779541,2026-08-19,SNPP,West Kalimantan,Sanggau
0.5069216300365115,111.09587536309893,2,22.540000915527344,2026-08-19,SNPP,West Kalimantan,Sekadau
0.5069216300365115,111.0992479473176,2,22.540000915527344,2026-08-19,SNPP,West Kalimantan,Sekadau
0.4866869167106664,110.8830629993891,2,11.270000457763672,2026-08-19,SNPP,West Kalimantan,Sanggau
0.4866869167106664,110.8864355732799,2,11.270000457763672,2026-08-19,SNPP,West Kalimantan,Sanggau
0.48331446448969223,110.88300775115806,2,11.270000457763672,2026-08-19,SNPP,West Kalimantan,Sanggau
0.48331446448969223,110.88638032336847,2,11.270000457763672,2026-08-19,SNPP,West Kalimantan,Sanggau
0.4799420122687181,110.882952887141,2,11.270000457763672,2026-08-19,SNPP,West Kalimantan,Sanggau
0.4799420122687181,110.88632545768267,2,11.270000457763672,2026-08-19,SNPP,West Kalimantan,Sanggau
0.47319710782676977,110.85586377383058,1,5.269999980926514,2026-08-19,SNPP,West Kalimantan,Sanggau
0.47319710782676977,110.85923634106987,1,5.269999980926514,2026-08-19,SNPP,West Kalimantan,Sanggau
0.47319710782676977,110.86260890830918,1,5.269999980926514,2026-08-19,SNPP,West Kalimantan,Sanggau
0.46982465560579556,110.85581007551905,1,5.269999980926514,2026-08-19,SNPP,West Kalimantan,Sanggau
0.46982465560579556,110.8591826411247,1,5.269999980926514,2026-08-19,SNPP,West Kalimantan,Sanggau
0.46982465560579556,110.86255520673035,1,5.269999980926514,2026-08-19,SNPP,West Kalimantan,Sanggau
0.4664522033848214,110.808540865553,1,23.260000228881836,2026-08-19,SNPP,West Kalimantan,Sanggau
0.4664522033848214,110.81191342953666,1,23.260000228881836,2026-08-19,SNPP,West Kalimantan,Sanggau
0.4664522033848214,110.81528599352032,1,18.450000762939453,2026-08-19,SNPP,West Kalimantan,Sanggau
0.4664522033848214,110.85575676132424,2,11.050000190734863,2026-08-19,SNPP,West Kalimantan,Sanggau
0.4664522033848214,110.85912932530792,2,11.050000190734863,2026-08-19,SNPP,West Kalimantan,Sanggau
0.4664522033848214,110.86250188929158,2,11.050000190734863,2026-08-19,SNPP,West Kalimantan,Sanggau
0.46307975116384714,110.80848795801806,1,23.260000228881836,2026-08-19,SNPP,West Kalimantan,Sanggau
0.46307975116384714,110.81186052039143,1,23.260000228881836,2026-08-19,SNPP,West Kalimantan,Sanggau
0.46307975116384714,110.81523308276479,1,18.450000762939453,2026-08-19,SNPP,West Kalimantan,Sanggau
0.46307975116384714,110.85570383124524,2,11.050000190734863,2026-08-19,SNPP,West Kalimantan,Sanggau
0.46307975116384714,110.85907639361861,2,11.050000190734863,2026-08-19,SNPP,West Kalimantan,Sanggau
0.46307975116384714,110.86244895599198,2,11.050000190734863,2026-08-19,SNPP,West Kalimantan,Sanggau
0.459707298942873,110.65667019957,1,2.9000000953674316,2026-08-19,SNPP,West Kalimantan,Sanggau
0.459707298942873,110.66004276034477,1,2.9000000953674316,2026-08-19,SNPP,West Kalimantan,Sanggau
0.459707298942873,110.66341532111952,1,2.9000000953674316,2026-08-19,SNPP,West Kalimantan,Sanggau
0.459707298942873,110.8084354344344,1,23.260000228881836,2026-08-19,SNPP,West Kalimantan,Sanggau
0.459707298942873,110.81180799520916,1,23.260000228881836,2026-08-19,SNPP,West Kalimantan,Sanggau
0.459707298942873,110.81518055598394,1,18.450000762939453,2026-08-19,SNPP,West Kalimantan,Sanggau
0.459707298942873,110.8556512852811,2,11.050000190734863,2026-08-19,SNPP,West Kalimantan,Sanggau
0.459707298942873,110.85902384605588,2,11.050000190734863,2026-08-19,SNPP,West Kalimantan,Sanggau
0.459707298942873,110.86239640683064,2,11.050000190734863,2026-08-19,SNPP,West Kalimantan,Sanggau
0.45633484672189883,110.6566181313481,1,2.9000000953674316,2026-08-19,SNPP,West Kalimantan,Sanggau
0.45633484672189883,110.65999069053592,1,2.9000000953674316,2026-08-19,SNPP,West Kalimantan,Sanggau
0.45633484672189883,110.66336324972377,1,2.9000000953674316,2026-08-19,SNPP,West Kalimantan,Sanggau
0.4529623945009247,110.65656644654977,1,2.9000000953674316,2026-08-19,SNPP,West Kalimantan,Sanggau
0.4529623945009247,110.65993900416238,1,2.9000000953674316,2026-08-19,SNPP,West Kalimantan,Sanggau
0.4529623945009247,110.66331156177499,1,2.9000000953674316,2026-08-19,SNPP,West Kalimantan,Sanggau
0.43947258561702796,110.62601057871788,1,2.009999990463257,2026-08-19,SNPP,West Kalimantan,Sanggau
0.43947258561702796,110.62938313014641,1,2.009999990463257,2026-08-19,SNPP,West Kalimantan,Sanggau
0.43947258561702796,110.63275568157495,1,2.009999990463257,2026-08-19,SNPP,West Kalimantan,Sanggau
0.4361001333960538,110.6259608246755,1,2.009999990463257,2026-08-19,SNPP,West Kalimantan,Sanggau
0.4361001333960538,110.62933337458723,1,2.009999990463257,2026-08-19,SNPP,West Kalimantan,Sanggau
0.4361001333960538,110.63270592449898,1,2.009999990463257,2026-08-19,SNPP,West Kalimantan,Sanggau
0.4361001333960538,110.73050987193912,1,4.96999979019165,2026-08-19,SNPP,West Kalimantan,Sanggau
0.4361001333960538,110.73388242185085,1,4.96999979019165,2026-08-19,SNPP,West Kalimantan,Sanggau
0.4327276811750796,110.62591145394627,1,2.009999990463257,2026-08-19,SNPP,West Kalimantan,Sanggau
0.4327276811750796,110.62928400235288,1,2.009999990463257,2026-08-19,SNPP,West Kalimantan,Sanggau
0.4327276811750796,110.6326565507595,1,2.009999990463257,2026-08-19,SNPP,West Kalimantan,Sanggau
0.4327276811750796,110.73046045455119,1,4.96999979019165,2026-08-19,SNPP,West Kalimantan,Sanggau
0.4327276811750796,110.7338330029578,1,4.96999979019165,2026-08-19,SNPP,West Kalimantan,Sanggau
0.42935522895410544,110.62586246652934,1,2.009999990463257,2026-08-19,SNPP,West Kalimantan,Sanggau
0.42935522895410544,110.62923501344251,1,2.009999990463257,2026-08-19,SNPP,West Kalimantan,Sanggau
0.42935522895410544,110.6326075603557,1,2.009999990463257,2026-08-19,SNPP,West Kalimantan,Sanggau
0.42935522895410544,110.73041142083783,1,4.96999979019165,2026-08-19,SNPP,West Kalimantan,Sanggau
0.42935522895410544,110.73378396775101,1,4.96999979019165,2026-08-19,SNPP,West Kalimantan,Sanggau
0.4259827767331313,110.64604913501243,1,10.430000305175781,2026-08-19,SNPP,West Kalimantan,Sanggau
0.4259827767331313,110.64942168044387,1,10.430000305175781,2026-08-19,SNPP,West Kalimantan,Sanggau
0.4259827767331313,110.6527942258753,1,10.430000305175781,2026-08-19,SNPP,West Kalimantan,Sanggau
0.42261032451215713,110.64262836143581,2,9.710000038146973,2026-08-19,SNPP,West Kalimantan,Sanggau
0.42261032451215713,110.64600090539717,2,9.710000038146973,2026-08-19,SNPP,West Kalimantan,Sanggau
0.42261032451215713,110.64937344935855,2,9.710000038146973,2026-08-19,SNPP,West Kalimantan,Sanggau
0.42261032451215713,110.65274599331993,1,10.430000305175781,2026-08-19,SNPP,West Kalimantan,Sanggau
0.4192378722911829,110.64258051665882,2,9.710000038146973,2026-08-19,SNPP,West Kalimantan,Sanggau
0.4192378722911829,110.64595305916181,2,9.710000038146973,2026-08-19,SNPP,West Kalimantan,Sanggau
0.4192378722911829,110.64932560166481,2,9.710000038146973,2026-08-19,SNPP,West Kalimantan,Sanggau
0.4192378722911829,110.65269814416781,1,10.430000305175781,2026-08-19,SNPP,West Kalimantan,Sanggau
0.4158654200702087,110.64253305524923,2,9.710000038146973,2026-08-19,SNPP,West Kalimantan,Sanggau
0.4158654200702087,110.64590559630552,2,9.710000038146973,2026-08-19,SNPP,West Kalimantan,Sanggau
0.4158654200702087,110.64927813736182,2,9.710000038146973,2026-08-19,SNPP,West Kalimantan,Sanggau
0.4158654200702087,110.65265067841814,1,10.430000305175781,2026-08-19,SNPP,West Kalimantan,Sanggau
0.4057480634072862,111.06733260629522,1,5.170000076293945,2026-08-19,SNPP,West Kalimantan,Sekadau
0.4057480634072862,111.07070514308158,1,5.170000076293945,2026-08-19,SNPP,West Kalimantan,Sekadau
0.4057480634072862,111.07407767986791,1,6.619999885559082,2026-08-19,SNPP,West Kalimantan,Sekadau
0.40237561118631204,111.06728650195339,1,5.170000076293945,2026-08-19,SNPP,West Kalimantan,Sekadau
0.40237561118631204,111.07065903733978,1,5.170000076293945,2026-08-19,SNPP,West Kalimantan,Sekadau
0.40237561118631204,111.07403157272617,1,6.619999885559082,2026-08-19,SNPP,West Kalimantan,Sekadau
0.3990031589653379,111.06724078244724,1,5.170000076293945,2026-08-19,SNPP,West Kalimantan,Sekadau
0.3990031589653379,111.07061331644536,1,5.170000076293945,2026-08-19,SNPP,West Kalimantan,Sekadau
0.3990031589653379,111.07398585044348,1,6.619999885559082,2026-08-19,SNPP,West Kalimantan,Sekadau
0.3956307067443637,110.60853101124525,2,10.479999542236328,2026-08-19,SNPP,West Kalimantan,Sanggau
0.3956307067443637,110.61190354386679,2,10.479999542236328,2026-08-19,SNPP,West Kalimantan,Sanggau
0.3956307067443637,110.75354991397188,2,13.260000228881836,2026-08-19,SNPP,West Kalimantan,Sanggau
0.3956307067443637,110.75692244659344,2,13.260000228881836,2026-08-19,SNPP,West Kalimantan,Sanggau
0.3956307067443637,110.76029497921498,2,13.260000228881836,2026-08-19,SNPP,West Kalimantan,Sanggau
0.3956307067443637,111.067195447776,1,5.170000076293945,2026-08-19,SNPP,West Kalimantan,Sekadau
0.3956307067443637,111.07056798039754,1,5.170000076293945,2026-08-19,SNPP,West Kalimantan,Sekadau
0.3922582545233895,110.60511371577685,1,6.449999809265137,2026-08-19,SNPP,West Kalimantan,Sanggau
0.3922582545233895,110.6084862470335,2,10.479999542236328,2026-08-19,SNPP,West Kalimantan,Sanggau
0.3922582545233895,110.61185877829016,2,10.479999542236328,2026-08-19,SNPP,West Kalimantan,Sanggau
0.3922582545233895,110.61523130954683,1,6.449999809265137,2026-08-19,SNPP,West Kalimantan,Sanggau
0.3922582545233895,110.75350509106975,2,13.260000228881836,2026-08-19,SNPP,West Kalimantan,Sanggau
0.3922582545233895,110.75687762232641,2,13.260000228881836,2026-08-19,SNPP,West Kalimantan,Sanggau
0.3922582545233895,110.76025015358307,2,13.260000228881836,2026-08-19,SNPP,West Kalimantan,Sanggau
0.3888858023024153,110.60506933616243,1,6.449999809265137,2026-08-19,SNPP,West Kalimantan,Sanggau
0.3888858023024153,110.60844186606587,2,10.479999542236328,2026-08-19,SNPP,West Kalimantan,Sanggau
0.3888858023024153,110.61181439596932,2,10.479999542236328,2026-08-19,SNPP,West Kalimantan,Sanggau
0.3888858023024153,110.61518692587279,1,6.449999809265137,2026-08-19,SNPP,West Kalimantan,Sanggau
0.3888858023024153,110.75346065191422,2,13.260000228881836,2026-08-19,SNPP,West Kalimantan,Sanggau
0.3888858023024153,110.75683318181767,2,13.260000228881836,2026-08-19,SNPP,West Kalimantan,Sanggau
0.3888858023024153,110.76020571172111,2,13.260000228881836,2026-08-19,SNPP,West Kalimantan,Sanggau
0.38551335008144116,110.60502533977969,1,6.449999809265137,2026-08-19,SNPP,West Kalimantan,Sanggau
0.38551335008144116,110.60839786834161,1,6.449999809265137,2026-08-19,SNPP,West Kalimantan,Sanggau
0.38551335008144116,110.61177039690354,1,6.449999809265137,2026-08-19,SNPP,West Kalimantan,Sanggau
0.38551335008144116,110.61514292546548,1,6.449999809265137,2026-08-19,SNPP,West Kalimantan,Sanggau
0.38551335008144116,110.75341659650452,2,13.260000228881836,2026-08-19,SNPP,West Kalimantan,Sanggau
0.38551335008144116,110.75678912506643,2,13.260000228881836,2026-08-19,SNPP,West Kalimantan,Sanggau
0.38551335008144116,110.76016165362837,2,13.260000228881836,2026-08-19,SNPP,West Kalimantan,Sanggau
0.3720235411975445,110.81732215525,1,2.2200000286102295,2026-08-19,SNPP,West Kalimantan,Sanggau
0.3720235411975445,110.8206946785627,1,2.2200000286102295,2026-08-19,SNPP,West Kalimantan,Sanggau
0.3686510889765703,110.8172799941793,1,2.2200000286102295,2026-08-19,SNPP,West Kalimantan,Sanggau
0.3686510889765703,110.82065251620891,1,2.2200000286102295,2026-08-19,SNPP,West Kalimantan,Sanggau
0.36527863675559613,110.81723821707196,1,2.2200000286102295,2026-08-19,SNPP,West Kalimantan,Sanggau
0.36527863675559613,110.82061073783017,1,2.2200000286102295,2026-08-19,SNPP,West Kalimantan,Sanggau
0.35516128009267356,110.68221450896023,1,5.320000171661377,2026-08-19,SNPP,West Kalimantan,Sanggau
0.35516128009267356,110.68558702597431,1,5.320000171661377,2026-08-19,SNPP,West Kalimantan,Sanggau
0.35516128009267356,110.68895954298839,1,5.320000171661377,2026-08-19,SNPP,West Kalimantan,Sanggau
0.3517888278716994,110.68217431668597,1,5.320000171661377,2026-08-19,SNPP,West Kalimantan,Sanggau
0.3517888278716994,110.68554683247537,1,5.320000171661377,2026-08-19,SNPP,West Kalimantan,Sanggau
0.3517888278716994,110.68891934826478,1,5.320000171661377,2026-08-19,SNPP,West Kalimantan,Sanggau
0.3517888278716994,110.76311469563156,1,3.559999942779541,2026-08-19,SNPP,West Kalimantan,Sanggau
0.3517888278716994,110.76648721142095,1,3.559999942779541,2026-08-19,SNPP,West Kalimantan,Sanggau
0.3517888278716994,110.76985972721036,1,3.559999942779541,2026-08-19,SNPP,West Kalimantan,Sanggau
0.34841637565072525,110.68213450790412,1,5.320000171661377,2026-08-19,SNPP,West Kalimantan,Sanggau
0.34841637565072525,110.68550702248056,1,5.320000171661377,2026-08-19,SNPP,West Kalimantan,Sanggau
0.34841637565072525,110.68887953705696,1,5.320000171661377,2026-08-19,SNPP,West Kalimantan,Sanggau
0.34841637565072525,110.76307485773809,1,3.559999942779541,2026-08-19,SNPP,West Kalimantan,Sanggau
0.34841637565072525,110.76644737231452,1,3.559999942779541,2026-08-19,SNPP,West Kalimantan,Sanggau
0.34841637565072525,110.76981988689093,1,3.559999942779541,2026-08-19,SNPP,West Kalimantan,Sanggau
0.34504392342975104,110.76303540361678,1,3.559999942779541,2026-08-19,SNPP,West Kalimantan,Sanggau
0.34504392342975104,110.7664079169919,1,3.559999942779541,2026-08-19,SNPP,West Kalimantan,Sanggau
0.34504392342975104,110.76978043036702,1,3.559999942779541,2026-08-19,SNPP,West Kalimantan,Sanggau
0.3315541145458543,110.59425599050115,1,4.550000190734863,2026-08-19,SNPP,West Kalimantan,Sanggau
0.3315541145458543,110.59762849918793,1,4.550000190734863,2026-08-19,SNPP,West Kalimantan,Sanggau
0.32818166232488016,110.59421851237424,1,4.550000190734863,2026-08-19,SNPP,West Kalimantan,Sanggau
0.32818166232488016,110.59759101991816,1,4.550000190734863,2026-08-19,SNPP,West Kalimantan,Sanggau
0.324809210103906,110.59418141743124,1,4.550000190734863,2026-08-19,SNPP,West Kalimantan,Sanggau
0.324809210103906,110.59755392384398,1,4.550000190734863,2026-08-19,SNPP,West Kalimantan,Sanggau
0.31806430566195765,110.65481345243133,1,3.049999952316284,2026-08-19,SNPP,West Kalimantan,Sanggau
0.31806430566195765,110.65818595661672,1,3.049999952316284,2026-08-19,SNPP,West Kalimantan,Sanggau
0.3146918534409835,110.65477748730582,1,3.049999952316284,2026-08-19,SNPP,West Kalimantan,Sanggau
0.3146918534409835,110.65814999039507,1,3.049999952316284,2026-08-19,SNPP,West Kalimantan,Sanggau
0.3113194012200093,110.65474190557204,1,3.049999952316284,2026-08-19,SNPP,West Kalimantan,Sanggau
0.3113194012200093,110.65811440757683,1,3.049999952316284,2026-08-19,SNPP,West Kalimantan,Sanggau
0.25736016568442244,111.05217811526457,1,3.2899999618530273,2026-08-19,SNPP,West Kalimantan,Sekadau
0.25736016568442244,111.05555060150732,1,2.740000009536743,2026-08-19,SNPP,West Kalimantan,Sekadau
0.25736016568442244,111.05892308775006,1,2.740000009536743,2026-08-19,SNPP,West Kalimantan,Sekadau
0.2539877134634483,111.05214894657551,1,3.2899999618530273,2026-08-19,SNPP,West Kalimantan,Sekadau
0.2539877134634483,111.05552143193245,1,2.740000009536743,2026-08-19,SNPP,West Kalimantan,Sekadau
0.2539877134634483,111.05889391728937,1,2.740000009536743,2026-08-19,SNPP,West Kalimantan,Sekadau
0.25061526124247413,111.05212016264687,1,3.2899999618530273,2026-08-19,SNPP,West Kalimantan,Sekadau
0.25061526124247413,111.05549264712967,1,2.740000009536743,2026-08-19,SNPP,West Kalimantan,Sekadau
0.25061526124247413,111.05886513161249,1,2.740000009536743,2026-08-19,SNPP,West Kalimantan,Sekadau
0.25061526124247413,111.12294233678583,1,3.6500000953674316,2026-08-19,SNPP,West Kalimantan,Sekadau
0.25061526124247413,111.12631482126862,1,3.6500000953674316,2026-08-19,SNPP,West Kalimantan,Sekadau
0.25061526124247413,111.12968730575143,1,3.6500000953674316,2026-08-19,SNPP,West Kalimantan,Sekadau
0.24724280902149998,111.05546424709851,1,2.740000009536743,2026-08-19,SNPP,West Kalimantan,Sekadau
0.24724280902149998,111.05883673071888,1,2.740000009536743,2026-08-19,SNPP,West Kalimantan,Sekadau
0.24724280902149998,111.06558169795963,1,38.16999816894531,2026-08-19,SNPP,West Kalimantan,Sekadau
0.24724280902149998,111.06895418157998,2,39.29999923706055,2026-08-19,SNPP,West Kalimantan,Sekadau
0.24724280902149998,111.07232666520035,2,39.29999923706055,2026-08-19,SNPP,West Kalimantan,Sekadau
0.24724280902149998,111.07569914882072,2,39.29999923706055,2026-08-19,SNPP,West Kalimantan,Sekadau
0.24724280902149998,111.12291391950586,1,3.6500000953674316,2026-08-19,SNPP,West Kalimantan,Sekadau
0.24724280902149998,111.12628640312623,1,3.6500000953674316,2026-08-19,SNPP,West Kalimantan,Sekadau
0.24724280902149998,111.1296588867466,1,3.6500000953674316,2026-08-19,SNPP,West Kalimantan,Sekadau
0.24387035680052577,111.06555368014729,1,38.16999816894531,2026-08-19,SNPP,West Kalimantan,Sekadau
0.24387035680052577,111.06892616291691,2,39.29999923706055,2026-08-19,SNPP,West Kalimantan,Sekadau
0.24387035680052577,111.0722986456865,2,39.29999923706055,2026-08-19,SNPP,West Kalimantan,Sekadau
0.24387035680052577,111.07567112845612,2,39.29999923706055,2026-08-19,SNPP,West Kalimantan,Sekadau
0.24387035680052577,111.1228858872307,1,3.6500000953674316,2026-08-19,SNPP,West Kalimantan,Sekadau
0.24387035680052577,111.12625837000031,1,3.6500000953674316,2026-08-19,SNPP,West Kalimantan,Sekadau
0.24387035680052577,111.12963085276992,1,3.6500000953674316,2026-08-19,SNPP,West Kalimantan,Sekadau
0.2404979045795516,111.06552604714065,1,38.16999816894531,2026-08-19,SNPP,West Kalimantan,Sekadau
0.2404979045795516,111.06889852907118,2,39.29999923706055,2026-08-19,SNPP,West Kalimantan,Sekadau
0.2404979045795516,111.07227101100173,2,39.29999923706055,2026-08-19,SNPP,West Kalimantan,Sekadau
0.2404979045795516,111.07564349293226,2,39.29999923706055,2026-08-19,SNPP,West Kalimantan,Sekadau
0.23375300013760328,110.94069016490667,2,8.289999961853027,2026-08-19,SNPP,West Kalimantan,Sekadau
0.23375300013760328,110.94406264519412,2,8.289999961853027,2026-08-19,SNPP,West Kalimantan,Sekadau
0.23375300013760328,110.94743512548158,1,6.769999980926514,2026-08-19,SNPP,West Kalimantan,Sekadau
0.23038054791662907,110.94066371606284,2,8.289999961853027,2026-08-19,SNPP,West Kalimantan,Sekadau
0.23038054791662907,110.94403619554627,2,8.289999961853027,2026-08-19,SNPP,West Kalimantan,Sekadau
0.23038054791662907,110.9474086750297,1,6.769999980926514,2026-08-19,SNPP,West Kalimantan,Sekadau
0.2270080956956549,110.94063765159048,2,8.289999961853027,2026-08-19,SNPP,West Kalimantan,Sekadau
0.2270080956956549,110.94401013028157,2,8.289999961853027,2026-08-19,SNPP,West Kalimantan,Sekadau
0.2270080956956549,110.94738260897267,1,6.769999980926514,2026-08-19,SNPP,West Kalimantan,Sekadau
0.22363564347468073,110.94061197148913,1,6.769999980926514,2026-08-19,SNPP,West Kalimantan,Sekadau
0.22363564347468073,110.9439844493996,1,6.769999980926514,2026-08-19,SNPP,West Kalimantan,Sekadau
0.22363564347468073,110.94735692731004,1,6.769999980926514,2026-08-19,SNPP,West Kalimantan,Sekadau
0.22026319125370655,110.76521786440074,1,7.320000171661377,2026-08-19,SNPP,West Kalimantan,Sanggau
0.22026319125370655,110.76859034154224,1,7.320000171661377,2026-08-19,SNPP,West Kalimantan,Sanggau
0.22026319125370655,110.77196281868373,1,7.320000171661377,2026-08-19,SNPP,West Kalimantan,Sanggau
0.2168907390327324,110.60331412597638,1,6.070000171661377,2026-08-19,SNPP,West Kalimantan,Sanggau
0.2168907390327324,110.60668660236058,1,6.070000171661377,2026-08-19,SNPP,West Kalimantan,Sanggau
0.2168907390327324,110.6100590787448,1,6.070000171661377,2026-08-19,SNPP,West Kalimantan,Sanggau
0.2168907390327324,110.74833061049756,1,12.460000038146973,2026-08-19,SNPP,West Kalimantan,Sanggau
0.2168907390327324,110.75170308688178,1,12.460000038146973,2026-08-19,SNPP,West Kalimantan,Sanggau
0.2168907390327324,110.75507556326599,1,12.460000038146973,2026-08-19,SNPP,West Kalimantan,Sanggau
0.2168907390327324,110.76519299241862,1,7.320000171661377,2026-08-19,SNPP,West Kalimantan,Sanggau
0.2168907390327324,110.76856546880285,1,7.320000171661377,2026-08-19,SNPP,West Kalimantan,Sanggau
0.2168907390327324,110.77193794518706,1,7.320000171661377,2026-08-19,SNPP,West Kalimantan,Sanggau
0.2135182868117582,110.60328967354495,1,6.070000171661377,2026-08-19,SNPP,West Kalimantan,Sanggau
0.2135182868117582,110.60666214918356,1,6.070000171661377,2026-08-19,SNPP,West Kalimantan,Sanggau
0.2135182868117582,110.61003462482218,1,6.070000171661377,2026-08-19,SNPP,West Kalimantan,Sanggau
0.2135182868117582,110.74830612600555,1,12.460000038146973,2026-08-19,SNPP,West Kalimantan,Sanggau
0.2135182868117582,110.75167860164419,1,12.460000038146973,2026-08-19,SNPP,West Kalimantan,Sanggau
0.2135182868117582,110.75505107728279,1,7.789999961853027,2026-08-19,SNPP,West Kalimantan,Sanggau
0.2135182868117582,110.75842355292141,1,7.789999961853027,2026-08-19,SNPP,West Kalimantan,Sanggau
0.2135182868117582,110.76516850419864,1,7.320000171661377,2026-08-19,SNPP,West Kalimantan,Sanggau
0.2135182868117582,110.76854097983727,1,7.320000171661377,2026-08-19,SNPP,West Kalimantan,Sanggau
0.2135182868117582,110.77191345547588,1,7.320000171661377,2026-08-19,SNPP,West Kalimantan,Sanggau
0.210145834590784,110.60326560431433,1,6.070000171661377,2026-08-19,SNPP,West Kalimantan,Sanggau
0.210145834590784,110.60663807921905,1,6.070000171661377,2026-08-19,SNPP,West Kalimantan,Sanggau
0.210145834590784,110.61001055412375,1,6.070000171661377,2026-08-19,SNPP,West Kalimantan,Sanggau
0.210145834590784,110.7482820252168,1,12.460000038146973,2026-08-19,SNPP,West Kalimantan,Sanggau
0.210145834590784,110.7516545001215,1,12.460000038146973,2026-08-19,SNPP,West Kalimantan,Sanggau
0.210145834590784,110.75502697502623,1,7.789999961853027,2026-08-19,SNPP,West Kalimantan,Sanggau
0.210145834590784,110.75839944993092,1,7.789999961853027,2026-08-19,SNPP,West Kalimantan,Sanggau
0.20677338236980985,110.60324191828416,1,6.070000171661377,2026-08-19,SNPP,West Kalimantan,Sanggau
0.20677338236980985,110.60661439246664,1,6.070000171661377,2026-08-19,SNPP,West Kalimantan,Sanggau
0.20677338236980985,110.60998686664911,1,6.070000171661377,2026-08-19,SNPP,West Kalimantan,Sanggau
0.20677338236980985,110.7482583081309,1,12.460000038146973,2026-08-19,SNPP,West Kalimantan,Sanggau
0.20677338236980985,110.75163078231338,1,12.460000038146973,2026-08-19,SNPP,West Kalimantan,Sanggau
0.20677338236980985,110.75500325649588,1,7.789999961853027,2026-08-19,SNPP,West Kalimantan,Sanggau
0.20677338236980985,110.75837573067835,1,7.789999961853027,2026-08-19,SNPP,West Kalimantan,Sanggau
0.2000284779278615,110.77181933447766,1,5.619999885559082,2026-08-19,SNPP,West Kalimantan,Sanggau
0.2000284779278615,110.77519180725074,1,5.619999885559082,2026-08-19,SNPP,West Kalimantan,Sanggau
0.2000284779278615,110.77856428002382,1,5.619999885559082,2026-08-19,SNPP,West Kalimantan,Sanggau
0.1966560257068873,110.77179676368766,1,5.619999885559082,2026-08-19,SNPP,West Kalimantan,Sanggau
0.1966560257068873,110.77516923577357,1,5.619999885559082,2026-08-19,SNPP,West Kalimantan,Sanggau
0.1966560257068873,110.77854170785947,1,5.619999885559082,2026-08-19,SNPP,West Kalimantan,Sanggau
0.19328357348591316,110.77177457668073,1,5.619999885559082,2026-08-19,SNPP,West Kalimantan,Sanggau
0.19328357348591316,110.77514704809114,1,5.619999885559082,2026-08-19,SNPP,West Kalimantan,Sanggau
0.19328357348591316,110.77851951950157,1,5.619999885559082,2026-08-19,SNPP,West Kalimantan,Sanggau
0.19328357348591316,110.91004590450807,1,16.31999969482422,2026-08-19,SNPP,West Kalimantan,Sekadau
0.19328357348591316,110.91341837591848,2,20.899999618530273,2026-08-19,SNPP,West Kalimantan,Sekadau
0.19328357348591316,110.9167908473289,2,20.899999618530273,2026-08-19,SNPP,West Kalimantan,Sekadau
0.18991112126493898,110.85606454212191,2,7.929999828338623,2026-08-19,SNPP,West Kalimantan,Sanggau
0.18991112126493898,110.85943701286853,2,7.929999828338623,2026-08-19,SNPP,West Kalimantan,Sanggau
0.18991112126493898,110.86280948361515,2,7.929999828338623,2026-08-19,SNPP,West Kalimantan,Sanggau
0.18991112126493898,110.91002407406782,1,16.31999969482422,2026-08-19,SNPP,West Kalimantan,Sekadau
0.18991112126493898,110.91339654481443,2,20.899999618530273,2026-08-19,SNPP,West Kalimantan,Sekadau
0.18991112126493898,110.91676901556104,2,20.899999618530273,2026-08-19,SNPP,West Kalimantan,Sekadau
0.1865386690439648,110.85604310637693,2,7.929999828338623,2026-08-19,SNPP,West Kalimantan,Sanggau
0.1865386690439648,110.85941557647142,2,7.929999828338623,2026-08-19,SNPP,West Kalimantan,Sanggau
0.1865386690439648,110.86278804656591,2,7.929999828338623,2026-08-19,SNPP,West Kalimantan,Sanggau
0.1865386690439648,110.9100026278889,1,16.31999969482422,2026-08-19,SNPP,West Kalimantan,Sekadau
0.1865386690439648,110.91337509798339,2,20.899999618530273,2026-08-19,SNPP,West Kalimantan,Sekadau
0.1865386690439648,110.9167475680779,2,20.899999618530273,2026-08-19,SNPP,West Kalimantan,Sekadau
0.1831662168229906,110.85602205470595,2,7.929999828338623,2026-08-19,SNPP,West Kalimantan,Sanggau
0.1831662168229906,110.85939452416,2,7.929999828338623,2026-08-19,SNPP,West Kalimantan,Sanggau
0.1831662168229906,110.86276699361407,2,7.929999828338623,2026-08-19,SNPP,West Kalimantan,Sanggau
0.1730488601600681,110.75141470844473,1,4.059999942779541,2026-08-19,SNPP,West Kalimantan,Sanggau
0.1730488601600681,110.7547871760476,1,4.059999942779541,2026-08-19,SNPP,West Kalimantan,Sanggau
0.16967640793909392,110.75139521147088,1,4.059999942779541,2026-08-19,SNPP,West Kalimantan,Sanggau
0.16967640793909392,110.75476767848004,1,4.059999942779541,2026-08-19,SNPP,West Kalimantan,Sanggau
0.16630395571811976,110.75137609820707,1,4.059999942779541,2026-08-19,SNPP,West Kalimantan,Sanggau
0.16630395571811976,110.75474856463421,1,4.059999942779541,2026-08-19,SNPP,West Kalimantan,Sanggau
0.15618659905519722,110.73108627216536,1,0.6499999761581421,2026-08-19,SNPP,West Kalimantan,Sanggau
0.15618659905519722,110.73445873691658,1,0.6499999761581421,2026-08-19,SNPP,West Kalimantan,Sanggau
0.15618659905519722,110.7378312016678,1,0.6499999761581421,2026-08-19,SNPP,West Kalimantan,Sanggau
0.15281414683422304,110.73106869695016,1,0.6499999761581421,2026-08-19,SNPP,West Kalimantan,Sanggau
0.15281414683422304,110.7344411611661,1,0.6499999761581421,2026-08-19,SNPP,West Kalimantan,Sanggau
0.15281414683422304,110.73781362538205,1,0.6499999761581421,2026-08-19,SNPP,West Kalimantan,Sanggau
0.14944169461324888,110.73105150537332,1,0.6499999761581421,2026-08-19,SNPP,West Kalimantan,Sanggau
0.14944169461324888,110.73442396906566,1,0.6499999761581421,2026-08-19,SNPP,West Kalimantan,Sanggau
0.14944169461324888,110.737796432758,1,0.6499999761581421,2026-08-19,SNPP,West Kalimantan,Sanggau
0.11234472018253293,110.92649032290979,1,8.3100004196167,2026-08-19,SNPP,West Kalimantan,Sekadau
0.11234472018253293,110.92986278161376,2,15.329999923706055,2026-08-19,SNPP,West Kalimantan,Sekadau
0.11234472018253293,110.93323524031774,2,15.329999923706055,2026-08-19,SNPP,West Kalimantan,Sekadau
0.11234472018253293,110.93660769902172,2,15.329999923706055,2026-08-19,SNPP,West Kalimantan,Sekadau
0.10897226796155876,110.92647771273565,1,8.3100004196167,2026-08-19,SNPP,West Kalimantan,Sekadau
0.10897226796155876,110.92985017105623,2,15.329999923706055,2026-08-19,SNPP,West Kalimantan,Sekadau
0.10897226796155876,110.93322262937684,2,15.329999923706055,2026-08-19,SNPP,West Kalimantan,Sekadau
0.10897226796155876,110.93659508769744,2,15.329999923706055,2026-08-19,SNPP,West Kalimantan,Sekadau
0.10897226796155876,110.94671246265925,1,39.38999938964844,2026-08-19,SNPP,West Kalimantan,Sekadau
0.10897226796155876,110.95008492097983,1,39.38999938964844,2026-08-19,SNPP,West Kalimantan,Sekadau
0.10559981574058458,110.92646548687416,1,8.3100004196167,2026-08-19,SNPP,West Kalimantan,Sekadau
0.10559981574058458,110.92983794482306,2,15.329999923706055,2026-08-19,SNPP,West Kalimantan,Sekadau
0.10559981574058458,110.93321040277196,2,15.329999923706055,2026-08-19,SNPP,West Kalimantan,Sekadau
0.10559981574058458,110.93658286072086,2,15.329999923706055,2026-08-19,SNPP,West Kalimantan,Sekadau
0.10559981574058458,110.94670023456757,1,39.38999938964844,2026-08-19,SNPP,West Kalimantan,Sekadau
0.10559981574058458,110.95007269251647,1,39.38999938964844,2026-08-19,SNPP,West Kalimantan,Sekadau
0.10222736351961041,110.9466883908585,1,39.38999938964844,2026-08-19,SNPP,West Kalimantan,Sekadau
0.10222736351961041,110.95006084844738,1,39.38999938964844,2026-08-19,SNPP,West Kalimantan,Sekadau
0.6080951966657367,116.58170045369094,1,4.559999942779541,2026-08-19,SNPP,East Kalimantan,Kutai Timur
0.6080951966657367,116.58507309585961,1,4.559999942779541,2026-08-19,SNPP,East Kalimantan,Kutai Timur
0.6080951966657367,116.58844573802831,1,4.559999942779541,2026-08-19,SNPP,East Kalimantan,Kutai Timur
0.6047227444447626,116.58162782426272,1,4.559999942779541,2026-08-19,SNPP,East Kalimantan,Kutai Timur
0.6047227444447626,116.58500046433028,1,4.559999942779541,2026-08-19,SNPP,East Kalimantan,Kutai Timur
0.6047227444447626,116.58837310439785,1,4.559999942779541,2026-08-19,SNPP,East Kalimantan,Kutai Timur
0.6013502922237884,116.58155559882697,1,4.559999942779541,2026-08-19,SNPP,East Kalimantan,Kutai Timur
0.6013502922237884,116.58492823680508,1,4.559999942779541,2026-08-19,SNPP,East Kalimantan,Kutai Timur
0.6013502922237884,116.58830087478322,1,4.559999942779541,2026-08-19,SNPP,East Kalimantan,Kutai Timur
0.5979778400028143,116.58148377738239,1,4.559999942779541,2026-08-19,SNPP,East Kalimantan,Kutai Timur
0.5979778400028143,116.58485641328272,1,4.559999942779541,2026-08-19,SNPP,East Kalimantan,Kutai Timur
0.5979778400028143,116.5882290491831,1,4.559999942779541,2026-08-19,SNPP,East Kalimantan,Kutai Timur
0.2775948790102675,116.32356589543906,1,6.429999828338623,2026-08-19,SNPP,East Kalimantan,Kutai Kartanegara
0.2775948790102675,116.32693838724204,1,6.429999828338623,2026-08-19,SNPP,East Kalimantan,Kutai Kartanegara
0.2775948790102675,116.330310879045,1,9.229999542236328,2026-08-19,SNPP,East Kalimantan,Kutai Kartanegara
0.2775948790102675,116.33368337084796,1,9.229999542236328,2026-08-19,SNPP,East Kalimantan,Kutai Kartanegara
0.27422242678929337,116.32353292407885,1,6.429999828338623,2026-08-19,SNPP,East Kalimantan,Kutai Kartanegara
0.27422242678929337,116.32690541492592,1,6.429999828338623,2026-08-19,SNPP,East Kalimantan,Kutai Kartanegara
0.27422242678929337,116.33027790577296,1,9.229999542236328,2026-08-19,SNPP,East Kalimantan,Kutai Kartanegara
0.27422242678929337,116.33365039662003,1,9.229999542236328,2026-08-19,SNPP,East Kalimantan,Kutai Kartanegara
0.2708499745683192,116.32350035574534,1,6.429999828338623,2026-08-19,SNPP,East Kalimantan,Kutai Kartanegara
0.2708499745683192,116.32687284564818,1,6.429999828338623,2026-08-19,SNPP,East Kalimantan,Kutai Kartanegara
0.2708499745683192,116.33024533555098,1,9.229999542236328,2026-08-19,SNPP,East Kalimantan,Kutai Kartanegara
0.2708499745683192,116.3336178254538,1,9.229999542236328,2026-08-19,SNPP,East Kalimantan,Kutai Kartanegara
0.2708499745683192,116.33699031535663,1,6.639999866485596,2026-08-19,SNPP,East Kalimantan,Kutai Kartanegara
0.267477522347345,116.32346819043796,1,6.429999828338623,2026-08-19,SNPP,East Kalimantan,Kutai Kartanegara
0.267477522347345,116.32684067940825,1,6.429999828338623,2026-08-19,SNPP,East Kalimantan,Kutai Kartanegara
0.267477522347345,116.3302131683785,1,9.229999542236328,2026-08-19,SNPP,East Kalimantan,Kutai Kartanegara
0.267477522347345,116.33358565734879,1,9.229999542236328,2026-08-19,SNPP,East Kalimantan,Kutai Kartanegara
0.267477522347345,116.33695814631905,1,6.639999866485596,2026-08-19,SNPP,East Kalimantan,Kutai Kartanegara
0.26410507012637086,116.330181404255,1,6.639999866485596,2026-08-19,SNPP,East Kalimantan,Kutai Kartanegara
0.26410507012637086,116.33355389230444,1,6.639999866485596,2026-08-19,SNPP,East Kalimantan,Kutai Kartanegara
0.26410507012637086,116.33692638035383,1,6.639999866485596,2026-08-19,SNPP,East Kalimantan,Kutai Kartanegara
0.5204114389204082,112.74867962339306,1,4.070000171661377,2026-08-19,SNPP,West Kalimantan,Kapuas Hulu
0.5204114389204082,112.7520522147307,1,3.619999885559082,2026-08-19,SNPP,West Kalimantan,Kapuas Hulu
0.5204114389204082,112.75542480606832,1,3.619999885559082,2026-08-19,SNPP,West Kalimantan,Kapuas Hulu
0.5204114389204082,112.75879739740596,1,3.619999885559082,2026-08-19,SNPP,West Kalimantan,Kapuas Hulu
0.517038986699434,112.7486195390782,1,4.070000171661377,2026-08-19,SNPP,West Kalimantan,Kapuas Hulu
0.517038986699434,112.75199212861858,1,3.619999885559082,2026-08-19,SNPP,West Kalimantan,Kapuas Hulu
0.517038986699434,112.75536471815893,1,3.619999885559082,2026-08-19,SNPP,West Kalimantan,Kapuas Hulu
0.517038986699434,112.75873730769929,1,3.619999885559082,2026-08-19,SNPP,West Kalimantan,Kapuas Hulu
0.5136665344784598,112.74855984544978,1,4.070000171661377,2026-08-19,SNPP,West Kalimantan,Kapuas Hulu
0.5136665344784598,112.75193243320456,1,3.619999885559082,2026-08-19,SNPP,West Kalimantan,Kapuas Hulu
0.5136665344784598,112.75530502095933,1,3.619999885559082,2026-08-19,SNPP,West Kalimantan,Kapuas Hulu
0.5136665344784598,112.75867760871411,1,3.619999885559082,2026-08-19,SNPP,West Kalimantan,Kapuas Hulu
0.48331446448969223,112.86945278308885,1,11.380000114440918,2026-08-19,SNPP,West Kalimantan,Kapuas Hulu
0.48331446448969223,112.87282535529926,2,11.380000114440918,2026-08-19,SNPP,West Kalimantan,Kapuas Hulu
0.48331446448969223,112.87619792750965,2,11.380000114440918,2026-08-19,SNPP,West Kalimantan,Kapuas Hulu
0.48331446448969223,112.87957049972007,2,11.380000114440918,2026-08-19,SNPP,West Kalimantan,Kapuas Hulu
0.4799420122687181,112.86939693619482,1,11.380000114440918,2026-08-19,SNPP,West Kalimantan,Kapuas Hulu
0.4799420122687181,112.8727695067365,2,11.380000114440918,2026-08-19,SNPP,West Kalimantan,Kapuas Hulu
0.4799420122687181,112.87614207727819,2,11.380000114440918,2026-08-19,SNPP,West Kalimantan,Kapuas Hulu
0.4799420122687181,112.87951464781987,2,11.380000114440918,2026-08-19,SNPP,West Kalimantan,Kapuas Hulu
0.4765695600477439,112.86934148039693,1,11.380000114440918,2026-08-19,SNPP,West Kalimantan,Kapuas Hulu
0.4765695600477439,112.87271404928157,2,11.380000114440918,2026-08-19,SNPP,West Kalimantan,Kapuas Hulu
0.4765695600477439,112.87608661816621,2,11.380000114440918,2026-08-19,SNPP,West Kalimantan,Kapuas Hulu
0.4765695600477439,112.87945918705087,2,11.380000114440918,2026-08-19,SNPP,West Kalimantan,Kapuas Hulu
0.24387035680052577,112.2965098910557,1,4.139999866485596,2026-08-19,SNPP,West Kalimantan,Kapuas Hulu
0.24387035680052577,112.29988237382531,1,4.139999866485596,2026-08-19,SNPP,West Kalimantan,Kapuas Hulu
0.24387035680052577,112.30325485659493,1,4.139999866485596,2026-08-19,SNPP,West Kalimantan,Kapuas Hulu
0.2404979045795516,112.2964819517883,1,2.8299999237060547,2026-08-19,SNPP,West Kalimantan,Kapuas Hulu
0.2404979045795516,112.29985443371882,1,2.8299999237060547,2026-08-19,SNPP,West Kalimantan,Kapuas Hulu
0.2404979045795516,112.30322691564938,1,2.8299999237060547,2026-08-19,SNPP,West Kalimantan,Kapuas Hulu
0.23712545235857743,112.29645440159094,1,2.8299999237060547,2026-08-19,SNPP,West Kalimantan,Kapuas Hulu
0.23712545235857743,112.29982688269409,1,2.8299999237060547,2026-08-19,SNPP,West Kalimantan,Kapuas Hulu
0.23712545235857743,112.30319936379725,1,2.8299999237060547,2026-08-19,SNPP,West Kalimantan,Kapuas Hulu
0.23375300013760328,112.29642724046315,1,2.8299999237060547,2026-08-19,SNPP,West Kalimantan,Kapuas Hulu
0.23375300013760328,112.29979972075058,1,2.8299999237060547,2026-08-19,SNPP,West Kalimantan,Kapuas Hulu
0.23375300013760328,112.30317220103805,1,2.8299999237060547,2026-08-19,SNPP,West Kalimantan,Kapuas Hulu
0.8913811832275674,118.15087808334067,1,3.569999933242798,2026-08-19,SNPP,East Kalimantan,Kutai Timur
0.8913811832275674,118.15425094373181,1,3.569999933242798,2026-08-19,SNPP,East Kalimantan,Kutai Timur
0.8880087310065933,118.15077008593252,1,3.569999933242798,2026-08-19,SNPP,East Kalimantan,Kutai Timur
0.8880087310065933,118.15414294324066,1,3.569999933242798,2026-08-19,SNPP,East Kalimantan,Kutai Timur
0.4529623945009247,117.46913282402451,1,4.690000057220459,2026-08-19,SNPP,East Kalimantan,Kutai Timur
0.4495899422799505,117.46907836428213,1,4.690000057220459,2026-08-19,SNPP,East Kalimantan,Kutai Timur
0.4462174900589763,117.46902431156686,1,4.690000057220459,2026-08-19,SNPP,East Kalimantan,Kutai Timur
0.9554577754260768,117.0534355405305,1,1.190000057220459,2026-08-19,SNPP,East Kalimantan,Kutai Timur
0.9554577754260768,117.05680846172018,1,1.190000057220459,2026-08-19,SNPP,East Kalimantan,Kutai Timur
0.9554577754260768,117.06018138290987,1,1.190000057220459,2026-08-19,SNPP,East Kalimantan,Kutai Timur
0.9520853232051026,117.05332083906312,1,1.190000057220459,2026-08-19,SNPP,East Kalimantan,Kutai Timur
0.9520853232051026,117.05669375694764,1,1.190000057220459,2026-08-19,SNPP,East Kalimantan,Kutai Timur
0.9520853232051026,117.06006667483219,1,1.190000057220459,2026-08-19,SNPP,East Kalimantan,Kutai Timur
0.9520853232051026,117.17474588290638,1,3.5299999713897705,2026-08-19,SNPP,East Kalimantan,Kutai Timur
0.9520853232051026,117.17811880079093,1,3.5299999713897705,2026-08-19,SNPP,East Kalimantan,Kutai Timur
0.9520853232051026,117.18149171867547,1,3.5299999713897705,2026-08-19,SNPP,East Kalimantan,Kutai Timur
0.9520853232051026,117.18486463656,1,3.5299999713897705,2026-08-19,SNPP,East Kalimantan,Kutai Timur
0.9487128709841284,117.17463146863517,1,3.5299999713897705,2026-08-19,SNPP,East Kalimantan,Kutai Timur
0.9487128709841284,117.17800438322627,1,3.5299999713897705,2026-08-19,SNPP,East Kalimantan,Kutai Timur
0.9487128709841284,117.18137729781736,1,3.5299999713897705,2026-08-19,SNPP,East Kalimantan,Kutai Timur
0.9487128709841284,117.18475021240843,1,3.5299999713897705,2026-08-19,SNPP,East Kalimantan,Kutai Timur
0.9453404187631543,117.17451746054354,1,3.5299999713897705,2026-08-19,SNPP,East Kalimantan,Kutai Timur
0.9453404187631543,117.17789037185287,1,3.5299999713897705,2026-08-19,SNPP,East Kalimantan,Kutai Timur
0.9453404187631543,117.18126328316218,1,3.5299999713897705,2026-08-19,SNPP,East Kalimantan,Kutai Timur
0.9453404187631543,117.18463619447148,1,3.5299999713897705,2026-08-19,SNPP,East Kalimantan,Kutai Timur
0.9419679665421801,117.17440385862949,1,3.5299999713897705,2026-08-19,SNPP,East Kalimantan,Kutai Timur
0.9419679665421801,117.17777676666873,1,3.5299999713897705,2026-08-19,SNPP,East Kalimantan,Kutai Timur
0.9419679665421801,117.18114967470798,1,3.5299999713897705,2026-08-19,SNPP,East Kalimantan,Kutai Timur
0.9419679665421801,117.18452258274722,1,3.5299999713897705,2026-08-19,SNPP,East Kalimantan,Kutai Timur
0.9419679665421801,117.1980142149042,1,6.579999923706055,2026-08-19,SNPP,East Kalimantan,Kutai Timur
0.9419679665421801,117.20138712294343,1,6.579999923706055,2026-08-19,SNPP,East Kalimantan,Kutai Timur
0.9419679665421801,117.20476003098268,1,6.579999923706055,2026-08-19,SNPP,East Kalimantan,Kutai Timur
0.938595514321206,116.98878089994368,1,3.700000047683716,2026-08-19,SNPP,East Kalimantan,Kutai Timur
0.938595514321206,116.99215380472457,1,3.700000047683716,2026-08-19,SNPP,East Kalimantan,Kutai Timur
0.938595514321206,116.99552670950544,1,3.700000047683716,2026-08-19,SNPP,East Kalimantan,Kutai Timur
0.938595514321206,117.18103647245279,1,3.5299999713897705,2026-08-19,SNPP,East Kalimantan,Kutai Timur
0.938595514321206,117.18440937723362,1,3.5299999713897705,2026-08-19,SNPP,East Kalimantan,Kutai Timur
0.938595514321206,117.19790099635708,1,6.579999923706055,2026-08-19,SNPP,East Kalimantan,Kutai Timur
0.938595514321206,117.20127390113794,1,6.579999923706055,2026-08-19,SNPP,East Kalimantan,Kutai Timur
0.938595514321206,117.2046468059188,1,6.579999923706055,2026-08-19,SNPP,East Kalimantan,Kutai Timur
0.9352230621002318,116.9886682889468,1,3.700000047683716,2026-08-19,SNPP,East Kalimantan,Kutai Timur
0.9352230621002318,116.99204119048098,1,3.700000047683716,2026-08-19,SNPP,East Kalimantan,Kutai Timur
0.9352230621002318,116.99541409201515,1,3.700000047683716,2026-08-19,SNPP,East Kalimantan,Kutai Timur
0.9352230621002318,117.12358435031369,1,2.4200000762939453,2026-08-19,SNPP,East Kalimantan,Kutai Timur
0.9352230621002318,117.12695725184787,1,2.4200000762939453,2026-08-19,SNPP,East Kalimantan,Kutai Timur
0.9352230621002318,117.1842965779288,1,2.450000047683716,2026-08-19,SNPP,East Kalimantan,Kutai Timur
0.9352230621002318,117.18766947946298,1,2.450000047683716,2026-08-19,SNPP,East Kalimantan,Kutai Timur
0.9352230621002318,117.19104238099713,1,2.450000047683716,2026-08-19,SNPP,East Kalimantan,Kutai Timur
0.9352230621002318,117.19778818406549,1,6.579999923706055,2026-08-19,SNPP,East Kalimantan,Kutai Timur
0.9352230621002318,117.20116108559964,1,6.579999923706055,2026-08-19,SNPP,East Kalimantan,Kutai Timur
0.9352230621002318,117.20453398713381,1,6.579999923706055,2026-08-19,SNPP,East Kalimantan,Kutai Timur
0.9318506098792575,116.98855608347856,1,3.700000047683716,2026-08-19,SNPP,East Kalimantan,Kutai Timur
0.9318506098792575,116.99192898177773,1,3.700000047683716,2026-08-19,SNPP,East Kalimantan,Kutai Timur
0.9318506098792575,116.99530188007692,1,3.700000047683716,2026-08-19,SNPP,East Kalimantan,Kutai Timur
0.9318506098792575,117.12347201544554,1,2.4200000762939453,2026-08-19,SNPP,East Kalimantan,Kutai Timur
0.9318506098792575,117.12684491374475,1,2.4200000762939453,2026-08-19,SNPP,East Kalimantan,Kutai Timur
0.9318506098792575,117.1841841848307,1,2.450000047683716,2026-08-19,SNPP,East Kalimantan,Kutai Timur
0.9318506098792575,117.1875570831299,1,2.450000047683716,2026-08-19,SNPP,East Kalimantan,Kutai Timur
0.9318506098792575,117.19092998142905,1,2.450000047683716,2026-08-19,SNPP,East Kalimantan,Kutai Timur
0.9284781576582835,117.1233600865718,1,2.4200000762939453,2026-08-19,SNPP,East Kalimantan,Kutai Timur
0.9284781576582835,117.12673298164766,1,2.4200000762939453,2026-08-19,SNPP,East Kalimantan,Kutai Timur
0.9284781576582835,117.18407219793745,1,2.450000047683716,2026-08-19,SNPP,East Kalimantan,Kutai Timur
0.9284781576582835,117.18744509301332,1,2.450000047683716,2026-08-19,SNPP,East Kalimantan,Kutai Timur
0.9284781576582835,117.1908179880892,1,2.450000047683716,2026-08-19,SNPP,East Kalimantan,Kutai Timur
0.8880087310065933,116.81849144921642,1,3.7799999713897705,2026-08-19,SNPP,East Kalimantan,Kutai Timur
0.8880087310065933,116.82186430652456,1,3.7799999713897705,2026-08-19,SNPP,East Kalimantan,Kutai Timur
0.8880087310065933,116.82523716383272,1,3.7799999713897705,2026-08-19,SNPP,East Kalimantan,Kutai Timur
0.8846362787856191,116.81838507451423,1,3.7799999713897705,2026-08-19,SNPP,East Kalimantan,Kutai Timur
0.8846362787856191,116.82175792875104,1,3.7799999713897705,2026-08-19,SNPP,East Kalimantan,Kutai Timur
0.8846362787856191,116.82513078298787,1,3.7799999713897705,2026-08-19,SNPP,East Kalimantan,Kutai Timur
0.881263826564645,116.81827910472771,1,3.7799999713897705,2026-08-19,SNPP,East Kalimantan,Kutai Timur
0.881263826564645,116.82165195590487,1,3.7799999713897705,2026-08-19,SNPP,East Kalimantan,Kutai Timur
0.881263826564645,116.82502480708209,1,3.7799999713897705,2026-08-19,SNPP,East Kalimantan,Kutai Timur
0.8509117565758774,117.27942050838375,1,8.0,2026-08-19,SNPP,East Kalimantan,Kutai Timur
0.8509117565758774,117.28279333255044,1,8.0,2026-08-19,SNPP,East Kalimantan,Kutai Timur
0.8509117565758774,117.28616615671709,1,8.0,2026-08-19,SNPP,East Kalimantan,Kutai Timur
0.8509117565758774,117.2895389808837,1,8.0,2026-08-19,SNPP,East Kalimantan,Kutai Timur
0.8475393043549032,117.05333916249866,2,7.519999980926514,2026-08-19,SNPP,East Kalimantan,Kutai Timur
0.8475393043549032,117.05671198372261,2,7.519999980926514,2026-08-19,SNPP,East Kalimantan,Kutai Timur
0.8475393043549032,117.06008480494653,2,7.519999980926514,2026-08-19,SNPP,East Kalimantan,Kutai Timur
0.8475393043549032,117.06345762617043,1,7.519999980926514,2026-08-19,SNPP,East Kalimantan,Kutai Timur
0.8475393043549032,117.27931818450156,1,8.0,2026-08-19,SNPP,East Kalimantan,Kutai Timur
0.8475393043549032,117.2826910057255,1,8.0,2026-08-19,SNPP,East Kalimantan,Kutai Timur
0.8475393043549032,117.28606382694942,1,8.0,2026-08-19,SNPP,East Kalimantan,Kutai Timur
0.8475393043549032,117.28943664817332,1,8.0,2026-08-19,SNPP,East Kalimantan,Kutai Timur
0.844166852133929,117.05323744149287,2,7.519999980926514,2026-08-19,SNPP,East Kalimantan,Kutai Timur
0.844166852133929,117.05661025978577,2,7.519999980926514,2026-08-19,SNPP,East Kalimantan,Kutai Timur
0.844166852133929,117.05998307807867,2,7.519999980926514,2026-08-19,SNPP,East Kalimantan,Kutai Timur
0.844166852133929,117.06335589637156,1,7.519999980926514,2026-08-19,SNPP,East Kalimantan,Kutai Timur
0.844166852133929,117.27921626711678,1,8.0,2026-08-19,SNPP,East Kalimantan,Kutai Timur
0.844166852133929,117.2825890854097,2,8.0,2026-08-19,SNPP,East Kalimantan,Kutai Timur
0.844166852133929,117.2859619037026,2,8.0,2026-08-19,SNPP,East Kalimantan,Kutai Timur
0.844166852133929,117.28933472199547,2,8.0,2026-08-19,SNPP,East Kalimantan,Kutai Timur
0.844166852133929,117.29270754028838,2,8.0,2026-08-19,SNPP,East Kalimantan,Kutai Timur
0.8407943999129548,117.04639049545237,1,5.710000038146973,2026-08-19,SNPP,East Kalimantan,Kutai Timur
0.8407943999129548,117.04976331082594,1,5.710000038146973,2026-08-19,SNPP,East Kalimantan,Kutai Timur
0.8407943999129548,117.05313612619948,2,7.519999980926514,2026-08-19,SNPP,East Kalimantan,Kutai Timur
0.8407943999129548,117.05650894157307,2,7.519999980926514,2026-08-19,SNPP,East Kalimantan,Kutai Timur
0.8407943999129548,117.05988175694662,2,7.519999980926514,2026-08-19,SNPP,East Kalimantan,Kutai Timur
0.8407943999129548,117.06325457232016,1,7.519999980926514,2026-08-19,SNPP,East Kalimantan,Kutai Timur
0.8407943999129548,117.28248757160127,2,8.0,2026-08-19,SNPP,East Kalimantan,Kutai Timur
0.8407943999129548,117.28586038697483,2,8.0,2026-08-19,SNPP,East Kalimantan,Kutai Timur
0.8407943999129548,117.28923320234837,2,8.0,2026-08-19,SNPP,East Kalimantan,Kutai Timur
0.8407943999129548,117.29260601772195,2,8.0,2026-08-19,SNPP,East Kalimantan,Kutai Timur
0.8374219476919806,117.04628959168498,1,5.710000038146973,2026-08-19,SNPP,East Kalimantan,Kutai Timur
0.8374219476919806,117.04966240415091,1,5.710000038146973,2026-08-19,SNPP,East Kalimantan,Kutai Timur
0.8374219476919806,117.0530352166168,1,5.710000038146973,2026-08-19,SNPP,East Kalimantan,Kutai Timur
0.8374219476919806,117.28238646429847,2,8.0,2026-08-19,SNPP,East Kalimantan,Kutai Timur
0.8374219476919806,117.2857592767644,2,8.0,2026-08-19,SNPP,East Kalimantan,Kutai Timur
0.8374219476919806,117.28913208923029,2,8.0,2026-08-19,SNPP,East Kalimantan,Kutai Timur
0.8374219476919806,117.29250490169619,2,8.0,2026-08-19,SNPP,East Kalimantan,Kutai Timur
0.8340494954710065,117.04618909360313,1,5.710000038146973,2026-08-19,SNPP,East Kalimantan,Kutai Timur
0.8340494954710065,117.0495619031731,1,5.710000038146973,2026-08-19,SNPP,East Kalimantan,Kutai Timur
0.8340494954710065,117.05293471274301,1,5.710000038146973,2026-08-19,SNPP,East Kalimantan,Kutai Timur
0.823932138808084,116.92784200012595,1,6.760000228881836,2026-08-19,SNPP,East Kalimantan,Kutai Timur
0.823932138808084,116.93121480107818,1,6.760000228881836,2026-08-19,SNPP,East Kalimantan,Kutai Timur
0.823932138808084,116.93458760203038,1,6.760000228881836,2026-08-19,SNPP,East Kalimantan,Kutai Timur
0.8205596865871099,116.92774322449087,1,6.760000228881836,2026-08-19,SNPP,East Kalimantan,Kutai Timur
0.8205596865871099,116.93111602259388,1,6.760000228881836,2026-08-19,SNPP,East Kalimantan,Kutai Timur
0.8205596865871099,116.93448882069688,1,6.760000228881836,2026-08-19,SNPP,East Kalimantan,Kutai Timur
0.8171872343661356,116.92764485412351,1,6.760000228881836,2026-08-19,SNPP,East Kalimantan,Kutai Timur
0.8171872343661356,116.93101764938905,1,6.760000228881836,2026-08-19,SNPP,East Kalimantan,Kutai Timur
0.8171872343661356,116.93439044465453,1,6.760000228881836,2026-08-19,SNPP,East Kalimantan,Kutai Timur
0.8171872343661356,117.04231989315083,1,2.180000066757202,2026-08-19,SNPP,East Kalimantan,Kutai Timur
0.8171872343661356,117.04569268841631,1,2.180000066757202,2026-08-19,SNPP,East Kalimantan,Kutai Timur
0.8171872343661356,117.04906548368184,1,2.180000066757202,2026-08-19,SNPP,East Kalimantan,Kutai Timur
0.8138147821451615,116.92754688902225,1,6.760000228881836,2026-08-19,SNPP,East Kalimantan,Kutai Timur
0.8138147821451615,116.93091968146193,1,6.760000228881836,2026-08-19,SNPP,East Kalimantan,Kutai Timur
0.8138147821451615,116.9342924739016,1,6.760000228881836,2026-08-19,SNPP,East Kalimantan,Kutai Timur
0.8138147821451615,117.04222183197173,1,2.180000066757202,2026-08-19,SNPP,East Kalimantan,Kutai Timur
0.8138147821451615,117.04559462441141,1,2.180000066757202,2026-08-19,SNPP,East Kalimantan,Kutai Timur
0.8138147821451615,117.04896741685111,1,2.180000066757202,2026-08-19,SNPP,East Kalimantan,Kutai Timur
0.8104423299241873,117.04212417645445,1,2.180000066757202,2026-08-19,SNPP,East Kalimantan,Kutai Timur
0.8104423299241873,117.04549696608,1,2.180000066757202,2026-08-19,SNPP,East Kalimantan,Kutai Timur
0.8104423299241873,117.04886975570557,1,2.180000066757202,2026-08-19,SNPP,East Kalimantan,Kutai Timur
0.8070698777032131,117.12634659717543,1,2.930000066757202,2026-08-19,SNPP,East Kalimantan,Kutai Timur
0.8070698777032131,117.12971938399852,1,2.930000066757202,2026-08-19,SNPP,East Kalimantan,Kutai Timur
0.803697425482239,117.126249683208,1,2.930000066757202,2026-08-19,SNPP,East Kalimantan,Kutai Timur
0.803697425482239,117.12962246724035,1,2.930000066757202,2026-08-19,SNPP,East Kalimantan,Kutai Timur
0.8003249732612648,117.12615317518959,1,2.930000066757202,2026-08-19,SNPP,East Kalimantan,Kutai Timur
0.8003249732612648,117.12952595644286,1,2.930000066757202,2026-08-19,SNPP,East Kalimantan,Kutai Timur
0.7834627121563938,116.99413879047275,1,3.5899999141693115,2026-08-19,SNPP,East Kalimantan,Kutai Timur
0.7834627121563938,116.99751155800611,1,3.5899999141693115,2026-08-19,SNPP,East Kalimantan,Kutai Timur
0.7834627121563938,117.00088432553947,1,3.5899999141693115,2026-08-19,SNPP,East Kalimantan,Kutai Timur
0.7800902599354197,116.99404482376136,1,5.789999961853027,2026-08-19,SNPP,East Kalimantan,Kutai Timur
0.7800902599354197,116.99741758858583,1,5.789999961853027,2026-08-19,SNPP,East Kalimantan,Kutai Timur
0.7800902599354197,117.00079035341025,1,5.789999961853027,2026-08-19,SNPP,East Kalimantan,Kutai Timur
0.7767178077144455,116.99057850040435,1,3.9800000190734863,2026-08-19,SNPP,East Kalimantan,Kutai Timur
0.7767178077144455,116.99395126253155,1,5.789999961853027,2026-08-19,SNPP,East Kalimantan,Kutai Timur
0.7767178077144455,116.9973240246588,1,5.789999961853027,2026-08-19,SNPP,East Kalimantan,Kutai Timur
0.7767178077144455,117.00069678678598,1,5.789999961853027,2026-08-19,SNPP,East Kalimantan,Kutai Timur
0.7733453554934714,116.99048534734001,1,3.9800000190734863,2026-08-19,SNPP,East Kalimantan,Kutai Timur
0.7733453554934714,116.99385810678169,1,5.789999961853027,2026-08-19,SNPP,East Kalimantan,Kutai Timur
0.7733453554934714,116.99723086622336,1,5.789999961853027,2026-08-19,SNPP,East Kalimantan,Kutai Timur
0.7733453554934714,117.00060362566502,1,5.789999961853027,2026-08-19,SNPP,East Kalimantan,Kutai Timur
0.7699729032724972,116.99039259974231,1,3.9800000190734863,2026-08-19,SNPP,East Kalimantan,Kutai Timur
0.7699729032724972,116.99376535651014,1,3.9800000190734863,2026-08-19,SNPP,East Kalimantan,Kutai Timur
0.7699729032724972,116.99713811327796,1,3.9800000190734863,2026-08-19,SNPP,East Kalimantan,Kutai Timur
0.7564830943886005,117.07771706490769,1,5.360000133514404,2026-08-19,SNPP,East Kalimantan,Kutai Timur
0.7564830943886005,117.08108981109702,2,5.360000133514404,2026-08-19,SNPP,East Kalimantan,Kutai Timur
0.7564830943886005,117.08446255728632,2,5.360000133514404,2026-08-19,SNPP,East Kalimantan,Kutai Timur
0.7564830943886005,117.08783530347561,2,5.360000133514404,2026-08-19,SNPP,East Kalimantan,Kutai Timur
0.7531106421676264,117.07762627661862,1,5.360000133514404,2026-08-19,SNPP,East Kalimantan,Kutai Timur
0.7531106421676264,117.08099902019252,2,5.360000133514404,2026-08-19,SNPP,East Kalimantan,Kutai Timur
0.7531106421676264,117.08437176376641,2,5.360000133514404,2026-08-19,SNPP,East Kalimantan,Kutai Timur
0.7531106421676264,117.0877445073403,2,5.360000133514404,2026-08-19,SNPP,East Kalimantan,Kutai Timur
0.7497381899466522,117.07753589409056,1,5.360000133514404,2026-08-19,SNPP,East Kalimantan,Kutai Timur
0.7497381899466522,117.08090863506074,2,5.360000133514404,2026-08-19,SNPP,East Kalimantan,Kutai Timur
0.7497381899466522,117.0842813760309,2,5.360000133514404,2026-08-19,SNPP,East Kalimantan,Kutai Timur
0.7497381899466522,117.08765411700108,2,5.360000133514404,2026-08-19,SNPP,East Kalimantan,Kutai Timur
0.7362483810627554,116.86469638920867,1,8.289999961853027,2026-08-19,SNPP,East Kalimantan,Kutai Timur
0.7362483810627554,116.86806911988089,1,8.289999961853027,2026-08-19,SNPP,East Kalimantan,Kutai Timur
0.7362483810627554,116.8714418505531,1,8.289999961853027,2026-08-19,SNPP,East Kalimantan,Kutai Timur
0.7362483810627554,117.056942037524,1,4.75,2026-08-19,SNPP,East Kalimantan,Kutai Timur
0.7362483810627554,117.06031476819618,1,4.75,2026-08-19,SNPP,East Kalimantan,Kutai Timur
0.7362483810627554,117.06368749886839,1,4.75,2026-08-19,SNPP,East Kalimantan,Kutai Timur
0.7362483810627554,117.06706022954057,1,4.75,2026-08-19,SNPP,East Kalimantan,Kutai Timur
0.7328759288417812,116.86460819581453,1,8.289999961853027,2026-08-19,SNPP,East Kalimantan,Kutai Timur
0.7328759288417812,116.86798092394145,1,8.289999961853027,2026-08-19,SNPP,East Kalimantan,Kutai Timur
0.7328759288417812,116.87135365206841,1,8.289999961853027,2026-08-19,SNPP,East Kalimantan,Kutai Timur
0.7328759288417812,117.05685369904927,1,4.75,2026-08-19,SNPP,East Kalimantan,Kutai Timur
0.7328759288417812,117.0602264271762,1,4.75,2026-08-19,SNPP,East Kalimantan,Kutai Timur
0.7328759288417812,117.06359915530312,1,4.75,2026-08-19,SNPP,East Kalimantan,Kutai Timur
0.7328759288417812,117.06697188343003,1,4.75,2026-08-19,SNPP,East Kalimantan,Kutai Timur
0.7295034766208071,116.86452040743569,1,8.289999961853027,2026-08-19,SNPP,East Kalimantan,Kutai Timur
0.7295034766208071,116.86789313302904,1,8.289999961853027,2026-08-19,SNPP,East Kalimantan,Kutai Timur
0.7295034766208071,116.87126585862238,1,8.289999961853027,2026-08-19,SNPP,East Kalimantan,Kutai Timur
0.7295034766208071,117.05676576625613,1,4.75,2026-08-19,SNPP,East Kalimantan,Kutai Timur
0.7295034766208071,117.06013849184946,1,4.75,2026-08-19,SNPP,East Kalimantan,Kutai Timur
0.7295034766208071,117.06351121744284,1,4.75,2026-08-19,SNPP,East Kalimantan,Kutai Timur
0.7295034766208071,117.06688394303616,1,4.75,2026-08-19,SNPP,East Kalimantan,Kutai Timur
0.7261310243998329,116.86443302407068,1,8.289999961853027,2026-08-19,SNPP,East Kalimantan,Kutai Timur
0.7261310243998329,116.86780574714211,1,8.289999961853027,2026-08-19,SNPP,East Kalimantan,Kutai Timur
0.7261310243998329,116.87117847021356,1,8.289999961853027,2026-08-19,SNPP,East Kalimantan,Kutai Timur
0.6721717888642461,117.08231445109278,1,9.479999542236328,2026-08-19,SNPP,East Kalimantan,Kutai Timur
0.6721717888642461,117.08568713540356,1,9.479999542236328,2026-08-19,SNPP,East Kalimantan,Kutai Timur
0.6721717888642461,117.08905981971432,1,5.139999866485596,2026-08-19,SNPP,East Kalimantan,Kutai Timur
0.6721717888642461,117.09243250402507,1,5.139999866485596,2026-08-19,SNPP,East Kalimantan,Kutai Timur
0.6721717888642461,117.09580518833583,1,5.139999866485596,2026-08-19,SNPP,East Kalimantan,Kutai Timur
0.668799336643272,117.07886111974145,1,6.210000038146973,2026-08-19,SNPP,East Kalimantan,Kutai Timur
0.668799336643272,117.08223380172898,1,10.010000228881836,2026-08-19,SNPP,East Kalimantan,Kutai Timur
0.668799336643272,117.08560648371655,1,10.010000228881836,2026-08-19,SNPP,East Kalimantan,Kutai Timur
0.668799336643272,117.08897916570413,1,5.150000095367432,2026-08-19,SNPP,East Kalimantan,Kutai Timur
0.668799336643272,117.09235184769166,1,5.150000095367432,2026-08-19,SNPP,East Kalimantan,Kutai Timur
0.668799336643272,117.09572452967923,1,5.150000095367432,2026-08-19,SNPP,East Kalimantan,Kutai Timur
0.6654268844222977,117.07878087843649,1,6.210000038146973,2026-08-19,SNPP,East Kalimantan,Kutai Timur
0.6654268844222977,117.08215355811252,1,10.010000228881836,2026-08-19,SNPP,East Kalimantan,Kutai Timur
0.6654268844222977,117.08552623778859,1,10.010000228881836,2026-08-19,SNPP,East Kalimantan,Kutai Timur
0.6654268844222977,117.08889891746465,1,5.150000095367432,2026-08-19,SNPP,East Kalimantan,Kutai Timur
0.6654268844222977,117.09227159714068,1,5.150000095367432,2026-08-19,SNPP,East Kalimantan,Kutai Timur
0.6654268844222977,117.09564427681674,1,5.150000095367432,2026-08-19,SNPP,East Kalimantan,Kutai Timur
0.6620544322013235,117.07870104286582,1,6.210000038146973,2026-08-19,SNPP,East Kalimantan,Kutai Timur
0.6620544322013235,117.08207372024202,1,10.010000228881836,2026-08-19,SNPP,East Kalimantan,Kutai Timur
0.6620544322013235,117.08544639761827,1,10.010000228881836,2026-08-19,SNPP,East Kalimantan,Kutai Timur
0.6620544322013235,117.08881907499453,1,5.150000095367432,2026-08-19,SNPP,East Kalimantan,Kutai Timur
0.6620544322013235,117.09219175237075,1,5.150000095367432,2026-08-19,SNPP,East Kalimantan,Kutai Timur
0.6620544322013235,117.09556442974699,1,5.150000095367432,2026-08-19,SNPP,East Kalimantan,Kutai Timur
0.6586819799803494,117.078621613028,1,5.949999809265137,2026-08-19,SNPP,East Kalimantan,Kutai Timur
0.6586819799803494,117.0819942881161,1,5.949999809265137,2026-08-19,SNPP,East Kalimantan,Kutai Timur
0.6586819799803494,117.08536696320421,1,5.949999809265137,2026-08-19,SNPP,East Kalimantan,Kutai Timur
0.6418197188754785,117.09509386889829,1,6.5,2026-08-19,SNPP,East Kalimantan,Kutai Timur
0.6418197188754785,117.09846653272103,1,6.5,2026-08-19,SNPP,East Kalimantan,Kutai Timur
0.6384472666545042,117.0882715391296,1,5.519999980926514,2026-08-19,SNPP,East Kalimantan,Kutai Timur
0.6384472666545042,117.09164420073432,1,5.519999980926514,2026-08-19,SNPP,East Kalimantan,Kutai Timur
0.6384472666545042,117.09501686233911,1,6.5,2026-08-19,SNPP,East Kalimantan,Kutai Timur
0.6384472666545042,117.09838952394388,1,6.5,2026-08-19,SNPP,East Kalimantan,Kutai Timur
0.6350748144335301,117.0881949427649,1,5.519999980926514,2026-08-19,SNPP,East Kalimantan,Kutai Timur
0.6350748144335301,117.09156760216335,1,5.519999980926514,2026-08-19,SNPP,East Kalimantan,Kutai Timur
0.6350748144335301,117.09494026156183,1,6.5,2026-08-19,SNPP,East Kalimantan,Kutai Timur
0.6350748144335301,117.09831292096025,1,6.5,2026-08-19,SNPP,East Kalimantan,Kutai Timur
0.6317023622125559,117.08811875215734,1,5.519999980926514,2026-08-19,SNPP,East Kalimantan,Kutai Timur
0.6317023622125559,117.09149140936117,1,5.519999980926514,2026-08-19,SNPP,East Kalimantan,Kutai Timur
0.614840101107685,117.18555063120495,1,1.8899999856948853,2026-08-19,SNPP,East Kalimantan,Kutai Timur
0.614840101107685,117.18892327761095,1,1.8899999856948853,2026-08-19,SNPP,East Kalimantan,Kutai Timur
0.614840101107685,117.19229592401693,1,1.8899999856948853,2026-08-19,SNPP,East Kalimantan,Kutai Timur
0.6114676488867109,117.18547681350216,1,1.8899999856948853,2026-08-19,SNPP,East Kalimantan,Kutai Timur
0.6114676488867109,117.18884945778369,1,1.8899999856948853,2026-08-19,SNPP,East Kalimantan,Kutai Timur
0.6114676488867109,117.19222210206516,1,1.8899999856948853,2026-08-19,SNPP,East Kalimantan,Kutai Timur
0.6080951966657367,117.18540340188638,1,1.8899999856948853,2026-08-19,SNPP,East Kalimantan,Kutai Timur
0.6080951966657367,117.18877604405506,1,1.8899999856948853,2026-08-19,SNPP,East Kalimantan,Kutai Timur
0.6080951966657367,117.19214868622373,1,1.8899999856948853,2026-08-19,SNPP,East Kalimantan,Kutai Timur
0.5811155788979433,117.2387927389305,1,17.8700008392334,2026-08-19,SNPP,East Kalimantan,Kutai Timur
0.5811155788979433,117.2421653646174,1,17.8700008392334,2026-08-19,SNPP,East Kalimantan,Kutai Timur
0.5811155788979433,117.24553799030431,2,17.8700008392334,2026-08-19,SNPP,East Kalimantan,Kutai Timur
0.5811155788979433,117.24891061599124,2,17.8700008392334,2026-08-19,SNPP,East Kalimantan,Kutai Timur
0.5777431266769691,117.23872294991898,1,17.8700008392334,2026-08-19,SNPP,East Kalimantan,Kutai Timur
0.5777431266769691,117.24209557359828,1,17.8700008392334,2026-08-19,SNPP,East Kalimantan,Kutai Timur
0.5777431266769691,117.24546819727757,2,17.8700008392334,2026-08-19,SNPP,East Kalimantan,Kutai Timur
0.5777431266769691,117.24884082095684,2,17.8700008392334,2026-08-19,SNPP,East Kalimantan,Kutai Timur
0.574370674455995,117.23865356716905,1,17.8700008392334,2026-08-19,SNPP,East Kalimantan,Kutai Timur
0.574370674455995,117.2420261888524,1,17.8700008392334,2026-08-19,SNPP,East Kalimantan,Kutai Timur
0.574370674455995,117.24539881053576,2,17.8700008392334,2026-08-19,SNPP,East Kalimantan,Kutai Timur
0.574370674455995,117.24877143221907,2,17.8700008392334,2026-08-19,SNPP,East Kalimantan,Kutai Timur
0.5709982222350208,117.23858459067952,1,17.8700008392334,2026-08-19,SNPP,East Kalimantan,Kutai Timur
0.5709982222350208,117.24195721037859,1,17.8700008392334,2026-08-19,SNPP,East Kalimantan,Kutai Timur
0.5709982222350208,117.2453298300777,1,17.8700008392334,2026-08-19,SNPP,East Kalimantan,Kutai Timur
0.517038986699434,117.2813798813273,1,2.5899999141693115,2026-08-19,SNPP,East Kalimantan,Kutai Timur
0.517038986699434,117.28475247086766,1,2.5899999141693115,2026-08-19,SNPP,East Kalimantan,Kutai Timur
0.5136665344784598,117.22735638379778,1,2.390000104904175,2026-08-19,SNPP,East Kalimantan,Kutai Timur
0.5136665344784598,117.23072897155255,1,2.390000104904175,2026-08-19,SNPP,East Kalimantan,Kutai Timur
0.5136665344784598,117.23410155930733,1,2.390000104904175,2026-08-19,SNPP,East Kalimantan,Kutai Timur
0.5136665344784598,117.28131778787423,1,2.5899999141693115,2026-08-19,SNPP,East Kalimantan,Kutai Timur
0.5136665344784598,117.28469037562903,1,2.5899999141693115,2026-08-19,SNPP,East Kalimantan,Kutai Timur
0.5102940822574856,117.22729472511894,1,2.390000104904175,2026-08-19,SNPP,East Kalimantan,Kutai Timur
0.5102940822574856,117.2306673110998,1,2.390000104904175,2026-08-19,SNPP,East Kalimantan,Kutai Timur
0.5102940822574856,117.23403989708072,1,2.390000104904175,2026-08-19,SNPP,East Kalimantan,Kutai Timur
0.5102940822574856,117.28125610081307,1,2.5899999141693115,2026-08-19,SNPP,East Kalimantan,Kutai Timur
0.5102940822574856,117.28462868679395,1,2.5899999141693115,2026-08-19,SNPP,East Kalimantan,Kutai Timur
0.5069216300365115,117.22723347264392,1,2.390000104904175,2026-08-19,SNPP,East Kalimantan,Kutai Timur
0.5069216300365115,117.23060605686258,1,2.390000104904175,2026-08-19,SNPP,East Kalimantan,Kutai Timur
0.5069216300365115,117.23397864108126,1,2.390000104904175,2026-08-19,SNPP,East Kalimantan,Kutai Timur
0.4934318211526148,117.21687479290067,1,5.489999771118164,2026-08-19,SNPP,East Kalimantan,Kutai Timur
0.4934318211526148,117.22024737018735,1,5.489999771118164,2026-08-19,SNPP,East Kalimantan,Kutai Timur
0.49005936893164054,117.21681557654023,1,5.489999771118164,2026-08-19,SNPP,East Kalimantan,Kutai Timur
0.49005936893164054,117.22018815212313,1,5.489999771118164,2026-08-19,SNPP,East Kalimantan,Kutai Timur
0.4866869167106664,117.21675676634227,1,5.489999771118164,2026-08-19,SNPP,East Kalimantan,Kutai Timur
0.4866869167106664,117.22012934023309,1,5.489999771118164,2026-08-19,SNPP,East Kalimantan,Kutai Timur
0.48331446448969223,117.21669836230576,1,3.930000066757202,2026-08-19,SNPP,East Kalimantan,Kutai Timur
0.48331446448969223,117.22007093451619,1,3.930000066757202,2026-08-19,SNPP,East Kalimantan,Kutai Timur
0.47319710782676977,116.7882095477636,2,10.40999984741211,2026-08-19,SNPP,East Kalimantan,Kutai Timur
0.47319710782676977,116.79158211500291,2,10.40999984741211,2026-08-19,SNPP,East Kalimantan,Kutai Timur
0.47319710782676977,116.79495468224219,2,10.40999984741211,2026-08-19,SNPP,East Kalimantan,Kutai Timur
0.46982465560579556,116.78815297583817,2,10.40999984741211,2026-08-19,SNPP,East Kalimantan,Kutai Timur
0.46982465560579556,116.79152554144382,2,10.40999984741211,2026-08-19,SNPP,East Kalimantan,Kutai Timur
0.46982465560579556,116.79489810704945,2,10.40999984741211,2026-08-19,SNPP,East Kalimantan,Kutai Timur
0.4664522033848214,116.78809680858511,2,10.40999984741211,2026-08-19,SNPP,East Kalimantan,Kutai Timur
0.4664522033848214,116.7914693725688,2,10.40999984741211,2026-08-19,SNPP,East Kalimantan,Kutai Timur
0.4664522033848214,116.79484193655243,2,10.40999984741211,2026-08-19,SNPP,East Kalimantan,Kutai Timur
0.4529623945009247,117.4623877087993,1,4.690000057220459,2026-08-19,SNPP,East Kalimantan,Kutai Timur
0.4529623945009247,117.4657602664119,1,4.690000057220459,2026-08-19,SNPP,East Kalimantan,Kutai Timur
0.4495899422799505,117.45896069613492,1,6.159999847412109,2026-08-19,SNPP,East Kalimantan,Kutai Timur
0.4495899422799505,117.462333252184,1,6.159999847412109,2026-08-19,SNPP,East Kalimantan,Kutai Timur
0.4495899422799505,117.46570580823305,1,4.690000057220459,2026-08-19,SNPP,East Kalimantan,Kutai Timur
0.4462174900589763,117.45890664807524,1,6.159999847412109,2026-08-19,SNPP,East Kalimantan,Kutai Timur
0.4462174900589763,117.46227920257246,1,6.159999847412109,2026-08-19,SNPP,East Kalimantan,Kutai Timur
0.4462174900589763,117.46565175706965,1,4.690000057220459,2026-08-19,SNPP,East Kalimantan,Kutai Timur
0.4428450378380021,117.45885300700672,1,6.159999847412109,2026-08-19,SNPP,East Kalimantan,Kutai Timur
0.4428450378380021,117.46222555996377,1,6.159999847412109,2026-08-19,SNPP,East Kalimantan,Kutai Timur
0.4428450378380021,117.46559811292077,1,4.690000057220459,2026-08-19,SNPP,East Kalimantan,Kutai Timur
0.35516128009267356,116.81345044053745,1,8.819999694824219,2026-08-19,SNPP,East Kalimantan,Kutai Timur
0.35516128009267356,116.8168229575515,1,8.819999694824219,2026-08-19,SNPP,East Kalimantan,Kutai Timur
0.35516128009267356,116.82019547456557,1,8.819999694824219,2026-08-19,SNPP,East Kalimantan,Kutai Timur
0.3517888278716994,116.81340802181408,1,8.819999694824219,2026-08-19,SNPP,East Kalimantan,Kutai Timur
0.3517888278716994,116.81678053760346,1,8.819999694824219,2026-08-19,SNPP,East Kalimantan,Kutai Timur
0.3517888278716994,116.82015305339287,1,8.819999694824219,2026-08-19,SNPP,East Kalimantan,Kutai Timur
0.34841637565072525,116.8133660078267,1,8.819999694824219,2026-08-19,SNPP,East Kalimantan,Kutai Timur
0.34841637565072525,116.81673852240309,1,8.819999694824219,2026-08-19,SNPP,East Kalimantan,Kutai Timur
0.34841637565072525,116.82011103697951,1,8.819999694824219,2026-08-19,SNPP,East Kalimantan,Kutai Timur
0.34504392342975104,116.81332439857452,1,8.819999694824219,2026-08-19,SNPP,East Kalimantan,Kutai Timur
0.34504392342975104,116.81669691194963,1,8.819999694824219,2026-08-19,SNPP,East Kalimantan,Kutai Timur
0.34504392342975104,116.82006942532476,1,8.819999694824219,2026-08-19,SNPP,East Kalimantan,Kutai Timur
0.32818166232488016,116.78951487050982,1,11.920000076293945,2026-08-19,SNPP,East Kalimantan,Kutai Timur
0.32818166232488016,116.7928873780537,1,11.920000076293945,2026-08-19,SNPP,East Kalimantan,Kutai Timur
0.32818166232488016,116.79625988559762,1,11.920000076293945,2026-08-19,SNPP,East Kalimantan,Kutai Timur
0.324809210103906,116.78610319115973,1,13.140000343322754,2026-08-19,SNPP,East Kalimantan,Kutai Timur
0.324809210103906,116.78947569757246,1,11.920000076293945,2026-08-19,SNPP,East Kalimantan,Kutai Timur
0.324809210103906,116.79284820398513,1,11.920000076293945,2026-08-19,SNPP,East Kalimantan,Kutai Timur
0.324809210103906,116.79622071039786,1,11.920000076293945,2026-08-19,SNPP,East Kalimantan,Kutai Timur
0.32143675788293186,116.78606442399038,1,13.140000343322754,2026-08-19,SNPP,East Kalimantan,Kutai Timur
0.32143675788293186,116.7894369292836,1,11.920000076293945,2026-08-19,SNPP,East Kalimantan,Kutai Timur
0.32143675788293186,116.79280943457677,1,11.920000076293945,2026-08-19,SNPP,East Kalimantan,Kutai Timur
0.32143675788293186,116.79618193987,1,11.920000076293945,2026-08-19,SNPP,East Kalimantan,Kutai Timur
0.31806430566195765,116.78602606145722,1,13.140000343322754,2026-08-19,SNPP,East Kalimantan,Kutai Timur
0.31806430566195765,116.78939856564261,1,11.920000076293945,2026-08-19,SNPP,East Kalimantan,Kutai Timur
0.31806430566195765,116.79277106982799,1,11.920000076293945,2026-08-19,SNPP,East Kalimantan,Kutai Timur
0.31806430566195765,116.79614357401339,1,11.920000076293945,2026-08-19,SNPP,East Kalimantan,Kutai Timur
0.26410507012637086,116.76860485067853,1,5.519999980926514,2026-08-19,SNPP,East Kalimantan,Kutai Timur
0.26410507012637086,116.77197733872795,1,5.519999980926514,2026-08-19,SNPP,East Kalimantan,Kutai Timur
0.26073261790539665,116.76857337141028,1,5.519999980926514,2026-08-19,SNPP,East Kalimantan,Kutai Timur
0.26073261790539665,116.77194585855052,1,5.519999980926514,2026-08-19,SNPP,East Kalimantan,Kutai Timur
0.25736016568442244,116.76854229670889,1,5.519999980926514,2026-08-19,SNPP,East Kalimantan,Kutai Timur
0.25736016568442244,116.77191478295165,1,5.519999980926514,2026-08-19,SNPP,East Kalimantan,Kutai Timur
0.23712545235857743,116.7784817876845,1,5.25,2026-08-19,SNPP,East Kalimantan,Kutai Timur
0.23712545235857743,116.78185426878765,1,5.25,2026-08-19,SNPP,East Kalimantan,Kutai Timur
0.23712545235857743,116.78522674989082,1,5.25,2026-08-19,SNPP,East Kalimantan,Kutai Timur
0.23375300013760328,116.77845354248937,1,5.25,2026-08-19,SNPP,East Kalimantan,Kutai Timur
0.23375300013760328,116.78182602277683,1,5.25,2026-08-19,SNPP,East Kalimantan,Kutai Timur
0.23375300013760328,116.7851985030643,1,5.25,2026-08-19,SNPP,East Kalimantan,Kutai Timur
0.23038054791662907,116.77842570189208,1,5.25,2026-08-19,SNPP,East Kalimantan,Kutai Timur
0.23038054791662907,116.78179818137548,1,5.25,2026-08-19,SNPP,East Kalimantan,Kutai Timur
0.23038054791662907,116.78517066085894,1,5.25,2026-08-19,SNPP,East Kalimantan,Kutai Timur
0.2270080956956549,116.77839826589206,1,5.25,2026-08-19,SNPP,East Kalimantan,Kutai Timur
0.2270080956956549,116.78177074458316,1,5.25,2026-08-19,SNPP,East Kalimantan,Kutai Timur
0.2270080956956549,116.78514322327428,1,5.25,2026-08-19,SNPP,East Kalimantan,Kutai Timur
0.17642131238104228,116.73419319055726,1,4.630000114440918,2026-08-19,SNPP,East Kalimantan,Kutai Timur
0.17642131238104228,116.73756565876552,1,4.630000114440918,2026-08-19,SNPP,East Kalimantan,Kutai Timur
0.17642131238104228,116.74093812697373,1,4.630000114440918,2026-08-19,SNPP,East Kalimantan,Kutai Timur
0.1730488601600681,116.73417223592456,1,4.630000114440918,2026-08-19,SNPP,East Kalimantan,Kutai Timur
0.1730488601600681,116.73754470352742,1,4.630000114440918,2026-08-19,SNPP,East Kalimantan,Kutai Timur
0.1730488601600681,116.74091717113028,1,4.630000114440918,2026-08-19,SNPP,East Kalimantan,Kutai Timur
0.16967640793909392,116.73415168573013,1,4.630000114440918,2026-08-19,SNPP,East Kalimantan,Kutai Timur
0.16967640793909392,116.73752415273931,1,4.630000114440918,2026-08-19,SNPP,East Kalimantan,Kutai Timur
0.16967640793909392,116.74089661974845,1,4.630000114440918,2026-08-19,SNPP,East Kalimantan,Kutai Timur
0.16630395571811976,116.73413153997367,1,3.799999952316284,2026-08-19,SNPP,East Kalimantan,Kutai Timur
0.16630395571811976,116.73750400640083,1,3.799999952316284,2026-08-19,SNPP,East Kalimantan,Kutai Timur
0.16630395571811976,116.74087647282796,1,3.799999952316284,2026-08-19,SNPP,East Kalimantan,Kutai Timur
0.16293150349714558,116.7341117986548,1,3.799999952316284,2026-08-19,SNPP,East Kalimantan,Kutai Timur
0.16293150349714558,116.73748426451164,1,3.799999952316284,2026-08-19,SNPP,East Kalimantan,Kutai Timur
0.16293150349714558,116.74085673036845,1,3.799999952316284,2026-08-19,SNPP,East Kalimantan,Kutai Timur
0.08199265019376535,110.20131269663617,1,3.1700000762939453,2026-08-19,SNPP,West Kalimantan,Sanggau
0.08199265019376535,110.20468515231033,1,3.1700000762939453,2026-08-19,SNPP,West Kalimantan,Sanggau
0.07862019797279117,110.2013036050876,1,3.1700000762939453,2026-08-19,SNPP,West Kalimantan,Sanggau
0.07862019797279117,110.20467606048354,1,3.1700000762939453,2026-08-19,SNPP,West Kalimantan,Sanggau
0.075247745751817,110.20129489533797,1,3.1700000762939453,2026-08-19,SNPP,West Kalimantan,Sanggau
0.075247745751817,110.20466735046736,1,3.1700000762939453,2026-08-19,SNPP,West Kalimantan,Sanggau
0.007798701332333491,110.30911935000893,1,13.59000015258789,2026-08-19,SNPP,West Kalimantan,Sanggau
0.007798701332333491,110.31249180226114,1,13.59000015258789,2026-08-19,SNPP,West Kalimantan,Sanggau
0.007798701332333491,110.31586425451336,1,12.5,2026-08-19,SNPP,West Kalimantan,Sanggau
0.004426249111359315,110.20457263817248,2,12.220000267028809,2026-08-19,SNPP,West Kalimantan,Sanggau
0.004426249111359315,110.20794509040351,2,12.220000267028809,2026-08-19,SNPP,West Kalimantan,Sanggau
0.004426249111359315,110.21131754263456,2,12.220000267028809,2026-08-19,SNPP,West Kalimantan,Sanggau
0.004426249111359315,110.30911865733465,1,13.59000015258789,2026-08-19,SNPP,West Kalimantan,Sanggau
0.004426249111359315,110.31249110956568,1,13.59000015258789,2026-08-19,SNPP,West Kalimantan,Sanggau
0.004426249111359315,110.31586356179672,1,12.5,2026-08-19,SNPP,West Kalimantan,Sanggau
0.0010537968903851403,110.20457232796349,2,12.220000267028809,2026-08-19,SNPP,West Kalimantan,Sanggau
0.0010537968903851403,110.20794478018504,2,12.220000267028809,2026-08-19,SNPP,West Kalimantan,Sanggau
0.0010537968903851403,110.21131723240657,2,12.220000267028809,2026-08-19,SNPP,West Kalimantan,Sanggau
0.0010537968903851403,110.30911834683138,1,13.59000015258789,2026-08-19,SNPP,West Kalimantan,Sanggau
0.0010537968903851403,110.31249079905291,1,13.59000015258789,2026-08-19,SNPP,West Kalimantan,Sanggau
0.0010537968903851403,110.31586325127445,1,12.5,2026-08-19,SNPP,West Kalimantan,Sanggau
-0.0023186553305890355,110.20457239956335,2,12.220000267028809,2026-08-19,SNPP,West Kalimantan,Sanggau
-0.0023186553305890355,110.20794485178708,2,12.220000267028809,2026-08-19,SNPP,West Kalimantan,Sanggau
-0.0023186553305890355,110.2113173040108,2,12.220000267028809,2026-08-19,SNPP,West Kalimantan,Sanggau
-0.005691107551563211,110.20457285297202,1,7.489999771118164,2026-08-19,SNPP,West Kalimantan,Sanggau
-0.005691107551563211,110.20794530520962,1,7.489999771118164,2026-08-19,SNPP,West Kalimantan,Sanggau
-0.07988505641299508,110.14734768219994,1,33.25,2026-08-19,SNPP,West Kalimantan,Sanggau
-0.07988505641299508,110.15072013769885,2,41.93000030517578,2026-08-19,SNPP,West Kalimantan,Sanggau
-0.07988505641299508,110.15409259319779,2,41.93000030517578,2026-08-19,SNPP,West Kalimantan,Sanggau
-0.08325750863396925,110.1473569124228,1,33.25,2026-08-19,SNPP,West Kalimantan,Sanggau
-0.08325750863396925,110.15072936820432,2,41.93000030517578,2026-08-19,SNPP,West Kalimantan,Sanggau
-0.08325750863396925,110.15410182398585,2,41.93000030517578,2026-08-19,SNPP,West Kalimantan,Sanggau
-0.08662996085494343,110.14736652425788,1,33.25,2026-08-19,SNPP,West Kalimantan,Sanggau
-0.08662996085494343,110.1507389803337,2,41.93000030517578,2026-08-19,SNPP,West Kalimantan,Sanggau
-0.08662996085494343,110.15411143640952,2,41.93000030517578,2026-08-19,SNPP,West Kalimantan,Sanggau
-0.15745145749540113,110.40059139719217,1,2.140000104904175,2026-08-19,SNPP,West Kalimantan,Sanggau
-0.15745145749540113,110.40396386214715,1,2.140000104904175,2026-08-19,SNPP,West Kalimantan,Sanggau
-0.15745145749540113,110.40733632710216,1,2.140000104904175,2026-08-19,SNPP,West Kalimantan,Sanggau
-0.16082390971637528,110.40060944590044,1,2.140000104904175,2026-08-19,SNPP,West Kalimantan,Sanggau
-0.16082390971637528,110.40398191140676,1,2.140000104904175,2026-08-19,SNPP,West Kalimantan,Sanggau
-0.16082390971637528,110.4073543769131,1,2.140000104904175,2026-08-19,SNPP,West Kalimantan,Sanggau
-0.16082390971637528,110.48154861805237,1,8.029999732971191,2026-08-19,SNPP,West Kalimantan,Sanggau
-0.16082390971637528,110.4849210835587,1,8.029999732971191,2026-08-19,SNPP,West Kalimantan,Sanggau
-0.16082390971637528,110.48829354906502,1,5.039999961853027,2026-08-19,SNPP,West Kalimantan,Sanggau
-0.16419636193734946,110.40062787710274,1,2.140000104904175,2026-08-19,SNPP,West Kalimantan,Sanggau
-0.16419636193734946,110.40400034317209,1,2.140000104904175,2026-08-19,SNPP,West Kalimantan,Sanggau
-0.16419636193734946,110.40737280924147,1,2.140000104904175,2026-08-19,SNPP,West Kalimantan,Sanggau
-0.16419636193734946,110.47819459669796,1,5.039999961853027,2026-08-19,SNPP,West Kalimantan,Sanggau
-0.16419636193734946,110.48156706276733,1,5.039999961853027,2026-08-19,SNPP,West Kalimantan,Sanggau
-0.16419636193734946,110.48493952883668,1,5.039999961853027,2026-08-19,SNPP,West Kalimantan,Sanggau
-0.16419636193734946,110.48831199490604,1,5.039999961853027,2026-08-19,SNPP,West Kalimantan,Sanggau
-0.16756881415832364,110.40064669079938,1,2.559999942779541,2026-08-19,SNPP,West Kalimantan,Sanggau
-0.16756881415832364,110.40401915744344,1,2.559999942779541,2026-08-19,SNPP,West Kalimantan,Sanggau
-0.16756881415832364,110.40739162408752,1,2.559999942779541,2026-08-19,SNPP,West Kalimantan,Sanggau
-0.16756881415832364,110.478213423613,1,5.039999961853027,2026-08-19,SNPP,West Kalimantan,Sanggau
-0.16756881415832364,110.48158589025705,1,5.039999961853027,2026-08-19,SNPP,West Kalimantan,Sanggau
-0.16756881415832364,110.48495835690113,1,5.039999961853027,2026-08-19,SNPP,West Kalimantan,Sanggau
-0.16756881415832364,110.4883308235452,1,5.039999961853027,2026-08-19,SNPP,West Kalimantan,Sanggau
-0.17094126637929782,110.19157291870181,1,3.380000114440918,2026-08-19,SNPP,West Kalimantan,Sanggau
-0.17094126637929782,110.19494538593227,1,3.380000114440918,2026-08-19,SNPP,West Kalimantan,Sanggau
-0.17094126637929782,110.47823263329143,1,5.039999961853027,2026-08-19,SNPP,West Kalimantan,Sanggau
-0.17094126637929782,110.48160510052189,1,5.039999961853027,2026-08-19,SNPP,West Kalimantan,Sanggau
-0.17094126637929782,110.48497756775235,1,5.039999961853027,2026-08-19,SNPP,West Kalimantan,Sanggau
-0.17431371860027198,110.19159246030715,1,3.380000114440918,2026-08-19,SNPP,West Kalimantan,Sanggau
-0.17431371860027198,110.19496492813569,1,3.380000114440918,2026-08-19,SNPP,West Kalimantan,Sanggau
-0.17768617082124616,110.17812250993018,2,7.610000133514404,2026-08-19,SNPP,West Kalimantan,Sanggau
-0.17768617082124616,110.18149497836848,2,7.610000133514404,2026-08-19,SNPP,West Kalimantan,Sanggau
-0.17768617082124616,110.1848674468068,2,7.610000133514404,2026-08-19,SNPP,West Kalimantan,Sanggau
-0.17768617082124616,110.19161238368342,1,3.380000114440918,2026-08-19,SNPP,West Kalimantan,Sanggau
-0.17768617082124616,110.19498485212172,1,3.380000114440918,2026-08-19,SNPP,West Kalimantan,Sanggau
-0.18105862304222034,110.1781428125919,2,7.610000133514404,2026-08-19,SNPP,West Kalimantan,Sanggau
-0.18105862304222034,110.18151528165166,2,7.610000133514404,2026-08-19,SNPP,West Kalimantan,Sanggau
-0.18105862304222034,110.18488775071143,2,7.610000133514404,2026-08-19,SNPP,West Kalimantan,Sanggau
-0.18443107526319452,110.17816349697851,2,7.610000133514404,2026-08-19,SNPP,West Kalimantan,Sanggau
-0.18443107526319452,110.1815359666714,2,7.610000133514404,2026-08-19,SNPP,West Kalimantan,Sanggau
-0.18443107526319452,110.18490843636431,2,7.610000133514404,2026-08-19,SNPP,West Kalimantan,Sanggau
-0.18780352748416868,110.1646946817395,1,7.090000152587891,2026-08-19,SNPP,West Kalimantan,Sanggau
-0.18780352748416868,110.16806715207724,1,7.090000152587891,2026-08-19,SNPP,West Kalimantan,Sanggau
-0.18780352748416868,110.17143962241494,1,7.090000152587891,2026-08-19,SNPP,West Kalimantan,Sanggau
-0.19117597970514286,110.16134365595676,1,5.050000190734863,2026-08-19,SNPP,West Kalimantan,Sanggau
-0.19117597970514286,110.16471612695096,1,5.050000190734863,2026-08-19,SNPP,West Kalimantan,Sanggau
-0.19117597970514286,110.1680885979452,1,7.090000152587891,2026-08-19,SNPP,West Kalimantan,Sanggau
-0.19117597970514286,110.17146106893941,1,7.090000152587891,2026-08-19,SNPP,West Kalimantan,Sanggau
-0.19117597970514286,110.22542060484682,1,5.230000019073486,2026-08-19,SNPP,West Kalimantan,Sanggau
-0.19117597970514286,110.22879307584103,1,5.230000019073486,2026-08-19,SNPP,West Kalimantan,Sanggau
-0.19117597970514286,110.23216554683523,1,5.980000019073486,2026-08-19,SNPP,West Kalimantan,Sanggau
-0.19454843192611704,110.16136548217925,1,11.300000190734863,2026-08-19,SNPP,West Kalimantan,Sanggau
-0.19454843192611704,110.16473795384165,1,11.300000190734863,2026-08-19,SNPP,West Kalimantan,Sanggau
-0.19454843192611704,110.16811042550405,1,12.670000076293945,2026-08-19,SNPP,West Kalimantan,Sanggau
-0.19454843192611704,110.17148289716646,1,7.090000152587891,2026-08-19,SNPP,West Kalimantan,Sanggau
-0.19454843192611704,110.22544244376485,1,4.019999980926514,2026-08-19,SNPP,West Kalimantan,Sanggau
-0.19454843192611704,110.22881491542724,1,4.019999980926514,2026-08-19,SNPP,West Kalimantan,Sanggau
-0.19454843192611704,110.23218738708964,1,4.019999980926514,2026-08-19,SNPP,West Kalimantan,Sanggau
-0.19454843192611704,110.23555985875205,1,4.019999980926514,2026-08-19,SNPP,West Kalimantan,Sanggau
-0.19792088414709122,110.16138769006969,1,11.300000190734863,2026-08-19,SNPP,West Kalimantan,Sanggau
-0.19792088414709122,110.16476016241195,1,11.300000190734863,2026-08-19,SNPP,West Kalimantan,Sanggau
-0.19792088414709122,110.16813263475423,1,12.670000076293945,2026-08-19,SNPP,West Kalimantan,Sanggau
-0.19792088414709122,110.17150510709651,1,7.090000152587891,2026-08-19,SNPP,West Kalimantan,Sanggau
-0.19792088414709122,110.22546466457283,1,4.019999980926514,2026-08-19,SNPP,West Kalimantan,Sanggau
-0.19792088414709122,110.22883713691509,1,4.019999980926514,2026-08-19,SNPP,West Kalimantan,Sanggau
-0.19792088414709122,110.23220960925735,1,4.019999980926514,2026-08-19,SNPP,West Kalimantan,Sanggau
-0.19792088414709122,110.23558208159963,1,4.019999980926514,2026-08-19,SNPP,West Kalimantan,Sanggau
-0.2012933363680654,110.16141027962844,1,11.300000190734863,2026-08-19,SNPP,West Kalimantan,Sanggau
-0.2012933363680654,110.16478275266226,1,11.300000190734863,2026-08-19,SNPP,West Kalimantan,Sanggau
-0.2012933363680654,110.1681552256961,1,12.670000076293945,2026-08-19,SNPP,West Kalimantan,Sanggau
-0.2012933363680654,110.2254872672711,1,4.019999980926514,2026-08-19,SNPP,West Kalimantan,Sanggau
-0.2012933363680654,110.22885974030493,1,4.019999980926514,2026-08-19,SNPP,West Kalimantan,Sanggau
-0.2012933363680654,110.23223221333876,1,4.019999980926514,2026-08-19,SNPP,West Kalimantan,Sanggau
-0.2012933363680654,110.2356046863726,1,4.019999980926514,2026-08-19,SNPP,West Kalimantan,Sanggau
-0.22152804969391046,110.41786211660607,1,2.9200000762939453,2026-08-19,SNPP,West Kalimantan,Sanggau
-0.22152804969391046,110.4212345940346,1,2.9200000762939453,2026-08-19,SNPP,West Kalimantan,Sanggau
-0.22490050191488464,110.41788743662865,1,2.9200000762939453,2026-08-19,SNPP,West Kalimantan,Sanggau
-0.22490050191488464,110.42125991483051,1,2.9200000762939453,2026-08-19,SNPP,West Kalimantan,Sanggau
-0.2282729541358588,110.19532952607523,1,7.619999885559082,2026-08-19,SNPP,West Kalimantan,Sanggau
-0.2282729541358588,110.19870200506213,1,7.619999885559082,2026-08-19,SNPP,West Kalimantan,Sanggau
-0.2282729541358588,110.20207448404905,1,7.619999885559082,2026-08-19,SNPP,West Kalimantan,Sanggau
-0.2282729541358588,110.4179131392109,1,2.9200000762939453,2026-08-19,SNPP,West Kalimantan,Sanggau
-0.2282729541358588,110.42128561819779,1,2.9200000762939453,2026-08-19,SNPP,West Kalimantan,Sanggau
-0.23164540635683298,110.19535555863436,1,7.619999885559082,2026-08-19,SNPP,West Kalimantan,Sanggau
-0.23164540635683298,110.19872803841798,1,7.619999885559082,2026-08-19,SNPP,West Kalimantan,Sanggau
-0.23164540635683298,110.20210051820162,1,7.619999885559082,2026-08-19,SNPP,West Kalimantan,Sanggau
-0.23501785857780713,110.19538197298289,1,7.619999885559082,2026-08-19,SNPP,West Kalimantan,Sanggau
-0.23501785857780713,110.1987544535749,1,7.619999885559082,2026-08-19,SNPP,West Kalimantan,Sanggau
-0.23501785857780713,110.20212693416694,1,7.619999885559082,2026-08-19,SNPP,West Kalimantan,Sanggau
-0.23501785857780713,110.46180793975235,1,2.059999942779541,2026-08-19,SNPP,West Kalimantan,Sanggau
-0.23501785857780713,110.46518042034435,1,2.059999942779541,2026-08-19,SNPP,West Kalimantan,Sanggau
-0.23501785857780713,110.46855290093637,1,2.059999942779541,2026-08-19,SNPP,West Kalimantan,Sanggau
-0.23839031079878134,110.46183480067732,1,2.059999942779541,2026-08-19,SNPP,West Kalimantan,Sanggau
-0.23839031079878134,110.46520728208942,1,2.059999942779541,2026-08-19,SNPP,West Kalimantan,Sanggau
-0.23839031079878134,110.46857976350154,1,2.059999942779541,2026-08-19,SNPP,West Kalimantan,Sanggau
-0.2417627630197555,110.46186204431568,1,2.059999942779541,2026-08-19,SNPP,West Kalimantan,Sanggau
-0.2417627630197555,110.46523452655956,1,2.059999942779541,2026-08-19,SNPP,West Kalimantan,Sanggau
-0.2417627630197555,110.46860700880342,1,2.059999942779541,2026-08-19,SNPP,West Kalimantan,Sanggau
-0.25188011968267804,110.48218098037142,1,5.389999866485596,2026-08-19,SNPP,West Kalimantan,Sanggau
-0.25188011968267804,110.4855534651807,1,5.389999866485596,2026-08-19,SNPP,West Kalimantan,Sanggau
-0.25188011968267804,110.48892594998998,1,4.96999979019165,2026-08-19,SNPP,West Kalimantan,Sanggau
-0.2552525719036522,110.48220976013907,1,5.389999866485596,2026-08-19,SNPP,West Kalimantan,Sanggau
-0.2552525719036522,110.48558224582686,1,5.389999866485596,2026-08-19,SNPP,West Kalimantan,Sanggau
-0.2552525719036522,110.48895473151465,1,4.96999979019165,2026-08-19,SNPP,West Kalimantan,Sanggau
-0.25862502412462635,110.48223892269264,1,5.389999866485596,2026-08-19,SNPP,West Kalimantan,Sanggau
-0.25862502412462635,110.48561140927062,1,5.389999866485596,2026-08-19,SNPP,West Kalimantan,Sanggau
-0.25862502412462635,110.4889838958486,1,4.96999979019165,2026-08-19,SNPP,West Kalimantan,Sanggau
-0.4542272529411286,110.55540904024714,2,11.550000190734863,2026-08-19,SNPP,West Kalimantan,Ketapang
-0.4542272529411286,110.55878159844919,2,11.550000190734863,2026-08-19,SNPP,West Kalimantan,Ketapang
-0.45759970516210274,110.43067610954077,1,1.4900000095367432,2026-08-19,SNPP,West Kalimantan,Ketapang
-0.45759970516210274,110.43404866932244,1,1.4900000095367432,2026-08-19,SNPP,West Kalimantan,Ketapang
-0.45759970516210274,110.43742122910409,1,1.4900000095367432,2026-08-19,SNPP,West Kalimantan,Ketapang
-0.45759970516210274,110.55546082146215,2,11.550000190734863,2026-08-19,SNPP,West Kalimantan,Ketapang
-0.45759970516210274,110.55883338124382,2,11.550000190734863,2026-08-19,SNPP,West Kalimantan,Ketapang
-0.4609721573830769,110.43072821495097,1,1.4900000095367432,2026-08-19,SNPP,West Kalimantan,Ketapang
-0.4609721573830769,110.43410077632393,1,1.4900000095367432,2026-08-19,SNPP,West Kalimantan,Ketapang
-0.4609721573830769,110.43747333769689,1,1.4900000095367432,2026-08-19,SNPP,West Kalimantan,Ketapang
-0.4609721573830769,110.55551298575055,2,11.550000190734863,2026-08-19,SNPP,West Kalimantan,Ketapang
-0.4609721573830769,110.55888554712351,2,11.550000190734863,2026-08-19,SNPP,West Kalimantan,Ketapang
-0.46434460960405105,110.43078070300305,1,1.4900000095367432,2026-08-19,SNPP,West Kalimantan,Ketapang
-0.46434460960405105,110.43415326597899,1,1.4900000095367432,2026-08-19,SNPP,West Kalimantan,Ketapang
-0.46434460960405105,110.43752582895495,1,1.4900000095367432,2026-08-19,SNPP,West Kalimantan,Ketapang
-0.46434460960405105,110.5555655331132,2,11.550000190734863,2026-08-19,SNPP,West Kalimantan,Ketapang
-0.46434460960405105,110.55893809608914,2,11.550000190734863,2026-08-19,SNPP,West Kalimantan,Ketapang
-0.481206870708922,110.29277346511027,1,2.130000114440918,2026-08-19,SNPP,West Kalimantan,Ketapang
-0.481206870708922,110.29614603627645,1,2.130000114440918,2026-08-19,SNPP,West Kalimantan,Ketapang
-0.481206870708922,110.29951860744264,1,2.130000114440918,2026-08-19,SNPP,West Kalimantan,Ketapang
-0.48457932292989614,110.2928281804357,1,2.130000114440918,2026-08-19,SNPP,West Kalimantan,Ketapang
-0.48457932292989614,110.29620075327499,1,2.130000114440918,2026-08-19,SNPP,West Kalimantan,Ketapang
-0.48457932292989614,110.29957332611427,1,2.130000114440918,2026-08-19,SNPP,West Kalimantan,Ketapang
-0.4879517751508703,110.29288327793037,1,2.130000114440918,2026-08-19,SNPP,West Kalimantan,Ketapang
-0.4879517751508703,110.29625585245445,1,2.130000114440918,2026-08-19,SNPP,West Kalimantan,Ketapang
-0.4879517751508703,110.29962842697853,1,2.130000114440918,2026-08-19,SNPP,West Kalimantan,Ketapang
-0.4879517751508703,110.5222183455676,1,2.930000066757202,2026-08-19,SNPP,West Kalimantan,Ketapang
-0.4879517751508703,110.52559092009167,1,2.930000066757202,2026-08-19,SNPP,West Kalimantan,Ketapang
-0.49132422737184445,110.5222739405929,1,2.930000066757202,2026-08-19,SNPP,West Kalimantan,Ketapang
-0.49132422737184445,110.52564651681345,1,2.930000066757202,2026-08-19,SNPP,West Kalimantan,Ketapang
-0.4946966795928186,110.52232991858403,1,2.930000066757202,2026-08-19,SNPP,West Kalimantan,Ketapang
-0.4946966795928186,110.52570249651275,1,2.930000066757202,2026-08-19,SNPP,West Kalimantan,Ketapang
-0.4946966795928186,110.53919280822761,1,1.1399999856948853,2026-08-19,SNPP,West Kalimantan,Ketapang
-0.4946966795928186,110.54256538615633,1,1.1399999856948853,2026-08-19,SNPP,West Kalimantan,Ketapang
-0.49806913181379286,110.5392491777848,1,1.1399999856948853,2026-08-19,SNPP,West Kalimantan,Ketapang
-0.49806913181379286,110.54262175743338,1,1.1399999856948853,2026-08-19,SNPP,West Kalimantan,Ketapang
-0.501441584034767,110.53930593036819,1,1.1399999856948853,2026-08-19,SNPP,West Kalimantan,Ketapang
-0.501441584034767,110.54267851174829,1,1.1399999856948853,2026-08-19,SNPP,West Kalimantan,Ketapang
-0.5250487495815863,110.17884638366637,2,10.359999656677246,2026-08-19,SNPP,West Kalimantan,Ketapang
-0.5250487495815863,110.18221897749441,2,10.359999656677246,2026-08-19,SNPP,West Kalimantan,Ketapang
-0.5250487495815863,110.42167313928698,2,8.109999656677246,2026-08-19,SNPP,West Kalimantan,Ketapang
-0.5250487495815863,110.42504573311504,2,8.109999656677246,2026-08-19,SNPP,West Kalimantan,Ketapang
-0.5284212018025605,110.17890600521758,2,10.359999656677246,2026-08-19,SNPP,West Kalimantan,Ketapang
-0.5284212018025605,110.18227860087067,2,10.359999656677246,2026-08-19,SNPP,West Kalimantan,Ketapang
-0.5284212018025605,110.18565119652376,1,7.389999866485596,2026-08-19,SNPP,West Kalimantan,Ketapang
-0.5284212018025605,110.42173289224009,2,8.109999656677246,2026-08-19,SNPP,West Kalimantan,Ketapang
-0.5284212018025605,110.42510548789318,2,8.109999656677246,2026-08-19,SNPP,West Kalimantan,Ketapang
-0.5317936540235346,110.17896600855366,2,10.359999656677246,2026-08-19,SNPP,West Kalimantan,Ketapang
-0.5317936540235346,110.18233860604346,2,10.359999656677246,2026-08-19,SNPP,West Kalimantan,Ketapang
-0.5317936540235346,110.18571120353326,1,7.389999866485596,2026-08-19,SNPP,West Kalimantan,Ketapang
-0.5317936540235346,110.42179302781948,2,8.109999656677246,2026-08-19,SNPP,West Kalimantan,Ketapang
-0.5317936540235346,110.42516562530926,2,8.109999656677246,2026-08-19,SNPP,West Kalimantan,Ketapang
-0.5351661062445088,110.1790263936756,1,7.389999866485596,2026-08-19,SNPP,West Kalimantan,Ketapang
-0.5351661062445088,110.18239899301379,1,7.389999866485596,2026-08-19,SNPP,West Kalimantan,Ketapang
-0.5351661062445088,110.185771592352,1,7.389999866485596,2026-08-19,SNPP,West Kalimantan,Ketapang
-0.5351661062445088,110.22961538374864,1,5.940000057220459,2026-08-19,SNPP,West Kalimantan,Ketapang
-0.5351661062445088,110.23298798308684,1,5.940000057220459,2026-08-19,SNPP,West Kalimantan,Ketapang
-0.5351661062445088,110.23636058242502,1,5.940000057220459,2026-08-19,SNPP,West Kalimantan,Ketapang
-0.5351661062445088,110.33416596323289,1,2.4100000858306885,2026-08-19,SNPP,West Kalimantan,Ketapang
-0.5351661062445088,110.3375385625711,1,2.4100000858306885,2026-08-19,SNPP,West Kalimantan,Ketapang
-0.5351661062445088,110.3409111619093,1,2.4100000858306885,2026-08-19,SNPP,West Kalimantan,Ketapang
-0.5351661062445088,110.42185354602616,1,4.329999923706055,2026-08-19,SNPP,West Kalimantan,Ketapang
-0.5351661062445088,110.42522614536435,1,4.329999923706055,2026-08-19,SNPP,West Kalimantan,Ketapang
-0.5385385584654829,110.22967617855879,1,5.940000057220459,2026-08-19,SNPP,West Kalimantan,Ketapang
-0.5385385584654829,110.23304877975708,1,5.940000057220459,2026-08-19,SNPP,West Kalimantan,Ketapang
-0.5385385584654829,110.23642138095536,1,5.940000057220459,2026-08-19,SNPP,West Kalimantan,Ketapang
-0.5385385584654829,110.33422681570572,1,2.4100000858306885,2026-08-19,SNPP,West Kalimantan,Ketapang
-0.5385385584654829,110.337599416904,1,2.4100000858306885,2026-08-19,SNPP,West Kalimantan,Ketapang
-0.5385385584654829,110.34097201810229,1,2.4100000858306885,2026-08-19,SNPP,West Kalimantan,Ketapang
-0.5385385584654829,110.42191444686121,1,4.329999923706055,2026-08-19,SNPP,West Kalimantan,Ketapang
-0.5385385584654829,110.42528704805949,1,4.329999923706055,2026-08-19,SNPP,West Kalimantan,Ketapang
-0.5385385584654829,110.46913086363723,1,2.6500000953674316,2026-08-19,SNPP,West Kalimantan,Ketapang
-0.5385385584654829,110.47250346483553,1,2.6500000953674316,2026-08-19,SNPP,West Kalimantan,Ketapang
-0.5419110106864571,110.22973735533223,1,5.940000057220459,2026-08-19,SNPP,West Kalimantan,Ketapang
-0.5419110106864571,110.23310995840228,1,5.940000057220459,2026-08-19,SNPP,West Kalimantan,Ketapang
-0.5419110106864571,110.23648256147234,1,5.940000057220459,2026-08-19,SNPP,West Kalimantan,Ketapang
-0.5419110106864571,110.3342880505041,1,2.4100000858306885,2026-08-19,SNPP,West Kalimantan,Ketapang
-0.5419110106864571,110.33766065357416,1,2.4100000858306885,2026-08-19,SNPP,West Kalimantan,Ketapang
-0.5419110106864571,110.34103325664421,1,2.4100000858306885,2026-08-19,SNPP,West Kalimantan,Ketapang
-0.5419110106864571,110.46919217330651,1,2.6500000953674316,2026-08-19,SNPP,West Kalimantan,Ketapang
-0.5419110106864571,110.47256477637656,1,2.6500000953674316,2026-08-19,SNPP,West Kalimantan,Ketapang
-0.5419110106864571,110.47593737944662,1,21.299999237060547,2026-08-19,SNPP,West Kalimantan,Ketapang
-0.5419110106864571,110.47930998251668,1,21.299999237060547,2026-08-19,SNPP,West Kalimantan,Ketapang
-0.5419110106864571,110.48268258558674,1,21.299999237060547,2026-08-19,SNPP,West Kalimantan,Ketapang
-0.5452834629074312,110.46925386576989,1,2.6500000953674316,2026-08-19,SNPP,West Kalimantan,Ketapang
-0.5452834629074312,110.4726264707234,1,2.6500000953674316,2026-08-19,SNPP,West Kalimantan,Ketapang
-0.5452834629074312,110.47599907567691,1,21.299999237060547,2026-08-19,SNPP,West Kalimantan,Ketapang
-0.5452834629074312,110.47937168063044,1,21.299999237060547,2026-08-19,SNPP,West Kalimantan,Ketapang
-0.5452834629074312,110.48274428558396,1,21.299999237060547,2026-08-19,SNPP,West Kalimantan,Ketapang
-0.5486559151284055,110.47606115472573,1,21.299999237060547,2026-08-19,SNPP,West Kalimantan,Ketapang
-0.5486559151284055,110.47943376157438,1,21.299999237060547,2026-08-19,SNPP,West Kalimantan,Ketapang
-0.5486559151284055,110.48280636842306,1,21.299999237060547,2026-08-19,SNPP,West Kalimantan,Ketapang
-0.558773271791328,110.36832608545903,2,7.840000152587891,2026-08-19,SNPP,West Kalimantan,Ketapang
-0.558773271791328,110.37169869806326,2,7.840000152587891,2026-08-19,SNPP,West Kalimantan,Ketapang
-0.558773271791328,110.37507131066748,2,7.840000152587891,2026-08-19,SNPP,West Kalimantan,Ketapang
-0.558773271791328,110.41891527452238,1,2.0199999809265137,2026-08-19,SNPP,West Kalimantan,Ketapang
-0.558773271791328,110.4222878871266,1,2.0199999809265137,2026-08-19,SNPP,West Kalimantan,Ketapang
-0.5621457240123021,110.36838963365224,2,7.840000152587891,2026-08-19,SNPP,West Kalimantan,Ketapang
-0.5621457240123021,110.37176224819835,2,7.840000152587891,2026-08-19,SNPP,West Kalimantan,Ketapang
-0.5621457240123021,110.37513486274446,2,7.840000152587891,2026-08-19,SNPP,West Kalimantan,Ketapang
-0.5621457240123021,110.41897885184396,1,2.0199999809265137,2026-08-19,SNPP,West Kalimantan,Ketapang
-0.5621457240123021,110.42235146639007,1,2.0199999809265137,2026-08-19,SNPP,West Kalimantan,Ketapang
-0.5655181762332764,110.36845356429544,2,7.840000152587891,2026-08-19,SNPP,West Kalimantan,Ketapang
-0.5655181762332764,110.37182618079513,2,7.840000152587891,2026-08-19,SNPP,West Kalimantan,Ketapang
-0.5655181762332764,110.3751987972948,2,7.840000152587891,2026-08-19,SNPP,West Kalimantan,Ketapang
-0.5655181762332764,110.41904281179085,1,2.0199999809265137,2026-08-19,SNPP,West Kalimantan,Ketapang
-0.5655181762332764,110.42241542829052,1,2.0199999809265137,2026-08-19,SNPP,West Kalimantan,Ketapang
-0.5688906284542505,110.36851787738973,2,7.840000152587891,2026-08-19,SNPP,West Kalimantan,Ketapang
-0.5688906284542505,110.3718904958547,2,7.840000152587891,2026-08-19,SNPP,West Kalimantan,Ketapang
-0.5688906284542505,110.37526311431965,2,7.840000152587891,2026-08-19,SNPP,West Kalimantan,Ketapang
-0.5722630806752248,110.36858257293625,2,7.840000152587891,2026-08-19,SNPP,West Kalimantan,Ketapang
-0.5722630806752248,110.37195519337817,2,7.840000152587891,2026-08-19,SNPP,West Kalimantan,Ketapang
-0.5722630806752248,110.37532781382008,2,7.840000152587891,2026-08-19,SNPP,West Kalimantan,Ketapang
-0.5722630806752248,110.4528980839841,1,3.049999952316284,2026-08-19,SNPP,West Kalimantan,Ketapang
-0.5722630806752248,110.456270704426,1,3.049999952316284,2026-08-19,SNPP,West Kalimantan,Ketapang
-0.575635532896199,110.22699750885285,1,4.519999980926514,2026-08-19,SNPP,West Kalimantan,Ketapang
-0.575635532896199,110.2303701312834,1,6.590000152587891,2026-08-19,SNPP,West Kalimantan,Ketapang
-0.575635532896199,110.23374275371394,1,6.590000152587891,2026-08-19,SNPP,West Kalimantan,Ketapang
-0.575635532896199,110.45296321169994,1,3.049999952316284,2026-08-19,SNPP,West Kalimantan,Ketapang
-0.575635532896199,110.4563358341305,1,3.049999952316284,2026-08-19,SNPP,West Kalimantan,Ketapang
-0.5790079851171731,110.22706288529342,1,4.519999980926514,2026-08-19,SNPP,West Kalimantan,Ketapang
-0.5790079851171731,110.23043550972432,1,6.590000152587891,2026-08-19,SNPP,West Kalimantan,Ketapang
-0.5790079851171731,110.2338081341552,1,6.590000152587891,2026-08-19,SNPP,West Kalimantan,Ketapang
-0.5790079851171731,110.31137849606546,1,2.5899999141693115,2026-08-19,SNPP,West Kalimantan,Ketapang
-0.5790079851171731,110.31475112049634,1,2.5899999141693115,2026-08-19,SNPP,West Kalimantan,Ketapang
-0.5790079851171731,110.45302872216244,1,3.049999952316284,2026-08-19,SNPP,West Kalimantan,Ketapang
-0.5790079851171731,110.45640134659332,1,3.049999952316284,2026-08-19,SNPP,West Kalimantan,Ketapang
-0.5823804373381473,110.22038339081297,2,15.399999618530273,2026-08-19,SNPP,West Kalimantan,Ketapang
-0.5823804373381473,110.22375601725588,2,15.399999618530273,2026-08-19,SNPP,West Kalimantan,Ketapang
-0.5823804373381473,110.22712864369876,2,15.399999618530273,2026-08-19,SNPP,West Kalimantan,Ketapang
-0.5823804373381473,110.23050127014166,1,6.590000152587891,2026-08-19,SNPP,West Kalimantan,Ketapang
-0.5823804373381473,110.23387389658456,1,6.590000152587891,2026-08-19,SNPP,West Kalimantan,Ketapang
-0.5823804373381473,110.25748228168483,1,3.6500000953674316,2026-08-19,SNPP,West Kalimantan,Ketapang
-0.5823804373381473,110.26085490812771,1,3.6500000953674316,2026-08-19,SNPP,West Kalimantan,Ketapang
-0.5823804373381473,110.26422753457062,1,3.6500000953674316,2026-08-19,SNPP,West Kalimantan,Ketapang
-0.5823804373381473,110.31144430477114,1,2.5899999141693115,2026-08-19,SNPP,West Kalimantan,Ketapang
-0.5823804373381473,110.31481693121404,1,2.5899999141693115,2026-08-19,SNPP,West Kalimantan,Ketapang
-0.5857528895591214,110.2204495271368,2,15.399999618530273,2026-08-19,SNPP,West Kalimantan,Ketapang
-0.5857528895591214,110.2238221556034,2,15.399999618530273,2026-08-19,SNPP,West Kalimantan,Ketapang
-0.5857528895591214,110.22719478406998,2,15.399999618530273,2026-08-19,SNPP,West Kalimantan,Ketapang
-0.5857528895591214,110.25754844026936,1,3.6500000953674316,2026-08-19,SNPP,West Kalimantan,Ketapang
-0.5857528895591214,110.26092106873595,1,3.6500000953674316,2026-08-19,SNPP,West Kalimantan,Ketapang
-0.5857528895591214,110.26429369720255,1,3.6500000953674316,2026-08-19,SNPP,West Kalimantan,Ketapang
-0.5857528895591214,110.3115104957349,1,2.5899999141693115,2026-08-19,SNPP,West Kalimantan,Ketapang
-0.5857528895591214,110.31488312420149,1,2.5899999141693115,2026-08-19,SNPP,West Kalimantan,Ketapang
-0.5891253417800956,110.22051604540427,2,15.399999618530273,2026-08-19,SNPP,West Kalimantan,Ketapang
-0.5891253417800956,110.22388867590627,2,15.399999618530273,2026-08-19,SNPP,West Kalimantan,Ketapang
-0.5891253417800956,110.22726130640825,2,15.399999618530273,2026-08-19,SNPP,West Kalimantan,Ketapang
-0.5891253417800956,110.2576149809261,1,3.6500000953674316,2026-08-19,SNPP,West Kalimantan,Ketapang
-0.5891253417800956,110.26098761142809,1,3.6500000953674316,2026-08-19,SNPP,West Kalimantan,Ketapang
-0.5891253417800956,110.26436024193008,1,3.6500000953674316,2026-08-19,SNPP,West Kalimantan,Ketapang
-0.5891253417800956,110.31157706895786,1,2.5899999141693115,2026-08-19,SNPP,West Kalimantan,Ketapang
-0.5891253417800956,110.31494969945983,1,2.5899999141693115,2026-08-19,SNPP,West Kalimantan,Ketapang
-0.5924977940010697,110.31164402444118,1,2.5899999141693115,2026-08-19,SNPP,West Kalimantan,Ketapang
-0.5924977940010697,110.31501665699024,1,2.5899999141693115,2026-08-19,SNPP,West Kalimantan,Ketapang
-0.5992426984430181,110.10942088149723,1,5.860000133514404,2026-08-19,SNPP,West Kalimantan,Ketapang
-0.5992426984430181,110.11279351817551,1,5.860000133514404,2026-08-19,SNPP,West Kalimantan,Ketapang
-0.5992426984430181,110.11616615485377,1,5.860000133514404,2026-08-19,SNPP,West Kalimantan,Ketapang
-0.6026151506639923,110.10611622008001,1,3.5,2026-08-19,SNPP,West Kalimantan,Ketapang
-0.6026151506639923,110.10948885884044,1,5.860000133514404,2026-08-19,SNPP,West Kalimantan,Ketapang
-0.6026151506639923,110.11286149760083,1,5.860000133514404,2026-08-19,SNPP,West Kalimantan,Ketapang
-0.6026151506639923,110.11623413636123,1,5.860000133514404,2026-08-19,SNPP,West Kalimantan,Ketapang
-0.6059876028849664,110.10618457689318,1,3.5,2026-08-19,SNPP,West Kalimantan,Ketapang
-0.6059876028849664,110.10955721774741,1,5.860000133514404,2026-08-19,SNPP,West Kalimantan,Ketapang
-0.6059876028849664,110.11292985860165,1,5.860000133514404,2026-08-19,SNPP,West Kalimantan,Ketapang
-0.6059876028849664,110.11630249945587,1,5.860000133514404,2026-08-19,SNPP,West Kalimantan,Ketapang
-0.6093600551059406,110.10625331525965,1,3.5,2026-08-19,SNPP,West Kalimantan,Ketapang
-0.6093600551059406,110.10962595821938,1,3.5,2026-08-19,SNPP,West Kalimantan,Ketapang
-0.6093600551059406,110.11299860117914,1,5.860000133514404,2026-08-19,SNPP,West Kalimantan,Ketapang
-0.6127325073269148,110.10632243518062,1,3.5,2026-08-19,SNPP,West Kalimantan,Ketapang
-0.6127325073269148,110.10969508025755,1,3.5,2026-08-19,SNPP,West Kalimantan,Ketapang
-0.6127325073269148,110.19401120718112,2,10.15999984741211,2026-08-19,SNPP,West Kalimantan,Ketapang
-0.6127325073269148,110.19738385225807,2,10.15999984741211,2026-08-19,SNPP,West Kalimantan,Ketapang
-0.616104959547889,110.19408076400883,2,10.15999984741211,2026-08-19,SNPP,West Kalimantan,Ketapang
-0.616104959547889,110.19745341121465,2,10.15999984741211,2026-08-19,SNPP,West Kalimantan,Ketapang
-0.6194774117688632,110.19415070269729,2,10.15999984741211,2026-08-19,SNPP,West Kalimantan,Ketapang
-0.6194774117688632,110.19752335204369,2,10.15999984741211,2026-08-19,SNPP,West Kalimantan,Ketapang
-0.6194774117688632,110.2143865987757,1,2.259999990463257,2026-08-19,SNPP,West Kalimantan,Ketapang
-0.6194774117688632,110.2177592481221,1,2.259999990463257,2026-08-19,SNPP,West Kalimantan,Ketapang
-0.6194774117688632,110.22113189746851,1,2.259999990463257,2026-08-19,SNPP,West Kalimantan,Ketapang
-0.6228498639898374,110.19422102324775,1,6.650000095367432,2026-08-19,SNPP,West Kalimantan,Ketapang
-0.6228498639898374,110.1975936747464,1,6.650000095367432,2026-08-19,SNPP,West Kalimantan,Ketapang
-0.6228498639898374,110.21445693223971,1,6.289999961853027,2026-08-19,SNPP,West Kalimantan,Ketapang
-0.6228498639898374,110.21782958373838,1,6.289999961853027,2026-08-19,SNPP,West Kalimantan,Ketapang
-0.6228498639898374,110.22120223523704,1,6.289999961853027,2026-08-19,SNPP,West Kalimantan,Ketapang
-0.6228498639898374,110.22457488673571,1,6.289999961853027,2026-08-19,SNPP,West Kalimantan,Ketapang
-0.6228498639898374,110.35610829518356,1,3.0199999809265137,2026-08-19,SNPP,West Kalimantan,Ketapang
-0.6228498639898374,110.35948094668221,1,3.0199999809265137,2026-08-19,SNPP,West Kalimantan,Ketapang
-0.6262223162108116,110.19429172566137,1,6.650000095367432,2026-08-19,SNPP,West Kalimantan,Ketapang
-0.6262223162108116,110.19766437932398,1,6.650000095367432,2026-08-19,SNPP,West Kalimantan,Ketapang
-0.6262223162108116,110.21452764763704,1,6.289999961853027,2026-08-19,SNPP,West Kalimantan,Ketapang
-0.6262223162108116,110.21790030129965,1,6.289999961853027,2026-08-19,SNPP,West Kalimantan,Ketapang
-0.6262223162108116,110.22127295496226,1,6.289999961853027,2026-08-19,SNPP,West Kalimantan,Ketapang
-0.6262223162108116,110.22464560862488,1,6.289999961853027,2026-08-19,SNPP,West Kalimantan,Ketapang
-0.6262223162108116,110.35617910146672,1,3.0199999809265137,2026-08-19,SNPP,West Kalimantan,Ketapang
-0.6262223162108116,110.35955175512933,1,3.0199999809265137,2026-08-19,SNPP,West Kalimantan,Ketapang
-0.6295947684317857,110.21459874496894,1,6.289999961853027,2026-08-19,SNPP,West Kalimantan,Ketapang
-0.6295947684317857,110.21797140080717,1,6.289999961853027,2026-08-19,SNPP,West Kalimantan,Ketapang
-0.6295947684317857,110.22134405664542,1,6.289999961853027,2026-08-19,SNPP,West Kalimantan,Ketapang
-0.6295947684317857,110.22471671248368,1,6.289999961853027,2026-08-19,SNPP,West Kalimantan,Ketapang
-0.6295947684317857,110.35625029017531,1,3.0199999809265137,2026-08-19,SNPP,West Kalimantan,Ketapang
-0.6295947684317857,110.35962294601356,1,3.0199999809265137,2026-08-19,SNPP,West Kalimantan,Ketapang
-0.6329672206527599,110.21804288226217,1,5.46999979019165,2026-08-19,SNPP,West Kalimantan,Ketapang
-0.6329672206527599,110.22141554028774,1,6.559999942779541,2026-08-19,SNPP,West Kalimantan,Ketapang
-0.6329672206527599,110.2247881983133,1,6.559999942779541,2026-08-19,SNPP,West Kalimantan,Ketapang
-0.6869264561883467,110.08095805232492,1,37.290000915527344,2026-08-19,SNPP,West Kalimantan,Ketapang
-0.6869264561883467,110.0843307469372,1,37.290000915527344,2026-08-19,SNPP,West Kalimantan,Ketapang
-0.6869264561883467,110.08770344154948,1,37.290000915527344,2026-08-19,SNPP,West Kalimantan,Ketapang
-0.6869264561883467,110.09107613616176,1,37.290000915527344,2026-08-19,SNPP,West Kalimantan,Ketapang
-0.6902989084093208,110.08103592925502,1,37.290000915527344,2026-08-19,SNPP,West Kalimantan,Ketapang
-0.6902989084093208,110.0844086262533,1,37.290000915527344,2026-08-19,SNPP,West Kalimantan,Ketapang
-0.6902989084093208,110.08778132325163,1,37.290000915527344,2026-08-19,SNPP,West Kalimantan,Ketapang
-0.6902989084093208,110.09115402024992,1,37.290000915527344,2026-08-19,SNPP,West Kalimantan,Ketapang
-0.693671360630295,110.08111418767669,1,37.290000915527344,2026-08-19,SNPP,West Kalimantan,Ketapang
-0.693671360630295,110.0844868870727,1,37.290000915527344,2026-08-19,SNPP,West Kalimantan,Ketapang
-0.693671360630295,110.08785958646871,1,37.290000915527344,2026-08-19,SNPP,West Kalimantan,Ketapang
-0.693671360630295,110.09123228586472,1,37.290000915527344,2026-08-19,SNPP,West Kalimantan,Ketapang
-0.6970438128512692,110.08456552939666,1,10.0,2026-08-19,SNPP,West Kalimantan,Ketapang
-0.6970438128512692,110.08793823120206,1,10.0,2026-08-19,SNPP,West Kalimantan,Ketapang
-0.6970438128512692,110.09131093300746,1,10.0,2026-08-19,SNPP,West Kalimantan,Ketapang
-0.6970438128512692,110.11154714383986,2,4.090000152587891,2026-08-19,SNPP,West Kalimantan,Ketapang
-0.6970438128512692,110.11491984564525,2,4.090000152587891,2026-08-19,SNPP,West Kalimantan,Ketapang
-0.7004162650722434,110.08464455322658,1,10.0,2026-08-19,SNPP,West Kalimantan,Ketapang
-0.7004162650722434,110.08801725745309,1,10.0,2026-08-19,SNPP,West Kalimantan,Ketapang
-0.7004162650722434,110.09138996167955,1,10.0,2026-08-19,SNPP,West Kalimantan,Ketapang
-0.7004162650722434,110.11162618703845,2,4.090000152587891,2026-08-19,SNPP,West Kalimantan,Ketapang
-0.7004162650722434,110.11499889126493,2,4.090000152587891,2026-08-19,SNPP,West Kalimantan,Ketapang
-0.7037887172932176,110.08472395856384,1,10.0,2026-08-19,SNPP,West Kalimantan,Ketapang
-0.7037887172932176,110.08809666522312,1,10.0,2026-08-19,SNPP,West Kalimantan,Ketapang
-0.7037887172932176,110.09146937188237,1,10.0,2026-08-19,SNPP,West Kalimantan,Ketapang
-0.7037887172932176,110.11170561183788,2,4.090000152587891,2026-08-19,SNPP,West Kalimantan,Ketapang
-0.7037887172932176,110.11507831849713,2,4.090000152587891,2026-08-19,SNPP,West Kalimantan,Ketapang
-0.7071611695141917,110.11178541823952,1,4.090000152587891,2026-08-19,SNPP,West Kalimantan,Ketapang
-0.7071611695141917,110.11515812734324,1,4.090000152587891,2026-08-19,SNPP,West Kalimantan,Ketapang
-0.7105336217351659,110.11186560624475,1,4.090000152587891,2026-08-19,SNPP,West Kalimantan,Ketapang
-0.7105336217351659,110.11523831780463,1,4.090000152587891,2026-08-19,SNPP,West Kalimantan,Ketapang
0.041523223542075244,109.41207476980767,1,8.529999732971191,2026-08-19,SNPP,West Kalimantan,Kubu Raya
0.041523223542075244,109.41544722291428,1,8.529999732971191,2026-08-19,SNPP,West Kalimantan,Kubu Raya
0.041523223542075244,109.41881967602087,1,8.529999732971191,2026-08-19,SNPP,West Kalimantan,Kubu Raya
0.041523223542075244,109.42219212912748,1,8.529999732971191,2026-08-19,SNPP,West Kalimantan,Kubu Raya
0.03815077132110107,109.41207029213385,1,8.529999732971191,2026-08-19,SNPP,West Kalimantan,Kubu Raya
0.03815077132110107,109.41544274510244,1,8.529999732971191,2026-08-19,SNPP,West Kalimantan,Kubu Raya
0.03815077132110107,109.41881519807103,1,8.529999732971191,2026-08-19,SNPP,West Kalimantan,Kubu Raya
0.03815077132110107,109.42218765103962,1,8.529999732971191,2026-08-19,SNPP,West Kalimantan,Kubu Raya
0.034778319100126895,109.41206619352354,1,8.529999732971191,2026-08-19,SNPP,West Kalimantan,Kubu Raya
0.034778319100126895,109.4154386463658,1,8.529999732971191,2026-08-19,SNPP,West Kalimantan,Kubu Raya
0.034778319100126895,109.41881109920804,1,8.529999732971191,2026-08-19,SNPP,West Kalimantan,Kubu Raya
0.034778319100126895,109.4221835520503,1,8.529999732971191,2026-08-19,SNPP,West Kalimantan,Kubu Raya
-0.12035448306468519,109.58428286787165,1,6.349999904632568,2026-08-19,SNPP,West Kalimantan,Kubu Raya
-0.12035448306468519,109.587655327533,1,6.349999904632568,2026-08-19,SNPP,West Kalimantan,Kubu Raya
-0.12035448306468519,109.59102778719438,1,6.349999904632568,2026-08-19,SNPP,West Kalimantan,Kubu Raya
-0.12035448306468519,109.59440024685574,1,6.349999904632568,2026-08-19,SNPP,West Kalimantan,Kubu Raya
-0.12035448306468519,109.5977727065171,1,6.349999904632568,2026-08-19,SNPP,West Kalimantan,Kubu Raya
-0.12372693528565935,109.584296606843,1,6.349999904632568,2026-08-19,SNPP,West Kalimantan,Kubu Raya
-0.12372693528565935,109.58766906692718,1,6.349999904632568,2026-08-19,SNPP,West Kalimantan,Kubu Raya
-0.12372693528565935,109.59104152701136,1,6.349999904632568,2026-08-19,SNPP,West Kalimantan,Kubu Raya
-0.12372693528565935,109.59441398709554,1,6.349999904632568,2026-08-19,SNPP,West Kalimantan,Kubu Raya
-0.12372693528565935,109.59778644717971,1,6.349999904632568,2026-08-19,SNPP,West Kalimantan,Kubu Raya
-0.12709938750663355,109.5843107254777,1,6.349999904632568,2026-08-19,SNPP,West Kalimantan,Kubu Raya
-0.12709938750663355,109.5876831859964,1,6.349999904632568,2026-08-19,SNPP,West Kalimantan,Kubu Raya
-0.12709938750663355,109.59105564651507,1,6.349999904632568,2026-08-19,SNPP,West Kalimantan,Kubu Raya
-0.12709938750663355,109.59442810703376,1,6.349999904632568,2026-08-19,SNPP,West Kalimantan,Kubu Raya
-0.12709938750663355,109.59780056755244,1,6.349999904632568,2026-08-19,SNPP,West Kalimantan,Kubu Raya
-0.19454843192611704,109.47675373471216,1,8.029999732971191,2026-08-19,SNPP,West Kalimantan,Kubu Raya
-0.19454843192611704,109.48012620637456,1,8.029999732971191,2026-08-19,SNPP,West Kalimantan,Kubu Raya
-0.19454843192611704,109.48349867803697,1,8.029999732971191,2026-08-19,SNPP,West Kalimantan,Kubu Raya
-0.19454843192611704,109.48687114969935,1,8.029999732971191,2026-08-19,SNPP,West Kalimantan,Kubu Raya
-0.19792088414709122,109.47677580458884,1,8.029999732971191,2026-08-19,SNPP,West Kalimantan,Kubu Raya
-0.19792088414709122,109.48014827693112,1,22.329999923706055,2026-08-19,SNPP,West Kalimantan,Kubu Raya
-0.19792088414709122,109.4835207492734,1,22.329999923706055,2026-08-19,SNPP,West Kalimantan,Kubu Raya
-0.19792088414709122,109.48689322161566,1,22.329999923706055,2026-08-19,SNPP,West Kalimantan,Kubu Raya
-0.2012933363680654,109.47679825376193,1,8.029999732971191,2026-08-19,SNPP,West Kalimantan,Kubu Raya
-0.2012933363680654,109.48017072679576,1,22.329999923706055,2026-08-19,SNPP,West Kalimantan,Kubu Raya
-0.2012933363680654,109.48354319982958,1,22.329999923706055,2026-08-19,SNPP,West Kalimantan,Kubu Raya
-0.2012933363680654,109.4869156728634,1,22.329999923706055,2026-08-19,SNPP,West Kalimantan,Kubu Raya
-0.20466578858903958,109.48019355596885,1,22.329999923706055,2026-08-19,SNPP,West Kalimantan,Kubu Raya
-0.20466578858903958,109.48356602970593,1,22.329999923706055,2026-08-19,SNPP,West Kalimantan,Kubu Raya
-0.20466578858903958,109.48693850344299,1,22.329999923706055,2026-08-19,SNPP,West Kalimantan,Kubu Raya
-0.20803824081001376,109.4802167644508,1,4.989999771118164,2026-08-19,SNPP,West Kalimantan,Kubu Raya
-0.20803824081001376,109.4835892389028,1,4.989999771118164,2026-08-19,SNPP,West Kalimantan,Kubu Raya
-0.20803824081001376,109.48696171335477,1,4.989999771118164,2026-08-19,SNPP,West Kalimantan,Kubu Raya
-0.20803824081001376,109.57801852355847,1,15.859999656677246,2026-08-19,SNPP,West Kalimantan,Kubu Raya
-0.20803824081001376,109.58139099801046,1,15.859999656677246,2026-08-19,SNPP,West Kalimantan,Kubu Raya
-0.20803824081001376,109.58476347246246,1,15.859999656677246,2026-08-19,SNPP,West Kalimantan,Kubu Raya
-0.20803824081001376,109.58813594691443,1,15.859999656677246,2026-08-19,SNPP,West Kalimantan,Kubu Raya
-0.21141069303098792,109.57804213242132,1,15.859999656677246,2026-08-19,SNPP,West Kalimantan,Kubu Raya
-0.21141069303098792,109.58141460759991,1,15.859999656677246,2026-08-19,SNPP,West Kalimantan,Kubu Raya
-0.21141069303098792,109.58478708277852,1,15.859999656677246,2026-08-19,SNPP,West Kalimantan,Kubu Raya
-0.21141069303098792,109.58815955795711,1,15.859999656677246,2026-08-19,SNPP,West Kalimantan,Kubu Raya
-0.2147831452519621,109.57806612093269,1,15.859999656677246,2026-08-19,SNPP,West Kalimantan,Kubu Raya
-0.2147831452519621,109.58143859684958,1,15.859999656677246,2026-08-19,SNPP,West Kalimantan,Kubu Raya
-0.2147831452519621,109.58481107276648,1,15.859999656677246,2026-08-19,SNPP,West Kalimantan,Kubu Raya
-0.2147831452519621,109.58818354868338,1,15.859999656677246,2026-08-19,SNPP,West Kalimantan,Kubu Raya
-0.21815559747293628,109.58483544242675,1,13.75,2026-08-19,SNPP,West Kalimantan,Kubu Raya
-0.21815559747293628,109.58820791909362,1,13.75,2026-08-19,SNPP,West Kalimantan,Kubu Raya
-0.21815559747293628,109.59158039576047,1,13.75,2026-08-19,SNPP,West Kalimantan,Kubu Raya
-0.21815559747293628,109.59495287242734,1,13.75,2026-08-19,SNPP,West Kalimantan,Kubu Raya
-0.22152804969391046,109.58486019175973,1,13.75,2026-08-19,SNPP,West Kalimantan,Kubu Raya
-0.22152804969391046,109.58823266918826,1,13.75,2026-08-19,SNPP,West Kalimantan,Kubu Raya
-0.22152804969391046,109.59160514661679,1,13.75,2026-08-19,SNPP,West Kalimantan,Kubu Raya
-0.22152804969391046,109.59497762404531,1,13.75,2026-08-19,SNPP,West Kalimantan,Kubu Raya
-0.22490050191488464,109.58488532076586,1,13.75,2026-08-19,SNPP,West Kalimantan,Kubu Raya
-0.22490050191488464,109.58825779896773,1,13.75,2026-08-19,SNPP,West Kalimantan,Kubu Raya
-0.22490050191488464,109.59163027716961,1,13.75,2026-08-19,SNPP,West Kalimantan,Kubu Raya
-0.22490050191488464,109.59500275537148,1,13.75,2026-08-19,SNPP,West Kalimantan,Kubu Raya
-0.6397121250947082,114.72743666698906,1,18.149999618530273,2026-08-19,SNPP,Central Kalimantan,Murung Raya
-0.6397121250947082,114.73080932942433,1,18.149999618530273,2026-08-19,SNPP,Central Kalimantan,Murung Raya
-0.6397121250947082,114.73418199185963,1,18.149999618530273,2026-08-19,SNPP,Central Kalimantan,Murung Raya
-0.6430845773156824,114.72076693630898,2,18.149999618530273,2026-08-19,SNPP,Central Kalimantan,Murung Raya
-0.6430845773156824,114.72413960096664,2,18.149999618530273,2026-08-19,SNPP,Central Kalimantan,Murung Raya
-0.6430845773156824,114.7275122656243,2,31.530000686645508,2026-08-19,SNPP,Central Kalimantan,Murung Raya
-0.6430845773156824,114.73088493028196,2,31.530000686645508,2026-08-19,SNPP,Central Kalimantan,Murung Raya
-0.6430845773156824,114.73425759493965,2,31.530000686645508,2026-08-19,SNPP,Central Kalimantan,Murung Raya
-0.6464570295366565,114.720842928055,2,18.149999618530273,2026-08-19,SNPP,Central Kalimantan,Murung Raya
-0.6464570295366565,114.72421559494674,2,18.149999618530273,2026-08-19,SNPP,Central Kalimantan,Murung Raya
-0.6464570295366565,114.72758826183849,2,31.530000686645508,2026-08-19,SNPP,Central Kalimantan,Murung Raya
-0.6464570295366565,114.7309609287302,2,31.530000686645508,2026-08-19,SNPP,Central Kalimantan,Murung Raya
-0.6464570295366565,114.73433359562196,2,31.530000686645508,2026-08-19,SNPP,Central Kalimantan,Murung Raya
-0.6498294817576308,114.7209193173579,2,18.149999618530273,2026-08-19,SNPP,Central Kalimantan,Murung Raya
-0.6498294817576308,114.72429198649537,2,18.149999618530273,2026-08-19,SNPP,Central Kalimantan,Murung Raya
-0.6498294817576308,114.72766465563289,2,31.530000686645508,2026-08-19,SNPP,Central Kalimantan,Murung Raya
-0.6498294817576308,114.73103732477037,2,31.530000686645508,2026-08-19,SNPP,Central Kalimantan,Murung Raya
-0.6498294817576308,114.73440999390789,2,31.530000686645508,2026-08-19,SNPP,Central Kalimantan,Murung Raya
-0.6532019339786049,114.72099610421895,1,18.56999969482422,2026-08-19,SNPP,Central Kalimantan,Murung Raya
-0.6532019339786049,114.72436877561387,1,18.56999969482422,2026-08-19,SNPP,Central Kalimantan,Murung Raya
-0.6532019339786049,114.72774144700882,2,31.530000686645508,2026-08-19,SNPP,Central Kalimantan,Murung Raya
-0.6532019339786049,114.73111411840377,2,31.530000686645508,2026-08-19,SNPP,Central Kalimantan,Murung Raya
-0.6532019339786049,114.73448678979874,2,31.530000686645508,2026-08-19,SNPP,Central Kalimantan,Murung Raya
-0.7240234306190626,114.19318319094712,1,7.980000019073486,2026-08-19,SNPP,Central Kalimantan,Murung Raya
-0.7240234306190626,114.19655591244847,1,7.980000019073486,2026-08-19,SNPP,Central Kalimantan,Murung Raya
-0.7240234306190626,114.1999286339498,1,7.980000019073486,2026-08-19,SNPP,Central Kalimantan,Murung Raya
-0.7273958828400369,114.18989560563017,2,16.709999084472656,2026-08-19,SNPP,Central Kalimantan,Murung Raya
-0.7273958828400369,114.19326832964609,2,16.709999084472656,2026-08-19,SNPP,Central Kalimantan,Murung Raya
-0.7273958828400369,114.19664105366203,2,16.709999084472656,2026-08-19,SNPP,Central Kalimantan,Murung Raya
-0.7273958828400369,114.20001377767795,1,7.980000019073486,2026-08-19,SNPP,Central Kalimantan,Murung Raya
-0.730768335061011,114.18998113755826,2,16.709999084472656,2026-08-19,SNPP,Central Kalimantan,Murung Raya
-0.730768335061011,114.19335386410046,2,16.709999084472656,2026-08-19,SNPP,Central Kalimantan,Murung Raya
-0.730768335061011,114.19672659064268,2,16.709999084472656,2026-08-19,SNPP,Central Kalimantan,Murung Raya
-0.730768335061011,114.2000993171849,1,7.980000019073486,2026-08-19,SNPP,Central Kalimantan,Murung Raya
-0.7341407872819852,114.19006706523155,2,16.709999084472656,2026-08-19,SNPP,Central Kalimantan,Murung Raya
-0.7341407872819852,114.1934397943117,2,16.709999084472656,2026-08-19,SNPP,Central Kalimantan,Murung Raya
-0.7341407872819852,114.1968125233919,2,16.709999084472656,2026-08-19,SNPP,Central Kalimantan,Murung Raya
-0.7341407872819852,114.20018525247207,1,7.980000019073486,2026-08-19,SNPP,Central Kalimantan,Murung Raya
0.004426249111359315,110.84533856206961,1,2.319999933242798,2026-08-19,SNPP,West Kalimantan,Sekadau
0.004426249111359315,110.84871101430065,1,2.319999933242798,2026-08-19,SNPP,West Kalimantan,Sekadau
0.004426249111359315,110.85208346653168,1,2.319999933242798,2026-08-19,SNPP,West Kalimantan,Sekadau
0.0010537968903851403,110.84533825005695,1,2.319999933242798,2026-08-19,SNPP,West Kalimantan,Sekadau
0.0010537968903851403,110.8487107022785,1,2.319999933242798,2026-08-19,SNPP,West Kalimantan,Sekadau
0.0010537968903851403,110.85208315450004,1,2.319999933242798,2026-08-19,SNPP,West Kalimantan,Sekadau
-0.0023186553305890355,110.8453383220731,1,2.319999933242798,2026-08-19,SNPP,West Kalimantan,Sekadau
-0.0023186553305890355,110.84871077429683,1,2.319999933242798,2026-08-19,SNPP,West Kalimantan,Sekadau
-0.0023186553305890355,110.85208322652058,1,2.319999933242798,2026-08-19,SNPP,West Kalimantan,Sekadau
-0.04616053420325332,110.98027233753092,1,4.730000019073486,2026-08-19,SNPP,West Kalimantan,Sekadau
-0.04616053420325332,110.98364479084638,1,4.730000019073486,2026-08-19,SNPP,West Kalimantan,Sekadau
-0.04616053420325332,110.98701724416185,1,4.730000019073486,2026-08-19,SNPP,West Kalimantan,Sekadau
-0.049532986424227494,110.98027779258393,1,4.730000019073486,2026-08-19,SNPP,West Kalimantan,Sekadau
-0.049532986424227494,110.98365024606518,1,4.730000019073486,2026-08-19,SNPP,West Kalimantan,Sekadau
-0.049532986424227494,110.98702269954642,1,4.730000019073486,2026-08-19,SNPP,West Kalimantan,Sekadau
-0.05290543864520167,110.69025261748698,1,8.050000190734863,2026-08-19,SNPP,West Kalimantan,Sanggau
-0.05290543864520167,110.69362507114566,1,8.050000190734863,2026-08-19,SNPP,West Kalimantan,Sanggau
-0.05290543864520167,110.69699752480433,1,8.050000190734863,2026-08-19,SNPP,West Kalimantan,Sanggau
-0.05290543864520167,110.98028363213382,1,4.730000019073486,2026-08-19,SNPP,West Kalimantan,Sekadau
-0.05290543864520167,110.9836560857925,1,4.730000019073486,2026-08-19,SNPP,West Kalimantan,Sekadau
-0.05290543864520167,110.98702853945119,1,4.730000019073486,2026-08-19,SNPP,West Kalimantan,Sekadau
-0.05627789086617584,110.69025882526817,1,8.050000190734863,2026-08-19,SNPP,West Kalimantan,Sanggau
-0.05627789086617584,110.69363127911599,1,8.050000190734863,2026-08-19,SNPP,West Kalimantan,Sanggau
-0.05627789086617584,110.69700373296381,1,8.050000190734863,2026-08-19,SNPP,West Kalimantan,Sanggau
-0.05965034308715002,110.6902654165416,1,8.050000190734863,2026-08-19,SNPP,West Kalimantan,Sanggau
-0.05965034308715002,110.69363787059027,1,8.050000190734863,2026-08-19,SNPP,West Kalimantan,Sanggau
-0.05965034308715002,110.6970103246389,1,8.050000190734863,2026-08-19,SNPP,West Kalimantan,Sanggau
-0.06302279530812419,110.98030345776571,1,7.349999904632568,2026-08-19,SNPP,West Kalimantan,Sekadau
-0.06302279530812419,110.98367591202685,1,7.349999904632568,2026-08-19,SNPP,West Kalimantan,Sekadau
-0.06302279530812419,110.987048366288,1,7.349999904632568,2026-08-19,SNPP,West Kalimantan,Sekadau
-0.06639524752909837,110.98031083530414,1,7.349999904632568,2026-08-19,SNPP,West Kalimantan,Sekadau
-0.06639524752909837,110.98368328978947,1,5.860000133514404,2026-08-19,SNPP,West Kalimantan,Sekadau
-0.06639524752909837,110.9870557442748,1,5.860000133514404,2026-08-19,SNPP,West Kalimantan,Sekadau
-0.06976769975007255,110.98031859734,1,7.349999904632568,2026-08-19,SNPP,West Kalimantan,Sekadau
-0.06976769975007255,110.98369105206119,1,5.860000133514404,2026-08-19,SNPP,West Kalimantan,Sekadau
-0.06976769975007255,110.9870635067824,1,5.860000133514404,2026-08-19,SNPP,West Kalimantan,Sekadau
-0.07314015197104673,110.98369919884219,1,5.860000133514404,2026-08-19,SNPP,West Kalimantan,Sekadau
-0.07314015197104673,110.98707165381094,1,5.860000133514404,2026-08-19,SNPP,West Kalimantan,Sekadau
-0.08662996085494343,110.8994242291661,2,10.5,2026-08-19,SNPP,West Kalimantan,Sekadau
-0.08662996085494343,110.90279668524191,2,10.5,2026-08-19,SNPP,West Kalimantan,Sekadau
-0.08662996085494343,110.90616914131775,2,10.5,2026-08-19,SNPP,West Kalimantan,Sekadau
-0.09000241307591761,110.89943429084622,2,10.5,2026-08-19,SNPP,West Kalimantan,Sekadau
-0.09000241307591761,110.90280674722801,2,10.5,2026-08-19,SNPP,West Kalimantan,Sekadau
-0.09000241307591761,110.90617920360981,2,10.5,2026-08-19,SNPP,West Kalimantan,Sekadau
-0.09000241307591761,110.9095516599916,1,9.850000381469727,2026-08-19,SNPP,West Kalimantan,Sekadau
-0.09337486529689178,110.89944473674443,2,10.5,2026-08-19,SNPP,West Kalimantan,Sekadau
-0.09337486529689178,110.90281719344388,2,10.5,2026-08-19,SNPP,West Kalimantan,Sekadau
-0.09337486529689178,110.90618965014336,2,10.5,2026-08-19,SNPP,West Kalimantan,Sekadau
-0.09337486529689178,110.9095621068428,1,9.850000381469727,2026-08-19,SNPP,West Kalimantan,Sekadau
-0.09674731751786596,110.89945556686092,1,7.329999923706055,2026-08-19,SNPP,West Kalimantan,Sekadau
-0.09674731751786596,110.90282802388973,1,7.329999923706055,2026-08-19,SNPP,West Kalimantan,Sekadau
-0.09674731751786596,110.90620048091854,1,7.329999923706055,2026-08-19,SNPP,West Kalimantan,Sekadau
-0.09674731751786596,110.90957293794735,1,9.850000381469727,2026-08-19,SNPP,West Kalimantan,Sekadau
-0.11023712640176266,110.84554339410528,2,8.800000190734863,2026-08-19,SNPP,West Kalimantan,Sekadau
-0.11023712640176266,110.8489158525683,2,8.800000190734863,2026-08-19,SNPP,West Kalimantan,Sekadau
-0.11360957862273684,110.8455561391119,2,8.800000190734863,2026-08-19,SNPP,West Kalimantan,Sekadau
-0.11360957862273684,110.84892859796267,2,8.800000190734863,2026-08-19,SNPP,West Kalimantan,Sekadau
-0.116982030843711,110.84556926815108,2,8.800000190734863,2026-08-19,SNPP,West Kalimantan,Sekadau
-0.116982030843711,110.84894172740131,2,8.800000190734863,2026-08-19,SNPP,West Kalimantan,Sekadau
-0.15745145749540113,110.70748570809599,1,6.369999885559082,2026-08-19,SNPP,West Kalimantan,Sanggau
-0.15745145749540113,110.71085817305097,2,14.170000076293945,2026-08-19,SNPP,West Kalimantan,Sanggau
-0.15745145749540113,110.71423063800596,2,14.170000076293945,2026-08-19,SNPP,West Kalimantan,Sanggau
-0.16082390971637528,110.7075038069765,1,6.369999885559082,2026-08-19,SNPP,West Kalimantan,Sanggau
-0.16082390971637528,110.71087627248282,2,14.170000076293945,2026-08-19,SNPP,West Kalimantan,Sanggau
-0.16082390971637528,110.71424873798915,2,14.170000076293945,2026-08-19,SNPP,West Kalimantan,Sanggau
-0.16419636193734946,110.70752228941431,1,6.369999885559082,2026-08-19,SNPP,West Kalimantan,Sanggau
-0.16419636193734946,110.71089475548366,2,14.170000076293945,2026-08-19,SNPP,West Kalimantan,Sanggau
-0.16419636193734946,110.71426722155303,2,14.170000076293945,2026-08-19,SNPP,West Kalimantan,Sanggau
-0.18105862304222034,110.56597675446433,1,5.980000019073486,2026-08-19,SNPP,West Kalimantan,Sanggau
-0.18105862304222034,110.56934922352409,2,5.980000019073486,2026-08-19,SNPP,West Kalimantan,Sanggau
-0.18105862304222034,110.57272169258385,2,5.980000019073486,2026-08-19,SNPP,West Kalimantan,Sanggau
-0.18105862304222034,110.57609416164361,2,5.980000019073486,2026-08-19,SNPP,West Kalimantan,Sanggau
-0.18443107526319452,110.56599751166128,1,5.980000019073486,2026-08-19,SNPP,West Kalimantan,Sanggau
-0.18443107526319452,110.56936998135417,2,5.980000019073486,2026-08-19,SNPP,West Kalimantan,Sanggau
-0.18443107526319452,110.57274245104706,2,5.980000019073486,2026-08-19,SNPP,West Kalimantan,Sanggau
-0.18443107526319452,110.57611492073995,2,5.980000019073486,2026-08-19,SNPP,West Kalimantan,Sanggau
-0.18780352748416868,110.56601865192715,1,5.980000019073486,2026-08-19,SNPP,West Kalimantan,Sanggau
-0.18780352748416868,110.56939112226486,2,5.980000019073486,2026-08-19,SNPP,West Kalimantan,Sanggau
-0.18780352748416868,110.57276359260257,2,5.980000019073486,2026-08-19,SNPP,West Kalimantan,Sanggau
-0.18780352748416868,110.57613606294026,2,5.980000019073486,2026-08-19,SNPP,West Kalimantan,Sanggau
-0.19792088414709122,110.76168776699377,1,3.369999885559082,2026-08-19,SNPP,West Kalimantan,Sekadau
-0.19792088414709122,110.76506023933604,1,3.369999885559082,2026-08-19,SNPP,West Kalimantan,Sekadau
-0.19792088414709122,110.76843271167832,1,3.369999885559082,2026-08-19,SNPP,West Kalimantan,Sekadau
-0.2012933363680654,110.76171047964931,1,3.369999885559082,2026-08-19,SNPP,West Kalimantan,Sekadau
-0.2012933363680654,110.76508295268313,1,3.369999885559082,2026-08-19,SNPP,West Kalimantan,Sekadau
-0.2012933363680654,110.76845542571697,1,3.369999885559082,2026-08-19,SNPP,West Kalimantan,Sekadau
-0.20466578858903958,110.76173357605339,1,3.369999885559082,2026-08-19,SNPP,West Kalimantan,Sekadau
-0.20466578858903958,110.76510604979046,1,3.369999885559082,2026-08-19,SNPP,West Kalimantan,Sekadau
-0.20466578858903958,110.76847852352752,1,3.369999885559082,2026-08-19,SNPP,West Kalimantan,Sekadau
-0.20466578858903958,110.7718509972646,1,3.369999885559082,2026-08-19,SNPP,West Kalimantan,Sekadau
-0.20466578858903958,110.78196841847578,1,3.1700000762939453,2026-08-19,SNPP,West Kalimantan,Sekadau
-0.20466578858903958,110.78534089221284,1,3.1700000762939453,2026-08-19,SNPP,West Kalimantan,Sekadau
-0.20466578858903958,110.78871336594992,1,3.1700000762939453,2026-08-19,SNPP,West Kalimantan,Sekadau
-0.20803824081001376,110.76512953065837,1,3.369999885559082,2026-08-19,SNPP,West Kalimantan,Sekadau
-0.20803824081001376,110.76850200511038,1,3.369999885559082,2026-08-19,SNPP,West Kalimantan,Sekadau
-0.20803824081001376,110.77187447956236,1,3.369999885559082,2026-08-19,SNPP,West Kalimantan,Sekadau
-0.20803824081001376,110.78199190291832,1,3.1700000762939453,2026-08-19,SNPP,West Kalimantan,Sekadau
-0.20803824081001376,110.78536437737031,1,3.1700000762939453,2026-08-19,SNPP,West Kalimantan,Sekadau
-0.20803824081001376,110.78873685182229,1,3.1700000762939453,2026-08-19,SNPP,West Kalimantan,Sekadau
-0.21141069303098792,110.76515339528731,1,3.369999885559082,2026-08-19,SNPP,West Kalimantan,Sekadau
-0.21141069303098792,110.76852587046592,1,3.369999885559082,2026-08-19,SNPP,West Kalimantan,Sekadau
-0.21141069303098792,110.77189834564452,1,3.369999885559082,2026-08-19,SNPP,West Kalimantan,Sekadau
-0.21141069303098792,110.7820157711803,1,3.1700000762939453,2026-08-19,SNPP,West Kalimantan,Sekadau
-0.21141069303098792,110.7853882463589,1,3.1700000762939453,2026-08-19,SNPP,West Kalimantan,Sekadau
-0.21141069303098792,110.78876072153749,1,3.1700000762939453,2026-08-19,SNPP,West Kalimantan,Sekadau
-0.21141069303098792,110.81236804778767,1,7.840000152587891,2026-08-19,SNPP,West Kalimantan,Sekadau
-0.21141069303098792,110.81574052296625,1,7.840000152587891,2026-08-19,SNPP,West Kalimantan,Sekadau
-0.2147831452519621,110.81239230651413,1,7.840000152587891,2026-08-19,SNPP,West Kalimantan,Sekadau
-0.2147831452519621,110.81576478243103,1,7.840000152587891,2026-08-19,SNPP,West Kalimantan,Sekadau
-0.2147831452519621,110.81913725834794,1,6.809999942779541,2026-08-19,SNPP,West Kalimantan,Sekadau
-0.21815559747293628,110.81241694916605,1,7.840000152587891,2026-08-19,SNPP,West Kalimantan,Sekadau
-0.21815559747293628,110.8157894258329,1,7.840000152587891,2026-08-19,SNPP,West Kalimantan,Sekadau
-0.21815559747293628,110.81916190249979,1,6.809999942779541,2026-08-19,SNPP,West Kalimantan,Sekadau
-0.22152804969391046,110.81244197574382,1,7.840000152587891,2026-08-19,SNPP,West Kalimantan,Sekadau
-0.22152804969391046,110.81581445317234,1,7.840000152587891,2026-08-19,SNPP,West Kalimantan,Sekadau
-0.22152804969391046,110.81918693060088,1,6.809999942779541,2026-08-19,SNPP,West Kalimantan,Sekadau
-0.26199747634560056,110.70485264170317,1,38.63999938964844,2026-08-19,SNPP,West Kalimantan,Sekadau
-0.26199747634560056,110.70822512918302,1,38.63999938964844,2026-08-19,SNPP,West Kalimantan,Sekadau
-0.26199747634560056,110.71159761666287,1,38.63999938964844,2026-08-19,SNPP,West Kalimantan,Sekadau
-0.26536992856657476,110.70488263012506,1,38.63999938964844,2026-08-19,SNPP,West Kalimantan,Sekadau
-0.26536992856657476,110.70825511851848,1,38.63999938964844,2026-08-19,SNPP,West Kalimantan,Sekadau
-0.26536992856657476,110.71162760691189,1,38.63999938964844,2026-08-19,SNPP,West Kalimantan,Sekadau
-0.2687423807875489,110.70491300210557,1,38.63999938964844,2026-08-19,SNPP,West Kalimantan,Sekadau
-0.2687423807875489,110.70828549142423,1,38.63999938964844,2026-08-19,SNPP,West Kalimantan,Sekadau
-0.2687423807875489,110.71165798074288,1,38.63999938964844,2026-08-19,SNPP,West Kalimantan,Sekadau
-0.2754872852294973,110.6543875286815,1,5.289999961853027,2026-08-19,SNPP,West Kalimantan,Sekadau
-0.2754872852294973,110.6577600198857,1,5.289999961853027,2026-08-19,SNPP,West Kalimantan,Sekadau
-0.2754872852294973,110.6611325110899,1,5.289999961853027,2026-08-19,SNPP,West Kalimantan,Sekadau
-0.27885973745047143,110.6544190369366,1,5.289999961853027,2026-08-19,SNPP,West Kalimantan,Sekadau
-0.27885973745047143,110.6577915291011,1,5.289999961853027,2026-08-19,SNPP,West Kalimantan,Sekadau
-0.27885973745047143,110.6611640212656,1,5.289999961853027,2026-08-19,SNPP,West Kalimantan,Sekadau
-0.2822321896714456,110.65445092857719,1,5.289999961853027,2026-08-19,SNPP,West Kalimantan,Sekadau
-0.2822321896714456,110.65782342171369,1,5.289999961853027,2026-08-19,SNPP,West Kalimantan,Sekadau
-0.2822321896714456,110.66119591485015,1,5.289999961853027,2026-08-19,SNPP,West Kalimantan,Sekadau
-0.2957219985553423,110.71528727754863,1,6.900000095367432,2026-08-19,SNPP,West Kalimantan,Sekadau
-0.2957219985553423,110.7186597746899,1,6.900000095367432,2026-08-19,SNPP,West Kalimantan,Sekadau
-0.2957219985553423,110.72203227183117,1,6.900000095367432,2026-08-19,SNPP,West Kalimantan,Sekadau
-0.2957219985553423,110.75912974038518,1,5.099999904632568,2026-08-19,SNPP,West Kalimantan,Sekadau
-0.2957219985553423,110.76250223752645,1,5.099999904632568,2026-08-19,SNPP,West Kalimantan,Sekadau
-0.2990944507763165,110.66810613026897,2,8.020000457763672,2026-08-19,SNPP,West Kalimantan,Sekadau
-0.2990944507763165,110.67147862844065,2,8.020000457763672,2026-08-19,SNPP,West Kalimantan,Sekadau
-0.2990944507763165,110.67485112661232,2,8.020000457763672,2026-08-19,SNPP,West Kalimantan,Sekadau
-0.2990944507763165,110.71532110467248,1,6.900000095367432,2026-08-19,SNPP,West Kalimantan,Sekadau
-0.2990944507763165,110.71869360284417,1,6.900000095367432,2026-08-19,SNPP,West Kalimantan,Sekadau
-0.2990944507763165,110.72206610101586,1,6.900000095367432,2026-08-19,SNPP,West Kalimantan,Sekadau
-0.2990944507763165,110.75916358090433,1,5.099999904632568,2026-08-19,SNPP,West Kalimantan,Sekadau
-0.2990944507763165,110.762536079076,1,5.099999904632568,2026-08-19,SNPP,West Kalimantan,Sekadau
-0.3024669029972907,110.66814032640275,2,8.020000457763672,2026-08-19,SNPP,West Kalimantan,Sekadau
-0.3024669029972907,110.67151282561653,2,8.020000457763672,2026-08-19,SNPP,West Kalimantan,Sekadau
-0.3024669029972907,110.6748853248303,2,8.020000457763672,2026-08-19,SNPP,West Kalimantan,Sekadau
-0.3024669029972907,110.7119828161818,1,6.159999847412109,2026-08-19,SNPP,West Kalimantan,Sekadau
-0.3024669029972907,110.71535531539557,1,6.159999847412109,2026-08-19,SNPP,West Kalimantan,Sekadau
-0.3024669029972907,110.71872781460935,1,6.159999847412109,2026-08-19,SNPP,West Kalimantan,Sekadau
-0.3024669029972907,110.72210031382312,1,6.900000095367432,2026-08-19,SNPP,West Kalimantan,Sekadau
-0.3024669029972907,110.75919780517462,1,5.099999904632568,2026-08-19,SNPP,West Kalimantan,Sekadau
-0.3024669029972907,110.76257030438839,1,5.099999904632568,2026-08-19,SNPP,West Kalimantan,Sekadau
-0.30583935521826483,110.66817490597282,2,8.020000457763672,2026-08-19,SNPP,West Kalimantan,Sekadau
-0.30583935521826483,110.67154740624036,2,8.020000457763672,2026-08-19,SNPP,West Kalimantan,Sekadau
-0.30583935521826483,110.67491990650791,2,8.020000457763672,2026-08-19,SNPP,West Kalimantan,Sekadau
-0.30583935521826483,110.71201740945097,1,6.159999847412109,2026-08-19,SNPP,West Kalimantan,Sekadau
-0.30583935521826483,110.71538990971851,1,6.159999847412109,2026-08-19,SNPP,West Kalimantan,Sekadau
-0.30583935521826483,110.71876240998607,1,6.159999847412109,2026-08-19,SNPP,West Kalimantan,Sekadau
-0.309211807439239,110.71205238630887,1,6.159999847412109,2026-08-19,SNPP,West Kalimantan,Sekadau
-0.309211807439239,110.71542488764187,1,6.159999847412109,2026-08-19,SNPP,West Kalimantan,Sekadau
-0.309211807439239,110.7187973889749,1,6.159999847412109,2026-08-19,SNPP,West Kalimantan,Sekadau
-0.3125842596602132,110.61091267445134,1,19.270000457763672,2026-08-19,SNPP,West Kalimantan,Sekadau
-0.3125842596602132,110.61428517686151,2,22.760000228881836,2026-08-19,SNPP,West Kalimantan,Sekadau
-0.3125842596602132,110.61765767927167,2,22.760000228881836,2026-08-19,SNPP,West Kalimantan,Sekadau
-0.3125842596602132,110.62103018168182,2,22.760000228881836,2026-08-19,SNPP,West Kalimantan,Sekadau
-0.31595671188118735,110.6109483858236,1,19.270000457763672,2026-08-19,SNPP,West Kalimantan,Sekadau
-0.31595671188118735,110.61432088932261,2,22.760000228881836,2026-08-19,SNPP,West Kalimantan,Sekadau
-0.31595671188118735,110.6176933928216,2,22.760000228881836,2026-08-19,SNPP,West Kalimantan,Sekadau
-0.31595671188118735,110.62106589632059,2,22.760000228881836,2026-08-19,SNPP,West Kalimantan,Sekadau
-0.31932916410216156,110.61098448043592,1,19.270000457763672,2026-08-19,SNPP,West Kalimantan,Sekadau
-0.31932916410216156,110.61435698503543,2,22.760000228881836,2026-08-19,SNPP,West Kalimantan,Sekadau
-0.31932916410216156,110.61772948963494,2,22.760000228881836,2026-08-19,SNPP,West Kalimantan,Sekadau
-0.31932916410216156,110.62110199423445,2,22.760000228881836,2026-08-19,SNPP,West Kalimantan,Sekadau
-0.31932916410216156,110.7728647012123,1,2.9800000190734863,2026-08-19,SNPP,West Kalimantan,Sekadau
-0.31932916410216156,110.7762372058118,1,5.099999904632568,2026-08-19,SNPP,West Kalimantan,Sekadau
-0.31932916410216156,110.7796097104113,1,5.099999904632568,2026-08-19,SNPP,West Kalimantan,Sekadau
-0.31932916410216156,110.7829822150108,1,4.230000019073486,2026-08-19,SNPP,West Kalimantan,Sekadau
-0.3227016163231357,110.77290123245095,1,2.9800000190734863,2026-08-19,SNPP,West Kalimantan,Sekadau
-0.3227016163231357,110.77627373816266,1,5.099999904632568,2026-08-19,SNPP,West Kalimantan,Sekadau
-0.3227016163231357,110.77964624387437,1,5.099999904632568,2026-08-19,SNPP,West Kalimantan,Sekadau
-0.3227016163231357,110.78301874958608,1,4.230000019073486,2026-08-19,SNPP,West Kalimantan,Sekadau
-0.3260740685441099,110.63466536723236,1,6.980000019073486,2026-08-19,SNPP,West Kalimantan,Sekadau
-0.3260740685441099,110.63803787406793,1,9.960000038146973,2026-08-19,SNPP,West Kalimantan,Sekadau
-0.3260740685441099,110.64141038090354,1,9.960000038146973,2026-08-19,SNPP,West Kalimantan,Sekadau
-0.3260740685441099,110.77293814749179,1,2.9800000190734863,2026-08-19,SNPP,West Kalimantan,Sekadau
-0.3260740685441099,110.77631065432738,1,5.099999904632568,2026-08-19,SNPP,West Kalimantan,Sekadau
-0.3260740685441099,110.77968316116296,1,5.099999904632568,2026-08-19,SNPP,West Kalimantan,Sekadau
-0.3260740685441099,110.78305566799857,1,4.230000019073486,2026-08-19,SNPP,West Kalimantan,Sekadau
-0.32944652076508407,110.63470261951754,1,6.980000019073486,2026-08-19,SNPP,West Kalimantan,Sekadau
-0.32944652076508407,110.63807512748872,1,9.960000038146973,2026-08-19,SNPP,West Kalimantan,Sekadau
-0.32944652076508407,110.64144763545987,1,9.960000038146973,2026-08-19,SNPP,West Kalimantan,Sekadau
-0.3328189729860582,110.63474025512713,1,6.980000019073486,2026-08-19,SNPP,West Kalimantan,Sekadau
-0.3328189729860582,110.63811276424555,1,9.960000038146973,2026-08-19,SNPP,West Kalimantan,Sekadau
-0.3328189729860582,110.64148527336397,1,9.960000038146973,2026-08-19,SNPP,West Kalimantan,Sekadau
-0.3597985907538516,110.61144750874092,1,25.309999465942383,2026-08-19,SNPP,West Kalimantan,Sekadau
-0.3597985907538516,110.61482002745808,2,25.309999465942383,2026-08-19,SNPP,West Kalimantan,Sekadau
-0.3597985907538516,110.61819254617522,2,25.309999465942383,2026-08-19,SNPP,West Kalimantan,Sekadau
-0.36317104297482583,110.61148858553307,1,25.309999465942383,2026-08-19,SNPP,West Kalimantan,Sekadau
-0.36317104297482583,110.61486110550264,2,25.309999465942383,2026-08-19,SNPP,West Kalimantan,Sekadau
-0.36317104297482583,110.6182336254722,2,25.309999465942383,2026-08-19,SNPP,West Kalimantan,Sekadau
-0.3665434951958,110.6115300455746,1,25.309999465942383,2026-08-19,SNPP,West Kalimantan,Sekadau
-0.3665434951958,110.61490256680827,2,25.309999465942383,2026-08-19,SNPP,West Kalimantan,Sekadau
-0.3665434951958,110.61827508804194,2,25.309999465942383,2026-08-19,SNPP,West Kalimantan,Sekadau
-0.3699159474167742,110.61157188886625,1,25.309999465942383,2026-08-19,SNPP,West Kalimantan,Sekadau
-0.3699159474167742,110.61494441137572,1,25.309999465942383,2026-08-19,SNPP,West Kalimantan,Sekadau
-0.37328839963774835,110.61161411540873,1,25.309999465942383,2026-08-19,SNPP,West Kalimantan,Sekadau
-0.37328839963774835,110.61498663920568,1,25.309999465942383,2026-08-19,SNPP,West Kalimantan,Sekadau
-0.38340575630067086,110.6994288155152,1,8.020000457763672,2026-08-19,SNPP,West Kalimantan,Sekadau
-0.38340575630067086,110.70280134324469,1,8.020000457763672,2026-08-19,SNPP,West Kalimantan,Sekadau
-0.38340575630067086,110.70617387097418,1,8.020000457763672,2026-08-19,SNPP,West Kalimantan,Sekadau
-0.386778208521645,110.68935502256703,1,9.100000381469727,2026-08-19,SNPP,West Kalimantan,Sekadau
-0.386778208521645,110.69272755163072,1,9.100000381469727,2026-08-19,SNPP,West Kalimantan,Sekadau
-0.386778208521645,110.69947260975815,1,8.020000457763672,2026-08-19,SNPP,West Kalimantan,Sekadau
-0.386778208521645,110.70284513882184,1,8.020000457763672,2026-08-19,SNPP,West Kalimantan,Sekadau
-0.386778208521645,110.70621766788555,1,8.020000457763672,2026-08-19,SNPP,West Kalimantan,Sekadau
-0.3901506607426192,110.68939919633063,1,9.100000381469727,2026-08-19,SNPP,West Kalimantan,Sekadau
-0.3901506607426192,110.69277172674025,1,9.100000381469727,2026-08-19,SNPP,West Kalimantan,Sekadau
-0.3901506607426192,110.69951678755945,1,8.020000457763672,2026-08-19,SNPP,West Kalimantan,Sekadau
-0.3901506607426192,110.70288931796907,1,8.020000457763672,2026-08-19,SNPP,West Kalimantan,Sekadau
-0.3901506607426192,110.70626184837869,1,8.020000457763672,2026-08-19,SNPP,West Kalimantan,Sekadau
-0.3935231129635934,110.68944375361832,1,9.100000381469727,2026-08-19,SNPP,West Kalimantan,Sekadau
-0.3935231129635934,110.69281628538552,1,9.100000381469727,2026-08-19,SNPP,West Kalimantan,Sekadau
-0.3968955651845676,110.7130964263862,1,2.930000066757202,2026-08-19,SNPP,West Kalimantan,Sekadau
-0.3968955651845676,110.71646895952267,1,2.930000066757202,2026-08-19,SNPP,West Kalimantan,Sekadau
-0.3968955651845676,110.71984149265916,1,2.930000066757202,2026-08-19,SNPP,West Kalimantan,Sekadau
-0.3968955651845676,110.78729215538863,1,5.869999885559082,2026-08-19,SNPP,West Kalimantan,Sekadau
-0.3968955651845676,110.79066468852511,1,5.869999885559082,2026-08-19,SNPP,West Kalimantan,Sekadau
-0.3968955651845676,110.79403722166158,1,5.869999885559082,2026-08-19,SNPP,West Kalimantan,Sekadau
-0.3968955651845676,110.79740975479805,1,5.869999885559082,2026-08-19,SNPP,West Kalimantan,Sekadau
-0.4002680174055418,110.71314176039112,1,2.930000066757202,2026-08-19,SNPP,West Kalimantan,Sekadau
-0.4002680174055418,110.71651429490855,1,2.930000066757202,2026-08-19,SNPP,West Kalimantan,Sekadau
-0.4002680174055418,110.719886829426,1,2.930000066757202,2026-08-19,SNPP,West Kalimantan,Sekadau
-0.4002680174055418,110.7873375197747,1,5.869999885559082,2026-08-19,SNPP,West Kalimantan,Sekadau
-0.4002680174055418,110.79071005429213,1,5.869999885559082,2026-08-19,SNPP,West Kalimantan,Sekadau
-0.4002680174055418,110.79408258880956,1,5.869999885559082,2026-08-19,SNPP,West Kalimantan,Sekadau
-0.4002680174055418,110.797455123327,1,5.869999885559082,2026-08-19,SNPP,West Kalimantan,Sekadau
-0.40364046962651595,110.71318747800429,1,2.930000066757202,2026-08-19,SNPP,West Kalimantan,Sekadau
-0.40364046962651595,110.71656001391436,1,2.930000066757202,2026-08-19,SNPP,West Kalimantan,Sekadau
-0.40364046962651595,110.71993254982445,1,2.930000066757202,2026-08-19,SNPP,West Kalimantan,Sekadau
-0.40364046962651595,110.78738326802606,1,5.869999885559082,2026-08-19,SNPP,West Kalimantan,Sekadau
-0.40364046962651595,110.79075580393615,1,5.869999885559082,2026-08-19,SNPP,West Kalimantan,Sekadau
-0.40364046962651595,110.79412833984622,1,5.869999885559082,2026-08-19,SNPP,West Kalimantan,Sekadau
-0.40364046962651595,110.79750087575631,1,5.869999885559082,2026-08-19,SNPP,West Kalimantan,Sekadau
-0.4070129218474901,110.68962581802556,1,4.230000019073486,2026-08-19,SNPP,West Kalimantan,Sekadau
-0.4070129218474901,110.69299835533997,1,4.230000019073486,2026-08-19,SNPP,West Kalimantan,Sekadau
-0.4070129218474901,110.69637089265439,1,4.230000019073486,2026-08-19,SNPP,West Kalimantan,Sekadau
-0.4070129218474901,110.71323357922644,1,2.930000066757202,2026-08-19,SNPP,West Kalimantan,Sekadau
-0.4070129218474901,110.71660611654085,1,2.930000066757202,2026-08-19,SNPP,West Kalimantan,Sekadau
-0.4070129218474901,110.71997865385528,1,2.930000066757202,2026-08-19,SNPP,West Kalimantan,Sekadau
-0.4070129218474901,110.86499775837501,1,2.309999942779541,2026-08-19,SNPP,West Kalimantan,Sekadau
-0.4070129218474901,110.86837029568942,1,2.309999942779541,2026-08-19,SNPP,West Kalimantan,Sekadau
-0.41038537406846426,110.68967229294543,1,4.230000019073486,2026-08-19,SNPP,West Kalimantan,Sekadau
-0.41038537406846426,110.69304483167586,1,4.230000019073486,2026-08-19,SNPP,West Kalimantan,Sekadau
-0.41038537406846426,110.69641737040628,1,4.230000019073486,2026-08-19,SNPP,West Kalimantan,Sekadau
-0.41038537406846426,110.86504430692776,1,2.309999942779541,2026-08-19,SNPP,West Kalimantan,Sekadau
-0.41038537406846426,110.86841684565819,1,2.309999942779541,2026-08-19,SNPP,West Kalimantan,Sekadau
-0.41375782628943847,110.68971915139413,1,4.230000019073486,2026-08-19,SNPP,West Kalimantan,Sekadau
-0.41375782628943847,110.69309169155225,1,4.230000019073486,2026-08-19,SNPP,West Kalimantan,Sekadau
-0.41375782628943847,110.69646423171038,1,4.230000019073486,2026-08-19,SNPP,West Kalimantan,Sekadau
-0.41375782628943847,110.86509123961699,1,2.309999942779541,2026-08-19,SNPP,West Kalimantan,Sekadau
-0.41375782628943847,110.86846377977511,1,2.309999942779541,2026-08-19,SNPP,West Kalimantan,Sekadau
-0.4171302785104126,110.7639623085179,1,5.510000228881836,2026-08-19,SNPP,West Kalimantan,Sekadau
-0.4171302785104126,110.76733485011542,1,5.510000228881836,2026-08-19,SNPP,West Kalimantan,Sekadau
-0.4171302785104126,110.77070739171295,1,5.510000228881836,2026-08-19,SNPP,West Kalimantan,Sekadau
-0.4171302785104126,110.77407993331046,1,5.510000228881836,2026-08-19,SNPP,West Kalimantan,Sekadau
-0.42050273073138683,110.76400996595031,1,5.510000228881836,2026-08-19,SNPP,West Kalimantan,Sekadau
-0.42050273073138683,110.76738250899889,1,5.510000228881836,2026-08-19,SNPP,West Kalimantan,Sekadau
-0.42050273073138683,110.7707550520475,1,5.510000228881836,2026-08-19,SNPP,West Kalimantan,Sekadau
-0.42050273073138683,110.77412759509609,1,5.510000228881836,2026-08-19,SNPP,West Kalimantan,Sekadau
-0.423875182952361,110.76405800717106,1,5.510000228881836,2026-08-19,SNPP,West Kalimantan,Sekadau
-0.423875182952361,110.76743055168242,1,5.510000228881836,2026-08-19,SNPP,West Kalimantan,Sekadau
-0.423875182952361,110.77080309619377,1,5.510000228881836,2026-08-19,SNPP,West Kalimantan,Sekadau
-0.423875182952361,110.77417564070514,1,5.510000228881836,2026-08-19,SNPP,West Kalimantan,Sekadau
-0.44073744405723186,110.7845392821323,2,8.119999885559082,2026-08-19,SNPP,West Kalimantan,Sekadau
-0.44073744405723186,110.78791183413274,2,8.119999885559082,2026-08-19,SNPP,West Kalimantan,Sekadau
-0.44073744405723186,110.79128438613317,2,8.119999885559082,2026-08-19,SNPP,West Kalimantan,Sekadau
-0.444109896278206,110.78458963529819,2,8.119999885559082,2026-08-19,SNPP,West Kalimantan,Sekadau
-0.444109896278206,110.7879621888315,2,8.119999885559082,2026-08-19,SNPP,West Kalimantan,Sekadau
-0.444109896278206,110.79133474236481,2,8.119999885559082,2026-08-19,SNPP,West Kalimantan,Sekadau
-0.4474823484991802,110.78464037232851,2,8.119999885559082,2026-08-19,SNPP,West Kalimantan,Sekadau
-0.4474823484991802,110.7880129274064,2,8.119999885559082,2026-08-19,SNPP,West Kalimantan,Sekadau
-0.4474823484991802,110.79138548248426,2,8.119999885559082,2026-08-19,SNPP,West Kalimantan,Sekadau
-0.4677170618250252,110.67365822422288,1,5.230000019073486,2026-08-19,SNPP,West Kalimantan,Sekadau
-0.4677170618250252,110.6770307888135,1,5.230000019073486,2026-08-19,SNPP,West Kalimantan,Sekadau
-0.4677170618250252,110.68040335340412,1,5.230000019073486,2026-08-19,SNPP,West Kalimantan,Sekadau
-0.47108951404599947,110.6737115946594,1,5.230000019073486,2026-08-19,SNPP,West Kalimantan,Sekadau
-0.47108951404599947,110.67708416087638,1,5.230000019073486,2026-08-19,SNPP,West Kalimantan,Sekadau
-0.47108951404599947,110.68045672709336,1,5.230000019073486,2026-08-19,SNPP,West Kalimantan,Sekadau
-0.47108951404599947,110.68720185952733,1,3.4800000190734863,2026-08-19,SNPP,West Kalimantan,Sekadau
-0.47108951404599947,110.69057442574432,1,3.4800000190734863,2026-08-19,SNPP,West Kalimantan,Sekadau
-0.47108951404599947,110.6939469919613,1,3.4800000190734863,2026-08-19,SNPP,West Kalimantan,Sekadau
-0.4744619662669736,110.67376534858194,1,5.230000019073486,2026-08-19,SNPP,West Kalimantan,Sekadau
-0.4744619662669736,110.67713791643696,1,5.230000019073486,2026-08-19,SNPP,West Kalimantan,Sekadau
-0.4744619662669736,110.68051048429199,1,5.230000019073486,2026-08-19,SNPP,West Kalimantan,Sekadau
-0.4744619662669736,110.68725562000206,1,3.4800000190734863,2026-08-19,SNPP,West Kalimantan,Sekadau
-0.4744619662669736,110.69062818785709,1,3.4800000190734863,2026-08-19,SNPP,West Kalimantan,Sekadau
-0.4744619662669736,110.69400075571212,1,3.4800000190734863,2026-08-19,SNPP,West Kalimantan,Sekadau
-0.47783441848794783,110.68730976401048,1,3.4800000190734863,2026-08-19,SNPP,West Kalimantan,Sekadau
-0.47783441848794783,110.69068233351524,1,3.4800000190734863,2026-08-19,SNPP,West Kalimantan,Sekadau
-0.47783441848794783,110.69405490302,1,3.4800000190734863,2026-08-19,SNPP,West Kalimantan,Sekadau
-0.481206870708922,110.68736429155354,1,3.4800000190734863,2026-08-19,SNPP,West Kalimantan,Sekadau
-0.481206870708922,110.69073686271972,1,3.4800000190734863,2026-08-19,SNPP,West Kalimantan,Sekadau
-0.48457932292989614,110.64694832856074,1,2.2899999618530273,2026-08-19,SNPP,West Kalimantan,Sekadau
-0.48457932292989614,110.65032090140002,1,2.2899999618530273,2026-08-19,SNPP,West Kalimantan,Sekadau
-0.48457932292989614,110.7076546396679,1,3.5,2026-08-19,SNPP,West Kalimantan,Sekadau
-0.48457932292989614,110.71102721250718,1,3.5,2026-08-19,SNPP,West Kalimantan,Sekadau
-0.4879517751508703,110.64700360295843,1,2.2899999618530273,2026-08-19,SNPP,West Kalimantan,Sekadau
-0.4879517751508703,110.6503761774825,1,2.2899999618530273,2026-08-19,SNPP,West Kalimantan,Sekadau
-0.4879517751508703,110.65374875200659,1,2.2899999618530273,2026-08-19,SNPP,West Kalimantan,Sekadau
-0.4879517751508703,110.70770994439182,1,3.5,2026-08-19,SNPP,West Kalimantan,Sekadau
-0.4879517751508703,110.71108251891589,1,3.5,2026-08-19,SNPP,West Kalimantan,Sekadau
-0.49132422737184445,110.64705926075337,1,2.2899999618530273,2026-08-19,SNPP,West Kalimantan,Sekadau
-0.49132422737184445,110.65043183697392,1,2.2899999618530273,2026-08-19,SNPP,West Kalimantan,Sekadau
-0.49132422737184445,110.6538044131945,1,2.2899999618530273,2026-08-19,SNPP,West Kalimantan,Sekadau
-0.49132422737184445,110.70776563272334,1,3.5,2026-08-19,SNPP,West Kalimantan,Sekadau
-0.49132422737184445,110.71113820894388,1,3.5,2026-08-19,SNPP,West Kalimantan,Sekadau
-0.4946966795928186,110.61676210058809,1,2.6600000858306885,2026-08-19,SNPP,West Kalimantan,Sekadau
-0.4946966795928186,110.6201346785168,1,2.6600000858306885,2026-08-19,SNPP,West Kalimantan,Sekadau
-0.4946966795928186,110.62350725644552,1,2.6600000858306885,2026-08-19,SNPP,West Kalimantan,Sekadau
-0.4946966795928186,110.64711530194653,1,2.2899999618530273,2026-08-19,SNPP,West Kalimantan,Sekadau
-0.4946966795928186,110.65048787987524,1,2.2899999618530273,2026-08-19,SNPP,West Kalimantan,Sekadau
-0.4946966795928186,110.65386045780397,1,2.2899999618530273,2026-08-19,SNPP,West Kalimantan,Sekadau
-0.4946966795928186,110.70782170466342,1,3.5,2026-08-19,SNPP,West Kalimantan,Sekadau
-0.4946966795928186,110.71119428259215,1,3.5,2026-08-19,SNPP,West Kalimantan,Sekadau
-0.49806913181379286,110.61681850970182,1,2.6600000858306885,2026-08-19,SNPP,West Kalimantan,Sekadau
-0.49806913181379286,110.62019108935037,1,2.6600000858306885,2026-08-19,SNPP,West Kalimantan,Sekadau
-0.49806913181379286,110.62356366899894,1,2.6600000858306885,2026-08-19,SNPP,West Kalimantan,Sekadau
-0.49806913181379286,110.64717172653889,1,2.2899999618530273,2026-08-19,SNPP,West Kalimantan,Sekadau
-0.49806913181379286,110.65054430618746,1,2.2899999618530273,2026-08-19,SNPP,West Kalimantan,Sekadau
-0.49806913181379286,110.65391688583603,1,2.2899999618530273,2026-08-19,SNPP,West Kalimantan,Sekadau
-0.49806913181379286,110.70787816021308,1,3.5,2026-08-19,SNPP,West Kalimantan,Sekadau
-0.49806913181379286,110.71125073986164,1,3.5,2026-08-19,SNPP,West Kalimantan,Sekadau
-0.49806913181379286,110.72811363810446,1,6.619999885559082,2026-08-19,SNPP,West Kalimantan,Sekadau
-0.49806913181379286,110.73148621775303,1,6.619999885559082,2026-08-19,SNPP,West Kalimantan,Sekadau
-0.501441584034767,110.61687530211051,1,2.6600000858306885,2026-08-19,SNPP,West Kalimantan,Sekadau
-0.501441584034767,110.6202478834906,1,2.6600000858306885,2026-08-19,SNPP,West Kalimantan,Sekadau
-0.501441584034767,110.62362046487071,1,2.6600000858306885,2026-08-19,SNPP,West Kalimantan,Sekadau
-0.501441584034767,110.72817048765383,1,6.619999885559082,2026-08-19,SNPP,West Kalimantan,Sekadau
-0.501441584034767,110.73154306903393,1,6.619999885559082,2026-08-19,SNPP,West Kalimantan,Sekadau
-0.5048140362557412,110.72822772088482,1,6.619999885559082,2026-08-19,SNPP,West Kalimantan,Sekadau
-0.5048140362557412,110.73160030400814,1,6.619999885559082,2026-08-19,SNPP,West Kalimantan,Sekadau
-0.5115589406976896,110.74857885826458,1,25.420000076293945,2026-08-19,SNPP,West Kalimantan,Sekadau
-0.5115589406976896,110.75195144490941,2,77.58000183105469,2026-08-19,SNPP,West Kalimantan,Sekadau
-0.5115589406976896,110.75532403155425,2,77.58000183105469,2026-08-19,SNPP,West Kalimantan,Sekadau
-0.5115589406976896,110.75869661819905,2,77.58000183105469,2026-08-19,SNPP,West Kalimantan,Sekadau
-0.5149313929186637,110.74863725321609,1,25.420000076293945,2026-08-19,SNPP,West Kalimantan,Sekadau
-0.5149313929186637,110.75200984163921,2,77.58000183105469,2026-08-19,SNPP,West Kalimantan,Sekadau
-0.5149313929186637,110.75538243006231,2,77.58000183105469,2026-08-19,SNPP,West Kalimantan,Sekadau
-0.5149313929186637,110.75875501848542,2,77.58000183105469,2026-08-19,SNPP,West Kalimantan,Sekadau
-0.5183038451396379,110.74869603192336,1,25.420000076293945,2026-08-19,SNPP,West Kalimantan,Sekadau
-0.5183038451396379,110.75206862213643,2,77.58000183105469,2026-08-19,SNPP,West Kalimantan,Sekadau
-0.5183038451396379,110.75544121234951,2,77.58000183105469,2026-08-19,SNPP,West Kalimantan,Sekadau
-0.5183038451396379,110.75881380256257,2,77.58000183105469,2026-08-19,SNPP,West Kalimantan,Sekadau
-0.5216762973606122,110.75550037841685,1,5.170000076293945,2026-08-19,SNPP,West Kalimantan,Sekadau
-0.5216762973606122,110.75887297043157,1,5.170000076293945,2026-08-19,SNPP,West Kalimantan,Sekadau
-0.5216762973606122,110.7622455624463,1,5.170000076293945,2026-08-19,SNPP,West Kalimantan,Sekadau
-0.5250487495815863,110.75555992826534,1,5.170000076293945,2026-08-19,SNPP,West Kalimantan,Sekadau
-0.5250487495815863,110.75893252209342,1,5.170000076293945,2026-08-19,SNPP,West Kalimantan,Sekadau
-0.5250487495815863,110.76230511592146,1,5.170000076293945,2026-08-19,SNPP,West Kalimantan,Sekadau
-0.5284212018025605,110.74212947928368,1,5.630000114440918,2026-08-19,SNPP,West Kalimantan,Sekadau
-0.5284212018025605,110.74550207493677,1,5.630000114440918,2026-08-19,SNPP,West Kalimantan,Sekadau
-0.5284212018025605,110.74887467058984,1,5.630000114440918,2026-08-19,SNPP,West Kalimantan,Sekadau
-0.5284212018025605,110.75561986189604,1,5.170000076293945,2026-08-19,SNPP,West Kalimantan,Sekadau
-0.5284212018025605,110.75899245754913,1,5.170000076293945,2026-08-19,SNPP,West Kalimantan,Sekadau
-0.5284212018025605,110.76236505320222,1,5.170000076293945,2026-08-19,SNPP,West Kalimantan,Sekadau
-0.5317936540235346,110.74218978935076,1,5.630000114440918,2026-08-19,SNPP,West Kalimantan,Sekadau
-0.5317936540235346,110.74556238684056,1,5.630000114440918,2026-08-19,SNPP,West Kalimantan,Sekadau
-0.5317936540235346,110.74893498433036,1,5.630000114440918,2026-08-19,SNPP,West Kalimantan,Sekadau
-0.5351661062445088,110.74225048315536,1,5.630000114440918,2026-08-19,SNPP,West Kalimantan,Sekadau
-0.5351661062445088,110.74562308249357,1,5.630000114440918,2026-08-19,SNPP,West Kalimantan,Sekadau
-0.5351661062445088,110.74899568183177,1,5.630000114440918,2026-08-19,SNPP,West Kalimantan,Sekadau
-0.5385385584654829,110.60403491156875,1,2.5899999141693115,2026-08-19,SNPP,West Kalimantan,Ketapang
-0.5385385584654829,110.60740751276704,1,2.5899999141693115,2026-08-19,SNPP,West Kalimantan,Ketapang
-0.5419110106864571,110.60409629610892,1,2.5899999141693115,2026-08-19,SNPP,West Kalimantan,Ketapang
-0.5419110106864571,110.60746889917898,1,2.5899999141693115,2026-08-19,SNPP,West Kalimantan,Ketapang
-0.5452834629074312,110.60415806391066,1,2.5899999141693115,2026-08-19,SNPP,West Kalimantan,Ketapang
-0.5452834629074312,110.60753066886417,1,2.5899999141693115,2026-08-19,SNPP,West Kalimantan,Ketapang
-0.5452834629074312,110.82674999084293,1,10.420000076293945,2026-08-19,SNPP,West Kalimantan,Sekadau
-0.5452834629074312,110.83012259579644,1,10.420000076293945,2026-08-19,SNPP,West Kalimantan,Sekadau
-0.5452834629074312,110.83349520074997,1,10.420000076293945,2026-08-19,SNPP,West Kalimantan,Sekadau
-0.5452834629074312,110.83686780570348,1,10.420000076293945,2026-08-19,SNPP,West Kalimantan,Sekadau
-0.5486559151284055,110.82681226698688,1,10.420000076293945,2026-08-19,SNPP,West Kalimantan,Sekadau
-0.5486559151284055,110.83018487383555,1,10.420000076293945,2026-08-19,SNPP,West Kalimantan,Sekadau
-0.5486559151284055,110.8335574806842,1,10.420000076293945,2026-08-19,SNPP,West Kalimantan,Sekadau
-0.5486559151284055,110.83693008753288,1,10.420000076293945,2026-08-19,SNPP,West Kalimantan,Sekadau
-0.5520283673493797,110.82687492716587,1,10.420000076293945,2026-08-19,SNPP,West Kalimantan,Sekadau
-0.5520283673493797,110.83024753592136,1,10.420000076293945,2026-08-19,SNPP,West Kalimantan,Sekadau
-0.5520283673493797,110.83362014467686,1,10.420000076293945,2026-08-19,SNPP,West Kalimantan,Sekadau
-0.5520283673493797,110.83699275343236,1,10.420000076293945,2026-08-19,SNPP,West Kalimantan,Sekadau
-0.5790079851171731,110.72283867663293,1,11.319999694824219,2026-08-19,SNPP,West Kalimantan,Sekadau
-0.5790079851171731,110.7262113010638,2,14.25,2026-08-19,SNPP,West Kalimantan,Sekadau
-0.5790079851171731,110.72958392549468,2,14.25,2026-08-19,SNPP,West Kalimantan,Sekadau
-0.5823804373381473,110.72290473080433,1,11.319999694824219,2026-08-19,SNPP,West Kalimantan,Sekadau
-0.5823804373381473,110.72627735724723,2,14.25,2026-08-19,SNPP,West Kalimantan,Sekadau
-0.5823804373381473,110.72964998369011,2,14.25,2026-08-19,SNPP,West Kalimantan,Sekadau
-0.5857528895591214,110.72297116865963,1,11.319999694824219,2026-08-19,SNPP,West Kalimantan,Sekadau
-0.5857528895591214,110.72634379712622,2,14.25,2026-08-19,SNPP,West Kalimantan,Sekadau
-0.5857528895591214,110.72971642559281,2,14.25,2026-08-19,SNPP,West Kalimantan,Sekadau
-0.6902989084093208,110.77243881390649,1,4.800000190734863,2026-08-19,SNPP,West Kalimantan,Ketapang
-0.6902989084093208,110.77581151090479,1,4.800000190734863,2026-08-19,SNPP,West Kalimantan,Ketapang
-0.6902989084093208,110.7791842079031,1,4.800000190734863,2026-08-19,SNPP,West Kalimantan,Ketapang
-0.693671360630295,110.77251756385785,1,4.800000190734863,2026-08-19,SNPP,West Kalimantan,Ketapang
-0.693671360630295,110.77589026325387,1,4.800000190734863,2026-08-19,SNPP,West Kalimantan,Ketapang
-0.693671360630295,110.77926296264987,1,4.800000190734863,2026-08-19,SNPP,West Kalimantan,Ketapang
-0.6970438128512692,110.77259669769822,1,4.800000190734863,2026-08-19,SNPP,West Kalimantan,Ketapang
-0.6970438128512692,110.77596939950362,1,4.800000190734863,2026-08-19,SNPP,West Kalimantan,Ketapang
-0.6970438128512692,110.77934210130903,1,4.800000190734863,2026-08-19,SNPP,West Kalimantan,Ketapang
-0.7273958828400369,110.89474424206892,1,3.1600000858306885,2026-08-19,SNPP,West Kalimantan,Ketapang
-0.7273958828400369,110.89811696608487,1,3.1600000858306885,2026-08-19,SNPP,West Kalimantan,Ketapang
-0.7273958828400369,110.90148969010079,1,3.1600000858306885,2026-08-19,SNPP,West Kalimantan,Ketapang
-0.730768335061011,110.89482730582199,1,3.1600000858306885,2026-08-19,SNPP,West Kalimantan,Ketapang
-0.730768335061011,110.89820003236422,1,3.1600000858306885,2026-08-19,SNPP,West Kalimantan,Ketapang
-0.730768335061011,110.90157275890643,1,3.1600000858306885,2026-08-19,SNPP,West Kalimantan,Ketapang
-0.7341407872819852,110.8949107539003,1,3.1600000858306885,2026-08-19,SNPP,West Kalimantan,Ketapang
-0.7341407872819852,110.89828348298049,1,3.1600000858306885,2026-08-19,SNPP,West Kalimantan,Ketapang
-0.7341407872819852,110.90165621206066,1,3.1600000858306885,2026-08-19,SNPP,West Kalimantan,Ketapang
-0.7577479528288044,111.42502695787694,1,2.259999990463257,2026-08-19,SNPP,West Kalimantan,Melawi
-0.7577479528288044,111.42839970505017,1,2.259999990463257,2026-08-19,SNPP,West Kalimantan,Melawi
-0.7611204050497785,110.77754593124561,1,5.010000228881836,2026-08-19,SNPP,West Kalimantan,Ketapang
-0.7611204050497785,110.78091868105034,1,5.010000228881836,2026-08-19,SNPP,West Kalimantan,Ketapang
-0.7611204050497785,111.42511389375225,1,2.259999990463257,2026-08-19,SNPP,West Kalimantan,Melawi
-0.7611204050497785,111.42848664355697,1,2.259999990463257,2026-08-19,SNPP,West Kalimantan,Melawi
-0.7644928572707527,110.77763274580616,1,5.010000228881836,2026-08-19,SNPP,West Kalimantan,Ketapang
-0.7644928572707527,110.78100549825405,1,5.010000228881836,2026-08-19,SNPP,West Kalimantan,Ketapang
-0.7644928572707527,111.42520121580127,1,2.259999990463257,2026-08-19,SNPP,West Kalimantan,Melawi
-0.7644928572707527,111.42857396824915,1,2.259999990463257,2026-08-19,SNPP,West Kalimantan,Melawi
-0.7678653094917268,110.7777199442976,1,5.010000228881836,2026-08-19,SNPP,West Kalimantan,Ketapang
-0.7678653094917268,110.78109269940035,1,5.010000228881836,2026-08-19,SNPP,West Kalimantan,Ketapang
-0.7678653094917268,110.78446545450308,1,5.010000228881836,2026-08-19,SNPP,West Kalimantan,Ketapang
-0.7678653094917268,110.78783820960584,1,5.010000228881836,2026-08-19,SNPP,West Kalimantan,Ketapang
-0.7678653094917268,111.42528892402552,1,2.259999990463257,2026-08-19,SNPP,West Kalimantan,Melawi
-0.7678653094917268,111.42866167912825,1,2.259999990463257,2026-08-19,SNPP,West Kalimantan,Melawi
-0.11360957862273684,111.66506363985273,1,8.130000114440918,2026-08-19,SNPP,West Kalimantan,Sintang
-0.11360957862273684,111.6684360987035,1,8.130000114440918,2026-08-19,SNPP,West Kalimantan,Sintang
-0.11360957862273684,111.67180855755429,1,8.130000114440918,2026-08-19,SNPP,West Kalimantan,Sintang
-0.116982030843711,111.665076865958,1,8.130000114440918,2026-08-19,SNPP,West Kalimantan,Sintang
-0.116982030843711,111.66844932520824,1,8.130000114440918,2026-08-19,SNPP,West Kalimantan,Sintang
-0.116982030843711,111.67182178445847,1,8.130000114440918,2026-08-19,SNPP,West Kalimantan,Sintang
-0.12035448306468519,111.66171801927395,1,11.010000228881836,2026-08-19,SNPP,West Kalimantan,Sintang
-0.12035448306468519,111.66509047893531,2,11.010000228881836,2026-08-19,SNPP,West Kalimantan,Sintang
-0.12035448306468519,111.66846293859668,2,11.010000228881836,2026-08-19,SNPP,West Kalimantan,Sintang
-0.12035448306468519,111.67183539825804,2,11.010000228881836,2026-08-19,SNPP,West Kalimantan,Sintang
-0.12372693528565935,111.66173201870072,1,11.010000228881836,2026-08-19,SNPP,West Kalimantan,Sintang
-0.12372693528565935,111.66510447878491,2,11.010000228881836,2026-08-19,SNPP,West Kalimantan,Sintang
-0.12372693528565935,111.6684769388691,2,11.010000228881836,2026-08-19,SNPP,West Kalimantan,Sintang
-0.12372693528565935,111.67184939895328,2,11.010000228881836,2026-08-19,SNPP,West Kalimantan,Sintang
-0.12709938750663355,111.66174640498832,1,11.010000228881836,2026-08-19,SNPP,West Kalimantan,Sintang
-0.12709938750663355,111.665118865507,2,11.010000228881836,2026-08-19,SNPP,West Kalimantan,Sintang
-0.12709938750663355,111.66849132602569,2,11.010000228881836,2026-08-19,SNPP,West Kalimantan,Sintang
-0.12709938750663355,111.67186378654436,2,11.010000228881836,2026-08-19,SNPP,West Kalimantan,Sintang
-0.18105862304222034,111.68563648230473,1,8.920000076293945,2026-08-19,SNPP,West Kalimantan,Melawi
-0.18105862304222034,111.68900895136449,1,8.920000076293945,2026-08-19,SNPP,West Kalimantan,Melawi
-0.18443107526319452,111.68565744970192,1,8.920000076293945,2026-08-19,SNPP,West Kalimantan,Melawi
-0.18443107526319452,111.68902991939481,1,8.920000076293945,2026-08-19,SNPP,West Kalimantan,Melawi
-0.18780352748416868,111.68230633370956,1,7.400000095367432,2026-08-19,SNPP,West Kalimantan,Melawi
-0.18780352748416868,111.68567880404726,1,8.920000076293945,2026-08-19,SNPP,West Kalimantan,Melawi
-0.18780352748416868,111.68905127438497,1,8.920000076293945,2026-08-19,SNPP,West Kalimantan,Melawi
-0.19117597970514286,111.6823280743469,1,7.400000095367432,2026-08-19,SNPP,West Kalimantan,Melawi
-0.19117597970514286,111.6857005453411,1,8.920000076293945,2026-08-19,SNPP,West Kalimantan,Melawi
-0.19117597970514286,111.68907301633531,1,8.920000076293945,2026-08-19,SNPP,West Kalimantan,Melawi
-0.19454843192611704,111.68235020192141,1,7.400000095367432,2026-08-19,SNPP,West Kalimantan,Melawi
-0.19454843192611704,111.68572267358381,1,7.400000095367432,2026-08-19,SNPP,West Kalimantan,Melawi
-0.19454843192611704,111.68909514524621,1,7.400000095367432,2026-08-19,SNPP,West Kalimantan,Melawi
-0.2012933363680654,111.925213676319,1,5.610000133514404,2026-08-19,SNPP,West Kalimantan,Sintang
-0.2012933363680654,111.92858614935282,1,5.610000133514404,2026-08-19,SNPP,West Kalimantan,Melawi
-0.2012933363680654,111.93195862238665,1,5.610000133514404,2026-08-19,SNPP,West Kalimantan,Melawi
-0.2012933363680654,111.96231087969107,1,3.0899999141693115,2026-08-19,SNPP,West Kalimantan,Melawi
-0.2012933363680654,111.9656833527249,1,3.0899999141693115,2026-08-19,SNPP,West Kalimantan,Melawi
-0.20466578858903958,111.92186454160361,1,5.610000133514404,2026-08-19,SNPP,West Kalimantan,Melawi
-0.20466578858903958,111.92523701534067,1,5.610000133514404,2026-08-19,SNPP,West Kalimantan,Melawi
-0.20466578858903958,111.92860948907774,1,5.610000133514404,2026-08-19,SNPP,West Kalimantan,Melawi
-0.20466578858903958,111.9319819628148,1,5.610000133514404,2026-08-19,SNPP,West Kalimantan,Melawi
-0.20466578858903958,111.96233422644838,1,3.0899999141693115,2026-08-19,SNPP,West Kalimantan,Melawi
-0.20466578858903958,111.96570670018545,1,3.0899999141693115,2026-08-19,SNPP,West Kalimantan,Melawi
-0.20803824081001376,111.92188826769039,1,5.610000133514404,2026-08-19,SNPP,West Kalimantan,Melawi
-0.20803824081001376,111.92526074214238,1,5.610000133514404,2026-08-19,SNPP,West Kalimantan,Melawi
-0.20803824081001376,111.92863321659436,1,5.610000133514404,2026-08-19,SNPP,West Kalimantan,Melawi
-0.20803824081001376,111.93200569104636,1,5.610000133514404,2026-08-19,SNPP,West Kalimantan,Melawi
-0.20803824081001376,111.96235796111425,1,3.0899999141693115,2026-08-19,SNPP,West Kalimantan,Melawi
-0.20803824081001376,111.96573043556623,1,3.0899999141693115,2026-08-19,SNPP,West Kalimantan,Melawi
-0.21141069303098792,111.92191238154594,1,5.610000133514404,2026-08-19,SNPP,West Kalimantan,Melawi
-0.21141069303098792,111.92528485672455,1,5.610000133514404,2026-08-19,SNPP,West Kalimantan,Melawi
-0.21141069303098792,111.92865733190314,1,5.610000133514404,2026-08-19,SNPP,West Kalimantan,Melawi
-0.21141069303098792,111.93202980708173,1,5.610000133514404,2026-08-19,SNPP,West Kalimantan,Melawi
-0.21141069303098792,111.9623820836891,1,3.0899999141693115,2026-08-19,SNPP,West Kalimantan,Melawi
-0.21141069303098792,111.96575455886769,1,3.0899999141693115,2026-08-19,SNPP,West Kalimantan,Melawi
-0.2147831452519621,111.92193688317069,1,3.2300000190734863,2026-08-19,SNPP,West Kalimantan,Melawi
-0.2147831452519621,111.92530935908758,1,3.2300000190734863,2026-08-19,SNPP,West Kalimantan,Melawi
-0.2147831452519621,111.92868183500447,1,3.2300000190734863,2026-08-19,SNPP,West Kalimantan,Melawi
-0.21815559747293628,111.92196177256504,1,3.2300000190734863,2026-08-19,SNPP,West Kalimantan,Melawi
-0.21815559747293628,111.92533424923191,1,3.2300000190734863,2026-08-19,SNPP,West Kalimantan,Melawi
-0.21815559747293628,111.92870672589876,1,3.2300000190734863,2026-08-19,SNPP,West Kalimantan,Melawi
-0.25188011968267804,112.07062132554374,1,62.310001373291016,2026-08-19,SNPP,West Kalimantan,Melawi
-0.25188011968267804,112.07399381035303,1,62.310001373291016,2026-08-19,SNPP,West Kalimantan,Sintang
-0.2552525719036522,112.07065051908802,1,62.310001373291016,2026-08-19,SNPP,West Kalimantan,Melawi
-0.2552525719036522,112.07402300477582,1,62.310001373291016,2026-08-19,SNPP,West Kalimantan,Melawi
-0.25862502412462635,112.06730761434368,2,30.520000457763672,2026-08-19,SNPP,West Kalimantan,Melawi
-0.25862502412462635,112.07068010092166,2,30.520000457763672,2026-08-19,SNPP,West Kalimantan,Melawi
-0.25862502412462635,112.07405258749965,2,30.520000457763672,2026-08-19,SNPP,West Kalimantan,Melawi
-0.25862502412462635,112.07742507407764,1,30.520000457763672,2026-08-19,SNPP,West Kalimantan,Melawi
-0.26199747634560056,112.0673375835653,2,30.520000457763672,2026-08-19,SNPP,West Kalimantan,Melawi
-0.26199747634560056,112.07071007104517,2,30.520000457763672,2026-08-19,SNPP,West Kalimantan,Melawi
-0.26199747634560056,112.07408255852503,2,30.520000457763672,2026-08-19,SNPP,West Kalimantan,Melawi
-0.26199747634560056,112.07745504600489,1,30.520000457763672,2026-08-19,SNPP,West Kalimantan,Melawi
-0.26536992856657476,112.06736794106563,2,30.520000457763672,2026-08-19,SNPP,West Kalimantan,Melawi
-0.26536992856657476,112.07074042945904,2,30.520000457763672,2026-08-19,SNPP,West Kalimantan,Melawi
-0.26536992856657476,112.07411291785246,2,30.520000457763672,2026-08-19,SNPP,West Kalimantan,Melawi
-0.26536992856657476,112.07748540624588,1,30.520000457763672,2026-08-19,SNPP,West Kalimantan,Melawi
-0.27211483300852307,112.02021495732617,1,5.940000057220459,2026-08-19,SNPP,West Kalimantan,Melawi
-0.27211483300852307,112.02358744758178,1,5.940000057220459,2026-08-19,SNPP,West Kalimantan,Melawi
-0.2754872852294973,112.02024646638516,1,6.659999847412109,2026-08-19,SNPP,West Kalimantan,Melawi
-0.2754872852294973,112.02361895758938,1,6.659999847412109,2026-08-19,SNPP,West Kalimantan,Melawi
-0.2754872852294973,112.02699144879358,1,11.760000228881836,2026-08-19,SNPP,West Kalimantan,Melawi
-0.2754872852294973,112.03036393999778,1,11.760000228881836,2026-08-19,SNPP,West Kalimantan,Melawi
-0.2754872852294973,112.03373643120199,1,11.760000228881836,2026-08-19,SNPP,West Kalimantan,Melawi
-0.27885973745047143,112.02027836356142,1,6.659999847412109,2026-08-19,SNPP,West Kalimantan,Melawi
-0.27885973745047143,112.02365085572593,1,6.659999847412109,2026-08-19,SNPP,West Kalimantan,Melawi
-0.27885973745047143,112.02702334789043,1,11.760000228881836,2026-08-19,SNPP,West Kalimantan,Melawi
-0.27885973745047143,112.03039584005494,1,11.760000228881836,2026-08-19,SNPP,West Kalimantan,Melawi
-0.27885973745047143,112.03376833221944,1,11.760000228881836,2026-08-19,SNPP,West Kalimantan,Melawi
-0.2822321896714456,112.02031064885547,1,6.659999847412109,2026-08-19,SNPP,West Kalimantan,Melawi
-0.2822321896714456,112.02368314199197,1,6.659999847412109,2026-08-19,SNPP,West Kalimantan,Melawi
-0.2822321896714456,112.02705563512845,1,11.760000228881836,2026-08-19,SNPP,West Kalimantan,Melawi
-0.2822321896714456,112.03042812826494,1,11.760000228881836,2026-08-19,SNPP,West Kalimantan,Melawi
-0.2822321896714456,112.03380062140143,1,11.760000228881836,2026-08-19,SNPP,West Kalimantan,Melawi
-0.28560464189241974,112.02034332226788,1,6.659999847412109,2026-08-19,SNPP,West Kalimantan,Melawi
-0.28560464189241974,112.02371581638806,1,6.659999847412109,2026-08-19,SNPP,West Kalimantan,Melawi
-0.28560464189241974,112.02708831050822,1,6.659999847412109,2026-08-19,SNPP,West Kalimantan,Melawi
-0.28897709411339395,111.86861410360123,1,15.15999984741211,2026-08-19,SNPP,West Kalimantan,Melawi
-0.28897709411339395,111.87198659871675,1,15.15999984741211,2026-08-19,SNPP,West Kalimantan,Melawi
-0.28897709411339395,111.87535909383224,1,15.15999984741211,2026-08-19,SNPP,West Kalimantan,Melawi
-0.29234954633436816,111.86864750793538,1,15.15999984741211,2026-08-19,SNPP,West Kalimantan,Melawi
-0.29234954633436816,111.87202000405792,1,15.15999984741211,2026-08-19,SNPP,West Kalimantan,Melawi
-0.29234954633436816,111.87539250018047,1,15.15999984741211,2026-08-19,SNPP,West Kalimantan,Melawi
-0.2957219985553423,111.8686812998638,2,15.15999984741211,2026-08-19,SNPP,West Kalimantan,Melawi
-0.2957219985553423,111.87205379700507,2,15.15999984741211,2026-08-19,SNPP,West Kalimantan,Melawi
-0.2957219985553423,111.87542629414632,2,15.15999984741211,2026-08-19,SNPP,West Kalimantan,Melawi
-0.2990944507763165,111.86871547938706,2,15.15999984741211,2026-08-19,SNPP,West Kalimantan,Melawi
-0.2990944507763165,111.87208797755875,2,15.15999984741211,2026-08-19,SNPP,West Kalimantan,Melawi
-0.2990944507763165,111.87546047573042,2,15.15999984741211,2026-08-19,SNPP,West Kalimantan,Melawi
-0.3024669029972907,111.86875004650577,2,15.15999984741211,2026-08-19,SNPP,West Kalimantan,Melawi
-0.3024669029972907,111.87212254571953,2,15.15999984741211,2026-08-19,SNPP,West Kalimantan,Melawi
-0.3024669029972907,111.87549504493332,2,15.15999984741211,2026-08-19,SNPP,West Kalimantan,Melawi
-0.30583935521826483,111.65294498409736,2,8.109999656677246,2026-08-19,SNPP,West Kalimantan,Melawi
-0.30583935521826483,111.65631748436489,2,8.109999656677246,2026-08-19,SNPP,West Kalimantan,Melawi
-0.30583935521826483,111.65968998463245,1,8.109999656677246,2026-08-19,SNPP,West Kalimantan,Melawi
-0.30583935521826483,111.91600000496622,1,18.920000076293945,2026-08-19,SNPP,West Kalimantan,Melawi
-0.30583935521826483,111.9193725052338,1,18.920000076293945,2026-08-19,SNPP,West Kalimantan,Melawi
-0.30583935521826483,111.92274500550134,1,15.289999961853027,2026-08-19,SNPP,West Kalimantan,Melawi
-0.30583935521826483,111.92611750576889,1,15.289999961853027,2026-08-19,SNPP,West Kalimantan,Melawi
-0.309211807439239,111.6529802582192,2,8.109999656677246,2026-08-19,SNPP,West Kalimantan,Melawi
-0.309211807439239,111.65635275955219,2,8.109999656677246,2026-08-19,SNPP,West Kalimantan,Melawi
-0.309211807439239,111.65972526088521,1,8.109999656677246,2026-08-19,SNPP,West Kalimantan,Melawi
-0.309211807439239,111.91603536219412,1,18.920000076293945,2026-08-19,SNPP,West Kalimantan,Melawi
-0.309211807439239,111.91940786352714,1,18.920000076293945,2026-08-19,SNPP,West Kalimantan,Melawi
-0.309211807439239,111.92278036486015,1,15.289999961853027,2026-08-19,SNPP,West Kalimantan,Melawi
-0.309211807439239,111.92615286619316,1,15.289999961853027,2026-08-19,SNPP,West Kalimantan,Melawi
-0.3125842596602132,111.65301591919045,2,8.109999656677246,2026-08-19,SNPP,West Kalimantan,Melawi
-0.3125842596602132,111.65638842160062,2,8.109999656677246,2026-08-19,SNPP,West Kalimantan,Melawi
-0.3125842596602132,111.65976092401077,1,8.109999656677246,2026-08-19,SNPP,West Kalimantan,Melawi
-0.3125842596602132,111.91607110718286,1,18.920000076293945,2026-08-19,SNPP,West Kalimantan,Melawi
-0.3125842596602132,111.91944360959302,1,18.920000076293945,2026-08-19,SNPP,West Kalimantan,Melawi
-0.3125842596602132,111.92281611200318,1,18.920000076293945,2026-08-19,SNPP,West Kalimantan,Melawi
-0.3125842596602132,111.92618861441333,1,15.289999961853027,2026-08-19,SNPP,West Kalimantan,Melawi
-0.31595671188118735,111.91610723993305,1,18.920000076293945,2026-08-19,SNPP,West Kalimantan,Melawi
-0.31595671188118735,111.91947974343206,1,18.920000076293945,2026-08-19,SNPP,West Kalimantan,Melawi
-0.31595671188118735,111.92285224693104,1,18.920000076293945,2026-08-19,SNPP,West Kalimantan,Melawi
-0.31595671188118735,111.92622475043004,1,15.289999961853027,2026-08-19,SNPP,West Kalimantan,Melawi
-0.31932916410216156,111.91614376044537,1,18.920000076293945,2026-08-19,SNPP,West Kalimantan,Melawi
-0.31932916410216156,111.91951626504488,1,18.920000076293945,2026-08-19,SNPP,West Kalimantan,Melawi
-0.31932916410216156,111.92288876964439,1,18.920000076293945,2026-08-19,SNPP,West Kalimantan,Melawi
-0.31932916410216156,111.9262612742439,1,15.289999961853027,2026-08-19,SNPP,West Kalimantan,Melawi
-0.3395638774280066,111.70053029388764,1,3.0299999713897705,2026-08-19,SNPP,West Kalimantan,Melawi
-0.3395638774280066,111.70390280533563,1,3.0299999713897705,2026-08-19,SNPP,West Kalimantan,Melawi
-0.3429363296489808,111.70056945308478,1,3.0299999713897705,2026-08-19,SNPP,West Kalimantan,Melawi
-0.3429363296489808,111.70394196571507,1,3.0299999713897705,2026-08-19,SNPP,West Kalimantan,Melawi
-0.34630878186995495,111.70060899930141,1,3.0299999713897705,2026-08-19,SNPP,West Kalimantan,Melawi
-0.34630878186995495,111.70398151312571,1,3.0299999713897705,2026-08-19,SNPP,West Kalimantan,Melawi
-0.3530536863119033,111.9839806175733,2,13.569999694824219,2026-08-19,SNPP,West Kalimantan,Melawi
-0.3530536863119033,111.98735313382063,2,13.569999694824219,2026-08-19,SNPP,West Kalimantan,Melawi
-0.3530536863119033,111.99072565006801,2,13.569999694824219,2026-08-19,SNPP,West Kalimantan,Melawi
-0.3530536863119033,111.99409816631535,2,13.569999694824219,2026-08-19,SNPP,West Kalimantan,Melawi
-0.35642613853287747,111.98402142809296,2,13.569999694824219,2026-08-19,SNPP,West Kalimantan,Melawi
-0.35642613853287747,111.98739394556935,2,13.569999694824219,2026-08-19,SNPP,West Kalimantan,Melawi
-0.35642613853287747,111.99076646304577,2,13.569999694824219,2026-08-19,SNPP,West Kalimantan,Melawi
-0.35642613853287747,111.99413898052217,2,13.569999694824219,2026-08-19,SNPP,West Kalimantan,Melawi
-0.3597985907538516,111.98406262661643,2,13.569999694824219,2026-08-19,SNPP,West Kalimantan,Melawi
-0.3597985907538516,111.98743514533358,2,13.569999694824219,2026-08-19,SNPP,West Kalimantan,Melawi
-0.3597985907538516,111.99080766405072,2,13.569999694824219,2026-08-19,SNPP,West Kalimantan,Melawi
-0.3597985907538516,111.99418018276786,2,13.569999694824219,2026-08-19,SNPP,West Kalimantan,Melawi
-0.4339925396152835,112.21777303953193,2,20.979999542236328,2026-08-19,SNPP,West Kalimantan,Melawi
-0.4339925396152835,112.22114558850167,2,20.979999542236328,2026-08-19,SNPP,West Kalimantan,Melawi
-0.4339925396152835,112.22451813747142,2,20.979999542236328,2026-08-19,SNPP,West Kalimantan,Melawi
-0.43736499183625765,112.21782326650985,2,20.979999542236328,2026-08-19,SNPP,West Kalimantan,Melawi
-0.43736499183625765,112.22119581698911,2,20.979999542236328,2026-08-19,SNPP,West Kalimantan,Melawi
-0.43736499183625765,112.22456836746835,2,20.979999542236328,2026-08-19,SNPP,West Kalimantan,Melawi
