{
"type": "FeatureCollection",
"name": "kalimantan_clusters_72h",
"crs": { "type": "name", "properties": { "name": "urn:ogc:def:crs:OGC:1.3:CRS84" } },
"features": [
{ "type": "Feature", "properties": { "cluster_id": 327, "n_detections": 216, "centroid_lat": -1.8912978423990223, "centroid_lon": 110.14536072794962, "lat_min": -1.921243969064895, "lat_max": -1.8436775679824888, "lon_min": 110.10602266121373, "lon_max": 110.19188815451183, "avg_confidence": 1.0555555555555556, "max_frp": 37.479999542236328, "avg_frp": 9.1466202843520374, "first_date": "2026-08-17", "last_date": "2026-08-17", "province": "West Kalimantan", "regency": "Ketapang", "extent_lat_km": 8.6199541522878, "extent_lon_km": 9.5370340443941508 }, "geometry": { "type": "Point", "coordinates": [ 110.145360727949623, -1.891297842399022 ] } },
{ "type": "Feature", "properties": { "cluster_id": 58, "n_detections": 117, "centroid_lat": 2.2741730669608509, "centroid_lon": 117.91590380471018, "lat_min": 2.2437345238382118, "lat_max": 2.2976937593737987, "lon_min": 117.8618054723339, "lon_max": 117.95548326757168, "avg_confidence": 1.0, "max_frp": 12.289999961853027, "avg_frp": 5.8752136790854301, "first_date": "2026-08-17", "last_date": "2026-08-17", "province": "East Kalimantan", "regency": "Berau", "extent_lat_km": 5.9964898450697719, "extent_lon_km": 10.402213972558599 }, "geometry": { "type": "Point", "coordinates": [ 117.915903804710183, 2.274173066960851 ] } },
{ "type": "Feature", "properties": { "cluster_id": 318, "n_detections": 113, "centroid_lat": -1.7322075764308202, "centroid_lon": 110.09473816891098, "lat_min": -1.7559938102371604, "lat_max": -1.7155243835854701, "lon_min": 110.05829982705731, "lon_max": 110.13369884078651, "avg_confidence": 1.1061946902654867, "max_frp": 27.020000457763672, "avg_frp": 14.720708199306927, "first_date": "2026-08-17", "last_date": "2026-08-17", "province": "West Kalimantan", "regency": "Ketapang", "extent_lat_km": 4.4973673838023416, "extent_lon_km": 8.3752633680367801 }, "geometry": { "type": "Point", "coordinates": [ 110.094738168910979, -1.73220757643082 ] } },
{ "type": "Feature", "properties": { "cluster_id": 243, "n_detections": 103, "centroid_lat": -1.3832887264376552, "centroid_lon": 110.1095914616195, "lat_min": -1.401886327034872, "lat_max": -1.3512995437202593, "lon_min": 110.0834266453176, "lon_max": 110.13157845690193, "avg_confidence": 1.1650485436893203, "max_frp": 49.139999389648438, "avg_frp": 18.081650328867642, "first_date": "2026-08-17", "last_date": "2026-08-17", "province": "West Kalimantan", "regency": "Ketapang", "extent_lat_km": 5.6217092297529145, "extent_lon_km": 5.349551364868101 }, "geometry": { "type": "Point", "coordinates": [ 110.109591461619502, -1.383288726437655 ] } },
{ "type": "Feature", "properties": { "cluster_id": 299, "n_detections": 95, "centroid_lat": -1.3782436619909899, "centroid_lon": 114.29033296812943, "lat_min": -1.3985138748138977, "lat_max": -1.3580444481622076, "lon_min": 114.25710869406454, "lon_max": 114.33196987674948, "avg_confidence": 1.0, "max_frp": 13.199999809265137, "avg_frp": 2.7503157546645718, "first_date": "2026-08-17", "last_date": "2026-08-17", "province": "Central Kalimantan", "regency": "Kapuas", "extent_lat_km": 4.4973673838023167, "extent_lon_km": 8.3169164107109612 }, "geometry": { "type": "Point", "coordinates": [ 114.290332968129434, -1.37824366199099 ] } },
{ "type": "Feature", "properties": { "cluster_id": 314, "n_detections": 91, "centroid_lat": -1.6611945489047213, "centroid_lon": 110.07072704186554, "lat_min": -1.6952896702596252, "lat_max": -1.6379579825030641, "lon_min": 110.0544957881803, "lon_max": 110.09160811468652, "avg_confidence": 1.0, "max_frp": 15.409999847412109, "avg_frp": 7.7349450784725144, "first_date": "2026-08-17", "last_date": "2026-08-17", "province": "West Kalimantan", "regency": "Ketapang", "extent_lat_km": 6.3712704603866301, "extent_lon_km": 4.122559500458757 }, "geometry": { "type": "Point", "coordinates": [ 110.070727041865538, -1.661194548904721 ] } },
{ "type": "Feature", "properties": { "cluster_id": 256, "n_detections": 90, "centroid_lat": -0.44073744405723192, "centroid_lon": 116.3875867180209, "lat_min": -0.4609721573830769, "lat_max": -0.42387518295236098, "lon_min": 116.36922698504006, "lon_max": 116.403210914856, "avg_confidence": 1.0666666666666667, "max_frp": 9.3900003433227539, "avg_frp": 4.9977778620190092, "first_date": "2026-08-17", "last_date": "2026-08-17", "province": "East Kalimantan", "regency": "Kutai Kartanegara", "extent_lat_km": 4.1225867684854594, "extent_lon_km": 3.7765223859157016 }, "geometry": { "type": "Point", "coordinates": [ 116.387586718020899, -0.440737444057232 ] } },
{ "type": "Feature", "properties": { "cluster_id": 317, "n_detections": 67, "centroid_lat": -1.7062627237547354, "centroid_lon": 110.28221226518875, "lat_min": -1.7188968358064445, "lat_max": -1.6952896702596252, "lon_min": 110.26372365700303, "lon_max": 110.30064364292774, "avg_confidence": 1.1343283582089552, "max_frp": 20.780000686645508, "avg_frp": 9.2022390080921692, "first_date": "2026-08-17", "last_date": "2026-08-17", "province": "West Kalimantan", "regency": "Ketapang", "extent_lat_km": 2.6234643072180286, "extent_lon_km": 4.1010988490369717 }, "geometry": { "type": "Point", "coordinates": [ 110.282212265188747, -1.706262723754735 ] } },
{ "type": "Feature", "properties": { "cluster_id": 16, "n_detections": 54, "centroid_lat": 2.292135458491082, "centroid_lon": 117.1650139513735, "lat_min": 2.2572243327221084, "lat_max": 2.3314182815835403, "lon_min": 117.14655610934214, "lon_max": 117.17975949485879, "avg_confidence": 1.0, "max_frp": 9.1000003814697266, "avg_frp": 4.3607408117364956, "first_date": "2026-08-17", "last_date": "2026-08-17", "province": "East Kalimantan", "regency": "Berau", "extent_lat_km": 8.2451735369709187, "extent_lon_km": 3.6869399285736848 }, "geometry": { "type": "Point", "coordinates": [ 117.165013951373496, 2.292135458491082 ] } },
{ "type": "Feature", "properties": { "cluster_id": 298, "n_detections": 48, "centroid_lat": -1.3255845955353311, "centroid_lon": 114.13578236933982, "lat_min": -1.3479270914992851, "lat_max": -1.3074576648475951, "lon_min": 114.11415459528706, "lon_max": 114.14741823321442, "avg_confidence": 1.0, "max_frp": 33.979999542236328, "avg_frp": 12.779583387076855, "first_date": "2026-08-17", "last_date": "2026-08-17", "province": "Central Kalimantan", "regency": "Kapuas", "extent_lat_km": 4.4973673838023167, "extent_lon_km": 3.695598798096567 }, "geometry": { "type": "Point", "coordinates": [ 114.135782369339822, -1.325584595535331 ] } },
{ "type": "Feature", "properties": { "cluster_id": 305, "n_detections": 45, "centroid_lat": -1.5437541504638523, "centroid_lon": 114.41070540857643, "lat_min": -1.5603915814206581, "lat_max": -1.5165497025479939, "lon_min": 114.40058183407595, "lon_max": 114.42547205461601, "avg_confidence": 1.0, "max_frp": 6.1399998664855957, "avg_frp": 2.8433333065774704, "first_date": "2026-08-17", "last_date": "2026-08-17", "province": "Central Kalimantan", "regency": "Kapuas", "extent_lat_km": 4.8721479991191741, "extent_lon_km": 2.7650462523345878 }, "geometry": { "type": "Point", "coordinates": [ 114.410705408576433, -1.543754150463852 ] } },
{ "type": "Feature", "properties": { "cluster_id": 324, "n_detections": 43, "centroid_lat": -1.7888556121113039, "centroid_lon": 110.19090435783497, "lat_min": -1.8032081413307988, "lat_max": -1.7762285235630055, "lon_min": 110.17798971873358, "lon_max": 110.20417037626434, "avg_confidence": 1.2093023255813953, "max_frp": 25.690000534057617, "avg_frp": 9.7090697676636459, "first_date": "2026-08-17", "last_date": "2026-08-17", "province": "West Kalimantan", "regency": "Ketapang", "extent_lat_km": 2.9982449225348615, "extent_lon_km": 2.9080385508310398 }, "geometry": { "type": "Point", "coordinates": [ 110.190904357834967, -1.788855612111304 ] } },
{ "type": "Feature", "properties": { "cluster_id": 36, "n_detections": 42, "centroid_lat": 1.9518568137610421, "centroid_lon": 117.29021662173297, "lat_min": 1.940213823950536, "lat_max": 1.9671934417183297, "lon_min": 117.26964142846182, "lon_max": 117.30432414725712, "avg_confidence": 1.0, "max_frp": 8.5500001907348633, "avg_frp": 4.6719048037415458, "first_date": "2026-08-17", "last_date": "2026-08-17", "province": "East Kalimantan", "regency": "Berau", "extent_lat_km": 2.9982449225349108, "extent_lon_km": 3.8520542755900782 }, "geometry": { "type": "Point", "coordinates": [ 117.290216621732966, 1.951856813761042 ] } },
{ "type": "Feature", "properties": { "cluster_id": 46, "n_detections": 40, "centroid_lat": 1.3886492632102097, "centroid_lon": 109.1559284457403, "lat_min": 1.3803867552688229, "lat_max": 1.3972490163736939, "lon_min": 109.14403794685781, "lon_max": 109.16765206616518, "avg_confidence": 1.0, "max_frp": 27.479999542236328, "avg_frp": 20.793750095367432, "first_date": "2026-08-17", "last_date": "2026-08-17", "province": "West Kalimantan", "regency": "Sambas", "extent_lat_km": 1.873903076584313, "extent_lon_km": 2.623466367403291 }, "geometry": { "type": "Point", "coordinates": [ 109.155928445740301, 1.38864926321021 ] } },
{ "type": "Feature", "properties": { "cluster_id": 230, "n_detections": 40, "centroid_lat": -0.91018279321683715, "centroid_lon": 110.47060464665556, "lat_min": -0.93648792054043561, "lat_max": -0.89601849388874566, "lon_min": 110.45782976078226, "lon_max": 110.48818562693482, "avg_confidence": 1.0, "max_frp": 12.210000038146973, "avg_frp": 5.0877499625086786, "first_date": "2026-08-17", "last_date": "2026-08-17", "province": "West Kalimantan", "regency": "Ketapang", "extent_lat_km": 4.4973673838023043, "extent_lon_km": 3.3730217612633977 }, "geometry": { "type": "Point", "coordinates": [ 110.470604646655559, -0.910182793216837 ] } },
{ "type": "Feature", "properties": { "cluster_id": 296, "n_detections": 40, "centroid_lat": -1.3221278320088328, "centroid_lon": 114.26372681693871, "lat_min": -1.3378097348363627, "lat_max": -1.2973403081846724, "lon_min": 114.25044970481038, "lon_max": 114.2791358629418, "avg_confidence": 1.0, "max_frp": 16.950000762939453, "avg_frp": 6.2607502102851864, "first_date": "2026-08-17", "last_date": "2026-08-17", "province": "Central Kalimantan", "regency": "Kapuas", "extent_lat_km": 4.4973673838023416, "extent_lon_km": 3.1870440495022967 }, "geometry": { "type": "Point", "coordinates": [ 114.263726816938714, -1.322127832008833 ] } },
{ "type": "Feature", "properties": { "cluster_id": 295, "n_detections": 39, "centroid_lat": -1.2721766262281728, "centroid_lon": 114.21507310672715, "lat_min": -1.2804780470798016, "lat_max": -1.2602433337539565, "lon_min": 114.18852495732246, "lon_max": 114.23222870918906, "avg_confidence": 1.0, "max_frp": 6.5300002098083496, "avg_frp": 3.609230793439425, "first_date": "2026-08-17", "last_date": "2026-08-17", "province": "Central Kalimantan", "regency": "Kapuas", "extent_lat_km": 2.2486836919011708, "extent_lon_km": 4.8556007861494876 }, "geometry": { "type": "Point", "coordinates": [ 114.215073106727147, -1.272176626228173 ] } },
{ "type": "Feature", "properties": { "cluster_id": 27, "n_detections": 38, "centroid_lat": 2.1491283641656209, "centroid_lon": 117.13641731000511, "lat_min": 2.1358160527670385, "lat_max": 2.1661681227558058, "lon_min": 117.12682322291711, "lon_max": 117.14629531826385, "avg_confidence": 1.0, "max_frp": 75.620002746582031, "avg_frp": 19.877895229741146, "first_date": "2026-08-17", "last_date": "2026-08-17", "province": "East Kalimantan", "regency": "Berau", "extent_lat_km": 3.3730255378517193, "extent_lon_km": 2.1624118581704135 }, "geometry": { "type": "Point", "coordinates": [ 117.136417310005115, 2.149128364165621 ] } },
{ "type": "Feature", "properties": { "cluster_id": 12, "n_detections": 38, "centroid_lat": 2.5748560826922819, "centroid_lon": 117.50040499053257, "lat_min": 2.5573725803888103, "lat_max": 2.5910971025985519, "lon_min": 117.47058735634444, "lon_max": 117.51598151621077, "avg_confidence": 1.0, "max_frp": 46.680000305175781, "avg_frp": 23.525789380073547, "first_date": "2026-08-17", "last_date": "2026-08-17", "province": "North Kalimantan", "regency": "Bulungan", "extent_lat_km": 3.7478061531685767, "extent_lon_km": 5.0395598078312096 }, "geometry": { "type": "Point", "coordinates": [ 117.500404990532573, 2.574856082692282 ] } },
{ "type": "Feature", "properties": { "cluster_id": 11, "n_detections": 36, "centroid_lat": 2.560463994924703, "centroid_lon": 117.42841629457581, "lat_min": 2.5303929626210167, "lat_max": 2.5978420070405006, "lon_min": 117.41929854312777, "lon_max": 117.44047639278293, "avg_confidence": 1.0, "max_frp": 13.810000419616699, "avg_frp": 8.0041666825612392, "first_date": "2026-08-17", "last_date": "2026-08-17", "province": "East Kalimantan", "regency": "Berau", "extent_lat_km": 7.495612306337252, "extent_lon_km": 2.3511447832143775 }, "geometry": { "type": "Point", "coordinates": [ 117.428416294575811, 2.560463994924703 ] } },
{ "type": "Feature", "properties": { "cluster_id": 246, "n_detections": 34, "centroid_lat": -1.4505885046965872, "centroid_lon": 110.17818648213941, "lat_min": -1.462590467012407, "lat_max": -1.4389833014655879, "lon_min": 110.16512057789183, "lon_max": 110.19325857426625, "avg_confidence": 1.0, "max_frp": 9.5699996948242188, "avg_frp": 6.5638233388171479, "first_date": "2026-08-17", "last_date": "2026-08-17", "province": "West Kalimantan", "regency": "Ketapang", "extent_lat_km": 2.6234643072180037, "extent_lon_km": 3.1259734291840804 }, "geometry": { "type": "Point", "coordinates": [ 110.178186482139409, -1.450588504696587 ] } },
{ "type": "Feature", "properties": { "cluster_id": 53, "n_detections": 33, "centroid_lat": 2.4176713020230016, "centroid_lon": 117.88280543882159, "lat_min": 2.4089846826659467, "lat_max": 2.4258469437708174, "lon_min": 117.87006954078512, "lon_max": 117.89487028866962, "avg_confidence": 1.0, "max_frp": 37.529998779296875, "avg_frp": 18.833635908184629, "first_date": "2026-08-17", "last_date": "2026-08-17", "province": "North Kalimantan", "regency": "Bulungan", "extent_lat_km": 1.8739030765842883, "extent_lon_km": 2.7536538110324318 }, "geometry": { "type": "Point", "coordinates": [ 117.882805438821592, 2.417671302023002 ] } },
{ "type": "Feature", "properties": { "cluster_id": 15, "n_detections": 33, "centroid_lat": 2.3268194831003939, "centroid_lon": 117.11410123865478, "lat_min": 2.3111835682576958, "lat_max": 2.3415356382464632, "lon_min": 117.10206596332691, "lon_max": 117.12427476265344, "avg_confidence": 1.0, "max_frp": 6.1700000762939453, "avg_frp": 5.2345455343073066, "first_date": "2026-08-17", "last_date": "2026-08-17", "province": "East Kalimantan", "regency": "Berau", "extent_lat_km": 3.3730255378517193, "extent_lon_km": 2.4660289515544567 }, "geometry": { "type": "Point", "coordinates": [ 117.114101238654783, 2.326819483100394 ] } },
{ "type": "Feature", "properties": { "cluster_id": 211, "n_detections": 32, "centroid_lat": -1.2538145967077245, "centroid_lon": 113.63574411248413, "lat_min": -1.2636157859749306, "lat_max": -1.2433810726490857, "lon_min": 113.61741194996905, "lon_max": 113.65862386618208, "avg_confidence": 1.0, "max_frp": 38.939998626708984, "avg_frp": 16.857187109068036, "first_date": "2026-08-17", "last_date": "2026-08-17", "province": "Central Kalimantan", "regency": "Gunung Mas", "extent_lat_km": 2.2486836919011459, "extent_lon_km": 4.5787836994236528 }, "geometry": { "type": "Point", "coordinates": [ 113.635744112484133, -1.253814596707725 ] } },
{ "type": "Feature", "properties": { "cluster_id": 131, "n_detections": 31, "centroid_lat": -0.21554466672121436, "centroid_lon": 109.57611398688621, "lat_min": -0.22490050191488464, "lat_max": -0.20466578858903958, "lon_min": 109.56797305909241, "lon_max": 109.58486019175973, "avg_confidence": 1.0, "max_frp": 115.98000335693359, "avg_frp": 54.158064565350934, "first_date": "2026-08-17", "last_date": "2026-08-17", "province": "West Kalimantan", "regency": "Kubu Raya", "extent_lat_km": 2.2486836919011615, "extent_lon_km": 1.8766537736880295 }, "geometry": { "type": "Point", "coordinates": [ 109.576113986886213, -0.215544666721214 ] } },
{ "type": "Feature", "properties": { "cluster_id": 309, "n_detections": 30, "centroid_lat": -1.5997368573320234, "centroid_lon": 114.78739609078534, "lat_min": -1.6076059125142965, "lat_max": -1.5907436514094258, "lon_min": 114.77819742873247, "lon_max": 114.7958215747263, "avg_confidence": 1.3, "max_frp": 24.950000762939453, "avg_frp": 18.66266721089681, "first_date": "2026-08-17", "last_date": "2026-08-17", "province": "Central Kalimantan", "regency": "Barito Selatan", "extent_lat_km": 1.8739030765842883, "extent_lon_km": 1.9578079779238515 }, "geometry": { "type": "Point", "coordinates": [ 114.787396090785336, -1.599736857332023 ] } },
{ "type": "Feature", "properties": { "cluster_id": 59, "n_detections": 30, "centroid_lat": 2.2738617636789145, "centroid_lon": 117.82196339796856, "lat_min": 2.2572243327221084, "lat_max": 2.2909488549318504, "lon_min": 117.81062888952233, "lon_max": 117.83708122992671, "avg_confidence": 1.0, "max_frp": 8.5900001525878906, "avg_frp": 5.0210000117619833, "first_date": "2026-08-17", "last_date": "2026-08-17", "province": "East Kalimantan", "regency": "Berau", "extent_lat_km": 3.747806153168626, "extent_lon_km": 2.9373339074701561 }, "geometry": { "type": "Point", "coordinates": [ 117.82196339796856, 2.273861763678914 ] } },
{ "type": "Feature", "properties": { "cluster_id": 60, "n_detections": 28, "centroid_lat": 2.2683052471624525, "centroid_lon": 118.00200399823369, "lat_min": 2.2572243327221084, "lat_max": 2.2808314982689279, "lon_min": 117.99598430793259, "lon_max": 118.00948465471956, "avg_confidence": 1.0, "max_frp": 10.149999618530273, "avg_frp": 6.7874997939382284, "first_date": "2026-08-17", "last_date": "2026-08-17", "province": "East Kalimantan", "regency": "Berau", "extent_lat_km": 2.623464307218053, "extent_lon_km": 1.4991179718068208 }, "geometry": { "type": "Point", "coordinates": [ 118.00200399823369, 2.268305247162453 ] } },
{ "type": "Feature", "properties": { "cluster_id": 321, "n_detections": 28, "centroid_lat": -1.7603298202355557, "centroid_lon": 110.04621221827914, "lat_min": -1.7762285235630055, "lat_max": -1.7458764535742377, "lon_min": 110.03644336274336, "lon_max": 110.05510595372316, "avg_confidence": 1.0, "max_frp": 61.099998474121094, "avg_frp": 34.528213773454937, "first_date": "2026-08-17", "last_date": "2026-08-17", "province": "West Kalimantan", "regency": "Ketapang", "extent_lat_km": 3.3730255378517686, "extent_lon_km": 2.0729949627186843 }, "geometry": { "type": "Point", "coordinates": [ 110.046212218279138, -1.760329820235556 ] } },
{ "type": "Feature", "properties": { "cluster_id": 194, "n_detections": 27, "centroid_lat": -0.50781177156327384, "centroid_lon": 110.68144022846374, "lat_min": -0.52504874958158632, "lat_max": -0.49132422737184445, "lon_min": 110.67112645702272, "lon_max": 110.69107209247272, "avg_confidence": 1.0, "max_frp": 12.510000228881836, "avg_frp": 6.1711111598544655, "first_date": "2026-08-17", "last_date": "2026-08-17", "province": "West Kalimantan", "regency": "Sekadau", "extent_lat_km": 3.747806153168614, "extent_lon_km": 2.2164714099733986 }, "geometry": { "type": "Point", "coordinates": [ 110.681440228463742, -0.507811771563274 ] } },
{ "type": "Feature", "properties": { "cluster_id": 24, "n_detections": 26, "centroid_lat": 2.1852354487743906, "centroid_lon": 116.93489969196119, "lat_min": 2.1661681227558058, "lat_max": 2.1998926449655474, "lon_min": 116.91966874691117, "lon_max": 116.9479850225628, "avg_confidence": 1.0, "max_frp": 47.400001525878906, "avg_frp": 10.377692442673903, "first_date": "2026-08-17", "last_date": "2026-08-17", "province": "East Kalimantan", "regency": "Berau", "extent_lat_km": 3.7478061531685767, "extent_lon_km": 3.1444992916942698 }, "geometry": { "type": "Point", "coordinates": [ 116.934899691961192, 2.185235448774391 ] } },
{ "type": "Feature", "properties": { "cluster_id": 315, "n_detections": 26, "centroid_lat": -1.6523557592926077, "centroid_lon": 110.28675040907738, "lat_min": -1.6581926958289093, "lat_max": -1.6447028869450124, "lon_min": 110.27735669819796, "lon_max": 110.29460107354151, "avg_confidence": 1.0, "max_frp": 15.640000343322754, "avg_frp": 11.025769362082848, "first_date": "2026-08-17", "last_date": "2026-08-17", "province": "West Kalimantan", "regency": "Ketapang", "extent_lat_km": 1.4991224612674554, "extent_lon_km": 1.9155705746610998 }, "geometry": { "type": "Point", "coordinates": [ 110.286750409077385, -1.652355759292608 ] } },
{ "type": "Feature", "properties": { "cluster_id": 113, "n_detections": 26, "centroid_lat": 0.52378389114138235, "centroid_lon": 109.0107397760668, "lat_min": 0.51703898669943404, "lat_max": 0.53052879558333066, "lon_min": 109.00173064728158, "lon_max": 109.01877016014951, "avg_confidence": 1.0, "max_frp": 6.929999828338623, "avg_frp": 3.7369230068646946, "first_date": "2026-08-17", "last_date": "2026-08-17", "province": "West Kalimantan", "regency": "Mempawah", "extent_lat_km": 1.4991224612674308, "extent_lon_km": 1.8935219398762229 }, "geometry": { "type": "Point", "coordinates": [ 109.010739776066799, 0.523783891141382 ] } },
{ "type": "Feature", "properties": { "cluster_id": 322, "n_detections": 25, "centroid_lat": -1.7632783070344646, "centroid_lon": 110.14314288141115, "lat_min": -1.7728560713420312, "lat_max": -1.7559938102371604, "lon_min": 110.13488439743227, "lon_max": 110.14937914325576, "avg_confidence": 1.0, "max_frp": 18.159999847412109, "avg_frp": 11.610400047302246, "first_date": "2026-08-17", "last_date": "2026-08-17", "province": "West Kalimantan", "regency": "Ketapang", "extent_lat_km": 1.8739030765842883, "extent_lon_km": 1.6100383676005778 }, "geometry": { "type": "Point", "coordinates": [ 110.143142881411151, -1.763278307034465 ] } },
{ "type": "Feature", "properties": { "cluster_id": 208, "n_detections": 25, "centroid_lat": -0.84462232204109911, "centroid_lon": 113.99194673661917, "lat_min": -0.85554906723705548, "lat_max": -0.83531435391121045, "lon_min": 113.98371466397741, "lon_max": 113.9978000033623, "avg_confidence": 1.0, "max_frp": 23.370000839233398, "avg_frp": 10.934800033569337, "first_date": "2026-08-17", "last_date": "2026-08-17", "province": "Central Kalimantan", "regency": "Kapuas", "extent_lat_km": 2.2486836919011584, "extent_lon_km": 1.5651336907900542 }, "geometry": { "type": "Point", "coordinates": [ 113.99194673661917, -0.844622322041099 ] } },
{ "type": "Feature", "properties": { "cluster_id": 204, "n_detections": 25, "centroid_lat": -0.7531614178082795, "centroid_lon": 114.17679879707099, "lat_min": -0.76112040504977851, "lat_max": -0.74425814394490764, "lon_min": 114.16698173012969, "lon_max": 114.18712989788263, "avg_confidence": 1.0, "max_frp": 20.680000305175781, "avg_frp": 13.868000411987305, "first_date": "2026-08-17", "last_date": "2026-08-17", "province": "Central Kalimantan", "regency": "Murung Raya", "extent_lat_km": 1.8739030765843008, "extent_lon_km": 2.2388724356118446 }, "geometry": { "type": "Point", "coordinates": [ 114.176798797070987, -0.753161417808279 ] } },
{ "type": "Feature", "properties": { "cluster_id": 140, "n_detections": 24, "centroid_lat": -0.54696968901791843, "centroid_lon": 110.47603024043876, "lat_min": -0.55202836734937966, "lat_max": -0.54191101068645708, "lon_min": 110.46250865586283, "lon_max": 110.48955158212038, "avg_confidence": 1.0, "max_frp": 56.340000152587891, "avg_frp": 28.264999955892563, "first_date": "2026-08-17", "last_date": "2026-08-17", "province": "West Kalimantan", "regency": "Ketapang", "extent_lat_km": 1.1243418459505854, "extent_lon_km": 3.0051434541703834 }, "geometry": { "type": "Point", "coordinates": [ 110.47603024043876, -0.546969689017918 ] } },
{ "type": "Feature", "properties": { "cluster_id": 241, "n_detections": 23, "centroid_lat": -1.3086306917070643, "centroid_lon": 110.0780049621833, "lat_min": -1.3209474737314917, "lat_max": -1.2939678559636985, "lon_min": 110.06064355519017, "lon_max": 110.09218653873754, "avg_confidence": 1.0, "max_frp": 5.559999942779541, "avg_frp": 2.2182608765104543, "first_date": "2026-08-17", "last_date": "2026-08-17", "province": "West Kalimantan", "regency": "Kayong Utara", "extent_lat_km": 2.9982449225348615, "extent_lon_km": 3.5044574922976794 }, "geometry": { "type": "Point", "coordinates": [ 110.0780049621833, -1.308630691707064 ] } },
{ "type": "Feature", "properties": { "cluster_id": 332, "n_detections": 22, "centroid_lat": -1.95527507784018, "centroid_lon": 110.60360896225603, "lat_min": -1.9583409434956109, "lat_max": -1.9515960390536626, "lon_min": 110.59247647120527, "lon_max": 110.6165418239474, "avg_confidence": 1.0, "max_frp": 9.0799999237060547, "avg_frp": 7.1118182269009678, "first_date": "2026-08-17", "last_date": "2026-08-17", "province": "West Kalimantan", "regency": "Ketapang", "extent_lat_km": 0.74956123063371538, "extent_lon_km": 2.6728255310064544 }, "geometry": { "type": "Point", "coordinates": [ 110.603608962256033, -1.95527507784018 ] } },
{ "type": "Feature", "properties": { "cluster_id": 231, "n_detections": 22, "centroid_lat": -0.93694780038875036, "centroid_lon": 109.89658437881758, "lat_min": -0.94660527720335819, "lat_max": -0.92637056387751315, "lon_min": 109.89180760688609, "lon_max": 109.90245404420821, "avg_confidence": 1.0, "max_frp": 2.619999885559082, "avg_frp": 1.8159090497277, "first_date": "2026-08-17", "last_date": "2026-08-17", "province": "West Kalimantan", "regency": "Kayong Utara", "extent_lat_km": 2.2486836919011584, "extent_lon_km": 1.1829803887175425 }, "geometry": { "type": "Point", "coordinates": [ 109.896584378817579, -0.93694780038875 ] } },
{ "type": "Feature", "properties": { "cluster_id": 254, "n_detections": 22, "centroid_lat": -0.37405486605160615, "centroid_lon": 115.9000484975446, "lat_min": -0.38003330407969671, "lat_max": -0.36654349519579998, "lon_min": 115.89298638141601, "lon_max": 115.9065661771627, "avg_confidence": 1.2727272727272727, "max_frp": 16.079999923706055, "avg_frp": 14.396363583478061, "first_date": "2026-08-17", "last_date": "2026-08-17", "province": "East Kalimantan", "regency": "Kutai Barat", "extent_lat_km": 1.499122461267443, "extent_lon_km": 1.5090905411577462 }, "geometry": { "type": "Point", "coordinates": [ 115.900048497544603, -0.374054866051606 ] } },
{ "type": "Feature", "properties": { "cluster_id": 286, "n_detections": 22, "centroid_lat": -1.4903365511940583, "centroid_lon": 110.64301557000272, "lat_min": -1.496314989222149, "lat_max": -1.4828251803382522, "lon_min": 110.63636708155433, "lon_max": 110.65037008576417, "avg_confidence": 1.4090909090909092, "max_frp": 12.819999694824219, "avg_frp": 10.009545391256159, "first_date": "2026-08-17", "last_date": "2026-08-17", "province": "West Kalimantan", "regency": "Ketapang", "extent_lat_km": 1.4991224612674554, "extent_lon_km": 1.5556274510376396 }, "geometry": { "type": "Point", "coordinates": [ 110.643015570002717, -1.490336551194058 ] } },
{ "type": "Feature", "properties": { "cluster_id": 216, "n_detections": 22, "centroid_lat": -1.2884492977839224, "centroid_lon": 113.60130189484062, "lat_min": -1.2939678559636985, "lat_max": -1.2838504993007758, "lon_min": 113.59205038060763, "lon_max": 113.60936824369715, "avg_confidence": 1.0, "max_frp": 49.049999237060547, "avg_frp": 30.684999726035379, "first_date": "2026-08-17", "last_date": "2026-08-17", "province": "Central Kalimantan", "regency": "Gunung Mas", "extent_lat_km": 1.1243418459505976, "extent_lon_km": 1.9240475311707637 }, "geometry": { "type": "Point", "coordinates": [ 113.601301894840617, -1.288449297783922 ] } },
{ "type": "Feature", "properties": { "cluster_id": 244, "n_detections": 21, "centroid_lat": -1.3835787292638693, "centroid_lon": 110.27381966338446, "lat_min": -1.3883965181509752, "lat_max": -1.3782791614880527, "lon_min": 110.26360967408934, "lon_max": 110.2840070285643, "avg_confidence": 1.0, "max_frp": 15.720000267028809, "avg_frp": 11.502857344491142, "first_date": "2026-08-17", "last_date": "2026-08-17", "province": "West Kalimantan", "regency": "Ketapang", "extent_lat_km": 1.124341845950573, "extent_lon_km": 2.2660971320287544 }, "geometry": { "type": "Point", "coordinates": [ 110.273819663384458, -1.383578729263869 ] } },
{ "type": "Feature", "properties": { "cluster_id": 245, "n_detections": 21, "centroid_lat": -1.3855058448187116, "centroid_lon": 110.37752218319346, "lat_min": -1.3917689703719494, "lat_max": -1.3782791614880527, "lon_min": 110.36834297353505, "lon_max": 110.38536744571174, "avg_confidence": 1.0, "max_frp": 11.390000343322754, "avg_frp": 8.3057143347603937, "first_date": "2026-08-17", "last_date": "2026-08-17", "province": "West Kalimantan", "regency": "Ketapang", "extent_lat_km": 1.4991224612674308, "extent_lon_km": 1.8913764654691914 }, "geometry": { "type": "Point", "coordinates": [ 110.377522183193463, -1.385505844818712 ] } },
{ "type": "Feature", "properties": { "cluster_id": 227, "n_detections": 21, "centroid_lat": -0.87337488611934755, "centroid_lon": 110.20725898583403, "lat_min": -0.88252868500484893, "lat_max": -0.86566642389997794, "lon_min": 110.19691488557808, "lon_max": 110.21764680506462, "avg_confidence": 1.0, "max_frp": 4.3600001335144043, "avg_frp": 3.2771428653172086, "first_date": "2026-08-17", "last_date": "2026-08-17", "province": "West Kalimantan", "regency": "Kayong Utara", "extent_lat_km": 1.873903076584313, "extent_lon_km": 2.3036705494055818 }, "geometry": { "type": "Point", "coordinates": [ 110.207258985834031, -0.873374886119348 ] } },
{ "type": "Feature", "properties": { "cluster_id": 278, "n_detections": 21, "centroid_lat": -0.73606790283682755, "centroid_lon": 117.05163779856896, "lat_min": -0.74425814394490764, "lat_max": -0.72739588284003687, "lon_min": 117.03673888422995, "lon_max": 117.0637207372686, "avg_confidence": 1.0, "max_frp": 1.2300000190734863, "avg_frp": 1.1142857159887041, "first_date": "2026-08-17", "last_date": "2026-08-17", "province": "East Kalimantan", "regency": "Kutai Kartanegara", "extent_lat_km": 1.8739030765842883, "extent_lon_km": 2.9982458951890503 }, "geometry": { "type": "Point", "coordinates": [ 117.051637798568962, -0.736067902836828 ] } },
{ "type": "Feature", "properties": { "cluster_id": 69, "n_detections": 21, "centroid_lat": 0.36286974231204311, "centroid_lon": 111.98217388883263, "lat_min": 0.35516128009267356, "lat_max": 0.37202354119754449, "lon_min": 111.97051600833454, "lon_max": 111.9943327913801, "avg_confidence": 1.0, "max_frp": 6.809999942779541, "avg_frp": 4.1485714571816583, "first_date": "2026-08-17", "last_date": "2026-08-17", "province": "West Kalimantan", "regency": "Kapuas Hulu", "extent_lat_km": 1.873903076584307, "extent_lon_km": 2.6467060188385885 }, "geometry": { "type": "Point", "coordinates": [ 111.982173888832634, 0.362869742312043 ] } },
{ "type": "Feature", "properties": { "cluster_id": 26, "n_detections": 20, "centroid_lat": 2.1818500255833357, "centroid_lon": 117.28676796528103, "lat_min": 2.16954057497678, "lat_max": 2.1965201927445737, "lon_min": 117.27973389069446, "lon_max": 117.29196385774706, "avg_confidence": 1.0, "max_frp": 5.5799999237060547, "avg_frp": 3.6674999773502348, "first_date": "2026-08-17", "last_date": "2026-08-17", "province": "East Kalimantan", "regency": "Berau", "extent_lat_km": 2.9982449225349108, "extent_lon_km": 1.3581309154918164 }, "geometry": { "type": "Point", "coordinates": [ 117.28676796528103, 2.181850025583336 ] } },
{ "type": "Feature", "properties": { "cluster_id": 133, "n_detections": 19, "centroid_lat": -0.3516337064293879, "centroid_lon": 109.50143719503446, "lat_min": -0.35642613853287747, "lat_max": -0.34630878186995495, "lon_min": 109.49498495820865, "lon_max": 109.50859360041414, "avg_confidence": 1.0, "max_frp": 41.409999847412109, "avg_frp": 34.746842032984681, "first_date": "2026-08-17", "last_date": "2026-08-17", "province": "West Kalimantan", "regency": "Kubu Raya", "extent_lat_km": 1.1243418459505792, "extent_lon_km": 1.5122999276084408 }, "geometry": { "type": "Point", "coordinates": [ 109.501437195034455, -0.351633706429388 ] } },
{ "type": "Feature", "properties": { "cluster_id": 276, "n_detections": 19, "centroid_lat": -0.67379164227507882, "centroid_lon": 117.28666744840389, "lat_min": -0.68018155174639838, "lat_max": -0.66669174286250155, "lon_min": 117.28125229079885, "lon_max": 117.2916143963503, "avg_confidence": 1.0, "max_frp": 16.379999160766602, "avg_frp": 13.763157242222837, "first_date": "2026-08-17", "last_date": "2026-08-17", "province": "East Kalimantan", "regency": "Kutai Kartanegara", "extent_lat_km": 1.4991224612674554, "extent_lon_km": 1.151461164776044 }, "geometry": { "type": "Point", "coordinates": [ 117.28666744840389, -0.673791642275079 ] } },
{ "type": "Feature", "properties": { "cluster_id": 19, "n_detections": 19, "centroid_lat": 2.2346821520871756, "centroid_lon": 117.25004598613917, "lat_min": 2.226872262733341, "lat_max": 2.2437345238382118, "lon_min": 117.2336135398844, "lon_max": 117.25858555319716, "avg_confidence": 1.3157894736842106, "max_frp": 15.850000381469727, "avg_frp": 7.4189474331705192, "first_date": "2026-08-17", "last_date": "2026-08-17", "province": "East Kalimantan", "regency": "Berau", "extent_lat_km": 1.8739030765842883, "extent_lon_km": 2.7730293359425731 }, "geometry": { "type": "Point", "coordinates": [ 117.25004598613917, 2.234682152087176 ] } },
{ "type": "Feature", "properties": { "cluster_id": 213, "n_detections": 19, "centroid_lat": -1.2774605898294564, "centroid_lon": 113.99460946606499, "lat_min": -1.2838504993007758, "lat_max": -1.2703606904168792, "lon_min": 113.98950135863153, "lon_max": 114.0002195643798, "avg_confidence": 1.0, "max_frp": 14.890000343322754, "avg_frp": 10.233158111572266, "first_date": "2026-08-17", "last_date": "2026-08-17", "province": "Central Kalimantan", "regency": "Gunung Mas", "extent_lat_km": 1.4991224612674308, "extent_lon_km": 1.1908181615485001 }, "geometry": { "type": "Point", "coordinates": [ 113.994609466064986, -1.277460589829456 ] } },
{ "type": "Feature", "properties": { "cluster_id": 31, "n_detections": 19, "centroid_lat": 2.033045008769983, "centroid_lon": 117.30198609163087, "lat_min": 2.0245251294748905, "lat_max": 2.0413873905797613, "lon_min": 117.29586181760398, "lon_max": 117.30721096531916, "avg_confidence": 1.0, "max_frp": 1.5199999809265137, "avg_frp": 1.2773684012262445, "first_date": "2026-08-17", "last_date": "2026-08-17", "province": "East Kalimantan", "regency": "Berau", "extent_lat_km": 1.8739030765842883, "extent_lon_km": 1.260436882078555 }, "geometry": { "type": "Point", "coordinates": [ 117.301986091630866, 2.033045008769983 ] } },
{ "type": "Feature", "properties": { "cluster_id": 120, "n_detections": 19, "centroid_lat": 0.16452898086497544, "centroid_lon": 116.63880662698875, "lat_min": 0.14606924239227467, "lat_max": 0.17642131238104228, "lon_min": 116.63295754715912, "lon_max": 116.64313654893461, "avg_confidence": 1.0, "max_frp": 8.3400001525878906, "avg_frp": 3.9615790404771505, "first_date": "2026-08-17", "last_date": "2026-08-17", "province": "East Kalimantan", "regency": "Kutai Timur", "extent_lat_km": 3.3730255378517437, "extent_lon_km": 1.13118780344676 }, "geometry": { "type": "Point", "coordinates": [ 116.638806626988753, 0.164528980864975 ] } },
{ "type": "Feature", "properties": { "cluster_id": 247, "n_detections": 19, "centroid_lat": -1.4544255826879433, "centroid_lon": 110.25322757945025, "lat_min": -1.4592180147914329, "lat_max": -1.4491006581285104, "lon_min": 110.24657571160779, "lon_max": 110.26056408567419, "avg_confidence": 1.0, "max_frp": 6.7699999809265137, "avg_frp": 4.7826315729241626, "first_date": "2026-08-17", "last_date": "2026-08-17", "province": "West Kalimantan", "regency": "Ketapang", "extent_lat_km": 1.124341845950573, "extent_lon_km": 1.5540271884808703 }, "geometry": { "type": "Point", "coordinates": [ 110.253227579450254, -1.454425582687943 ] } },
{ "type": "Feature", "properties": { "cluster_id": 236, "n_detections": 18, "centroid_lat": -1.0174267738438159, "centroid_lon": 110.01451143800261, "lat_min": -1.0207992260647902, "lat_max": -1.0140543216228417, "lon_min": 110.00596404996506, "lon_max": 110.02305897079967, "avg_confidence": 1.0, "max_frp": 16.889999389648438, "avg_frp": 9.5749996900558472, "first_date": "2026-08-17", "last_date": "2026-08-17", "province": "West Kalimantan", "regency": "Kayong Utara", "extent_lat_km": 0.74956123063374003, "extent_lon_km": 1.8994590377068992 }, "geometry": { "type": "Point", "coordinates": [ 110.014511438002614, -1.017426773843816 ] } },
{ "type": "Feature", "properties": { "cluster_id": 146, "n_detections": 18, "centroid_lat": 0.0066745505920087662, "centroid_lon": 112.78506131609727, "lat_min": 0.0010537968903851403, "lat_max": 0.011171153553307667, "lon_min": 112.77775369045412, "lon_max": 112.79124530666979, "avg_confidence": 1.0, "max_frp": 49.819999694824219, "avg_frp": 33.106110996670196, "first_date": "2026-08-17", "last_date": "2026-08-17", "province": "West Kalimantan", "regency": "Sintang", "extent_lat_km": 1.1243418459505803, "extent_lon_km": 1.4993232998745196 }, "geometry": { "type": "Point", "coordinates": [ 112.78506131609727, 0.006674550592009 ] } },
{ "type": "Feature", "properties": { "cluster_id": 183, "n_detections": 18, "centroid_lat": -0.090002413075917595, "centroid_lon": 110.70383271562962, "lat_min": -0.10011976973884013, "lat_max": -0.079885056412995079, "lon_min": 110.70043038402309, "lon_max": 110.70723671111556, "avg_confidence": 1.0, "max_frp": 24.030000686645508, "avg_frp": 13.175000309944153, "first_date": "2026-08-17", "last_date": "2026-08-17", "province": "West Kalimantan", "regency": "Sanggau", "extent_lat_km": 2.2486836919011601, "extent_lon_km": 0.75638619658029549 }, "geometry": { "type": "Point", "coordinates": [ 110.703832715629616, -0.090002413075918 ] } },
{ "type": "Feature", "properties": { "cluster_id": 162, "n_detections": 18, "centroid_lat": -0.057402041606500566, "centroid_lon": 112.11737179353314, "lat_min": -0.066395247529098367, "lat_max": -0.04616053420325332, "lon_min": 112.1066894413525, "lon_max": 112.13366278340386, "avg_confidence": 1.0, "max_frp": 7.9200000762939453, "avg_frp": 5.8599999745686846, "first_date": "2026-08-17", "last_date": "2026-08-17", "province": "West Kalimantan", "regency": "Sintang", "extent_lat_km": 2.2486836919011601, "extent_lon_km": 2.9975459978298842 }, "geometry": { "type": "Point", "coordinates": [ 112.117371793533138, -0.057402041606501 ] } },
{ "type": "Feature", "properties": { "cluster_id": 61, "n_detections": 18, "centroid_lat": 2.2190032075510677, "centroid_lon": 117.87142350569674, "lat_min": 2.2100100016284703, "lat_max": 2.226872262733341, "lon_min": 117.85664505907512, "lon_max": 117.88498873560698, "avg_confidence": 1.0, "max_frp": 5.1500000953674316, "avg_frp": 4.1700000762939453, "first_date": "2026-08-17", "last_date": "2026-08-17", "province": "East Kalimantan", "regency": "Berau", "extent_lat_km": 1.8739030765842883, "extent_lon_km": 3.147470806059824 }, "geometry": { "type": "Point", "coordinates": [ 117.87142350569674, 2.219003207551068 ] } },
{ "type": "Feature", "properties": { "cluster_id": 279, "n_detections": 18, "centroid_lat": -0.91007037814280467, "centroid_lon": 111.2831815895658, "lat_min": -0.91962565943556485, "lat_max": -0.8993909461097197, "lon_min": 111.27754193437666, "lon_max": 111.29082622867628, "avg_confidence": 1.0, "max_frp": 13.130000114440918, "avg_frp": 8.9116667111714687, "first_date": "2026-08-17", "last_date": "2026-08-17", "province": "West Kalimantan", "regency": "Melawi", "extent_lat_km": 2.2486836919011708, "extent_lon_km": 1.4760974016380224 }, "geometry": { "type": "Point", "coordinates": [ 111.2831815895658, -0.910070378142805 ] } },
{ "type": "Feature", "properties": { "cluster_id": 287, "n_detections": 18, "centroid_lat": -1.5643261090117948, "centroid_lon": 110.80907029378854, "lat_min": -1.573881390304555, "lat_max": -1.557019129199684, "lon_min": 110.78915458167762, "lon_max": 110.82253485418178, "avg_confidence": 1.0, "max_frp": 0.98000001907348633, "avg_frp": 0.84833335876464844, "first_date": "2026-08-17", "last_date": "2026-08-17", "province": "West Kalimantan", "regency": "Ketapang", "extent_lat_km": 1.873903076584313, "extent_lon_km": 3.7081671566438992 }, "geometry": { "type": "Point", "coordinates": [ 110.809070293788537, -1.564326109011795 ] } },
{ "type": "Feature", "properties": { "cluster_id": 319, "n_detections": 18, "centroid_lat": -1.7335107954306659, "centroid_lon": 110.24153605818809, "lat_min": -1.7391315491322894, "lat_max": -1.7290141924693669, "lon_min": 110.23452636439463, "lon_max": 110.24841485370435, "avg_confidence": 1.0, "max_frp": 9.6599998474121094, "avg_frp": 6.0083332856496172, "first_date": "2026-08-17", "last_date": "2026-08-17", "province": "West Kalimantan", "regency": "Ketapang", "extent_lat_km": 1.124341845950573, "extent_lon_km": 1.5427214489602408 }, "geometry": { "type": "Point", "coordinates": [ 110.241536058188089, -1.733510795430666 ] } },
{ "type": "Feature", "properties": { "cluster_id": 149, "n_detections": 18, "centroid_lat": -0.14564787472199148, "centroid_lon": 112.42401045247568, "lat_min": -0.15745145749540113, "lat_max": -0.13384429194858188, "lon_min": 112.41054492411882, "lon_max": 112.43747416466476, "avg_confidence": 1.0, "max_frp": 78.540000915527344, "avg_frp": 60.329999923706055, "first_date": "2026-08-17", "last_date": "2026-08-17", "province": "West Kalimantan", "regency": "Sintang", "extent_lat_km": 2.6234643072180224, "extent_lon_km": 2.9926368327217867 }, "geometry": { "type": "Point", "coordinates": [ 112.424010452475684, -0.145647874721991 ] } },
{ "type": "Feature", "properties": { "cluster_id": 249, "n_detections": 18, "centroid_lat": -1.5851228977078022, "centroid_lon": 110.07807334140644, "lat_min": -1.5907436514094258, "lat_max": -1.5806262947465033, "lon_min": 110.07108693304187, "lon_max": 110.08494023982463, "avg_confidence": 1.0, "max_frp": 10.699999809265137, "avg_frp": 8.4900000095367432, "first_date": "2026-08-17", "last_date": "2026-08-17", "province": "West Kalimantan", "regency": "Ketapang", "extent_lat_km": 1.124341845950573, "extent_lon_km": 1.5389288574543327 }, "geometry": { "type": "Point", "coordinates": [ 110.078073341406437, -1.585122897707802 ] } },
{ "type": "Feature", "properties": { "cluster_id": 51, "n_detections": 18, "centroid_lat": 2.4595714659805594, "centroid_lon": 117.61878449873547, "lat_min": 2.4528265615386111, "lat_max": 2.4663163704225077, "lon_min": 117.61368947786026, "lon_max": 117.62470766489103, "avg_confidence": 1.0, "max_frp": 60.970001220703125, "avg_frp": 38.14666748046875, "first_date": "2026-08-17", "last_date": "2026-08-17", "province": "East Kalimantan", "regency": "Berau", "extent_lat_km": 1.4991224612674308, "extent_lon_km": 1.2233231005925269 }, "geometry": { "type": "Point", "coordinates": [ 117.618784498735465, 2.459571465980559 ] } },
{ "type": "Feature", "properties": { "cluster_id": 274, "n_detections": 17, "centroid_lat": -0.19514357055334777, "centroid_lon": 116.69126867539252, "lat_min": -0.2012933363680654, "lat_max": -0.18780352748416868, "lon_min": 116.68705231487294, "lon_max": 116.69726301918161, "avg_confidence": 1.0, "max_frp": 8.3599996566772461, "avg_frp": 5.5347057090086098, "first_date": "2026-08-17", "last_date": "2026-08-17", "province": "East Kalimantan", "regency": "Kutai Kartanegara", "extent_lat_km": 1.499122461267443, "extent_lon_km": 1.1347089883982442 }, "geometry": { "type": "Point", "coordinates": [ 116.691268675392521, -0.195143570553348 ] } },
{ "type": "Feature", "properties": { "cluster_id": 255, "n_detections": 17, "centroid_lat": -0.38241385858861965, "centroid_lon": 116.09506321395727, "lat_min": -0.38677820852164502, "lat_max": -0.37666085185872256, "lon_min": 116.08868260313805, "lon_max": 116.10226416981239, "avg_confidence": 1.0, "max_frp": 16.319999694824219, "avg_frp": 10.31823517294491, "first_date": "2026-08-17", "last_date": "2026-08-17", "province": "East Kalimantan", "regency": "Kutai Barat", "extent_lat_km": 1.124341845950573, "extent_lon_km": 1.5092858865430443 }, "geometry": { "type": "Point", "coordinates": [ 116.095063213957275, -0.38241385858862 ] } },
{ "type": "Feature", "properties": { "cluster_id": 10, "n_detections": 16, "centroid_lat": 2.6265078509187809, "centroid_lon": 117.45057633204202, "lat_min": 2.6214491725873197, "lat_max": 2.6315665292502421, "lon_min": 117.44398269111079, "lon_max": 117.4571695552321, "avg_confidence": 1.0, "max_frp": 7.119999885559082, "avg_frp": 6.3537499308586121, "first_date": "2026-08-17", "last_date": "2026-08-17", "province": "North Kalimantan", "regency": "Bulungan", "extent_lat_km": 1.124341845950573, "extent_lon_km": 1.4639167124799379 }, "geometry": { "type": "Point", "coordinates": [ 117.450576332042019, 2.626507850918781 ] } },
{ "type": "Feature", "properties": { "cluster_id": 112, "n_detections": 16, "centroid_lat": 0.57373833966456234, "centroid_lon": 108.97782659407947, "lat_min": 0.56762577001404668, "lat_max": 0.5811155788979433, "lon_min": 108.97222997278315, "lon_max": 108.98260505738124, "avg_confidence": 1.0, "max_frp": 4.1100001335144043, "avg_frp": 2.4631250649690628, "first_date": "2026-08-17", "last_date": "2026-08-17", "province": "West Kalimantan", "regency": "Bengkayang", "extent_lat_km": 1.4991224612674308, "extent_lon_km": 1.1529253455315134 }, "geometry": { "type": "Point", "coordinates": [ 108.977826594079474, 0.573738339664562 ] } },
{ "type": "Feature", "properties": { "cluster_id": 292, "n_detections": 16, "centroid_lat": -1.2012254198869083, "centroid_lon": 114.83995246015758, "lat_min": -1.2062840982183698, "lat_max": -1.1961667415554471, "lon_min": 114.83299372735905, "lon_max": 114.84691171102453, "avg_confidence": 1.0, "max_frp": 4.0799999237060547, "avg_frp": 3.524374932050705, "first_date": "2026-08-17", "last_date": "2026-08-17", "province": "Central Kalimantan", "regency": "Barito Utara", "extent_lat_km": 1.1243418459505976, "extent_lon_km": 1.5463656135275705 }, "geometry": { "type": "Point", "coordinates": [ 114.839952460157576, -1.201225419886908 ] } },
{ "type": "Feature", "properties": { "cluster_id": 242, "n_detections": 16, "centroid_lat": -1.3158887954000305, "centroid_lon": 110.50182410587601, "lat_min": -1.3209474737314917, "lat_max": -1.310830117068569, "lon_min": 110.49654018726484, "lon_max": 110.50710842825418, "avg_confidence": 1.0, "max_frp": 8.0399999618530273, "avg_frp": 6.1024999842047691, "first_date": "2026-08-17", "last_date": "2026-08-17", "province": "West Kalimantan", "regency": "Ketapang", "extent_lat_km": 1.1243418459505976, "extent_lon_km": 1.1741388948701634 }, "geometry": { "type": "Point", "coordinates": [ 110.501824105876011, -1.31588879540003 ] } },
{ "type": "Feature", "properties": { "cluster_id": 195, "n_detections": 16, "centroid_lat": -0.51493139291866374, "centroid_lon": 110.85150156122953, "lat_min": -0.52167629736061216, "lat_max": -0.50818648847671533, "lon_min": 110.84632580853648, "lon_max": 110.85667813885857, "avg_confidence": 1.0, "max_frp": 29.450000762939453, "avg_frp": 26.488125562667847, "first_date": "2026-08-17", "last_date": "2026-08-17", "province": "West Kalimantan", "regency": "Sekadau", "extent_lat_km": 1.4991224612674554, "extent_lon_km": 1.1504080075403398 }, "geometry": { "type": "Point", "coordinates": [ 110.851501561229526, -0.514931392918664 ] } },
{ "type": "Feature", "properties": { "cluster_id": 130, "n_detections": 16, "centroid_lat": -0.17030893158786514, "centroid_lon": 109.31978685980675, "lat_min": -0.17768617082124616, "lat_max": -0.16419636193734946, "lon_min": 109.31469380276945, "lon_max": 109.32486822837072, "avg_confidence": 1.0, "max_frp": 4.3600001335144043, "avg_frp": 4.3600001335144043, "first_date": "2026-08-17", "last_date": "2026-08-17", "province": "West Kalimantan", "regency": "Kubu Raya", "extent_lat_km": 1.4991224612674399, "extent_lon_km": 1.1306789220110316 }, "geometry": { "type": "Point", "coordinates": [ 109.319786859806754, -0.170308931587865 ] } },
{ "type": "Feature", "properties": { "cluster_id": 291, "n_detections": 15, "centroid_lat": -1.1523248626827829, "centroid_lon": 114.05537189370447, "lat_min": -1.155697314903757, "lat_max": -1.1489524104618087, "lon_min": 114.04849066273979, "lon_max": 114.06225327246696, "avg_confidence": 1.0, "max_frp": 10.710000038146973, "avg_frp": 10.710000038146973, "first_date": "2026-08-17", "last_date": "2026-08-17", "province": "Central Kalimantan", "regency": "Kapuas", "extent_lat_km": 0.74956123063371538, "extent_lon_km": 1.5291295103237577 }, "geometry": { "type": "Point", "coordinates": [ 114.055371893704475, -1.152324862682783 ] } },
{ "type": "Feature", "properties": { "cluster_id": 179, "n_detections": 15, "centroid_lat": -0.6633192906415275, "centroid_lon": 112.07030414392382, "lat_min": -0.67006419508347581, "lat_max": -0.65657438619957909, "lon_min": 112.06677911500167, "lon_max": 112.07382995879306, "avg_confidence": 1.0, "max_frp": 26.709999084472656, "avg_frp": 26.709999084472656, "first_date": "2026-08-17", "last_date": "2026-08-17", "province": "West Kalimantan", "regency": "Melawi", "extent_lat_km": 1.499122461267443, "extent_lon_km": 0.78350776107724041 }, "geometry": { "type": "Point", "coordinates": [ 112.070304143923821, -0.663319290641528 ] } },
{ "type": "Feature", "properties": { "cluster_id": 94, "n_detections": 15, "centroid_lat": 0.18923663082074416, "centroid_lon": 110.69553073066244, "lat_min": 0.18653866904396479, "lat_max": 0.19328357348591316, "lon_min": 110.68404713155746, "lon_max": 110.70432514847228, "avg_confidence": 1.0, "max_frp": 14.640000343322754, "avg_frp": 11.584000205993652, "first_date": "2026-08-17", "last_date": "2026-08-17", "province": "West Kalimantan", "regency": "Sanggau", "extent_lat_km": 0.74956123063372149, "extent_lon_km": 2.2534837286207434 }, "geometry": { "type": "Point", "coordinates": [ 110.695530730662441, 0.189236630820744 ] } },
{ "type": "Feature", "properties": { "cluster_id": 178, "n_detections": 15, "centroid_lat": -0.60598760288496645, "centroid_lon": 112.13314211886434, "lat_min": -0.61273250732691475, "lat_max": -0.59924269844301814, "lon_min": 112.12963025178198, "lon_max": 112.1366547715001, "avg_confidence": 1.0, "max_frp": 12.640000343322754, "avg_frp": 12.640000343322754, "first_date": "2026-08-17", "last_date": "2026-08-17", "province": "West Kalimantan", "regency": "Melawi", "extent_lat_km": 1.4991224612674308, "extent_lon_km": 0.78059121503020157 }, "geometry": { "type": "Point", "coordinates": [ 112.133142118864342, -0.605987602884966 ] } },
{ "type": "Feature", "properties": { "cluster_id": 106, "n_detections": 15, "centroid_lat": 0.20542440148142019, "centroid_lon": 110.47372977796282, "lat_min": 0.20002847792786149, "lat_max": 0.21014583459078401, "lon_min": 110.46831967657636, "lon_max": 110.47848403284013, "avg_confidence": 1.0, "max_frp": 10.279999732971191, "avg_frp": 8.0039999008178704, "first_date": "2026-08-17", "last_date": "2026-08-17", "province": "West Kalimantan", "regency": "Sanggau", "extent_lat_km": 1.1243418459505792, "extent_lon_km": 1.1295576515443675 }, "geometry": { "type": "Point", "coordinates": [ 110.473729777962816, 0.20542440148142 ] } },
{ "type": "Feature", "properties": { "cluster_id": 20, "n_detections": 15, "centroid_lat": 2.2322681862869, "centroid_lon": 117.4918946505759, "lat_min": 2.226872262733341, "lat_max": 2.2369896193962635, "lon_min": 117.4867386159424, "lon_max": 117.49767224939518, "avg_confidence": 1.0, "max_frp": 19.360000610351562, "avg_frp": 17.152000427246094, "first_date": "2026-08-17", "last_date": "2026-08-17", "province": "East Kalimantan", "regency": "Berau", "extent_lat_km": 1.124341845950573, "extent_lon_km": 1.214132627336407 }, "geometry": { "type": "Point", "coordinates": [ 117.491894650575901, 2.2322681862869 ] } },
{ "type": "Feature", "properties": { "cluster_id": 57, "n_detections": 15, "centroid_lat": 2.3069117954444618, "centroid_lon": 117.99141372585856, "lat_min": 2.3010662115947729, "lat_max": 2.3145560204786695, "lon_min": 117.985808033791, "lon_max": 117.99621327468608, "avg_confidence": 1.0, "max_frp": 86.949996948242188, "avg_frp": 48.431331634521484, "first_date": "2026-08-17", "last_date": "2026-08-17", "province": "East Kalimantan", "regency": "Berau", "extent_lat_km": 1.4991224612674308, "extent_lon_km": 1.155397265509986 }, "geometry": { "type": "Point", "coordinates": [ 117.991413725858564, 2.306911795444462 ] } },
{ "type": "Feature", "properties": { "cluster_id": 223, "n_detections": 15, "centroid_lat": -1.5165497025479939, "centroid_lon": 113.97105394496992, "lat_min": -1.5232946069899422, "lat_max": -1.5098047981060456, "lon_min": 113.96732550857217, "lon_max": 113.97478319321957, "avg_confidence": 1.0, "max_frp": 1.1399999856948853, "avg_frp": 0.95399998426437382, "first_date": "2026-08-17", "last_date": "2026-08-17", "province": "Central Kalimantan", "regency": "Gunung Mas", "extent_lat_km": 1.4991224612674308, "extent_lon_km": 0.82848219421366665 }, "geometry": { "type": "Point", "coordinates": [ 113.971053944969924, -1.516549702547994 ] } },
{ "type": "Feature", "properties": { "cluster_id": 219, "n_detections": 15, "centroid_lat": -1.3749067092670786, "centroid_lon": 113.94032905727836, "lat_min": -1.3782791614880527, "lat_max": -1.3715342570461044, "lon_min": 113.93342131959629, "lon_max": 113.9472369457587, "avg_confidence": 1.0, "max_frp": 42.310001373291016, "avg_frp": 28.754000854492187, "first_date": "2026-08-17", "last_date": "2026-08-17", "province": "Central Kalimantan", "regency": "Gunung Mas", "extent_lat_km": 0.74956123063371538, "extent_lon_km": 1.5348885049161487 }, "geometry": { "type": "Point", "coordinates": [ 113.940329057278362, -1.374906709267079 ] } },
{ "type": "Feature", "properties": { "cluster_id": 99, "n_detections": 15, "centroid_lat": 1.0653997178298349, "centroid_lon": 117.13497707892482, "lat_min": 1.0600037942762763, "lat_max": 1.0701211509391988, "lon_min": 117.12465314340092, "lon_max": 117.14864892669381, "avg_confidence": 1.0, "max_frp": 1.9099999666213989, "avg_frp": 1.7240000009536742, "first_date": "2026-08-17", "last_date": "2026-08-17", "province": "East Kalimantan", "regency": "Kutai Timur", "extent_lat_km": 1.124341845950573, "extent_lon_km": 2.6661903944718945 }, "geometry": { "type": "Point", "coordinates": [ 117.13497707892482, 1.065399717829835 ] } },
{ "type": "Feature", "properties": { "cluster_id": 144, "n_detections": 15, "centroid_lat": -0.66331929064152739, "centroid_lon": 110.06693300966019, "lat_min": -0.66669174286250155, "lat_max": -0.65994683842055324, "lon_min": 110.06011271474998, "lon_max": 110.07375344090855, "avg_confidence": 1.0, "max_frp": 15.380000114440918, "avg_frp": 15.380000114440918, "first_date": "2026-08-17", "last_date": "2026-08-17", "province": "West Kalimantan", "regency": "Ketapang", "extent_lat_km": 0.74956123063371538, "extent_lon_km": 1.5157923119811507 }, "geometry": { "type": "Point", "coordinates": [ 110.06693300966019, -0.663319290641527 ] } },
{ "type": "Feature", "properties": { "cluster_id": 132, "n_detections": 15, "centroid_lat": -0.30921180743923904, "centroid_lon": 109.63959734228463, "lat_min": -0.31595671188118735, "lat_max": -0.30246690299729068, "lon_min": 109.63615556698838, "lon_max": 109.64303988161325, "avg_confidence": 1.0, "max_frp": 10.550000190734863, "avg_frp": 9.8260000228881843, "first_date": "2026-08-17", "last_date": "2026-08-17", "province": "West Kalimantan", "regency": "Kubu Raya", "extent_lat_km": 1.499122461267437, "extent_lon_km": 0.7650427431674991 }, "geometry": { "type": "Point", "coordinates": [ 109.639597342284631, -0.309211807439239 ] } },
{ "type": "Feature", "properties": { "cluster_id": 89, "n_detections": 15, "centroid_lat": 0.46645220338482135, "centroid_lon": 110.70061894593523, "lat_min": 0.46307975116384714, "lat_max": 0.46982465560579556, "lon_min": 110.69382083732347, "lon_max": 110.70741718887093, "avg_confidence": 1.0, "max_frp": 21.389999389648438, "avg_frp": 18.07799949645996, "first_date": "2026-08-17", "last_date": "2026-08-17", "province": "West Kalimantan", "regency": "Sanggau", "extent_lat_km": 0.7495612306337277, "extent_lon_km": 1.5109124759999459 }, "geometry": { "type": "Point", "coordinates": [ 110.700618945935233, 0.466452203384821 ] } },
{ "type": "Feature", "properties": { "cluster_id": 188, "n_detections": 15, "centroid_lat": -0.24243725346395034, "centroid_lon": 110.62172331219395, "lat_min": -0.24513521524072968, "lat_max": -0.23839031079878134, "lon_min": 110.61025126304598, "lon_max": 110.63051382503406, "avg_confidence": 1.0, "max_frp": 19.790000915527344, "avg_frp": 13.232000160217286, "first_date": "2026-08-17", "last_date": "2026-08-17", "province": "West Kalimantan", "regency": "Sekadau", "extent_lat_km": 0.74956123063371849, "extent_lon_km": 2.2517583556870129 }, "geometry": { "type": "Point", "coordinates": [ 110.62172331219395, -0.24243725346395 ] } },
{ "type": "Feature", "properties": { "cluster_id": 259, "n_detections": 15, "centroid_lat": -0.84205925835315876, "centroid_lon": 111.66004093368495, "lat_min": -0.84880416279510706, "lat_max": -0.83531435391121045, "lon_min": 111.65647531221715, "lon_max": 111.66360734086126, "avg_confidence": 1.0, "max_frp": 7.9000000953674316, "avg_frp": 7.9000000953674316, "first_date": "2026-08-17", "last_date": "2026-08-17", "province": "West Kalimantan", "regency": "Melawi", "extent_lat_km": 1.4991224612674308, "extent_lon_km": 0.79249674856860552 }, "geometry": { "type": "Point", "coordinates": [ 111.660040933684954, -0.842059258353159 ] } },
{ "type": "Feature", "properties": { "cluster_id": 271, "n_detections": 15, "centroid_lat": 0.082667140637960185, "centroid_lon": 116.76748644067428, "lat_min": 0.075247745751817002, "lat_max": 0.092110006856687882, "lon_min": 116.76074902011227, "lon_max": 116.77422880558663, "avg_confidence": 1.0, "max_frp": 10.020000457763672, "avg_frp": 8.2640003204345707, "first_date": "2026-08-17", "last_date": "2026-08-17", "province": "East Kalimantan", "regency": "Kutai Kartanegara", "extent_lat_km": 1.8739030765843008, "extent_lon_km": 1.4980070005549333 }, "geometry": { "type": "Point", "coordinates": [ 116.767486440674276, 0.08266714063796 ] } },
{ "type": "Feature", "properties": { "cluster_id": 96, "n_detections": 14, "centroid_lat": 0.16124527738665848, "centroid_lon": 110.7429171960416, "lat_min": 0.15618659905519722, "lat_max": 0.16630395571811976, "lon_min": 110.73784916161557, "lon_max": 110.74798490279616, "avg_confidence": 1.0, "max_frp": 49.25, "avg_frp": 49.25, "first_date": "2026-08-17", "last_date": "2026-08-17", "province": "West Kalimantan", "regency": "Sanggau", "extent_lat_km": 1.1243418459505823, "extent_lon_km": 1.1263804568811397 }, "geometry": { "type": "Point", "coordinates": [ 110.742917196041603, 0.161245277386658 ] } },
{ "type": "Feature", "properties": { "cluster_id": 21, "n_detections": 14, "centroid_lat": 2.2345807249527105, "centroid_lon": 117.5536495577925, "lat_min": 2.2302447149543152, "lat_max": 2.2403620716172377, "lon_min": 117.54775788531617, "lon_max": 117.55869318562594, "avg_confidence": 1.0, "max_frp": 4.6100001335144043, "avg_frp": 3.7300000190734863, "first_date": "2026-08-17", "last_date": "2026-08-17", "province": "East Kalimantan", "regency": "Berau", "extent_lat_km": 1.124341845950573, "extent_lon_km": 1.2143158131156224 }, "geometry": { "type": "Point", "coordinates": [ 117.553649557792497, 2.234580724952711 ] } },
{ "type": "Feature", "properties": { "cluster_id": 285, "n_detections": 14, "centroid_lat": -1.2580753287547588, "centroid_lon": 110.71930427527943, "lat_min": -1.2636157859749306, "lat_max": -1.2534984293120082, "lon_min": 110.71332742694806, "lon_max": 110.72387674673581, "avg_confidence": 1.0, "max_frp": 4.130000114440918, "avg_frp": 4.130000114440918, "first_date": "2026-08-17", "last_date": "2026-08-17", "province": "West Kalimantan", "regency": "Ketapang", "extent_lat_km": 1.124341845950573, "extent_lon_km": 1.1720633052827252 }, "geometry": { "type": "Point", "coordinates": [ 110.719304275279427, -1.258075328754759 ] } },
{ "type": "Feature", "properties": { "cluster_id": 71, "n_detections": 14, "centroid_lat": 0.34263502898619802, "centroid_lon": 112.00866925288325, "lat_min": 0.33829901898780268, "lat_max": 0.34841637565072525, "lon_min": 112.00404169747461, "lon_max": 112.01423786578475, "avg_confidence": 1.0, "max_frp": 11.159999847412109, "avg_frp": 9.6564284052167615, "first_date": "2026-08-17", "last_date": "2026-08-17", "province": "West Kalimantan", "regency": "Kapuas Hulu", "extent_lat_km": 1.1243418459505854, "extent_lon_km": 1.133079923567665 }, "geometry": { "type": "Point", "coordinates": [ 112.008669252883251, 0.342635028986198 ] } },
{ "type": "Feature", "properties": { "cluster_id": 29, "n_detections": 14, "centroid_lat": 2.0958284050040588, "centroid_lon": 117.08151608794583, "lat_min": 2.0886017216733999, "lat_max": 2.1020915305572965, "lon_min": 117.07784258233033, "lon_max": 117.0856005537653, "avg_confidence": 1.0, "max_frp": 49.0, "avg_frp": 30.358572142464773, "first_date": "2026-08-17", "last_date": "2026-08-17", "province": "East Kalimantan", "regency": "Berau", "extent_lat_km": 1.4991224612674308, "extent_lon_km": 0.86156664259854665 }, "geometry": { "type": "Point", "coordinates": [ 117.081516087945829, 2.095828405004059 ] } },
{ "type": "Feature", "properties": { "cluster_id": 17, "n_detections": 14, "centroid_lat": 2.3150377993673805, "centroid_lon": 116.98401120038288, "lat_min": 2.3078111160367212, "lat_max": 2.3213009249206178, "lon_min": 116.98028114853322, "lon_max": 116.98814480795815, "avg_confidence": 1.0, "max_frp": 12.819999694824219, "avg_frp": 11.734285627092634, "first_date": "2026-08-17", "last_date": "2026-08-17", "province": "East Kalimantan", "regency": "Berau", "extent_lat_km": 1.4991224612674308, "extent_lon_km": 0.87317522836775219 }, "geometry": { "type": "Point", "coordinates": [ 116.984011200382881, 2.315037799367381 ] } },
{ "type": "Feature", "properties": { "cluster_id": 226, "n_detections": 14, "centroid_lat": -1.6092921386247838, "centroid_lon": 113.30904232589407, "lat_min": -1.6143508169562448, "lat_max": -1.6042334602933226, "lon_min": 113.30442377623379, "lon_max": 113.31491947810916, "avg_confidence": 1.0, "max_frp": 23.670000076293945, "avg_frp": 17.681428364345006, "first_date": "2026-08-17", "last_date": "2026-08-17", "province": "Central Kalimantan", "regency": "Katingan", "extent_lat_km": 1.1243418459505483, "extent_lon_km": 1.16592729545549 }, "geometry": { "type": "Point", "coordinates": [ 113.309042325894069, -1.609292138624784 ] } },
{ "type": "Feature", "properties": { "cluster_id": 210, "n_detections": 14, "centroid_lat": -1.2248325854337276, "centroid_lon": 113.99933526263591, "lat_min": -1.2298912637651891, "lat_max": -1.2197739071022664, "lon_min": 113.99406046486232, "lon_max": 114.0046105285744, "avg_confidence": 1.0, "max_frp": 48.380001068115234, "avg_frp": 31.462143540382385, "first_date": "2026-08-17", "last_date": "2026-08-17", "province": "Central Kalimantan", "regency": "Kapuas", "extent_lat_km": 1.1243418459505976, "extent_lon_km": 1.172160695531399 }, "geometry": { "type": "Point", "coordinates": [ 113.99933526263591, -1.224832585433728 ] } },
{ "type": "Feature", "properties": { "cluster_id": 238, "n_detections": 14, "centroid_lat": -1.0696997832689157, "centroid_lon": 110.57963753601537, "lat_min": -1.0747584616003769, "lat_max": -1.0646411049374545, "lon_min": 110.57439590520701, "lon_max": 110.58487961926586, "avg_confidence": 1.0, "max_frp": 7.7300000190734863, "avg_frp": 6.1835714748927524, "first_date": "2026-08-17", "last_date": "2026-08-17", "province": "West Kalimantan", "regency": "Ketapang", "extent_lat_km": 1.124341845950573, "extent_lon_km": 1.1648521029780421 }, "geometry": { "type": "Point", "coordinates": [ 110.579637536015369, -1.069699783268916 ] } },
{ "type": "Feature", "properties": { "cluster_id": 214, "n_detections": 13, "centroid_lat": -1.2776244336620541, "centroid_lon": 113.52508716938327, "lat_min": -1.2804780470798016, "lat_max": -1.2737331426378533, "lon_min": 113.51753909946828, "lon_max": 113.53118143214587, "avg_confidence": 1.0, "max_frp": 31.670000076293945, "avg_frp": 26.257692337036133, "first_date": "2026-08-17", "last_date": "2026-08-17", "province": "Central Kalimantan", "regency": "Gunung Mas", "extent_lat_km": 0.74956123063371538, "extent_lon_km": 1.515695524408063 }, "geometry": { "type": "Point", "coordinates": [ 113.525087169383269, -1.277624433662054 ] } },
{ "type": "Feature", "properties": { "cluster_id": 114, "n_detections": 13, "centroid_lat": 0.35360476368299315, "centroid_lon": 109.01487588507308, "lat_min": 0.34841637565072525, "lat_max": 0.35853373231364771, "lon_min": 109.00944606998209, "lon_max": 109.01956362102429, "avg_confidence": 1.0, "max_frp": 1.2400000095367432, "avg_frp": 1.2400000095367432, "first_date": "2026-08-17", "last_date": "2026-08-17", "province": "West Kalimantan", "regency": "Mempawah", "extent_lat_km": 1.124341845950573, "extent_lon_km": 1.1243420348730024 }, "geometry": { "type": "Point", "coordinates": [ 109.014875885073081, 0.353604763682993 ] } },
{ "type": "Feature", "properties": { "cluster_id": 250, "n_detections": 13, "centroid_lat": -1.6283594646433683, "centroid_lon": 110.31579177938153, "lat_min": -1.6312130780611158, "lat_max": -1.6244681736191675, "lon_min": 110.30960988712199, "lon_max": 110.3234742048283, "avg_confidence": 1.0, "max_frp": 1.9800000190734863, "avg_frp": 1.8884615164536696, "first_date": "2026-08-17", "last_date": "2026-08-17", "province": "West Kalimantan", "regency": "Ketapang", "extent_lat_km": 0.74956123063371538, "extent_lon_km": 1.5401194326011611 }, "geometry": { "type": "Point", "coordinates": [ 110.315791779381527, -1.628359464643368 ] } },
{ "type": "Feature", "properties": { "cluster_id": 159, "n_detections": 12, "centroid_lat": 0.022974736326717284, "centroid_lon": 112.16734876243829, "lat_min": 0.017916057995256019, "lat_max": 0.028033414658178546, "lon_min": 112.16397253327536, "lon_max": 112.17072538044911, "avg_confidence": 1.0, "max_frp": 29.469999313354492, "avg_frp": 29.469999313354492, "first_date": "2026-08-17", "last_date": "2026-08-17", "province": "West Kalimantan", "regency": "Sintang", "extent_lat_km": 1.1243418459505803, "extent_lon_km": 0.75044384608817782 }, "geometry": { "type": "Point", "coordinates": [ 112.167348762438294, 0.022974736326717 ] } },
{ "type": "Feature", "properties": { "cluster_id": 268, "n_detections": 12, "centroid_lat": -1.3883965181509754, "centroid_lon": 113.11616936564837, "lat_min": -1.3917689703719494, "lat_max": -1.385024065930001, "lon_min": 113.11094790398451, "lon_max": 113.12139097253534, "avg_confidence": 1.0, "max_frp": 7.9200000762939453, "avg_frp": 7.9200000762939453, "first_date": "2026-08-17", "last_date": "2026-08-17", "province": "Central Kalimantan", "regency": "Katingan", "extent_lat_km": 0.74956123063371538, "extent_lon_km": 1.1601974940661208 }, "geometry": { "type": "Point", "coordinates": [ 113.116169365648375, -1.388396518150975 ] } },
{ "type": "Feature", "properties": { "cluster_id": 170, "n_detections": 12, "centroid_lat": -0.23670408468829426, "centroid_lon": 111.62869999030568, "lat_min": -0.24176276301975549, "lat_max": -0.23164540635683298, "lon_min": 111.6252869868888, "lon_max": 111.63211338293877, "avg_confidence": 1.0, "max_frp": 5.7300000190734863, "avg_frp": 5.7300000190734863, "first_date": "2026-08-17", "last_date": "2026-08-17", "province": "West Kalimantan", "regency": "Melawi", "extent_lat_km": 1.1243418459505792, "extent_lon_km": 0.75861091924631263 }, "geometry": { "type": "Point", "coordinates": [ 111.628699990305677, -0.236704084688294 ] } },
{ "type": "Feature", "properties": { "cluster_id": 4, "n_detections": 12, "centroid_lat": 3.980547417639912, "centroid_lon": 117.29143976863791, "lat_min": 3.9771749654189379, "lat_max": 3.9839198698608866, "lon_min": 117.28588853994394, "lon_max": 117.2969911756368, "avg_confidence": 1.0, "max_frp": 5.7399997711181641, "avg_frp": 5.7399997711181641, "first_date": "2026-08-17", "last_date": "2026-08-17", "province": "North Kalimantan", "regency": "Nunukan", "extent_lat_km": 0.74956123063376467, "extent_lon_km": 1.2308594924581215 }, "geometry": { "type": "Point", "coordinates": [ 117.291439768637915, 3.980547417639912 ] } },
{ "type": "Feature", "properties": { "cluster_id": 142, "n_detections": 12, "centroid_lat": -0.6093600551059406, "centroid_lon": 110.11131240688995, "lat_min": -0.61273250732691475, "lat_max": -0.60598760288496645, "lon_min": 110.10618457689318, "lon_max": 110.11644037041144, "avg_confidence": 1.0, "max_frp": 5.4699997901916504, "avg_frp": 4.3624998331069946, "first_date": "2026-08-17", "last_date": "2026-08-17", "province": "West Kalimantan", "regency": "Ketapang", "extent_lat_km": 0.74956123063371538, "extent_lon_km": 1.1396618768165996 }, "geometry": { "type": "Point", "coordinates": [ 110.111312406889951, -0.609360055105941 ] } },
{ "type": "Feature", "properties": { "cluster_id": 221, "n_detections": 12, "centroid_lat": -1.423807266471204, "centroid_lon": 113.85499389102529, "lat_min": -1.4288659448026653, "lat_max": -1.4187485881397428, "lon_min": 113.851370749144, "lon_max": 113.85861744265598, "avg_confidence": 1.0, "max_frp": 9.0600004196166992, "avg_frp": 7.3750002980232239, "first_date": "2026-08-17", "last_date": "2026-08-17", "province": "Central Kalimantan", "regency": "Gunung Mas", "extent_lat_km": 1.124341845950573, "extent_lon_km": 0.80507640711802164 }, "geometry": { "type": "Point", "coordinates": [ 113.854993891025288, -1.423807266471204 ] } },
{ "type": "Feature", "properties": { "cluster_id": 82, "n_detections": 12, "centroid_lat": 0.81887346047662268, "centroid_lon": 110.67115638179104, "lat_min": 0.81381478214516145, "lat_max": 0.82393213880808402, "lon_min": 110.66764412095611, "lon_max": 110.67466903472049, "avg_confidence": 1.0, "max_frp": 6.570000171661377, "avg_frp": 6.407500147819519, "first_date": "2026-08-17", "last_date": "2026-08-17", "province": "West Kalimantan", "regency": "Sanggau", "extent_lat_km": 1.1243418459505854, "extent_lon_km": 0.78059893636295519 }, "geometry": { "type": "Point", "coordinates": [ 110.671156381791036, 0.818873460476623 ] } },
{ "type": "Feature", "properties": { "cluster_id": 225, "n_detections": 12, "centroid_lat": -1.5806262947465033, "centroid_lon": 113.30481295325821, "lat_min": -1.5839987469674774, "lat_max": -1.5772538425255289, "lon_min": 113.2995683932384, "lon_max": 113.31005766076608, "avg_confidence": 1.0, "max_frp": 7.8600001335144043, "avg_frp": 7.8600001335144043, "first_date": "2026-08-17", "last_date": "2026-08-17", "province": "Central Kalimantan", "regency": "Katingan", "extent_lat_km": 0.74956123063374003, "extent_lon_km": 1.1652287610803811 }, "geometry": { "type": "Point", "coordinates": [ 113.304812953258207, -1.580626294746503 ] } },
{ "type": "Feature", "properties": { "cluster_id": 237, "n_detections": 12, "centroid_lat": -1.0680135571584286, "centroid_lon": 109.98929504583577, "lat_min": -1.0713860093794028, "lat_max": -1.0646411049374545, "lon_min": 109.98411486574983, "lon_max": 109.99447536413477, "avg_confidence": 1.0, "max_frp": 5.1999998092651367, "avg_frp": 5.1999998092651367, "first_date": "2026-08-17", "last_date": "2026-08-17", "province": "West Kalimantan", "regency": "Kayong Utara", "extent_lat_km": 0.74956123063371538, "extent_lon_km": 1.1511621635682949 }, "geometry": { "type": "Point", "coordinates": [ 109.989295045835775, -1.068013557158429 ] } },
{ "type": "Feature", "properties": { "cluster_id": 235, "n_detections": 12, "centroid_lat": -0.96683999052920322, "centroid_lon": 109.91501429682363, "lat_min": -0.97021244275017737, "lat_max": -0.96346753830822907, "lon_min": 109.90984578410773, "lon_max": 109.9201829465984, "avg_confidence": 1.0, "max_frp": 10.159999847412109, "avg_frp": 9.2300000190734863, "first_date": "2026-08-17", "last_date": "2026-08-17", "province": "West Kalimantan", "regency": "Kayong Utara", "extent_lat_km": 0.74956123063371538, "extent_lon_km": 1.1486053154214726 }, "geometry": { "type": "Point", "coordinates": [ 109.915014296823628, -0.966839990529203 ] } },
{ "type": "Feature", "properties": { "cluster_id": 257, "n_detections": 12, "centroid_lat": -0.47277574015648655, "centroid_lon": 116.23341543267419, "lat_min": -0.47783441848794783, "lat_max": -0.4677170618250252, "lon_min": 116.22827210498141, "lon_max": 116.23855916885101, "avg_confidence": 1.0, "max_frp": 11.75, "avg_frp": 9.4166667064030971, "first_date": "2026-08-17", "last_date": "2026-08-17", "province": "East Kalimantan", "regency": "Kutai Barat", "extent_lat_km": 1.1243418459505916, "extent_lon_km": 1.1431624893911858 }, "geometry": { "type": "Point", "coordinates": [ 116.233415432674192, -0.472775740156487 ] } },
{ "type": "Feature", "properties": { "cluster_id": 70, "n_detections": 12, "centroid_lat": 0.35853373231364771, "centroid_lon": 112.20494720438369, "lat_min": 0.35516128009267356, "lat_max": 0.36190618453462192, "lon_min": 112.19984716529122, "lon_max": 112.2100473767926, "avg_confidence": 1.0, "max_frp": 4.6500000953674316, "avg_frp": 3.8399999737739563, "first_date": "2026-08-17", "last_date": "2026-08-17", "province": "West Kalimantan", "regency": "Kapuas Hulu", "extent_lat_km": 0.74956123063372149, "extent_lon_km": 1.1335273107479922 }, "geometry": { "type": "Point", "coordinates": [ 112.204947204383686, 0.358533732313648 ] } },
{ "type": "Feature", "properties": { "cluster_id": 47, "n_detections": 12, "centroid_lat": 1.3399173286171326, "centroid_lon": 109.13668149671479, "lat_min": 1.3365448763961585, "lat_max": 1.343289780838107, "lon_min": 109.13147124996779, "lon_max": 109.14189188356899, "avg_confidence": 1.0, "max_frp": 10.189999580383301, "avg_frp": 10.189999580383301, "first_date": "2026-08-17", "last_date": "2026-08-17", "province": "West Kalimantan", "regency": "Sambas", "extent_lat_km": 0.74956123063374003, "extent_lon_km": 1.1577283570691574 }, "geometry": { "type": "Point", "coordinates": [ 109.136681496714786, 1.339917328617133 ] } },
{ "type": "Feature", "properties": { "cluster_id": 198, "n_detections": 12, "centroid_lat": -0.72233720450857553, "centroid_lon": 110.81704804136531, "lat_min": -0.72739588284003687, "lat_max": -0.71727852617711418, "lon_min": 110.81355216057362, "lon_max": 110.82054431371853, "avg_confidence": 1.0, "max_frp": 32.669998168945312, "avg_frp": 26.437498569488525, "first_date": "2026-08-17", "last_date": "2026-08-17", "province": "West Kalimantan", "regency": "Ketapang", "extent_lat_km": 1.1243418459505976, "extent_lon_km": 0.77697622839067937 }, "geometry": { "type": "Point", "coordinates": [ 110.817048041365311, -0.722337204508576 ] } },
{ "type": "Feature", "properties": { "cluster_id": 206, "n_detections": 12, "centroid_lat": -0.89433226777825847, "centroid_lon": 109.68845964647456, "lat_min": -0.8993909461097197, "lat_max": -0.88927358944679724, "lon_min": 109.68493580070026, "lon_max": 109.69198388175207, "avg_confidence": 1.0, "max_frp": 7.1399998664855957, "avg_frp": 7.1399998664855957, "first_date": "2026-08-17", "last_date": "2026-08-17", "province": "West Kalimantan", "regency": "Kubu Raya", "extent_lat_km": 1.124341845950573, "extent_lon_km": 0.7831578324471169 }, "geometry": { "type": "Point", "coordinates": [ 109.688459646474556, -0.894332267778258 ] } },
{ "type": "Feature", "properties": { "cluster_id": 196, "n_detections": 12, "centroid_lat": -0.59249779400106972, "centroid_lon": 110.90354116490535, "lat_min": -0.59587024622204388, "lat_max": -0.58912534178009557, "lon_min": 110.89841477630313, "lon_max": 110.90866768777052, "avg_confidence": 1.0, "max_frp": 21.329999923706055, "avg_frp": 18.557499885559082, "first_date": "2026-08-17", "last_date": "2026-08-17", "province": "West Kalimantan", "regency": "Ketapang", "extent_lat_km": 0.74956123063371538, "extent_lon_km": 1.1393451295514234 }, "geometry": { "type": "Point", "coordinates": [ 110.903541164905349, -0.59249779400107 ] } },
{ "type": "Feature", "properties": { "cluster_id": 200, "n_detections": 12, "centroid_lat": -0.34630878186995501, "centroid_lon": 114.06305506495936, "lat_min": -0.34968123409092916, "lat_max": -0.3429363296489808, "lon_min": 114.05795578166735, "lon_max": 114.06815448358607, "avg_confidence": 1.0, "max_frp": 0.85000002384185791, "avg_frp": 0.78500001132488251, "first_date": "2026-08-17", "last_date": "2026-08-17", "province": "Central Kalimantan", "regency": "Murung Raya", "extent_lat_km": 0.74956123063372149, "extent_lon_km": 1.1333610415445292 }, "geometry": { "type": "Point", "coordinates": [ 114.063055064959357, -0.346308781869955 ] } },
{ "type": "Feature", "properties": { "cluster_id": 186, "n_detections": 12, "centroid_lat": -0.18443107526319449, "centroid_lon": 111.06006444993039, "lat_min": -0.18780352748416868, "lat_max": -0.18105862304222034, "lon_min": 111.05498476812956, "lon_max": 111.0651442619084, "avg_confidence": 1.0, "max_frp": 20.159999847412109, "avg_frp": 17.962499856948853, "first_date": "2026-08-17", "last_date": "2026-08-17", "province": "West Kalimantan", "regency": "Sekadau", "extent_lat_km": 0.74956123063371849, "extent_lon_km": 1.1290186944499672 }, "geometry": { "type": "Point", "coordinates": [ 111.060064449930394, -0.184431075263194 ] } },
{ "type": "Feature", "properties": { "cluster_id": 161, "n_detections": 12, "centroid_lat": 0.0027400230008722275, "centroid_lon": 111.92452331236025, "lat_min": -0.0023186553305890355, "lat_max": 0.0077987013323334914, "lon_min": 111.92115050872968, "lon_max": 111.92789643107187, "avg_confidence": 1.0, "max_frp": 5.7899999618530273, "avg_frp": 5.7899999618530273, "first_date": "2026-08-17", "last_date": "2026-08-17", "province": "West Kalimantan", "regency": "Sintang", "extent_lat_km": 1.1243418459505803, "extent_lon_km": 0.74967434903039731 }, "geometry": { "type": "Point", "coordinates": [ 111.92452331236025, 0.002740023000872 ] } },
{ "type": "Feature", "properties": { "cluster_id": 100, "n_detections": 12, "centroid_lat": 0.77503158160395846, "centroid_lon": 110.4507489542313, "lat_min": 0.76997290327249723, "lat_max": 0.78009025993541969, "lon_min": 110.4472444701664, "lon_max": 110.45425382915461, "avg_confidence": 1.0, "max_frp": 4.9699997901916504, "avg_frp": 4.2199999690055847, "first_date": "2026-08-17", "last_date": "2026-08-17", "province": "West Kalimantan", "regency": "Sanggau", "extent_lat_km": 1.124341845950573, "extent_lon_km": 0.77887880096085049 }, "geometry": { "type": "Point", "coordinates": [ 110.450748954231301, 0.775031581603958 ] } },
{ "type": "Feature", "properties": { "cluster_id": 190, "n_detections": 12, "centroid_lat": -0.3007806768868036, "centroid_lon": 110.67486841745098, "lat_min": -0.30583935521826483, "lat_max": -0.29572199855534231, "lon_min": 110.67144481471209, "lon_max": 110.67829240677547, "avg_confidence": 1.0, "max_frp": 10.430000305175781, "avg_frp": 10.430000305175781, "first_date": "2026-08-17", "last_date": "2026-08-17", "province": "West Kalimantan", "regency": "Sekadau", "extent_lat_km": 1.1243418459505792, "extent_lon_km": 0.76096242041515372 }, "geometry": { "type": "Point", "coordinates": [ 110.67486841745098, -0.300780676886804 ] } },
{ "type": "Feature", "properties": { "cluster_id": 150, "n_detections": 12, "centroid_lat": -0.25019389357219096, "centroid_lon": 112.43483543028547, "lat_min": -0.25525257190365219, "lat_max": -0.24513521524072968, "lon_min": 112.4314197936648, "lon_max": 112.43825145905711, "avg_confidence": 1.0, "max_frp": 3.7000000476837158, "avg_frp": 3.7000000476837158, "first_date": "2026-08-17", "last_date": "2026-08-17", "province": "West Kalimantan", "regency": "Sintang", "extent_lat_km": 1.1243418459505792, "extent_lon_km": 0.75919573676790686 }, "geometry": { "type": "Point", "coordinates": [ 112.434835430285474, -0.250193893572191 ] } },
{ "type": "Feature", "properties": { "cluster_id": 294, "n_detections": 11, "centroid_lat": -1.2599367471884133, "centroid_lon": 114.29141094384148, "lat_min": -1.2636157859749306, "lat_max": -1.2568708815329823, "lon_min": 114.28575659070613, "lon_max": 114.29617237833764, "avg_confidence": 1.0, "max_frp": 6.0900001525878906, "avg_frp": 5.6809092001481494, "first_date": "2026-08-17", "last_date": "2026-08-17", "province": "Central Kalimantan", "regency": "Kapuas", "extent_lat_km": 0.74956123063371538, "extent_lon_km": 1.1572266276578966 }, "geometry": { "type": "Point", "coordinates": [ 114.291410943841484, -1.259936747188413 ] } },
{ "type": "Feature", "properties": { "cluster_id": 261, "n_detections": 11, "centroid_lat": -0.92085200569773729, "centroid_lon": 112.06408358102307, "lat_min": -0.92637056387751315, "lat_max": -0.91625320721459058, "lon_min": 112.06025963607155, "lon_max": 112.06732363537252, "avg_confidence": 1.0, "max_frp": 9.7399997711181641, "avg_frp": 9.7399997711181641, "first_date": "2026-08-17", "last_date": "2026-08-17", "province": "Central Kalimantan", "regency": "Seruyan", "extent_lat_km": 1.1243418459505854, "extent_lon_km": 0.78492085654050436 }, "geometry": { "type": "Point", "coordinates": [ 112.06408358102307, -0.920852005697737 ] } },
{ "type": "Feature", "properties": { "cluster_id": 258, "n_detections": 11, "centroid_lat": -0.65197558771643249, "centroid_lon": 116.15404675258524, "lat_min": -0.65657438619957909, "lat_max": -0.64645702953665651, "lon_min": 116.15085369015287, "lon_max": 116.15783226954127, "avg_confidence": 1.0, "max_frp": 0.88999998569488525, "avg_frp": 0.7836363532326438, "first_date": "2026-08-17", "last_date": "2026-08-17", "province": "East Kalimantan", "regency": "Kutai Barat", "extent_lat_km": 1.1243418459505854, "extent_lon_km": 0.77547931849229879 }, "geometry": { "type": "Point", "coordinates": [ 116.154046752585245, -0.651975587716432 ] } },
{ "type": "Feature", "properties": { "cluster_id": 38, "n_detections": 11, "centroid_lat": 2.9666656453888578, "centroid_lon": 117.19053876188381, "lat_min": 2.962066846905711, "lat_max": 2.9721842035686339, "lon_min": 117.18698147210753, "lon_max": 117.19445008282882, "avg_confidence": 1.0, "max_frp": 6.9499998092651367, "avg_frp": 6.3863634629683057, "first_date": "2026-08-17", "last_date": "2026-08-17", "province": "North Kalimantan", "regency": "Bulungan", "extent_lat_km": 1.1243418459506225, "extent_lon_km": 0.82887437330416158 }, "geometry": { "type": "Point", "coordinates": [ 117.190538761883815, 2.966665645388858 ] } },
{ "type": "Feature", "properties": { "cluster_id": 166, "n_detections": 11, "centroid_lat": -0.10809102044296091, "centroid_lon": 112.19482558136201, "lat_min": -0.11360957862273684, "lat_max": -0.10349222195981431, "lon_min": 112.19112968748354, "lon_max": 112.19791213827679, "avg_confidence": 1.0, "max_frp": 3.7200000286102295, "avg_frp": 3.5745454484766181, "first_date": "2026-08-17", "last_date": "2026-08-17", "province": "West Kalimantan", "regency": "Sintang", "extent_lat_km": 1.1243418459505807, "extent_lon_km": 0.75373241536688906 }, "geometry": { "type": "Point", "coordinates": [ 112.194825581362011, -0.108091020442961 ] } },
{ "type": "Feature", "properties": { "cluster_id": 167, "n_detections": 11, "centroid_lat": -0.11054371296730575, "centroid_lon": 111.67057064173311, "lat_min": -0.11360957862273684, "lat_max": -0.10686467418078847, "lon_min": 111.66505080061924, "lon_max": 111.67518101640508, "avg_confidence": 1.8181818181818181, "max_frp": 7.3499999046325684, "avg_frp": 7.3499999046325684, "first_date": "2026-08-17", "last_date": "2026-08-17", "province": "West Kalimantan", "regency": "Sintang", "extent_lat_km": 0.74956123063372149, "extent_lon_km": 1.1257687849968079 }, "geometry": { "type": "Point", "coordinates": [ 111.670570641733107, -0.110543712967306 ] } },
{ "type": "Feature", "properties": { "cluster_id": 177, "n_detections": 11, "centroid_lat": -0.49837571837933597, "centroid_lon": 112.06243412240042, "lat_min": -0.50144158403476702, "lat_max": -0.4946966795928186, "lon_min": 112.05691001963919, "lon_max": 112.06708529555375, "avg_confidence": 1.0, "max_frp": 15.659999847412109, "avg_frp": 15.659999847412109, "first_date": "2026-08-17", "last_date": "2026-08-17", "province": "West Kalimantan", "regency": "Melawi", "extent_lat_km": 0.7495612306337277, "extent_lon_km": 1.130735635096177 }, "geometry": { "type": "Point", "coordinates": [ 112.062434122400418, -0.498375718379336 ] } },
{ "type": "Feature", "properties": { "cluster_id": 173, "n_detections": 11, "centroid_lat": -0.26843579422200581, "centroid_lon": 111.5897288854943, "lat_min": -0.27211483300852307, "lat_max": -0.26536992856657476, "lon_min": 111.58510210080696, "lon_max": 111.59525018223243, "avg_confidence": 1.5454545454545454, "max_frp": 11.710000038146973, "avg_frp": 10.057272737676447, "first_date": "2026-08-17", "last_date": "2026-08-17", "province": "West Kalimantan", "regency": "Melawi", "extent_lat_km": 0.74956123063371538, "extent_lon_km": 1.127743911679576 }, "geometry": { "type": "Point", "coordinates": [ 111.589728885494296, -0.268435794222006 ] } },
{ "type": "Feature", "properties": { "cluster_id": 151, "n_detections": 11, "centroid_lat": -0.26843579422200581, "centroid_lon": 112.92186213439999, "lat_min": -0.27211483300852307, "lat_max": -0.26536992856657476, "lon_min": 112.91723501620677, "lon_max": 112.92738346310408, "avg_confidence": 1.0, "max_frp": 70.870002746582031, "avg_frp": 63.679093100807883, "first_date": "2026-08-17", "last_date": "2026-08-17", "province": "West Kalimantan", "regency": "Sintang", "extent_lat_km": 0.74956123063371538, "extent_lon_km": 1.1277845261187542 }, "geometry": { "type": "Point", "coordinates": [ 112.921862134399987, -0.268435794222006 ] } },
{ "type": "Feature", "properties": { "cluster_id": 153, "n_detections": 11, "centroid_lat": -0.44533624254037851, "centroid_lon": 112.83880030273795, "lat_min": -0.45085480072015444, "lat_max": -0.44073744405723186, "lon_min": 112.83505089839642, "lon_max": 112.84195104003238, "avg_confidence": 1.0, "max_frp": 10.180000305175781, "avg_frp": 10.180000305175781, "first_date": "2026-08-17", "last_date": "2026-08-17", "province": "West Kalimantan", "regency": "Sintang", "extent_lat_km": 1.1243418459505854, "extent_lon_km": 0.76678957737051545 }, "geometry": { "type": "Point", "coordinates": [ 112.838800302737951, -0.445336242540379 ] } },
{ "type": "Feature", "properties": { "cluster_id": 18, "n_detections": 11, "centroid_lat": 2.2921752011940231, "centroid_lon": 117.20145245423838, "lat_min": 2.2875764027108763, "lat_max": 2.2976937593737987, "lon_min": 117.19800775048887, "lon_max": 117.20531001490095, "avg_confidence": 1.0, "max_frp": 3.880000114440918, "avg_frp": 3.0890910191969438, "first_date": "2026-08-17", "last_date": "2026-08-17", "province": "East Kalimantan", "regency": "Berau", "extent_lat_km": 1.124341845950573, "extent_lon_km": 0.81085133529194442 }, "geometry": { "type": "Point", "coordinates": [ 117.201452454238378, 2.292175201194023 ] } },
{ "type": "Feature", "properties": { "cluster_id": 9, "n_detections": 11, "centroid_lat": 2.9911925706323061, "centroid_lon": 116.41704116788229, "lat_min": 2.9856740124525305, "lat_max": 2.995791369115453, "lon_min": 116.41312911281696, "lon_max": 116.42059964065744, "avg_confidence": 1.0, "max_frp": 7.7300000190734863, "avg_frp": 6.4027272571216933, "first_date": "2026-08-17", "last_date": "2026-08-17", "province": "North Kalimantan", "regency": "Malinau", "extent_lat_km": 1.124341845950573, "extent_lon_km": 0.82906866816835312 }, "geometry": { "type": "Point", "coordinates": [ 116.417041167882289, 2.991192570632306 ] } },
{ "type": "Feature", "properties": { "cluster_id": 25, "n_detections": 10, "centroid_lat": 2.1887635526363329, "centroid_lon": 117.21508331284261, "lat_min": 2.1830303838606766, "lat_max": 2.1965201927445737, "lon_min": 117.21070107777246, "lon_max": 117.2202982014723, "avg_confidence": 1.0, "max_frp": 2.619999885559082, "avg_frp": 2.4839999198913576, "first_date": "2026-08-17", "last_date": "2026-08-17", "province": "East Kalimantan", "regency": "Berau", "extent_lat_km": 1.4991224612674801, "extent_lon_km": 1.0657502449174538 }, "geometry": { "type": "Point", "coordinates": [ 117.215083312842609, 2.188763552636333 ] } },
{ "type": "Feature", "properties": { "cluster_id": 33, "n_detections": 10, "centroid_lat": 2.0211526772539163, "centroid_lon": 117.2433125366077, "lat_min": 2.0177802250329422, "lat_max": 2.0245251294748905, "lon_min": 117.23825058912566, "lon_max": 117.24837424397157, "avg_confidence": 1.0, "max_frp": 14.430000305175781, "avg_frp": 13.787999916076661, "first_date": "2026-08-17", "last_date": "2026-08-17", "province": "East Kalimantan", "regency": "Berau", "extent_lat_km": 0.74956123063371538, "extent_lon_km": 1.1243418459486347 }, "geometry": { "type": "Point", "coordinates": [ 117.243312536607704, 2.021152677253916 ] } },
{ "type": "Feature", "properties": { "cluster_id": 49, "n_detections": 10, "centroid_lat": 2.5337654148419912, "centroid_lon": 117.77587178596232, "lat_min": 2.5270205104000429, "lat_max": 2.5405103192839396, "lon_min": 117.76638865983148, "lon_max": 117.78296047778861, "avg_confidence": 1.0, "max_frp": 11.380000114440918, "avg_frp": 5.0200000286102293, "first_date": "2026-08-17", "last_date": "2026-08-17", "province": "North Kalimantan", "regency": "Bulungan", "extent_lat_km": 1.4991224612674308, "extent_lon_km": 1.8398256498408676 }, "geometry": { "type": "Point", "coordinates": [ 117.775871785962323, 2.533765414841991 ] } },
{ "type": "Feature", "properties": { "cluster_id": 8, "n_detections": 9, "centroid_lat": 3.1037098401866263, "centroid_lon": 116.44241560405857, "lat_min": 3.1003373879656526, "lat_max": 3.1070822924076005, "lon_min": 116.43866664000498, "lon_max": 116.44616472493487, "avg_confidence": 1.0, "max_frp": 3.2000000476837158, "avg_frp": 3.2000000476837158, "first_date": "2026-08-17", "last_date": "2026-08-17", "province": "North Kalimantan", "regency": "Malinau", "extent_lat_km": 0.74956123063366598, "extent_lon_km": 0.8320399215382579 }, "geometry": { "type": "Point", "coordinates": [ 116.442415604058567, 3.103709840186626 ] } },
{ "type": "Feature", "properties": { "cluster_id": 5, "n_detections": 9, "centroid_lat": 3.9367055387672485, "centroid_lon": 116.95225695532116, "lat_min": 3.9333330865462734, "lat_max": 3.9400779909882226, "lon_min": 116.9484028839036, "lon_max": 116.95611119046558, "avg_confidence": 1.0, "max_frp": 1.8700000047683716, "avg_frp": 1.8700000047683716, "first_date": "2026-08-17", "last_date": "2026-08-17", "province": "North Kalimantan", "regency": "Nunukan", "extent_lat_km": 0.74956123063381408, "extent_lon_km": 0.85460290476544942 }, "geometry": { "type": "Point", "coordinates": [ 116.952256955321161, 3.936705538767248 ] } },
{ "type": "Feature", "properties": { "cluster_id": 101, "n_detections": 9, "centroid_lat": 0.73624838106275536, "centroid_lon": 110.44976277828249, "lat_min": 0.73287592884178121, "lat_max": 0.73962083328372952, "lon_min": 110.44630657027591, "lon_max": 110.4532191189862, "avg_confidence": 1.0, "max_frp": 3.75, "avg_frp": 3.6233332951863608, "first_date": "2026-08-17", "last_date": "2026-08-17", "province": "West Kalimantan", "regency": "Sanggau", "extent_lat_km": 0.74956123063371538, "extent_lon_km": 0.76812811660455049 }, "geometry": { "type": "Point", "coordinates": [ 110.449762778282491, 0.736248381062755 ] } },
{ "type": "Feature", "properties": { "cluster_id": 193, "n_detections": 9, "centroid_lat": -0.47783441848794783, "centroid_lon": 111.36856893260443, "lat_min": -0.48120687070892199, "lat_max": -0.47446196626697362, "lon_min": 111.3651417588633, "lon_max": 111.37199623828845, "avg_confidence": 1.0, "max_frp": 6.820000171661377, "avg_frp": 6.820000171661377, "first_date": "2026-08-17", "last_date": "2026-08-17", "province": "West Kalimantan", "regency": "Melawi", "extent_lat_km": 0.74956123063372149, "extent_lon_km": 0.76171180846051856 }, "geometry": { "type": "Point", "coordinates": [ 111.368568932604433, -0.477834418487948 ] } },
{ "type": "Feature", "properties": { "cluster_id": 307, "n_detections": 9, "centroid_lat": -1.5671364858626065, "centroid_lon": 114.45282963318579, "lat_min": -1.5705089380835806, "lat_max": -1.5637640336416323, "lon_min": 114.44927168352976, "lon_max": 114.45638772608098, "avg_confidence": 1.0, "max_frp": 0.9100000262260437, "avg_frp": 0.9100000262260437, "first_date": "2026-08-17", "last_date": "2026-08-17", "province": "Central Kalimantan", "regency": "Kapuas", "extent_lat_km": 0.74956123063371538, "extent_lon_km": 0.79051002030284101 }, "geometry": { "type": "Point", "coordinates": [ 114.452829633185786, -1.567136485862606 ] } },
{ "type": "Feature", "properties": { "cluster_id": 308, "n_detections": 9, "centroid_lat": -1.5806262947465033, "centroid_lon": 114.9090243899587, "lat_min": -1.5839987469674774, "lat_max": -1.5772538425255289, "lon_min": 114.90546409053208, "lon_max": 114.91258483324924, "avg_confidence": 1.0, "max_frp": 4.0999999046325684, "avg_frp": 4.0999999046325684, "first_date": "2026-08-17", "last_date": "2026-08-17", "province": "Central Kalimantan", "regency": "Barito Selatan", "extent_lat_km": 0.74956123063374003, "extent_lon_km": 0.79102703715017741 }, "geometry": { "type": "Point", "coordinates": [ 114.909024389958702, -1.580626294746503 ] } },
{ "type": "Feature", "properties": { "cluster_id": 310, "n_detections": 9, "centroid_lat": -1.6042334602933224, "centroid_lon": 114.74165187767669, "lat_min": -1.6076059125142965, "lat_max": -1.6008610080723482, "lon_min": 114.73808902659586, "lon_max": 114.74521487259778, "avg_confidence": 1.0, "max_frp": 0.87000000476837158, "avg_frp": 0.87000000476837158, "first_date": "2026-08-17", "last_date": "2026-08-17", "province": "Central Kalimantan", "regency": "Barito Selatan", "extent_lat_km": 0.74956123063371538, "extent_lon_km": 0.79158488224479184 }, "geometry": { "type": "Point", "coordinates": [ 114.741651877676688, -1.604233460293322 ] } },
{ "type": "Feature", "properties": { "cluster_id": 311, "n_detections": 9, "centroid_lat": -1.614350816956245, "centroid_lon": 114.4655702267423, "lat_min": -1.6177232691772192, "lat_max": -1.6109783647352709, "lon_min": 114.46200662326096, "lon_max": 114.46913397381745, "avg_confidence": 1.0, "max_frp": 0.93999999761581421, "avg_frp": 0.93999999761581421, "first_date": "2026-08-17", "last_date": "2026-08-17", "province": "Central Kalimantan", "regency": "Kapuas", "extent_lat_km": 0.74956123063371538, "extent_lon_km": 0.79174808997126633 }, "geometry": { "type": "Point", "coordinates": [ 114.465570226742301, -1.614350816956245 ] } },
{ "type": "Feature", "properties": { "cluster_id": 134, "n_detections": 9, "centroid_lat": -0.009063559772537387, "centroid_lon": 110.39005869014768, "lat_min": -0.012436011993511562, "lat_max": -0.0056911075515632108, "lon_min": 110.38668527380298, "lon_max": 110.393432234039, "avg_confidence": 1.0, "max_frp": 6.5, "avg_frp": 6.5, "first_date": "2026-08-17", "last_date": "2026-08-17", "province": "West Kalimantan", "regency": "Sanggau", "extent_lat_km": 0.74956123063372015, "extent_lon_km": 0.74978968164705573 }, "geometry": { "type": "Point", "coordinates": [ 110.390058690147683, -0.009063559772537 ] } },
{ "type": "Feature", "properties": { "cluster_id": 316, "n_detections": 9, "centroid_lat": -1.6581926958289093, "centroid_lon": 110.35870463730862, "lat_min": -1.6615651480498834, "lat_max": -1.6548202436079351, "lon_min": 110.35514279612325, "lon_max": 110.36226661765301, "avg_confidence": 1.0, "max_frp": 15.970000267028809, "avg_frp": 15.970000267028809, "first_date": "2026-08-17", "last_date": "2026-08-17", "province": "West Kalimantan", "regency": "Ketapang", "extent_lat_km": 0.74956123063371538, "extent_lon_km": 0.79133876734013142 }, "geometry": { "type": "Point", "coordinates": [ 110.35870463730862, -1.658192695828909 ] } },
{ "type": "Feature", "properties": { "cluster_id": 138, "n_detections": 9, "centroid_lat": -0.48120687070892199, "centroid_lon": 109.96563418900223, "lat_min": -0.48457932292989614, "lat_max": -0.47783441848794783, "lon_min": 109.96220732048634, "lon_max": 109.96906118786423, "avg_confidence": 1.0, "max_frp": 5.8600001335144043, "avg_frp": 5.8600001335144043, "first_date": "2026-08-17", "last_date": "2026-08-17", "province": "West Kalimantan", "regency": "Kubu Raya", "extent_lat_km": 0.74956123063371538, "extent_lon_km": 0.76164341880793984 }, "geometry": { "type": "Point", "coordinates": [ 109.96563418900223, -0.481206870708922 ] } },
{ "type": "Feature", "properties": { "cluster_id": 137, "n_detections": 9, "centroid_lat": -0.27548728522949723, "centroid_lon": 110.4756456224471, "lat_min": -0.27885973745047143, "lat_max": -0.27211483300852307, "lon_min": 110.47224193000939, "lon_max": 110.47904944438231, "avg_confidence": 1.0, "max_frp": 8.6599998474121094, "avg_frp": 8.6599998474121094, "first_date": "2026-08-17", "last_date": "2026-08-17", "province": "West Kalimantan", "regency": "Sanggau", "extent_lat_km": 0.74956123063372149, "extent_lon_km": 0.75651032752292346 }, "geometry": { "type": "Point", "coordinates": [ 110.475645622447104, -0.275487285229497 ] } },
{ "type": "Feature", "properties": { "cluster_id": 135, "n_detections": 9, "centroid_lat": -0.23164540635683295, "centroid_lon": 110.39770447314832, "lat_min": -0.23501785857780713, "lat_max": -0.2282729541358588, "lon_min": 110.39430578630257, "lon_max": 110.40110328909601, "avg_confidence": 1.0, "max_frp": 4.0900001525878906, "avg_frp": 4.0900001525878906, "first_date": "2026-08-17", "last_date": "2026-08-17", "province": "West Kalimantan", "regency": "Sanggau", "extent_lat_km": 0.74956123063371849, "extent_lon_km": 0.75540031164019394 }, "geometry": { "type": "Point", "coordinates": [ 110.397704473148323, -0.231645406356833 ] } },
{ "type": "Feature", "properties": { "cluster_id": 136, "n_detections": 9, "centroid_lat": -0.27548728522949723, "centroid_lon": 109.96977194123188, "lat_min": -0.27885973745047143, "lat_max": -0.27211483300852307, "lon_min": 109.96636839167057, "lon_max": 109.97317561970644, "avg_confidence": 1.0, "max_frp": 29.469999313354492, "avg_frp": 29.469999313354492, "first_date": "2026-08-17", "last_date": "2026-08-17", "province": "West Kalimantan", "regency": "Sanggau", "extent_lat_km": 0.74956123063372149, "extent_lon_km": 0.7564785072537773 }, "geometry": { "type": "Point", "coordinates": [ 109.969771941231883, -0.275487285229497 ] } },
{ "type": "Feature", "properties": { "cluster_id": 139, "n_detections": 9, "centroid_lat": -0.51830384513963801, "centroid_lon": 110.43504526966439, "lat_min": -0.52167629736061216, "lat_max": -0.51493139291866374, "lon_min": 110.4316139414443, "lon_max": 110.43847672903274, "avg_confidence": 1.0, "max_frp": 25.940000534057617, "avg_frp": 25.940000534057617, "first_date": "2026-08-17", "last_date": "2026-08-17", "province": "West Kalimantan", "regency": "Ketapang", "extent_lat_km": 0.7495612306337277, "extent_lon_km": 0.76263037982442072 }, "geometry": { "type": "Point", "coordinates": [ 110.435045269664386, -0.518303845139638 ] } },
{ "type": "Feature", "properties": { "cluster_id": 147, "n_detections": 9, "centroid_lat": -0.029298273098382437, "centroid_lon": 112.81149275540172, "lat_min": -0.032670725319356615, "lat_max": -0.025925820877408266, "lon_min": 112.8081169725365, "lon_max": 112.81486866875021, "avg_confidence": 1.0, "max_frp": 4.1599998474121094, "avg_frp": 4.1599998474121094, "first_date": "2026-08-17", "last_date": "2026-08-17", "province": "West Kalimantan", "regency": "Sintang", "extent_lat_km": 0.74956123063371993, "extent_lon_km": 0.75031590213343025 }, "geometry": { "type": "Point", "coordinates": [ 112.811492755401716, -0.029298273098382 ] } },
{ "type": "Feature", "properties": { "cluster_id": 145, "n_detections": 9, "centroid_lat": -0.69704381285126926, "centroid_lon": 110.08119295475602, "lat_min": -0.70041626507224342, "lat_max": -0.693671360630295, "lon_min": 110.07774148828068, "lon_max": 110.08464455322658, "avg_confidence": 1.0, "max_frp": 1.1799999475479126, "avg_frp": 1.1799999475479126, "first_date": "2026-08-17", "last_date": "2026-08-17", "province": "West Kalimantan", "regency": "Ketapang", "extent_lat_km": 0.7495612306337277, "extent_lon_km": 0.76708083823342998 }, "geometry": { "type": "Point", "coordinates": [ 110.08119295475602, -0.697043812851269 ] } },
{ "type": "Feature", "properties": { "cluster_id": 141, "n_detections": 9, "centroid_lat": -0.59924269844301803, "centroid_lon": 110.46354786031236, "lat_min": -0.60261515066399229, "lat_max": -0.59587024622204388, "lon_min": 110.46010728493017, "lon_max": 110.46698856744374, "avg_confidence": 1.0, "max_frp": 7.2300000190734863, "avg_frp": 7.2300000190734863, "first_date": "2026-08-17", "last_date": "2026-08-17", "province": "West Kalimantan", "regency": "Ketapang", "extent_lat_km": 0.7495612306337277, "extent_lon_km": 0.76467510159531804 }, "geometry": { "type": "Point", "coordinates": [ 110.46354786031236, -0.599242698443018 ] } },
{ "type": "Feature", "properties": { "cluster_id": 116, "n_detections": 9, "centroid_lat": 0.86440156545977409, "centroid_lon": 117.2798340044248, "lat_min": 0.86102911323879994, "lat_max": 0.86777401768074824, "lon_min": 117.27635708596793, "lon_max": 117.28331106437447, "avg_confidence": 1.0, "max_frp": 4.5399999618530273, "avg_frp": 3.8166666030883789, "first_date": "2026-08-17", "last_date": "2026-08-17", "province": "East Kalimantan", "regency": "Kutai Timur", "extent_lat_km": 0.74956123063371538, "extent_lon_km": 0.77270767509826221 }, "geometry": { "type": "Point", "coordinates": [ 117.279834004424799, 0.864401565459774 ] } },
{ "type": "Feature", "properties": { "cluster_id": 117, "n_detections": 9, "centroid_lat": 0.69577895441106541, "centroid_lon": 117.07277239022352, "lat_min": 0.69240650219009114, "lat_max": 0.69915140663203956, "lon_min": 117.06931607406722, "lon_max": 117.07622884644276, "avg_confidence": 1.0, "max_frp": 21.540000915527344, "avg_frp": 21.540000915527344, "first_date": "2026-08-17", "last_date": "2026-08-17", "province": "East Kalimantan", "regency": "Kutai Timur", "extent_lat_km": 0.7495612306337277, "extent_lon_km": 0.76815975118498148 }, "geometry": { "type": "Point", "coordinates": [ 117.07277239022352, 0.695778954411065 ] } },
{ "type": "Feature", "properties": { "cluster_id": 118, "n_detections": 9, "centroid_lat": 0.67554424108522027, "centroid_lon": 117.10263176135257, "lat_min": 0.67217178886424611, "lat_max": 0.67891669330619442, "lon_min": 117.09917787264655, "lon_max": 117.10608579001348, "avg_confidence": 1.0, "max_frp": 0.8399999737739563, "avg_frp": 0.8399999737739563, "first_date": "2026-08-17", "last_date": "2026-08-17", "province": "East Kalimantan", "regency": "Kutai Timur", "extent_lat_km": 0.74956123063371538, "extent_lon_km": 0.76762349822454756 }, "geometry": { "type": "Point", "coordinates": [ 117.102631761352569, 0.67554424108522 ] } },
{ "type": "Feature", "properties": { "cluster_id": 148, "n_detections": 9, "centroid_lat": -0.039415629761304971, "centroid_lon": 112.76091790515994, "lat_min": -0.042788081982279146, "lat_max": -0.036043177540330797, "lon_min": 112.75754095146911, "lon_max": 112.76429498934581, "avg_confidence": 1.0, "max_frp": 5.0300002098083496, "avg_frp": 4.483333508173625, "first_date": "2026-08-17", "last_date": "2026-08-17", "province": "West Kalimantan", "regency": "Sintang", "extent_lat_km": 0.74956123063371993, "extent_lon_km": 0.75057605163253382 }, "geometry": { "type": "Point", "coordinates": [ 112.760917905159943, -0.039415629761305 ] } },
{ "type": "Feature", "properties": { "cluster_id": 152, "n_detections": 9, "centroid_lat": -0.30583935521826483, "centroid_lon": 112.90751521402439, "lat_min": -0.30921180743923898, "lat_max": -0.30246690299729068, "lon_min": 112.90410730513392, "lon_max": 112.91092325543264, "avg_confidence": 1.0, "max_frp": 10.260000228881836, "avg_frp": 10.260000228881836, "first_date": "2026-08-17", "last_date": "2026-08-17", "province": "West Kalimantan", "regency": "Sintang", "extent_lat_km": 0.74956123063371538, "extent_lon_km": 0.75744576553517173 }, "geometry": { "type": "Point", "coordinates": [ 112.907515214024386, -0.305839355218265 ] } },
{ "type": "Feature", "properties": { "cluster_id": 158, "n_detections": 9, "centroid_lat": 0.038150771321101069, "centroid_lon": 112.10666034350193, "lat_min": 0.034778319100126895, "lat_max": 0.041523223542075244, "lon_min": 112.10328356164284, "lon_max": 112.11003725509174, "avg_confidence": 1.0, "max_frp": 5.119999885559082, "avg_frp": 5.119999885559082, "first_date": "2026-08-17", "last_date": "2026-08-17", "province": "West Kalimantan", "regency": "Sintang", "extent_lat_km": 0.74956123063371993, "extent_lon_km": 0.75053778659512826 }, "geometry": { "type": "Point", "coordinates": [ 112.106660343501929, 0.038150771321101 ] } },
{ "type": "Feature", "properties": { "cluster_id": 189, "n_detections": 9, "centroid_lat": -0.24513521524072968, "centroid_lon": 110.81262803972602, "lat_min": -0.24850766746170388, "lat_max": -0.24176276301975549, "lon_min": 110.80922771543435, "lon_max": 110.81602849369278, "avg_confidence": 1.0, "max_frp": 15.319999694824219, "avg_frp": 15.319999694824219, "first_date": "2026-08-17", "last_date": "2026-08-17", "province": "West Kalimantan", "regency": "Sekadau", "extent_lat_km": 0.7495612306337246, "extent_lon_km": 0.75576357073845912 }, "geometry": { "type": "Point", "coordinates": [ 110.812628039726022, -0.24513521524073 ] } },
{ "type": "Feature", "properties": { "cluster_id": 187, "n_detections": 9, "centroid_lat": -0.20803824081001376, "centroid_lon": 110.59313346132868, "lat_min": -0.21141069303098792, "lat_max": -0.20466578858903958, "lon_min": 110.58973741546311, "lon_max": 110.5965296363575, "avg_confidence": 1.0, "max_frp": 6.179999828338623, "avg_frp": 6.179999828338623, "first_date": "2026-08-17", "last_date": "2026-08-17", "province": "West Kalimantan", "regency": "Sanggau", "extent_lat_km": 0.74956123063371849, "extent_lon_km": 0.75481453229964413 }, "geometry": { "type": "Point", "coordinates": [ 110.593133461328677, -0.208038240810014 ] } },
{ "type": "Feature", "properties": { "cluster_id": 128, "n_detections": 9, "centroid_lat": 0.67554424108522027, "centroid_lon": 117.56468983233812, "lat_min": 0.67217178886424611, "lat_max": 0.67891669330619442, "lon_min": 117.5612356232196, "lon_max": 117.56814418194526, "avg_confidence": 1.0, "max_frp": 2.4800000190734863, "avg_frp": 2.4800000190734863, "first_date": "2026-08-17", "last_date": "2026-08-17", "province": "East Kalimantan", "regency": "Kutai Timur", "extent_lat_km": 0.74956123063371538, "extent_lon_km": 0.76769476746554344 }, "geometry": { "type": "Point", "coordinates": [ 117.564689832338118, 0.67554424108522 ] } },
{ "type": "Feature", "properties": { "cluster_id": 129, "n_detections": 9, "centroid_lat": 0.46982465560579556, "centroid_lon": 117.56384320092189, "lat_min": 0.46645220338482141, "lat_max": 0.47319710782676977, "lon_min": 117.56041396084363, "lon_max": 117.56727258004246, "avg_confidence": 1.0, "max_frp": 4.8299999237060547, "avg_frp": 4.8299999237060547, "first_date": "2026-08-17", "last_date": "2026-08-17", "province": "East Kalimantan", "regency": "Kutai Timur", "extent_lat_km": 0.74956123063372149, "extent_lon_km": 0.76217272668054936 }, "geometry": { "type": "Point", "coordinates": [ 117.563843200921895, 0.469824655605796 ] } },
{ "type": "Feature", "properties": { "cluster_id": 169, "n_detections": 9, "centroid_lat": -0.21141069303098792, "centroid_lon": 111.65548697138553, "lat_min": -0.2147831452519621, "lat_max": -0.20803824081001376, "lon_min": 111.65209031153132, "lon_max": 111.65888376165331, "avg_confidence": 1.0, "max_frp": 4.9800000190734863, "avg_frp": 4.9800000190734863, "first_date": "2026-08-17", "last_date": "2026-08-17", "province": "West Kalimantan", "regency": "Melawi", "extent_lat_km": 0.74956123063371849, "extent_lon_km": 0.754950972805422 }, "geometry": { "type": "Point", "coordinates": [ 111.655486971385528, -0.211410693030988 ] } },
{ "type": "Feature", "properties": { "cluster_id": 171, "n_detections": 9, "centroid_lat": -0.23839031079878131, "centroid_lon": 111.59498868402345, "lat_min": -0.24176276301975549, "lat_max": -0.23501785857780713, "lon_min": 111.59158893807846, "lon_max": 111.59838856050007, "avg_confidence": 1.0, "max_frp": 4.3499999046325684, "avg_frp": 4.3499999046325684, "first_date": "2026-08-17", "last_date": "2026-08-17", "province": "West Kalimantan", "regency": "Melawi", "extent_lat_km": 0.74956123063372149, "extent_lon_km": 0.75563549911604266 }, "geometry": { "type": "Point", "coordinates": [ 111.594988684023448, -0.238390310798781 ] } },
{ "type": "Feature", "properties": { "cluster_id": 124, "n_detections": 9, "centroid_lat": 0.40912051562826041, "centroid_lon": 112.40290435169297, "lat_min": 0.4057480634072862, "lat_max": 0.41249296784923456, "lon_min": 112.39948463689949, "lon_max": 112.40632419914299, "avg_confidence": 1.0, "max_frp": 4.320000171661377, "avg_frp": 4.320000171661377, "first_date": "2026-08-17", "last_date": "2026-08-17", "province": "West Kalimantan", "regency": "Kapuas Hulu", "extent_lat_km": 0.74956123063372149, "extent_lon_km": 0.76006117518735827 }, "geometry": { "type": "Point", "coordinates": [ 112.402904351692968, 0.40912051562826 ] } },
{ "type": "Feature", "properties": { "cluster_id": 125, "n_detections": 9, "centroid_lat": 0.35516128009267356, "centroid_lon": 112.3516105606834, "lat_min": 0.35178882787169941, "lat_max": 0.35853373231364771, "lon_min": 112.34819711664927, "lon_max": 112.35502413693763, "avg_confidence": 1.0, "max_frp": 1.5, "avg_frp": 1.5, "first_date": "2026-08-17", "last_date": "2026-08-17", "province": "West Kalimantan", "regency": "Kapuas Hulu", "extent_lat_km": 0.74956123063371538, "extent_lon_km": 0.75867218868781183 }, "geometry": { "type": "Point", "coordinates": [ 112.351610560683397, 0.355161280092674 ] } },
{ "type": "Feature", "properties": { "cluster_id": 127, "n_detections": 9, "centroid_lat": 0.94534041876315422, "centroid_lon": 117.88620188302369, "lat_min": 0.94196796654218007, "lat_max": 0.94871287098412838, "lon_min": 117.8827145468702, "lon_max": 117.88968936194388, "avg_confidence": 1.0, "max_frp": 3.369999885559082, "avg_frp": 3.369999885559082, "first_date": "2026-08-17", "last_date": "2026-08-17", "province": "East Kalimantan", "regency": "Kutai Timur", "extent_lat_km": 0.74956123063371538, "extent_lon_km": 0.77500569843474909 }, "geometry": { "type": "Point", "coordinates": [ 117.886201883023688, 0.945340418763154 ] } },
{ "type": "Feature", "properties": { "cluster_id": 122, "n_detections": 9, "centroid_lat": 0.57099822223502084, "centroid_lon": 112.48319094490942, "lat_min": 0.56762577001404668, "lat_max": 0.57437067445599499, "lon_min": 112.47975240834928, "lon_max": 112.48662961535325, "avg_confidence": 1.0, "max_frp": 3.380000114440918, "avg_frp": 3.380000114440918, "first_date": "2026-08-17", "last_date": "2026-08-17", "province": "West Kalimantan", "regency": "Kapuas Hulu", "extent_lat_km": 0.74956123063371538, "extent_lon_km": 0.76422606240319912 }, "geometry": { "type": "Point", "coordinates": [ 112.483190944909424, 0.570998222235021 ] } },
{ "type": "Feature", "properties": { "cluster_id": 191, "n_detections": 9, "centroid_lat": -0.30246690299729068, "centroid_lon": 111.00876287519925, "lat_min": -0.30583935521826483, "lat_max": -0.29909445077631652, "lon_min": 111.00535594743697, "lon_max": 111.0121699332629, "avg_confidence": 1.0, "max_frp": 4.3299999237060547, "avg_frp": 4.3299999237060547, "first_date": "2026-08-17", "last_date": "2026-08-17", "province": "West Kalimantan", "regency": "Sekadau", "extent_lat_km": 0.74956123063371538, "extent_lon_km": 0.75722769338921625 }, "geometry": { "type": "Point", "coordinates": [ 111.008762875199253, -0.302466902997291 ] } },
{ "type": "Feature", "properties": { "cluster_id": 184, "n_detections": 9, "centroid_lat": -0.1439616486115044, "centroid_lon": 110.62310570423389, "lat_min": -0.14733410083247858, "lat_max": -0.14058919639053025, "lon_min": 110.61971694533027, "lon_max": 110.62649459188962, "avg_confidence": 1.0, "max_frp": 24.520000457763672, "avg_frp": 24.520000457763672, "first_date": "2026-08-17", "last_date": "2026-08-17", "province": "West Kalimantan", "regency": "Sanggau", "extent_lat_km": 0.74956123063371849, "extent_lon_km": 0.75319748459839542 }, "geometry": { "type": "Point", "coordinates": [ 110.623105704233893, -0.143961648611504 ] } },
{ "type": "Feature", "properties": { "cluster_id": 102, "n_detections": 9, "centroid_lat": 0.66205443220132354, "centroid_lon": 110.36370051426668, "lat_min": 0.65868197998034939, "lat_max": 0.66542688442229769, "lon_min": 110.36025283751898, "lon_max": 110.36714832308975, "avg_confidence": 1.0, "max_frp": 8.5600004196166992, "avg_frp": 8.5600004196166992, "first_date": "2026-08-17", "last_date": "2026-08-17", "province": "West Kalimantan", "regency": "Sanggau", "extent_lat_km": 0.74956123063371538, "extent_lon_km": 0.76624415466743256 }, "geometry": { "type": "Point", "coordinates": [ 110.363700514266682, 0.662054432201324 ] } },
{ "type": "Feature", "properties": { "cluster_id": 192, "n_detections": 9, "centroid_lat": -0.46771706182502526, "centroid_lon": 110.71075656259096, "lat_min": -0.47108951404599947, "lat_max": -0.46434460960405105, "lon_min": 110.70733086703096, "lon_max": 110.71418238926321, "avg_confidence": 1.0, "max_frp": 14.710000038146973, "avg_frp": 14.710000038146973, "first_date": "2026-08-17", "last_date": "2026-08-17", "province": "West Kalimantan", "regency": "Sekadau", "extent_lat_km": 0.7495612306337277, "extent_lon_km": 0.76138429644886774 }, "geometry": { "type": "Point", "coordinates": [ 110.710756562590959, -0.467717061825025 ] } },
{ "type": "Feature", "properties": { "cluster_id": 180, "n_detections": 9, "centroid_lat": -0.71727852617711418, "centroid_lon": 111.49821374034349, "lat_min": -0.72065097839808845, "lat_max": -0.71390607395614003, "lon_min": 111.49475892721055, "lon_max": 111.5016686872511, "avg_confidence": 1.0, "max_frp": 5.75, "avg_frp": 4.1966667175292969, "first_date": "2026-08-17", "last_date": "2026-08-17", "province": "West Kalimantan", "regency": "Melawi", "extent_lat_km": 0.7495612306337277, "extent_lon_km": 0.76782146205937041 }, "geometry": { "type": "Point", "coordinates": [ 111.498213740343488, -0.717278526177114 ] } },
{ "type": "Feature", "properties": { "cluster_id": 181, "n_detections": 9, "centroid_lat": -0.73414078728198517, "centroid_lon": 112.27435707739447, "lat_min": -0.73751323950295933, "lat_max": -0.73076833506101102, "lon_min": 112.27089973504248, "lon_max": 112.27781455453656, "avg_confidence": 1.0, "max_frp": 4.119999885559082, "avg_frp": 4.119999885559082, "first_date": "2026-08-17", "last_date": "2026-08-17", "province": "Central Kalimantan", "regency": "Katingan", "extent_lat_km": 0.74956123063371538, "extent_lon_km": 0.76838081067085784 }, "geometry": { "type": "Point", "coordinates": [ 112.27435707739447, -0.734140787281985 ] } },
{ "type": "Feature", "properties": { "cluster_id": 182, "n_detections": 9, "centroid_lat": -0.052905438645201669, "centroid_lon": 110.64641084770416, "lat_min": -0.056277890866175843, "lat_max": -0.049532986424227494, "lon_min": 110.64303244446066, "lon_max": 110.64978937909434, "avg_confidence": 1.0, "max_frp": 2.7799999713897705, "avg_frp": 2.7799999713897705, "first_date": "2026-08-17", "last_date": "2026-08-17", "province": "West Kalimantan", "regency": "Sanggau", "extent_lat_km": 0.74956123063371993, "extent_lon_km": 0.75089782572618791 }, "geometry": { "type": "Point", "coordinates": [ 110.646410847704161, -0.052905438645202 ] } },
{ "type": "Feature", "properties": { "cluster_id": 172, "n_detections": 9, "centroid_lat": -0.25525257190365219, "centroid_lon": 111.71316716519925, "lat_min": -0.25862502412462635, "lat_max": -0.25188011968267804, "lon_min": 111.70976545095046, "lon_max": 111.71656901023367, "avg_confidence": 1.0, "max_frp": 4.559999942779541, "avg_frp": 4.559999942779541, "first_date": "2026-08-17", "last_date": "2026-08-17", "province": "West Kalimantan", "regency": "Melawi", "extent_lat_km": 0.74956123063371538, "extent_lon_km": 0.75607204019849072 }, "geometry": { "type": "Point", "coordinates": [ 111.713167165199252, -0.255252571903652 ] } },
{ "type": "Feature", "properties": { "cluster_id": 92, "n_detections": 9, "centroid_lat": 0.40237561118631204, "centroid_lon": 110.71317041425192, "lat_min": 0.39900315896533789, "lat_max": 0.4057480634072862, "lon_min": 110.70975217864572, "lon_max": 110.71658878051588, "avg_confidence": 1.0, "max_frp": 33.939998626708984, "avg_frp": 33.939998626708984, "first_date": "2026-08-17", "last_date": "2026-08-17", "province": "West Kalimantan", "regency": "Sanggau", "extent_lat_km": 0.74956123063371538, "extent_lon_km": 0.7597328306517056 }, "geometry": { "type": "Point", "coordinates": [ 110.71317041425192, 0.402375611186312 ] } },
{ "type": "Feature", "properties": { "cluster_id": 91, "n_detections": 9, "centroid_lat": 0.41923787229118292, "centroid_lon": 110.67293352700993, "lat_min": 0.41586542007020871, "lat_max": 0.42261032451215713, "lon_min": 110.66951338369962, "lon_max": 110.6763538010495, "avg_confidence": 1.0, "max_frp": 5.6599998474121094, "avg_frp": 5.6599998474121094, "first_date": "2026-08-17", "last_date": "2026-08-17", "province": "West Kalimantan", "regency": "Sanggau", "extent_lat_km": 0.7495612306337277, "extent_lon_km": 0.76015523040497057 }, "geometry": { "type": "Point", "coordinates": [ 110.672933527009931, 0.419237872291183 ] } },
{ "type": "Feature", "properties": { "cluster_id": 88, "n_detections": 9, "centroid_lat": 0.48668691671066644, "centroid_lon": 110.80212135398764, "lat_min": 0.48331446448969223, "lat_max": 0.49005936893164054, "lon_min": 110.79869344589784, "lon_max": 110.80554939342811, "avg_confidence": 1.0, "max_frp": 127.59999847412109, "avg_frp": 127.59999847412109, "first_date": "2026-08-17", "last_date": "2026-08-17", "province": "West Kalimantan", "regency": "Sanggau", "extent_lat_km": 0.74956123063371538, "extent_lon_km": 0.76187396248638106 }, "geometry": { "type": "Point", "coordinates": [ 110.802121353987644, 0.486686916710666 ] } },
{ "type": "Feature", "properties": { "cluster_id": 212, "n_detections": 9, "centroid_lat": -1.2636157859749306, "centroid_lon": 113.84078071553762, "lat_min": -1.2669882381959048, "lat_max": -1.2602433337539565, "lon_min": 113.83725970994747, "lon_max": 113.84430186148386, "avg_confidence": 1.0, "max_frp": 4.5900001525878906, "avg_frp": 4.5900001525878906, "first_date": "2026-08-17", "last_date": "2026-08-17", "province": "Central Kalimantan", "regency": "Gunung Mas", "extent_lat_km": 0.74956123063371538, "extent_lon_km": 0.7824039848510852 }, "geometry": { "type": "Point", "coordinates": [ 113.840780715537619, -1.263615785974931 ] } },
{ "type": "Feature", "properties": { "cluster_id": 98, "n_detections": 9, "centroid_lat": 1.2353713097669334, "centroid_lon": 117.21953945889138, "lat_min": 1.2319988575459593, "lat_max": 1.2387437619879076, "lon_min": 117.2160175075026, "lon_max": 117.22306155434021, "avg_confidence": 1.0, "max_frp": 7.7899999618530273, "avg_frp": 7.7899999618530273, "first_date": "2026-08-17", "last_date": "2026-08-17", "province": "East Kalimantan", "regency": "Kutai Timur", "extent_lat_km": 0.74956123063371538, "extent_lon_km": 0.78262297320881802 }, "geometry": { "type": "Point", "coordinates": [ 117.219539458891376, 1.235371309766933 ] } },
{ "type": "Feature", "properties": { "cluster_id": 95, "n_detections": 9, "centroid_lat": 0.17979376460201646, "centroid_lon": 110.77843473206127, "lat_min": 0.17642131238104228, "lat_max": 0.18316621682299061, "lon_min": 110.77504186658668, "lon_max": 110.78182772671653, "avg_confidence": 1.0, "max_frp": 6.2699999809265137, "avg_frp": 6.2699999809265137, "first_date": "2026-08-17", "last_date": "2026-08-17", "province": "West Kalimantan", "regency": "Sanggau", "extent_lat_km": 0.74956123063371849, "extent_lon_km": 0.75410892335956947 }, "geometry": { "type": "Point", "coordinates": [ 110.778434732061271, 0.179793764602016 ] } },
{ "type": "Feature", "properties": { "cluster_id": 93, "n_detections": 9, "centroid_lat": 0.25061526124247413, "centroid_lon": 110.98129811667944, "lat_min": 0.24724280902149998, "lat_max": 0.25398771346344828, "lon_min": 110.97789712383008, "lon_max": 110.98469923943689, "avg_confidence": 1.0, "max_frp": 8.8100004196166992, "avg_frp": 8.8100004196166992, "first_date": "2026-08-17", "last_date": "2026-08-17", "province": "West Kalimantan", "regency": "Sekadau", "extent_lat_km": 0.74956123063371538, "extent_lon_km": 0.75591187611855959 }, "geometry": { "type": "Point", "coordinates": [ 110.98129811667944, 0.250615261242474 ] } },
{ "type": "Feature", "properties": { "cluster_id": 217, "n_detections": 9, "centroid_lat": -1.2973403081846726, "centroid_lon": 114.03118423603388, "lat_min": -1.3007127604056468, "lat_max": -1.2939678559636985, "lon_min": 114.02765898644893, "lon_max": 114.03470962643588, "avg_confidence": 1.0, "max_frp": 0.41999998688697815, "avg_frp": 0.41999998688697815, "first_date": "2026-08-17", "last_date": "2026-08-17", "province": "Central Kalimantan", "regency": "Kapuas", "extent_lat_km": 0.74956123063371538, "extent_lon_km": 0.78333677081368747 }, "geometry": { "type": "Point", "coordinates": [ 114.03118423603388, -1.297340308184673 ] } },
{ "type": "Feature", "properties": { "cluster_id": 197, "n_detections": 9, "centroid_lat": -0.68692645618834669, "centroid_lon": 110.68467051578423, "lat_min": -0.69029890840932084, "lat_max": -0.68355400396737254, "lon_min": 110.68121977524062, "lon_max": 110.68812138894899, "avg_confidence": 1.0, "max_frp": 21.059999465942383, "avg_frp": 21.059999465942383, "first_date": "2026-08-17", "last_date": "2026-08-17", "province": "West Kalimantan", "regency": "Ketapang", "extent_lat_km": 0.74956123063371538, "extent_lon_km": 0.76692120978899558 }, "geometry": { "type": "Point", "coordinates": [ 110.684670515784234, -0.686926456188347 ] } },
{ "type": "Feature", "properties": { "cluster_id": 110, "n_detections": 9, "centroid_lat": 0.91161589655341269, "centroid_lon": 109.42926935219892, "lat_min": 0.90824344433243831, "lat_max": 0.91498834877438684, "lon_min": 109.42579404917997, "lon_max": 109.43274478797413, "avg_confidence": 1.0, "max_frp": 6.0799999237060547, "avg_frp": 6.0799999237060547, "first_date": "2026-08-17", "last_date": "2026-08-17", "province": "West Kalimantan", "regency": "Bengkayang", "extent_lat_km": 0.74956123063374003, "extent_lon_km": 0.77233783308996851 }, "geometry": { "type": "Point", "coordinates": [ 109.429269352198915, 0.911615896553413 ] } },
{ "type": "Feature", "properties": { "cluster_id": 109, "n_detections": 9, "centroid_lat": 0.16630395571811973, "centroid_lon": 116.29908350518124, "lat_min": 0.16293150349714558, "lat_max": 0.16967640793909392, "lon_min": 116.29569123726796, "lon_max": 116.30247590855697, "avg_confidence": 1.0, "max_frp": 0.72000002861022949, "avg_frp": 0.66666666666666663, "first_date": "2026-08-17", "last_date": "2026-08-17", "province": "East Kalimantan", "regency": "Kutai Kartanegara", "extent_lat_km": 0.74956123063371849, "extent_lon_km": 0.7539773442803932 }, "geometry": { "type": "Point", "coordinates": [ 116.299083505181244, 0.16630395571812 ] } },
{ "type": "Feature", "properties": { "cluster_id": 87, "n_detections": 9, "centroid_lat": 0.48668691671066644, "centroid_lon": 110.59976692030494, "lat_min": 0.48331446448969223, "lat_max": 0.49005936893164054, "lon_min": 110.59633911327332, "lon_max": 110.60319485845351, "avg_confidence": 1.0, "max_frp": 33.400001525878906, "avg_frp": 33.400001525878906, "first_date": "2026-08-17", "last_date": "2026-08-17", "province": "West Kalimantan", "regency": "Sanggau", "extent_lat_km": 0.74956123063371538, "extent_lon_km": 0.7618514761332652 }, "geometry": { "type": "Point", "coordinates": [ 110.599766920304944, 0.486686916710666 ] } },
{ "type": "Feature", "properties": { "cluster_id": 90, "n_detections": 9, "centroid_lat": 0.42935522895410544, "centroid_lon": 110.57864693746082, "lat_min": 0.42598277673313129, "lat_max": 0.43272768117507959, "lon_min": 110.57522568095243, "lon_max": 110.58206832466034, "avg_confidence": 1.0, "max_frp": 3.1600000858306885, "avg_frp": 3.1600000858306885, "first_date": "2026-08-17", "last_date": "2026-08-17", "province": "West Kalimantan", "regency": "Sanggau", "extent_lat_km": 0.74956123063371538, "extent_lon_km": 0.76040164459261272 }, "geometry": { "type": "Point", "coordinates": [ 110.578646937460817, 0.429355228954105 ] } },
{ "type": "Feature", "properties": { "cluster_id": 209, "n_detections": 9, "centroid_lat": -1.0444063916116093, "centroid_lon": 113.24173018646376, "lat_min": -1.0477788438325835, "lat_max": -1.0410339393906352, "lon_min": 113.23823572938763, "lon_max": 113.24522478164266, "avg_confidence": 1.0, "max_frp": 9.4200000762939453, "avg_frp": 9.4200000762939453, "first_date": "2026-08-17", "last_date": "2026-08-17", "province": "Central Kalimantan", "regency": "Gunung Mas", "extent_lat_km": 0.74956123063371538, "extent_lon_km": 0.77656434393484508 }, "geometry": { "type": "Point", "coordinates": [ 113.241730186463755, -1.044406391611609 ] } },
{ "type": "Feature", "properties": { "cluster_id": 199, "n_detections": 9, "centroid_lat": -0.75100304838685594, "centroid_lon": 111.36414501827805, "lat_min": -0.75437550060783021, "lat_max": -0.74763059616588179, "lon_min": 111.3606864196484, "lon_max": 111.36760375076514, "avg_confidence": 1.0, "max_frp": 7.5999999046325684, "avg_frp": 7.5999999046325684, "first_date": "2026-08-17", "last_date": "2026-08-17", "province": "West Kalimantan", "regency": "Melawi", "extent_lat_km": 0.7495612306337277, "extent_lon_km": 0.76865697236533215 }, "geometry": { "type": "Point", "coordinates": [ 111.364145018278052, -0.751003048386856 ] } },
{ "type": "Feature", "properties": { "cluster_id": 202, "n_detections": 9, "centroid_lat": -0.62622231621081159, "centroid_lon": 114.639449385406, "lat_min": -0.62959476843178575, "lat_max": -0.62284986398983744, "lon_min": 114.63600304698693, "lon_max": 114.6428958605875, "avg_confidence": 1.0, "max_frp": 46.220001220703125, "avg_frp": 46.220001220703125, "first_date": "2026-08-17", "last_date": "2026-08-17", "province": "Central Kalimantan", "regency": "Murung Raya", "extent_lat_km": 0.74956123063371538, "extent_lon_km": 0.76595262393078467 }, "geometry": { "type": "Point", "coordinates": [ 114.639449385405996, -0.626222316210812 ] } },
{ "type": "Feature", "properties": { "cluster_id": 107, "n_detections": 9, "centroid_lat": 0.5811155788979433, "centroid_lon": 113.22536830229579, "lat_min": 0.57774312667696914, "lat_max": 0.58448803111891745, "lon_min": 113.22192814790061, "lon_max": 113.22880859150298, "avg_confidence": 1.0, "max_frp": 5.4600000381469727, "avg_frp": 5.4600000381469727, "first_date": "2026-08-17", "last_date": "2026-08-17", "province": "West Kalimantan", "regency": "Kapuas Hulu", "extent_lat_km": 0.74956123063371538, "extent_lon_km": 0.76458437026068193 }, "geometry": { "type": "Point", "coordinates": [ 113.225368302295792, 0.581115578897943 ] } },
{ "type": "Feature", "properties": { "cluster_id": 105, "n_detections": 9, "centroid_lat": 0.21351828681175819, "centroid_lon": 110.28964956652479, "lat_min": 0.21014583459078401, "lat_max": 0.2168907390327324, "lon_min": 110.28625296327174, "lon_max": 110.29304629862874, "avg_confidence": 1.0, "max_frp": 23.860000610351562, "avg_frp": 23.860000610351562, "first_date": "2026-08-17", "last_date": "2026-08-17", "province": "West Kalimantan", "regency": "Sanggau", "extent_lat_km": 0.7495612306337246, "extent_lon_km": 0.75493811608198413 }, "geometry": { "type": "Point", "coordinates": [ 110.289649566524787, 0.213518286811758 ] } },
{ "type": "Feature", "properties": { "cluster_id": 104, "n_detections": 9, "centroid_lat": 0.42598277673313129, "centroid_lon": 110.29193199209695, "lat_min": 0.42261032451215713, "lat_max": 0.42935522895410544, "lon_min": 110.28851124549227, "lon_max": 110.295352869038, "avg_confidence": 1.0, "max_frp": 11.739999771118164, "avg_frp": 11.739999771118164, "first_date": "2026-08-17", "last_date": "2026-08-17", "province": "West Kalimantan", "regency": "Sanggau", "extent_lat_km": 0.74956123063371538, "extent_lon_km": 0.76028861118900082 }, "geometry": { "type": "Point", "coordinates": [ 110.291931992096949, 0.425982776733131 ] } },
{ "type": "Feature", "properties": { "cluster_id": 108, "n_detections": 9, "centroid_lat": 0.73624838106275536, "centroid_lon": 116.60836899283112, "lat_min": 0.73287592884178121, "lat_max": 0.73962083328372952, "lon_min": 116.6049081300413, "lon_max": 116.61182999543269, "avg_confidence": 1.0, "max_frp": 3.559999942779541, "avg_frp": 3.559999942779541, "first_date": "2026-08-17", "last_date": "2026-08-17", "province": "East Kalimantan", "regency": "Kutai Timur", "extent_lat_km": 0.74956123063371538, "extent_lon_km": 0.7691633938962199 }, "geometry": { "type": "Point", "coordinates": [ 116.608368992831117, 0.736248381062755 ] } },
{ "type": "Feature", "properties": { "cluster_id": 103, "n_detections": 9, "centroid_lat": 0.49005936893164059, "centroid_lon": 110.54923377681325, "lat_min": 0.48668691671066638, "lat_max": 0.4934318211526148, "lon_min": 110.54580561030744, "lon_max": 110.55266207440125, "avg_confidence": 1.0, "max_frp": 21.809999465942383, "avg_frp": 21.809999465942383, "first_date": "2026-08-17", "last_date": "2026-08-17", "province": "West Kalimantan", "regency": "Sanggau", "extent_lat_km": 0.7495612306337277, "extent_lon_km": 0.76193098384487634 }, "geometry": { "type": "Point", "coordinates": [ 110.549233776813253, 0.490059368931641 ] } },
{ "type": "Feature", "properties": { "cluster_id": 6, "n_detections": 9, "centroid_lat": 3.9029810165575061, "centroid_lon": 116.89007519167924, "lat_min": 3.8996085643365319, "lat_max": 3.9063534687784802, "lon_min": 116.88622557702935, "lon_max": 116.89392496972512, "avg_confidence": 1.0, "max_frp": 1.7999999523162842, "avg_frp": 1.7999999523162842, "first_date": "2026-08-17", "last_date": "2026-08-17", "province": "North Kalimantan", "regency": "Nunukan", "extent_lat_km": 0.74956123063371538, "extent_lon_km": 0.85364907263461975 }, "geometry": { "type": "Point", "coordinates": [ 116.890075191679244, 3.902981016557506 ] } },
{ "type": "Feature", "properties": { "cluster_id": 14, "n_detections": 9, "centroid_lat": 2.4056122304449721, "centroid_lon": 117.48131183798046, "lat_min": 2.4022397782239979, "lat_max": 2.4089846826659467, "lon_min": 117.47764598474039, "lon_max": 117.48497784406578, "avg_confidence": 1.0, "max_frp": 0.62999999523162842, "avg_frp": 0.62999999523162842, "first_date": "2026-08-17", "last_date": "2026-08-17", "province": "East Kalimantan", "regency": "Berau", "extent_lat_km": 0.74956123063376467, "extent_lon_km": 0.81407147197301721 }, "geometry": { "type": "Point", "coordinates": [ 117.481311837980456, 2.405612230444972 ] } },
{ "type": "Feature", "properties": { "cluster_id": 13, "n_detections": 9, "centroid_lat": 2.5067857970741976, "centroid_lon": 117.46658097060805, "lat_min": 2.5034133448532234, "lat_max": 2.5101582492951717, "lon_min": 117.46290266695873, "lon_max": 117.47025942783102, "avg_confidence": 1.0, "max_frp": 2.2799999713897705, "avg_frp": 2.2799999713897705, "first_date": "2026-08-17", "last_date": "2026-08-17", "province": "East Kalimantan", "regency": "Berau", "extent_lat_km": 0.74956123063371538, "extent_lon_km": 0.81677447352664534 }, "geometry": { "type": "Point", "coordinates": [ 117.466580970608049, 2.506785797074198 ] } },
{ "type": "Feature", "properties": { "cluster_id": 331, "n_detections": 9, "centroid_lat": -1.9347337779487914, "centroid_lon": 110.55425420787864, "lat_min": -1.9381062301697656, "lat_max": -1.9313613257278175, "lon_min": 110.55066008519226, "lon_max": 110.55784847194855, "avg_confidence": 1.0, "max_frp": 5.3000001907348633, "avg_frp": 5.3000001907348633, "first_date": "2026-08-17", "last_date": "2026-08-17", "province": "West Kalimantan", "regency": "Ketapang", "extent_lat_km": 0.74956123063369073, "extent_lon_km": 0.79839002481468768 }, "geometry": { "type": "Point", "coordinates": [ 110.554254207878643, -1.934733777948791 ] } },
{ "type": "Feature", "properties": { "cluster_id": 329, "n_detections": 9, "centroid_lat": -1.863912281308334, "centroid_lon": 110.07058095301133, "lat_min": -1.8672847335293079, "lat_max": -1.8605398290873598, "lon_min": 110.06699594684416, "lon_max": 110.07416609948923, "avg_confidence": 1.0, "max_frp": 10.779999732971191, "avg_frp": 10.779999732971191, "first_date": "2026-08-17", "last_date": "2026-08-17", "province": "West Kalimantan", "regency": "Ketapang", "extent_lat_km": 0.74956123063369073, "extent_lon_km": 0.79639746685279122 }, "geometry": { "type": "Point", "coordinates": [ 110.07058095301133, -1.863912281308334 ] } },
{ "type": "Feature", "properties": { "cluster_id": 325, "n_detections": 9, "centroid_lat": -1.8200704024356698, "centroid_lon": 110.48626749720255, "lat_min": -1.8234428546566439, "lat_max": -1.8166979502146954, "lon_min": 110.48268675925716, "lon_max": 110.48984837562259, "avg_confidence": 1.0, "max_frp": 1.0700000524520874, "avg_frp": 1.0700000524520874, "first_date": "2026-08-17", "last_date": "2026-08-17", "province": "West Kalimantan", "regency": "Ketapang", "extent_lat_km": 0.74956123063374003, "extent_lon_km": 0.79546890689449079 }, "geometry": { "type": "Point", "coordinates": [ 110.486267497202547, -1.82007040243567 ] } },
{ "type": "Feature", "properties": { "cluster_id": 326, "n_detections": 9, "centroid_lat": -1.8234428546566437, "centroid_lon": 110.24353476390361, "lat_min": -1.8268153068776181, "lat_max": -1.8200704024356695, "lon_min": 110.23995409119057, "lon_max": 110.24711557683482, "avg_confidence": 1.0, "max_frp": 0.76999998092651367, "avg_frp": 0.76999998092651367, "first_date": "2026-08-17", "last_date": "2026-08-17", "province": "West Kalimantan", "regency": "Ketapang", "extent_lat_km": 0.74956123063374003, "extent_lon_km": 0.79545289798211438 }, "geometry": { "type": "Point", "coordinates": [ 110.243534763903611, -1.823442854656644 ] } },
{ "type": "Feature", "properties": { "cluster_id": 302, "n_detections": 9, "centroid_lat": -1.4356108492446138, "centroid_lon": 114.45943767764561, "lat_min": -1.4389833014655879, "lat_max": -1.4322383970236396, "lon_min": 114.45589539593878, "lon_max": 114.46298010165452, "avg_confidence": 1.0, "max_frp": 2.0699999332427979, "avg_frp": 2.0699999332427979, "first_date": "2026-08-17", "last_date": "2026-08-17", "province": "Central Kalimantan", "regency": "Kapuas", "extent_lat_km": 0.74956123063371538, "extent_lon_km": 0.78707621440229791 }, "geometry": { "type": "Point", "coordinates": [ 114.45943767764561, -1.435610849244614 ] } },
{ "type": "Feature", "properties": { "cluster_id": 301, "n_detections": 9, "centroid_lat": -1.4322383970236396, "centroid_lon": 114.32095528184657, "lat_min": -1.4356108492446136, "lat_max": -1.4288659448026653, "lon_min": 114.31741360561497, "lon_max": 114.32449710019588, "avg_confidence": 1.0, "max_frp": 5.929999828338623, "avg_frp": 5.929999828338623, "first_date": "2026-08-17", "last_date": "2026-08-17", "province": "Central Kalimantan", "regency": "Kapuas", "extent_lat_km": 0.74956123063371538, "extent_lon_km": 0.78694282270837657 }, "geometry": { "type": "Point", "coordinates": [ 114.320955281846565, -1.43223839702364 ] } },
{ "type": "Feature", "properties": { "cluster_id": 293, "n_detections": 9, "centroid_lat": -1.250125977091034, "centroid_lon": 114.09318679574092, "lat_min": -1.2534984293120082, "lat_max": -1.2467535248700599, "lon_min": 114.0896670618519, "lon_max": 114.0967066701815, "avg_confidence": 1.0, "max_frp": 7.75, "avg_frp": 7.75, "first_date": "2026-08-17", "last_date": "2026-08-17", "province": "Central Kalimantan", "regency": "Kapuas", "extent_lat_km": 0.74956123063371538, "extent_lon_km": 0.7821254671504676 }, "geometry": { "type": "Point", "coordinates": [ 114.09318679574092, -1.250125977091034 ] } },
{ "type": "Feature", "properties": { "cluster_id": 297, "n_detections": 9, "centroid_lat": -1.3074576648475948, "centroid_lon": 114.22054853164256, "lat_min": -1.310830117068569, "lat_max": -1.3040852126266207, "lon_min": 114.21702182845829, "lon_max": 114.22407537593514, "avg_confidence": 1.0, "max_frp": 1.2999999523162842, "avg_frp": 1.2999999523162842, "first_date": "2026-08-17", "last_date": "2026-08-17", "province": "Central Kalimantan", "regency": "Kapuas", "extent_lat_km": 0.74956123063371538, "extent_lon_km": 0.78365665127837869 }, "geometry": { "type": "Point", "coordinates": [ 114.220548531642564, -1.307457664847595 ] } },
{ "type": "Feature", "properties": { "cluster_id": 284, "n_detections": 9, "centroid_lat": -1.1793044804505763, "centroid_lon": 111.4287679628041, "lat_min": -1.1826769326715505, "lat_max": -1.1759320282296022, "lon_min": 111.42525984859166, "lon_max": 111.43227621398339, "avg_confidence": 1.0, "max_frp": 9.0200004577636719, "avg_frp": 9.0200004577636719, "first_date": "2026-08-17", "last_date": "2026-08-17", "province": "West Kalimantan", "regency": "Melawi", "extent_lat_km": 0.74956123063371538, "extent_lon_km": 0.77956352600396028 }, "geometry": { "type": "Point", "coordinates": [ 111.428767962804102, -1.179304480450576 ] } },
{ "type": "Feature", "properties": { "cluster_id": 28, "n_detections": 9, "centroid_lat": 2.1189537916621672, "centroid_lon": 117.18136384516112, "lat_min": 2.1155813394411931, "lat_max": 2.1223262438831418, "lon_min": 117.17773396172414, "lon_max": 117.18499387899452, "avg_confidence": 1.0, "max_frp": 6.8899998664855957, "avg_frp": 6.8899998664855957, "first_date": "2026-08-17", "last_date": "2026-08-17", "province": "East Kalimantan", "regency": "Berau", "extent_lat_km": 0.74956123063376467, "extent_lon_km": 0.8062429339318421 }, "geometry": { "type": "Point", "coordinates": [ 117.181363845161115, 2.118953791662167 ] } },
{ "type": "Feature", "properties": { "cluster_id": 290, "n_detections": 9, "centroid_lat": -1.1118554360310928, "centroid_lon": 114.15159946619325, "lat_min": -1.115227888252067, "lat_max": -1.1084829838101184, "lon_min": 114.1480960463528, "lon_max": 114.1551030256674, "avg_confidence": 1.0, "max_frp": 14.100000381469727, "avg_frp": 14.100000381469727, "first_date": "2026-08-17", "last_date": "2026-08-17", "province": "Central Kalimantan", "regency": "Kapuas", "extent_lat_km": 0.74956123063374003, "extent_lon_km": 0.77853899909947133 }, "geometry": { "type": "Point", "coordinates": [ 114.151599466193247, -1.111855436031093 ] } },
{ "type": "Feature", "properties": { "cluster_id": 289, "n_detections": 9, "centroid_lat": -1.0815033660423252, "centroid_lon": 114.05936944005647, "lat_min": -1.0848758182632994, "lat_max": -1.0781309138213511, "lon_min": 114.05586971739957, "lon_max": 114.06286930202461, "avg_confidence": 1.0, "max_frp": 4.0399999618530273, "avg_frp": 4.0399999618530273, "first_date": "2026-08-17", "last_date": "2026-08-17", "province": "Central Kalimantan", "regency": "Kapuas", "extent_lat_km": 0.74956123063371538, "extent_lon_km": 0.77772526875427173 }, "geometry": { "type": "Point", "coordinates": [ 114.059369440056471, -1.081503366042325 ] } },
{ "type": "Feature", "properties": { "cluster_id": 283, "n_detections": 9, "centroid_lat": -1.1759320282296022, "centroid_lon": 110.7472542870638, "lat_min": -1.1793044804505763, "lat_max": -1.172559576008628, "lon_min": 110.74374738615423, "lon_max": 110.75076132412848, "avg_confidence": 1.0, "max_frp": 4.7399997711181641, "avg_frp": 4.7399997711181641, "first_date": "2026-08-17", "last_date": "2026-08-17", "province": "West Kalimantan", "regency": "Ketapang", "extent_lat_km": 0.74956123063371538, "extent_lon_km": 0.77929476714458201 }, "geometry": { "type": "Point", "coordinates": [ 110.747254287063797, -1.175932028229602 ] } },
{ "type": "Feature", "properties": { "cluster_id": 288, "n_detections": 9, "centroid_lat": -0.93648792054043561, "centroid_lon": 114.76259479413062, "lat_min": -0.93986037276140988, "lat_max": -0.93311546831946157, "lon_min": 114.75911154244348, "lon_max": 114.76607818491246, "avg_confidence": 1.0, "max_frp": 2.130000114440918, "avg_frp": 2.130000114440918, "first_date": "2026-08-17", "last_date": "2026-08-17", "province": "Central Kalimantan", "regency": "Barito Utara", "extent_lat_km": 0.74956123063371538, "extent_lon_km": 0.7740995647848472 }, "geometry": { "type": "Point", "coordinates": [ 114.762594794130621, -0.936487920540436 ] } },
{ "type": "Feature", "properties": { "cluster_id": 41, "n_detections": 9, "centroid_lat": 2.763092165868235, "centroid_lon": 116.88977101673296, "lat_min": 2.7597197136472609, "lat_max": 2.7664646180892092, "lon_min": 116.88606266209274, "lon_max": 116.89347952617491, "avg_confidence": 1.0, "max_frp": 55.009998321533203, "avg_frp": 55.009998321533203, "first_date": "2026-08-17", "last_date": "2026-08-17", "province": "North Kalimantan", "regency": "Bulungan", "extent_lat_km": 0.74956123063371538, "extent_lon_km": 0.82327784636257695 }, "geometry": { "type": "Point", "coordinates": [ 116.889771016732965, 2.763092165868235 ] } },
{ "type": "Feature", "properties": { "cluster_id": 280, "n_detections": 9, "centroid_lat": -0.94997772942433245, "centroid_lon": 110.7189135717923, "lat_min": -0.95335018164530649, "lat_max": -0.94660527720335819, "lon_min": 110.71543266057874, "lon_max": 110.72239461752378, "avg_confidence": 1.0, "max_frp": 0.85000002384185791, "avg_frp": 0.85000002384185791, "first_date": "2026-08-17", "last_date": "2026-08-17", "province": "West Kalimantan", "regency": "Ketapang", "extent_lat_km": 0.74956123063371538, "extent_lon_km": 0.77357593343330466 }, "geometry": { "type": "Point", "coordinates": [ 110.718913571792299, -0.949977729424332 ] } },
{ "type": "Feature", "properties": { "cluster_id": 306, "n_detections": 9, "centroid_lat": -1.5502742247577357, "centroid_lon": 114.32033926473056, "lat_min": -1.5536466769787098, "lat_max": -1.5469017725367615, "lon_min": 114.3167835371154, "lon_max": 114.32389513531038, "avg_confidence": 1.0, "max_frp": 5.2699999809265137, "avg_frp": 5.2699999809265137, "first_date": "2026-08-17", "last_date": "2026-08-17", "province": "Central Kalimantan", "regency": "Kapuas", "extent_lat_km": 0.74956123063371538, "extent_lon_km": 0.790022630463598 }, "geometry": { "type": "Point", "coordinates": [ 114.320339264730563, -1.550274224757736 ] } },
{ "type": "Feature", "properties": { "cluster_id": 323, "n_detections": 9, "centroid_lat": -1.7728560713420312, "centroid_lon": 110.28096789512388, "lat_min": -1.7762285235630055, "lat_max": -1.769483619121057, "lon_min": 110.2773929823796, "lon_max": 110.28454294776414, "avg_confidence": 1.0, "max_frp": 2.059999942779541, "avg_frp": 2.059999942779541, "first_date": "2026-08-17", "last_date": "2026-08-17", "province": "West Kalimantan", "regency": "Ketapang", "extent_lat_km": 0.74956123063374003, "extent_lon_km": 0.79419531292271717 }, "geometry": { "type": "Point", "coordinates": [ 110.280967895123879, -1.772856071342031 ] } },
{ "type": "Feature", "properties": { "cluster_id": 304, "n_detections": 9, "centroid_lat": -1.4760802758963036, "centroid_lon": 114.29618735384358, "lat_min": -1.479452728117278, "lat_max": -1.4727078236753297, "lon_min": 114.2926404975607, "lon_max": 114.29973435253011, "avg_confidence": 1.0, "max_frp": 4.380000114440918, "avg_frp": 4.380000114440918, "first_date": "2026-08-17", "last_date": "2026-08-17", "province": "Central Kalimantan", "regency": "Kapuas", "extent_lat_km": 0.74956123063371538, "extent_lon_km": 0.78807850482698283 }, "geometry": { "type": "Point", "coordinates": [ 114.296187353843578, -1.476080275896304 ] } },
{ "type": "Feature", "properties": { "cluster_id": 40, "n_detections": 9, "centroid_lat": 2.7866993314150541, "centroid_lon": 117.19936186455955, "lat_min": 2.78332687919408, "lat_max": 2.7900717836360283, "lon_min": 117.19564971431343, "lon_max": 117.20307417014195, "avg_confidence": 1.0, "max_frp": 2.9800000190734863, "avg_frp": 2.9800000190734863, "first_date": "2026-08-17", "last_date": "2026-08-17", "province": "North Kalimantan", "regency": "Bulungan", "extent_lat_km": 0.74956123063371538, "extent_lon_km": 0.82410407849376843 }, "geometry": { "type": "Point", "coordinates": [ 117.199361864559549, 2.786699331415054 ] } },
{ "type": "Feature", "properties": { "cluster_id": 275, "n_detections": 9, "centroid_lat": -0.24850766746170386, "centroid_lon": 117.39574480101366, "lat_min": -0.25188011968267804, "lat_max": -0.24513521524072968, "lon_min": 117.39234241511772, "lon_max": 117.399147324211, "avg_confidence": 1.0, "max_frp": 3.7699999809265137, "avg_frp": 3.7699999809265137, "first_date": "2026-08-17", "last_date": "2026-08-17", "province": "East Kalimantan", "regency": "Kutai Kartanegara", "extent_lat_km": 0.74956123063372149, "extent_lon_km": 0.75622243446241888 }, "geometry": { "type": "Point", "coordinates": [ 117.395744801013663, -0.248507667461704 ] } },
{ "type": "Feature", "properties": { "cluster_id": 50, "n_detections": 9, "centroid_lat": 2.5000408926322493, "centroid_lon": 117.61788132665363, "lat_min": 2.4966684404112751, "lat_max": 2.5034133448532234, "lon_min": 117.61420346710052, "lon_max": 117.62155933990603, "avg_confidence": 1.0, "max_frp": 4.2199997901916504, "avg_frp": 4.2199997901916504, "first_date": "2026-08-17", "last_date": "2026-08-17", "province": "East Kalimantan", "regency": "Berau", "extent_lat_km": 0.74956123063371538, "extent_lon_km": 0.81668008040669615 }, "geometry": { "type": "Point", "coordinates": [ 117.617881326653631, 2.500040892632249 ] } },
{ "type": "Feature", "properties": { "cluster_id": 48, "n_detections": 9, "centroid_lat": 2.6484287903551129, "centroid_lon": 117.78012385611396, "lat_min": 2.6450563381341388, "lat_max": 2.6518012425760871, "lon_min": 117.77642719646418, "lon_max": 117.78382067074799, "avg_confidence": 1.0, "max_frp": 2.4100000858306885, "avg_frp": 2.4100000858306885, "first_date": "2026-08-17", "last_date": "2026-08-17", "province": "North Kalimantan", "regency": "Bulungan", "extent_lat_km": 0.74956123063371538, "extent_lon_km": 0.82075918245249346 }, "geometry": { "type": "Point", "coordinates": [ 117.78012385611396, 2.648428790355113 ] } },
{ "type": "Feature", "properties": { "cluster_id": 42, "n_detections": 9, "centroid_lat": 2.7627174489547937, "centroid_lon": 117.18835584308324, "lat_min": 2.7597197136472609, "lat_max": 2.7664646180892092, "lon_min": 117.18351573288516, "lon_max": 117.19364486570484, "avg_confidence": 1.0, "max_frp": 2.9500000476837158, "avg_frp": 2.5266666809717813, "first_date": "2026-08-17", "last_date": "2026-08-17", "province": "North Kalimantan", "regency": "Bulungan", "extent_lat_km": 0.74956123063371538, "extent_lon_km": 1.1243422008116524 }, "geometry": { "type": "Point", "coordinates": [ 117.188355843083244, 2.762717448954794 ] } },
{ "type": "Feature", "properties": { "cluster_id": 234, "n_detections": 9, "centroid_lat": -0.96009508608725491, "centroid_lon": 110.00417922625773, "lat_min": -0.96346753830822907, "lat_max": -0.95672263386628076, "lon_min": 110.00069785866413, "lon_max": 110.00766072761502, "avg_confidence": 1.0, "max_frp": 6.3400001525878906, "avg_frp": 6.3400001525878906, "first_date": "2026-08-17", "last_date": "2026-08-17", "province": "West Kalimantan", "regency": "Kayong Utara", "extent_lat_km": 0.74956123063371538, "extent_lon_km": 0.77367499330421829 }, "geometry": { "type": "Point", "coordinates": [ 110.004179226257733, -0.960095086087255 ] } },
{ "type": "Feature", "properties": { "cluster_id": 240, "n_detections": 9, "centroid_lat": -1.2197739071022664, "centroid_lon": 110.50615462367863, "lat_min": -1.2231463593232406, "lat_max": -1.2164014548812923, "lon_min": 110.50264298084191, "lon_max": 110.50966640270406, "avg_confidence": 1.0, "max_frp": 1.7999999523162842, "avg_frp": 1.7999999523162842, "first_date": "2026-08-17", "last_date": "2026-08-17", "province": "West Kalimantan", "regency": "Ketapang", "extent_lat_km": 0.74956123063371538, "extent_lon_km": 0.78033600442823414 }, "geometry": { "type": "Point", "coordinates": [ 110.506154623678626, -1.219773907102266 ] } },
{ "type": "Feature", "properties": { "cluster_id": 232, "n_detections": 9, "centroid_lat": -0.93311546831946146, "centroid_lon": 110.23942632493373, "lat_min": -0.93648792054043561, "lat_max": -0.92974301609848731, "lon_min": 110.23594780784478, "lon_max": 110.24290497586719, "avg_confidence": 1.0, "max_frp": 16.569999694824219, "avg_frp": 16.569999694824219, "first_date": "2026-08-17", "last_date": "2026-08-17", "province": "West Kalimantan", "regency": "Kayong Utara", "extent_lat_km": 0.74956123063371538, "extent_lon_km": 0.77304755262148439 }, "geometry": { "type": "Point", "coordinates": [ 110.239426324933731, -0.933115468319461 ] } },
{ "type": "Feature", "properties": { "cluster_id": 233, "n_detections": 9, "centroid_lat": -0.9533501816453066, "centroid_lon": 110.49978208310144, "lat_min": -0.95672263386628076, "lat_max": -0.94997772942433245, "lon_min": 110.4963009994124, "lon_max": 110.50326330107904, "avg_confidence": 1.0, "max_frp": 9.9799995422363281, "avg_frp": 9.9799995422363281, "first_date": "2026-08-17", "last_date": "2026-08-17", "province": "West Kalimantan", "regency": "Ketapang", "extent_lat_km": 0.74956123063371538, "extent_lon_km": 0.77361348068617175 }, "geometry": { "type": "Point", "coordinates": [ 110.499782083101437, -0.953350181645307 ] } },
{ "type": "Feature", "properties": { "cluster_id": 228, "n_detections": 9, "centroid_lat": -0.87915623278387467, "centroid_lon": 110.16695444993842, "lat_min": -0.88252868500484893, "lat_max": -0.87578378056290052, "lon_min": 110.16348216071829, "lon_max": 110.17042687253758, "avg_confidence": 1.0, "max_frp": 48.430000305175781, "avg_frp": 48.430000305175781, "first_date": "2026-08-17", "last_date": "2026-08-17", "province": "West Kalimantan", "regency": "Kayong Utara", "extent_lat_km": 0.7495612306337277, "extent_lon_km": 0.77167497260534501 }, "geometry": { "type": "Point", "coordinates": [ 110.166954449938416, -0.879156232783875 ] } },
{ "type": "Feature", "properties": { "cluster_id": 86, "n_detections": 9, "centroid_lat": 0.52715634336235651, "centroid_lon": 110.66453740215815, "lat_min": 0.52378389114138235, "lat_max": 0.53052879558333066, "lon_min": 110.66110494065573, "lon_max": 110.66796999513598, "avg_confidence": 1.0, "max_frp": 8.8400001525878906, "avg_frp": 8.8400001525878906, "first_date": "2026-08-17", "last_date": "2026-08-17", "province": "West Kalimantan", "regency": "Sanggau", "extent_lat_km": 0.74956123063371538, "extent_lon_km": 0.76288121380903395 }, "geometry": { "type": "Point", "coordinates": [ 110.664537402158146, 0.527156343362357 ] } },
{ "type": "Feature", "properties": { "cluster_id": 85, "n_detections": 9, "centroid_lat": 0.59460538778184013, "centroid_lon": 110.92550554793435, "lat_min": 0.59123293556086587, "lat_max": 0.59797784000281429, "lon_min": 110.92206521975243, "lon_max": 110.92894600836649, "avg_confidence": 1.0, "max_frp": 3.8299999237060547, "avg_frp": 3.8299999237060547, "first_date": "2026-08-17", "last_date": "2026-08-17", "province": "West Kalimantan", "regency": "Sanggau", "extent_lat_km": 0.7495612306337277, "extent_lon_km": 0.76462086231199766 }, "geometry": { "type": "Point", "coordinates": [ 110.92550554793435, 0.59460538778184 ] } },
{ "type": "Feature", "properties": { "cluster_id": 84, "n_detections": 9, "centroid_lat": 0.64181971887547851, "centroid_lon": 110.62632478460004, "lat_min": 0.63844726665450424, "lat_max": 0.64519217109645277, "lon_min": 110.62287924277659, "lon_max": 110.62977045865991, "avg_confidence": 1.0, "max_frp": 9.5500001907348633, "avg_frp": 9.5500001907348633, "first_date": "2026-08-17", "last_date": "2026-08-17", "province": "West Kalimantan", "regency": "Sanggau", "extent_lat_km": 0.74956123063374003, "extent_lon_km": 0.76577277331573401 }, "geometry": { "type": "Point", "coordinates": [ 110.626324784600044, 0.641819718875479 ] } },
{ "type": "Feature", "properties": { "cluster_id": 64, "n_detections": 9, "centroid_lat": 0.57774312667696914, "centroid_lon": 112.06174573167016, "lat_min": 0.57437067445599499, "lat_max": 0.5811155788979433, "lon_min": 112.05830666156999, "lon_max": 112.06518493521459, "avg_confidence": 1.0, "max_frp": 5.3299999237060547, "avg_frp": 5.3299999237060547, "first_date": "2026-08-17", "last_date": "2026-08-17", "province": "West Kalimantan", "regency": "Kapuas Hulu", "extent_lat_km": 0.74956123063371538, "extent_lon_km": 0.76434369024972548 }, "geometry": { "type": "Point", "coordinates": [ 112.061745731670158, 0.577743126676969 ] } },
{ "type": "Feature", "properties": { "cluster_id": 65, "n_detections": 9, "centroid_lat": 0.50354917781553732, "centroid_lon": 112.13120064651635, "lat_min": 0.50017672559456317, "lat_max": 0.50692163003651147, "lon_min": 112.12777012358686, "lon_max": 112.13463130244979, "avg_confidence": 1.0, "max_frp": 4.7100000381469727, "avg_frp": 4.7100000381469727, "first_date": "2026-08-17", "last_date": "2026-08-17", "province": "West Kalimantan", "regency": "Kapuas Hulu", "extent_lat_km": 0.74956123063371538, "extent_lon_km": 0.76245336039548584 }, "geometry": { "type": "Point", "coordinates": [ 112.131200646516348, 0.503549177815537 ] } },
{ "type": "Feature", "properties": { "cluster_id": 66, "n_detections": 9, "centroid_lat": 0.44284503783800211, "centroid_lon": 112.00206245190132, "lat_min": 0.43947258561702796, "lat_max": 0.44621749005897632, "lon_min": 111.99863901013136, "lon_max": 112.00548602610084, "avg_confidence": 1.0, "max_frp": 21.559999465942383, "avg_frp": 21.066666285196941, "first_date": "2026-08-17", "last_date": "2026-08-17", "province": "West Kalimantan", "regency": "Kapuas Hulu", "extent_lat_km": 0.74956123063372149, "extent_lon_km": 0.76088615681554528 }, "geometry": { "type": "Point", "coordinates": [ 112.002062451901324, 0.442845037838002 ] } },
{ "type": "Feature", "properties": { "cluster_id": 55, "n_detections": 9, "centroid_lat": 2.3482805426884115, "centroid_lon": 117.97935002916653, "lat_min": 2.3449080904674369, "lat_max": 2.3516529949093856, "lon_min": 117.97569004531005, "lon_max": 117.98301016602382, "avg_confidence": 1.0, "max_frp": 8.0100002288818359, "avg_frp": 6.400000174840291, "first_date": "2026-08-17", "last_date": "2026-08-17", "province": "East Kalimantan", "regency": "Berau", "extent_lat_km": 0.74956123063376467, "extent_lon_km": 0.81280186902854112 }, "geometry": { "type": "Point", "coordinates": [ 117.979350029166525, 2.348280542688411 ] } },
{ "type": "Feature", "properties": { "cluster_id": 81, "n_detections": 9, "centroid_lat": 0.86777401768074824, "centroid_lon": 111.34711445516662, "lat_min": 0.86440156545977409, "lat_max": 0.87114646990172251, "lon_min": 111.34364241313041, "lon_max": 111.35058663186496, "avg_confidence": 1.0, "max_frp": 8.2100000381469727, "avg_frp": 8.2100000381469727, "first_date": "2026-08-17", "last_date": "2026-08-17", "province": "West Kalimantan", "regency": "Sintang", "extent_lat_km": 0.7495612306337277, "extent_lon_km": 0.77162251958240147 }, "geometry": { "type": "Point", "coordinates": [ 111.347114455166619, 0.867774017680748 ] } },
{ "type": "Feature", "properties": { "cluster_id": 78, "n_detections": 9, "centroid_lat": 1.5995961496321442, "centroid_lon": 118.09491650472864, "lat_min": 1.5962236974111701, "lat_max": 1.6029686018531184, "lon_min": 118.09134869848107, "lon_max": 118.09848445866167, "avg_confidence": 1.0, "max_frp": 1.3700000047683716, "avg_frp": 1.3700000047683716, "first_date": "2026-08-17", "last_date": "2026-08-17", "province": "East Kalimantan", "regency": "Berau", "extent_lat_km": 0.74956123063371538, "extent_lon_km": 0.79268800730282196 }, "geometry": { "type": "Point", "coordinates": [ 118.094916504728644, 1.599596149632144 ] } },
{ "type": "Feature", "properties": { "cluster_id": 77, "n_detections": 9, "centroid_lat": 0.14269679017130052, "centroid_lon": 112.08000347465571, "lat_min": 0.13932433795032634, "lat_max": 0.14606924239227467, "lon_min": 112.07661464694741, "lon_max": 112.08339243278982, "avg_confidence": 1.0, "max_frp": 46.099998474121094, "avg_frp": 46.099998474121094, "first_date": "2026-08-17", "last_date": "2026-08-17", "province": "West Kalimantan", "regency": "Sintang", "extent_lat_km": 0.74956123063371849, "extent_lon_km": 0.7532130046718255 }, "geometry": { "type": "Point", "coordinates": [ 112.080003474655712, 0.142696790171301 ] } },
{ "type": "Feature", "properties": { "cluster_id": 75, "n_detections": 9, "centroid_lat": 0.18991112126493898, "centroid_lon": 112.14097602609237, "lat_min": 0.18653866904396479, "lat_max": 0.19328357348591316, "lon_min": 112.13758174228657, "lon_max": 112.14437044072282, "avg_confidence": 1.0, "max_frp": 3.8900001049041748, "avg_frp": 3.8900001049041748, "first_date": "2026-08-17", "last_date": "2026-08-17", "province": "West Kalimantan", "regency": "Kapuas Hulu", "extent_lat_km": 0.74956123063372149, "extent_lon_km": 0.75442391299921097 }, "geometry": { "type": "Point", "coordinates": [ 112.140976026092375, 0.189911121264939 ] } },
{ "type": "Feature", "properties": { "cluster_id": 74, "n_detections": 9, "centroid_lat": 0.22700809569565492, "centroid_lon": 112.05355574906386, "lat_min": 0.22363564347468073, "lat_max": 0.23038054791662907, "lon_min": 112.05015720402923, "lon_max": 112.05695442508043, "avg_confidence": 1.0, "max_frp": 6.5, "avg_frp": 6.5, "first_date": "2026-08-17", "last_date": "2026-08-17", "province": "West Kalimantan", "regency": "Kapuas Hulu", "extent_lat_km": 0.74956123063371849, "extent_lon_km": 0.75536924658215487 }, "geometry": { "type": "Point", "coordinates": [ 112.053555749063861, 0.227008095695655 ] } },
{ "type": "Feature", "properties": { "cluster_id": 73, "n_detections": 9, "centroid_lat": 0.26410507012637086, "centroid_lon": 112.17527625693099, "lat_min": 0.26073261790539665, "lat_max": 0.26747752234734501, "lon_min": 112.17187339927206, "lon_max": 112.17867924597091, "avg_confidence": 1.0, "max_frp": 4.1399998664855957, "avg_frp": 4.1399998664855957, "first_date": "2026-08-17", "last_date": "2026-08-17", "province": "West Kalimantan", "regency": "Kapuas Hulu", "extent_lat_km": 0.74956123063372149, "extent_lon_km": 0.75632570855024595 }, "geometry": { "type": "Point", "coordinates": [ 112.175276256930985, 0.264105070126371 ] } },
{ "type": "Feature", "properties": { "cluster_id": 67, "n_detections": 9, "centroid_lat": 0.39900315896533789, "centroid_lon": 112.07562857733033, "lat_min": 0.39563070674436368, "lat_max": 0.40237561118631204, "lon_min": 112.07221016899776, "lon_max": 112.07904711787069, "avg_confidence": 1.0, "max_frp": 3.8599998950958252, "avg_frp": 3.8599998950958252, "first_date": "2026-08-17", "last_date": "2026-08-17", "province": "West Kalimantan", "regency": "Kapuas Hulu", "extent_lat_km": 0.74956123063372149, "extent_lon_km": 0.75977170486920287 }, "geometry": { "type": "Point", "coordinates": [ 112.075628577330335, 0.399003158965338 ] } },
{ "type": "Feature", "properties": { "cluster_id": 72, "n_detections": 9, "centroid_lat": 0.32480921010390601, "centroid_lon": 112.15902452246193, "lat_min": 0.32143675788293186, "lat_max": 0.32818166232488016, "lon_min": 112.15561465642404, "lon_max": 112.16243452028554, "avg_confidence": 1.0, "max_frp": 26.620000839233398, "avg_frp": 26.620000839233398, "first_date": "2026-08-17", "last_date": "2026-08-17", "province": "West Kalimantan", "regency": "Kapuas Hulu", "extent_lat_km": 0.74956123063371538, "extent_lon_km": 0.75787929261267517 }, "geometry": { "type": "Point", "coordinates": [ 112.159024522461934, 0.324809210103906 ] } },
{ "type": "Feature", "properties": { "cluster_id": 79, "n_detections": 9, "centroid_lat": 1.0633762464972505, "centroid_lon": 117.67795847290388, "lat_min": 1.0600037942762763, "lat_max": 1.0667486987182246, "lon_min": 117.67445694356968, "lon_max": 117.68146014560232, "avg_confidence": 1.0, "max_frp": 1.3600000143051147, "avg_frp": 1.3600000143051147, "first_date": "2026-08-17", "last_date": "2026-08-17", "province": "East Kalimantan", "regency": "Kutai Timur", "extent_lat_km": 0.74956123063371538, "extent_lon_km": 0.77813180814157579 }, "geometry": { "type": "Point", "coordinates": [ 117.677958472903882, 1.06337624649725 ] } },
{ "type": "Feature", "properties": { "cluster_id": 303, "n_detections": 9, "centroid_lat": -1.4659629192333812, "centroid_lon": 114.21807727372045, "lat_min": -1.4693353714543553, "lat_max": -1.462590467012407, "lon_min": 114.21453173904949, "lon_max": 114.22162295063215, "avg_confidence": 1.0, "max_frp": 7.6399998664855957, "avg_frp": 7.6399998664855957, "first_date": "2026-08-17", "last_date": "2026-08-17", "province": "Central Kalimantan", "regency": "Kapuas", "extent_lat_km": 0.74956123063371538, "extent_lon_km": 0.78778841501182029 }, "geometry": { "type": "Point", "coordinates": [ 114.218077273720453, -1.465962919233381 ] } },
{ "type": "Feature", "properties": { "cluster_id": 281, "n_detections": 9, "centroid_lat": -1.1219727926940155, "centroid_lon": 111.37255893802447, "lat_min": -1.1253452449149894, "lat_max": -1.1186003404730411, "lon_min": 111.36905752166315, "lon_max": 111.37606049087964, "avg_confidence": 1.0, "max_frp": 5.7100000381469727, "avg_frp": 5.7100000381469727, "first_date": "2026-08-17", "last_date": "2026-08-17", "province": "West Kalimantan", "regency": "Melawi", "extent_lat_km": 0.74956123063371538, "extent_lon_km": 0.77809076208103645 }, "geometry": { "type": "Point", "coordinates": [ 111.372558938024468, -1.121972792694016 ] } },
{ "type": "Feature", "properties": { "cluster_id": 282, "n_detections": 9, "centroid_lat": -1.132090149356938, "centroid_lon": 110.59713038436092, "lat_min": -1.1354626015779121, "lat_max": -1.1287176971359638, "lon_min": 110.59362869980025, "lon_max": 110.60063220459122, "avg_confidence": 1.0, "max_frp": 4.25, "avg_frp": 4.25, "first_date": "2026-08-17", "last_date": "2026-08-17", "province": "West Kalimantan", "regency": "Ketapang", "extent_lat_km": 0.74956123063371538, "extent_lon_km": 0.77814756587257483 }, "geometry": { "type": "Point", "coordinates": [ 110.597130384360923, -1.132090149356938 ] } },
{ "type": "Feature", "properties": { "cluster_id": 260, "n_detections": 9, "centroid_lat": -0.84543171057413291, "centroid_lon": 111.79505024388624, "lat_min": -0.84880416279510706, "lat_max": -0.84205925835315876, "lon_min": 111.79158038888339, "lon_max": 111.79852023391081, "avg_confidence": 1.0, "max_frp": 16.379999160766602, "avg_frp": 16.379999160766602, "first_date": "2026-08-17", "last_date": "2026-08-17", "province": "West Kalimantan", "regency": "Melawi", "extent_lat_km": 0.74956123063371538, "extent_lon_km": 0.771141021263961 }, "geometry": { "type": "Point", "coordinates": [ 111.795050243886237, -0.845431710574133 ] } },
{ "type": "Feature", "properties": { "cluster_id": 269, "n_detections": 9, "centroid_lat": -1.4254934925816911, "centroid_lon": 112.78230530041861, "lat_min": -1.4288659448026653, "lat_max": -1.422121040360717, "lon_min": 112.77876667950801, "lon_max": 112.78584406161951, "avg_confidence": 1.0, "max_frp": 1.7799999713897705, "avg_frp": 1.7799999713897705, "first_date": "2026-08-17", "last_date": "2026-08-17", "province": "Central Kalimantan", "regency": "Kotawaringin Timur", "extent_lat_km": 0.74956123063371538, "extent_lon_km": 0.78626606497201079 }, "geometry": { "type": "Point", "coordinates": [ 112.782305300418614, -1.425493492581691 ] } },
{ "type": "Feature", "properties": { "cluster_id": 45, "n_detections": 9, "centroid_lat": 1.4444633474673323, "centroid_lon": 109.15332862499257, "lat_min": 1.4410908952463581, "lat_max": 1.4478357996883064, "lon_min": 109.14979316101528, "lon_max": 109.15686422519985, "avg_confidence": 1.0, "max_frp": 7.6399998664855957, "avg_frp": 7.6399998664855957, "first_date": "2026-08-17", "last_date": "2026-08-17", "province": "West Kalimantan", "regency": "Sambas", "extent_lat_km": 0.74956123063371538, "extent_lon_km": 0.78555765573580183 }, "geometry": { "type": "Point", "coordinates": [ 109.153328624992568, 1.444463347467332 ] } },
{ "type": "Feature", "properties": { "cluster_id": 272, "n_detections": 9, "centroid_lat": -0.056277890866175836, "centroid_lon": 117.43179420267617, "lat_min": -0.059650343087150018, "lat_max": -0.052905438645201669, "lon_min": 117.42841502753825, "lon_max": 117.43517351382029, "avg_confidence": 1.0, "max_frp": 1.5299999713897705, "avg_frp": 1.5299999713897705, "first_date": "2026-08-17", "last_date": "2026-08-17", "province": "East Kalimantan", "regency": "Kutai Kartanegara", "extent_lat_km": 0.74956123063371993, "extent_lon_km": 0.75107021821227438 }, "geometry": { "type": "Point", "coordinates": [ 117.431794202676173, -0.056277890866176 ] } },
{ "type": "Feature", "properties": { "cluster_id": 248, "n_detections": 9, "centroid_lat": -1.4558455625704587, "centroid_lon": 110.32449636362672, "lat_min": -1.4592180147914329, "lat_max": -1.4524731103494846, "lon_min": 110.32095785427256, "lon_max": 110.32803501064669, "avg_confidence": 1.0, "max_frp": 4.4600000381469727, "avg_frp": 4.4600000381469727, "first_date": "2026-08-17", "last_date": "2026-08-17", "province": "West Kalimantan", "regency": "Ketapang", "extent_lat_km": 0.74956123063371538, "extent_lon_km": 0.78623051159542123 }, "geometry": { "type": "Point", "coordinates": [ 110.324496363626722, -1.455845562570459 ] } },
{ "type": "Feature", "properties": { "cluster_id": 224, "n_detections": 9, "centroid_lat": -1.5469017725367615, "centroid_lon": 113.31142651581308, "lat_min": -1.5502742247577357, "lat_max": -1.5435293203157872, "lon_min": 113.30787279302575, "lon_max": 113.31498038037395, "avg_confidence": 1.0, "max_frp": 7.070000171661377, "avg_frp": 7.070000171661377, "first_date": "2026-08-17", "last_date": "2026-08-17", "province": "Central Kalimantan", "regency": "Katingan", "extent_lat_km": 0.74956123063374003, "extent_lon_km": 0.78957832463573718 }, "geometry": { "type": "Point", "coordinates": [ 113.311426515813082, -1.546901772536762 ] } },
{ "type": "Feature", "properties": { "cluster_id": 222, "n_detections": 9, "centroid_lat": -1.4963149892221488, "centroid_lon": 114.01047840477226, "lat_min": -1.4996874414431229, "lat_max": -1.4929425370011746, "lon_min": 114.00692957926448, "lon_max": 114.01402737249857, "avg_confidence": 1.0, "max_frp": 9.2700004577636719, "avg_frp": 6.4366669654846191, "first_date": "2026-08-17", "last_date": "2026-08-17", "province": "Central Kalimantan", "regency": "Kapuas", "extent_lat_km": 0.74956123063371538, "extent_lon_km": 0.78850879400996976 }, "geometry": { "type": "Point", "coordinates": [ 114.010478404772257, -1.496314989222149 ] } },
{ "type": "Feature", "properties": { "cluster_id": 220, "n_detections": 9, "centroid_lat": -1.4086312314768203, "centroid_lon": 113.91834417791574, "lat_min": -1.4120036836977943, "lat_max": -1.405258779255846, "lon_min": 113.91480589276388, "lon_max": 113.9218826045506, "avg_confidence": 1.0, "max_frp": 7.820000171661377, "avg_frp": 7.820000171661377, "first_date": "2026-08-17", "last_date": "2026-08-17", "province": "Central Kalimantan", "regency": "Gunung Mas", "extent_lat_km": 0.74956123063371538, "extent_lon_km": 0.78619731854899499 }, "geometry": { "type": "Point", "coordinates": [ 113.918344177915742, -1.40863123147682 ] } },
{ "type": "Feature", "properties": { "cluster_id": 252, "n_detections": 9, "centroid_lat": -0.17768617082124616, "centroid_lon": 115.96527848399711, "lat_min": -0.18105862304222034, "lat_max": -0.17431371860027198, "lon_min": 115.96188491495018, "lon_max": 115.96867218820019, "avg_confidence": 1.0, "max_frp": 2.7699999809265137, "avg_frp": 2.4399999777475991, "first_date": "2026-08-17", "last_date": "2026-08-17", "province": "East Kalimantan", "regency": "Kutai Barat", "extent_lat_km": 0.74956123063372149, "extent_lon_km": 0.75426604918413698 }, "geometry": { "type": "Point", "coordinates": [ 115.96527848399711, -0.177686170821246 ] } },
{ "type": "Feature", "properties": { "cluster_id": 262, "n_detections": 9, "centroid_lat": -1.0848758182632994, "centroid_lon": 111.49260010428682, "lat_min": -1.0882482704842735, "lat_max": -1.0815033660423252, "lon_min": 111.48910284210926, "lon_max": 111.49609750283325, "avg_confidence": 1.0, "max_frp": 4.3600001335144043, "avg_frp": 4.3600001335144043, "first_date": "2026-08-17", "last_date": "2026-08-17", "province": "West Kalimantan", "regency": "Melawi", "extent_lat_km": 0.74956123063371538, "extent_lon_km": 0.77717730818714581 }, "geometry": { "type": "Point", "coordinates": [ 111.492600104286822, -1.084875818263299 ] } },
{ "type": "Feature", "properties": { "cluster_id": 35, "n_detections": 9, "centroid_lat": 1.997545511707097, "centroid_lon": 117.29054804904331, "lat_min": 1.9941730594861229, "lat_max": 2.0009179639280714, "lon_min": 117.28693283223988, "lon_max": 117.29416341548431, "avg_confidence": 1.0, "max_frp": 10.569999694824219, "avg_frp": 10.569999694824219, "first_date": "2026-08-17", "last_date": "2026-08-17", "province": "East Kalimantan", "regency": "Berau", "extent_lat_km": 0.74956123063374003, "extent_lon_km": 0.80304642490701916 }, "geometry": { "type": "Point", "coordinates": [ 117.290548049043309, 1.997545511707097 ] } },
{ "type": "Feature", "properties": { "cluster_id": 277, "n_detections": 8, "centroid_lat": -0.69324980410267323, "centroid_lon": 117.25778659615007, "lat_min": -0.69704381285126915, "lat_max": -0.69029890840932084, "lon_min": 117.2547624446388, "lon_max": 117.26159120177283, "avg_confidence": 1.0, "max_frp": 5.1399998664855957, "avg_frp": 5.1099998950958252, "first_date": "2026-08-17", "last_date": "2026-08-17", "province": "East Kalimantan", "regency": "Kutai Kartanegara", "extent_lat_km": 0.74956123063371538, "extent_lon_km": 0.75882423185626291 }, "geometry": { "type": "Point", "coordinates": [ 117.257786596150069, -0.693249804102673 ] } },
{ "type": "Feature", "properties": { "cluster_id": 270, "n_detections": 8, "centroid_lat": -1.4554240060428369, "centroid_lon": 112.9284273520568, "lat_min": -1.4592180147914329, "lat_max": -1.4524731103494846, "lon_min": 112.9253277663236, "lon_max": 112.93224358072743, "avg_confidence": 1.0, "max_frp": 4.7699999809265137, "avg_frp": 4.7699999809265137, "first_date": "2026-08-17", "last_date": "2026-08-17", "province": "Central Kalimantan", "regency": "Katingan", "extent_lat_km": 0.74956123063371538, "extent_lon_km": 0.7683065098432823 }, "geometry": { "type": "Point", "coordinates": [ 112.928427352056801, -1.455424006042837 ] } },
{ "type": "Feature", "properties": { "cluster_id": 266, "n_detections": 8, "centroid_lat": -1.3125163431790563, "centroid_lon": 112.79217091420034, "lat_min": -1.3175750215105175, "lat_max": -1.3074576648475951, "lon_min": 112.79025627827907, "lon_max": 112.79408594812945, "avg_confidence": 1.0, "max_frp": 5.820000171661377, "avg_frp": 5.130000114440918, "first_date": "2026-08-17", "last_date": "2026-08-17", "province": "Central Kalimantan", "regency": "Katingan", "extent_lat_km": 1.124341845950573, "extent_lon_km": 0.42547954784616082 }, "geometry": { "type": "Point", "coordinates": [ 112.792170914200341, -1.312516343179056 ] } },
{ "type": "Feature", "properties": { "cluster_id": 312, "n_detections": 8, "centroid_lat": -1.2180876809917793, "centroid_lon": 115.02787957257928, "lat_min": -1.2231463593232406, "lat_max": -1.2130290026603181, "lon_min": 115.02597722504579, "lon_max": 115.02978232532507, "avg_confidence": 1.0, "max_frp": 4.8499999046325684, "avg_frp": 4.3624999523162842, "first_date": "2026-08-17", "last_date": "2026-08-17", "province": "Central Kalimantan", "regency": "Barito Utara", "extent_lat_km": 1.124341845950573, "extent_lon_km": 0.42276523694871432 }, "geometry": { "type": "Point", "coordinates": [ 115.02787957257928, -1.218087680991779 ] } },
{ "type": "Feature", "properties": { "cluster_id": 155, "n_detections": 8, "centroid_lat": -0.47151107057362118, "centroid_lon": 112.68081700301897, "lat_min": -0.47446196626697362, "lat_max": -0.4677170618250252, "lon_min": 112.67701592754835, "lon_max": 112.68381579018046, "avg_confidence": 1.75, "max_frp": 16.190000534057617, "avg_frp": 13.450000405311584, "first_date": "2026-08-17", "last_date": "2026-08-17", "province": "West Kalimantan", "regency": "Sintang", "extent_lat_km": 0.7495612306337277, "extent_lon_km": 0.75564314623605744 }, "geometry": { "type": "Point", "coordinates": [ 112.680817003018973, -0.471511070573621 ] } },
{ "type": "Feature", "properties": { "cluster_id": 264, "n_detections": 8, "centroid_lat": -0.89095981555728432, "centroid_lon": 112.4119435118207, "lat_min": -0.89601849388874566, "lat_max": -0.88590113722582309, "lon_min": 112.41010293223741, "lon_max": 112.41378448567981, "avg_confidence": 1.0, "max_frp": 10.800000190734863, "avg_frp": 8.8050003051757812, "first_date": "2026-08-17", "last_date": "2026-08-17", "province": "Central Kalimantan", "regency": "Katingan", "extent_lat_km": 1.1243418459505854, "extent_lon_km": 0.40908156943810309 }, "geometry": { "type": "Point", "coordinates": [ 112.411943511820695, -0.890959815557284 ] } },
{ "type": "Feature", "properties": { "cluster_id": 333, "n_detections": 7, "centroid_lat": -1.9573773857181895, "centroid_lon": 110.18744477762682, "lat_min": -1.9617133957165849, "lat_max": -1.9549684912746368, "lon_min": 110.18439410142214, "lon_max": 110.19136451412857, "avg_confidence": 1.0, "max_frp": 5.9200000762939453, "avg_frp": 5.9200000762939453, "first_date": "2026-08-17", "last_date": "2026-08-17", "province": "West Kalimantan", "regency": "Ketapang", "extent_lat_km": 0.74956123063369073, "extent_lon_km": 0.77416998175133123 }, "geometry": { "type": "Point", "coordinates": [ 110.187444777626823, -1.95737738571819 ] } },
{ "type": "Feature", "properties": { "cluster_id": 328, "n_detections": 6, "centroid_lat": -1.8554811507558986, "centroid_lon": 110.26575981232263, "lat_min": -1.8571673768663859, "lat_max": -1.8537949246454113, "lon_min": 110.26228046583556, "lon_max": 110.26923916524372, "avg_confidence": 1.0, "max_frp": 1.1799999475479126, "avg_frp": 1.1799999475479126, "first_date": "2026-08-17", "last_date": "2026-08-17", "province": "West Kalimantan", "regency": "Ketapang", "extent_lat_km": 0.37478061531690704, "extent_lon_km": 0.77291479472279645 }, "geometry": { "type": "Point", "coordinates": [ 110.265759812322628, -1.855481150755899 ] } },
{ "type": "Feature", "properties": { "cluster_id": 300, "n_detections": 6, "centroid_lat": -1.4069450053663333, "centroid_lon": 114.5828351456888, "lat_min": -1.4086312314768203, "lat_max": -1.405258779255846, "lon_min": 114.57937885519216, "lon_max": 114.5862914410623, "avg_confidence": 1.0, "max_frp": 3.880000114440918, "avg_frp": 3.880000114440918, "first_date": "2026-08-17", "last_date": "2026-08-17", "province": "Central Kalimantan", "regency": "Kapuas", "extent_lat_km": 0.37478061531688234, "extent_lon_km": 0.76796407283645662 }, "geometry": { "type": "Point", "coordinates": [ 114.582835145688804, -1.406945005366333 ] } },
{ "type": "Feature", "properties": { "cluster_id": 168, "n_detections": 6, "centroid_lat": -0.1439616486115044, "centroid_lon": 111.69049020269979, "lat_min": -0.14733410083247858, "lat_max": -0.14058919639053025, "lon_min": 111.68878751774035, "lon_max": 111.69219301714529, "avg_confidence": 1.0, "max_frp": 4.4499998092651367, "avg_frp": 4.4499998092651367, "first_date": "2026-08-17", "last_date": "2026-08-17", "province": "West Kalimantan", "regency": "Melawi", "extent_lat_km": 0.74956123063371849, "extent_lon_km": 0.3784519542490265 }, "geometry": { "type": "Point", "coordinates": [ 111.690490202699792, -0.143961648611504 ] } },
{ "type": "Feature", "properties": { "cluster_id": 163, "n_detections": 6, "centroid_lat": -0.059650343087150011, "centroid_lon": 111.98022921946666, "lat_min": -0.063022795308124185, "lat_max": -0.056277890866175843, "lon_min": 111.97853619513535, "lon_max": 111.98192237332516, "avg_confidence": 1.0, "max_frp": 6.1700000762939453, "avg_frp": 6.1700000762939453, "first_date": "2026-08-17", "last_date": "2026-08-17", "province": "West Kalimantan", "regency": "Sintang", "extent_lat_km": 0.74956123063371927, "extent_lon_km": 0.37630577829904388 }, "geometry": { "type": "Point", "coordinates": [ 111.980229219466665, -0.05965034308715 ] } },
{ "type": "Feature", "properties": { "cluster_id": 174, "n_detections": 6, "centroid_lat": -0.2856046418924198, "centroid_lon": 111.63082038031274, "lat_min": -0.28897709411339395, "lat_max": -0.28223218967144559, "lon_min": 111.62910144502268, "lon_max": 111.63253944551542, "avg_confidence": 1.0, "max_frp": 15.430000305175781, "avg_frp": 15.430000305175781, "first_date": "2026-08-17", "last_date": "2026-08-17", "province": "West Kalimantan", "regency": "Melawi", "extent_lat_km": 0.74956123063372149, "extent_lon_km": 0.38206024805959427 }, "geometry": { "type": "Point", "coordinates": [ 111.630820380312741, -0.28560464189242 ] } },
{ "type": "Feature", "properties": { "cluster_id": 185, "n_detections": 6, "centroid_lat": -0.1726274924897849, "centroid_lon": 110.58953385798621, "lat_min": -0.17431371860027198, "lat_max": -0.17094126637929782, "lon_min": 110.58615158466633, "lon_max": 110.59291613190418, "avg_confidence": 1.0, "max_frp": 6.3299999237060547, "avg_frp": 6.3299999237060547, "first_date": "2026-08-17", "last_date": "2026-08-17", "province": "West Kalimantan", "regency": "Sanggau", "extent_lat_km": 0.37478061531685769, "extent_lon_km": 0.75174072250016621 }, "geometry": { "type": "Point", "coordinates": [ 110.589533857986211, -0.172627492489785 ] } },
{ "type": "Feature", "properties": { "cluster_id": 126, "n_detections": 6, "centroid_lat": 0.90149853989049011, "centroid_lon": 118.8645666138687, "lat_min": 0.89812608766951585, "lat_max": 0.90487099211146427, "lon_min": 118.86277015773381, "lon_max": 118.86636321046609, "avg_confidence": 1.0, "max_frp": 37.479999542236328, "avg_frp": 37.479999542236328, "first_date": "2026-08-17", "last_date": "2026-08-17", "province": "East Kalimantan", "regency": "Kutai Timur", "extent_lat_km": 0.7495612306337277, "extent_lon_km": 0.39924652581450099 }, "geometry": { "type": "Point", "coordinates": [ 118.864566613868703, 0.90149853989049 ] } },
{ "type": "Feature", "properties": { "cluster_id": 119, "n_detections": 6, "centroid_lat": 0.53390124780430481, "centroid_lon": 117.3103636684779, "lat_min": 0.53052879558333066, "lat_max": 0.53727370002527908, "lon_min": 117.30861309347614, "lon_max": 117.31211438082877, "avg_confidence": 1.0, "max_frp": 2.2999999523162842, "avg_frp": 2.2999999523162842, "first_date": "2026-08-17", "last_date": "2026-08-17", "province": "East Kalimantan", "regency": "Kutai Timur", "extent_lat_km": 0.7495612306337277, "extent_lon_km": 0.38908117066330783 }, "geometry": { "type": "Point", "coordinates": [ 117.310363668477905, 0.533901247804305 ] } },
{ "type": "Feature", "properties": { "cluster_id": 121, "n_detections": 6, "centroid_lat": 0.1443830162817876, "centroid_lon": 116.81832207452071, "lat_min": 0.14269679017130052, "lat_max": 0.14606924239227467, "lon_min": 116.81494094823755, "lon_max": 116.82170320130408, "avg_confidence": 1.0, "max_frp": 9.6700000762939453, "avg_frp": 9.6700000762939453, "first_date": "2026-08-17", "last_date": "2026-08-17", "province": "East Kalimantan", "regency": "Kutai Kartanegara", "extent_lat_km": 0.37478061531685769, "extent_lon_km": 0.7514867972334639 }, "geometry": { "type": "Point", "coordinates": [ 116.818322074520708, 0.144383016281788 ] } },
{ "type": "Feature", "properties": { "cluster_id": 123, "n_detections": 6, "centroid_lat": 0.53390124780430481, "centroid_lon": 112.58872556201304, "lat_min": 0.53052879558333066, "lat_max": 0.53727370002527908, "lon_min": 112.5869775740875, "lon_max": 112.59047368183394, "avg_confidence": 1.0, "max_frp": 2.0299999713897705, "avg_frp": 2.0299999713897705, "first_date": "2026-08-17", "last_date": "2026-08-17", "province": "West Kalimantan", "regency": "Kapuas Hulu", "extent_lat_km": 0.7495612306337277, "extent_lon_km": 0.38850558601759805 }, "geometry": { "type": "Point", "coordinates": [ 112.588725562013039, 0.533901247804305 ] } },
{ "type": "Feature", "properties": { "cluster_id": 160, "n_detections": 6, "centroid_lat": 0.014543605774281843, "centroid_lon": 112.09483551985728, "lat_min": 0.011171153553307667, "lat_max": 0.017916057995256019, "lon_min": 112.09314768365917, "lon_max": 112.09652348555836, "avg_confidence": 1.0, "max_frp": 2.3299999237060547, "avg_frp": 2.3299999237060547, "first_date": "2026-08-17", "last_date": "2026-08-17", "province": "West Kalimantan", "regency": "Sintang", "extent_lat_km": 0.74956123063372038, "extent_lon_km": 0.37515285297180861 }, "geometry": { "type": "Point", "coordinates": [ 112.094835519857284, 0.014543605774282 ] } },
{ "type": "Feature", "properties": { "cluster_id": 157, "n_detections": 6, "centroid_lat": 0.053326806315484865, "centroid_lon": 112.0662145228044, "lat_min": 0.051640580204997774, "lat_max": 0.055013032425971949, "lon_min": 112.0628389995489, "lon_max": 112.06959004624467, "avg_confidence": 1.0, "max_frp": 3.3499999046325684, "avg_frp": 3.3499999046325684, "first_date": "2026-08-17", "last_date": "2026-08-17", "province": "West Kalimantan", "regency": "Sintang", "extent_lat_km": 0.37478061531685997, "extent_lon_km": 0.75024349434945314 }, "geometry": { "type": "Point", "coordinates": [ 112.066214522804401, 0.053326806315485 ] } },
{ "type": "Feature", "properties": { "cluster_id": 156, "n_detections": 6, "centroid_lat": -0.48457932292989608, "centroid_lon": 112.45970635956961, "lat_min": -0.48795177515087029, "lat_max": -0.48120687070892199, "lon_min": 112.45796415379895, "lon_max": 112.46144869691172, "avg_confidence": 1.0, "max_frp": 2.7300000190734863, "avg_frp": 2.7300000190734863, "first_date": "2026-08-17", "last_date": "2026-08-17", "province": "West Kalimantan", "regency": "Sintang", "extent_lat_km": 0.74956123063371538, "extent_lon_km": 0.38722342678165045 }, "geometry": { "type": "Point", "coordinates": [ 112.459706359569608, -0.484579322929896 ] } },
{ "type": "Feature", "properties": { "cluster_id": 175, "n_detections": 6, "centroid_lat": -0.32101539021264863, "centroid_lon": 111.82173207022585, "lat_min": -0.32270161632313571, "lat_max": -0.31932916410216156, "lon_min": 111.81834112705965, "lon_max": 111.82512301450426, "avg_confidence": 1.0, "max_frp": 2.4300000667572021, "avg_frp": 2.4300000667572021, "first_date": "2026-08-17", "last_date": "2026-08-17", "province": "West Kalimantan", "regency": "Melawi", "extent_lat_km": 0.37478061531685769, "extent_lon_km": 0.75365932246894862 }, "geometry": { "type": "Point", "coordinates": [ 111.821732070225849, -0.321015390212649 ] } },
{ "type": "Feature", "properties": { "cluster_id": 320, "n_detections": 6, "centroid_lat": -1.7458764535742377, "centroid_lon": 110.17646525743963, "lat_min": -1.7492489057952121, "lat_max": -1.7425040013532636, "lon_min": 110.17458064651987, "lon_max": 110.17835000188629, "avg_confidence": 1.0, "max_frp": 1.1599999666213989, "avg_frp": 1.1599999666213989, "first_date": "2026-08-17", "last_date": "2026-08-17", "province": "West Kalimantan", "regency": "Ketapang", "extent_lat_km": 0.74956123063374003, "extent_lon_km": 0.41869400801838486 }, "geometry": { "type": "Point", "coordinates": [ 110.176465257439631, -1.745876453574238 ] } },
{ "type": "Feature", "properties": { "cluster_id": 313, "n_detections": 6, "centroid_lat": -1.5688227119730935, "centroid_lon": 115.47515795157119, "lat_min": -1.5705089380835806, "lat_max": -1.5671364858626065, "lon_min": 115.47169116064703, "lon_max": 115.47862474793399, "avg_confidence": 1.0, "max_frp": 2.8299999237060547, "avg_frp": 2.8299999237060547, "first_date": "2026-08-17", "last_date": "2026-08-17", "province": "South Kalimantan", "regency": "Tabalong", "extent_lat_km": 0.37478061531685769, "extent_lon_km": 0.77024073029261775 }, "geometry": { "type": "Point", "coordinates": [ 115.475157951571191, -1.568822711973094 ] } },
{ "type": "Feature", "properties": { "cluster_id": 154, "n_detections": 6, "centroid_lat": -0.45085480072015444, "centroid_lon": 112.30740094323978, "lat_min": -0.45422725294112859, "lat_max": -0.44748234849918023, "lon_min": 112.30566271244649, "lon_max": 112.3091393053093, "avg_confidence": 1.0, "max_frp": 43.810001373291016, "avg_frp": 43.810001373291016, "first_date": "2026-08-17", "last_date": "2026-08-17", "province": "West Kalimantan", "regency": "Melawi", "extent_lat_km": 0.74956123063372149, "extent_lon_km": 0.38634180347083408 }, "geometry": { "type": "Point", "coordinates": [ 112.307400943239784, -0.450854800720154 ] } },
{ "type": "Feature", "properties": { "cluster_id": 143, "n_detections": 6, "centroid_lat": -0.63971212509470821, "centroid_lon": 110.54364904371705, "lat_min": -0.64308457731568236, "lat_max": -0.63633967287373405, "lon_min": 110.54189012722568, "lon_max": 110.54540809011799, "avg_confidence": 1.0, "max_frp": 1.1100000143051147, "avg_frp": 1.1100000143051147, "first_date": "2026-08-17", "last_date": "2026-08-17", "province": "West Kalimantan", "regency": "Ketapang", "extent_lat_km": 0.74956123063371538, "extent_lon_km": 0.39092684866630245 }, "geometry": { "type": "Point", "coordinates": [ 110.543649043717053, -0.639712125094708 ] } },
{ "type": "Feature", "properties": { "cluster_id": 3, "n_detections": 6, "centroid_lat": 3.9822336437503996, "centroid_lon": 117.23928041670962, "lat_min": 3.980547417639912, "lat_max": 3.9839198698608866, "lon_min": 117.23565961073682, "lon_max": 117.24290123653478, "avg_confidence": 1.0, "max_frp": 45.180000305175781, "avg_frp": 45.180000305175781, "first_date": "2026-08-17", "last_date": "2026-08-17", "province": "North Kalimantan", "regency": "Nunukan", "extent_lat_km": 0.37478061531690704, "extent_lon_km": 0.80281888400095225 }, "geometry": { "type": "Point", "coordinates": [ 117.239280416709619, 3.9822336437504 ] } },
{ "type": "Feature", "properties": { "cluster_id": 115, "n_detections": 6, "centroid_lat": 0.32986788843536724, "centroid_lon": 109.06986358330751, "lat_min": 0.32818166232488016, "lat_max": 0.33155411454585432, "lon_min": 109.0664725949897, "lon_max": 109.07325457276819, "avg_confidence": 1.0, "max_frp": 1.7599999904632568, "avg_frp": 1.7599999904632568, "first_date": "2026-08-17", "last_date": "2026-08-17", "province": "West Kalimantan", "regency": "Mempawah", "extent_lat_km": 0.37478061531685769, "extent_lon_km": 0.75366869969333461 }, "geometry": { "type": "Point", "coordinates": [ 109.069863583307509, 0.329867888435367 ] } },
{ "type": "Feature", "properties": { "cluster_id": 165, "n_detections": 6, "centroid_lat": -0.10011976973884013, "centroid_lon": 111.96347721067912, "lat_min": -0.10349222195981431, "lat_max": -0.096747317517865958, "lon_min": 111.96177953093363, "lon_max": 111.96517502007316, "avg_confidence": 1.0, "max_frp": 5.7699999809265137, "avg_frp": 5.7699999809265137, "first_date": "2026-08-17", "last_date": "2026-08-17", "province": "West Kalimantan", "regency": "Sintang", "extent_lat_km": 0.74956123063371993, "extent_lon_km": 0.37734013197643412 }, "geometry": { "type": "Point", "coordinates": [ 111.963477210679116, -0.10011976973884 ] } },
{ "type": "Feature", "properties": { "cluster_id": 176, "n_detections": 6, "centroid_lat": -0.34293632964898074, "centroid_lon": 111.5673553330404, "lat_min": -0.34630878186995495, "lat_max": -0.33956387742800659, "lon_min": 111.56562983596794, "lon_max": 111.56908096015368, "avg_confidence": 1.0, "max_frp": 7.4000000953674316, "avg_frp": 7.4000000953674316, "first_date": "2026-08-17", "last_date": "2026-08-17", "province": "West Kalimantan", "regency": "Melawi", "extent_lat_km": 0.74956123063372149, "extent_lon_km": 0.38351656098959247 }, "geometry": { "type": "Point", "coordinates": [ 111.567355333040396, -0.342936329648981 ] } },
{ "type": "Feature", "properties": { "cluster_id": 111, "n_detections": 6, "centroid_lat": 0.67217178886424611, "centroid_lon": 108.9558317301976, "lat_min": 0.66879933664327196, "lat_max": 0.67554424108522027, "lon_min": 108.95407021171205, "lon_max": 108.95759337687434, "avg_confidence": 1.0, "max_frp": 0.68000000715255737, "avg_frp": 0.68000000715255737, "first_date": "2026-08-17", "last_date": "2026-08-17", "province": "West Kalimantan", "regency": "Bengkayang", "extent_lat_km": 0.74956123063371538, "extent_lon_km": 0.39150240156699812 }, "geometry": { "type": "Point", "coordinates": [ 108.955831730197602, 0.672171788864246 ] } },
{ "type": "Feature", "properties": { "cluster_id": 83, "n_detections": 6, "centroid_lat": 0.73624838106275536, "centroid_lon": 110.84943136339969, "lat_min": 0.73287592884178121, "lat_max": 0.73962083328372952, "lon_min": 110.84766121738001, "lon_max": 110.8512016400271, "avg_confidence": 1.0, "max_frp": 2.6700000762939453, "avg_frp": 2.6700000762939453, "first_date": "2026-08-17", "last_date": "2026-08-17", "province": "West Kalimantan", "regency": "Sanggau", "extent_lat_km": 0.74956123063371538, "extent_lon_km": 0.39341468593871598 }, "geometry": { "type": "Point", "coordinates": [ 110.849431363399688, 0.736248381062755 ] } },
{ "type": "Feature", "properties": { "cluster_id": 207, "n_detections": 6, "centroid_lat": -1.1658146715666795, "centroid_lon": 109.65564042079642, "lat_min": -1.1691871237876539, "lat_max": -1.1624422193457054, "lon_min": 109.65382256370684, "lon_max": 109.65745840866697, "avg_confidence": 1.0, "max_frp": 15.899999618530273, "avg_frp": 15.899999618530273, "first_date": "2026-08-17", "last_date": "2026-08-17", "province": "West Kalimantan", "regency": "Kayong Utara", "extent_lat_km": 0.74956123063374003, "extent_lon_km": 0.40396781206871829 }, "geometry": { "type": "Point", "coordinates": [ 109.655640420796416, -1.16581467156668 ] } },
{ "type": "Feature", "properties": { "cluster_id": 201, "n_detections": 6, "centroid_lat": -0.47952064459843485, "centroid_lon": 114.11724105895762, "lat_min": -0.48120687070892199, "lat_max": -0.47783441848794783, "lon_min": 114.11384038085008, "lon_max": 114.12064173872658, "avg_confidence": 1.0, "max_frp": 34.759998321533203, "avg_frp": 34.759998321533203, "first_date": "2026-08-17", "last_date": "2026-08-17", "province": "Central Kalimantan", "regency": "Murung Raya", "extent_lat_km": 0.37478061531685769, "extent_lon_km": 0.75580843021642141 }, "geometry": { "type": "Point", "coordinates": [ 114.117241058957617, -0.479520644598435 ] } },
{ "type": "Feature", "properties": { "cluster_id": 215, "n_detections": 6, "centroid_lat": -1.2787918209693145, "centroid_lon": 113.36581551954623, "lat_min": -1.2804780470798016, "lat_max": -1.2771055948588275, "lon_min": 113.36236775196133, "lon_max": 113.36926329156341, "avg_confidence": 1.0, "max_frp": 4.9899997711181641, "avg_frp": 4.9899997711181641, "first_date": "2026-08-17", "last_date": "2026-08-17", "province": "Central Kalimantan", "regency": "Gunung Mas", "extent_lat_km": 0.37478061531685769, "extent_lon_km": 0.76611045990723303 }, "geometry": { "type": "Point", "coordinates": [ 113.365815519546231, -1.278791820969315 ] } },
{ "type": "Feature", "properties": { "cluster_id": 76, "n_detections": 6, "centroid_lat": 0.1747350862705552, "centroid_lon": 112.07005959985874, "lat_min": 0.1730488601600681, "lat_max": 0.17642131238104228, "lon_min": 112.06667707356149, "lon_max": 112.07344212676138, "avg_confidence": 1.0, "max_frp": 13.270000457763672, "avg_frp": 13.270000457763672, "first_date": "2026-08-17", "last_date": "2026-08-17", "province": "West Kalimantan", "regency": "Sintang", "extent_lat_km": 0.37478061531686074, "extent_lon_km": 0.75179686597646522 }, "geometry": { "type": "Point", "coordinates": [ 112.070059599858737, 0.174735086270555 ] } },
{ "type": "Feature", "properties": { "cluster_id": 54, "n_detections": 6, "centroid_lat": 2.3499667687988985, "centroid_lon": 117.90523598453778, "lat_min": 2.3482805426884115, "lat_max": 2.3516529949093856, "lon_min": 117.90171829816094, "lon_max": 117.90875367906759, "avg_confidence": 1.0, "max_frp": 13.529999732971191, "avg_frp": 13.529999732971191, "first_date": "2026-08-17", "last_date": "2026-08-17", "province": "East Kalimantan", "regency": "Berau", "extent_lat_km": 0.37478061531685769, "extent_lon_km": 0.78118436430020755 }, "geometry": { "type": "Point", "coordinates": [ 117.905235984537782, 2.349966768798899 ] } },
{ "type": "Feature", "properties": { "cluster_id": 68, "n_detections": 6, "centroid_lat": 0.36865108897657034, "centroid_lon": 111.92852613220316, "lat_min": 0.36527863675559613, "lat_max": 0.37202354119754449, "lon_min": 111.92679754651589, "lon_max": 111.93025484843892, "avg_confidence": 1.0, "max_frp": 35.580001831054688, "avg_frp": 35.580001831054688, "first_date": "2026-08-17", "last_date": "2026-08-17", "province": "West Kalimantan", "regency": "Kapuas Hulu", "extent_lat_km": 0.74956123063372149, "extent_lon_km": 0.38420200985479214 }, "geometry": { "type": "Point", "coordinates": [ 111.92852613220316, 0.36865108897657 ] } },
{ "type": "Feature", "properties": { "cluster_id": 0, "n_detections": 6, "centroid_lat": 3.5910291861173946, "centroid_lon": 116.57469675503837, "lat_min": 3.589342960006908, "lat_max": 3.5927154122278822, "lon_min": 116.57110236499491, "lon_max": 116.57829115756395, "avg_confidence": 1.0, "max_frp": 1.8300000429153442, "avg_frp": 1.8300000429153442, "first_date": "2026-08-17", "last_date": "2026-08-17", "province": "North Kalimantan", "regency": "Malinau", "extent_lat_km": 0.37478061531685769, "extent_lon_km": 0.79732193446987487 }, "geometry": { "type": "Point", "coordinates": [ 116.574696755038374, 3.591029186117395 ] } },
{ "type": "Feature", "properties": { "cluster_id": 1, "n_detections": 6, "centroid_lat": 3.5657357944600889, "centroid_lon": 116.52248323962017, "lat_min": 3.5623633422391148, "lat_max": 3.5691082466810626, "lon_min": 116.52036643048719, "lon_max": 116.52460019675766, "avg_confidence": 1.0, "max_frp": 7.1700000762939453, "avg_frp": 7.1700000762939453, "first_date": "2026-08-17", "last_date": "2026-08-17", "province": "North Kalimantan", "regency": "Malinau", "extent_lat_km": 0.74956123063366598, "extent_lon_km": 0.4695876077676992 }, "geometry": { "type": "Point", "coordinates": [ 116.522483239620172, 3.565735794460089 ] } },
{ "type": "Feature", "properties": { "cluster_id": 30, "n_detections": 6, "centroid_lat": 2.0649945561265803, "centroid_lon": 117.46249016461609, "lat_min": 2.0616221039056066, "lat_max": 2.0683670083475545, "lon_min": 117.46055362324131, "lon_max": 117.46442684915699, "avg_confidence": 1.0, "max_frp": 0.36000001430511475, "avg_frp": 0.36000001430511475, "first_date": "2026-08-17", "last_date": "2026-08-17", "province": "East Kalimantan", "regency": "Berau", "extent_lat_km": 0.74956123063366598, "extent_lon_km": 0.43015207162913743 }, "geometry": { "type": "Point", "coordinates": [ 117.462490164616085, 2.06499455612658 ] } },
{ "type": "Feature", "properties": { "cluster_id": 43, "n_detections": 6, "centroid_lat": 2.7614059397577484, "centroid_lon": 117.51423392616363, "lat_min": 2.7597197136472609, "lat_max": 2.763092165868235, "lon_min": 117.51069074597785, "lon_max": 117.51777711593496, "avg_confidence": 1.0, "max_frp": 3.5999999046325684, "avg_frp": 3.5999999046325684, "first_date": "2026-08-17", "last_date": "2026-08-17", "province": "North Kalimantan", "regency": "Bulungan", "extent_lat_km": 0.37478061531685769, "extent_lon_km": 0.78659385101144563 }, "geometry": { "type": "Point", "coordinates": [ 117.514233926163627, 2.761405939757748 ] } },
{ "type": "Feature", "properties": { "cluster_id": 267, "n_detections": 6, "centroid_lat": -1.3546719959412334, "centroid_lon": 112.665913735215, "lat_min": -1.3580444481622076, "lat_max": -1.3512995437202593, "lon_min": 112.66407028272779, "lon_max": 112.66775732265533, "avg_confidence": 1.0, "max_frp": 45.560001373291016, "avg_frp": 45.560001373291016, "first_date": "2026-08-17", "last_date": "2026-08-17", "province": "Central Kalimantan", "regency": "Kotawaringin Timur", "extent_lat_km": 0.74956123063371538, "extent_lon_km": 0.4096262269816035 }, "geometry": { "type": "Point", "coordinates": [ 112.665913735215, -1.354671995941233 ] } },
{ "type": "Feature", "properties": { "cluster_id": 80, "n_detections": 6, "centroid_lat": 0.31637807955147057, "centroid_lon": 115.41677060575824, "lat_min": 0.31469185344098349, "lat_max": 0.31806430566195765, "lon_min": 115.41337934623542, "lon_max": 115.42016186637719, "avg_confidence": 1.0, "max_frp": 1.9600000381469727, "avg_frp": 1.9600000381469727, "first_date": "2026-08-17", "last_date": "2026-08-17", "province": "East Kalimantan", "regency": "Mahakam Hulu", "extent_lat_km": 0.37478061531685769, "extent_lon_km": 0.75372997232863026 }, "geometry": { "type": "Point", "coordinates": [ 115.416770605758245, 0.316378079551471 ] } },
{ "type": "Feature", "properties": { "cluster_id": 62, "n_detections": 6, "centroid_lat": 0.75142441605713939, "centroid_lon": 111.73853006871798, "lat_min": 0.7497381899466522, "lat_max": 0.75311064216762635, "lon_min": 111.73511419732634, "lon_max": 111.74194594271334, "avg_confidence": 1.0, "max_frp": 7.0900001525878906, "avg_frp": 7.0900001525878906, "first_date": "2026-08-17", "last_date": "2026-08-17", "province": "West Kalimantan", "regency": "Sintang", "extent_lat_km": 0.37478061531685769, "extent_lon_km": 0.75914657404024666 }, "geometry": { "type": "Point", "coordinates": [ 111.738530068717978, 0.751424416057139 ] } },
{ "type": "Feature", "properties": { "cluster_id": 63, "n_detections": 6, "centroid_lat": 0.73287592884178121, "centroid_lon": 111.48342059809403, "lat_min": 0.72950347662080706, "lat_max": 0.73624838106275536, "lon_min": 111.48165036046363, "lon_max": 111.48519096705246, "avg_confidence": 1.0, "max_frp": 45.419998168945312, "avg_frp": 45.419998168945312, "first_date": "2026-08-17", "last_date": "2026-08-17", "province": "West Kalimantan", "regency": "Sintang", "extent_lat_km": 0.74956123063371538, "extent_lon_km": 0.39343542260718378 }, "geometry": { "type": "Point", "coordinates": [ 111.483420598094028, 0.732875928841781 ] } },
{ "type": "Feature", "properties": { "cluster_id": 229, "n_detections": 6, "centroid_lat": -0.89939094610971981, "centroid_lon": 110.13888898725179, "lat_min": -0.90276339833069397, "lat_max": -0.89601849388874566, "lon_min": 110.13710084723297, "lon_max": 110.14067725764367, "avg_confidence": 1.0, "max_frp": 1.190000057220459, "avg_frp": 1.190000057220459, "first_date": "2026-08-17", "last_date": "2026-08-17", "province": "West Kalimantan", "regency": "Kayong Utara", "extent_lat_km": 0.74956123063371538, "extent_lon_km": 0.39739752329294054 }, "geometry": { "type": "Point", "coordinates": [ 110.138888987251789, -0.89939094610972 ] } },
{ "type": "Feature", "properties": { "cluster_id": 218, "n_detections": 6, "centroid_lat": -1.3192612476210046, "centroid_lon": 113.96808694619047, "lat_min": -1.3209474737314917, "lat_max": -1.3175750215105175, "lon_min": 113.96463635867019, "lon_max": 113.9715375382834, "avg_confidence": 1.0, "max_frp": 10.369999885559082, "avg_frp": 10.369999885559082, "first_date": "2026-08-17", "last_date": "2026-08-17", "province": "Central Kalimantan", "regency": "Gunung Mas", "extent_lat_km": 0.37478061531685769, "extent_lon_km": 0.76672479770462609 }, "geometry": { "type": "Point", "coordinates": [ 113.968086946190468, -1.319261247621005 ] } },
{ "type": "Feature", "properties": { "cluster_id": 239, "n_detections": 6, "centroid_lat": -1.1017380793681701, "centroid_lon": 109.75103264897173, "lat_min": -1.1051105315891445, "lat_max": -1.0983656271471962, "lon_min": 109.74922194222982, "lon_max": 109.75284348637145, "avg_confidence": 1.0, "max_frp": 1.6299999952316284, "avg_frp": 1.6299999952316284, "first_date": "2026-08-17", "last_date": "2026-08-17", "province": "West Kalimantan", "regency": "Kayong Utara", "extent_lat_km": 0.74956123063371538, "extent_lon_km": 0.40238779699115684 }, "geometry": { "type": "Point", "coordinates": [ 109.75103264897173, -1.10173807936817 ] } },
{ "type": "Feature", "properties": { "cluster_id": 265, "n_detections": 6, "centroid_lat": -1.2265188115442147, "centroid_lon": 112.6096382203342, "lat_min": -1.2298912637651891, "lat_max": -1.2231463593232406, "lon_min": 112.60780976380127, "lon_max": 112.61146681128442, "avg_confidence": 1.0, "max_frp": 7.1399998664855957, "avg_frp": 7.1399998664855957, "first_date": "2026-08-17", "last_date": "2026-08-17", "province": "Central Kalimantan", "regency": "Kotawaringin Timur", "extent_lat_km": 0.74956123063374003, "extent_lon_km": 0.40631457204893007 }, "geometry": { "type": "Point", "coordinates": [ 112.609638220334205, -1.226518811544215 ] } },
{ "type": "Feature", "properties": { "cluster_id": 263, "n_detections": 6, "centroid_lat": -0.84543171057413291, "centroid_lon": 112.336387756739, "lat_min": -0.84880416279510706, "lat_max": -0.84205925835315876, "lon_min": 112.33460384008667, "lon_max": 112.33817180610895, "avg_confidence": 1.0, "max_frp": 12.460000038146973, "avg_frp": 12.460000038146973, "first_date": "2026-08-17", "last_date": "2026-08-17", "province": "Central Kalimantan", "regency": "Katingan", "extent_lat_km": 0.74956123063371538, "extent_lon_km": 0.39646489963123227 }, "geometry": { "type": "Point", "coordinates": [ 112.336387756739001, -0.845431710574133 ] } },
{ "type": "Feature", "properties": { "cluster_id": 273, "n_detections": 6, "centroid_lat": -0.10686467418078849, "centroid_lon": 117.23465301422749, "lat_min": -0.11023712640176266, "lat_max": -0.10349222195981431, "lon_min": 117.23295398268546, "lon_max": 117.236352181529, "avg_confidence": 1.0, "max_frp": 16.010000228881836, "avg_frp": 16.010000228881836, "first_date": "2026-08-17", "last_date": "2026-08-17", "province": "East Kalimantan", "regency": "Kutai Kartanegara", "extent_lat_km": 0.74956123063371993, "extent_lon_km": 0.37764118062240781 }, "geometry": { "type": "Point", "coordinates": [ 117.23465301422749, -0.106864674180788 ] } },
{ "type": "Feature", "properties": { "cluster_id": 44, "n_detections": 6, "centroid_lat": 2.7023880258906998, "centroid_lon": 117.12863494013703, "lat_min": 2.6990155736697257, "lat_max": 2.705760478111674, "lon_min": 117.12662149734342, "lon_max": 117.13064852817912, "avg_confidence": 1.0, "max_frp": 3.1800000667572021, "avg_frp": 3.1800000667572021, "first_date": "2026-08-17", "last_date": "2026-08-17", "province": "North Kalimantan", "regency": "Bulungan", "extent_lat_km": 0.74956123063371538, "extent_lon_km": 0.44702625021163001 }, "geometry": { "type": "Point", "coordinates": [ 117.128634940137033, 2.7023880258907 ] } },
{ "type": "Feature", "properties": { "cluster_id": 37, "n_detections": 6, "centroid_lat": 3.5438148550237565, "centroid_lon": 116.95390409761789, "lat_min": 3.5421286289132694, "lat_max": 3.5455010811342436, "lon_min": 116.95031202807218, "lon_max": 116.95749617948053, "avg_confidence": 1.0, "max_frp": 2.8499999046325684, "avg_frp": 2.8499999046325684, "first_date": "2026-08-17", "last_date": "2026-08-17", "province": "North Kalimantan", "regency": "Tana Tidung", "extent_lat_km": 0.37478061531685769, "extent_lon_km": 0.79684811133509503 }, "geometry": { "type": "Point", "coordinates": [ 116.953904097617894, 3.543814855023756 ] } },
{ "type": "Feature", "properties": { "cluster_id": 23, "n_detections": 6, "centroid_lat": 2.2184411321809057, "centroid_lon": 117.01694521134026, "lat_min": 2.2167549060704186, "lat_max": 2.2201273582913927, "lon_min": 117.01343682469832, "lon_max": 117.02045360567769, "avg_confidence": 1.0, "max_frp": 3.2599999904632568, "avg_frp": 3.2599999904632568, "first_date": "2026-08-17", "last_date": "2026-08-17", "province": "East Kalimantan", "regency": "Berau", "extent_lat_km": 0.37478061531685769, "extent_lon_km": 0.77919043615460137 }, "geometry": { "type": "Point", "coordinates": [ 117.016945211340257, 2.218441132180906 ] } },
{ "type": "Feature", "properties": { "cluster_id": 32, "n_detections": 6, "centroid_lat": 2.0245251294748905, "centroid_lon": 117.27392732227577, "lat_min": 2.0211526772539163, "lat_max": 2.0278975816958646, "lon_min": 117.27199610527876, "lon_max": 117.27585868206626, "avg_confidence": 1.0, "max_frp": 4.4499998092651367, "avg_frp": 4.4499998092651367, "first_date": "2026-08-17", "last_date": "2026-08-17", "province": "East Kalimantan", "regency": "Berau", "extent_lat_km": 0.74956123063371538, "extent_lon_km": 0.42898022037858313 }, "geometry": { "type": "Point", "coordinates": [ 117.273927322275767, 2.02452512947489 ] } },
{ "type": "Feature", "properties": { "cluster_id": 2, "n_detections": 6, "centroid_lat": 4.2486573692073595, "centroid_lon": 117.06884405018432, "lat_min": 4.2469711430968724, "lat_max": 4.2503435953178466, "lon_min": 117.06520635881864, "lon_max": 117.07248175633737, "avg_confidence": 1.0, "max_frp": 3.190000057220459, "avg_frp": 3.190000057220459, "first_date": "2026-08-17", "last_date": "2026-08-17", "province": "North Kalimantan", "regency": "Nunukan", "extent_lat_km": 0.37478061531685769, "extent_lon_km": 0.80629306371701104 }, "geometry": { "type": "Point", "coordinates": [ 117.068844050184325, 4.248657369207359 ] } },
{ "type": "Feature", "properties": { "cluster_id": 34, "n_detections": 6, "centroid_lat": 2.014407772811968, "centroid_lon": 117.51616383683456, "lat_min": 2.0110353205909934, "lat_max": 2.0177802250329422, "lon_min": 117.51423334938758, "lon_max": 117.51809446731696, "avg_confidence": 1.0, "max_frp": 7.190000057220459, "avg_frp": 7.190000057220459, "first_date": "2026-08-17", "last_date": "2026-08-17", "province": "East Kalimantan", "regency": "Berau", "extent_lat_km": 0.74956123063376467, "extent_lon_km": 0.42882086868309965 }, "geometry": { "type": "Point", "coordinates": [ 117.516163836834565, 2.014407772811968 ] } },
{ "type": "Feature", "properties": { "cluster_id": 164, "n_detections": 4, "centroid_lat": -0.071453925860559639, "centroid_lon": 111.6463825024903, "lat_min": -0.07314015197104673, "lat_max": -0.069767699750072548, "lon_min": 111.64469217741684, "lon_max": 111.64807282768751, "avg_confidence": 1.0, "max_frp": 8.2399997711181641, "avg_frp": 8.2399997711181641, "first_date": "2026-08-17", "last_date": "2026-08-17", "province": "West Kalimantan", "regency": "Sintang", "extent_lat_km": 0.37478061531686074, "extent_lon_km": 0.37569137242796102 }, "geometry": { "type": "Point", "coordinates": [ 111.646382502490297, -0.07145392586056 ] } },
{ "type": "Feature", "properties": { "cluster_id": 7, "n_detections": 4, "centroid_lat": 3.5303250461398599, "centroid_lon": 116.53491234433756, "lat_min": 3.5286388200293728, "lat_max": 3.5320112722503469, "lon_min": 116.53301132716931, "lon_max": 116.53681336764072, "avg_confidence": 1.0, "max_frp": 3.7599999904632568, "avg_frp": 3.7599999904632568, "first_date": "2026-08-17", "last_date": "2026-08-17", "province": "North Kalimantan", "regency": "Malinau", "extent_lat_km": 0.37478061531685769, "extent_lon_km": 0.42171895995016234 }, "geometry": { "type": "Point", "coordinates": [ 116.534912344337556, 3.53032504613986 ] } },
{ "type": "Feature", "properties": { "cluster_id": 205, "n_detections": 4, "centroid_lat": -0.78641379670708489, "centroid_lon": 109.40717547642743, "lat_min": -0.78810002281757197, "lat_max": -0.78472757059659781, "lon_min": 109.40544489495204, "lon_max": 109.40890605926532, "avg_confidence": 1.0, "max_frp": 1.1499999761581421, "avg_frp": 1.1499999761581421, "first_date": "2026-08-17", "last_date": "2026-08-17", "province": "West Kalimantan", "regency": "Kubu Raya", "extent_lat_km": 0.37478061531685769, "extent_lon_km": 0.38460295968696606 }, "geometry": { "type": "Point", "coordinates": [ 109.407175476427426, -0.786413796707085 ] } },
{ "type": "Feature", "properties": { "cluster_id": 97, "n_detections": 4, "centroid_lat": 1.4562669302407421, "centroid_lon": 117.26557921900054, "lat_min": 1.4545807041302548, "lat_max": 1.4579531563512291, "lon_min": 117.26380471379521, "lon_max": 117.26735372672989, "avg_confidence": 1.0, "max_frp": 6.6599998474121094, "avg_frp": 6.6599998474121094, "first_date": "2026-08-17", "last_date": "2026-08-17", "province": "East Kalimantan", "regency": "Berau", "extent_lat_km": 0.37478061531688234, "extent_lon_km": 0.39427442127589307 }, "geometry": { "type": "Point", "coordinates": [ 117.265579219000543, 1.456266930240742 ] } },
{ "type": "Feature", "properties": { "cluster_id": 56, "n_detections": 4, "centroid_lat": 2.3297320554730532, "centroid_lon": 118.00985469136063, "lat_min": 2.3280458293625661, "lat_max": 2.3314182815835403, "lon_min": 118.00802577492064, "lon_max": 118.01168361184193, "avg_confidence": 1.0, "max_frp": 1.7000000476837158, "avg_frp": 1.7000000476837158, "first_date": "2026-08-17", "last_date": "2026-08-17", "province": "East Kalimantan", "regency": "Berau", "extent_lat_km": 0.37478061531685769, "extent_lon_km": 0.40615942230199081 }, "geometry": { "type": "Point", "coordinates": [ 118.00985469136063, 2.329732055473053 ] } },
{ "type": "Feature", "properties": { "cluster_id": 52, "n_detections": 4, "centroid_lat": 2.4612576920910461, "centroid_lon": 117.8524095884195, "lat_min": 2.459571465980559, "lat_max": 2.4629439182015331, "lon_min": 117.85057272264903, "lon_max": 117.85424645846011, "avg_confidence": 1.0, "max_frp": 2.5499999523162842, "avg_frp": 2.5499999523162842, "first_date": "2026-08-17", "last_date": "2026-08-17", "province": "North Kalimantan", "regency": "Bulungan", "extent_lat_km": 0.37478061531685769, "extent_lon_km": 0.40788563376079368 }, "geometry": { "type": "Point", "coordinates": [ 117.852409588419505, 2.461257692091046 ] } },
{ "type": "Feature", "properties": { "cluster_id": 203, "n_detections": 4, "centroid_lat": -0.63465344676324698, "centroid_lon": 114.73238305287832, "lat_min": -0.63633967287373405, "lat_max": -0.6329672206527599, "lon_min": 114.7306593204756, "lon_max": 114.73410678638055, "avg_confidence": 1.0, "max_frp": 13.590000152587891, "avg_frp": 13.590000152587891, "first_date": "2026-08-17", "last_date": "2026-08-17", "province": "Central Kalimantan", "regency": "Murung Raya", "extent_lat_km": 0.37478061531685769, "extent_lon_km": 0.38309338293222456 }, "geometry": { "type": "Point", "coordinates": [ 114.732383052878319, -0.634653446763247 ] } },
{ "type": "Feature", "properties": { "cluster_id": 251, "n_detections": 4, "centroid_lat": -0.11529580473322393, "centroid_lon": 116.40168898934633, "lat_min": -0.116982030843711, "lat_max": -0.11360957862273684, "lon_min": 116.39999586635525, "lon_max": 116.40338211253713, "avg_confidence": 1.0, "max_frp": 3.130000114440918, "avg_frp": 3.130000114440918, "first_date": "2026-08-17", "last_date": "2026-08-17", "province": "East Kalimantan", "regency": "Kutai Kartanegara", "extent_lat_km": 0.37478061531685924, "extent_lon_km": 0.37631277628575144 }, "geometry": { "type": "Point", "coordinates": [ 116.401688989346326, -0.115295804733224 ] } },
{ "type": "Feature", "properties": { "cluster_id": 39, "n_detections": 4, "centroid_lat": 2.8018753664094378, "centroid_lon": 117.44904885172375, "lat_min": 2.8001891402989512, "lat_max": 2.8035615925199249, "lon_min": 117.44719144296837, "lon_max": 117.45090626534243, "avg_confidence": 1.0, "max_frp": 13.039999961853027, "avg_frp": 13.039999961853027, "first_date": "2026-08-17", "last_date": "2026-08-17", "province": "North Kalimantan", "regency": "Bulungan", "extent_lat_km": 0.37478061531680834, "extent_lon_km": 0.41233468994429034 }, "geometry": { "type": "Point", "coordinates": [ 117.449048851723745, 2.801875366409438 ] } },
{ "type": "Feature", "properties": { "cluster_id": 253, "n_detections": 4, "centroid_lat": -0.327760294654597, "centroid_lon": 116.13018480718559, "lat_min": -0.32944652076508407, "lat_max": -0.32607406854410992, "lon_min": 116.1284790024182, "lon_max": 116.13189061252076, "avg_confidence": 1.0, "max_frp": 3.5399999618530273, "avg_frp": 3.5399999618530273, "first_date": "2026-08-17", "last_date": "2026-08-17", "province": "East Kalimantan", "regency": "Kutai Barat", "extent_lat_km": 0.37478061531685769, "extent_lon_km": 0.37912602733811579 }, "geometry": { "type": "Point", "coordinates": [ 116.130184807185586, -0.327760294654597 ] } },
{ "type": "Feature", "properties": { "cluster_id": 22, "n_detections": 4, "centroid_lat": 2.2285584888438281, "centroid_lon": 117.5256857280398, "lat_min": 2.226872262733341, "lat_max": 2.2302447149543152, "lon_min": 117.52386362709757, "lon_max": 117.52750783284739, "avg_confidence": 1.0, "max_frp": 4.0300002098083496, "avg_frp": 4.0300002098083496, "first_date": "2026-08-17", "last_date": "2026-08-17", "province": "East Kalimantan", "regency": "Berau", "extent_lat_km": 0.37478061531685769, "extent_lon_km": 0.40467428126366539 }, "geometry": { "type": "Point", "coordinates": [ 117.525685728039804, 2.228558488843828 ] } },
{ "type": "Feature", "properties": { "cluster_id": 330, "n_detections": 3, "centroid_lat": -1.8841469946341789, "centroid_lon": 110.61511138483799, "lat_min": -1.887519446855153, "lat_max": -1.880774542413205, "lon_min": 110.6148972651702, "lon_max": 110.61532563252598, "avg_confidence": 1.0, "max_frp": 1.4500000476837158, "avg_frp": 1.4500000476837158, "first_date": "2026-08-17", "last_date": "2026-08-17", "province": "West Kalimantan", "regency": "Ketapang", "extent_lat_km": 0.74956123063369073, "extent_lon_km": 0.047578726956031103 }, "geometry": { "type": "Point", "coordinates": [ 110.615111384837988, -1.884146994634179 ] } }
]
}
